<?xml version="1.0" encoding="UTF-8"?>
<gpx xmlns:xsi="http://www.w3.org/2001/XMLSchema-instance" xmlns="http://www.topografix.com/GPX/1/1" xsi:schemaLocation="http://www.topografix.com/GPX/1/1 http://www.topografix.com/GPX/1/1/gpx.xsd" version="1.1" creator="Open GPX Tracker for iOS">
	<trk>
		<trkseg>
			<trkpt lat="59.94480423169205" lon="30.360042694984337">
				<ele>13.13934326171875</ele>
				<time>2022-09-07T14:33:07Z</time>
			</trkpt>
			<trkpt lat="59.944798348466726" lon="30.36013718793915">
				<ele>10.470331297256052</ele>
				<time>2022-09-07T14:33:09Z</time>
			</trkpt>
			<trkpt lat="59.94481932421084" lon="30.360118431972793">
				<ele>16.574594588950276</ele>
				<time>2022-09-07T14:33:09Z</time>
			</trkpt>
			<trkpt lat="59.944786378238604" lon="30.36005945879068">
				<ele>20.627872542478144</ele>
				<time>2022-09-07T14:33:10Z</time>
			</trkpt>
			<trkpt lat="59.944795776551246" lon="30.36006133002343">
				<ele>22.540672397240996</ele>
				<time>2022-09-07T14:33:12Z</time>
			</trkpt>
			<trkpt lat="59.94482195225038" lon="30.360075076989286">
				<ele>22.55107317864895</ele>
				<time>2022-09-07T14:33:15Z</time>
			</trkpt>
			<trkpt lat="59.94484184628594" lon="30.36008609882721">
				<ele>17.238475980237126</ele>
				<time>2022-09-07T14:33:16Z</time>
			</trkpt>
			<trkpt lat="59.94486062704706" lon="30.360098328161992">
				<ele>13.248634518124163</ele>
				<time>2022-09-07T14:33:17Z</time>
			</trkpt>
			<trkpt lat="59.94487834313274" lon="30.360109924274667">
				<ele>11.576166333630681</ele>
				<time>2022-09-07T14:33:18Z</time>
			</trkpt>
			<trkpt lat="59.94489888729983" lon="30.36012853536627">
				<ele>10.090234979055822</ele>
				<time>2022-09-07T14:33:19Z</time>
			</trkpt>
			<trkpt lat="59.94491577466863" lon="30.36014121344079">
				<ele>10.572250578552485</ele>
				<time>2022-09-07T14:33:20Z</time>
			</trkpt>
			<trkpt lat="59.94493986635131" lon="30.36016541247703">
				<ele>8.98707598913461</ele>
				<time>2022-09-07T14:33:22Z</time>
			</trkpt>
			<trkpt lat="59.944956592057665" lon="30.36018135343039">
				<ele>6.533670536242425</ele>
				<time>2022-09-07T14:33:25Z</time>
			</trkpt>
			<trkpt lat="59.94496828890554" lon="30.360225461138917">
				<ele>5.925115706399083</ele>
				<time>2022-09-07T14:33:27Z</time>
			</trkpt>
			<trkpt lat="59.94498116046293" lon="30.360409347405284">
				<ele>10.986949945800006</ele>
				<time>2022-09-07T14:33:28Z</time>
			</trkpt>
			<trkpt lat="59.94501014210944" lon="30.360407975884176">
				<ele>10.851526693440974</ele>
				<time>2022-09-07T14:33:29Z</time>
			</trkpt>
			<trkpt lat="59.9450491899119" lon="30.36037729209462">
				<ele>10.206744864583015</ele>
				<time>2022-09-07T14:33:30Z</time>
			</trkpt>
			<trkpt lat="59.94506967105512" lon="30.360381342213987">
				<ele>8.479458486661315</ele>
				<time>2022-09-07T14:33:32Z</time>
			</trkpt>
			<trkpt lat="59.94509616088681" lon="30.36037352652853">
				<ele>7.778691785410047</ele>
				<time>2022-09-07T14:33:33Z</time>
			</trkpt>
			<trkpt lat="59.94508274177662" lon="30.360417606530916">
				<ele>7.0538917677477</ele>
				<time>2022-09-07T14:33:35Z</time>
			</trkpt>
			<trkpt lat="59.9450757755916" lon="30.360451545437538">
				<ele>8.445784643292427</ele>
				<time>2022-09-07T14:33:36Z</time>
			</trkpt>
			<trkpt lat="59.94507280579314" lon="30.36049434270242">
				<ele>8.294087314978242</ele>
				<time>2022-09-07T14:33:37Z</time>
			</trkpt>
			<trkpt lat="59.94505750749774" lon="30.360513593376062">
				<ele>4.747071570716798</ele>
				<time>2022-09-07T14:33:39Z</time>
			</trkpt>
			<trkpt lat="59.945051739239744" lon="30.360554123672724">
				<ele>3.864023933187127</ele>
				<time>2022-09-07T14:33:40Z</time>
			</trkpt>
			<trkpt lat="59.94503862386647" lon="30.360611131222026">
				<ele>3.1838958095759153</ele>
				<time>2022-09-07T14:33:42Z</time>
			</trkpt>
			<trkpt lat="59.9450385193285" lon="30.36065605469681">
				<ele>1.941067493520677</ele>
				<time>2022-09-07T14:33:44Z</time>
			</trkpt>
			<trkpt lat="59.94503460746273" lon="30.360704678881145">
				<ele>1.2607810478657484</ele>
				<time>2022-09-07T14:33:46Z</time>
			</trkpt>
			<trkpt lat="59.94502790560507" lon="30.360750145589172">
				<ele>-0.19104985520243645</ele>
				<time>2022-09-07T14:33:48Z</time>
			</trkpt>
			<trkpt lat="59.94502009430467" lon="30.360803691923145">
				<ele>-0.7700580675154924</ele>
				<time>2022-09-07T14:33:50Z</time>
			</trkpt>
			<trkpt lat="59.94502034010459" lon="30.36085542106604">
				<ele>-0.32398219406604767</ele>
				<time>2022-09-07T14:33:52Z</time>
			</trkpt>
			<trkpt lat="59.945013702225445" lon="30.360911180453613">
				<ele>-0.6306807659566402</ele>
				<time>2022-09-07T14:33:54Z</time>
			</trkpt>
			<trkpt lat="59.94501689787722" lon="30.360950626085888">
				<ele>-2.0278820376843214</ele>
				<time>2022-09-07T14:33:55Z</time>
			</trkpt>
			<trkpt lat="59.945017001446885" lon="30.36100345504426">
				<ele>-0.7098545338958502</ele>
				<time>2022-09-07T14:33:57Z</time>
			</trkpt>
			<trkpt lat="59.94502345723938" lon="30.361044287713103">
				<ele>-0.05219619907438755</ele>
				<time>2022-09-07T14:33:59Z</time>
			</trkpt>
			<trkpt lat="59.94501204671564" lon="30.36109977928243">
				<ele>-1.5027942974120378</ele>
				<time>2022-09-07T14:34:01Z</time>
			</trkpt>
			<trkpt lat="59.945010185060944" lon="30.36114631692588">
				<ele>-1.2690742714330554</ele>
				<time>2022-09-07T14:34:03Z</time>
			</trkpt>
			<trkpt lat="59.94500628521223" lon="30.361183471354096">
				<ele>-1.3877061055973172</ele>
				<time>2022-09-07T14:34:04Z</time>
			</trkpt>
			<trkpt lat="59.945007469417305" lon="30.36123801667714">
				<ele>-1.6693702433258295</ele>
				<time>2022-09-07T14:34:07Z</time>
			</trkpt>
			<trkpt lat="59.945017802380576" lon="30.361277699011158">
				<ele>-2.3443524139001966</ele>
				<time>2022-09-07T14:34:08Z</time>
			</trkpt>
			<trkpt lat="59.94501086713425" lon="30.361333276464403">
				<ele>-1.8002171143889427</ele>
				<time>2022-09-07T14:34:10Z</time>
			</trkpt>
			<trkpt lat="59.945004905515994" lon="30.361388667606498">
				<ele>-1.3748595425859094</ele>
				<time>2022-09-07T14:34:12Z</time>
			</trkpt>
			<trkpt lat="59.944995027003564" lon="30.361447922972012">
				<ele>-1.3781735841184855</ele>
				<time>2022-09-07T14:34:14Z</time>
			</trkpt>
			<trkpt lat="59.944987275537216" lon="30.361505737932053">
				<ele>-2.8055193657055497</ele>
				<time>2022-09-07T14:34:16Z</time>
			</trkpt>
			<trkpt lat="59.944975589466566" lon="30.36154045480611">
				<ele>-4.692212085239589</ele>
				<time>2022-09-07T14:34:17Z</time>
			</trkpt>
			<trkpt lat="59.94497386460885" lon="30.361578887471758">
				<ele>-3.8056061323732138</ele>
				<time>2022-09-07T14:34:19Z</time>
			</trkpt>
			<trkpt lat="59.9449775180525" lon="30.361626133920662">
				<ele>-1.6899839844554663</ele>
				<time>2022-09-07T14:34:21Z</time>
			</trkpt>
			<trkpt lat="59.9450001375556" lon="30.3616577159299">
				<ele>-3.090290943160653</ele>
				<time>2022-09-07T14:34:23Z</time>
			</trkpt>
			<trkpt lat="59.94502763686548" lon="30.361654723267215">
				<ele>-3.1599902380257845</ele>
				<time>2022-09-07T14:34:24Z</time>
			</trkpt>
			<trkpt lat="59.94506436058894" lon="30.361651410254186">
				<ele>-2.2660689493641257</ele>
				<time>2022-09-07T14:34:25Z</time>
			</trkpt>
			<trkpt lat="59.945096580873795" lon="30.361633626018033">
				<ele>-0.5946689881384373</ele>
				<time>2022-09-07T14:34:27Z</time>
			</trkpt>
			<trkpt lat="59.94511884570373" lon="30.36162374254711">
				<ele>0.26884844340384007</ele>
				<time>2022-09-07T14:34:28Z</time>
			</trkpt>
			<trkpt lat="59.94514539760493" lon="30.361629053196747">
				<ele>0.19562628027051687</ele>
				<time>2022-09-07T14:34:30Z</time>
			</trkpt>
			<trkpt lat="59.94516626605506" lon="30.36162919018141">
				<ele>2.456984589807689</ele>
				<time>2022-09-07T14:34:31Z</time>
			</trkpt>
			<trkpt lat="59.94518949850469" lon="30.361606237567138">
				<ele>2.6872622976079583</ele>
				<time>2022-09-07T14:34:33Z</time>
			</trkpt>
			<trkpt lat="59.94523832991825" lon="30.361602854364065">
				<ele>0.8710531545802951</ele>
				<time>2022-09-07T14:34:35Z</time>
			</trkpt>
			<trkpt lat="59.945276979243204" lon="30.361610657367308">
				<ele>3.153367957100272</ele>
				<time>2022-09-07T14:34:37Z</time>
			</trkpt>
			<trkpt lat="59.94529534414387" lon="30.361628239496227">
				<ele>3.2811404382809997</ele>
				<time>2022-09-07T14:34:38Z</time>
			</trkpt>
			<trkpt lat="59.94531151411441" lon="30.361664676779515">
				<ele>2.571737219579518</ele>
				<time>2022-09-07T14:34:40Z</time>
			</trkpt>
			<trkpt lat="59.945317806367" lon="30.36172041679488">
				<ele>0.5777267748489976</ele>
				<time>2022-09-07T14:34:42Z</time>
			</trkpt>
			<trkpt lat="59.94530822458274" lon="30.36178481592918">
				<ele>1.7869294760748744</ele>
				<time>2022-09-07T14:34:44Z</time>
			</trkpt>
			<trkpt lat="59.94530659440072" lon="30.361827721295743">
				<ele>1.9964910075068474</ele>
				<time>2022-09-07T14:34:46Z</time>
			</trkpt>
			<trkpt lat="59.94530637672145" lon="30.361869891382522">
				<ele>2.456726257689297</ele>
				<time>2022-09-07T14:34:47Z</time>
			</trkpt>
			<trkpt lat="59.945307621433905" lon="30.36191122830884">
				<ele>1.9465194828808308</ele>
				<time>2022-09-07T14:34:50Z</time>
			</trkpt>
			<trkpt lat="59.94528875454996" lon="30.3619598234575">
				<ele>1.097791351377964</ele>
				<time>2022-09-07T14:34:52Z</time>
			</trkpt>
			<trkpt lat="59.945280203346776" lon="30.36200371082539">
				<ele>1.4885888760909438</ele>
				<time>2022-09-07T14:34:54Z</time>
			</trkpt>
			<trkpt lat="59.94526297513195" lon="30.362043946671445">
				<ele>1.6733602387830615</ele>
				<time>2022-09-07T14:34:56Z</time>
			</trkpt>
			<trkpt lat="59.945246531910485" lon="30.36206516423205">
				<ele>2.164273955859244</ele>
				<time>2022-09-07T14:34:57Z</time>
			</trkpt>
			<trkpt lat="59.94524953933194" lon="30.362117393116133">
				<ele>2.5671301586553454</ele>
				<time>2022-09-07T14:35:00Z</time>
			</trkpt>
			<trkpt lat="59.94524406211858" lon="30.362152854021428">
				<ele>2.4080145116895437</ele>
				<time>2022-09-07T14:35:02Z</time>
			</trkpt>
			<trkpt lat="59.94523560106056" lon="30.362200906976504">
				<ele>1.4598682830110192</ele>
				<time>2022-09-07T14:35:04Z</time>
			</trkpt>
			<trkpt lat="59.94522658388308" lon="30.36226518067758">
				<ele>0.1554324384778738</ele>
				<time>2022-09-07T14:35:06Z</time>
			</trkpt>
			<trkpt lat="59.94521916585941" lon="30.36230885009693">
				<ele>1.937588077969849</ele>
				<time>2022-09-07T14:35:08Z</time>
			</trkpt>
			<trkpt lat="59.94521936096633" lon="30.362400283960724">
				<ele>2.7965558944270015</ele>
				<time>2022-09-07T14:35:10Z</time>
			</trkpt>
			<trkpt lat="59.94523836676314" lon="30.362425571101234">
				<ele>3.776952527463436</ele>
				<time>2022-09-07T14:35:12Z</time>
			</trkpt>
			<trkpt lat="59.945258553535886" lon="30.36245592622192">
				<ele>0.9249174809083343</ele>
				<time>2022-09-07T14:35:14Z</time>
			</trkpt>
			<trkpt lat="59.94527525688052" lon="30.362488294200165">
				<ele>1.4373414842411876</ele>
				<time>2022-09-07T14:35:16Z</time>
			</trkpt>
			<trkpt lat="59.945286381786914" lon="30.362547824200306">
				<ele>-0.48411931563168764</ele>
				<time>2022-09-07T14:35:19Z</time>
			</trkpt>
			<trkpt lat="59.94528928214151" lon="30.362613163732615">
				<ele>-0.8410728853195906</ele>
				<time>2022-09-07T14:35:21Z</time>
			</trkpt>
			<trkpt lat="59.94528885193395" lon="30.36268558429315">
				<ele>1.8943581515923142</ele>
				<time>2022-09-07T14:35:23Z</time>
			</trkpt>
			<trkpt lat="59.945298570651424" lon="30.362729857249015">
				<ele>1.2990320827811956</ele>
				<time>2022-09-07T14:35:25Z</time>
			</trkpt>
			<trkpt lat="59.94530189273415" lon="30.362786280534834">
				<ele>-0.9121372308582067</ele>
				<time>2022-09-07T14:35:28Z</time>
			</trkpt>
			<trkpt lat="59.94530133406053" lon="30.362834683473338">
				<ele>-0.7860051011666656</ele>
				<time>2022-09-07T14:35:30Z</time>
			</trkpt>
			<trkpt lat="59.94528699966872" lon="30.36289397486839">
				<ele>1.989343167282641</ele>
				<time>2022-09-07T14:35:32Z</time>
			</trkpt>
			<trkpt lat="59.945288310596105" lon="30.3629359476172">
				<ele>-4.065132398158312</ele>
				<time>2022-09-07T14:35:35Z</time>
			</trkpt>
			<trkpt lat="59.94529318925032" lon="30.362970754228215">
				<ele>-3.812622658908367</ele>
				<time>2022-09-07T14:35:38Z</time>
			</trkpt>
			<trkpt lat="59.9452782579327" lon="30.36302661213367">
				<ele>1.0538340518251061</ele>
				<time>2022-09-07T14:35:39Z</time>
			</trkpt>
			<trkpt lat="59.94526888944202" lon="30.363074052823173">
				<ele>0.12119988724589348</ele>
				<time>2022-09-07T14:35:42Z</time>
			</trkpt>
			<trkpt lat="59.94525973340707" lon="30.363149326333673">
				<ele>1.0004661148414016</ele>
				<time>2022-09-07T14:35:44Z</time>
			</trkpt>
			<trkpt lat="59.945277119672845" lon="30.363170836404844">
				<ele>-1.141911966726184</ele>
				<time>2022-09-07T14:35:46Z</time>
			</trkpt>
			<trkpt lat="59.94529017802725" lon="30.363228610565972">
				<ele>0.6470465194433928</ele>
				<time>2022-09-07T14:35:48Z</time>
			</trkpt>
			<trkpt lat="59.94529429475063" lon="30.363271622148016">
				<ele>1.3010859163478017</ele>
				<time>2022-09-07T14:35:52Z</time>
			</trkpt>
			<trkpt lat="59.94530736046449" lon="30.363301360352686">
				<ele>0.24915967136621475</ele>
				<time>2022-09-07T14:35:53Z</time>
			</trkpt>
			<trkpt lat="59.945303517364316" lon="30.36336074254158">
				<ele>-2.3083134153857827</ele>
				<time>2022-09-07T14:35:56Z</time>
			</trkpt>
			<trkpt lat="59.945309433360535" lon="30.36340667466767">
				<ele>-2.5103682512417436</ele>
				<time>2022-09-07T14:35:58Z</time>
			</trkpt>
			<trkpt lat="59.945297207934146" lon="30.36345041997332">
				<ele>-1.044775079935789</ele>
				<time>2022-09-07T14:36:00Z</time>
			</trkpt>
			<trkpt lat="59.945298567346576" lon="30.363493968924658">
				<ele>-0.09306819085031748</ele>
				<time>2022-09-07T14:36:01Z</time>
			</trkpt>
			<trkpt lat="59.94531314534462" lon="30.363531091256856">
				<ele>-2.007699397392571</ele>
				<time>2022-09-07T14:36:03Z</time>
			</trkpt>
			<trkpt lat="59.94530851814546" lon="30.363580508086464">
				<ele>-2.374731458723545</ele>
				<time>2022-09-07T14:36:06Z</time>
			</trkpt>
			<trkpt lat="59.94529471895738" lon="30.363637855834753">
				<ele>0.6239654365926981</ele>
				<time>2022-09-07T14:36:08Z</time>
			</trkpt>
			<trkpt lat="59.94528239434132" lon="30.363674363570514">
				<ele>0.0583814000710845</ele>
				<time>2022-09-07T14:36:09Z</time>
			</trkpt>
			<trkpt lat="59.94528420141585" lon="30.363712381115686">
				<ele>0.4931943975389004</ele>
				<time>2022-09-07T14:36:10Z</time>
			</trkpt>
			<trkpt lat="59.945276471956745" lon="30.36374748277684">
				<ele>1.332218180410564</ele>
				<time>2022-09-07T14:36:11Z</time>
			</trkpt>
			<trkpt lat="59.945289335385645" lon="30.363785537656508">
				<ele>2.5975986886769533</ele>
				<time>2022-09-07T14:36:13Z</time>
			</trkpt>
			<trkpt lat="59.94528914221061" lon="30.363842607489044">
				<ele>-1.1845093397423625</ele>
				<time>2022-09-07T14:36:17Z</time>
			</trkpt>
			<trkpt lat="59.94529822649443" lon="30.363904902206507">
				<ele>0.21082431077957153</ele>
				<time>2022-09-07T14:36:20Z</time>
			</trkpt>
			<trkpt lat="59.945289067332126" lon="30.36395963877513">
				<ele>-0.1538102775812149</ele>
				<time>2022-09-07T14:36:22Z</time>
			</trkpt>
			<trkpt lat="59.94528677794809" lon="30.364000838907057">
				<ele>-0.3159585678949952</ele>
				<time>2022-09-07T14:36:24Z</time>
			</trkpt>
			<trkpt lat="59.945285296572536" lon="30.364054555543504">
				<ele>2.0298945559188724</ele>
				<time>2022-09-07T14:36:26Z</time>
			</trkpt>
			<trkpt lat="59.945290635366625" lon="30.364098907730227">
				<ele>-0.6851473627611995</ele>
				<time>2022-09-07T14:36:28Z</time>
			</trkpt>
			<trkpt lat="59.94530296473495" lon="30.36414075924594">
				<ele>-2.1909597385674715</ele>
				<time>2022-09-07T14:36:31Z</time>
			</trkpt>
			<trkpt lat="59.94529959424954" lon="30.364176210758394">
				<ele>-1.83213344309479</ele>
				<time>2022-09-07T14:36:33Z</time>
			</trkpt>
			<trkpt lat="59.94529688616944" lon="30.364220811715622">
				<ele>-1.5806803349405527</ele>
				<time>2022-09-07T14:36:35Z</time>
			</trkpt>
			<trkpt lat="59.945275246900714" lon="30.364303912420116">
				<ele>1.2423386527225375</ele>
				<time>2022-09-07T14:36:37Z</time>
			</trkpt>
			<trkpt lat="59.94526779104878" lon="30.364351113788945">
				<ele>-2.2314874352887273</ele>
				<time>2022-09-07T14:36:40Z</time>
			</trkpt>
			<trkpt lat="59.94527590374037" lon="30.36439741292966">
				<ele>-2.3007666748017073</ele>
				<time>2022-09-07T14:36:42Z</time>
			</trkpt>
			<trkpt lat="59.94527667997251" lon="30.364447676170546">
				<ele>0.8122618943452835</ele>
				<time>2022-09-07T14:36:44Z</time>
			</trkpt>
			<trkpt lat="59.94526848025403" lon="30.36449331608471">
				<ele>1.0270658591762185</ele>
				<time>2022-09-07T14:36:46Z</time>
			</trkpt>
			<trkpt lat="59.94525632399719" lon="30.36457763494894">
				<ele>4.0587591445073485</ele>
				<time>2022-09-07T14:36:49Z</time>
			</trkpt>
			<trkpt lat="59.945277477883884" lon="30.364606675931277">
				<ele>-2.9000778943300247</ele>
				<time>2022-09-07T14:36:51Z</time>
			</trkpt>
			<trkpt lat="59.94528004595775" lon="30.36465944321228">
				<ele>-3.058895733207464</ele>
				<time>2022-09-07T14:36:53Z</time>
			</trkpt>
			<trkpt lat="59.94525788179028" lon="30.36470123837041">
				<ele>1.3610516963526607</ele>
				<time>2022-09-07T14:36:54Z</time>
			</trkpt>
			<trkpt lat="59.945247449794444" lon="30.364746371036762">
				<ele>0.053119014017283916</ele>
				<time>2022-09-07T14:36:55Z</time>
			</trkpt>
			<trkpt lat="59.945232015839885" lon="30.364778566142583">
				<ele>-0.05096531193703413</ele>
				<time>2022-09-07T14:36:57Z</time>
			</trkpt>
			<trkpt lat="59.94527351239354" lon="30.36475514130915">
				<ele>-3.195748553611338</ele>
				<time>2022-09-07T14:37:02Z</time>
			</trkpt>
			<trkpt lat="59.94526252775477" lon="30.36478761060122">
				<ele>-0.6316674016416073</ele>
				<time>2022-09-07T14:37:04Z</time>
			</trkpt>
			<trkpt lat="59.94526542194931" lon="30.364823738699176">
				<ele>-0.1406774865463376</ele>
				<time>2022-09-07T14:37:06Z</time>
			</trkpt>
			<trkpt lat="59.94534187870103" lon="30.36488150964344">
				<ele>1.364100088365376</ele>
				<time>2022-09-07T14:37:07Z</time>
			</trkpt>
			<trkpt lat="59.945300022121856" lon="30.36490899549296">
				<ele>-1.8496580179780722</ele>
				<time>2022-09-07T14:37:08Z</time>
			</trkpt>
			<trkpt lat="59.9453011037459" lon="30.364947562417434">
				<ele>-3.462016172707081</ele>
				<time>2022-09-07T14:37:10Z</time>
			</trkpt>
			<trkpt lat="59.94528266590143" lon="30.365028621208783">
				<ele>-3.932612407952547</ele>
				<time>2022-09-07T14:37:12Z</time>
			</trkpt>
			<trkpt lat="59.94527864973014" lon="30.36506403459872">
				<ele>-3.076094850897789</ele>
				<time>2022-09-07T14:37:13Z</time>
			</trkpt>
			<trkpt lat="59.94528385462822" lon="30.36501575092468">
				<ele>-7.437988253310323</ele>
				<time>2022-09-07T14:37:16Z</time>
			</trkpt>
			<trkpt lat="59.9452868103591" lon="30.365051137794367">
				<ele>-5.114041583612561</ele>
				<time>2022-09-07T14:37:20Z</time>
			</trkpt>
			<trkpt lat="59.945293427350165" lon="30.36510010744084">
				<ele>-4.002087416127324</ele>
				<time>2022-09-07T14:37:22Z</time>
			</trkpt>
			<trkpt lat="59.945293150832384" lon="30.36514382615782">
				<ele>-3.3633414562791586</ele>
				<time>2022-09-07T14:37:23Z</time>
			</trkpt>
			<trkpt lat="59.94528973981988" lon="30.365199659288656">
				<ele>-0.12729577347636223</ele>
				<time>2022-09-07T14:37:25Z</time>
			</trkpt>
			<trkpt lat="59.94530576718821" lon="30.365236843619144">
				<ele>-5.183365998789668</ele>
				<time>2022-09-07T14:37:28Z</time>
			</trkpt>
			<trkpt lat="59.945307663007085" lon="30.365289103166575">
				<ele>-4.9933554334566</ele>
				<time>2022-09-07T14:37:31Z</time>
			</trkpt>
			<trkpt lat="59.94529795730688" lon="30.365341643804044">
				<ele>-2.303244538605213</ele>
				<time>2022-09-07T14:37:33Z</time>
			</trkpt>
			<trkpt lat="59.94529343241253" lon="30.365400930386038">
				<ele>-1.8165556797757745</ele>
				<time>2022-09-07T14:37:35Z</time>
			</trkpt>
			<trkpt lat="59.94528603417486" lon="30.365455522206716">
				<ele>-2.26522019226104</ele>
				<time>2022-09-07T14:37:37Z</time>
			</trkpt>
			<trkpt lat="59.945279377507724" lon="30.365503992189904">
				<ele>-1.6543694697320461</ele>
				<time>2022-09-07T14:37:39Z</time>
			</trkpt>
			<trkpt lat="59.94526942499039" lon="30.365563546904177">
				<ele>1.0200121449306607</ele>
				<time>2022-09-07T14:37:41Z</time>
			</trkpt>
			<trkpt lat="59.945277408374736" lon="30.36561548695347">
				<ele>-2.4519558092579246</ele>
				<time>2022-09-07T14:37:44Z</time>
			</trkpt>
			<trkpt lat="59.94528484795331" lon="30.36565202275135">
				<ele>-4.114905589260161</ele>
				<time>2022-09-07T14:37:46Z</time>
			</trkpt>
			<trkpt lat="59.945274222347436" lon="30.36570367802689">
				<ele>-2.7759298533201218</ele>
				<time>2022-09-07T14:37:48Z</time>
			</trkpt>
			<trkpt lat="59.94527624816957" lon="30.36574984370196">
				<ele>-1.3713967464864254</ele>
				<time>2022-09-07T14:37:50Z</time>
			</trkpt>
			<trkpt lat="59.94527826285584" lon="30.365787871506207">
				<ele>-2.348644630983472</ele>
				<time>2022-09-07T14:37:52Z</time>
			</trkpt>
			<trkpt lat="59.94527577926506" lon="30.365833152328417">
				<ele>-1.460924755781889</ele>
				<time>2022-09-07T14:37:54Z</time>
			</trkpt>
			<trkpt lat="59.945282196350874" lon="30.365880440702465">
				<ele>-1.912852630019188</ele>
				<time>2022-09-07T14:37:56Z</time>
			</trkpt>
			<trkpt lat="59.94529395279316" lon="30.365915575722724">
				<ele>-4.041290204040706</ele>
				<time>2022-09-07T14:37:58Z</time>
			</trkpt>
			<trkpt lat="59.94529298968775" lon="30.36596008775198">
				<ele>-4.35991510655731</ele>
				<time>2022-09-07T14:38:01Z</time>
			</trkpt>
			<trkpt lat="59.945284374340716" lon="30.366025650981214">
				<ele>-3.00510760769248</ele>
				<time>2022-09-07T14:38:04Z</time>
			</trkpt>
			<trkpt lat="59.94528116891636" lon="30.36606493571589">
				<ele>-2.6391414711251855</ele>
				<time>2022-09-07T14:38:05Z</time>
			</trkpt>
			<trkpt lat="59.94527683004129" lon="30.36611763651379">
				<ele>-0.3623713096603751</ele>
				<time>2022-09-07T14:38:07Z</time>
			</trkpt>
			<trkpt lat="59.94527990153351" lon="30.366160795964387">
				<ele>-2.938187498599291</ele>
				<time>2022-09-07T14:38:09Z</time>
			</trkpt>
			<trkpt lat="59.94526652131177" lon="30.36619907668497">
				<ele>-3.034309910610318</ele>
				<time>2022-09-07T14:38:11Z</time>
			</trkpt>
			<trkpt lat="59.94526708732823" lon="30.366251483827636">
				<ele>-2.4194818995893</ele>
				<time>2022-09-07T14:38:13Z</time>
			</trkpt>
			<trkpt lat="59.94526254889376" lon="30.366294625859464">
				<ele>-0.8010680954903364</ele>
				<time>2022-09-07T14:38:15Z</time>
			</trkpt>
			<trkpt lat="59.945268320836526" lon="30.36633883002639">
				<ele>-1.0210866276174784</ele>
				<time>2022-09-07T14:38:17Z</time>
			</trkpt>
			<trkpt lat="59.9452750924" lon="30.366397131727794">
				<ele>-0.09397543966770172</ele>
				<time>2022-09-07T14:38:19Z</time>
			</trkpt>
			<trkpt lat="59.94526101074979" lon="30.36646260949949">
				<ele>3.0418614335358143</ele>
				<time>2022-09-07T14:38:21Z</time>
			</trkpt>
			<trkpt lat="59.94526044564354" lon="30.36650308590232">
				<ele>-1.7283377861604095</ele>
				<time>2022-09-07T14:38:24Z</time>
			</trkpt>
			<trkpt lat="59.9452727827222" lon="30.366552821597132">
				<ele>-1.2547729136422276</ele>
				<time>2022-09-07T14:38:26Z</time>
			</trkpt>
			<trkpt lat="59.945274631303846" lon="30.36659398046035">
				<ele>-1.825362448580563</ele>
				<time>2022-09-07T14:38:28Z</time>
			</trkpt>
			<trkpt lat="59.945264047482524" lon="30.366662107982993">
				<ele>3.10847332701087</ele>
				<time>2022-09-07T14:38:30Z</time>
			</trkpt>
			<trkpt lat="59.94525820751945" lon="30.366710364489137">
				<ele>2.3106481237336993</ele>
				<time>2022-09-07T14:38:32Z</time>
			</trkpt>
			<trkpt lat="59.94526085511963" lon="30.366754020245587">
				<ele>1.049948233179748</ele>
				<time>2022-09-07T14:38:34Z</time>
			</trkpt>
			<trkpt lat="59.94526572458506" lon="30.36680123854976">
				<ele>0.04019626323133707</ele>
				<time>2022-09-07T14:38:36Z</time>
			</trkpt>
			<trkpt lat="59.94526137797052" lon="30.36686267440712">
				<ele>0.5410061087459326</ele>
				<time>2022-09-07T14:38:38Z</time>
			</trkpt>
			<trkpt lat="59.945264133733225" lon="30.3669222813836">
				<ele>1.4456971054896712</ele>
				<time>2022-09-07T14:38:40Z</time>
			</trkpt>
			<trkpt lat="59.945269965947425" lon="30.366964674116904">
				<ele>-0.14728438202291727</ele>
				<time>2022-09-07T14:38:42Z</time>
			</trkpt>
			<trkpt lat="59.94526872750651" lon="30.367015061943277">
				<ele>-1.371152551844716</ele>
				<time>2022-09-07T14:38:45Z</time>
			</trkpt>
			<trkpt lat="59.945279261288945" lon="30.367056774514314">
				<ele>-2.179373257793486</ele>
				<time>2022-09-07T14:38:47Z</time>
			</trkpt>
			<trkpt lat="59.94526794305528" lon="30.367122443497333">
				<ele>0.8680215934291482</ele>
				<time>2022-09-07T14:38:49Z</time>
			</trkpt>
			<trkpt lat="59.94527137143131" lon="30.36715784000304">
				<ele>-0.12725693359971046</ele>
				<time>2022-09-07T14:38:51Z</time>
			</trkpt>
			<trkpt lat="59.94527912452951" lon="30.367196047481332">
				<ele>-0.7911424608901143</ele>
				<time>2022-09-07T14:38:53Z</time>
			</trkpt>
			<trkpt lat="59.945272326395674" lon="30.36723557942121">
				<ele>-0.8392855320125818</ele>
				<time>2022-09-07T14:38:55Z</time>
			</trkpt>
			<trkpt lat="59.94526221365781" lon="30.36727772891072">
				<ele>-0.03494328539818525</ele>
				<time>2022-09-07T14:38:57Z</time>
			</trkpt>
			<trkpt lat="59.94527047167118" lon="30.36731252875243">
				<ele>0.21047506667673588</ele>
				<time>2022-09-07T14:38:59Z</time>
			</trkpt>
			<trkpt lat="59.94528293968363" lon="30.367340402063363">
				<ele>0.022343575954437256</ele>
				<time>2022-09-07T14:39:01Z</time>
			</trkpt>
			<trkpt lat="59.94527785791894" lon="30.367391560497072">
				<ele>-0.8890198608860373</ele>
				<time>2022-09-07T14:39:03Z</time>
			</trkpt>
			<trkpt lat="59.945277654310644" lon="30.367459517860354">
				<ele>-1.2681737942621112</ele>
				<time>2022-09-07T14:39:05Z</time>
			</trkpt>
			<trkpt lat="59.945271925851706" lon="30.36750433373507">
				<ele>-3.0109088607132435</ele>
				<time>2022-09-07T14:39:07Z</time>
			</trkpt>
			<trkpt lat="59.94526638817458" lon="30.36757380139618">
				<ele>-0.790915209800005</ele>
				<time>2022-09-07T14:39:09Z</time>
			</trkpt>
			<trkpt lat="59.9452649598811" lon="30.367642791696618">
				<ele>-0.17799008917063475</ele>
				<time>2022-09-07T14:39:11Z</time>
			</trkpt>
			<trkpt lat="59.9452680911702" lon="30.36770315046133">
				<ele>0.09590853285044432</ele>
				<time>2022-09-07T14:39:13Z</time>
			</trkpt>
			<trkpt lat="59.94527706824081" lon="30.367736206852296">
				<ele>-0.7351970067247748</ele>
				<time>2022-09-07T14:39:14Z</time>
			</trkpt>
			<trkpt lat="59.945298052727544" lon="30.36776954621202">
				<ele>-0.23562534712255</ele>
				<time>2022-09-07T14:39:17Z</time>
			</trkpt>
			<trkpt lat="59.94532659674562" lon="30.367774300184887">
				<ele>1.2793497443199158</ele>
				<time>2022-09-07T14:39:20Z</time>
			</trkpt>
			<trkpt lat="59.945345322457165" lon="30.367764475484734">
				<ele>-2.3645043903961778</ele>
				<time>2022-09-07T14:39:22Z</time>
			</trkpt>
			<trkpt lat="59.94537549628139" lon="30.367767279313163">
				<ele>-3.0691744592040777</ele>
				<time>2022-09-07T14:39:24Z</time>
			</trkpt>
			<trkpt lat="59.9453978071185" lon="30.367766013749826">
				<ele>0.379460989497602</ele>
				<time>2022-09-07T14:39:26Z</time>
			</trkpt>
			<trkpt lat="59.94542127131897" lon="30.36777155919733">
				<ele>-0.1107983160763979</ele>
				<time>2022-09-07T14:39:28Z</time>
			</trkpt>
			<trkpt lat="59.94545153181663" lon="30.367762924272483">
				<ele>0.31187468487769365</ele>
				<time>2022-09-07T14:39:30Z</time>
			</trkpt>
			<trkpt lat="59.945490762636965" lon="30.367774203491063">
				<ele>3.035821811296046</ele>
				<time>2022-09-07T14:39:32Z</time>
			</trkpt>
			<trkpt lat="59.94551416535829" lon="30.36776648985146">
				<ele>0.014768458902835846</ele>
				<time>2022-09-07T14:39:35Z</time>
			</trkpt>
			<trkpt lat="59.94553273689964" lon="30.36777244135126">
				<ele>-0.6417431924492121</ele>
				<time>2022-09-07T14:39:37Z</time>
			</trkpt>
			<trkpt lat="59.94555913949824" lon="30.36777399395925">
				<ele>1.5720692528411746</ele>
				<time>2022-09-07T14:39:40Z</time>
			</trkpt>
			<trkpt lat="59.945590040584506" lon="30.36777796993249">
				<ele>2.1477906415238976</ele>
				<time>2022-09-07T14:39:42Z</time>
			</trkpt>
			<trkpt lat="59.94560631159279" lon="30.367796044135357">
				<ele>2.166509937494993</ele>
				<time>2022-09-07T14:39:44Z</time>
			</trkpt>
			<trkpt lat="59.94563083532821" lon="30.36778847860091">
				<ele>1.760117438621819</ele>
				<time>2022-09-07T14:39:46Z</time>
			</trkpt>
			<trkpt lat="59.945665706415504" lon="30.367788616116343">
				<ele>2.1756242038682103</ele>
				<time>2022-09-07T14:39:48Z</time>
			</trkpt>
			<trkpt lat="59.94568407467191" lon="30.367791147640368">
				<ele>3.673408892005682</ele>
				<time>2022-09-07T14:39:49Z</time>
			</trkpt>
			<trkpt lat="59.94570731762717" lon="30.367788594800135">
				<ele>3.6733320532366633</ele>
				<time>2022-09-07T14:39:51Z</time>
			</trkpt>
			<trkpt lat="59.94572828214545" lon="30.367785132061748">
				<ele>2.097799123264849</ele>
				<time>2022-09-07T14:39:53Z</time>
			</trkpt>
			<trkpt lat="59.94575078799321" lon="30.367778064827224">
				<ele>1.643699362874031</ele>
				<time>2022-09-07T14:39:56Z</time>
			</trkpt>
			<trkpt lat="59.94577652441894" lon="30.367768956650448">
				<ele>5.820796146988869</ele>
				<time>2022-09-07T14:39:57Z</time>
			</trkpt>
			<trkpt lat="59.94579485159822" lon="30.36776599751662">
				<ele>3.61834158282727</ele>
				<time>2022-09-07T14:39:59Z</time>
			</trkpt>
			<trkpt lat="59.945816222853686" lon="30.36777286964212">
				<ele>4.09206813108176</ele>
				<time>2022-09-07T14:40:01Z</time>
			</trkpt>
			<trkpt lat="59.9458441032262" lon="30.367774864756544">
				<ele>6.924109501764178</ele>
				<time>2022-09-07T14:40:02Z</time>
			</trkpt>
			<trkpt lat="59.945867739038306" lon="30.367787036976672">
				<ele>3.131571765989065</ele>
				<time>2022-09-07T14:40:05Z</time>
			</trkpt>
			<trkpt lat="59.94589076787921" lon="30.367787058313272">
				<ele>3.7711956314742565</ele>
				<time>2022-09-07T14:40:08Z</time>
			</trkpt>
			<trkpt lat="59.94591913147144" lon="30.36779286341411">
				<ele>5.931157946586609</ele>
				<time>2022-09-07T14:40:10Z</time>
			</trkpt>
			<trkpt lat="59.94594598601284" lon="30.367803950727623">
				<ele>6.620984920300543</ele>
				<time>2022-09-07T14:40:12Z</time>
			</trkpt>
			<trkpt lat="59.94596904186965" lon="30.36781102569618">
				<ele>7.179849562235177</ele>
				<time>2022-09-07T14:40:14Z</time>
			</trkpt>
			<trkpt lat="59.94599916551082" lon="30.36780840498705">
				<ele>10.133238950744271</ele>
				<time>2022-09-07T14:40:16Z</time>
			</trkpt>
			<trkpt lat="59.94601520374736" lon="30.367831919871353">
				<ele>8.128718756139278</ele>
				<time>2022-09-07T14:40:18Z</time>
			</trkpt>
			<trkpt lat="59.946042037715344" lon="30.367822967324024">
				<ele>7.5586317060515285</ele>
				<time>2022-09-07T14:40:21Z</time>
			</trkpt>
			<trkpt lat="59.94606964029715" lon="30.367823651037003">
				<ele>6.9748900309205055</ele>
				<time>2022-09-07T14:40:24Z</time>
			</trkpt>
			<trkpt lat="59.946089199590546" lon="30.36783221282067">
				<ele>6.72975036688149</ele>
				<time>2022-09-07T14:40:26Z</time>
			</trkpt>
			<trkpt lat="59.94611074270682" lon="30.367841686395536">
				<ele>7.981600823812187</ele>
				<time>2022-09-07T14:40:28Z</time>
			</trkpt>
			<trkpt lat="59.94613074873061" lon="30.367849097613213">
				<ele>6.785714818164706</ele>
				<time>2022-09-07T14:40:30Z</time>
			</trkpt>
			<trkpt lat="59.94615725525542" lon="30.367840073638266">
				<ele>5.342360217124224</ele>
				<time>2022-09-07T14:40:33Z</time>
			</trkpt>
			<trkpt lat="59.94617539161631" lon="30.367839572364833">
				<ele>5.520207052119076</ele>
				<time>2022-09-07T14:40:35Z</time>
			</trkpt>
			<trkpt lat="59.946193629493614" lon="30.367832184816177">
				<ele>5.294487178325653</ele>
				<time>2022-09-07T14:40:37Z</time>
			</trkpt>
			<trkpt lat="59.946220581933446" lon="30.367826031215717">
				<ele>5.221502520143986</ele>
				<time>2022-09-07T14:40:39Z</time>
			</trkpt>
			<trkpt lat="59.94623970346136" lon="30.3678241341629">
				<ele>4.9098991593346</ele>
				<time>2022-09-07T14:40:41Z</time>
			</trkpt>
			<trkpt lat="59.94626194570025" lon="30.367812099423453">
				<ele>6.44558718893677</ele>
				<time>2022-09-07T14:40:43Z</time>
			</trkpt>
			<trkpt lat="59.94627620744863" lon="30.367840091038197">
				<ele>2.1624892288818955</ele>
				<time>2022-09-07T14:40:45Z</time>
			</trkpt>
			<trkpt lat="59.94631058400544" lon="30.367852448542354">
				<ele>1.9246642589569092</ele>
				<time>2022-09-07T14:40:49Z</time>
			</trkpt>
			<trkpt lat="59.94632947513262" lon="30.36784498325856">
				<ele>2.317245287820697</ele>
				<time>2022-09-07T14:40:51Z</time>
			</trkpt>
			<trkpt lat="59.94634983794993" lon="30.36785214781954">
				<ele>1.7654200978577137</ele>
				<time>2022-09-07T14:40:53Z</time>
			</trkpt>
			<trkpt lat="59.94637539418303" lon="30.367854861596825">
				<ele>0.02246261853724718</ele>
				<time>2022-09-07T14:40:56Z</time>
			</trkpt>
			<trkpt lat="59.94639039595262" lon="30.367882379470615">
				<ele>-3.108573424629867</ele>
				<time>2022-09-07T14:41:00Z</time>
			</trkpt>
			<trkpt lat="59.94641091342462" lon="30.367891659700092">
				<ele>-1.7609964171424508</ele>
				<time>2022-09-07T14:41:02Z</time>
			</trkpt>
			<trkpt lat="59.94643139438972" lon="30.367872985372127">
				<ele>-1.0129875242710114</ele>
				<time>2022-09-07T14:41:04Z</time>
			</trkpt>
			<trkpt lat="59.94646441047773" lon="30.36786756429506">
				<ele>2.055619837716222</ele>
				<time>2022-09-07T14:41:06Z</time>
			</trkpt>
			<trkpt lat="59.94649386404777" lon="30.36789587115681">
				<ele>-1.9842816852033138</ele>
				<time>2022-09-07T14:41:10Z</time>
			</trkpt>
			<trkpt lat="59.94651907933438" lon="30.367900441413386">
				<ele>-1.7587427338585258</ele>
				<time>2022-09-07T14:41:13Z</time>
			</trkpt>
			<trkpt lat="59.9465511798387" lon="30.367898391230245">
				<ele>-0.5290818177163601</ele>
				<time>2022-09-07T14:41:16Z</time>
			</trkpt>
			<trkpt lat="59.94658458547876" lon="30.367903291020777">
				<ele>-1.0166238211095333</ele>
				<time>2022-09-07T14:41:18Z</time>
			</trkpt>
			<trkpt lat="59.946607483720385" lon="30.36789035410684">
				<ele>0.5671284683048725</ele>
				<time>2022-09-07T14:41:19Z</time>
			</trkpt>
			<trkpt lat="59.94663093167201" lon="30.3678864449146">
				<ele>-2.2401206959038973</ele>
				<time>2022-09-07T14:41:22Z</time>
			</trkpt>
			<trkpt lat="59.9466631484224" lon="30.367865076793002">
				<ele>-0.2729778243228793</ele>
				<time>2022-09-07T14:41:24Z</time>
			</trkpt>
			<trkpt lat="59.94669683816216" lon="30.367856817246512">
				<ele>0.29528618697077036</ele>
				<time>2022-09-07T14:41:26Z</time>
			</trkpt>
			<trkpt lat="59.94671720630651" lon="30.3678668914388">
				<ele>1.4361626636236906</ele>
				<time>2022-09-07T14:41:27Z</time>
			</trkpt>
			<trkpt lat="59.946743548593616" lon="30.36786090866226">
				<ele>-1.24537892639637</ele>
				<time>2022-09-07T14:41:30Z</time>
			</trkpt>
			<trkpt lat="59.94676275489541" lon="30.367863553905142">
				<ele>-1.5747662633657455</ele>
				<time>2022-09-07T14:41:32Z</time>
			</trkpt>
			<trkpt lat="59.94679157866435" lon="30.367870684280582">
				<ele>1.5862016081809998</ele>
				<time>2022-09-07T14:41:34Z</time>
			</trkpt>
			<trkpt lat="59.94683644998383" lon="30.36788078270825">
				<ele>3.186853004619479</ele>
				<time>2022-09-07T14:41:37Z</time>
			</trkpt>
			<trkpt lat="59.9468610276126" lon="30.367882643748406">
				<ele>3.340897780843079</ele>
				<time>2022-09-07T14:41:42Z</time>
			</trkpt>
			<trkpt lat="59.94689324992823" lon="30.36788676011718">
				<ele>2.966044906526804</ele>
				<time>2022-09-07T14:41:44Z</time>
			</trkpt>
			<trkpt lat="59.946920592002556" lon="30.367878299919322">
				<ele>5.305570797994733</ele>
				<time>2022-09-07T14:41:46Z</time>
			</trkpt>
			<trkpt lat="59.94695056132206" lon="30.367887994267058">
				<ele>0.853120326064527</ele>
				<time>2022-09-07T14:41:49Z</time>
			</trkpt>
			<trkpt lat="59.94697719212977" lon="30.367893508938646">
				<ele>4.1606792733073235</ele>
				<time>2022-09-07T14:41:51Z</time>
			</trkpt>
			<trkpt lat="59.9469990576221" lon="30.36789432169858">
				<ele>3.3749559679999948</ele>
				<time>2022-09-07T14:41:53Z</time>
			</trkpt>
			<trkpt lat="59.94701569585325" lon="30.367913869049275">
				<ele>2.609474241733551</ele>
				<time>2022-09-07T14:41:57Z</time>
			</trkpt>
			<trkpt lat="59.94704554856628" lon="30.367907515656373">
				<ele>4.5649046786129475</ele>
				<time>2022-09-07T14:41:59Z</time>
			</trkpt>
			<trkpt lat="59.9470714149075" lon="30.367919485687654">
				<ele>7.59480029437691</ele>
				<time>2022-09-07T14:42:02Z</time>
			</trkpt>
			<trkpt lat="59.94709835555175" lon="30.367922145294063">
				<ele>2.351295283064246</ele>
				<time>2022-09-07T14:42:05Z</time>
			</trkpt>
			<trkpt lat="59.94712143840962" lon="30.36792257238259">
				<ele>2.1667810371145606</ele>
				<time>2022-09-07T14:42:08Z</time>
			</trkpt>
			<trkpt lat="59.94714616662384" lon="30.36792281396874">
				<ele>0.921558610163629</ele>
				<time>2022-09-07T14:42:11Z</time>
			</trkpt>
			<trkpt lat="59.9471832647149" lon="30.367905471924576">
				<ele>0.2915094345808029</ele>
				<time>2022-09-07T14:42:13Z</time>
			</trkpt>
			<trkpt lat="59.947208415183226" lon="30.36792612611233">
				<ele>1.5761209856718779</ele>
				<time>2022-09-07T14:42:14Z</time>
			</trkpt>
			<trkpt lat="59.947226547080476" lon="30.367919052674097">
				<ele>2.6167461844161153</ele>
				<time>2022-09-07T14:42:16Z</time>
			</trkpt>
			<trkpt lat="59.94724727439779" lon="30.367924588609984">
				<ele>5.121041358448565</ele>
				<time>2022-09-07T14:42:17Z</time>
			</trkpt>
			<trkpt lat="59.947267291262406" lon="30.367939490263662">
				<ele>6.988130558282137</ele>
				<time>2022-09-07T14:42:19Z</time>
			</trkpt>
			<trkpt lat="59.947286657858655" lon="30.367933690157525">
				<ele>5.485090256668627</ele>
				<time>2022-09-07T14:42:21Z</time>
			</trkpt>
			<trkpt lat="59.94730735437925" lon="30.367935248016895">
				<ele>8.629874599166214</ele>
				<time>2022-09-07T14:42:22Z</time>
			</trkpt>
			<trkpt lat="59.94732529530298" lon="30.36792748197754">
				<ele>8.467258152551949</ele>
				<time>2022-09-07T14:42:23Z</time>
			</trkpt>
			<trkpt lat="59.9473450634335" lon="30.367911673342576">
				<ele>10.135976556688547</ele>
				<time>2022-09-07T14:42:24Z</time>
			</trkpt>
			<trkpt lat="59.947372035864646" lon="30.36792567971735">
				<ele>12.57143288012594</ele>
				<time>2022-09-07T14:42:26Z</time>
			</trkpt>
			<trkpt lat="59.94740454550911" lon="30.367938454991567">
				<ele>9.639979814179242</ele>
				<time>2022-09-07T14:42:30Z</time>
			</trkpt>
			<trkpt lat="59.947430391009" lon="30.367943308675386">
				<ele>9.700824026018381</ele>
				<time>2022-09-07T14:42:32Z</time>
			</trkpt>
			<trkpt lat="59.94746268980806" lon="30.367953258165546">
				<ele>11.112105593085289</ele>
				<time>2022-09-07T14:42:34Z</time>
			</trkpt>
			<trkpt lat="59.9474896764989" lon="30.367943906012314">
				<ele>3.4582494078204036</ele>
				<time>2022-09-07T14:42:42Z</time>
			</trkpt>
			<trkpt lat="59.94752264138143" lon="30.36795110631678">
				<ele>5.376065939664841</ele>
				<time>2022-09-07T14:42:44Z</time>
			</trkpt>
			<trkpt lat="59.94754691742142" lon="30.367965600835703">
				<ele>2.7326619485393167</ele>
				<time>2022-09-07T14:42:49Z</time>
			</trkpt>
			<trkpt lat="59.947574557597456" lon="30.367959409139516">
				<ele>2.045259976759553</ele>
				<time>2022-09-07T14:42:51Z</time>
			</trkpt>
			<trkpt lat="59.94760007608763" lon="30.367943647890847">
				<ele>4.044075904414058</ele>
				<time>2022-09-07T14:42:53Z</time>
			</trkpt>
			<trkpt lat="59.9476235720855" lon="30.367929592053624">
				<ele>3.331702300347388</ele>
				<time>2022-09-07T14:42:57Z</time>
			</trkpt>
			<trkpt lat="59.947643263080245" lon="30.367932299855447">
				<ele>1.6399336578324437</ele>
				<time>2022-09-07T14:42:59Z</time>
			</trkpt>
			<trkpt lat="59.94767925729599" lon="30.367942006708">
				<ele>3.8451732136309147</ele>
				<time>2022-09-07T14:43:01Z</time>
			</trkpt>
			<trkpt lat="59.94770279829867" lon="30.367967751234882">
				<ele>1.9633393287658691</ele>
				<time>2022-09-07T14:43:04Z</time>
			</trkpt>
			<trkpt lat="59.94772648607644" lon="30.367986229241044">
				<ele>2.489682586863637</ele>
				<time>2022-09-07T14:43:06Z</time>
			</trkpt>
			<trkpt lat="59.94775361985952" lon="30.367994231793165">
				<ele>1.958326973952353</ele>
				<time>2022-09-07T14:43:09Z</time>
			</trkpt>
			<trkpt lat="59.94777474465508" lon="30.367991680949952">
				<ele>3.80899191275239</ele>
				<time>2022-09-07T14:43:11Z</time>
			</trkpt>
			<trkpt lat="59.947794680832516" lon="30.368000111032362">
				<ele>2.015467897988856</ele>
				<time>2022-09-07T14:43:13Z</time>
			</trkpt>
			<trkpt lat="59.947818661594845" lon="30.368012302967358">
				<ele>0.3043020972982049</ele>
				<time>2022-09-07T14:43:16Z</time>
			</trkpt>
			<trkpt lat="59.947846130618494" lon="30.36801943498466">
				<ele>0.9881524424999952</ele>
				<time>2022-09-07T14:43:19Z</time>
			</trkpt>
			<trkpt lat="59.94786686569678" lon="30.368027958533062">
				<ele>2.914786078967154</ele>
				<time>2022-09-07T14:43:21Z</time>
			</trkpt>
			<trkpt lat="59.94788969355016" lon="30.368038372190306">
				<ele>0.6500973263755441</ele>
				<time>2022-09-07T14:43:23Z</time>
			</trkpt>
			<trkpt lat="59.94791055023692" lon="30.36803739476621">
				<ele>-2.317104460671544</ele>
				<time>2022-09-07T14:43:25Z</time>
			</trkpt>
			<trkpt lat="59.947931172409355" lon="30.368027884991108">
				<ele>1.4417451722547412</ele>
				<time>2022-09-07T14:43:26Z</time>
			</trkpt>
			<trkpt lat="59.94795959706762" lon="30.3680311577028">
				<ele>0.5287358751520514</ele>
				<time>2022-09-07T14:43:28Z</time>
			</trkpt>
			<trkpt lat="59.9479793991477" lon="30.36802891666091">
				<ele>1.2776949452236295</ele>
				<time>2022-09-07T14:43:30Z</time>
			</trkpt>
			<trkpt lat="59.94799779885027" lon="30.368016575249534">
				<ele>3.5287947887554765</ele>
				<time>2022-09-07T14:43:31Z</time>
			</trkpt>
			<trkpt lat="59.94801478967367" lon="30.368000169569733">
				<ele>2.809042736887932</ele>
				<time>2022-09-07T14:43:34Z</time>
			</trkpt>
			<trkpt lat="59.94804646515118" lon="30.36798623958784">
				<ele>2.1162406466901302</ele>
				<time>2022-09-07T14:43:37Z</time>
			</trkpt>
			<trkpt lat="59.94807088605717" lon="30.367981389082146">
				<ele>2.5324165700003505</ele>
				<time>2022-09-07T14:43:40Z</time>
			</trkpt>
			<trkpt lat="59.9480961077267" lon="30.36799573270924">
				<ele>3.6204164680093527</ele>
				<time>2022-09-07T14:43:42Z</time>
			</trkpt>
			<trkpt lat="59.9481157372269" lon="30.367978751452785">
				<ele>1.589325712993741</ele>
				<time>2022-09-07T14:43:44Z</time>
			</trkpt>
			<trkpt lat="59.948140239341036" lon="30.36800782076122">
				<ele>0.07136873621493578</ele>
				<time>2022-09-07T14:43:46Z</time>
			</trkpt>
			<trkpt lat="59.94815952980526" lon="30.368011483762608">
				<ele>2.5565913040190935</ele>
				<time>2022-09-07T14:43:47Z</time>
			</trkpt>
			<trkpt lat="59.94817846418018" lon="30.36804144277955">
				<ele>1.2971430644392967</ele>
				<time>2022-09-07T14:43:49Z</time>
			</trkpt>
			<trkpt lat="59.948197155374686" lon="30.36804722010147">
				<ele>1.786957654170692</ele>
				<time>2022-09-07T14:43:51Z</time>
			</trkpt>
			<trkpt lat="59.94821965508865" lon="30.368054271837458">
				<ele>-0.20391322672367096</ele>
				<time>2022-09-07T14:43:53Z</time>
			</trkpt>
			<trkpt lat="59.9482469899798" lon="30.368052448205155">
				<ele>1.502074553631246</ele>
				<time>2022-09-07T14:43:57Z</time>
			</trkpt>
			<trkpt lat="59.9482670847612" lon="30.368058690394793">
				<ele>1.276848186738789</ele>
				<time>2022-09-07T14:43:58Z</time>
			</trkpt>
			<trkpt lat="59.948310364444666" lon="30.368049848344054">
				<ele>1.3235193192958832</ele>
				<time>2022-09-07T14:44:00Z</time>
			</trkpt>
			<trkpt lat="59.9483270334164" lon="30.368065250364594">
				<ele>2.9263550536707044</ele>
				<time>2022-09-07T14:44:02Z</time>
			</trkpt>
			<trkpt lat="59.94834462515548" lon="30.368082511017924">
				<ele>-1.734505937434733</ele>
				<time>2022-09-07T14:44:05Z</time>
			</trkpt>
			<trkpt lat="59.94837503506944" lon="30.36809014445513">
				<ele>0.47696151211857796</ele>
				<time>2022-09-07T14:44:08Z</time>
			</trkpt>
			<trkpt lat="59.94840179650586" lon="30.368096309933563">
				<ele>0.7363513819873333</ele>
				<time>2022-09-07T14:44:11Z</time>
			</trkpt>
			<trkpt lat="59.94842341926045" lon="30.36810620687318">
				<ele>1.9887588182464242</ele>
				<time>2022-09-07T14:44:12Z</time>
			</trkpt>
			<trkpt lat="59.948453554823125" lon="30.368093887176663">
				<ele>0.9771016733720899</ele>
				<time>2022-09-07T14:44:14Z</time>
			</trkpt>
			<trkpt lat="59.94847682691843" lon="30.368093873845496">
				<ele>1.7615890968590975</ele>
				<time>2022-09-07T14:44:15Z</time>
			</trkpt>
			<trkpt lat="59.94851250166804" lon="30.36807511241398">
				<ele>3.8020810978487134</ele>
				<time>2022-09-07T14:44:18Z</time>
			</trkpt>
			<trkpt lat="59.94853537876079" lon="30.368064865517162">
				<ele>3.2533223889768124</ele>
				<time>2022-09-07T14:44:21Z</time>
			</trkpt>
			<trkpt lat="59.94856648498999" lon="30.368058211037837">
				<ele>4.860788309015334</ele>
				<time>2022-09-07T14:44:23Z</time>
			</trkpt>
			<trkpt lat="59.94859394624281" lon="30.368073462602062">
				<ele>2.0604474814608693</ele>
				<time>2022-09-07T14:44:26Z</time>
			</trkpt>
			<trkpt lat="59.94862043930521" lon="30.368084918896084">
				<ele>1.5918004112318158</ele>
				<time>2022-09-07T14:44:29Z</time>
			</trkpt>
			<trkpt lat="59.94864813111133" lon="30.36805621684579">
				<ele>2.4702046290040016</ele>
				<time>2022-09-07T14:44:32Z</time>
			</trkpt>
			<trkpt lat="59.9486663801499" lon="30.36805855629679">
				<ele>2.116340280510485</ele>
				<time>2022-09-07T14:44:34Z</time>
			</trkpt>
			<trkpt lat="59.948685375567635" lon="30.368032094608957">
				<ele>3.7698485823348165</ele>
				<time>2022-09-07T14:44:37Z</time>
			</trkpt>
			<trkpt lat="59.94869017734366" lon="30.368074766404927">
				<ele>3.898943053558469</ele>
				<time>2022-09-07T14:44:41Z</time>
			</trkpt>
			<trkpt lat="59.94869129557808" lon="30.368121156186387">
				<ele>4.61868060939014</ele>
				<time>2022-09-07T14:44:42Z</time>
			</trkpt>
			<trkpt lat="59.94871162579463" lon="30.368157905781928">
				<ele>6.771986658684909</ele>
				<time>2022-09-07T14:44:44Z</time>
			</trkpt>
			<trkpt lat="59.94872157759744" lon="30.36811967544621">
				<ele>2.923471348360181</ele>
				<time>2022-09-07T14:44:51Z</time>
			</trkpt>
			<trkpt lat="59.94873555478027" lon="30.368152511788328">
				<ele>5.033564514480531</ele>
				<time>2022-09-07T14:44:59Z</time>
			</trkpt>
			<trkpt lat="59.948741672545395" lon="30.368190605023692">
				<ele>6.402504520490766</ele>
				<time>2022-09-07T14:45:01Z</time>
			</trkpt>
			<trkpt lat="59.94874664537093" lon="30.368148638093363">
				<ele>3.6345836631953716</ele>
				<time>2022-09-07T14:45:05Z</time>
			</trkpt>
			<trkpt lat="59.94876499070609" lon="30.36810324328967">
				<ele>4.261208701878786</ele>
				<time>2022-09-07T14:45:15Z</time>
			</trkpt>
			<trkpt lat="59.94876830248009" lon="30.368141487400198">
				<ele>-0.817567203193903</ele>
				<time>2022-09-07T14:45:17Z</time>
			</trkpt>
			<trkpt lat="59.94875439094795" lon="30.368196085083678">
				<ele>-3.023100766353309</ele>
				<time>2022-09-07T14:45:19Z</time>
			</trkpt>
			<trkpt lat="59.94876473580944" lon="30.368259375304337">
				<ele>-4.639343182556331</ele>
				<time>2022-09-07T14:45:20Z</time>
			</trkpt>
			<trkpt lat="59.94877976669622" lon="30.368294410003926">
				<ele>-5.218220170587301</ele>
				<time>2022-09-07T14:45:27Z</time>
			</trkpt>
			<trkpt lat="59.94878224455013" lon="30.368334628661742">
				<ele>-1.866453885100782</ele>
				<time>2022-09-07T14:45:35Z</time>
			</trkpt>
			<trkpt lat="59.948761337082864" lon="30.36828762088879">
				<ele>-1.1853791885077953</ele>
				<time>2022-09-07T14:45:41Z</time>
			</trkpt>
			<trkpt lat="59.948785737662895" lon="30.36828614078171">
				<ele>0.8594828117638826</ele>
				<time>2022-09-07T14:46:03Z</time>
			</trkpt>
			<trkpt lat="59.94881615142415" lon="30.36829795074827">
				<ele>0.2076635817065835</ele>
				<time>2022-09-07T14:46:05Z</time>
			</trkpt>
			<trkpt lat="59.948844047980444" lon="30.36828093650631">
				<ele>-0.19100451096892357</ele>
				<time>2022-09-07T14:46:07Z</time>
			</trkpt>
			<trkpt lat="59.94886905094851" lon="30.36828316047152">
				<ele>-0.2684143325313926</ele>
				<time>2022-09-07T14:46:10Z</time>
			</trkpt>
			<trkpt lat="59.94889340699793" lon="30.368275044032703">
				<ele>-0.9890492223203182</ele>
				<time>2022-09-07T14:46:12Z</time>
			</trkpt>
			<trkpt lat="59.94891662806843" lon="30.368307114333412">
				<ele>-0.851186946965754</ele>
				<time>2022-09-07T14:46:14Z</time>
			</trkpt>
			<trkpt lat="59.94893781624882" lon="30.36831836711561">
				<ele>-0.06792661547660828</ele>
				<time>2022-09-07T14:46:16Z</time>
			</trkpt>
			<trkpt lat="59.94894559059416" lon="30.368360955400146">
				<ele>1.2793194083496928</ele>
				<time>2022-09-07T14:46:18Z</time>
			</trkpt>
			<trkpt lat="59.94894202381872" lon="30.36840150506985">
				<ele>1.3168860943987966</ele>
				<time>2022-09-07T14:46:20Z</time>
			</trkpt>
			<trkpt lat="59.948938648637316" lon="30.36843959390753">
				<ele>2.568666252307594</ele>
				<time>2022-09-07T14:46:22Z</time>
			</trkpt>
			<trkpt lat="59.948935840201585" lon="30.368487732872776">
				<ele>1.126821962185204</ele>
				<time>2022-09-07T14:46:26Z</time>
			</trkpt>
			<trkpt lat="59.948926392151556" lon="30.36853219649173">
				<ele>2.3531662402674556</ele>
				<time>2022-09-07T14:46:28Z</time>
			</trkpt>
			<trkpt lat="59.94892495301851" lon="30.368571276144312">
				<ele>3.7886842088773847</ele>
				<time>2022-09-07T14:46:29Z</time>
			</trkpt>
			<trkpt lat="59.94892529923189" lon="30.368614650374386">
				<ele>-0.062218586914241314</ele>
				<time>2022-09-07T14:46:31Z</time>
			</trkpt>
			<trkpt lat="59.94893964487334" lon="30.368657433730206">
				<ele>-3.30167284514755</ele>
				<time>2022-09-07T14:46:33Z</time>
			</trkpt>
			<trkpt lat="59.948991927328656" lon="30.368658904156113">
				<ele>-2.113306117244065</ele>
				<time>2022-09-07T14:46:34Z</time>
			</trkpt>
			<trkpt lat="59.94899401444593" lon="30.36869944552044">
				<ele>-1.046565329656005</ele>
				<time>2022-09-07T14:46:35Z</time>
			</trkpt>
			<trkpt lat="59.94899173978851" lon="30.36875659019758">
				<ele>-1.0191173776984215</ele>
				<time>2022-09-07T14:46:37Z</time>
			</trkpt>
			<trkpt lat="59.94897668114277" lon="30.36881466772815">
				<ele>0.18846617173403502</ele>
				<time>2022-09-07T14:46:39Z</time>
			</trkpt>
			<trkpt lat="59.9489672818894" lon="30.36887124836773">
				<ele>2.548833188600838</ele>
				<time>2022-09-07T14:46:41Z</time>
			</trkpt>
			<trkpt lat="59.94896683143645" lon="30.36892983717995">
				<ele>1.3998798122629523</ele>
				<time>2022-09-07T14:46:44Z</time>
			</trkpt>
			<trkpt lat="59.948966665576364" lon="30.368981119255842">
				<ele>1.042418085038662</ele>
				<time>2022-09-07T14:46:46Z</time>
			</trkpt>
			<trkpt lat="59.948967956772535" lon="30.369034817407297">
				<ele>2.2885386189445853</ele>
				<time>2022-09-07T14:46:48Z</time>
			</trkpt>
			<trkpt lat="59.94897159095342" lon="30.369071637167366">
				<ele>2.160813211463392</ele>
				<time>2022-09-07T14:46:50Z</time>
			</trkpt>
			<trkpt lat="59.94896852539373" lon="30.36911068000187">
				<ele>3.265572778880596</ele>
				<time>2022-09-07T14:46:52Z</time>
			</trkpt>
			<trkpt lat="59.94896404634693" lon="30.369148322092283">
				<ele>-0.0063987672328948975</ele>
				<time>2022-09-07T14:46:54Z</time>
			</trkpt>
			<trkpt lat="59.948963594943635" lon="30.369194031368846">
				<ele>-0.8524684263393283</ele>
				<time>2022-09-07T14:46:57Z</time>
			</trkpt>
			<trkpt lat="59.948956099442086" lon="30.369238457709937">
				<ele>0.4103736272081733</ele>
				<time>2022-09-07T14:46:59Z</time>
			</trkpt>
			<trkpt lat="59.948955486724294" lon="30.369287701710544">
				<ele>0.12444819696247578</ele>
				<time>2022-09-07T14:47:01Z</time>
			</trkpt>
			<trkpt lat="59.94896361337816" lon="30.369332283951334">
				<ele>0.8082767697051167</ele>
				<time>2022-09-07T14:47:03Z</time>
			</trkpt>
			<trkpt lat="59.94896327456592" lon="30.369369631754353">
				<ele>3.673035283572972</ele>
				<time>2022-09-07T14:47:04Z</time>
			</trkpt>
			<trkpt lat="59.94896475474337" lon="30.369421794383797">
				<ele>-0.9288455052301288</ele>
				<time>2022-09-07T14:47:07Z</time>
			</trkpt>
			<trkpt lat="59.948967525046655" lon="30.36946748946466">
				<ele>-1.1864819983020425</ele>
				<time>2022-09-07T14:47:09Z</time>
			</trkpt>
			<trkpt lat="59.94895749578939" lon="30.369514158634495">
				<ele>1.8920385940000415</ele>
				<time>2022-09-07T14:47:10Z</time>
			</trkpt>
			<trkpt lat="59.948949662067626" lon="30.3695655954987">
				<ele>1.4213951202109456</ele>
				<time>2022-09-07T14:47:13Z</time>
			</trkpt>
			<trkpt lat="59.948949953035545" lon="30.369610223912854">
				<ele>1.112906233407557</ele>
				<time>2022-09-07T14:47:15Z</time>
			</trkpt>
			<trkpt lat="59.94894878723359" lon="30.369665767835134">
				<ele>1.2142566880211234</ele>
				<time>2022-09-07T14:47:17Z</time>
			</trkpt>
			<trkpt lat="59.94895548427084" lon="30.369701410785577">
				<ele>0.42273310013115406</ele>
				<time>2022-09-07T14:47:19Z</time>
			</trkpt>
			<trkpt lat="59.948955624672266" lon="30.369759119332258">
				<ele>2.129535091109574</ele>
				<time>2022-09-07T14:47:22Z</time>
			</trkpt>
			<trkpt lat="59.94895380955684" lon="30.369798626847498">
				<ele>3.2538032811135054</ele>
				<time>2022-09-07T14:47:23Z</time>
			</trkpt>
			<trkpt lat="59.94896075728603" lon="30.36984403919184">
				<ele>0.0901525104418397</ele>
				<time>2022-09-07T14:47:26Z</time>
			</trkpt>
			<trkpt lat="59.948957448572315" lon="30.369909754161526">
				<ele>2.3094255924224854</ele>
				<time>2022-09-07T14:47:28Z</time>
			</trkpt>
			<trkpt lat="59.94895261224023" lon="30.36994723312333">
				<ele>-1.4786322945728898</ele>
				<time>2022-09-07T14:47:31Z</time>
			</trkpt>
			<trkpt lat="59.94895454666913" lon="30.369988817055926">
				<ele>-2.2796114571392536</ele>
				<time>2022-09-07T14:47:33Z</time>
			</trkpt>
			<trkpt lat="59.948956417646286" lon="30.37005525167511">
				<ele>0.8853920521214604</ele>
				<time>2022-09-07T14:47:35Z</time>
			</trkpt>
			<trkpt lat="59.94896776833732" lon="30.370090585049688">
				<ele>-0.005568121559917927</ele>
				<time>2022-09-07T14:47:37Z</time>
			</trkpt>
			<trkpt lat="59.948967714979986" lon="30.370138198507686">
				<ele>-0.7718073390424252</ele>
				<time>2022-09-07T14:47:39Z</time>
			</trkpt>
			<trkpt lat="59.94896183708151" lon="30.37017289854728">
				<ele>1.0978745222091675</ele>
				<time>2022-09-07T14:47:40Z</time>
			</trkpt>
			<trkpt lat="59.94894871518173" lon="30.370213533632285">
				<ele>1.9175105644389987</ele>
				<time>2022-09-07T14:47:41Z</time>
			</trkpt>
			<trkpt lat="59.9489463324733" lon="30.37025071956234">
				<ele>2.9655471444129944</ele>
				<time>2022-09-07T14:47:42Z</time>
			</trkpt>
			<trkpt lat="59.948951858021324" lon="30.37029503949375">
				<ele>2.876670254394412</ele>
				<time>2022-09-07T14:47:45Z</time>
			</trkpt>
			<trkpt lat="59.94896113106757" lon="30.3703359702226">
				<ele>2.024014750495553</ele>
				<time>2022-09-07T14:47:47Z</time>
			</trkpt>
			<trkpt lat="59.94895418695421" lon="30.37037986682105">
				<ele>2.2274797428399324</ele>
				<time>2022-09-07T14:47:49Z</time>
			</trkpt>
			<trkpt lat="59.948943426875836" lon="30.370439492361513">
				<ele>3.526499319821596</ele>
				<time>2022-09-07T14:47:51Z</time>
			</trkpt>
			<trkpt lat="59.948960038544804" lon="30.370473637420453">
				<ele>0.3184691611677408</ele>
				<time>2022-09-07T14:47:54Z</time>
			</trkpt>
			<trkpt lat="59.948951354655115" lon="30.37052155593298">
				<ele>2.540199166163802</ele>
				<time>2022-09-07T14:47:56Z</time>
			</trkpt>
			<trkpt lat="59.94894987844903" lon="30.370564156879215">
				<ele>1.5018490003421903</ele>
				<time>2022-09-07T14:47:58Z</time>
			</trkpt>
			<trkpt lat="59.94895755636602" lon="30.37061088987225">
				<ele>0.9688926506787539</ele>
				<time>2022-09-07T14:48:00Z</time>
			</trkpt>
			<trkpt lat="59.94894902008961" lon="30.370674125131693">
				<ele>1.3662184160202742</ele>
				<time>2022-09-07T14:48:02Z</time>
			</trkpt>
			<trkpt lat="59.948964030558756" lon="30.370710086758436">
				<ele>-0.7724064718931913</ele>
				<time>2022-09-07T14:48:05Z</time>
			</trkpt>
			<trkpt lat="59.94896092146353" lon="30.370770901648047">
				<ele>0.8084649825468659</ele>
				<time>2022-09-07T14:48:07Z</time>
			</trkpt>
			<trkpt lat="59.94895094588436" lon="30.370824139579344">
				<ele>0.34068078082054853</ele>
				<time>2022-09-07T14:48:09Z</time>
			</trkpt>
			<trkpt lat="59.9489491542164" lon="30.370866600478745">
				<ele>0.12198725901544094</ele>
				<time>2022-09-07T14:48:11Z</time>
			</trkpt>
			<trkpt lat="59.94895262220264" lon="30.370902693792303">
				<ele>0.5544049283489585</ele>
				<time>2022-09-07T14:48:13Z</time>
			</trkpt>
			<trkpt lat="59.94896227894912" lon="30.37094606836902">
				<ele>-0.26479600742459297</ele>
				<time>2022-09-07T14:48:16Z</time>
			</trkpt>
			<trkpt lat="59.94895869536524" lon="30.37098985818272">
				<ele>-2.03339861985296</ele>
				<time>2022-09-07T14:48:18Z</time>
			</trkpt>
			<trkpt lat="59.948952286544014" lon="30.371047616275114">
				<ele>0.5660027647390962</ele>
				<time>2022-09-07T14:48:20Z</time>
			</trkpt>
			<trkpt lat="59.948956493900035" lon="30.371099974853">
				<ele>0.2865862473845482</ele>
				<time>2022-09-07T14:48:22Z</time>
			</trkpt>
			<trkpt lat="59.94895303948694" lon="30.371148580651138">
				<ele>1.2616793727502227</ele>
				<time>2022-09-07T14:48:24Z</time>
			</trkpt>
			<trkpt lat="59.948965075041436" lon="30.37118022947192">
				<ele>-1.0880543496459723</ele>
				<time>2022-09-07T14:48:27Z</time>
			</trkpt>
			<trkpt lat="59.948959087631344" lon="30.371227505567077">
				<ele>-1.722540938295424</ele>
				<time>2022-09-07T14:48:29Z</time>
			</trkpt>
			<trkpt lat="59.94894670918579" lon="30.371260985403666">
				<ele>-0.6370645463466644</ele>
				<time>2022-09-07T14:48:30Z</time>
			</trkpt>
			<trkpt lat="59.94894350136082" lon="30.371312628792605">
				<ele>-0.2859545452520251</ele>
				<time>2022-09-07T14:48:32Z</time>
			</trkpt>
			<trkpt lat="59.94893962685405" lon="30.37135515011504">
				<ele>1.504034899175167</ele>
				<time>2022-09-07T14:48:34Z</time>
			</trkpt>
			<trkpt lat="59.94894404005567" lon="30.371396425626394">
				<ele>-1.8399465028196573</ele>
				<time>2022-09-07T14:48:37Z</time>
			</trkpt>
			<trkpt lat="59.948939949312546" lon="30.371437405097353">
				<ele>-1.253100642003119</ele>
				<time>2022-09-07T14:48:39Z</time>
			</trkpt>
			<trkpt lat="59.94893053140203" lon="30.371491115657378">
				<ele>1.0633612433448434</ele>
				<time>2022-09-07T14:48:41Z</time>
			</trkpt>
			<trkpt lat="59.94893194125485" lon="30.371546433088643">
				<ele>0.37752670142799616</ele>
				<time>2022-09-07T14:48:43Z</time>
			</trkpt>
			<trkpt lat="59.948924831831555" lon="30.3715958554948">
				<ele>1.6576774856075644</ele>
				<time>2022-09-07T14:48:46Z</time>
			</trkpt>
			<trkpt lat="59.9489351186819" lon="30.37163679124126">
				<ele>-0.6912398589774966</ele>
				<time>2022-09-07T14:48:49Z</time>
			</trkpt>
			<trkpt lat="59.94892742420974" lon="30.371679266915404">
				<ele>0.9490273222327232</ele>
				<time>2022-09-07T14:48:51Z</time>
			</trkpt>
			<trkpt lat="59.94892584781417" lon="30.3717342284952">
				<ele>0.5455983886495233</ele>
				<time>2022-09-07T14:48:53Z</time>
			</trkpt>
			<trkpt lat="59.94893599770714" lon="30.371776553168367">
				<ele>-0.513264536857605</ele>
				<time>2022-09-07T14:48:56Z</time>
			</trkpt>
			<trkpt lat="59.948930964451925" lon="30.37182258463487">
				<ele>-1.436312012374401</ele>
				<time>2022-09-07T14:48:58Z</time>
			</trkpt>
			<trkpt lat="59.94893047475194" lon="30.3718782981196">
				<ele>0.8387539573013783</ele>
				<time>2022-09-07T14:49:00Z</time>
			</trkpt>
			<trkpt lat="59.94892469534249" lon="30.37191531553077">
				<ele>1.6270392201840878</ele>
				<time>2022-09-07T14:49:01Z</time>
			</trkpt>
			<trkpt lat="59.94892922309414" lon="30.371974017455692">
				<ele>1.3788399240002036</ele>
				<time>2022-09-07T14:49:04Z</time>
			</trkpt>
			<trkpt lat="59.94893092167211" lon="30.37203155923869">
				<ele>2.4750359039753675</ele>
				<time>2022-09-07T14:49:06Z</time>
			</trkpt>
			<trkpt lat="59.94893054528974" lon="30.372077235520067">
				<ele>0.6263859076425433</ele>
				<time>2022-09-07T14:49:08Z</time>
			</trkpt>
			<trkpt lat="59.948944004871194" lon="30.372113142770708">
				<ele>-0.5435082530602813</ele>
				<time>2022-09-07T14:49:10Z</time>
			</trkpt>
			<trkpt lat="59.948941648648805" lon="30.372159381240724">
				<ele>-0.18451436143368483</ele>
				<time>2022-09-07T14:49:12Z</time>
			</trkpt>
			<trkpt lat="59.94893403208083" lon="30.37221150531905">
				<ele>0.7002151794731617</ele>
				<time>2022-09-07T14:49:14Z</time>
			</trkpt>
			<trkpt lat="59.94893721445151" lon="30.37225730444104">
				<ele>0.35217248275876045</ele>
				<time>2022-09-07T14:49:17Z</time>
			</trkpt>
			<trkpt lat="59.94893796051037" lon="30.372312193279967">
				<ele>-0.8305973205715418</ele>
				<time>2022-09-07T14:49:19Z</time>
			</trkpt>
			<trkpt lat="59.948936006323024" lon="30.37236581597582">
				<ele>-1.656526368111372</ele>
				<time>2022-09-07T14:49:22Z</time>
			</trkpt>
			<trkpt lat="59.94892335605871" lon="30.372419800580616">
				<ele>0.4897224260494113</ele>
				<time>2022-09-07T14:49:24Z</time>
			</trkpt>
			<trkpt lat="59.948913613668616" lon="30.372463212090594">
				<ele>2.0316476030275226</ele>
				<time>2022-09-07T14:49:25Z</time>
			</trkpt>
			<trkpt lat="59.94891096775849" lon="30.372515122449798">
				<ele>1.3981225294992328</ele>
				<time>2022-09-07T14:49:28Z</time>
			</trkpt>
			<trkpt lat="59.94891622501811" lon="30.37255541380821">
				<ele>1.5427142335101962</ele>
				<time>2022-09-07T14:49:30Z</time>
			</trkpt>
			<trkpt lat="59.94891253266586" lon="30.37259562284441">
				<ele>2.4785915473476052</ele>
				<time>2022-09-07T14:49:31Z</time>
			</trkpt>
			<trkpt lat="59.94892431586103" lon="30.372627608648514">
				<ele>-1.0084363957867026</ele>
				<time>2022-09-07T14:49:33Z</time>
			</trkpt>
			<trkpt lat="59.94891149953027" lon="30.372681937493184">
				<ele>-2.9596809577196836</ele>
				<time>2022-09-07T14:49:35Z</time>
			</trkpt>
			<trkpt lat="59.948912901427015" lon="30.37272549221838">
				<ele>0.07474845554679632</ele>
				<time>2022-09-07T14:49:38Z</time>
			</trkpt>
			<trkpt lat="59.948915535468856" lon="30.37276364773754">
				<ele>-0.32687266264110804</ele>
				<time>2022-09-07T14:49:40Z</time>
			</trkpt>
			<trkpt lat="59.948909784385975" lon="30.372798442864443">
				<ele>1.055008064955473</ele>
				<time>2022-09-07T14:49:41Z</time>
			</trkpt>
			<trkpt lat="59.94891160227573" lon="30.37285556017522">
				<ele>1.2811134057119489</ele>
				<time>2022-09-07T14:49:44Z</time>
			</trkpt>
			<trkpt lat="59.94891656052677" lon="30.37289415296629">
				<ele>0.19273805990815163</ele>
				<time>2022-09-07T14:49:46Z</time>
			</trkpt>
			<trkpt lat="59.94891389928068" lon="30.372931648275635">
				<ele>1.4697301127016544</ele>
				<time>2022-09-07T14:49:47Z</time>
			</trkpt>
			<trkpt lat="59.94891391199138" lon="30.372982414538953">
				<ele>1.013643518090248</ele>
				<time>2022-09-07T14:49:49Z</time>
			</trkpt>
			<trkpt lat="59.94890557543816" lon="30.373025321548024">
				<ele>1.3162146722897887</ele>
				<time>2022-09-07T14:49:51Z</time>
			</trkpt>
			<trkpt lat="59.94890650968068" lon="30.373064905415223">
				<ele>2.438207142986357</ele>
				<time>2022-09-07T14:49:53Z</time>
			</trkpt>
			<trkpt lat="59.948924531940435" lon="30.373053250578852">
				<ele>-2.485835649073124</ele>
				<time>2022-09-07T14:49:55Z</time>
			</trkpt>
			<trkpt lat="59.948927013088294" lon="30.37309298032879">
				<ele>-2.968225044198334</ele>
				<time>2022-09-07T14:49:58Z</time>
			</trkpt>
			<trkpt lat="59.94892845286243" lon="30.373151841233486">
				<ele>-0.0717784222215414</ele>
				<time>2022-09-07T14:50:02Z</time>
			</trkpt>
			<trkpt lat="59.94890842456108" lon="30.373229193674675">
				<ele>3.303841469809413</ele>
				<time>2022-09-07T14:50:04Z</time>
			</trkpt>
			<trkpt lat="59.94890300754783" lon="30.373284548736112">
				<ele>1.6836532223969698</ele>
				<time>2022-09-07T14:50:05Z</time>
			</trkpt>
			<trkpt lat="59.948897127228534" lon="30.373332190879463">
				<ele>-0.3654853003099561</ele>
				<time>2022-09-07T14:50:06Z</time>
			</trkpt>
			<trkpt lat="59.94890654832018" lon="30.373388105969052">
				<ele>-1.6122408751398325</ele>
				<time>2022-09-07T14:50:08Z</time>
			</trkpt>
			<trkpt lat="59.94891237732682" lon="30.37342364607688">
				<ele>0.7430832656100392</ele>
				<time>2022-09-07T14:50:10Z</time>
			</trkpt>
			<trkpt lat="59.94892441357682" lon="30.37346431125982">
				<ele>0.06111751962453127</ele>
				<time>2022-09-07T14:50:12Z</time>
			</trkpt>
			<trkpt lat="59.94892553632295" lon="30.373524630796094">
				<ele>2.747198710218072</ele>
				<time>2022-09-07T14:50:14Z</time>
			</trkpt>
			<trkpt lat="59.94892428119381" lon="30.373565219967453">
				<ele>-1.3414214570075274</ele>
				<time>2022-09-07T14:50:17Z</time>
			</trkpt>
			<trkpt lat="59.948931263914766" lon="30.373622312155586">
				<ele>-0.970574957318604</ele>
				<time>2022-09-07T14:50:19Z</time>
			</trkpt>
			<trkpt lat="59.94893335571695" lon="30.373662104647845">
				<ele>-2.7026635771617293</ele>
				<time>2022-09-07T14:50:21Z</time>
			</trkpt>
			<trkpt lat="59.948920784931126" lon="30.373718820759382">
				<ele>-0.6847160905599594</ele>
				<time>2022-09-07T14:50:23Z</time>
			</trkpt>
			<trkpt lat="59.94891434648878" lon="30.373775622078053">
				<ele>-0.5146668879315257</ele>
				<time>2022-09-07T14:50:25Z</time>
			</trkpt>
			<trkpt lat="59.94891218602607" lon="30.373820226791622">
				<ele>-0.14459008071571589</ele>
				<time>2022-09-07T14:50:28Z</time>
			</trkpt>
			<trkpt lat="59.948909181947116" lon="30.37387564240667">
				<ele>-1.1774641498923302</ele>
				<time>2022-09-07T14:50:31Z</time>
			</trkpt>
			<trkpt lat="59.94891162503162" lon="30.373923404103145">
				<ele>-0.6851632781326771</ele>
				<time>2022-09-07T14:50:33Z</time>
			</trkpt>
			<trkpt lat="59.948898342697724" lon="30.373958615324806">
				<ele>-0.11183816473931074</ele>
				<time>2022-09-07T14:50:35Z</time>
			</trkpt>
			<trkpt lat="59.94890880926645" lon="30.373996949349536">
				<ele>0.1589960902929306</ele>
				<time>2022-09-07T14:50:38Z</time>
			</trkpt>
			<trkpt lat="59.94889386619842" lon="30.374046865469893">
				<ele>-2.993790253996849</ele>
				<time>2022-09-07T14:50:43Z</time>
			</trkpt>
			<trkpt lat="59.94888199095275" lon="30.374090066458002">
				<ele>-2.3822270706295967</ele>
				<time>2022-09-07T14:50:45Z</time>
			</trkpt>
			<trkpt lat="59.9488669631821" lon="30.374123410435548">
				<ele>0.17464197892695665</ele>
				<time>2022-09-07T14:50:46Z</time>
			</trkpt>
			<trkpt lat="59.94884215328781" lon="30.374153321816934">
				<ele>3.5384850772097707</ele>
				<time>2022-09-07T14:50:48Z</time>
			</trkpt>
			<trkpt lat="59.94881852201807" lon="30.374181658811935">
				<ele>5.236104656010866</ele>
				<time>2022-09-07T14:50:50Z</time>
			</trkpt>
			<trkpt lat="59.94883976278564" lon="30.374174631226932">
				<ele>6.0771364858374</ele>
				<time>2022-09-07T14:50:54Z</time>
			</trkpt>
			<trkpt lat="59.94885025497228" lon="30.37421163834433">
				<ele>6.6188866859301925</ele>
				<time>2022-09-07T14:50:57Z</time>
			</trkpt>
			<trkpt lat="59.9488465621852" lon="30.374263391163794">
				<ele>6.939284672960639</ele>
				<time>2022-09-07T14:50:59Z</time>
			</trkpt>
			<trkpt lat="59.94884494929496" lon="30.374300287748838">
				<ele>7.079174689017236</ele>
				<time>2022-09-07T14:51:01Z</time>
			</trkpt>
			<trkpt lat="59.948824659348354" lon="30.374409664282773">
				<ele>7.725977531634271</ele>
				<time>2022-09-07T14:51:04Z</time>
			</trkpt>
			<trkpt lat="59.948841206607234" lon="30.37443925134468">
				<ele>7.303680813871324</ele>
				<time>2022-09-07T14:51:05Z</time>
			</trkpt>
			<trkpt lat="59.948860871593375" lon="30.374483193365197">
				<ele>5.909341034479439</ele>
				<time>2022-09-07T14:51:07Z</time>
			</trkpt>
			<trkpt lat="59.94887528676622" lon="30.374529275891156">
				<ele>5.785165650770068</ele>
				<time>2022-09-07T14:51:09Z</time>
			</trkpt>
			<trkpt lat="59.94887270276257" lon="30.37457984464104">
				<ele>6.155559919774532</ele>
				<time>2022-09-07T14:51:12Z</time>
			</trkpt>
			<trkpt lat="59.9488684024775" lon="30.374624020044774">
				<ele>3.1449630381539464</ele>
				<time>2022-09-07T14:51:14Z</time>
			</trkpt>
			<trkpt lat="59.94886416080806" lon="30.374687081399234">
				<ele>4.708666115067899</ele>
				<time>2022-09-07T14:51:16Z</time>
			</trkpt>
			<trkpt lat="59.94886318492737" lon="30.37473799809451">
				<ele>4.098376896232367</ele>
				<time>2022-09-07T14:51:18Z</time>
			</trkpt>
			<trkpt lat="59.948868672827786" lon="30.37477348052233">
				<ele>2.1667740093544126</ele>
				<time>2022-09-07T14:51:20Z</time>
			</trkpt>
			<trkpt lat="59.94887665364333" lon="30.37480810945794">
				<ele>1.370485038496554</ele>
				<time>2022-09-07T14:51:22Z</time>
			</trkpt>
			<trkpt lat="59.9488752943983" lon="30.374850387425706">
				<ele>2.6545888371765614</ele>
				<time>2022-09-07T14:51:24Z</time>
			</trkpt>
			<trkpt lat="59.94887069059195" lon="30.374894800818886">
				<ele>3.224083143286407</ele>
				<time>2022-09-07T14:51:26Z</time>
			</trkpt>
			<trkpt lat="59.948889796311136" lon="30.374912069002274">
				<ele>-0.03861362114548683</ele>
				<time>2022-09-07T14:51:29Z</time>
			</trkpt>
			<trkpt lat="59.94889013498414" lon="30.374949090322954">
				<ele>0.8899171836674213</ele>
				<time>2022-09-07T14:51:31Z</time>
			</trkpt>
			<trkpt lat="59.94888930101404" lon="30.37499496284167">
				<ele>1.107186616398394</ele>
				<time>2022-09-07T14:51:33Z</time>
			</trkpt>
			<trkpt lat="59.9488872775596" lon="30.375035706415606">
				<ele>-0.10797819122672081</ele>
				<time>2022-09-07T14:51:36Z</time>
			</trkpt>
			<trkpt lat="59.94888063976179" lon="30.375103194786664">
				<ele>1.4343541311100125</ele>
				<time>2022-09-07T14:51:38Z</time>
			</trkpt>
			<trkpt lat="59.94888142714456" lon="30.3751578640044">
				<ele>3.899672834202647</ele>
				<time>2022-09-07T14:51:41Z</time>
			</trkpt>
			<trkpt lat="59.948876060524704" lon="30.375119633908668">
				<ele>1.3918663393706083</ele>
				<time>2022-09-07T14:51:45Z</time>
			</trkpt>
			<trkpt lat="59.94889895179772" lon="30.375118060730138">
				<ele>0.7467622105032206</ele>
				<time>2022-09-07T14:51:47Z</time>
			</trkpt>
			<trkpt lat="59.94891502813937" lon="30.375134816076717">
				<ele>1.3882503071799874</ele>
				<time>2022-09-07T14:51:48Z</time>
			</trkpt>
			<trkpt lat="59.948935280774556" lon="30.375155052693408">
				<ele>2.213073991239071</ele>
				<time>2022-09-07T14:51:50Z</time>
			</trkpt>
			<trkpt lat="59.948942309349206" lon="30.37522424231014">
				<ele>3.634769649244845</ele>
				<time>2022-09-07T14:51:51Z</time>
			</trkpt>
			<trkpt lat="59.94895946278926" lon="30.37521342182692">
				<ele>2.717357528395951</ele>
				<time>2022-09-07T14:51:53Z</time>
			</trkpt>
			<trkpt lat="59.94898120172269" lon="30.375226042869823">
				<ele>3.5028991885483265</ele>
				<time>2022-09-07T14:51:55Z</time>
			</trkpt>
			<trkpt lat="59.94898939408912" lon="30.375270144709887">
				<ele>2.9921715958043933</ele>
				<time>2022-09-07T14:51:57Z</time>
			</trkpt>
			<trkpt lat="59.948993773971466" lon="30.375307564584823">
				<ele>1.1825335947796702</ele>
				<time>2022-09-07T14:51:59Z</time>
			</trkpt>
			<trkpt lat="59.94899615914153" lon="30.375354002139343">
				<ele>1.4449142226949334</ele>
				<time>2022-09-07T14:52:02Z</time>
			</trkpt>
			<trkpt lat="59.94900740997985" lon="30.375322959887065">
				<ele>2.296023583970964</ele>
				<time>2022-09-07T14:52:12Z</time>
			</trkpt>
			<trkpt lat="59.94902677237605" lon="30.375307682620676">
				<ele>0.522817182354629</ele>
				<time>2022-09-07T14:52:14Z</time>
			</trkpt>
			<trkpt lat="59.94905363631" lon="30.37527455993652">
				<ele>1.2151491465047002</ele>
				<time>2022-09-07T14:52:16Z</time>
			</trkpt>
			<trkpt lat="59.94908521089831" lon="30.37528253681647">
				<ele>1.3892278503626585</ele>
				<time>2022-09-07T14:52:18Z</time>
			</trkpt>
			<trkpt lat="59.94909209333061" lon="30.37531578817512">
				<ele>-1.0454300018027425</ele>
				<time>2022-09-07T14:52:20Z</time>
			</trkpt>
			<trkpt lat="59.949099443765036" lon="30.375366296786225">
				<ele>-0.06688597612082958</ele>
				<time>2022-09-07T14:52:22Z</time>
			</trkpt>
			<trkpt lat="59.949103657871554" lon="30.375403236735856">
				<ele>0.20240001287311316</ele>
				<time>2022-09-07T14:52:24Z</time>
			</trkpt>
			<trkpt lat="59.94911422717128" lon="30.375440811645294">
				<ele>2.128430393524468</ele>
				<time>2022-09-07T14:52:26Z</time>
			</trkpt>
			<trkpt lat="59.949129207626946" lon="30.3754686880231">
				<ele>2.3043837370350957</ele>
				<time>2022-09-07T14:52:28Z</time>
			</trkpt>
			<trkpt lat="59.94914559640762" lon="30.37550459685157">
				<ele>2.7100987983867526</ele>
				<time>2022-09-07T14:52:31Z</time>
			</trkpt>
			<trkpt lat="59.949166854658024" lon="30.37553565183787">
				<ele>-0.656458961777389</ele>
				<time>2022-09-07T14:52:35Z</time>
			</trkpt>
			<trkpt lat="59.94916966574907" lon="30.375572086725136">
				<ele>-0.19799971487373114</ele>
				<time>2022-09-07T14:52:37Z</time>
			</trkpt>
			<trkpt lat="59.94918509285977" lon="30.375616455154262">
				<ele>-0.08156451676040888</ele>
				<time>2022-09-07T14:52:39Z</time>
			</trkpt>
			<trkpt lat="59.94919173314687" lon="30.375656479486032">
				<ele>0.2577882381156087</ele>
				<time>2022-09-07T14:52:42Z</time>
			</trkpt>
			<trkpt lat="59.94920043462828" lon="30.37569953626767">
				<ele>-2.1238891519606113</ele>
				<time>2022-09-07T14:52:45Z</time>
			</trkpt>
			<trkpt lat="59.94921098638984" lon="30.37573000199586">
				<ele>-2.4082561805844307</ele>
				<time>2022-09-07T14:52:47Z</time>
			</trkpt>
			<trkpt lat="59.94922528379082" lon="30.37577031610218">
				<ele>-0.6331759002059698</ele>
				<time>2022-09-07T14:52:49Z</time>
			</trkpt>
			<trkpt lat="59.94924360358473" lon="30.375807029021136">
				<ele>0.9658351829275489</ele>
				<time>2022-09-07T14:52:51Z</time>
			</trkpt>
			<trkpt lat="59.94926607946086" lon="30.375821151343033">
				<ele>2.3604721557348967</ele>
				<time>2022-09-07T14:52:53Z</time>
			</trkpt>
			<trkpt lat="59.94927608098396" lon="30.37586277154542">
				<ele>3.432688834145665</ele>
				<time>2022-09-07T14:52:56Z</time>
			</trkpt>
			<trkpt lat="59.94928618776179" lon="30.375907212271514">
				<ele>2.5109212528914213</ele>
				<time>2022-09-07T14:52:58Z</time>
			</trkpt>
			<trkpt lat="59.94929398685435" lon="30.375945905048585">
				<ele>3.4250325663015246</ele>
				<time>2022-09-07T14:52:59Z</time>
			</trkpt>
			<trkpt lat="59.94931397566754" lon="30.37596226018366">
				<ele>3.1089824102818966</ele>
				<time>2022-09-07T14:53:01Z</time>
			</trkpt>
			<trkpt lat="59.9493416130752" lon="30.375975593711317">
				<ele>3.7404719227924943</ele>
				<time>2022-09-07T14:53:03Z</time>
			</trkpt>
			<trkpt lat="59.94935557625568" lon="30.375931944341104">
				<ele>-3.544474576599896</ele>
				<time>2022-09-07T14:53:06Z</time>
			</trkpt>
			<trkpt lat="59.9493742646052" lon="30.375888385349757">
				<ele>-3.145959581248462</ele>
				<time>2022-09-07T14:53:09Z</time>
			</trkpt>
			<trkpt lat="59.949383268091474" lon="30.37585317483936">
				<ele>-3.9336225651204586</ele>
				<time>2022-09-07T14:53:11Z</time>
			</trkpt>
			<trkpt lat="59.94939232637744" lon="30.375815796507673">
				<ele>-4.603020862676203</ele>
				<time>2022-09-07T14:53:13Z</time>
			</trkpt>
			<trkpt lat="59.949399105789446" lon="30.37576753155329">
				<ele>-2.843926872126758</ele>
				<time>2022-09-07T14:53:15Z</time>
			</trkpt>
			<trkpt lat="59.94940319345285" lon="30.375714410017153">
				<ele>-2.3650892032310367</ele>
				<time>2022-09-07T14:53:17Z</time>
			</trkpt>
			<trkpt lat="59.949409809808586" lon="30.375678446763764">
				<ele>-4.188355597667396</ele>
				<time>2022-09-07T14:53:23Z</time>
			</trkpt>
			<trkpt lat="59.949409664131565" lon="30.37563421369151">
				<ele>0.024590921588242054</ele>
				<time>2022-09-07T14:53:25Z</time>
			</trkpt>
			<trkpt lat="59.94942543280828" lon="30.375658035882427">
				<ele>-0.8033889448270202</ele>
				<time>2022-09-07T14:53:33Z</time>
			</trkpt>
			<trkpt lat="59.949423838441156" lon="30.375694184946965">
				<ele>-0.570538648404181</ele>
				<time>2022-09-07T14:53:37Z</time>
			</trkpt>
			<trkpt lat="59.949425071203706" lon="30.37574405322617">
				<ele>1.6430445648729801</ele>
				<time>2022-09-07T14:53:40Z</time>
			</trkpt>
			<trkpt lat="59.949415752880284" lon="30.375794521750176">
				<ele>2.781910511665046</ele>
				<time>2022-09-07T14:53:42Z</time>
			</trkpt>
			<trkpt lat="59.94942466001705" lon="30.375836260707082">
				<ele>6.941225467249751</ele>
				<time>2022-09-07T14:53:44Z</time>
			</trkpt>
			<trkpt lat="59.94943887666713" lon="30.37588454925224">
				<ele>9.453064913861454</ele>
				<time>2022-09-07T14:53:46Z</time>
			</trkpt>
			<trkpt lat="59.949447801723615" lon="30.375921287690506">
				<ele>8.289407656528056</ele>
				<time>2022-09-07T14:53:48Z</time>
			</trkpt>
			<trkpt lat="59.94943766221365" lon="30.375971920367462">
				<ele>9.371765847317874</ele>
				<time>2022-09-07T14:53:51Z</time>
			</trkpt>
			<trkpt lat="59.94943436671563" lon="30.37601067578195">
				<ele>6.421006927266717</ele>
				<time>2022-09-07T14:53:54Z</time>
			</trkpt>
			<trkpt lat="59.94943540356847" lon="30.376055815993368">
				<ele>9.225425135344267</ele>
				<time>2022-09-07T14:53:56Z</time>
			</trkpt>
			<trkpt lat="59.94943084909332" lon="30.376103817188728">
				<ele>8.484964305534959</ele>
				<time>2022-09-07T14:53:59Z</time>
			</trkpt>
			<trkpt lat="59.94942518285582" lon="30.37615281328597">
				<ele>9.467381314374506</ele>
				<time>2022-09-07T14:54:01Z</time>
			</trkpt>
			<trkpt lat="59.94939948456099" lon="30.376156644517113">
				<ele>7.265844278968871</ele>
				<time>2022-09-07T14:54:03Z</time>
			</trkpt>
			<trkpt lat="59.94937119512567" lon="30.376196162501145">
				<ele>5.150415361858904</ele>
				<time>2022-09-07T14:54:06Z</time>
			</trkpt>
			<trkpt lat="59.94935331577536" lon="30.37622748914147">
				<ele>2.8878822661936283</ele>
				<time>2022-09-07T14:54:08Z</time>
			</trkpt>
			<trkpt lat="59.94933406785246" lon="30.376253641431735">
				<ele>3.281729287467897</ele>
				<time>2022-09-07T14:54:11Z</time>
			</trkpt>
			<trkpt lat="59.949317555747" lon="30.376281934371022">
				<ele>6.360615151934326</ele>
				<time>2022-09-07T14:54:13Z</time>
			</trkpt>
			<trkpt lat="59.94931593544042" lon="30.37631890323029">
				<ele>6.439642269164324</ele>
				<time>2022-09-07T14:54:15Z</time>
			</trkpt>
			<trkpt lat="59.94930816851173" lon="30.37637116402237">
				<ele>8.201117510907352</ele>
				<time>2022-09-07T14:54:17Z</time>
			</trkpt>
			<trkpt lat="59.94930442086487" lon="30.37643141130074">
				<ele>7.888223996385932</ele>
				<time>2022-09-07T14:54:20Z</time>
			</trkpt>
			<trkpt lat="59.94929411160188" lon="30.3764810233481">
				<ele>8.025672849267721</ele>
				<time>2022-09-07T14:54:22Z</time>
			</trkpt>
			<trkpt lat="59.94928649193174" lon="30.376520109396825">
				<ele>7.652240944094956</ele>
				<time>2022-09-07T14:54:25Z</time>
			</trkpt>
			<trkpt lat="59.949276951960194" lon="30.376550780545895">
				<ele>8.895021744072437</ele>
				<time>2022-09-07T14:54:28Z</time>
			</trkpt>
			<trkpt lat="59.94926436762514" lon="30.376589789380528">
				<ele>5.422098618932068</ele>
				<time>2022-09-07T14:54:30Z</time>
			</trkpt>
			<trkpt lat="59.949250954594554" lon="30.376633997577304">
				<ele>6.512229410931468</ele>
				<time>2022-09-07T14:54:32Z</time>
			</trkpt>
			<trkpt lat="59.949234900948035" lon="30.376665880728243">
				<ele>3.5456284573301673</ele>
				<time>2022-09-07T14:54:35Z</time>
			</trkpt>
			<trkpt lat="59.94922583427316" lon="30.37671059806527">
				<ele>5.259962967596948</ele>
				<time>2022-09-07T14:54:37Z</time>
			</trkpt>
			<trkpt lat="59.94921873672966" lon="30.376747769078882">
				<ele>8.822060828097165</ele>
				<time>2022-09-07T14:54:39Z</time>
			</trkpt>
			<trkpt lat="59.94921105879545" lon="30.376789589765878">
				<ele>9.005779381841421</ele>
				<time>2022-09-07T14:54:42Z</time>
			</trkpt>
			<trkpt lat="59.9491998580076" lon="30.37683659409639">
				<ele>9.037029261700809</ele>
				<time>2022-09-07T14:54:44Z</time>
			</trkpt>
			<trkpt lat="59.94918791755125" lon="30.37686563525839">
				<ele>6.5453111212700605</ele>
				<time>2022-09-07T14:54:46Z</time>
			</trkpt>
			<trkpt lat="59.94918030739171" lon="30.37689861363386">
				<ele>6.9170574368909</ele>
				<time>2022-09-07T14:54:48Z</time>
			</trkpt>
			<trkpt lat="59.94918110235567" lon="30.376936608336006">
				<ele>9.84033381473273</ele>
				<time>2022-09-07T14:54:49Z</time>
			</trkpt>
			<trkpt lat="59.949163937365135" lon="30.376985501074483">
				<ele>5.981428322382271</ele>
				<time>2022-09-07T14:54:52Z</time>
			</trkpt>
			<trkpt lat="59.949153805801885" lon="30.377030856808428">
				<ele>5.586766278371215</ele>
				<time>2022-09-07T14:54:54Z</time>
			</trkpt>
			<trkpt lat="59.949145560150626" lon="30.377077866281248">
				<ele>4.341881442815065</ele>
				<time>2022-09-07T14:54:57Z</time>
			</trkpt>
			<trkpt lat="59.94913747851092" lon="30.377120188490814">
				<ele>5.837714981287718</ele>
				<time>2022-09-07T14:54:58Z</time>
			</trkpt>
			<trkpt lat="59.94912014827206" lon="30.377156141023168">
				<ele>6.339204643853009</ele>
				<time>2022-09-07T14:55:02Z</time>
			</trkpt>
			<trkpt lat="59.94910109590887" lon="30.377184150502135">
				<ele>3.647083153948188</ele>
				<time>2022-09-07T14:55:06Z</time>
			</trkpt>
			<trkpt lat="59.949091554446014" lon="30.377231911132093">
				<ele>5.5931906988844275</ele>
				<time>2022-09-07T14:55:09Z</time>
			</trkpt>
			<trkpt lat="59.94908526488749" lon="30.377284756469567">
				<ele>4.793379669077694</ele>
				<time>2022-09-07T14:55:12Z</time>
			</trkpt>
			<trkpt lat="59.9490863196977" lon="30.377325382418444">
				<ele>10.835844423621893</ele>
				<time>2022-09-07T14:55:15Z</time>
			</trkpt>
			<trkpt lat="59.94908831184255" lon="30.3773611687182">
				<ele>11.958276830613613</ele>
				<time>2022-09-07T14:55:16Z</time>
			</trkpt>
			<trkpt lat="59.949109586576505" lon="30.37734453931753">
				<ele>13.357301090843976</ele>
				<time>2022-09-07T14:55:18Z</time>
			</trkpt>
			<trkpt lat="59.949110431585076" lon="30.377381021739346">
				<ele>13.67656961362809</ele>
				<time>2022-09-07T14:55:19Z</time>
			</trkpt>
			<trkpt lat="59.949116379534615" lon="30.37741926216822">
				<ele>13.234168737195432</ele>
				<time>2022-09-07T14:55:21Z</time>
			</trkpt>
			<trkpt lat="59.9491279447751" lon="30.377377745678668">
				<ele>8.151119988411665</ele>
				<time>2022-09-07T14:55:36Z</time>
			</trkpt>
			<trkpt lat="59.94914660522735" lon="30.377364207620417">
				<ele>7.265810456126928</ele>
				<time>2022-09-07T14:55:39Z</time>
			</trkpt>
			<trkpt lat="59.949168352865" lon="30.377367302378293">
				<ele>7.228532817214727</ele>
				<time>2022-09-07T14:55:41Z</time>
			</trkpt>
			<trkpt lat="59.94919821286604" lon="30.377359839701356">
				<ele>4.2252663895487785</ele>
				<time>2022-09-07T14:55:46Z</time>
			</trkpt>
			<trkpt lat="59.94921609589147" lon="30.37736550966764">
				<ele>2.994815854355693</ele>
				<time>2022-09-07T14:55:48Z</time>
			</trkpt>
			<trkpt lat="59.949239605008884" lon="30.377390787269135">
				<ele>-2.467067390680313</ele>
				<time>2022-09-07T14:55:52Z</time>
			</trkpt>
			<trkpt lat="59.94926681739679" lon="30.377363626514438">
				<ele>-1.3308797841891646</ele>
				<time>2022-09-07T14:55:56Z</time>
			</trkpt>
			<trkpt lat="59.94928477857111" lon="30.377337998630754">
				<ele>-1.7002216149121523</ele>
				<time>2022-09-07T14:55:58Z</time>
			</trkpt>
			<trkpt lat="59.94929831320089" lon="30.377284410527885">
				<ele>-2.300786228850484</ele>
				<time>2022-09-07T14:56:01Z</time>
			</trkpt>
			<trkpt lat="59.94930159916879" lon="30.377234199303846">
				<ele>1.3213610220700502</ele>
				<time>2022-09-07T14:56:03Z</time>
			</trkpt>
			<trkpt lat="59.94931196602576" lon="30.377168628668574">
				<ele>0.592618609778583</ele>
				<time>2022-09-07T14:56:06Z</time>
			</trkpt>
			<trkpt lat="59.94932782395579" lon="30.377149124697876">
				<ele>0.5279387198388577</ele>
				<time>2022-09-07T14:56:07Z</time>
			</trkpt>
			<trkpt lat="59.9493500672548" lon="30.377112457024307">
				<ele>0.801411627791822</ele>
				<time>2022-09-07T14:56:11Z</time>
			</trkpt>
			<trkpt lat="59.94936558455175" lon="30.37709331235082">
				<ele>2.4501777021214366</ele>
				<time>2022-09-07T14:56:12Z</time>
			</trkpt>
			<trkpt lat="59.94937823025395" lon="30.377065695395803">
				<ele>3.5984297171235085</ele>
				<time>2022-09-07T14:56:14Z</time>
			</trkpt>
			<trkpt lat="59.949390647476115" lon="30.377025516956408">
				<ele>1.6771349469199777</ele>
				<time>2022-09-07T14:56:17Z</time>
			</trkpt>
			<trkpt lat="59.949402429750656" lon="30.376983345490547">
				<ele>1.5358189530670643</ele>
				<time>2022-09-07T14:56:20Z</time>
			</trkpt>
			<trkpt lat="59.94939650571353" lon="30.37694377141586">
				<ele>2.246247699484229</ele>
				<time>2022-09-07T14:56:22Z</time>
			</trkpt>
			<trkpt lat="59.949411726362975" lon="30.37690299496868">
				<ele>-0.27458994649350643</ele>
				<time>2022-09-07T14:56:25Z</time>
			</trkpt>
			<trkpt lat="59.949422219309035" lon="30.376858229552667">
				<ele>-1.1939616110175848</ele>
				<time>2022-09-07T14:56:29Z</time>
			</trkpt>
			<trkpt lat="59.94941211042367" lon="30.376820404514465">
				<ele>-0.9154963884502649</ele>
				<time>2022-09-07T14:56:35Z</time>
			</trkpt>
			<trkpt lat="59.94939199366955" lon="30.37680404796524">
				<ele>-0.9135177871212363</ele>
				<time>2022-09-07T14:56:47Z</time>
			</trkpt>
			<trkpt lat="59.94937404392383" lon="30.376817543518776">
				<ele>-1.2824689922854304</ele>
				<time>2022-09-07T14:56:52Z</time>
			</trkpt>
			<trkpt lat="59.94939204259065" lon="30.376807750531412">
				<ele>-1.0785294650122523</ele>
				<time>2022-09-07T14:57:01Z</time>
			</trkpt>
			<trkpt lat="59.94940454737002" lon="30.3767776387254">
				<ele>1.7632226962596178</ele>
				<time>2022-09-07T14:57:05Z</time>
			</trkpt>
			<trkpt lat="59.949412985114854" lon="30.376726636957496">
				<ele>-2.1770737636834383</ele>
				<time>2022-09-07T14:57:07Z</time>
			</trkpt>
			<trkpt lat="59.94941025382389" lon="30.376682572015994">
				<ele>-1.6835624873638153</ele>
				<time>2022-09-07T14:57:09Z</time>
			</trkpt>
			<trkpt lat="59.949400524061794" lon="30.376629142433714">
				<ele>1.2595924148336053</ele>
				<time>2022-09-07T14:57:11Z</time>
			</trkpt>
			<trkpt lat="59.9493947853816" lon="30.376589682017663">
				<ele>2.0374076906591654</ele>
				<time>2022-09-07T14:57:14Z</time>
			</trkpt>
			<trkpt lat="59.949381862031494" lon="30.376559821897747">
				<ele>3.4003682462498546</ele>
				<time>2022-09-07T14:57:15Z</time>
			</trkpt>
			<trkpt lat="59.94937918057653" lon="30.376514374567375">
				<ele>-0.5989565281197429</ele>
				<time>2022-09-07T14:57:19Z</time>
			</trkpt>
			<trkpt lat="59.94937387149458" lon="30.37646350888384">
				<ele>2.0039516324177384</ele>
				<time>2022-09-07T14:57:21Z</time>
			</trkpt>
			<trkpt lat="59.94936094081146" lon="30.376417685649837">
				<ele>3.0638813050463796</ele>
				<time>2022-09-07T14:57:23Z</time>
			</trkpt>
			<trkpt lat="59.949360750510536" lon="30.376368573491117">
				<ele>4.063691011629999</ele>
				<time>2022-09-07T14:57:25Z</time>
			</trkpt>
			<trkpt lat="59.94936035465402" lon="30.376320738090875">
				<ele>2.532449468038976</ele>
				<time>2022-09-07T14:57:28Z</time>
			</trkpt>
			<trkpt lat="59.94935738142289" lon="30.37628288970976">
				<ele>3.0953897619619966</ele>
				<time>2022-09-07T14:57:30Z</time>
			</trkpt>
			<trkpt lat="59.94935211801104" lon="30.37624348675518">
				<ele>5.0490111680701375</ele>
				<time>2022-09-07T14:57:31Z</time>
			</trkpt>
			<trkpt lat="59.94935971735776" lon="30.37619974427297">
				<ele>0.3182570328935981</ele>
				<time>2022-09-07T14:57:35Z</time>
			</trkpt>
			<trkpt lat="59.9493487819877" lon="30.376167147819245">
				<ele>3.293199392966926</ele>
				<time>2022-09-07T14:57:36Z</time>
			</trkpt>
			<trkpt lat="59.94933936237044" lon="30.37613007506126">
				<ele>1.427776487544179</ele>
				<time>2022-09-07T14:57:39Z</time>
			</trkpt>
			<trkpt lat="59.949324521325735" lon="30.37608247170969">
				<ele>2.222659330815077</ele>
				<time>2022-09-07T14:57:42Z</time>
			</trkpt>
			<trkpt lat="59.94930970597299" lon="30.376053910192994">
				<ele>1.5317867379635572</ele>
				<time>2022-09-07T14:57:44Z</time>
			</trkpt>
			<trkpt lat="59.949302874664276" lon="30.376019909480394">
				<ele>1.7805794849991798</ele>
				<time>2022-09-07T14:57:46Z</time>
			</trkpt>
			<trkpt lat="59.94929397246284" lon="30.375986153564476">
				<ele>4.026786619797349</ele>
				<time>2022-09-07T14:57:47Z</time>
			</trkpt>
			<trkpt lat="59.949289679568864" lon="30.3759475729021">
				<ele>1.0996267851442099</ele>
				<time>2022-09-07T14:57:50Z</time>
			</trkpt>
			<trkpt lat="59.949278710483554" lon="30.37591669164837">
				<ele>0.7088798098266125</ele>
				<time>2022-09-07T14:57:52Z</time>
			</trkpt>
			<trkpt lat="59.94927221730155" lon="30.3758765058426">
				<ele>0.3977283490821719</ele>
				<time>2022-09-07T14:57:55Z</time>
			</trkpt>
			<trkpt lat="59.94926245250837" lon="30.37582837085175">
				<ele>2.2985354978591204</ele>
				<time>2022-09-07T14:57:57Z</time>
			</trkpt>
			<trkpt lat="59.949248206998796" lon="30.37580621642878">
				<ele>-1.962170203216374</ele>
				<time>2022-09-07T14:58:00Z</time>
			</trkpt>
			<trkpt lat="59.949234365900665" lon="30.375770937684393">
				<ele>-1.5421562725678086</ele>
				<time>2022-09-07T14:58:02Z</time>
			</trkpt>
			<trkpt lat="59.949224221114896" lon="30.375738898203373">
				<ele>-0.24558887723833323</ele>
				<time>2022-09-07T14:58:04Z</time>
			</trkpt>
			<trkpt lat="59.94920860922875" lon="30.37570792049317">
				<ele>-0.7844476662576199</ele>
				<time>2022-09-07T14:58:06Z</time>
			</trkpt>
			<trkpt lat="59.94919735693119" lon="30.375666337625045">
				<ele>-0.20300488639622927</ele>
				<time>2022-09-07T14:58:08Z</time>
			</trkpt>
			<trkpt lat="59.94917861515325" lon="30.375628366000335">
				<ele>0.8637340124696493</ele>
				<time>2022-09-07T14:58:10Z</time>
			</trkpt>
			<trkpt lat="59.94916847855515" lon="30.375582094315583">
				<ele>-1.083825619891286</ele>
				<time>2022-09-07T14:58:13Z</time>
			</trkpt>
			<trkpt lat="59.94915528694686" lon="30.37554704294593">
				<ele>-0.6337434565648437</ele>
				<time>2022-09-07T14:58:15Z</time>
			</trkpt>
			<trkpt lat="59.94914115032727" lon="30.375507620704948">
				<ele>1.5626064222306013</ele>
				<time>2022-09-07T14:58:17Z</time>
			</trkpt>
			<trkpt lat="59.94911506282196" lon="30.37547653478516">
				<ele>-0.7097458345815539</ele>
				<time>2022-09-07T14:58:20Z</time>
			</trkpt>
			<trkpt lat="59.94909407952795" lon="30.37544788492417">
				<ele>1.4242140399292111</ele>
				<time>2022-09-07T14:58:23Z</time>
			</trkpt>
			<trkpt lat="59.949073755225534" lon="30.375429809947164">
				<ele>0.1673042131587863</ele>
				<time>2022-09-07T14:58:25Z</time>
			</trkpt>
			<trkpt lat="59.94905496466151" lon="30.37541557951186">
				<ele>0.42649360094219446</ele>
				<time>2022-09-07T14:58:27Z</time>
			</trkpt>
			<trkpt lat="59.94902845286153" lon="30.37540098307365">
				<ele>-0.3852245667949319</ele>
				<time>2022-09-07T14:58:30Z</time>
			</trkpt>
			<trkpt lat="59.94900909314869" lon="30.37542372273412">
				<ele>1.4274321431294084</ele>
				<time>2022-09-07T14:58:33Z</time>
			</trkpt>
			<trkpt lat="59.94899012128885" lon="30.37542904488153">
				<ele>-1.276988540776074</ele>
				<time>2022-09-07T14:58:37Z</time>
			</trkpt>
			<trkpt lat="59.94899584540682" lon="30.375387902604363">
				<ele>-0.8214231440797448</ele>
				<time>2022-09-07T14:58:48Z</time>
			</trkpt>
			<trkpt lat="59.94900741455118" lon="30.37535681260713">
				<ele>-0.5650604711845517</ele>
				<time>2022-09-07T14:58:50Z</time>
			</trkpt>
			<trkpt lat="59.94899910949829" lon="30.375298419342606">
				<ele>2.2026915065944195</ele>
				<time>2022-09-07T14:58:52Z</time>
			</trkpt>
			<trkpt lat="59.948986261032026" lon="30.375261934260237">
				<ele>2.724033998325467</ele>
				<time>2022-09-07T14:58:54Z</time>
			</trkpt>
			<trkpt lat="59.94896509046584" lon="30.375264163240583">
				<ele>1.3283810624852777</ele>
				<time>2022-09-07T14:58:57Z</time>
			</trkpt>
			<trkpt lat="59.94894116458286" lon="30.37525650957079">
				<ele>0.6915115220472217</ele>
				<time>2022-09-07T14:58:59Z</time>
			</trkpt>
			<trkpt lat="59.94891884159609" lon="30.375242741441056">
				<ele>1.2665098123252392</ele>
				<time>2022-09-07T14:59:01Z</time>
			</trkpt>
			<trkpt lat="59.94889843436181" lon="30.375239410067742">
				<ele>0.775138258934021</ele>
				<time>2022-09-07T14:59:03Z</time>
			</trkpt>
			<trkpt lat="59.94887751284159" lon="30.375229912936494">
				<ele>1.5623433766886592</ele>
				<time>2022-09-07T14:59:05Z</time>
			</trkpt>
			<trkpt lat="59.94886664481995" lon="30.37526020545927">
				<ele>0.48613098729401827</ele>
				<time>2022-09-07T14:59:08Z</time>
			</trkpt>
			<trkpt lat="59.948856485445994" lon="30.37533081672814">
				<ele>2.726986525580287</ele>
				<time>2022-09-07T14:59:10Z</time>
			</trkpt>
			<trkpt lat="59.94884881677465" lon="30.375386302859674">
				<ele>2.020559588447213</ele>
				<time>2022-09-07T14:59:12Z</time>
			</trkpt>
			<trkpt lat="59.94885284243582" lon="30.37543243060347">
				<ele>3.987110177986324</ele>
				<time>2022-09-07T14:59:14Z</time>
			</trkpt>
			<trkpt lat="59.94885512121683" lon="30.375474562247526">
				<ele>3.1870484724640846</ele>
				<time>2022-09-07T14:59:16Z</time>
			</trkpt>
			<trkpt lat="59.948850039108194" lon="30.37552086964318">
				<ele>5.133115344680846</ele>
				<time>2022-09-07T14:59:18Z</time>
			</trkpt>
			<trkpt lat="59.948855125992765" lon="30.375579928074025">
				<ele>6.208505846560001</ele>
				<time>2022-09-07T14:59:21Z</time>
			</trkpt>
			<trkpt lat="59.94886216491631" lon="30.37563036675946">
				<ele>4.74665018171072</ele>
				<time>2022-09-07T14:59:24Z</time>
			</trkpt>
			<trkpt lat="59.94886203343931" lon="30.375668027703274">
				<ele>6.159574596211314</ele>
				<time>2022-09-07T14:59:26Z</time>
			</trkpt>
			<trkpt lat="59.94886689151681" lon="30.37571210058341">
				<ele>5.209437355399132</ele>
				<time>2022-09-07T14:59:28Z</time>
			</trkpt>
			<trkpt lat="59.948871404837476" lon="30.375757047135416">
				<ele>4.864073354750872</ele>
				<time>2022-09-07T14:59:30Z</time>
			</trkpt>
			<trkpt lat="59.94887234842328" lon="30.375799767981935">
				<ele>5.18807074893266</ele>
				<time>2022-09-07T14:59:32Z</time>
			</trkpt>
			<trkpt lat="59.94887350194754" lon="30.375847406341542">
				<ele>4.230881213210523</ele>
				<time>2022-09-07T14:59:34Z</time>
			</trkpt>
			<trkpt lat="59.94886686919371" lon="30.375886852612467">
				<ele>3.061661357060075</ele>
				<time>2022-09-07T14:59:36Z</time>
			</trkpt>
			<trkpt lat="59.94886760350195" lon="30.37594599562731">
				<ele>3.8540158020332456</ele>
				<time>2022-09-07T14:59:39Z</time>
			</trkpt>
			<trkpt lat="59.94886411428477" lon="30.375982225037383">
				<ele>1.1460225339978933</ele>
				<time>2022-09-07T14:59:41Z</time>
			</trkpt>
			<trkpt lat="59.94887432246075" lon="30.37601425592336">
				<ele>3.210616424679756</ele>
				<time>2022-09-07T14:59:43Z</time>
			</trkpt>
			<trkpt lat="59.94886760883397" lon="30.376051290745515">
				<ele>1.8692132979631424</ele>
				<time>2022-09-07T14:59:45Z</time>
			</trkpt>
			<trkpt lat="59.94886675915385" lon="30.376109846554904">
				<ele>4.363775037229061</ele>
				<time>2022-09-07T14:59:47Z</time>
			</trkpt>
			<trkpt lat="59.94886535221984" lon="30.376151880700103">
				<ele>4.175765700638294</ele>
				<time>2022-09-07T14:59:50Z</time>
			</trkpt>
			<trkpt lat="59.948863388287364" lon="30.376190709117978">
				<ele>3.070801993831992</ele>
				<time>2022-09-07T14:59:52Z</time>
			</trkpt>
			<trkpt lat="59.94885969248177" lon="30.37623863493131">
				<ele>1.7234308002516627</ele>
				<time>2022-09-07T14:59:55Z</time>
			</trkpt>
			<trkpt lat="59.948859607141316" lon="30.376279332259493">
				<ele>0.2754089217633009</ele>
				<time>2022-09-07T14:59:57Z</time>
			</trkpt>
			<trkpt lat="59.94885190054679" lon="30.37633521954578">
				<ele>2.587161256931722</ele>
				<time>2022-09-07T14:59:59Z</time>
			</trkpt>
			<trkpt lat="59.94885143486313" lon="30.376378022351734">
				<ele>3.0967304091900587</ele>
				<time>2022-09-07T15:00:01Z</time>
			</trkpt>
			<trkpt lat="59.94885196880232" lon="30.376434778752905">
				<ele>-0.04891962930560112</ele>
				<time>2022-09-07T15:00:04Z</time>
			</trkpt>
			<trkpt lat="59.94885157926642" lon="30.376478498340692">
				<ele>2.181611020117998</ele>
				<time>2022-09-07T15:00:06Z</time>
			</trkpt>
			<trkpt lat="59.948853620231795" lon="30.37652373964936">
				<ele>3.6381630217656493</ele>
				<time>2022-09-07T15:00:08Z</time>
			</trkpt>
			<trkpt lat="59.94884698525685" lon="30.376575182286214">
				<ele>-0.03831340931355953</ele>
				<time>2022-09-07T15:00:11Z</time>
			</trkpt>
			<trkpt lat="59.94884859695644" lon="30.376623792305768">
				<ele>1.6836777636781335</ele>
				<time>2022-09-07T15:00:13Z</time>
			</trkpt>
			<trkpt lat="59.948839723766184" lon="30.37668103270348">
				<ele>2.8882213681936264</ele>
				<time>2022-09-07T15:00:15Z</time>
			</trkpt>
			<trkpt lat="59.94885029381488" lon="30.37672362797054">
				<ele>2.164480395615101</ele>
				<time>2022-09-07T15:00:18Z</time>
			</trkpt>
			<trkpt lat="59.948845867929656" lon="30.37676919310154">
				<ele>3.485766335390508</ele>
				<time>2022-09-07T15:00:20Z</time>
			</trkpt>
			<trkpt lat="59.94884660734669" lon="30.376823484350357">
				<ele>3.977699849754572</ele>
				<time>2022-09-07T15:00:22Z</time>
			</trkpt>
			<trkpt lat="59.94884512901929" lon="30.37686939325582">
				<ele>4.789883942343295</ele>
				<time>2022-09-07T15:00:25Z</time>
			</trkpt>
			<trkpt lat="59.948845684588164" lon="30.376909376759944">
				<ele>4.44533515162766</ele>
				<time>2022-09-07T15:00:27Z</time>
			</trkpt>
			<trkpt lat="59.9488467840994" lon="30.376946411609943">
				<ele>4.850517182610929</ele>
				<time>2022-09-07T15:00:29Z</time>
			</trkpt>
			<trkpt lat="59.948850425529535" lon="30.376994331311533">
				<ele>4.628264934755862</ele>
				<time>2022-09-07T15:00:31Z</time>
			</trkpt>
			<trkpt lat="59.94884974459798" lon="30.377042014510906">
				<ele>3.7125936280936003</ele>
				<time>2022-09-07T15:00:33Z</time>
			</trkpt>
			<trkpt lat="59.94884374152494" lon="30.377094802985006">
				<ele>4.719006900675595</ele>
				<time>2022-09-07T15:00:36Z</time>
			</trkpt>
			<trkpt lat="59.94884579889926" lon="30.377138832989218">
				<ele>4.19589779060334</ele>
				<time>2022-09-07T15:00:38Z</time>
			</trkpt>
			<trkpt lat="59.94883949855551" lon="30.377186564244827">
				<ele>4.551990839652717</ele>
				<time>2022-09-07T15:00:40Z</time>
			</trkpt>
			<trkpt lat="59.94883436724872" lon="30.377225407881852">
				<ele>3.4117450937628746</ele>
				<time>2022-09-07T15:00:43Z</time>
			</trkpt>
			<trkpt lat="59.94882400347392" lon="30.377280077990896">
				<ele>3.3533657174557447</ele>
				<time>2022-09-07T15:00:46Z</time>
			</trkpt>
			<trkpt lat="59.94882801490211" lon="30.37732631888007">
				<ele>5.476825074292719</ele>
				<time>2022-09-07T15:00:48Z</time>
			</trkpt>
			<trkpt lat="59.94884721895004" lon="30.377335827130665">
				<ele>4.073368119075894</ele>
				<time>2022-09-07T15:00:51Z</time>
			</trkpt>
			<trkpt lat="59.94884888766318" lon="30.37738917331724">
				<ele>3.4504337264224887</ele>
				<time>2022-09-07T15:00:53Z</time>
			</trkpt>
			<trkpt lat="59.94884412751576" lon="30.377448464952334">
				<ele>4.5092995865270495</ele>
				<time>2022-09-07T15:00:55Z</time>
			</trkpt>
			<trkpt lat="59.94883121116787" lon="30.377493024476777">
				<ele>0.7615120550617576</ele>
				<time>2022-09-07T15:00:58Z</time>
			</trkpt>
			<trkpt lat="59.94883192029224" lon="30.377551375752205">
				<ele>2.9147347323596478</ele>
				<time>2022-09-07T15:01:00Z</time>
			</trkpt>
			<trkpt lat="59.948829028330564" lon="30.377606127696687">
				<ele>3.586445807479322</ele>
				<time>2022-09-07T15:01:02Z</time>
			</trkpt>
			<trkpt lat="59.948837484489076" lon="30.377643669106995">
				<ele>5.489456783048809</ele>
				<time>2022-09-07T15:01:04Z</time>
			</trkpt>
			<trkpt lat="59.94883510585242" lon="30.37768833141274">
				<ele>4.040255304425955</ele>
				<time>2022-09-07T15:01:06Z</time>
			</trkpt>
			<trkpt lat="59.94883148170492" lon="30.3777463907173">
				<ele>5.009466172195971</ele>
				<time>2022-09-07T15:01:08Z</time>
			</trkpt>
			<trkpt lat="59.94883386247162" lon="30.37779355894002">
				<ele>2.591787585057318</ele>
				<time>2022-09-07T15:01:12Z</time>
			</trkpt>
			<trkpt lat="59.94882450442976" lon="30.37784330883076">
				<ele>2.300364602357149</ele>
				<time>2022-09-07T15:01:14Z</time>
			</trkpt>
			<trkpt lat="59.948821882720615" lon="30.377894760565816">
				<ele>3.3941321102902293</ele>
				<time>2022-09-07T15:01:17Z</time>
			</trkpt>
			<trkpt lat="59.94882074873261" lon="30.37794526762025">
				<ele>4.7146129086613655</ele>
				<time>2022-09-07T15:01:19Z</time>
			</trkpt>
			<trkpt lat="59.948830260376546" lon="30.377987732461836">
				<ele>2.593597306869924</ele>
				<time>2022-09-07T15:01:21Z</time>
			</trkpt>
			<trkpt lat="59.948828672174386" lon="30.37803899504275">
				<ele>3.32213391084224</ele>
				<time>2022-09-07T15:01:24Z</time>
			</trkpt>
			<trkpt lat="59.948828828415095" lon="30.37809283026906">
				<ele>3.610733521170914</ele>
				<time>2022-09-07T15:01:26Z</time>
			</trkpt>
			<trkpt lat="59.94882516514545" lon="30.378137493588792">
				<ele>5.4415986854583025</ele>
				<time>2022-09-07T15:01:28Z</time>
			</trkpt>
			<trkpt lat="59.94884099131788" lon="30.37817284106688">
				<ele>2.3476797873154283</ele>
				<time>2022-09-07T15:01:31Z</time>
			</trkpt>
			<trkpt lat="59.948832283180366" lon="30.378221570316025">
				<ele>4.503788350149989</ele>
				<time>2022-09-07T15:01:32Z</time>
			</trkpt>
			<trkpt lat="59.94882557956338" lon="30.37826783000485">
				<ele>4.638383601792157</ele>
				<time>2022-09-07T15:01:33Z</time>
			</trkpt>
			<trkpt lat="59.948831385573484" lon="30.378311832164997">
				<ele>4.541912981308997</ele>
				<time>2022-09-07T15:01:35Z</time>
			</trkpt>
			<trkpt lat="59.94882891903019" lon="30.37836314372768">
				<ele>4.05219528824091</ele>
				<time>2022-09-07T15:01:37Z</time>
			</trkpt>
			<trkpt lat="59.94885585009448" lon="30.378417065158445">
				<ele>4.717677729204297</ele>
				<time>2022-09-07T15:01:40Z</time>
			</trkpt>
			<trkpt lat="59.94887156583981" lon="30.378442368839288">
				<ele>0.0399212846532464</ele>
				<time>2022-09-07T15:01:44Z</time>
			</trkpt>
			<trkpt lat="59.94889242163227" lon="30.378438410501317">
				<ele>0.40450786519795656</ele>
				<time>2022-09-07T15:01:46Z</time>
			</trkpt>
			<trkpt lat="59.94891476369252" lon="30.37843813089497">
				<ele>0.14409759547561407</ele>
				<time>2022-09-07T15:01:48Z</time>
			</trkpt>
			<trkpt lat="59.94893444271419" lon="30.378429886030943">
				<ele>-2.452154340222478</ele>
				<time>2022-09-07T15:01:50Z</time>
			</trkpt>
			<trkpt lat="59.94895298017478" lon="30.378423694304043">
				<ele>-2.281673294492066</ele>
				<time>2022-09-07T15:01:52Z</time>
			</trkpt>
			<trkpt lat="59.94897105932657" lon="30.378422271151365">
				<ele>-0.9081544298678637</ele>
				<time>2022-09-07T15:01:54Z</time>
			</trkpt>
			<trkpt lat="59.948990642789454" lon="30.378412102521253">
				<ele>-1.6374210147187114</ele>
				<time>2022-09-07T15:01:56Z</time>
			</trkpt>
			<trkpt lat="59.94901994098211" lon="30.378425101769245">
				<ele>-0.7325228424742818</ele>
				<time>2022-09-07T15:01:58Z</time>
			</trkpt>
			<trkpt lat="59.94903679666226" lon="30.37844235899699">
				<ele>-0.14414314646273851</ele>
				<time>2022-09-07T15:01:59Z</time>
			</trkpt>
			<trkpt lat="59.9490541584683" lon="30.37845505823776">
				<ele>-0.9413288552314043</ele>
				<time>2022-09-07T15:02:00Z</time>
			</trkpt>
			<trkpt lat="59.949072496917964" lon="30.37845812216491">
				<ele>-0.4998039109632373</ele>
				<time>2022-09-07T15:02:01Z</time>
			</trkpt>
			<trkpt lat="59.94909105463738" lon="30.378455862029938">
				<ele>-0.13889888022094965</ele>
				<time>2022-09-07T15:02:02Z</time>
			</trkpt>
			<trkpt lat="59.94911090850134" lon="30.378466948902208">
				<ele>-0.4923773482441902</ele>
				<time>2022-09-07T15:02:03Z</time>
			</trkpt>
			<trkpt lat="59.94913406993593" lon="30.378476268661032">
				<ele>0.07911952305585146</ele>
				<time>2022-09-07T15:02:05Z</time>
			</trkpt>
			<trkpt lat="59.9491591533363" lon="30.378494195141514">
				<ele>-0.10793266259133816</ele>
				<time>2022-09-07T15:02:06Z</time>
			</trkpt>
			<trkpt lat="59.94917818134731" lon="30.37850128074223">
				<ele>-2.643323665484786</ele>
				<time>2022-09-07T15:02:08Z</time>
			</trkpt>
			<trkpt lat="59.94920039015198" lon="30.378469128181134">
				<ele>0.2391241854056716</ele>
				<time>2022-09-07T15:02:11Z</time>
			</trkpt>
			<trkpt lat="59.949193031449795" lon="30.378506623879957">
				<ele>-2.281865321099758</ele>
				<time>2022-09-07T15:02:13Z</time>
			</trkpt>
			<trkpt lat="59.949214035861324" lon="30.37853517223293">
				<ele>-3.686234187334776</ele>
				<time>2022-09-07T15:02:19Z</time>
			</trkpt>
			<trkpt lat="59.94922199261192" lon="30.378502881573244">
				<ele>-7.9197038020938635</ele>
				<time>2022-09-07T15:02:22Z</time>
			</trkpt>
			<trkpt lat="59.94924167565948" lon="30.378518983489624">
				<ele>-7.374028314836323</ele>
				<time>2022-09-07T15:02:24Z</time>
			</trkpt>
			<trkpt lat="59.949260258911345" lon="30.378533322802014">
				<ele>-5.18766004499048</ele>
				<time>2022-09-07T15:02:26Z</time>
			</trkpt>
			<trkpt lat="59.94930212016844" lon="30.37857937317905">
				<ele>-3.5115918330848217</ele>
				<time>2022-09-07T15:02:28Z</time>
			</trkpt>
			<trkpt lat="59.949319744247646" lon="30.37859196947977">
				<ele>-2.523181348107755</ele>
				<time>2022-09-07T15:02:29Z</time>
			</trkpt>
			<trkpt lat="59.94935715670651" lon="30.378620682903676">
				<ele>-0.35982257779687643</ele>
				<time>2022-09-07T15:02:31Z</time>
			</trkpt>
			<trkpt lat="59.94937761969555" lon="30.378632521298048">
				<ele>-2.2686755815520883</ele>
				<time>2022-09-07T15:02:33Z</time>
			</trkpt>
			<trkpt lat="59.94939744537884" lon="30.378620164780518">
				<ele>-1.1144388178363442</ele>
				<time>2022-09-07T15:02:35Z</time>
			</trkpt>
			<trkpt lat="59.94943191663932" lon="30.378618014300574">
				<ele>-1.0452168071642518</ele>
				<time>2022-09-07T15:02:38Z</time>
			</trkpt>
			<trkpt lat="59.9494470371928" lon="30.378561533322703">
				<ele>0.11522397771477699</ele>
				<time>2022-09-07T15:02:41Z</time>
			</trkpt>
			<trkpt lat="59.94944512237317" lon="30.378520638380905">
				<ele>-3.0982667803764343</ele>
				<time>2022-09-07T15:02:43Z</time>
			</trkpt>
			<trkpt lat="59.94946782116355" lon="30.378508540445047">
				<ele>-1.1985354237258434</ele>
				<time>2022-09-07T15:02:45Z</time>
			</trkpt>
			<trkpt lat="59.94948679374228" lon="30.378492498725855">
				<ele>0.6148564321920276</ele>
				<time>2022-09-07T15:02:46Z</time>
			</trkpt>
			<trkpt lat="59.94950475884729" lon="30.37849101949163">
				<ele>-0.335298934020102</ele>
				<time>2022-09-07T15:02:48Z</time>
			</trkpt>
			<trkpt lat="59.94952944657945" lon="30.378504886255584">
				<ele>1.2752713849768043</ele>
				<time>2022-09-07T15:02:50Z</time>
			</trkpt>
			<trkpt lat="59.94955055878994" lon="30.3784980215062">
				<ele>0.09549370221793652</ele>
				<time>2022-09-07T15:02:52Z</time>
			</trkpt>
			<trkpt lat="59.9495726821902" lon="30.37851414067835">
				<ele>2.3525398997589946</ele>
				<time>2022-09-07T15:02:54Z</time>
			</trkpt>
			<trkpt lat="59.949608894219374" lon="30.37852142125033">
				<ele>2.4570816792547703</ele>
				<time>2022-09-07T15:02:59Z</time>
			</trkpt>
			<trkpt lat="59.9495922640309" lon="30.378548029964524">
				<ele>-2.7604811247438192</ele>
				<time>2022-09-07T15:03:03Z</time>
			</trkpt>
			<trkpt lat="59.949561694754884" lon="30.378557388469595">
				<ele>-2.8192233527079225</ele>
				<time>2022-09-07T15:03:06Z</time>
			</trkpt>
			<trkpt lat="59.949527113035536" lon="30.37854072918176">
				<ele>-1.6451074248179793</ele>
				<time>2022-09-07T15:03:07Z</time>
			</trkpt>
			<trkpt lat="59.949542683380585" lon="30.37857236545481">
				<ele>-3.272293540649116</ele>
				<time>2022-09-07T15:03:10Z</time>
			</trkpt>
			<trkpt lat="59.9495514509086" lon="30.37860391122746">
				<ele>-3.1002785712480545</ele>
				<time>2022-09-07T15:03:12Z</time>
			</trkpt>
			<trkpt lat="59.949558406896614" lon="30.37864449082891">
				<ele>0.5451502669602633</ele>
				<time>2022-09-07T15:03:17Z</time>
			</trkpt>
			<trkpt lat="59.9495548148094" lon="30.378692786166337">
				<ele>-3.7885937318205833</ele>
				<time>2022-09-07T15:03:21Z</time>
			</trkpt>
			<trkpt lat="59.94951542565641" lon="30.378817458641123">
				<ele>-2.451873823069036</ele>
				<time>2022-09-07T15:03:22Z</time>
			</trkpt>
			<trkpt lat="59.94951240622554" lon="30.378865811976212">
				<ele>-1.6986138708889484</ele>
				<time>2022-09-07T15:03:24Z</time>
			</trkpt>
			<trkpt lat="59.94953136528306" lon="30.378861016530035">
				<ele>-3.858142680488527</ele>
				<time>2022-09-07T15:03:27Z</time>
			</trkpt>
			<trkpt lat="59.94955922636004" lon="30.37883163145517">
				<ele>-2.1531935771927238</ele>
				<time>2022-09-07T15:03:29Z</time>
			</trkpt>
			<trkpt lat="59.949608094976924" lon="30.378833810424293">
				<ele>-10.893221742473543</ele>
				<time>2022-09-07T15:03:32Z</time>
			</trkpt>
			<trkpt lat="59.949621655487306" lon="30.378799386544962">
				<ele>-8.575581774115562</ele>
				<time>2022-09-07T15:03:34Z</time>
			</trkpt>
			<trkpt lat="59.949621655487306" lon="30.378799386544962">
				<ele>-8.575581774115562</ele>
				<time>2022-09-07T15:03:35Z</time>
			</trkpt>
			<trkpt lat="59.949686266782564" lon="30.37870960018511">
				<ele>-8.882443035021424</ele>
				<time>2022-09-07T15:03:38Z</time>
			</trkpt>
			<trkpt lat="59.94970810080884" lon="30.378755689438876">
				<ele>-11.44182571861893</ele>
				<time>2022-09-07T15:03:41Z</time>
			</trkpt>
			<trkpt lat="59.9496782547382" lon="30.378781452081487">
				<ele>-11.20199117809534</ele>
				<time>2022-09-07T15:03:52Z</time>
			</trkpt>
			<trkpt lat="59.94970069409495" lon="30.37877187615736">
				<ele>-4.370647387579083</ele>
				<time>2022-09-07T15:04:00Z</time>
			</trkpt>
			<trkpt lat="59.949713607024044" lon="30.37888127521319">
				<ele>-1.7338010799139738</ele>
				<time>2022-09-07T15:04:03Z</time>
			</trkpt>
			<trkpt lat="59.94970126214021" lon="30.37898326210821">
				<ele>-0.5345517825335264</ele>
				<time>2022-09-07T15:04:04Z</time>
			</trkpt>
			<trkpt lat="59.949713578080555" lon="30.378956721005576">
				<ele>-1.5584357334300876</ele>
				<time>2022-09-07T15:04:05Z</time>
			</trkpt>
			<trkpt lat="59.949687431020955" lon="30.379074430013087">
				<ele>-0.5828258376568556</ele>
				<time>2022-09-07T15:04:06Z</time>
			</trkpt>
			<trkpt lat="59.949700045994426" lon="30.37899359758812">
				<ele>-1.3757918616756797</ele>
				<time>2022-09-07T15:04:08Z</time>
			</trkpt>
			<trkpt lat="59.949689695473296" lon="30.379054193632946">
				<ele>-1.6539843957871199</ele>
				<time>2022-09-07T15:04:09Z</time>
			</trkpt>
			<trkpt lat="59.949637111649515" lon="30.37906985722278">
				<ele>-3.7585089653730392</ele>
				<time>2022-09-07T15:04:11Z</time>
			</trkpt>
			<trkpt lat="59.94961187756884" lon="30.37911244329933">
				<ele>-5.107306639663875</ele>
				<time>2022-09-07T15:04:14Z</time>
			</trkpt>
			<trkpt lat="59.94958576908937" lon="30.37915006456638">
				<ele>-4.805095594376326</ele>
				<time>2022-09-07T15:04:15Z</time>
			</trkpt>
			<trkpt lat="59.94958568947707" lon="30.37919387445572">
				<ele>-8.311251220293343</ele>
				<time>2022-09-07T15:04:19Z</time>
			</trkpt>
			<trkpt lat="59.94959702423711" lon="30.37922701745278">
				<ele>-7.906498103402555</ele>
				<time>2022-09-07T15:04:20Z</time>
			</trkpt>
			<trkpt lat="59.94959188844034" lon="30.379261977151035">
				<ele>-5.486089400947094</ele>
				<time>2022-09-07T15:04:21Z</time>
			</trkpt>
			<trkpt lat="59.949584662543096" lon="30.379302282848123">
				<ele>-7.608964066952467</ele>
				<time>2022-09-07T15:04:25Z</time>
			</trkpt>
			<trkpt lat="59.94959784880689" lon="30.379340106574112">
				<ele>-8.146600580774248</ele>
				<time>2022-09-07T15:04:26Z</time>
			</trkpt>
			<trkpt lat="59.94959600511603" lon="30.379392835947897">
				<ele>-4.010943977162242</ele>
				<time>2022-09-07T15:04:29Z</time>
			</trkpt>
			<trkpt lat="59.94959733847516" lon="30.37944765306559">
				<ele>-3.136327146552503</ele>
				<time>2022-09-07T15:04:32Z</time>
			</trkpt>
			<trkpt lat="59.949586364486045" lon="30.37948734565242">
				<ele>-3.0307953879237175</ele>
				<time>2022-09-07T15:04:33Z</time>
			</trkpt>
			<trkpt lat="59.94959840605843" lon="30.379526891873976">
				<ele>-0.026350793428719044</ele>
				<time>2022-09-07T15:04:34Z</time>
			</trkpt>
			<trkpt lat="59.94957810905833" lon="30.379568973764446">
				<ele>2.289448404684663</ele>
				<time>2022-09-07T15:04:35Z</time>
			</trkpt>
			<trkpt lat="59.94956675322433" lon="30.3796064048592">
				<ele>0.5069931168109179</ele>
				<time>2022-09-07T15:04:39Z</time>
			</trkpt>
			<trkpt lat="59.949584946807676" lon="30.37964711286653">
				<ele>0.06228815671056509</ele>
				<time>2022-09-07T15:04:41Z</time>
			</trkpt>
			<trkpt lat="59.94958992442445" lon="30.379605660885893">
				<ele>1.9804561594501138</ele>
				<time>2022-09-07T15:04:44Z</time>
			</trkpt>
			<trkpt lat="59.94958783150254" lon="30.37954662274803">
				<ele>2.699738726951182</ele>
				<time>2022-09-07T15:04:48Z</time>
			</trkpt>
			<trkpt lat="59.94962225606041" lon="30.379558596867007">
				<ele>1.855066386051476</ele>
				<time>2022-09-07T15:04:49Z</time>
			</trkpt>
			<trkpt lat="59.949644703344674" lon="30.379540090746588">
				<ele>2.301777118816972</ele>
				<time>2022-09-07T15:04:50Z</time>
			</trkpt>
			<trkpt lat="59.94962853993266" lon="30.379499451410602">
				<ele>2.0974611714482307</ele>
				<time>2022-09-07T15:04:52Z</time>
			</trkpt>
			<trkpt lat="59.94960249174977" lon="30.379480375124775">
				<ele>0.7183268247172236</ele>
				<time>2022-09-07T15:04:53Z</time>
			</trkpt>
			<trkpt lat="59.94958593106289" lon="30.37944650174638">
				<ele>-0.5274153808131814</ele>
				<time>2022-09-07T15:04:54Z</time>
			</trkpt>
			<trkpt lat="59.94960615893928" lon="30.379411951095907">
				<ele>0.7112032901495695</ele>
				<time>2022-09-07T15:04:56Z</time>
			</trkpt>
			<trkpt lat="59.94957216061039" lon="30.37942781561381">
				<ele>0.7196643250063062</ele>
				<time>2022-09-07T15:04:59Z</time>
			</trkpt>
			<trkpt lat="59.94960242756381" lon="30.37940535797446">
				<ele>1.36760048661381</ele>
				<time>2022-09-07T15:05:02Z</time>
			</trkpt>
			<trkpt lat="59.94960312631529" lon="30.37940603532203">
				<ele>1.326984996907413</ele>
				<time>2022-09-07T15:05:06Z</time>
			</trkpt>
			<trkpt lat="59.94955261750975" lon="30.379339615720955">
				<ele>3.713071893900633</ele>
				<time>2022-09-07T15:05:08Z</time>
			</trkpt>
			<trkpt lat="59.94956990342288" lon="30.379310677410853">
				<ele>1.9944736892357469</ele>
				<time>2022-09-07T15:05:15Z</time>
			</trkpt>
			<trkpt lat="59.949570825456405" lon="30.379253813227088">
				<ele>1.4336892673745751</ele>
				<time>2022-09-07T15:05:17Z</time>
			</trkpt>
			<trkpt lat="59.94957731997593" lon="30.37920340246995">
				<ele>3.4443206125870347</ele>
				<time>2022-09-07T15:05:19Z</time>
			</trkpt>
			<trkpt lat="59.9495595044701" lon="30.37915389212512">
				<ele>0.7288259454071522</ele>
				<time>2022-09-07T15:05:21Z</time>
			</trkpt>
			<trkpt lat="59.9495601453047" lon="30.37908956617156">
				<ele>1.6030024783685803</ele>
				<time>2022-09-07T15:05:23Z</time>
			</trkpt>
			<trkpt lat="59.94955432867976" lon="30.3790132542453">
				<ele>2.4823227990418673</ele>
				<time>2022-09-07T15:05:25Z</time>
			</trkpt>
			<trkpt lat="59.94957158847883" lon="30.378985855911356">
				<ele>2.6100295362994075</ele>
				<time>2022-09-07T15:05:26Z</time>
			</trkpt>
			<trkpt lat="59.9495556137059" lon="30.378883261084027">
				<ele>5.468779432587326</ele>
				<time>2022-09-07T15:05:27Z</time>
			</trkpt>
			<trkpt lat="59.94953530900505" lon="30.378865518815473">
				<ele>0.1225647609680891</ele>
				<time>2022-09-07T15:05:29Z</time>
			</trkpt>
			<trkpt lat="59.94957736130252" lon="30.378872195190606">
				<ele>2.120619165711105</ele>
				<time>2022-09-07T15:05:37Z</time>
			</trkpt>
			<trkpt lat="59.94956603191017" lon="30.37883195788277">
				<ele>1.834501063451171</ele>
				<time>2022-09-07T15:05:38Z</time>
			</trkpt>
			<trkpt lat="59.94954468291961" lon="30.378847633997072">
				<ele>0.17105997912585735</ele>
				<time>2022-09-07T15:05:42Z</time>
			</trkpt>
			<trkpt lat="59.949555105692426" lon="30.378733479017516">
				<ele>0.8075811257585883</ele>
				<time>2022-09-07T15:05:52Z</time>
			</trkpt>
			<trkpt lat="59.94954786543373" lon="30.378613894597688">
				<ele>-0.030875681899487972</ele>
				<time>2022-09-07T15:05:53Z</time>
			</trkpt>
			<trkpt lat="59.94958558682207" lon="30.37850765907919">
				<ele>1.2298622895032167</ele>
				<time>2022-09-07T15:05:54Z</time>
			</trkpt>
			<trkpt lat="59.94954816435986" lon="30.378422295714756">
				<ele>1.6085722157731652</ele>
				<time>2022-09-07T15:05:55Z</time>
			</trkpt>
			<trkpt lat="59.949544052835336" lon="30.378610693750105">
				<ele>0.8670217823237181</ele>
				<time>2022-09-07T15:05:56Z</time>
			</trkpt>
			<trkpt lat="59.949511764751165" lon="30.378501105036364">
				<ele>-0.7261320147663355</ele>
				<time>2022-09-07T15:05:57Z</time>
			</trkpt>
			<trkpt lat="59.94948898604308" lon="30.3784917119968">
				<ele>-1.8252793997526169</ele>
				<time>2022-09-07T15:05:58Z</time>
			</trkpt>
			<trkpt lat="59.94948536374857" lon="30.37853135389832">
				<ele>-1.134868654422462</ele>
				<time>2022-09-07T15:05:59Z</time>
			</trkpt>
			<trkpt lat="59.949468989461344" lon="30.378502639286356">
				<ele>1.3834239849820733</ele>
				<time>2022-09-07T15:06:00Z</time>
			</trkpt>
			<trkpt lat="59.9494487409421" lon="30.3785232929008">
				<ele>1.3534348774701357</ele>
				<time>2022-09-07T15:06:02Z</time>
			</trkpt>
			<trkpt lat="59.949427116925776" lon="30.378521776590418">
				<ele>3.0455997958779335</ele>
				<time>2022-09-07T15:06:03Z</time>
			</trkpt>
			<trkpt lat="59.949404096044645" lon="30.378517909980964">
				<ele>0.22929170075803995</ele>
				<time>2022-09-07T15:06:06Z</time>
			</trkpt>
			<trkpt lat="59.94936623220315" lon="30.378501503628584">
				<ele>4.780160393565893</ele>
				<time>2022-09-07T15:06:08Z</time>
			</trkpt>
			<trkpt lat="59.94933055573529" lon="30.378480563366175">
				<ele>5.939721439965069</ele>
				<time>2022-09-07T15:06:10Z</time>
			</trkpt>
			<trkpt lat="59.94931440958296" lon="30.37845580611633">
				<ele>6.8444298561662436</ele>
				<time>2022-09-07T15:06:11Z</time>
			</trkpt>
			<trkpt lat="59.94929176233931" lon="30.3784579147143">
				<ele>9.067278661765158</ele>
				<time>2022-09-07T15:06:13Z</time>
			</trkpt>
			<trkpt lat="59.94927007128867" lon="30.378471651306352">
				<ele>8.701050767675042</ele>
				<time>2022-09-07T15:06:15Z</time>
			</trkpt>
			<trkpt lat="59.949236967634924" lon="30.378475898909667">
				<ele>10.128506867215037</ele>
				<time>2022-09-07T15:06:17Z</time>
			</trkpt>
			<trkpt lat="59.949213766674745" lon="30.378462002299745">
				<ele>10.750231779180467</ele>
				<time>2022-09-07T15:06:19Z</time>
			</trkpt>
			<trkpt lat="59.94919398553009" lon="30.378443394454592">
				<ele>11.06543337740004</ele>
				<time>2022-09-07T15:06:21Z</time>
			</trkpt>
			<trkpt lat="59.94916946313683" lon="30.37840740893392">
				<ele>14.883357664570212</ele>
				<time>2022-09-07T15:06:22Z</time>
			</trkpt>
			<trkpt lat="59.949161230967164" lon="30.37844610568104">
				<ele>11.715985617600381</ele>
				<time>2022-09-07T15:06:24Z</time>
			</trkpt>
			<trkpt lat="59.949139508058515" lon="30.378467055763927">
				<ele>11.683896175585687</ele>
				<time>2022-09-07T15:06:26Z</time>
			</trkpt>
			<trkpt lat="59.94912011037661" lon="30.378472896869958">
				<ele>11.498311472125351</ele>
				<time>2022-09-07T15:06:27Z</time>
			</trkpt>
			<trkpt lat="59.94912203653957" lon="30.378512672941977">
				<ele>8.764915382489562</ele>
				<time>2022-09-07T15:06:28Z</time>
			</trkpt>
			<trkpt lat="59.94910608800281" lon="30.378486877779327">
				<ele>10.09939513169229</ele>
				<time>2022-09-07T15:06:29Z</time>
			</trkpt>
			<trkpt lat="59.94908538883743" lon="30.378472431603903">
				<ele>12.025895887985826</ele>
				<time>2022-09-07T15:06:31Z</time>
			</trkpt>
			<trkpt lat="59.9490593676871" lon="30.37846419094337">
				<ele>10.061306787654757</ele>
				<time>2022-09-07T15:06:33Z</time>
			</trkpt>
			<trkpt lat="59.94903191598816" lon="30.37846440358363">
				<ele>9.978374883532524</ele>
				<time>2022-09-07T15:06:35Z</time>
			</trkpt>
			<trkpt lat="59.94901252946149" lon="30.37845144648023">
				<ele>9.667639280669391</ele>
				<time>2022-09-07T15:06:37Z</time>
			</trkpt>
			<trkpt lat="59.948986045492575" lon="30.37845661204153">
				<ele>4.583852958865464</ele>
				<time>2022-09-07T15:06:40Z</time>
			</trkpt>
			<trkpt lat="59.948948567212845" lon="30.378440092411132">
				<ele>7.235222896561027</ele>
				<time>2022-09-07T15:06:43Z</time>
			</trkpt>
			<trkpt lat="59.94892809229471" lon="30.37844786199518">
				<ele>7.081576894968748</ele>
				<time>2022-09-07T15:06:45Z</time>
			</trkpt>
			<trkpt lat="59.9489318486637" lon="30.378506145308172">
				<ele>4.248490171507001</ele>
				<time>2022-09-07T15:06:47Z</time>
			</trkpt>
			<trkpt lat="59.948897917633445" lon="30.378493117900327">
				<ele>7.127959338016808</ele>
				<time>2022-09-07T15:06:49Z</time>
			</trkpt>
			<trkpt lat="59.94888511290159" lon="30.378462898454433">
				<ele>6.02059000171721</ele>
				<time>2022-09-07T15:06:50Z</time>
			</trkpt>
			<trkpt lat="59.94886621074524" lon="30.37842599140624">
				<ele>9.548431883566082</ele>
				<time>2022-09-07T15:06:51Z</time>
			</trkpt>
			<trkpt lat="59.9488428201356" lon="30.378392579846576">
				<ele>11.896712213754654</ele>
				<time>2022-09-07T15:06:55Z</time>
			</trkpt>
			<trkpt lat="59.948862350906744" lon="30.37845991130875">
				<ele>7.516066221520305</ele>
				<time>2022-09-07T15:06:56Z</time>
			</trkpt>
			<trkpt lat="59.94885756803496" lon="30.37850000573757">
				<ele>7.697891300544143</ele>
				<time>2022-09-07T15:07:00Z</time>
			</trkpt>
			<trkpt lat="59.9488467990331" lon="30.378541184004323">
				<ele>6.697296644560993</ele>
				<time>2022-09-07T15:07:03Z</time>
			</trkpt>
			<trkpt lat="59.948838562607605" lon="30.378591880975087">
				<ele>5.511172729544342</ele>
				<time>2022-09-07T15:07:06Z</time>
			</trkpt>
			<trkpt lat="59.948826266645135" lon="30.378621799686996">
				<ele>6.405606393702328</ele>
				<time>2022-09-07T15:07:07Z</time>
			</trkpt>
			<trkpt lat="59.94881937855492" lon="30.378670215229963">
				<ele>3.9528782749548554</ele>
				<time>2022-09-07T15:07:10Z</time>
			</trkpt>
			<trkpt lat="59.94881772758288" lon="30.378709287442874">
				<ele>4.348241309635341</ele>
				<time>2022-09-07T15:07:12Z</time>
			</trkpt>
			<trkpt lat="59.94882233054526" lon="30.378768197128466">
				<ele>4.157983001321554</ele>
				<time>2022-09-07T15:07:16Z</time>
			</trkpt>
			<trkpt lat="59.948833396889796" lon="30.378800281684395">
				<ele>4.284682707861066</ele>
				<time>2022-09-07T15:07:18Z</time>
			</trkpt>
			<trkpt lat="59.948828354806" lon="30.37885595822114">
				<ele>4.243594076484442</ele>
				<time>2022-09-07T15:07:21Z</time>
			</trkpt>
			<trkpt lat="59.94883195702797" lon="30.37892000199196">
				<ele>2.260616796091199</ele>
				<time>2022-09-07T15:07:23Z</time>
			</trkpt>
			<trkpt lat="59.9488461228361" lon="30.378959509247462">
				<ele>-0.3691024808213115</ele>
				<time>2022-09-07T15:07:26Z</time>
			</trkpt>
			<trkpt lat="59.94884806463622" lon="30.378995115470687">
				<ele>-0.36511652264744043</ele>
				<time>2022-09-07T15:07:27Z</time>
			</trkpt>
			<trkpt lat="59.948842972020344" lon="30.37904051125346">
				<ele>1.5894227474927902</ele>
				<time>2022-09-07T15:07:29Z</time>
			</trkpt>
			<trkpt lat="59.94885866975955" lon="30.379090007263645">
				<ele>1.4400904886424541</ele>
				<time>2022-09-07T15:07:31Z</time>
			</trkpt>
			<trkpt lat="59.948857120372615" lon="30.37913167851403">
				<ele>0.9261078797280788</ele>
				<time>2022-09-07T15:07:33Z</time>
			</trkpt>
			<trkpt lat="59.94886921297478" lon="30.37918303696009">
				<ele>1.205163055099547</ele>
				<time>2022-09-07T15:07:36Z</time>
			</trkpt>
			<trkpt lat="59.94888206228094" lon="30.379218008962127">
				<ele>1.7960948022082448</ele>
				<time>2022-09-07T15:07:37Z</time>
			</trkpt>
			<trkpt lat="59.94888030613303" lon="30.379264684680937">
				<ele>3.829404069110751</ele>
				<time>2022-09-07T15:07:39Z</time>
			</trkpt>
			<trkpt lat="59.94887133145209" lon="30.379306638501813">
				<ele>1.334424047730863</ele>
				<time>2022-09-07T15:07:41Z</time>
			</trkpt>
			<trkpt lat="59.948871456870535" lon="30.37934734665287">
				<ele>3.1930096466094255</ele>
				<time>2022-09-07T15:07:43Z</time>
			</trkpt>
			<trkpt lat="59.94887649097886" lon="30.37938606150754">
				<ele>3.6059653349220753</ele>
				<time>2022-09-07T15:07:45Z</time>
			</trkpt>
			<trkpt lat="59.94887314111182" lon="30.379421367021553">
				<ele>5.427513304166496</ele>
				<time>2022-09-07T15:07:47Z</time>
			</trkpt>
			<trkpt lat="59.948872552472565" lon="30.379471213068634">
				<ele>3.027261132374406</ele>
				<time>2022-09-07T15:07:50Z</time>
			</trkpt>
			<trkpt lat="59.94886957025616" lon="30.379509037659865">
				<ele>3.4363178741186857</ele>
				<time>2022-09-07T15:07:52Z</time>
			</trkpt>
			<trkpt lat="59.948861800088835" lon="30.37955328204742">
				<ele>6.282557113096118</ele>
				<time>2022-09-07T15:07:54Z</time>
			</trkpt>
			<trkpt lat="59.94885458720605" lon="30.379610964552814">
				<ele>6.96086825337261</ele>
				<time>2022-09-07T15:07:55Z</time>
			</trkpt>
			<trkpt lat="59.948852864703625" lon="30.379665579686044">
				<ele>7.172278048470616</ele>
				<time>2022-09-07T15:07:56Z</time>
			</trkpt>
			<trkpt lat="59.94884373708719" lon="30.379718887759893">
				<ele>5.751087940298021</ele>
				<time>2022-09-07T15:07:58Z</time>
			</trkpt>
			<trkpt lat="59.94883083547957" lon="30.379786716563313">
				<ele>8.127982608042657</ele>
				<time>2022-09-07T15:07:59Z</time>
			</trkpt>
			<trkpt lat="59.94886144038678" lon="30.37970429773061">
				<ele>5.9249995751306415</ele>
				<time>2022-09-07T15:08:01Z</time>
			</trkpt>
			<trkpt lat="59.94883766722122" lon="30.3797352198999">
				<ele>4.044408009387553</ele>
				<time>2022-09-07T15:08:03Z</time>
			</trkpt>
			<trkpt lat="59.94883145821428" lon="30.379770888327766">
				<ele>4.436409011483192</ele>
				<time>2022-09-07T15:08:05Z</time>
			</trkpt>
			<trkpt lat="59.94885170905932" lon="30.3797786496616">
				<ele>3.875584276393056</ele>
				<time>2022-09-07T15:08:06Z</time>
			</trkpt>
			<trkpt lat="59.94886514967811" lon="30.37980262950129">
				<ele>1.1792550943791866</ele>
				<time>2022-09-07T15:08:09Z</time>
			</trkpt>
			<trkpt lat="59.948859014848985" lon="30.37985840657073">
				<ele>2.678082989528775</ele>
				<time>2022-09-07T15:08:12Z</time>
			</trkpt>
			<trkpt lat="59.94888412365697" lon="30.37989366018857">
				<ele>4.731525598093867</ele>
				<time>2022-09-07T15:08:13Z</time>
			</trkpt>
			<trkpt lat="59.94891139380274" lon="30.379914451075084">
				<ele>3.650702648796141</ele>
				<time>2022-09-07T15:08:14Z</time>
			</trkpt>
			<trkpt lat="59.94892389097091" lon="30.379953059580917">
				<ele>4.230890113860369</ele>
				<time>2022-09-07T15:08:16Z</time>
			</trkpt>
			<trkpt lat="59.94891870367011" lon="30.380003763040175">
				<ele>3.5217588637024164</ele>
				<time>2022-09-07T15:08:18Z</time>
			</trkpt>
			<trkpt lat="59.948897250672466" lon="30.380047781970088">
				<ele>4.32669772952795</ele>
				<time>2022-09-07T15:08:19Z</time>
			</trkpt>
			<trkpt lat="59.948879357192965" lon="30.380091203989934">
				<ele>7.140524968504906</ele>
				<time>2022-09-07T15:08:21Z</time>
			</trkpt>
			<trkpt lat="59.94883346132094" lon="30.38009298116543">
				<ele>8.92531571071595</ele>
				<time>2022-09-07T15:08:28Z</time>
			</trkpt>
			<trkpt lat="59.94885386645648" lon="30.380121970939328">
				<ele>10.417002004571259</ele>
				<time>2022-09-07T15:08:31Z</time>
			</trkpt>
			<trkpt lat="59.948863567100105" lon="30.380168035796853">
				<ele>9.34370544552803</ele>
				<time>2022-09-07T15:08:34Z</time>
			</trkpt>
			<trkpt lat="59.948848606783564" lon="30.38019516483134">
				<ele>6.098982823081315</ele>
				<time>2022-09-07T15:08:36Z</time>
			</trkpt>
			<trkpt lat="59.948842094548056" lon="30.380251961335297">
				<ele>7.596513321623206</ele>
				<time>2022-09-07T15:08:39Z</time>
			</trkpt>
			<trkpt lat="59.948835190918835" lon="30.38030592435784">
				<ele>6.894735394977033</ele>
				<time>2022-09-07T15:08:42Z</time>
			</trkpt>
			<trkpt lat="59.948835112285856" lon="30.38035059678981">
				<ele>8.73808370437473</ele>
				<time>2022-09-07T15:08:44Z</time>
			</trkpt>
			<trkpt lat="59.948833801137965" lon="30.380399849716472">
				<ele>6.812170024961233</ele>
				<time>2022-09-07T15:08:47Z</time>
			</trkpt>
			<trkpt lat="59.9488339504912" lon="30.380436260349743">
				<ele>6.367035353556275</ele>
				<time>2022-09-07T15:08:49Z</time>
			</trkpt>
			<trkpt lat="59.948840108872034" lon="30.380482619348538">
				<ele>6.219123026356101</ele>
				<time>2022-09-07T15:08:51Z</time>
			</trkpt>
			<trkpt lat="59.94884792603115" lon="30.38051591597085">
				<ele>7.319495400413871</ele>
				<time>2022-09-07T15:08:52Z</time>
			</trkpt>
			<trkpt lat="59.94883945576784" lon="30.380576824313117">
				<ele>3.949799705296755</ele>
				<time>2022-09-07T15:08:56Z</time>
			</trkpt>
			<trkpt lat="59.94885569007477" lon="30.380601300387795">
				<ele>4.536420355550945</ele>
				<time>2022-09-07T15:08:57Z</time>
			</trkpt>
			<trkpt lat="59.948839734465416" lon="30.38062794854621">
				<ele>3.800832426175475</ele>
				<time>2022-09-07T15:08:58Z</time>
			</trkpt>
			<trkpt lat="59.94884203525175" lon="30.380675285601512">
				<ele>4.210333618335426</ele>
				<time>2022-09-07T15:09:00Z</time>
			</trkpt>
			<trkpt lat="59.9488391510155" lon="30.380713193827248">
				<ele>5.686578559689224</ele>
				<time>2022-09-07T15:09:02Z</time>
			</trkpt>
			<trkpt lat="59.94883611787703" lon="30.38076220389577">
				<ele>4.113983234390616</ele>
				<time>2022-09-07T15:09:04Z</time>
			</trkpt>
			<trkpt lat="59.948843012571984" lon="30.380827158623315">
				<ele>4.8119215508922935</ele>
				<time>2022-09-07T15:09:06Z</time>
			</trkpt>
			<trkpt lat="59.948842609871015" lon="30.38086549230731">
				<ele>7.134206557646394</ele>
				<time>2022-09-07T15:09:07Z</time>
			</trkpt>
			<trkpt lat="59.94882588450353" lon="30.380901575072524">
				<ele>5.557764579541981</ele>
				<time>2022-09-07T15:09:09Z</time>
			</trkpt>
			<trkpt lat="59.9488220308389" lon="30.380947668246158">
				<ele>6.4295280538499355</ele>
				<time>2022-09-07T15:09:11Z</time>
			</trkpt>
			<trkpt lat="59.94882347095176" lon="30.380987113123613">
				<ele>4.444618724286556</ele>
				<time>2022-09-07T15:09:13Z</time>
			</trkpt>
			<trkpt lat="59.94881565418978" lon="30.381024438659605">
				<ele>2.640973544679582</ele>
				<time>2022-09-07T15:09:16Z</time>
			</trkpt>
			<trkpt lat="59.94881046402107" lon="30.381062436329803">
				<ele>4.116237681359053</ele>
				<time>2022-09-07T15:09:17Z</time>
			</trkpt>
			<trkpt lat="59.948811200660586" lon="30.38110359916227">
				<ele>3.639068892225623</ele>
				<time>2022-09-07T15:09:19Z</time>
			</trkpt>
			<trkpt lat="59.94880646775771" lon="30.38115426388114">
				<ele>4.04776088707149</ele>
				<time>2022-09-07T15:09:21Z</time>
			</trkpt>
			<trkpt lat="59.94880065903576" lon="30.381202412798004">
				<ele>-0.12114301603287458</ele>
				<time>2022-09-07T15:09:25Z</time>
			</trkpt>
			<trkpt lat="59.948795234307184" lon="30.38125443130665">
				<ele>1.503814642317593</ele>
				<time>2022-09-07T15:09:27Z</time>
			</trkpt>
			<trkpt lat="59.94879705174336" lon="30.381293215513875">
				<ele>-0.129379628226161</ele>
				<time>2022-09-07T15:09:29Z</time>
			</trkpt>
			<trkpt lat="59.948796232638564" lon="30.381346687245298">
				<ele>0.4457345372065902</ele>
				<time>2022-09-07T15:09:31Z</time>
			</trkpt>
			<trkpt lat="59.94879693886544" lon="30.381404368449928">
				<ele>1.0926628913730383</ele>
				<time>2022-09-07T15:09:33Z</time>
			</trkpt>
			<trkpt lat="59.94878967665015" lon="30.381447026526885">
				<ele>-2.3607553085312247</ele>
				<time>2022-09-07T15:09:36Z</time>
			</trkpt>
			<trkpt lat="59.94878398068235" lon="30.381509219702476">
				<ele>-1.8107307236641645</ele>
				<time>2022-09-07T15:09:38Z</time>
			</trkpt>
			<trkpt lat="59.94879055818733" lon="30.381564525134884">
				<ele>1.2975298864766955</ele>
				<time>2022-09-07T15:09:40Z</time>
			</trkpt>
			<trkpt lat="59.948778509037126" lon="30.381591809663473">
				<ele>-0.45783247146755457</ele>
				<time>2022-09-07T15:09:42Z</time>
			</trkpt>
			<trkpt lat="59.948782047160215" lon="30.381645863085733">
				<ele>0.7839659648016095</ele>
				<time>2022-09-07T15:09:44Z</time>
			</trkpt>
			<trkpt lat="59.94877773182506" lon="30.381701363456564">
				<ele>-1.161072532646358</ele>
				<time>2022-09-07T15:09:46Z</time>
			</trkpt>
			<trkpt lat="59.948777429496005" lon="30.38174655765447">
				<ele>-0.5571093028411269</ele>
				<time>2022-09-07T15:09:49Z</time>
			</trkpt>
			<trkpt lat="59.9487862523622" lon="30.3817918129865">
				<ele>-0.00969364121556282</ele>
				<time>2022-09-07T15:09:51Z</time>
			</trkpt>
			<trkpt lat="59.94879400444855" lon="30.38182421363857">
				<ele>0.11271081771701574</ele>
				<time>2022-09-07T15:09:53Z</time>
			</trkpt>
			<trkpt lat="59.94879395630764" lon="30.381871770545132">
				<ele>1.5066157020628452</ele>
				<time>2022-09-07T15:09:55Z</time>
			</trkpt>
			<trkpt lat="59.94878853993636" lon="30.381906703466928">
				<ele>1.4539540028199553</ele>
				<time>2022-09-07T15:09:57Z</time>
			</trkpt>
			<trkpt lat="59.94879221671827" lon="30.381950096030476">
				<ele>2.334026824682951</ele>
				<time>2022-09-07T15:09:59Z</time>
			</trkpt>
			<trkpt lat="59.94878093282656" lon="30.38199515417236">
				<ele>-0.9514809902757406</ele>
				<time>2022-09-07T15:10:02Z</time>
			</trkpt>
			<trkpt lat="59.94879180713332" lon="30.382041746287605">
				<ele>2.05985942017287</ele>
				<time>2022-09-07T15:10:04Z</time>
			</trkpt>
			<trkpt lat="59.94878118398863" lon="30.382104526230364">
				<ele>2.139312789775431</ele>
				<time>2022-09-07T15:10:07Z</time>
			</trkpt>
			<trkpt lat="59.948783927528666" lon="30.382147522346596">
				<ele>4.389848582446575</ele>
				<time>2022-09-07T15:10:08Z</time>
			</trkpt>
			<trkpt lat="59.948763241835984" lon="30.382180285270152">
				<ele>-0.4481297452002764</ele>
				<time>2022-09-07T15:10:10Z</time>
			</trkpt>
			<trkpt lat="59.948757016667884" lon="30.38223770339584">
				<ele>-1.2582217110320926</ele>
				<time>2022-09-07T15:10:12Z</time>
			</trkpt>
			<trkpt lat="59.948744577755726" lon="30.38226995487605">
				<ele>-1.2089731292799115</ele>
				<time>2022-09-07T15:10:13Z</time>
			</trkpt>
			<trkpt lat="59.94877899445683" lon="30.382304139660427">
				<ele>0.8987094378098845</ele>
				<time>2022-09-07T15:10:16Z</time>
			</trkpt>
			<trkpt lat="59.94878045104166" lon="30.382341152170206">
				<ele>-1.5712762251496315</ele>
				<time>2022-09-07T15:10:18Z</time>
			</trkpt>
			<trkpt lat="59.948780592973144" lon="30.3823882564717">
				<ele>-1.747290308587253</ele>
				<time>2022-09-07T15:10:20Z</time>
			</trkpt>
			<trkpt lat="59.94877345833427" lon="30.382428458584812">
				<ele>-0.19701446127146482</ele>
				<time>2022-09-07T15:10:22Z</time>
			</trkpt>
			<trkpt lat="59.948766546211175" lon="30.382477500010545">
				<ele>-0.23939606919884682</ele>
				<time>2022-09-07T15:10:24Z</time>
			</trkpt>
			<trkpt lat="59.94876915664965" lon="30.38252331608415">
				<ele>-0.4816895257681608</ele>
				<time>2022-09-07T15:10:26Z</time>
			</trkpt>
			<trkpt lat="59.94875425162863" lon="30.38257063683232">
				<ele>-2.805824398994446</ele>
				<time>2022-09-07T15:10:29Z</time>
			</trkpt>
			<trkpt lat="59.94877032929372" lon="30.38262839227393">
				<ele>0.6671681618317962</ele>
				<time>2022-09-07T15:10:31Z</time>
			</trkpt>
			<trkpt lat="59.9487755275366" lon="30.38266393110435">
				<ele>0.6493404638022184</ele>
				<time>2022-09-07T15:10:33Z</time>
			</trkpt>
			<trkpt lat="59.9487792001266" lon="30.38270842089106">
				<ele>1.0323727261275053</ele>
				<time>2022-09-07T15:10:35Z</time>
			</trkpt>
			<trkpt lat="59.948789732396385" lon="30.38274452479383">
				<ele>2.9930002680048347</ele>
				<time>2022-09-07T15:10:38Z</time>
			</trkpt>
			<trkpt lat="59.94881350820213" lon="30.382757203818077">
				<ele>6.63169745914638</ele>
				<time>2022-09-07T15:10:48Z</time>
			</trkpt>
			<trkpt lat="59.94880571031075" lon="30.38280292627627">
				<ele>7.657732945866883</ele>
				<time>2022-09-07T15:10:59Z</time>
			</trkpt>
			<trkpt lat="59.948763523559556" lon="30.38282021119192">
				<ele>5.131119725294411</ele>
				<time>2022-09-07T15:11:01Z</time>
			</trkpt>
			<trkpt lat="59.94875992854078" lon="30.382860067709668">
				<ele>3.932837411761284</ele>
				<time>2022-09-07T15:11:04Z</time>
			</trkpt>
			<trkpt lat="59.94875864551067" lon="30.38290173703243">
				<ele>3.3808546289801598</ele>
				<time>2022-09-07T15:11:05Z</time>
			</trkpt>
			<trkpt lat="59.948764717413646" lon="30.38299349701614">
				<ele>6.019860364496708</ele>
				<time>2022-09-07T15:11:07Z</time>
			</trkpt>
			<trkpt lat="59.94876042942279" lon="30.383038355105892">
				<ele>4.5116429310292006</ele>
				<time>2022-09-07T15:11:09Z</time>
			</trkpt>
			<trkpt lat="59.94873258471288" lon="30.38309696399623">
				<ele>5.047912427224219</ele>
				<time>2022-09-07T15:11:13Z</time>
			</trkpt>
			<trkpt lat="59.948714873483596" lon="30.383131644426765">
				<ele>3.7906953617930412</ele>
				<time>2022-09-07T15:11:14Z</time>
			</trkpt>
			<trkpt lat="59.94870475950738" lon="30.383184446917557">
				<ele>4.344052008353174</ele>
				<time>2022-09-07T15:11:15Z</time>
			</trkpt>
			<trkpt lat="59.94868719986515" lon="30.38321493031566">
				<ele>4.080879307352006</ele>
				<time>2022-09-07T15:11:16Z</time>
			</trkpt>
			<trkpt lat="59.94870542143209" lon="30.383250817648328">
				<ele>1.256792432628572</ele>
				<time>2022-09-07T15:11:20Z</time>
			</trkpt>
			<trkpt lat="59.94869465050968" lon="30.38332654278047">
				<ele>5.239537165500224</ele>
				<time>2022-09-07T15:11:22Z</time>
			</trkpt>
			<trkpt lat="59.94867544363962" lon="30.383377775935386">
				<ele>5.006326464936137</ele>
				<time>2022-09-07T15:11:24Z</time>
			</trkpt>
			<trkpt lat="59.94867386617607" lon="30.383468534750932">
				<ele>6.9148233802989125</ele>
				<time>2022-09-07T15:11:26Z</time>
			</trkpt>
			<trkpt lat="59.94867145345627" lon="30.38341365877564">
				<ele>2.9763079723343253</ele>
				<time>2022-09-07T15:11:27Z</time>
			</trkpt>
			<trkpt lat="59.948657283340786" lon="30.38346583849422">
				<ele>2.2118422128260136</ele>
				<time>2022-09-07T15:11:30Z</time>
			</trkpt>
			<trkpt lat="59.94865319478625" lon="30.38350396600248">
				<ele>3.101286081597209</ele>
				<time>2022-09-07T15:11:31Z</time>
			</trkpt>
			<trkpt lat="59.94864519248146" lon="30.383561899652808">
				<ele>2.2650030246004462</ele>
				<time>2022-09-07T15:11:34Z</time>
			</trkpt>
			<trkpt lat="59.94864077565437" lon="30.38360307419434">
				<ele>-2.78474965877831</ele>
				<time>2022-09-07T15:11:37Z</time>
			</trkpt>
			<trkpt lat="59.94862430936029" lon="30.383630610387133">
				<ele>-3.0779717583209276</ele>
				<time>2022-09-07T15:11:38Z</time>
			</trkpt>
			<trkpt lat="59.9486285661767" lon="30.38368852543768">
				<ele>-0.21519519481807947</ele>
				<time>2022-09-07T15:11:40Z</time>
			</trkpt>
			<trkpt lat="59.94861930152094" lon="30.383724284803506">
				<ele>-0.3002573065459728</ele>
				<time>2022-09-07T15:11:42Z</time>
			</trkpt>
			<trkpt lat="59.948624659998416" lon="30.383775790085327">
				<ele>1.9151011696085334</ele>
				<time>2022-09-07T15:11:44Z</time>
			</trkpt>
			<trkpt lat="59.948615848719626" lon="30.38380973630045">
				<ele>-0.240149169228971</ele>
				<time>2022-09-07T15:11:46Z</time>
			</trkpt>
			<trkpt lat="59.94860922260329" lon="30.38385820670229">
				<ele>-0.8926411448046565</ele>
				<time>2022-09-07T15:11:47Z</time>
			</trkpt>
			<trkpt lat="59.94864665831547" lon="30.383859939689433">
				<ele>-1.0596805233508348</ele>
				<time>2022-09-07T15:11:49Z</time>
			</trkpt>
			<trkpt lat="59.94869416355818" lon="30.383865325498153">
				<ele>1.4440872687846422</ele>
				<time>2022-09-07T15:11:50Z</time>
			</trkpt>
			<trkpt lat="59.9487143589873" lon="30.38389880829088">
				<ele>1.0333771063014865</ele>
				<time>2022-09-07T15:11:51Z</time>
			</trkpt>
			<trkpt lat="59.948729701353145" lon="30.383940558496324">
				<ele>0.9277083277702332</ele>
				<time>2022-09-07T15:11:53Z</time>
			</trkpt>
			<trkpt lat="59.948737364328615" lon="30.383979902491497">
				<ele>1.3454137528315187</ele>
				<time>2022-09-07T15:11:55Z</time>
			</trkpt>
			<trkpt lat="59.94872706182201" lon="30.384038362239274">
				<ele>-0.3064305763691664</ele>
				<time>2022-09-07T15:11:58Z</time>
			</trkpt>
			<trkpt lat="59.94872983366919" lon="30.38407844255726">
				<ele>-1.426070530898869</ele>
				<time>2022-09-07T15:12:00Z</time>
			</trkpt>
			<trkpt lat="59.94874185182658" lon="30.384132051381073">
				<ele>-0.44556275475770235</ele>
				<time>2022-09-07T15:12:02Z</time>
			</trkpt>
			<trkpt lat="59.948741365366416" lon="30.384186228785033">
				<ele>-0.2262791572138667</ele>
				<time>2022-09-07T15:12:04Z</time>
			</trkpt>
			<trkpt lat="59.94874016423668" lon="30.384236586564082">
				<ele>0.7038370175287127</ele>
				<time>2022-09-07T15:12:06Z</time>
			</trkpt>
			<trkpt lat="59.94874663213005" lon="30.384271533565393">
				<ele>0.9837504466995597</ele>
				<time>2022-09-07T15:12:08Z</time>
			</trkpt>
			<trkpt lat="59.948731522627035" lon="30.38429710783418">
				<ele>-1.5247536413371563</ele>
				<time>2022-09-07T15:12:09Z</time>
			</trkpt>
			<trkpt lat="59.948725944860044" lon="30.384352194776145">
				<ele>-0.6213189112022519</ele>
				<time>2022-09-07T15:12:12Z</time>
			</trkpt>
			<trkpt lat="59.948730384334844" lon="30.384411505674198">
				<ele>2.0967122316360474</ele>
				<time>2022-09-07T15:12:14Z</time>
			</trkpt>
			<trkpt lat="59.948731276047106" lon="30.384451772249495">
				<ele>-0.4099426968023181</ele>
				<time>2022-09-07T15:12:17Z</time>
			</trkpt>
			<trkpt lat="59.94873714867079" lon="30.38449416554921">
				<ele>0.42948190961033106</ele>
				<time>2022-09-07T15:12:19Z</time>
			</trkpt>
			<trkpt lat="59.94872869651122" lon="30.38452815964963">
				<ele>-2.2743450421839952</ele>
				<time>2022-09-07T15:12:21Z</time>
			</trkpt>
			<trkpt lat="59.94873268825779" lon="30.38457465417741">
				<ele>-0.56217728741467</ele>
				<time>2022-09-07T15:12:23Z</time>
			</trkpt>
			<trkpt lat="59.94873210080171" lon="30.38462319765548">
				<ele>0.43041865713894367</ele>
				<time>2022-09-07T15:12:25Z</time>
			</trkpt>
			<trkpt lat="59.9487253977184" lon="30.384664707401186">
				<ele>0.15367346070706844</ele>
				<time>2022-09-07T15:12:27Z</time>
			</trkpt>
			<trkpt lat="59.948726666319104" lon="30.38471258412231">
				<ele>-0.08016362600028515</ele>
				<time>2022-09-07T15:12:30Z</time>
			</trkpt>
			<trkpt lat="59.948732636538935" lon="30.384756251085843">
				<ele>-1.3445399273186922</ele>
				<time>2022-09-07T15:12:33Z</time>
			</trkpt>
			<trkpt lat="59.94873475545998" lon="30.384811615413465">
				<ele>-2.5326121179386973</ele>
				<time>2022-09-07T15:12:39Z</time>
			</trkpt>
			<trkpt lat="59.9487306209994" lon="30.384860781245834">
				<ele>0.06253156997263432</ele>
				<time>2022-09-07T15:12:41Z</time>
			</trkpt>
			<trkpt lat="59.94873036361882" lon="30.384896767577956">
				<ele>-0.7656020857393742</ele>
				<time>2022-09-07T15:12:44Z</time>
			</trkpt>
			<trkpt lat="59.94870598742798" lon="30.38495152763253">
				<ele>-0.7713401326909661</ele>
				<time>2022-09-07T15:12:46Z</time>
			</trkpt>
			<trkpt lat="59.94869984887808" lon="30.385017826743592">
				<ele>1.3567123813554645</ele>
				<time>2022-09-07T15:12:47Z</time>
			</trkpt>
			<trkpt lat="59.94872401162881" lon="30.38500768633114">
				<ele>-3.2028072578832507</ele>
				<time>2022-09-07T15:12:49Z</time>
			</trkpt>
			<trkpt lat="59.94872519019751" lon="30.38504426750526">
				<ele>-1.624328538775444</ele>
				<time>2022-09-07T15:12:51Z</time>
			</trkpt>
			<trkpt lat="59.94871461051027" lon="30.385086937232625">
				<ele>-2.9131857538595796</ele>
				<time>2022-09-07T15:12:54Z</time>
			</trkpt>
			<trkpt lat="59.94872756592732" lon="30.38511282713635">
				<ele>-0.7969292234629393</ele>
				<time>2022-09-07T15:12:55Z</time>
			</trkpt>
			<trkpt lat="59.94873515453636" lon="30.38515841010128">
				<ele>1.1392562091350555</ele>
				<time>2022-09-07T15:12:57Z</time>
			</trkpt>
			<trkpt lat="59.94874375360976" lon="30.385196758667572">
				<ele>0.7790653668344021</ele>
				<time>2022-09-07T15:13:00Z</time>
			</trkpt>
			<trkpt lat="59.948741652564884" lon="30.38527003884198">
				<ele>2.5017590280622244</ele>
				<time>2022-09-07T15:13:03Z</time>
			</trkpt>
			<trkpt lat="59.9487351336458" lon="30.38532224290213">
				<ele>2.166699898429215</ele>
				<time>2022-09-07T15:13:06Z</time>
			</trkpt>
			<trkpt lat="59.94872887313645" lon="30.38537917174616">
				<ele>0.060588523745536804</ele>
				<time>2022-09-07T15:13:09Z</time>
			</trkpt>
			<trkpt lat="59.948737729956655" lon="30.38542445706749">
				<ele>1.1895953677594662</ele>
				<time>2022-09-07T15:13:11Z</time>
			</trkpt>
			<trkpt lat="59.94873663211532" lon="30.385469174272938">
				<ele>0.935332921333611</ele>
				<time>2022-09-07T15:13:13Z</time>
			</trkpt>
			<trkpt lat="59.9487380960131" lon="30.38552201766493">
				<ele>2.3131160074844956</ele>
				<time>2022-09-07T15:13:15Z</time>
			</trkpt>
			<trkpt lat="59.94872111706458" lon="30.385547228541512">
				<ele>-0.36753628589212894</ele>
				<time>2022-09-07T15:13:17Z</time>
			</trkpt>
			<trkpt lat="59.94872976005938" lon="30.385601820427098">
				<ele>0.4262897800654173</ele>
				<time>2022-09-07T15:13:20Z</time>
			</trkpt>
			<trkpt lat="59.94872449851602" lon="30.385656447855066">
				<ele>1.0191092612221837</ele>
				<time>2022-09-07T15:13:22Z</time>
			</trkpt>
			<trkpt lat="59.9487345183739" lon="30.385707103401693">
				<ele>1.8027743119746447</ele>
				<time>2022-09-07T15:13:24Z</time>
			</trkpt>
			<trkpt lat="59.94874707448791" lon="30.385741788384003">
				<ele>2.956531958654523</ele>
				<time>2022-09-07T15:13:26Z</time>
			</trkpt>
			<trkpt lat="59.948773979086646" lon="30.38575119883638">
				<ele>0.45934352092444897</ele>
				<time>2022-09-07T15:13:34Z</time>
			</trkpt>
			<trkpt lat="59.948808069587855" lon="30.385757444880017">
				<ele>2.5783844934776425</ele>
				<time>2022-09-07T15:13:36Z</time>
			</trkpt>
			<trkpt lat="59.94882840937753" lon="30.385770817917">
				<ele>2.3673253590241075</ele>
				<time>2022-09-07T15:13:38Z</time>
			</trkpt>
			<trkpt lat="59.9488660124916" lon="30.385773471390394">
				<ele>4.160375769250095</ele>
				<time>2022-09-07T15:13:40Z</time>
			</trkpt>
			<trkpt lat="59.94888830392214" lon="30.385765984536626">
				<ele>0.9868819015100598</ele>
				<time>2022-09-07T15:13:44Z</time>
			</trkpt>
			<trkpt lat="59.948868450932885" lon="30.38573307210099">
				<ele>0.668513098731637</ele>
				<time>2022-09-07T15:13:46Z</time>
			</trkpt>
			<trkpt lat="59.94884576920776" lon="30.385719599680733">
				<ele>-2.771564836613834</ele>
				<time>2022-09-07T15:13:56Z</time>
			</trkpt>
			<trkpt lat="59.948892218752505" lon="30.385724252889013">
				<ele>2.739736633375287</ele>
				<time>2022-09-07T15:13:58Z</time>
			</trkpt>
			<trkpt lat="59.94891240271814" lon="30.38573892694808">
				<ele>4.267323330976069</ele>
				<time>2022-09-07T15:13:59Z</time>
			</trkpt>
			<trkpt lat="59.94894344212008" lon="30.38574302302371">
				<ele>5.857581445015967</ele>
				<time>2022-09-07T15:14:01Z</time>
			</trkpt>
			<trkpt lat="59.94897131295989" lon="30.385766310886822">
				<ele>6.169056995771825</ele>
				<time>2022-09-07T15:14:03Z</time>
			</trkpt>
			<trkpt lat="59.94899822680857" lon="30.385773054816905">
				<ele>8.20334945153445</ele>
				<time>2022-09-07T15:14:04Z</time>
			</trkpt>
			<trkpt lat="59.94902096521105" lon="30.385782180110752">
				<ele>3.142865435220301</ele>
				<time>2022-09-07T15:14:12Z</time>
			</trkpt>
			<trkpt lat="59.949036547082216" lon="30.385764141765495">
				<ele>-1.6182325249537826</ele>
				<time>2022-09-07T15:14:16Z</time>
			</trkpt>
			<trkpt lat="59.949055444367396" lon="30.385756327129773">
				<ele>-3.2443501194939017</ele>
				<time>2022-09-07T15:14:18Z</time>
			</trkpt>
			<trkpt lat="59.94908460267542" lon="30.385771911754954">
				<ele>-2.243962480686605</ele>
				<time>2022-09-07T15:14:21Z</time>
			</trkpt>
			<trkpt lat="59.94911075077649" lon="30.38576226834555">
				<ele>-3.3227259404957294</ele>
				<time>2022-09-07T15:14:24Z</time>
			</trkpt>
			<trkpt lat="59.94913801987403" lon="30.385766672997946">
				<ele>-2.106403848156333</ele>
				<time>2022-09-07T15:14:27Z</time>
			</trkpt>
			<trkpt lat="59.949164681696914" lon="30.385759714867238">
				<ele>-1.8795390678569674</ele>
				<time>2022-09-07T15:14:30Z</time>
			</trkpt>
			<trkpt lat="59.94918726877215" lon="30.38575410979721">
				<ele>-2.2666966915130615</ele>
				<time>2022-09-07T15:14:32Z</time>
			</trkpt>
			<trkpt lat="59.94921447177952" lon="30.385760751849737">
				<ele>-3.2245293902233243</ele>
				<time>2022-09-07T15:14:36Z</time>
			</trkpt>
			<trkpt lat="59.949228232581696" lon="30.385727660679454">
				<ele>-1.6857290966436267</ele>
				<time>2022-09-07T15:14:51Z</time>
			</trkpt>
			<trkpt lat="59.949249236168164" lon="30.385752632923445">
				<ele>-6.532989838160574</ele>
				<time>2022-09-07T15:14:55Z</time>
			</trkpt>
			<trkpt lat="59.9492691981363" lon="30.385745722553583">
				<ele>-5.0046215783804655</ele>
				<time>2022-09-07T15:14:56Z</time>
			</trkpt>
			<trkpt lat="59.949290728481145" lon="30.38572352138704">
				<ele>-1.5953995920717716</ele>
				<time>2022-09-07T15:14:58Z</time>
			</trkpt>
			<trkpt lat="59.94928403873782" lon="30.38568543254773">
				<ele>-0.45074106473475695</ele>
				<time>2022-09-07T15:15:00Z</time>
			</trkpt>
			<trkpt lat="59.94928134549052" lon="30.385625852518704">
				<ele>1.0882546976208687</ele>
				<time>2022-09-07T15:15:02Z</time>
			</trkpt>
			<trkpt lat="59.949273581700375" lon="30.38558298677449">
				<ele>-0.8798831552267075</ele>
				<time>2022-09-07T15:15:04Z</time>
			</trkpt>
			<trkpt lat="59.94929073766203" lon="30.38555054858378">
				<ele>-1.6930935168638825</ele>
				<time>2022-09-07T15:15:08Z</time>
			</trkpt>
			<trkpt lat="59.949283646733114" lon="30.38551557982213">
				<ele>1.451794202439487</ele>
				<time>2022-09-07T15:15:10Z</time>
			</trkpt>
			<trkpt lat="59.94927647816211" lon="30.38546489259465">
				<ele>2.063136825338006</ele>
				<time>2022-09-07T15:15:13Z</time>
			</trkpt>
			<trkpt lat="59.949265678675225" lon="30.38543502980005">
				<ele>1.9023011177778244</ele>
				<time>2022-09-07T15:15:15Z</time>
			</trkpt>
			<trkpt lat="59.94927976827728" lon="30.38537702098808">
				<ele>1.7496755672618747</ele>
				<time>2022-09-07T15:15:18Z</time>
			</trkpt>
			<trkpt lat="59.94927980897206" lon="30.385335802989573">
				<ele>5.131972659379244</ele>
				<time>2022-09-07T15:15:21Z</time>
			</trkpt>
			<trkpt lat="59.949294970091216" lon="30.38528602032299">
				<ele>0.49029646534472704</ele>
				<time>2022-09-07T15:15:24Z</time>
			</trkpt>
			<trkpt lat="59.94931463425289" lon="30.38536510166603">
				<ele>2.820310835726559</ele>
				<time>2022-09-07T15:15:29Z</time>
			</trkpt>
			<trkpt lat="59.9493250487798" lon="30.385415009151707">
				<ele>3.6295257844030857</ele>
				<time>2022-09-07T15:15:30Z</time>
			</trkpt>
			<trkpt lat="59.949315247587315" lon="30.38546343838842">
				<ele>4.516951200552285</ele>
				<time>2022-09-07T15:15:31Z</time>
			</trkpt>
			<trkpt lat="59.94931106068335" lon="30.38551427456527">
				<ele>5.22935373429209</ele>
				<time>2022-09-07T15:15:34Z</time>
			</trkpt>
			<trkpt lat="59.94932054462043" lon="30.3855751107127">
				<ele>7.915917218662798</ele>
				<time>2022-09-07T15:15:37Z</time>
			</trkpt>
			<trkpt lat="59.94930437783914" lon="30.385608722107232">
				<ele>2.274612887762487</ele>
				<time>2022-09-07T15:15:40Z</time>
			</trkpt>
			<trkpt lat="59.94932486618409" lon="30.385644059680583">
				<ele>2.4725531190633774</ele>
				<time>2022-09-07T15:15:43Z</time>
			</trkpt>
			<trkpt lat="59.949344512567684" lon="30.38564389532709">
				<ele>5.0594849437475204</ele>
				<time>2022-09-07T15:15:45Z</time>
			</trkpt>
			<trkpt lat="59.94936918235751" lon="30.385636394989277">
				<ele>3.6438331184908748</ele>
				<time>2022-09-07T15:15:48Z</time>
			</trkpt>
			<trkpt lat="59.949399279402165" lon="30.385607576574408">
				<ele>3.263553378172219</ele>
				<time>2022-09-07T15:15:50Z</time>
			</trkpt>
			<trkpt lat="59.949414565181584" lon="30.385587913775005">
				<ele>5.36280195042491</ele>
				<time>2022-09-07T15:15:51Z</time>
			</trkpt>
			<trkpt lat="59.949443812676805" lon="30.385589151061836">
				<ele>4.029589332640171</ele>
				<time>2022-09-07T15:15:54Z</time>
			</trkpt>
			<trkpt lat="59.949472706603586" lon="30.385581882021164">
				<ele>5.073556751012802</ele>
				<time>2022-09-07T15:15:56Z</time>
			</trkpt>
			<trkpt lat="59.94950125471304" lon="30.38557284611656">
				<ele>5.147282994352281</ele>
				<time>2022-09-07T15:15:58Z</time>
			</trkpt>
			<trkpt lat="59.9495311523726" lon="30.38556312999985">
				<ele>5.871871939860284</ele>
				<time>2022-09-07T15:16:00Z</time>
			</trkpt>
			<trkpt lat="59.949549918407946" lon="30.38556187759273">
				<ele>7.896493820473552</ele>
				<time>2022-09-07T15:16:02Z</time>
			</trkpt>
			<trkpt lat="59.949582090544006" lon="30.38555765755255">
				<ele>6.508725604973733</ele>
				<time>2022-09-07T15:16:04Z</time>
			</trkpt>
			<trkpt lat="59.94960646562413" lon="30.38557533944073">
				<ele>8.668330200016499</ele>
				<time>2022-09-07T15:16:05Z</time>
			</trkpt>
			<trkpt lat="59.949634026028946" lon="30.38559146914877">
				<ele>7.743475162424147</ele>
				<time>2022-09-07T15:16:07Z</time>
			</trkpt>
			<trkpt lat="59.9496249396008" lon="30.385652646470703">
				<ele>4.08642577752471</ele>
				<time>2022-09-07T15:16:11Z</time>
			</trkpt>
			<trkpt lat="59.949630159512516" lon="30.385700464295915">
				<ele>4.429098107852042</ele>
				<time>2022-09-07T15:16:12Z</time>
			</trkpt>
			<trkpt lat="59.94963960168878" lon="30.385741916081454">
				<ele>4.689192085526884</ele>
				<time>2022-09-07T15:16:14Z</time>
			</trkpt>
			<trkpt lat="59.949657857610916" lon="30.385754551449434">
				<ele>5.383297428488731</ele>
				<time>2022-09-07T15:16:16Z</time>
			</trkpt>
			<trkpt lat="59.94968423959309" lon="30.385765533247387">
				<ele>4.513748820871115</ele>
				<time>2022-09-07T15:16:18Z</time>
			</trkpt>
			<trkpt lat="59.94970601988516" lon="30.385789170800354">
				<ele>3.273250801488757</ele>
				<time>2022-09-07T15:16:20Z</time>
			</trkpt>
			<trkpt lat="59.949727485090236" lon="30.385809060722767">
				<ele>3.3321172799915075</ele>
				<time>2022-09-07T15:16:22Z</time>
			</trkpt>
			<trkpt lat="59.94974568879493" lon="30.385826547772208">
				<ele>4.286555833183229</ele>
				<time>2022-09-07T15:16:24Z</time>
			</trkpt>
			<trkpt lat="59.94976727878473" lon="30.385855787479006">
				<ele>3.7203239845111966</ele>
				<time>2022-09-07T15:16:26Z</time>
			</trkpt>
			<trkpt lat="59.949781991217726" lon="30.385820841763266">
				<ele>1.7149915006011724</ele>
				<time>2022-09-07T15:16:29Z</time>
			</trkpt>
			<trkpt lat="59.9498149366193" lon="30.385819345567068">
				<ele>2.6189399352297187</ele>
				<time>2022-09-07T15:16:31Z</time>
			</trkpt>
			<trkpt lat="59.949840248431656" lon="30.38581705332832">
				<ele>4.371854250319302</ele>
				<time>2022-09-07T15:16:33Z</time>
			</trkpt>
			<trkpt lat="59.949873697762904" lon="30.385835585066047">
				<ele>7.956277732737362</ele>
				<time>2022-09-07T15:16:35Z</time>
			</trkpt>
			<trkpt lat="59.949891450347025" lon="30.38581949839141">
				<ele>4.938257770612836</ele>
				<time>2022-09-07T15:16:37Z</time>
			</trkpt>
			<trkpt lat="59.949908789110694" lon="30.385809338450798">
				<ele>3.915478660725057</ele>
				<time>2022-09-07T15:16:39Z</time>
			</trkpt>
			<trkpt lat="59.94994016816667" lon="30.385810236693796">
				<ele>8.149738924577832</ele>
				<time>2022-09-07T15:16:40Z</time>
			</trkpt>
			<trkpt lat="59.94997430120454" lon="30.385802348850007">
				<ele>8.098141501657665</ele>
				<time>2022-09-07T15:16:42Z</time>
			</trkpt>
			<trkpt lat="59.950007708462245" lon="30.385809572865604">
				<ele>10.851423050276935</ele>
				<time>2022-09-07T15:16:43Z</time>
			</trkpt>
			<trkpt lat="59.95002907385983" lon="30.385820403056737">
				<ele>13.636850810609758</ele>
				<time>2022-09-07T15:16:44Z</time>
			</trkpt>
			<trkpt lat="59.950052559541476" lon="30.38579566738624">
				<ele>13.572197709232569</ele>
				<time>2022-09-07T15:16:46Z</time>
			</trkpt>
			<trkpt lat="59.950069255496494" lon="30.385824951575074">
				<ele>10.075844426639378</ele>
				<time>2022-09-07T15:16:50Z</time>
			</trkpt>
			<trkpt lat="59.950100901289225" lon="30.3858278484637">
				<ele>10.779209902510047</ele>
				<time>2022-09-07T15:16:53Z</time>
			</trkpt>
			<trkpt lat="59.95011963733451" lon="30.385815327993427">
				<ele>8.289635736495256</ele>
				<time>2022-09-07T15:16:56Z</time>
			</trkpt>
			<trkpt lat="59.95015877540625" lon="30.385811345974687">
				<ele>10.087677186354995</ele>
				<time>2022-09-07T15:16:59Z</time>
			</trkpt>
			<trkpt lat="59.950183169858335" lon="30.385801888870322">
				<ele>11.382578705437481</ele>
				<time>2022-09-07T15:17:00Z</time>
			</trkpt>
			<trkpt lat="59.95022295379538" lon="30.38580053775408">
				<ele>13.329764826223254</ele>
				<time>2022-09-07T15:17:02Z</time>
			</trkpt>
			<trkpt lat="59.95024724538588" lon="30.3858109946249">
				<ele>15.099879431538284</ele>
				<time>2022-09-07T15:17:03Z</time>
			</trkpt>
			<trkpt lat="59.95027553906825" lon="30.385796134657298">
				<ele>16.438598850741982</ele>
				<time>2022-09-07T15:17:05Z</time>
			</trkpt>
			<trkpt lat="59.95030326546921" lon="30.385802327917347">
				<ele>16.6063437378034</ele>
				<time>2022-09-07T15:17:07Z</time>
			</trkpt>
			<trkpt lat="59.95032876289787" lon="30.385833587320565">
				<ele>17.766313990578055</ele>
				<time>2022-09-07T15:17:09Z</time>
			</trkpt>
			<trkpt lat="59.950346019584586" lon="30.385863913813296">
				<ele>18.017733375541866</ele>
				<time>2022-09-07T15:17:10Z</time>
			</trkpt>
			<trkpt lat="59.95032632392545" lon="30.38592529267055">
				<ele>15.243911150842905</ele>
				<time>2022-09-07T15:17:12Z</time>
			</trkpt>
			<trkpt lat="59.95029956663585" lon="30.385965749817196">
				<ele>11.725542491301894</ele>
				<time>2022-09-07T15:17:13Z</time>
			</trkpt>
			<trkpt lat="59.95028642805817" lon="30.38600654772277">
				<ele>9.681984161958098</ele>
				<time>2022-09-07T15:17:15Z</time>
			</trkpt>
			<trkpt lat="59.95028512869187" lon="30.38604509619546">
				<ele>9.320205349475145</ele>
				<time>2022-09-07T15:17:17Z</time>
			</trkpt>
			<trkpt lat="59.95027008734744" lon="30.386086711874114">
				<ele>5.672166906297207</ele>
				<time>2022-09-07T15:17:19Z</time>
			</trkpt>
			<trkpt lat="59.95027235594388" lon="30.386130108259856">
				<ele>5.350003328174353</ele>
				<time>2022-09-07T15:17:21Z</time>
			</trkpt>
			<trkpt lat="59.950264605448744" lon="30.386182335832427">
				<ele>5.127535571344197</ele>
				<time>2022-09-07T15:17:23Z</time>
			</trkpt>
			<trkpt lat="59.9502610718528" lon="30.386227524247328">
				<ele>5.713197740726173</ele>
				<time>2022-09-07T15:17:25Z</time>
			</trkpt>
			<trkpt lat="59.95025581334847" lon="30.386269978474147">
				<ele>3.4824981009587646</ele>
				<time>2022-09-07T15:17:27Z</time>
			</trkpt>
			<trkpt lat="59.9502546365447" lon="30.386311648308304">
				<ele>2.908698887564242</ele>
				<time>2022-09-07T15:17:29Z</time>
			</trkpt>
			<trkpt lat="59.95025260930913" lon="30.386362998180424">
				<ele>3.1994057297706604</ele>
				<time>2022-09-07T15:17:31Z</time>
			</trkpt>
			<trkpt lat="59.950257227050116" lon="30.38639925919593">
				<ele>2.09580943454057</ele>
				<time>2022-09-07T15:17:33Z</time>
			</trkpt>
			<trkpt lat="59.950258767154246" lon="30.38644136345902">
				<ele>4.1245418060570955</ele>
				<time>2022-09-07T15:17:35Z</time>
			</trkpt>
			<trkpt lat="59.95025077449949" lon="30.38648306030476">
				<ele>1.6760092256590724</ele>
				<time>2022-09-07T15:17:37Z</time>
			</trkpt>
			<trkpt lat="59.95024298411947" lon="30.386516309694905">
				<ele>0.5985787063837051</ele>
				<time>2022-09-07T15:17:39Z</time>
			</trkpt>
			<trkpt lat="59.950239968401384" lon="30.38657274066858">
				<ele>1.6073997672647238</ele>
				<time>2022-09-07T15:17:41Z</time>
			</trkpt>
			<trkpt lat="59.950240658908214" lon="30.386613972324614">
				<ele>2.2592561366036534</ele>
				<time>2022-09-07T15:17:43Z</time>
			</trkpt>
			<trkpt lat="59.95024737752265" lon="30.386647718447144">
				<ele>4.349635276012123</ele>
				<time>2022-09-07T15:17:45Z</time>
			</trkpt>
			<trkpt lat="59.95024172761697" lon="30.38669011653971">
				<ele>2.236545425839722</ele>
				<time>2022-09-07T15:17:47Z</time>
			</trkpt>
			<trkpt lat="59.950245354279886" lon="30.386738021691016">
				<ele>3.0337554970756173</ele>
				<time>2022-09-07T15:17:49Z</time>
			</trkpt>
			<trkpt lat="59.950243759594805" lon="30.38678260111449">
				<ele>2.897451096214354</ele>
				<time>2022-09-07T15:17:51Z</time>
			</trkpt>
			<trkpt lat="59.95022851890654" lon="30.386802716289004">
				<ele>-1.0503224022686481</ele>
				<time>2022-09-07T15:17:53Z</time>
			</trkpt>
			<trkpt lat="59.950229459801406" lon="30.386859731170645">
				<ele>-0.6726927747949958</ele>
				<time>2022-09-07T15:17:55Z</time>
			</trkpt>
			<trkpt lat="59.95022490057348" lon="30.386922129235035">
				<ele>-0.20628261100500822</ele>
				<time>2022-09-07T15:17:57Z</time>
			</trkpt>
			<trkpt lat="59.95023161832448" lon="30.386962686001876">
				<ele>1.4160853866487741</ele>
				<time>2022-09-07T15:17:59Z</time>
			</trkpt>
			<trkpt lat="59.95022475883654" lon="30.38700133858318">
				<ele>-2.2271401109173894</ele>
				<time>2022-09-07T15:18:02Z</time>
			</trkpt>
			<trkpt lat="59.95023325024363" lon="30.38706305058824">
				<ele>0.07079615630209446</ele>
				<time>2022-09-07T15:18:04Z</time>
			</trkpt>
			<trkpt lat="59.950230445377684" lon="30.387104345885618">
				<ele>-0.6271947538480163</ele>
				<time>2022-09-07T15:18:06Z</time>
			</trkpt>
			<trkpt lat="59.95022133291263" lon="30.387147124634993">
				<ele>-2.881888476200402</ele>
				<time>2022-09-07T15:18:09Z</time>
			</trkpt>
			<trkpt lat="59.950219617236215" lon="30.38718671144241">
				<ele>-2.958581584505737</ele>
				<time>2022-09-07T15:18:11Z</time>
			</trkpt>
			<trkpt lat="59.950218550514556" lon="30.387243406965585">
				<ele>-2.2813302213326097</ele>
				<time>2022-09-07T15:18:13Z</time>
			</trkpt>
			<trkpt lat="59.95020162497223" lon="30.387288043592168">
				<ele>-3.60369008872658</ele>
				<time>2022-09-07T15:18:16Z</time>
			</trkpt>
			<trkpt lat="59.95019894150542" lon="30.387341972086634">
				<ele>-5.132799888961017</ele>
				<time>2022-09-07T15:18:19Z</time>
			</trkpt>
			<trkpt lat="59.95019557194544" lon="30.387400315779495">
				<ele>-4.87825174536556</ele>
				<time>2022-09-07T15:18:21Z</time>
			</trkpt>
			<trkpt lat="59.95020284675677" lon="30.387438381394613">
				<ele>-3.5396666331216693</ele>
				<time>2022-09-07T15:18:22Z</time>
			</trkpt>
			<trkpt lat="59.95021981768402" lon="30.387456949720438">
				<ele>-0.4897336568683386</ele>
				<time>2022-09-07T15:18:23Z</time>
			</trkpt>
			<trkpt lat="59.950212004553244" lon="30.387505774146575">
				<ele>-3.644217500463128</ele>
				<time>2022-09-07T15:18:25Z</time>
			</trkpt>
			<trkpt lat="59.95021055019601" lon="30.38754268133114">
				<ele>-4.489628838375211</ele>
				<time>2022-09-07T15:18:26Z</time>
			</trkpt>
			<trkpt lat="59.95019734224675" lon="30.38757749346332">
				<ele>-5.64187597297132</ele>
				<time>2022-09-07T15:18:29Z</time>
			</trkpt>
			<trkpt lat="59.95020156145357" lon="30.38763884205118">
				<ele>-2.984899246133864</ele>
				<time>2022-09-07T15:18:31Z</time>
			</trkpt>
			<trkpt lat="59.950205264433464" lon="30.38768388717186">
				<ele>-3.086266251280904</ele>
				<time>2022-09-07T15:18:33Z</time>
			</trkpt>
			<trkpt lat="59.95022639083536" lon="30.387721843869446">
				<ele>0.8823177246376872</ele>
				<time>2022-09-07T15:18:34Z</time>
			</trkpt>
			<trkpt lat="59.950236964700736" lon="30.38777489237039">
				<ele>4.074151468463242</ele>
				<time>2022-09-07T15:18:36Z</time>
			</trkpt>
			<trkpt lat="59.95023809427604" lon="30.387814708697682">
				<ele>3.19244662579149</ele>
				<time>2022-09-07T15:18:39Z</time>
			</trkpt>
			<trkpt lat="59.95022821661105" lon="30.387859341919455">
				<ele>1.0942572550848126</ele>
				<time>2022-09-07T15:18:41Z</time>
			</trkpt>
			<trkpt lat="59.950233702862974" lon="30.38789610095238">
				<ele>0.06157274264842272</ele>
				<time>2022-09-07T15:18:43Z</time>
			</trkpt>
			<trkpt lat="59.95024882747798" lon="30.38792614946077">
				<ele>-2.692960294894874</ele>
				<time>2022-09-07T15:18:46Z</time>
			</trkpt>
			<trkpt lat="59.950258175462224" lon="30.38797842913097">
				<ele>-2.697274607606232</ele>
				<time>2022-09-07T15:18:49Z</time>
			</trkpt>
			<trkpt lat="59.9502597521031" lon="30.38802076229735">
				<ele>-2.5079097831621766</ele>
				<time>2022-09-07T15:18:51Z</time>
			</trkpt>
			<trkpt lat="59.95026556002977" lon="30.388076136006426">
				<ele>-1.0811397358775139</ele>
				<time>2022-09-07T15:18:53Z</time>
			</trkpt>
			<trkpt lat="59.95026551537912" lon="30.388130633289528">
				<ele>-3.0340706882998347</ele>
				<time>2022-09-07T15:18:56Z</time>
			</trkpt>
			<trkpt lat="59.950276808524656" lon="30.388177726166006">
				<ele>-1.9409993262961507</ele>
				<time>2022-09-07T15:18:58Z</time>
			</trkpt>
			<trkpt lat="59.95027520001435" lon="30.388219402013238">
				<ele>-3.237233320251107</ele>
				<time>2022-09-07T15:19:00Z</time>
			</trkpt>
			<trkpt lat="59.95027481156769" lon="30.388267132613347">
				<ele>-3.985400498844683</ele>
				<time>2022-09-07T15:19:02Z</time>
			</trkpt>
			<trkpt lat="59.95028790656331" lon="30.388291898257574">
				<ele>-1.7528155529871583</ele>
				<time>2022-09-07T15:19:03Z</time>
			</trkpt>
			<trkpt lat="59.9502841219962" lon="30.388338721852538">
				<ele>-7.128512164577842</ele>
				<time>2022-09-07T15:19:05Z</time>
			</trkpt>
			<trkpt lat="59.9502726276076" lon="30.38842461154835">
				<ele>-4.756295405328274</ele>
				<time>2022-09-07T15:19:08Z</time>
			</trkpt>
			<trkpt lat="59.95025768481819" lon="30.388469478090872">
				<ele>-4.2154013039544225</ele>
				<time>2022-09-07T15:19:11Z</time>
			</trkpt>
			<trkpt lat="59.95025589273869" lon="30.388518100747554">
				<ele>-4.730258049443364</ele>
				<time>2022-09-07T15:19:13Z</time>
			</trkpt>
			<trkpt lat="59.95027033497898" lon="30.38857384522383">
				<ele>-4.022622233256698</ele>
				<time>2022-09-07T15:19:14Z</time>
			</trkpt>
			<trkpt lat="59.95030385745678" lon="30.388557254729097">
				<ele>-2.890629188157618</ele>
				<time>2022-09-07T15:19:15Z</time>
			</trkpt>
			<trkpt lat="59.95031211006584" lon="30.38859976258281">
				<ele>-4.20854458771646</ele>
				<time>2022-09-07T15:19:18Z</time>
			</trkpt>
			<trkpt lat="59.95031063744582" lon="30.38864390678863">
				<ele>-10.003209540620446</ele>
				<time>2022-09-07T15:19:21Z</time>
			</trkpt>
			<trkpt lat="59.950322311029524" lon="30.38868258917721">
				<ele>-6.8519217958673835</ele>
				<time>2022-09-07T15:19:23Z</time>
			</trkpt>
			<trkpt lat="59.950341800865104" lon="30.38872514674989">
				<ele>-7.5038667330518365</ele>
				<time>2022-09-07T15:19:26Z</time>
			</trkpt>
			<trkpt lat="59.950343616202645" lon="30.388776311814095">
				<ele>-10.2539838925004</ele>
				<time>2022-09-07T15:19:29Z</time>
			</trkpt>
			<trkpt lat="59.95035882139218" lon="30.388817730524618">
				<ele>-8.151977331377566</ele>
				<time>2022-09-07T15:19:31Z</time>
			</trkpt>
			<trkpt lat="59.95036772512692" lon="30.38885742251193">
				<ele>-7.59914362616837</ele>
				<time>2022-09-07T15:19:33Z</time>
			</trkpt>
			<trkpt lat="59.950374820025395" lon="30.38889111729468">
				<ele>-7.91206624545157</ele>
				<time>2022-09-07T15:19:35Z</time>
			</trkpt>
			<trkpt lat="59.950376281072586" lon="30.388932217673563">
				<ele>-8.011087034828961</ele>
				<time>2022-09-07T15:19:37Z</time>
			</trkpt>
			<trkpt lat="59.95039647290926" lon="30.38896859520653">
				<ele>-6.464162757620215</ele>
				<time>2022-09-07T15:19:39Z</time>
			</trkpt>
			<trkpt lat="59.9504095085719" lon="30.3890120716782">
				<ele>-6.100755592808127</ele>
				<time>2022-09-07T15:19:41Z</time>
			</trkpt>
			<trkpt lat="59.950428149724786" lon="30.389021662923337">
				<ele>-3.9553028605878353</ele>
				<time>2022-09-07T15:19:42Z</time>
			</trkpt>
			<trkpt lat="59.95043855670938" lon="30.389071992289026">
				<ele>-6.315128723159432</ele>
				<time>2022-09-07T15:19:45Z</time>
			</trkpt>
			<trkpt lat="59.95045253484722" lon="30.389114963822557">
				<ele>-4.632822385057807</ele>
				<time>2022-09-07T15:19:47Z</time>
			</trkpt>
			<trkpt lat="59.950467272246115" lon="30.38916273964213">
				<ele>-3.9587560137733817</ele>
				<time>2022-09-07T15:19:50Z</time>
			</trkpt>
			<trkpt lat="59.95047886028575" lon="30.389194441569902">
				<ele>-1.940571597777307</ele>
				<time>2022-09-07T15:19:51Z</time>
			</trkpt>
			<trkpt lat="59.95049112653678" lon="30.389238978049185">
				<ele>-4.359074996784329</ele>
				<time>2022-09-07T15:19:54Z</time>
			</trkpt>
			<trkpt lat="59.95050452691064" lon="30.3892710267718">
				<ele>-2.832760924473405</ele>
				<time>2022-09-07T15:19:56Z</time>
			</trkpt>
			<trkpt lat="59.95051495551844" lon="30.389305136008247">
				<ele>-2.650530096143484</ele>
				<time>2022-09-07T15:19:58Z</time>
			</trkpt>
			<trkpt lat="59.95051696141475" lon="30.389344666813454">
				<ele>-1.0453538270667195</ele>
				<time>2022-09-07T15:20:00Z</time>
			</trkpt>
			<trkpt lat="59.95051612458934" lon="30.389395907107776">
				<ele>-0.4186529014259577</ele>
				<time>2022-09-07T15:20:02Z</time>
			</trkpt>
			<trkpt lat="59.95054771264729" lon="30.389410747043232">
				<ele>0.5423427820205688</ele>
				<time>2022-09-07T15:20:05Z</time>
			</trkpt>
			<trkpt lat="59.9505431932083" lon="30.389467732562647">
				<ele>-0.8416747823357582</ele>
				<time>2022-09-07T15:20:06Z</time>
			</trkpt>
			<trkpt lat="59.9505436395597" lon="30.389512862585338">
				<ele>-1.7723454656079412</ele>
				<time>2022-09-07T15:20:08Z</time>
			</trkpt>
			<trkpt lat="59.95055950057631" lon="30.389566689045946">
				<ele>0.7318688528612256</ele>
				<time>2022-09-07T15:20:10Z</time>
			</trkpt>
			<trkpt lat="59.95056603844164" lon="30.38961214767111">
				<ele>0.609643317759037</ele>
				<time>2022-09-07T15:20:12Z</time>
			</trkpt>
			<trkpt lat="59.95058610405004" lon="30.389622890821204">
				<ele>3.123776338994503</ele>
				<time>2022-09-07T15:20:13Z</time>
			</trkpt>
			<trkpt lat="59.95060274915514" lon="30.38963649172636">
				<ele>5.628488243557513</ele>
				<time>2022-09-07T15:20:14Z</time>
			</trkpt>
			<trkpt lat="59.95059300221989" lon="30.389679084625588">
				<ele>3.487145319581032</ele>
				<time>2022-09-07T15:20:16Z</time>
			</trkpt>
			<trkpt lat="59.95059138966223" lon="30.389723535752545">
				<ele>4.018759369850159</ele>
				<time>2022-09-07T15:20:18Z</time>
			</trkpt>
			<trkpt lat="59.95060323750291" lon="30.38975950900155">
				<ele>4.266073782928288</ele>
				<time>2022-09-07T15:20:21Z</time>
			</trkpt>
			<trkpt lat="59.95060004486558" lon="30.389795758892806">
				<ele>2.16588306799531</ele>
				<time>2022-09-07T15:20:23Z</time>
			</trkpt>
			<trkpt lat="59.95059885462783" lon="30.38984947978507">
				<ele>2.0514255529269576</ele>
				<time>2022-09-07T15:20:26Z</time>
			</trkpt>
			<trkpt lat="59.950600606624945" lon="30.389893392736578">
				<ele>1.99402931984514</ele>
				<time>2022-09-07T15:20:28Z</time>
			</trkpt>
			<trkpt lat="59.950616254555264" lon="30.389939319998444">
				<ele>0.5816942090168595</ele>
				<time>2022-09-07T15:20:30Z</time>
			</trkpt>
			<trkpt lat="59.950640537612884" lon="30.3899508809921">
				<ele>0.20967955980449915</ele>
				<time>2022-09-07T15:20:32Z</time>
			</trkpt>
			<trkpt lat="59.95065897367568" lon="30.389961148982064">
				<ele>-0.008599143475294113</ele>
				<time>2022-09-07T15:20:33Z</time>
			</trkpt>
			<trkpt lat="59.950681590728195" lon="30.38994552302467">
				<ele>-2.364979642443359</ele>
				<time>2022-09-07T15:20:36Z</time>
			</trkpt>
			<trkpt lat="59.950708886364126" lon="30.389945563257573">
				<ele>-3.5004420718178153</ele>
				<time>2022-09-07T15:20:38Z</time>
			</trkpt>
			<trkpt lat="59.9507397551724" lon="30.38993338375134">
				<ele>0.5733257159590721</ele>
				<time>2022-09-07T15:20:40Z</time>
			</trkpt>
			<trkpt lat="59.95075170220874" lon="30.38988892308488">
				<ele>0.03496678173542023</ele>
				<time>2022-09-07T15:20:42Z</time>
			</trkpt>
			<trkpt lat="59.95076703052108" lon="30.389862952733584">
				<ele>-0.0031166011467576027</ele>
				<time>2022-09-07T15:20:43Z</time>
			</trkpt>
			<trkpt lat="59.9508000663648" lon="30.38987568419969">
				<ele>1.467954440973699</ele>
				<time>2022-09-07T15:20:46Z</time>
			</trkpt>
			<trkpt lat="59.95082018954894" lon="30.389871304585753">
				<ele>2.0227910885587335</ele>
				<time>2022-09-07T15:20:49Z</time>
			</trkpt>
			<trkpt lat="59.95084183508989" lon="30.38986201721065">
				<ele>2.873696692287922</ele>
				<time>2022-09-07T15:20:51Z</time>
			</trkpt>
			<trkpt lat="59.95084442955584" lon="30.389822227130555">
				<ele>3.439766025170684</ele>
				<time>2022-09-07T15:20:53Z</time>
			</trkpt>
			<trkpt lat="59.950872152887506" lon="30.389849564739748">
				<ele>2.620281687937677</ele>
				<time>2022-09-07T15:20:55Z</time>
			</trkpt>
			<trkpt lat="59.95089729889555" lon="30.389865743055267">
				<ele>3.664880738593638</ele>
				<time>2022-09-07T15:20:56Z</time>
			</trkpt>
			<trkpt lat="59.95092773851197" lon="30.38986468779128">
				<ele>3.3610538383945823</ele>
				<time>2022-09-07T15:20:59Z</time>
			</trkpt>
			<trkpt lat="59.9509480223568" lon="30.389864430323613">
				<ele>3.365004171617329</ele>
				<time>2022-09-07T15:21:03Z</time>
			</trkpt>
			<trkpt lat="59.95096686616784" lon="30.389828331698553">
				<ele>4.148611007258296</ele>
				<time>2022-09-07T15:21:05Z</time>
			</trkpt>
			<trkpt lat="59.950986453244276" lon="30.38980041148784">
				<ele>5.404007710516453</ele>
				<time>2022-09-07T15:21:07Z</time>
			</trkpt>
			<trkpt lat="59.9510116715343" lon="30.38979930556628">
				<ele>4.9953059908002615</ele>
				<time>2022-09-07T15:21:09Z</time>
			</trkpt>
			<trkpt lat="59.951030988853276" lon="30.389811376300617">
				<ele>4.378166555427015</ele>
				<time>2022-09-07T15:21:11Z</time>
			</trkpt>
			<trkpt lat="59.95104528551398" lon="30.389841460427668">
				<ele>4.847161429002881</ele>
				<time>2022-09-07T15:21:13Z</time>
			</trkpt>
			<trkpt lat="59.951064925967856" lon="30.389854342450807">
				<ele>4.001014493405819</ele>
				<time>2022-09-07T15:21:15Z</time>
			</trkpt>
			<trkpt lat="59.951082979301226" lon="30.389850017879912">
				<ele>3.9993780981749296</ele>
				<time>2022-09-07T15:21:17Z</time>
			</trkpt>
			<trkpt lat="59.951112303238084" lon="30.3898507261234">
				<ele>4.7448273645713925</ele>
				<time>2022-09-07T15:21:20Z</time>
			</trkpt>
			<trkpt lat="59.95112976208994" lon="30.389860055348322">
				<ele>1.1945199947804213</ele>
				<time>2022-09-07T15:21:22Z</time>
			</trkpt>
			<trkpt lat="59.95115347796889" lon="30.389857029774426">
				<ele>2.4444875698536634</ele>
				<time>2022-09-07T15:21:24Z</time>
			</trkpt>
			<trkpt lat="59.95117503452507" lon="30.389857492723383">
				<ele>1.368862820789218</ele>
				<time>2022-09-07T15:21:26Z</time>
			</trkpt>
			<trkpt lat="59.95119420748102" lon="30.3898617984718">
				<ele>-0.6270371582359076</ele>
				<time>2022-09-07T15:21:28Z</time>
			</trkpt>
			<trkpt lat="59.95121740171753" lon="30.389861661380483">
				<ele>-2.7460643649101257</ele>
				<time>2022-09-07T15:21:31Z</time>
			</trkpt>
			<trkpt lat="59.95124365297195" lon="30.38987044853481">
				<ele>-0.7154115773737431</ele>
				<time>2022-09-07T15:21:33Z</time>
			</trkpt>
			<trkpt lat="59.95127070122712" lon="30.389863674476082">
				<ele>-0.58090631198138</ele>
				<time>2022-09-07T15:21:35Z</time>
			</trkpt>
			<trkpt lat="59.95129286181862" lon="30.389869670622133">
				<ele>-0.2019962975755334</ele>
				<time>2022-09-07T15:21:37Z</time>
			</trkpt>
			<trkpt lat="59.951310820275026" lon="30.38987413104167">
				<ele>-1.0169077590107918</ele>
				<time>2022-09-07T15:21:39Z</time>
			</trkpt>
			<trkpt lat="59.95133036599306" lon="30.389904478206542">
				<ele>-3.640693991445005</ele>
				<time>2022-09-07T15:21:42Z</time>
			</trkpt>
			<trkpt lat="59.951349168002864" lon="30.389903488093708">
				<ele>-3.006014822050929</ele>
				<time>2022-09-07T15:21:44Z</time>
			</trkpt>
			<trkpt lat="59.95136725660907" lon="30.38989650842699">
				<ele>-3.3961101258173585</ele>
				<time>2022-09-07T15:21:46Z</time>
			</trkpt>
			<trkpt lat="59.95138921569753" lon="30.38988963886992">
				<ele>-4.871760220266879</ele>
				<time>2022-09-07T15:21:48Z</time>
			</trkpt>
			<trkpt lat="59.95141514039207" lon="30.389898639074218">
				<ele>-6.011099963448942</ele>
				<time>2022-09-07T15:21:51Z</time>
			</trkpt>
			<trkpt lat="59.951440402737845" lon="30.389894758352558">
				<ele>-3.6899854009971023</ele>
				<time>2022-09-07T15:21:53Z</time>
			</trkpt>
			<trkpt lat="59.95146265265803" lon="30.38988279494032">
				<ele>-1.9870577165856957</ele>
				<time>2022-09-07T15:21:55Z</time>
			</trkpt>
			<trkpt lat="59.951488946150725" lon="30.389900756686444">
				<ele>-5.111949254758656</ele>
				<time>2022-09-07T15:21:59Z</time>
			</trkpt>
			<trkpt lat="59.951520541679926" lon="30.38989576903964">
				<ele>-5.496888139285147</ele>
				<time>2022-09-07T15:22:02Z</time>
			</trkpt>
			<trkpt lat="59.951537001894586" lon="30.38991757464883">
				<ele>-3.1048475485295057</ele>
				<time>2022-09-07T15:22:03Z</time>
			</trkpt>
			<trkpt lat="59.95154782861454" lon="30.389947253639686">
				<ele>-7.881094643846154</ele>
				<time>2022-09-07T15:22:05Z</time>
			</trkpt>
			<trkpt lat="59.95156683756041" lon="30.38994017477408">
				<ele>-4.047631121240556</ele>
				<time>2022-09-07T15:22:06Z</time>
			</trkpt>
			<trkpt lat="59.951592983679454" lon="30.38994218710607">
				<ele>-3.761781632900238</ele>
				<time>2022-09-07T15:22:09Z</time>
			</trkpt>
			<trkpt lat="59.951611990806946" lon="30.389934725984848">
				<ele>-5.639998306520283</ele>
				<time>2022-09-07T15:22:12Z</time>
			</trkpt>
			<trkpt lat="59.95163808933149" lon="30.389932227276056">
				<ele>-3.7541716042906046</ele>
				<time>2022-09-07T15:22:14Z</time>
			</trkpt>
			<trkpt lat="59.95166437651008" lon="30.389927230947507">
				<ele>-1.8839488234370947</ele>
				<time>2022-09-07T15:22:16Z</time>
			</trkpt>
			<trkpt lat="59.95168769881167" lon="30.389928316387014">
				<ele>-1.4120533466339111</ele>
				<time>2022-09-07T15:22:18Z</time>
			</trkpt>
			<trkpt lat="59.95171267454249" lon="30.38993140566014">
				<ele>-4.920983964577317</ele>
				<time>2022-09-07T15:22:20Z</time>
			</trkpt>
			<trkpt lat="59.95173469549287" lon="30.38993791555731">
				<ele>-2.7886845488101244</ele>
				<time>2022-09-07T15:22:22Z</time>
			</trkpt>
			<trkpt lat="59.951764007911336" lon="30.389937664546633">
				<ele>-2.382796817459166</ele>
				<time>2022-09-07T15:22:25Z</time>
			</trkpt>
			<trkpt lat="59.951786836476266" lon="30.389945242091397">
				<ele>-1.4684689529240131</ele>
				<time>2022-09-07T15:22:27Z</time>
			</trkpt>
			<trkpt lat="59.95180433258038" lon="30.389958924652465">
				<ele>-2.706533138640225</ele>
				<time>2022-09-07T15:22:29Z</time>
			</trkpt>
			<trkpt lat="59.95182784081208" lon="30.389949228343816">
				<ele>-1.6043749991804361</ele>
				<time>2022-09-07T15:22:31Z</time>
			</trkpt>
			<trkpt lat="59.9518556213484" lon="30.38996201645587">
				<ele>-0.41305377148091793</ele>
				<time>2022-09-07T15:22:34Z</time>
			</trkpt>
			<trkpt lat="59.95187608481242" lon="30.389973787253687">
				<ele>-2.442626366391778</ele>
				<time>2022-09-07T15:22:36Z</time>
			</trkpt>
			<trkpt lat="59.95189474989596" lon="30.38996428988526">
				<ele>-1.7936143456026912</ele>
				<time>2022-09-07T15:22:38Z</time>
			</trkpt>
			<trkpt lat="59.951917377779296" lon="30.389981405374428">
				<ele>-1.2491992507129908</ele>
				<time>2022-09-07T15:22:40Z</time>
			</trkpt>
			<trkpt lat="59.95195101940571" lon="30.389984041687136">
				<ele>0.39158343616873026</ele>
				<time>2022-09-07T15:22:42Z</time>
			</trkpt>
			<trkpt lat="59.95199028514758" lon="30.390002750013082">
				<ele>1.966277084313333</ele>
				<time>2022-09-07T15:22:47Z</time>
			</trkpt>
			<trkpt lat="59.95200683588723" lon="30.389986198825373">
				<ele>0.08093465492129326</ele>
				<time>2022-09-07T15:22:49Z</time>
			</trkpt>
			<trkpt lat="59.95202694588776" lon="30.389999320502486">
				<ele>2.6199809266254306</ele>
				<time>2022-09-07T15:22:50Z</time>
			</trkpt>
			<trkpt lat="59.95204834027908" lon="30.390009007973024">
				<ele>3.4834361393004656</ele>
				<time>2022-09-07T15:22:51Z</time>
			</trkpt>
			<trkpt lat="59.952063052192024" lon="30.38997588710691">
				<ele>-0.8899949826300144</ele>
				<time>2022-09-07T15:22:53Z</time>
			</trkpt>
			<trkpt lat="59.95209219970655" lon="30.38996127612538">
				<ele>-0.2602732880041003</ele>
				<time>2022-09-07T15:22:55Z</time>
			</trkpt>
			<trkpt lat="59.95211091096101" lon="30.389951357601646">
				<ele>-0.6814051922410727</ele>
				<time>2022-09-07T15:22:57Z</time>
			</trkpt>
			<trkpt lat="59.9521385165903" lon="30.389933359862354">
				<ele>1.1567032961174846</ele>
				<time>2022-09-07T15:22:58Z</time>
			</trkpt>
			<trkpt lat="59.95214817172349" lon="30.38997815958596">
				<ele>-0.9425922352820635</ele>
				<time>2022-09-07T15:23:00Z</time>
			</trkpt>
			<trkpt lat="59.95216425237001" lon="30.390000101805164">
				<ele>0.6349529521539807</ele>
				<time>2022-09-07T15:23:02Z</time>
			</trkpt>
			<trkpt lat="59.952181922017026" lon="30.389989838549546">
				<ele>1.0209786044433713</ele>
				<time>2022-09-07T15:23:03Z</time>
			</trkpt>
			<trkpt lat="59.95221251118567" lon="30.389993665739066">
				<ele>-0.5998717043548822</ele>
				<time>2022-09-07T15:23:06Z</time>
			</trkpt>
			<trkpt lat="59.95223547115318" lon="30.390034639838134">
				<ele>-5.485126060433686</ele>
				<time>2022-09-07T15:23:10Z</time>
			</trkpt>
			<trkpt lat="59.95226028360971" lon="30.39002708715978">
				<ele>-4.103761036880314</ele>
				<time>2022-09-07T15:23:12Z</time>
			</trkpt>
			<trkpt lat="59.95228362214504" lon="30.39002373821956">
				<ele>-3.6319325184449553</ele>
				<time>2022-09-07T15:23:14Z</time>
			</trkpt>
			<trkpt lat="59.95230603342597" lon="30.390028787612454">
				<ele>-5.721478532068431</ele>
				<time>2022-09-07T15:23:17Z</time>
			</trkpt>
			<trkpt lat="59.952332326264745" lon="30.39002878580775">
				<ele>-3.6456819968298078</ele>
				<time>2022-09-07T15:23:19Z</time>
			</trkpt>
			<trkpt lat="59.95235378457596" lon="30.390034018324034">
				<ele>-3.8705347450450063</ele>
				<time>2022-09-07T15:23:21Z</time>
			</trkpt>
			<trkpt lat="59.952382754717156" lon="30.39003746847526">
				<ele>-2.2786219865083694</ele>
				<time>2022-09-07T15:23:23Z</time>
			</trkpt>
			<trkpt lat="59.952403912595116" lon="30.390029638602492">
				<ele>-4.375634957104921</ele>
				<time>2022-09-07T15:23:26Z</time>
			</trkpt>
			<trkpt lat="59.952430744182344" lon="30.39001366607525">
				<ele>-3.522257501259446</ele>
				<time>2022-09-07T15:23:28Z</time>
			</trkpt>
			<trkpt lat="59.95245650308832" lon="30.390009887773957">
				<ele>-2.884932726621628</ele>
				<time>2022-09-07T15:23:30Z</time>
			</trkpt>
			<trkpt lat="59.952475456875675" lon="30.390033437187782">
				<ele>-6.048498612828553</ele>
				<time>2022-09-07T15:23:34Z</time>
			</trkpt>
			<trkpt lat="59.95249882366798" lon="30.390043222215894">
				<ele>-4.455349780619144</ele>
				<time>2022-09-07T15:23:36Z</time>
			</trkpt>
			<trkpt lat="59.952519355511456" lon="30.390049315620036">
				<ele>-4.732935115695</ele>
				<time>2022-09-07T15:23:38Z</time>
			</trkpt>
			<trkpt lat="59.95253847290954" lon="30.390014217780497">
				<ele>-8.043329022824764</ele>
				<time>2022-09-07T15:23:40Z</time>
			</trkpt>
			<trkpt lat="59.95256380539269" lon="30.389996036170537">
				<ele>-7.5795501517131925</ele>
				<time>2022-09-07T15:23:42Z</time>
			</trkpt>
			<trkpt lat="59.95259836993233" lon="30.389983612338167">
				<ele>-5.807488029822707</ele>
				<time>2022-09-07T15:23:44Z</time>
			</trkpt>
			<trkpt lat="59.95261697022043" lon="30.389984635390228">
				<ele>-8.116083457134664</ele>
				<time>2022-09-07T15:23:47Z</time>
			</trkpt>
			<trkpt lat="59.952635549697185" lon="30.389993209469853">
				<ele>-7.338780970312655</ele>
				<time>2022-09-07T15:23:49Z</time>
			</trkpt>
			<trkpt lat="59.95266419725094" lon="30.39000427546919">
				<ele>-5.778889388777316</ele>
				<time>2022-09-07T15:23:51Z</time>
			</trkpt>
			<trkpt lat="59.952684112973024" lon="30.389989384686096">
				<ele>-7.752329736948013</ele>
				<time>2022-09-07T15:23:53Z</time>
			</trkpt>
			<trkpt lat="59.95270351377454" lon="30.389992136201215">
				<ele>-7.745182363316417</ele>
				<time>2022-09-07T15:23:55Z</time>
			</trkpt>
			<trkpt lat="59.952726625421576" lon="30.389998179712375">
				<ele>-5.508649500086904</ele>
				<time>2022-09-07T15:23:57Z</time>
			</trkpt>
			<trkpt lat="59.9527520405801" lon="30.390005175785625">
				<ele>-4.29924625903368</ele>
				<time>2022-09-07T15:23:59Z</time>
			</trkpt>
			<trkpt lat="59.95277779138006" lon="30.389990669701675">
				<ele>-3.7754076262935996</ele>
				<time>2022-09-07T15:24:02Z</time>
			</trkpt>
			<trkpt lat="59.95280230074404" lon="30.390008186326117">
				<ele>-2.768317404203117</ele>
				<time>2022-09-07T15:24:05Z</time>
			</trkpt>
			<trkpt lat="59.952820182549594" lon="30.389991800581956">
				<ele>-2.855483786202967</ele>
				<time>2022-09-07T15:24:06Z</time>
			</trkpt>
			<trkpt lat="59.95283757045249" lon="30.389977492949264">
				<ele>-3.508651719428599</ele>
				<time>2022-09-07T15:24:08Z</time>
			</trkpt>
			<trkpt lat="59.95287939200325" lon="30.389961353480686">
				<ele>-3.389173408970237</ele>
				<time>2022-09-07T15:24:09Z</time>
			</trkpt>
			<trkpt lat="59.95289713255701" lon="30.389987502503562">
				<ele>-3.3744656294584274</ele>
				<time>2022-09-07T15:24:12Z</time>
			</trkpt>
			<trkpt lat="59.95291985196349" lon="30.389989181571696">
				<ele>-4.2791525311768055</ele>
				<time>2022-09-07T15:24:15Z</time>
			</trkpt>
			<trkpt lat="59.95294103471064" lon="30.38998502333637">
				<ele>-3.432533795014024</ele>
				<time>2022-09-07T15:24:17Z</time>
			</trkpt>
			<trkpt lat="59.9529694133355" lon="30.389980724992324">
				<ele>-3.4699587132781744</ele>
				<time>2022-09-07T15:24:20Z</time>
			</trkpt>
			<trkpt lat="59.95298985957005" lon="30.38998788910721">
				<ele>-2.2958098528906703</ele>
				<time>2022-09-07T15:24:22Z</time>
			</trkpt>
			<trkpt lat="59.95302019404617" lon="30.389997383389467">
				<ele>-4.43941740039736</ele>
				<time>2022-09-07T15:24:25Z</time>
			</trkpt>
			<trkpt lat="59.95303901323572" lon="30.3899892565212">
				<ele>-7.231324291788042</ele>
				<time>2022-09-07T15:24:27Z</time>
			</trkpt>
			<trkpt lat="59.953068887603536" lon="30.38998027753251">
				<ele>-6.439669527113438</ele>
				<time>2022-09-07T15:24:29Z</time>
			</trkpt>
			<trkpt lat="59.95310281262662" lon="30.389983713260857">
				<ele>-5.486055047251284</ele>
				<time>2022-09-07T15:24:32Z</time>
			</trkpt>
			<trkpt lat="59.95313214680474" lon="30.389993156479164">
				<ele>-6.48515815846622</ele>
				<time>2022-09-07T15:24:37Z</time>
			</trkpt>
			<trkpt lat="59.953156650233005" lon="30.38998726475043">
				<ele>-5.917902484536171</ele>
				<time>2022-09-07T15:24:39Z</time>
			</trkpt>
			<trkpt lat="59.95317867111684" lon="30.389988163902707">
				<ele>-4.8929529236629605</ele>
				<time>2022-09-07T15:24:41Z</time>
			</trkpt>
			<trkpt lat="59.95320061790972" lon="30.389972230594193">
				<ele>-6.7727110013365746</ele>
				<time>2022-09-07T15:24:44Z</time>
			</trkpt>
			<trkpt lat="59.95321885778372" lon="30.389991006601104">
				<ele>-6.223899639211595</ele>
				<time>2022-09-07T15:24:46Z</time>
			</trkpt>
			<trkpt lat="59.95323567633708" lon="30.39001222495548">
				<ele>-6.591695532202721</ele>
				<time>2022-09-07T15:24:48Z</time>
			</trkpt>
			<trkpt lat="59.953243103815325" lon="30.390066770003738">
				<ele>-5.946676908992231</ele>
				<time>2022-09-07T15:24:50Z</time>
			</trkpt>
			<trkpt lat="59.953248243951656" lon="30.390116785147853">
				<ele>-3.1593585023656487</ele>
				<time>2022-09-07T15:24:52Z</time>
			</trkpt>
			<trkpt lat="59.953248123373236" lon="30.390164396002852">
				<ele>-4.437382789328694</ele>
				<time>2022-09-07T15:24:54Z</time>
			</trkpt>
			<trkpt lat="59.953256888393994" lon="30.39020337543639">
				<ele>-1.1693576155230403</ele>
				<time>2022-09-07T15:24:56Z</time>
			</trkpt>
			<trkpt lat="59.95326673969681" lon="30.390241165874606">
				<ele>-2.1108486214652658</ele>
				<time>2022-09-07T15:24:58Z</time>
			</trkpt>
			<trkpt lat="59.953284986568974" lon="30.390268345123516">
				<ele>-0.6914571113884449</ele>
				<time>2022-09-07T15:25:00Z</time>
			</trkpt>
			<trkpt lat="59.953280780690086" lon="30.39032600766095">
				<ele>-2.4534377697855234</ele>
				<time>2022-09-07T15:25:03Z</time>
			</trkpt>
			<trkpt lat="59.95327265714177" lon="30.390384278959846">
				<ele>-2.606746733188629</ele>
				<time>2022-09-07T15:25:05Z</time>
			</trkpt>
			<trkpt lat="59.95327982827291" lon="30.390437723918573">
				<ele>-0.8694863235577941</ele>
				<time>2022-09-07T15:25:07Z</time>
			</trkpt>
			<trkpt lat="59.95328633255036" lon="30.390480165285737">
				<ele>-0.5827185679227114</ele>
				<time>2022-09-07T15:25:09Z</time>
			</trkpt>
			<trkpt lat="59.953308693231726" lon="30.390530236561823">
				<ele>0.5230997335165739</ele>
				<time>2022-09-07T15:25:15Z</time>
			</trkpt>
			<trkpt lat="59.95334411791259" lon="30.39053663123381">
				<ele>2.6864521689713</ele>
				<time>2022-09-07T15:25:17Z</time>
			</trkpt>
			<trkpt lat="59.95336283884445" lon="30.39052265842081">
				<ele>2.992712498642504</ele>
				<time>2022-09-07T15:25:18Z</time>
			</trkpt>
			<trkpt lat="59.95337238631984" lon="30.390568673723628">
				<ele>-3.8879147712141275</ele>
				<time>2022-09-07T15:25:23Z</time>
			</trkpt>
			<trkpt lat="59.953384542961096" lon="30.39060372514225">
				<ele>-5.615834064781666</ele>
				<time>2022-09-07T15:25:25Z</time>
			</trkpt>
			<trkpt lat="59.95340917305938" lon="30.390619627982893">
				<ele>-4.0215443493798375</ele>
				<time>2022-09-07T15:25:27Z</time>
			</trkpt>
			<trkpt lat="59.953421973452755" lon="30.39065948323338">
				<ele>-5.098971592262387</ele>
				<time>2022-09-07T15:25:29Z</time>
			</trkpt>
			<trkpt lat="59.953445637806105" lon="30.390670438220013">
				<ele>-4.30078512430191</ele>
				<time>2022-09-07T15:25:31Z</time>
			</trkpt>
			<trkpt lat="59.95347159301906" lon="30.390685576134615">
				<ele>-3.941306244581938</ele>
				<time>2022-09-07T15:25:33Z</time>
			</trkpt>
			<trkpt lat="59.95349755454383" lon="30.39068173880094">
				<ele>-4.873337076976895</ele>
				<time>2022-09-07T15:25:36Z</time>
			</trkpt>
			<trkpt lat="59.953520574733815" lon="30.39066780959995">
				<ele>-4.9203732293099165</ele>
				<time>2022-09-07T15:25:38Z</time>
			</trkpt>
			<trkpt lat="59.95354702298572" lon="30.39066056936974">
				<ele>-4.14578627422452</ele>
				<time>2022-09-07T15:25:40Z</time>
			</trkpt>
			<trkpt lat="59.953570138941686" lon="30.390670129755133">
				<ele>-5.37312943674624</ele>
				<time>2022-09-07T15:25:42Z</time>
			</trkpt>
			<trkpt lat="59.95359187767315" lon="30.390691991721628">
				<ele>-6.011653337627649</ele>
				<time>2022-09-07T15:25:45Z</time>
			</trkpt>
			<trkpt lat="59.9536167640928" lon="30.390709401652693">
				<ele>-5.874936304986477</ele>
				<time>2022-09-07T15:25:47Z</time>
			</trkpt>
			<trkpt lat="59.95360411216472" lon="30.390771618534135">
				<ele>-8.67689928971231</ele>
				<time>2022-09-07T15:25:49Z</time>
			</trkpt>
			<trkpt lat="59.953628871149924" lon="30.390818317119102">
				<ele>-7.3622342655435205</ele>
				<time>2022-09-07T15:25:52Z</time>
			</trkpt>
			<trkpt lat="59.9536506127584" lon="30.390829472013042">
				<ele>-6.920834367163479</ele>
				<time>2022-09-07T15:25:54Z</time>
			</trkpt>
			<trkpt lat="59.95366960542155" lon="30.390850219968637">
				<ele>-5.758654715493321</ele>
				<time>2022-09-07T15:25:56Z</time>
			</trkpt>
			<trkpt lat="59.95369148150032" lon="30.390869484451414">
				<ele>-7.965962282381952</ele>
				<time>2022-09-07T15:26:00Z</time>
			</trkpt>
			<trkpt lat="59.95370951186227" lon="30.39089523294414">
				<ele>-6.7001826306805015</ele>
				<time>2022-09-07T15:26:02Z</time>
			</trkpt>
			<trkpt lat="59.95372042301657" lon="30.39095090848691">
				<ele>-3.517629796639085</ele>
				<time>2022-09-07T15:26:04Z</time>
			</trkpt>
			<trkpt lat="59.95372112673974" lon="30.390995618535943">
				<ele>-3.8301158659160137</ele>
				<time>2022-09-07T15:26:05Z</time>
			</trkpt>
			<trkpt lat="59.95374976670356" lon="30.39100101207943">
				<ele>-3.959515929222107</ele>
				<time>2022-09-07T15:26:07Z</time>
			</trkpt>
			<trkpt lat="59.95377832354284" lon="30.390975826621784">
				<ele>-2.483304816298187</ele>
				<time>2022-09-07T15:26:08Z</time>
			</trkpt>
			<trkpt lat="59.95378480720912" lon="30.390930918907358">
				<ele>-3.3111584819853306</ele>
				<time>2022-09-07T15:26:09Z</time>
			</trkpt>
			<trkpt lat="59.95379546975451" lon="30.39089466589861">
				<ele>-3.1875880816951394</ele>
				<time>2022-09-07T15:26:10Z</time>
			</trkpt>
			<trkpt lat="59.953820800425476" lon="30.390913016634844">
				<ele>-3.063095916993916</ele>
				<time>2022-09-07T15:26:12Z</time>
			</trkpt>
			<trkpt lat="59.953836692551775" lon="30.390948191879193">
				<ele>-6.862324562855065</ele>
				<time>2022-09-07T15:26:15Z</time>
			</trkpt>
			<trkpt lat="59.953861413888745" lon="30.390968381881088">
				<ele>-4.481710544787347</ele>
				<time>2022-09-07T15:26:17Z</time>
			</trkpt>
			<trkpt lat="59.953884204333505" lon="30.39096998657487">
				<ele>-5.159394814632833</ele>
				<time>2022-09-07T15:26:19Z</time>
			</trkpt>
			<trkpt lat="59.95390779038658" lon="30.390978589072617">
				<ele>-5.009554290212691</ele>
				<time>2022-09-07T15:26:21Z</time>
			</trkpt>
			<trkpt lat="59.953929665431225" lon="30.390975456117864">
				<ele>-5.8238469595089555</ele>
				<time>2022-09-07T15:26:23Z</time>
			</trkpt>
			<trkpt lat="59.95394983106651" lon="30.390988083593534">
				<ele>-7.846661423332989</ele>
				<time>2022-09-07T15:26:25Z</time>
			</trkpt>
			<trkpt lat="59.95397404807795" lon="30.391015316639344">
				<ele>-5.618626807816327</ele>
				<time>2022-09-07T15:26:27Z</time>
			</trkpt>
			<trkpt lat="59.95398931823" lon="30.391039339940132">
				<ele>-5.0780821507796645</ele>
				<time>2022-09-07T15:26:29Z</time>
			</trkpt>
			<trkpt lat="59.954014505459355" lon="30.391064611587556">
				<ele>-4.5818373039364815</ele>
				<time>2022-09-07T15:26:31Z</time>
			</trkpt>
			<trkpt lat="59.95403553072356" lon="30.391074227819132">
				<ele>-2.9053466096520424</ele>
				<time>2022-09-07T15:26:33Z</time>
			</trkpt>
			<trkpt lat="59.95406615083672" lon="30.391082704332725">
				<ele>-3.214258385822177</ele>
				<time>2022-09-07T15:26:35Z</time>
			</trkpt>
			<trkpt lat="59.954091059035896" lon="30.391094574809255">
				<ele>-3.178787073120475</ele>
				<time>2022-09-07T15:26:38Z</time>
			</trkpt>
			<trkpt lat="59.95411787297224" lon="30.391098721387298">
				<ele>-2.9113288149237633</ele>
				<time>2022-09-07T15:26:40Z</time>
			</trkpt>
			<trkpt lat="59.954142533599004" lon="30.3910936192883">
				<ele>-3.929588076658547</ele>
				<time>2022-09-07T15:26:42Z</time>
			</trkpt>
			<trkpt lat="59.954171313385004" lon="30.39109544052553">
				<ele>-4.540872948244214</ele>
				<time>2022-09-07T15:26:45Z</time>
			</trkpt>
			<trkpt lat="59.95419104463628" lon="30.39110440646379">
				<ele>-3.2914300309494138</ele>
				<time>2022-09-07T15:26:46Z</time>
			</trkpt>
			<trkpt lat="59.95421676263432" lon="30.391128136901493">
				<ele>-4.315468770451844</ele>
				<time>2022-09-07T15:26:49Z</time>
			</trkpt>
			<trkpt lat="59.95424672413965" lon="30.391121381158058">
				<ele>-2.6191420927643776</ele>
				<time>2022-09-07T15:26:51Z</time>
			</trkpt>
			<trkpt lat="59.954263258855825" lon="30.391137763949875">
				<ele>-7.462919833138585</ele>
				<time>2022-09-07T15:26:54Z</time>
			</trkpt>
			<trkpt lat="59.9542916562355" lon="30.39116199571947">
				<ele>-4.6786932265385985</ele>
				<time>2022-09-07T15:26:56Z</time>
			</trkpt>
			<trkpt lat="59.95432123064987" lon="30.391156870581085">
				<ele>-3.127403359860182</ele>
				<time>2022-09-07T15:26:59Z</time>
			</trkpt>
			<trkpt lat="59.95435376641046" lon="30.3911456898043">
				<ele>-2.0833980925381184</ele>
				<time>2022-09-07T15:27:01Z</time>
			</trkpt>
			<trkpt lat="59.95438276009492" lon="30.391134113616694">
				<ele>-5.251921853981912</ele>
				<time>2022-09-07T15:27:05Z</time>
			</trkpt>
			<trkpt lat="59.95440444197407" lon="30.391129877355848">
				<ele>-2.944458612240851</ele>
				<time>2022-09-07T15:27:06Z</time>
			</trkpt>
			<trkpt lat="59.954427985325786" lon="30.391119564521524">
				<ele>-2.531833386979997</ele>
				<time>2022-09-07T15:27:09Z</time>
			</trkpt>
			<trkpt lat="59.95445473640255" lon="30.39112721083949">
				<ele>-0.9463638262823224</ele>
				<time>2022-09-07T15:27:11Z</time>
			</trkpt>
			<trkpt lat="59.954478943214326" lon="30.391115103709783">
				<ele>-3.732194911688566</ele>
				<time>2022-09-07T15:27:14Z</time>
			</trkpt>
			<trkpt lat="59.95450624448913" lon="30.391119314720353">
				<ele>-2.7523110304027796</ele>
				<time>2022-09-07T15:27:16Z</time>
			</trkpt>
			<trkpt lat="59.95453652257245" lon="30.39112776738951">
				<ele>-1.4249983811751008</ele>
				<time>2022-09-07T15:27:18Z</time>
			</trkpt>
			<trkpt lat="59.954556271392924" lon="30.391122025352974">
				<ele>-0.6312884986400604</ele>
				<time>2022-09-07T15:27:20Z</time>
			</trkpt>
			<trkpt lat="59.95458317808924" lon="30.39111048788168">
				<ele>-1.2787093156948686</ele>
				<time>2022-09-07T15:27:22Z</time>
			</trkpt>
			<trkpt lat="59.95460857892772" lon="30.39112366673081">
				<ele>-4.41609145514667</ele>
				<time>2022-09-07T15:27:25Z</time>
			</trkpt>
			<trkpt lat="59.9546277679276" lon="30.391120558402676">
				<ele>-1.6699091466143727</ele>
				<time>2022-09-07T15:27:26Z</time>
			</trkpt>
			<trkpt lat="59.95464899886379" lon="30.391103908526173">
				<ele>-1.9706163024529815</ele>
				<time>2022-09-07T15:27:28Z</time>
			</trkpt>
			<trkpt lat="59.95467153023369" lon="30.391098865110603">
				<ele>-1.1907822284847498</ele>
				<time>2022-09-07T15:27:31Z</time>
			</trkpt>
			<trkpt lat="59.95469007081573" lon="30.391091657777917">
				<ele>-0.9602307546883821</ele>
				<time>2022-09-07T15:27:33Z</time>
			</trkpt>
			<trkpt lat="59.95471425516525" lon="30.391090331536066">
				<ele>-0.19164659082889557</ele>
				<time>2022-09-07T15:27:35Z</time>
			</trkpt>
			<trkpt lat="59.95473369327344" lon="30.391068095990327">
				<ele>0.19216011743992567</ele>
				<time>2022-09-07T15:27:38Z</time>
			</trkpt>
			<trkpt lat="59.95476370383056" lon="30.39106877612776">
				<ele>1.1346454732120037</ele>
				<time>2022-09-07T15:27:41Z</time>
			</trkpt>
			<trkpt lat="59.954789357413524" lon="30.391059345465685">
				<ele>1.5543031748384237</ele>
				<time>2022-09-07T15:27:44Z</time>
			</trkpt>
			<trkpt lat="59.954808754680684" lon="30.391055747671537">
				<ele>1.3886184366419911</ele>
				<time>2022-09-07T15:27:46Z</time>
			</trkpt>
			<trkpt lat="59.95482758867317" lon="30.39105855138924">
				<ele>1.57271833345294</ele>
				<time>2022-09-07T15:27:48Z</time>
			</trkpt>
			<trkpt lat="59.95484999060841" lon="30.391056241769917">
				<ele>1.8461976712569594</ele>
				<time>2022-09-07T15:27:50Z</time>
			</trkpt>
			<trkpt lat="59.95487577347907" lon="30.391055472982554">
				<ele>2.1195737551897764</ele>
				<time>2022-09-07T15:27:52Z</time>
			</trkpt>
			<trkpt lat="59.95491198400337" lon="30.391059040389596">
				<ele>1.8710501566529274</ele>
				<time>2022-09-07T15:27:54Z</time>
			</trkpt>
			<trkpt lat="59.95493940740977" lon="30.391077832693586">
				<ele>-1.115417219698429</ele>
				<time>2022-09-07T15:28:00Z</time>
			</trkpt>
			<trkpt lat="59.954957724386375" lon="30.391073553827866">
				<ele>-2.1053144056349993</ele>
				<time>2022-09-07T15:28:02Z</time>
			</trkpt>
			<trkpt lat="59.95498854416576" lon="30.39107096871094">
				<ele>1.02535221260041</ele>
				<time>2022-09-07T15:28:04Z</time>
			</trkpt>
			<trkpt lat="59.955006015828815" lon="30.39109974316572">
				<ele>-3.39045855589211</ele>
				<time>2022-09-07T15:28:08Z</time>
			</trkpt>
			<trkpt lat="59.955026674561985" lon="30.391093104010736">
				<ele>-3.317965880036354</ele>
				<time>2022-09-07T15:28:10Z</time>
			</trkpt>
			<trkpt lat="59.95505201976399" lon="30.391105956117393">
				<ele>1.437506578862667</ele>
				<time>2022-09-07T15:28:12Z</time>
			</trkpt>
			<trkpt lat="59.95507905638307" lon="30.39105569512686">
				<ele>-1.1488582827150822</ele>
				<time>2022-09-07T15:28:15Z</time>
			</trkpt>
			<trkpt lat="59.95510711440826" lon="30.39105447161062">
				<ele>0.13765004836022854</ele>
				<time>2022-09-07T15:28:17Z</time>
			</trkpt>
			<trkpt lat="59.9551331012345" lon="30.39103077390217">
				<ele>-0.6989279985427856</ele>
				<time>2022-09-07T15:28:20Z</time>
			</trkpt>
			<trkpt lat="59.95515939341047" lon="30.39101675749242">
				<ele>-1.9717026622965932</ele>
				<time>2022-09-07T15:28:23Z</time>
			</trkpt>
			<trkpt lat="59.955188097982095" lon="30.391000923498417">
				<ele>-2.0986609803512692</ele>
				<time>2022-09-07T15:28:25Z</time>
			</trkpt>
			<trkpt lat="59.955207537922" lon="30.390983526262065">
				<ele>-3.5626858873292804</ele>
				<time>2022-09-07T15:28:28Z</time>
			</trkpt>
			<trkpt lat="59.95522828933943" lon="30.390970035233256">
				<ele>-3.5585929732769728</ele>
				<time>2022-09-07T15:28:30Z</time>
			</trkpt>
			<trkpt lat="59.95524555018922" lon="30.390957610007924">
				<ele>-2.2818503845483065</ele>
				<time>2022-09-07T15:28:31Z</time>
			</trkpt>
			<trkpt lat="59.95526316698357" lon="30.390948465628828">
				<ele>-2.4469568748027086</ele>
				<time>2022-09-07T15:28:33Z</time>
			</trkpt>
			<trkpt lat="59.955287290976045" lon="30.390923010078584">
				<ele>-2.3818600671365857</ele>
				<time>2022-09-07T15:28:35Z</time>
			</trkpt>
			<trkpt lat="59.95530694032178" lon="30.390881059129523">
				<ele>-1.5211971420794725</ele>
				<time>2022-09-07T15:28:37Z</time>
			</trkpt>
			<trkpt lat="59.95532632587694" lon="30.390858013046046">
				<ele>-1.6109634162858129</ele>
				<time>2022-09-07T15:28:39Z</time>
			</trkpt>
			<trkpt lat="59.955356262481146" lon="30.390837394014508">
				<ele>-4.13089532032609</ele>
				<time>2022-09-07T15:28:42Z</time>
			</trkpt>
			<trkpt lat="59.95537882742521" lon="30.390845591269983">
				<ele>-0.5868473257869482</ele>
				<time>2022-09-07T15:28:44Z</time>
			</trkpt>
			<trkpt lat="59.955390326796866" lon="30.390874499408554">
				<ele>-1.1760882567614317</ele>
				<time>2022-09-07T15:28:45Z</time>
			</trkpt>
			<trkpt lat="59.95540757510281" lon="30.39092964296434">
				<ele>-0.5626395540311933</ele>
				<time>2022-09-07T15:28:47Z</time>
			</trkpt>
			<trkpt lat="59.955410272274236" lon="30.390978420989295">
				<ele>-1.877207332290709</ele>
				<time>2022-09-07T15:28:49Z</time>
			</trkpt>
			<trkpt lat="59.95540959142286" lon="30.39101529354739">
				<ele>-3.6098463209345937</ele>
				<time>2022-09-07T15:28:51Z</time>
			</trkpt>
			<trkpt lat="59.955427623417755" lon="30.391059004657485">
				<ele>-2.210542325861752</ele>
				<time>2022-09-07T15:28:53Z</time>
			</trkpt>
			<trkpt lat="59.95543961735746" lon="30.391091583683608">
				<ele>-2.227497585117817</ele>
				<time>2022-09-07T15:28:55Z</time>
			</trkpt>
			<trkpt lat="59.95544848915987" lon="30.391133470228823">
				<ele>-3.4560862286016345</ele>
				<time>2022-09-07T15:28:57Z</time>
			</trkpt>
			<trkpt lat="59.95545504128152" lon="30.391171529259022">
				<ele>-4.6147044552490115</ele>
				<time>2022-09-07T15:28:59Z</time>
			</trkpt>
			<trkpt lat="59.9554615341894" lon="30.391222157520154">
				<ele>-7.403765263035893</ele>
				<time>2022-09-07T15:29:03Z</time>
			</trkpt>
			<trkpt lat="59.95548170926332" lon="30.391244445767345">
				<ele>-6.810531652532518</ele>
				<time>2022-09-07T15:29:06Z</time>
			</trkpt>
			<trkpt lat="59.95549464840016" lon="30.39127859530462">
				<ele>-4.695861290208995</ele>
				<time>2022-09-07T15:29:19Z</time>
			</trkpt>
			<trkpt lat="59.95550636438834" lon="30.3913116477874">
				<ele>-1.3340517515316606</ele>
				<time>2022-09-07T15:29:20Z</time>
			</trkpt>
			<trkpt lat="59.95549343624692" lon="30.391348695466935">
				<ele>-1.2919193552806973</ele>
				<time>2022-09-07T15:29:22Z</time>
			</trkpt>
			<trkpt lat="59.955473689021765" lon="30.39136495726665">
				<ele>-2.362206128425896</ele>
				<time>2022-09-07T15:29:25Z</time>
			</trkpt>
			<trkpt lat="59.95545571401127" lon="30.3914143311943">
				<ele>-1.0970434723421931</ele>
				<time>2022-09-07T15:29:27Z</time>
			</trkpt>
			<trkpt lat="59.95544375333521" lon="30.391449534512173">
				<ele>-1.2960849553346634</ele>
				<time>2022-09-07T15:29:29Z</time>
			</trkpt>
			<trkpt lat="59.955417017698046" lon="30.39146911592599">
				<ele>-4.403972239233553</ele>
				<time>2022-09-07T15:29:31Z</time>
			</trkpt>
			<trkpt lat="59.95540020263402" lon="30.391499345523854">
				<ele>-1.9851328851655126</ele>
				<time>2022-09-07T15:29:35Z</time>
			</trkpt>
			<trkpt lat="59.95538205396834" lon="30.39152000195578">
				<ele>-3.4591833958402276</ele>
				<time>2022-09-07T15:29:37Z</time>
			</trkpt>
			<trkpt lat="59.95536046809059" lon="30.391532163558697">
				<ele>-2.932363691739738</ele>
				<time>2022-09-07T15:29:40Z</time>
			</trkpt>
			<trkpt lat="59.95533506168584" lon="30.391611634974875">
				<ele>-2.926792809739709</ele>
				<time>2022-09-07T15:29:43Z</time>
			</trkpt>
			<trkpt lat="59.95532668941499" lon="30.39166055487224">
				<ele>-3.414437328465283</ele>
				<time>2022-09-07T15:29:46Z</time>
			</trkpt>
			<trkpt lat="59.955315375452265" lon="30.391689937246635">
				<ele>-3.871345969848335</ele>
				<time>2022-09-07T15:29:47Z</time>
			</trkpt>
			<trkpt lat="59.95530040661781" lon="30.391714048531615">
				<ele>-5.109811740927398</ele>
				<time>2022-09-07T15:29:50Z</time>
			</trkpt>
			<trkpt lat="59.95528795271236" lon="30.39176009222372">
				<ele>-5.15475513599813</ele>
				<time>2022-09-07T15:29:53Z</time>
			</trkpt>
			<trkpt lat="59.955274075981556" lon="30.391798301816838">
				<ele>-4.772410142235458</ele>
				<time>2022-09-07T15:29:55Z</time>
			</trkpt>
			<trkpt lat="59.95527242964691" lon="30.39183790256698">
				<ele>-2.9614967638626695</ele>
				<time>2022-09-07T15:29:57Z</time>
			</trkpt>
			<trkpt lat="59.95525672602862" lon="30.391872521632394">
				<ele>-4.357873248867691</ele>
				<time>2022-09-07T15:29:59Z</time>
			</trkpt>
			<trkpt lat="59.95525004855761" lon="30.39190704216946">
				<ele>-3.1280096247792244</ele>
				<time>2022-09-07T15:30:01Z</time>
			</trkpt>
			<trkpt lat="59.9552293768409" lon="30.391953513946817">
				<ele>-2.986521297134459</ele>
				<time>2022-09-07T15:30:03Z</time>
			</trkpt>
			<trkpt lat="59.955215383643285" lon="30.391989301112705">
				<ele>-4.3097966481000185</ele>
				<time>2022-09-07T15:30:07Z</time>
			</trkpt>
			<trkpt lat="59.95520913950093" lon="30.392025842204873">
				<ele>-3.0289364885538816</ele>
				<time>2022-09-07T15:30:08Z</time>
			</trkpt>
			<trkpt lat="59.95520225932169" lon="30.39206726092371">
				<ele>-2.427880734205246</ele>
				<time>2022-09-07T15:30:10Z</time>
			</trkpt>
			<trkpt lat="59.955181080421895" lon="30.392083751466725">
				<ele>-4.480909461155534</ele>
				<time>2022-09-07T15:30:12Z</time>
			</trkpt>
			<trkpt lat="59.95517167514923" lon="30.392123133741812">
				<ele>-3.6633508820086718</ele>
				<time>2022-09-07T15:30:14Z</time>
			</trkpt>
			<trkpt lat="59.955167500085516" lon="30.392164243386656">
				<ele>-2.5211597308516502</ele>
				<time>2022-09-07T15:30:16Z</time>
			</trkpt>
			<trkpt lat="59.955145936678555" lon="30.392208830832097">
				<ele>-2.6672660782933235</ele>
				<time>2022-09-07T15:30:19Z</time>
			</trkpt>
			<trkpt lat="59.955131800740716" lon="30.392243456636326">
				<ele>-2.690348783507943</ele>
				<time>2022-09-07T15:30:21Z</time>
			</trkpt>
			<trkpt lat="59.95511890495828" lon="30.392268478855126">
				<ele>-3.570228548720479</ele>
				<time>2022-09-07T15:30:23Z</time>
			</trkpt>
			<trkpt lat="59.95510868087118" lon="30.39230258727971">
				<ele>-3.191111613996327</ele>
				<time>2022-09-07T15:30:25Z</time>
			</trkpt>
			<trkpt lat="59.95508737011401" lon="30.392309668971073">
				<ele>-5.179327056743205</ele>
				<time>2022-09-07T15:30:27Z</time>
			</trkpt>
			<trkpt lat="59.9550805358478" lon="30.39236284674925">
				<ele>-3.7159620448946953</ele>
				<time>2022-09-07T15:30:29Z</time>
			</trkpt>
			<trkpt lat="59.955065921063905" lon="30.392384324559846">
				<ele>-3.506466834805906</ele>
				<time>2022-09-07T15:30:31Z</time>
			</trkpt>
			<trkpt lat="59.95507009196525" lon="30.392433312681025">
				<ele>-1.4984192997217178</ele>
				<time>2022-09-07T15:30:33Z</time>
			</trkpt>
			<trkpt lat="59.95505255734502" lon="30.39241385654916">
				<ele>-4.278707642108202</ele>
				<time>2022-09-07T15:30:35Z</time>
			</trkpt>
			<trkpt lat="59.95504110616697" lon="30.39246559424963">
				<ele>-3.093581768684089</ele>
				<time>2022-09-07T15:30:38Z</time>
			</trkpt>
			<trkpt lat="59.95502866645066" lon="30.392512181973128">
				<ele>-3.4444634867832065</ele>
				<time>2022-09-07T15:30:40Z</time>
			</trkpt>
			<trkpt lat="59.95499278276357" lon="30.392552801479845">
				<ele>-4.645628959871829</ele>
				<time>2022-09-07T15:30:44Z</time>
			</trkpt>
			<trkpt lat="59.95497790161544" lon="30.392582227526944">
				<ele>-4.297831957228482</ele>
				<time>2022-09-07T15:30:45Z</time>
			</trkpt>
			<trkpt lat="59.95496522018886" lon="30.392610591098613">
				<ele>-3.612035032361746</ele>
				<time>2022-09-07T15:30:46Z</time>
			</trkpt>
			<trkpt lat="59.95496349241516" lon="30.39265166936374">
				<ele>-0.897886723279953</ele>
				<time>2022-09-07T15:30:48Z</time>
			</trkpt>
			<trkpt lat="59.954950158754556" lon="30.392690823197402">
				<ele>-2.3950998978689313</ele>
				<time>2022-09-07T15:30:50Z</time>
			</trkpt>
			<trkpt lat="59.954957493985134" lon="30.392735730807118">
				<ele>-0.7446879902854562</ele>
				<time>2022-09-07T15:30:52Z</time>
			</trkpt>
			<trkpt lat="59.954934901816515" lon="30.392784447224766">
				<ele>-1.0410819118842483</ele>
				<time>2022-09-07T15:30:53Z</time>
			</trkpt>
			<trkpt lat="59.95491470791613" lon="30.39280749820088">
				<ele>-3.5247674006968737</ele>
				<time>2022-09-07T15:30:57Z</time>
			</trkpt>
			<trkpt lat="59.95489480360752" lon="30.39279005888156">
				<ele>-5.714299562387168</ele>
				<time>2022-09-07T15:30:59Z</time>
			</trkpt>
			<trkpt lat="59.95489022284435" lon="30.39282946614896">
				<ele>-5.286451004445553</ele>
				<time>2022-09-07T15:31:01Z</time>
			</trkpt>
			<trkpt lat="59.954878804921634" lon="30.392878387583405">
				<ele>-3.723536701872945</ele>
				<time>2022-09-07T15:31:03Z</time>
			</trkpt>
			<trkpt lat="59.954865148691525" lon="30.392905191801642">
				<ele>-3.009868334978819</ele>
				<time>2022-09-07T15:31:05Z</time>
			</trkpt>
			<trkpt lat="59.95485431141361" lon="30.392964770964447">
				<ele>-2.329323384910822</ele>
				<time>2022-09-07T15:31:07Z</time>
			</trkpt>
			<trkpt lat="59.95485295437169" lon="30.39302365991247">
				<ele>0.3858466697856784</ele>
				<time>2022-09-07T15:31:09Z</time>
			</trkpt>
			<trkpt lat="59.954842145035265" lon="30.393055964838886">
				<ele>-0.01820869743824005</ele>
				<time>2022-09-07T15:31:11Z</time>
			</trkpt>
			<trkpt lat="59.95482916905925" lon="30.393107981947487">
				<ele>-0.7649056389927864</ele>
				<time>2022-09-07T15:31:13Z</time>
			</trkpt>
			<trkpt lat="59.95481219681674" lon="30.393121223156665">
				<ele>-3.696240298449993</ele>
				<time>2022-09-07T15:31:14Z</time>
			</trkpt>
			<trkpt lat="59.954796751296705" lon="30.393156275028897">
				<ele>-2.716965044848621</ele>
				<time>2022-09-07T15:31:16Z</time>
			</trkpt>
			<trkpt lat="59.95477946552372" lon="30.39318462018656">
				<ele>-0.5470324540510774</ele>
				<time>2022-09-07T15:31:21Z</time>
			</trkpt>
			<trkpt lat="59.954750626518155" lon="30.39320356615954">
				<ele>-3.2635710230097175</ele>
				<time>2022-09-07T15:31:23Z</time>
			</trkpt>
			<trkpt lat="59.95475514867184" lon="30.393238732130733">
				<ele>-0.5555188842117786</ele>
				<time>2022-09-07T15:31:24Z</time>
			</trkpt>
			<trkpt lat="59.954750338891195" lon="30.393276296438493">
				<ele>-0.5931222578510642</ele>
				<time>2022-09-07T15:31:25Z</time>
			</trkpt>
			<trkpt lat="59.95474621118013" lon="30.39331169150417">
				<ele>0.5616375375539064</ele>
				<time>2022-09-07T15:31:27Z</time>
			</trkpt>
			<trkpt lat="59.95472688640031" lon="30.393334603427576">
				<ele>-0.8574542850255966</ele>
				<time>2022-09-07T15:31:29Z</time>
			</trkpt>
			<trkpt lat="59.954710107781935" lon="30.39336564714498">
				<ele>0.837296349927783</ele>
				<time>2022-09-07T15:31:32Z</time>
			</trkpt>
			<trkpt lat="59.954699435922564" lon="30.393397317605448">
				<ele>0.026421544142067432</ele>
				<time>2022-09-07T15:31:34Z</time>
			</trkpt>
			<trkpt lat="59.95468991695334" lon="30.393466690272557">
				<ele>0.3659097943454981</ele>
				<time>2022-09-07T15:31:36Z</time>
			</trkpt>
			<trkpt lat="59.954663588863035" lon="30.39347499129921">
				<ele>-2.380591250024736</ele>
				<time>2022-09-07T15:31:38Z</time>
			</trkpt>
			<trkpt lat="59.954652039269874" lon="30.39352931478036">
				<ele>-1.8165511395782232</ele>
				<time>2022-09-07T15:31:40Z</time>
			</trkpt>
			<trkpt lat="59.95464132970013" lon="30.39356795542876">
				<ele>-0.9614518703892827</ele>
				<time>2022-09-07T15:31:43Z</time>
			</trkpt>
			<trkpt lat="59.954619925895095" lon="30.39358119429219">
				<ele>-3.2730311658233404</ele>
				<time>2022-09-07T15:31:45Z</time>
			</trkpt>
			<trkpt lat="59.954600437788244" lon="30.393617238138592">
				<ele>-4.217211931012571</ele>
				<time>2022-09-07T15:31:47Z</time>
			</trkpt>
			<trkpt lat="59.954588886128285" lon="30.393647247820542">
				<ele>-4.004237952642143</ele>
				<time>2022-09-07T15:31:49Z</time>
			</trkpt>
			<trkpt lat="59.954582364332616" lon="30.393681439048628">
				<ele>-2.335563875734806</ele>
				<time>2022-09-07T15:31:51Z</time>
			</trkpt>
			<trkpt lat="59.954559324081" lon="30.393693414697477">
				<ele>-5.5770845571532845</ele>
				<time>2022-09-07T15:31:53Z</time>
			</trkpt>
			<trkpt lat="59.95454921888596" lon="30.393745019589055">
				<ele>-4.989183503203094</ele>
				<time>2022-09-07T15:31:56Z</time>
			</trkpt>
			<trkpt lat="59.954548732628375" lon="30.3937857246515">
				<ele>-4.439438717439771</ele>
				<time>2022-09-07T15:31:58Z</time>
			</trkpt>
			<trkpt lat="59.95452706570849" lon="30.393816308329033">
				<ele>-3.721859870478511</ele>
				<time>2022-09-07T15:32:00Z</time>
			</trkpt>
			<trkpt lat="59.95450418312528" lon="30.393818262702432">
				<ele>-8.308058296330273</ele>
				<time>2022-09-07T15:32:02Z</time>
			</trkpt>
			<trkpt lat="59.95446703219714" lon="30.3938952968038">
				<ele>-5.836296261288226</ele>
				<time>2022-09-07T15:32:04Z</time>
			</trkpt>
			<trkpt lat="59.95447915774989" lon="30.393929201152535">
				<ele>-4.731063114479184</ele>
				<time>2022-09-07T15:32:06Z</time>
			</trkpt>
			<trkpt lat="59.95446586094537" lon="30.393973598334618">
				<ele>-2.277440627105534</ele>
				<time>2022-09-07T15:32:08Z</time>
			</trkpt>
			<trkpt lat="59.95445723788404" lon="30.394029100727753">
				<ele>-2.6985596269369125</ele>
				<time>2022-09-07T15:32:11Z</time>
			</trkpt>
			<trkpt lat="59.95445028700511" lon="30.394078643100208">
				<ele>-2.557824742048979</ele>
				<time>2022-09-07T15:32:13Z</time>
			</trkpt>
			<trkpt lat="59.95443751347811" lon="30.39411621101037">
				<ele>-2.2767170974984765</ele>
				<time>2022-09-07T15:32:15Z</time>
			</trkpt>
			<trkpt lat="59.95441662485549" lon="30.394155371030116">
				<ele>-4.000474995933473</ele>
				<time>2022-09-07T15:32:18Z</time>
			</trkpt>
			<trkpt lat="59.95440428353743" lon="30.39419386626787">
				<ele>-2.1948039457201958</ele>
				<time>2022-09-07T15:32:20Z</time>
			</trkpt>
			<trkpt lat="59.95438876446714" lon="30.39422990573588">
				<ele>-1.821424251422286</ele>
				<time>2022-09-07T15:32:22Z</time>
			</trkpt>
			<trkpt lat="59.954379999251096" lon="30.39426901939262">
				<ele>-2.024836757220328</ele>
				<time>2022-09-07T15:32:24Z</time>
			</trkpt>
			<trkpt lat="59.95435634805902" lon="30.394298660836398">
				<ele>-3.290074505843222</ele>
				<time>2022-09-07T15:32:27Z</time>
			</trkpt>
			<trkpt lat="59.954328622096064" lon="30.394315840251586">
				<ele>-4.313524269498885</ele>
				<time>2022-09-07T15:32:29Z</time>
			</trkpt>
			<trkpt lat="59.95431072621027" lon="30.394318681979286">
				<ele>-4.794409262947738</ele>
				<time>2022-09-07T15:32:31Z</time>
			</trkpt>
			<trkpt lat="59.95431722066458" lon="30.39435463923081">
				<ele>-1.1991431768983603</ele>
				<time>2022-09-07T15:32:33Z</time>
			</trkpt>
			<trkpt lat="59.954299010034354" lon="30.394368917954072">
				<ele>-6.328872536309063</ele>
				<time>2022-09-07T15:32:36Z</time>
			</trkpt>
			<trkpt lat="59.95427855402108" lon="30.3944110979642">
				<ele>-4.549925221130252</ele>
				<time>2022-09-07T15:32:38Z</time>
			</trkpt>
			<trkpt lat="59.95425472564131" lon="30.39443421333929">
				<ele>-4.726271633058786</ele>
				<time>2022-09-07T15:32:40Z</time>
			</trkpt>
			<trkpt lat="59.9542776285568" lon="30.39446686344096">
				<ele>-3.502453623339534</ele>
				<time>2022-09-07T15:32:41Z</time>
			</trkpt>
			<trkpt lat="59.95425866095245" lon="30.394468300833477">
				<ele>-7.543701218441129</ele>
				<time>2022-09-07T15:32:44Z</time>
			</trkpt>
			<trkpt lat="59.9542350337853" lon="30.394486046308167">
				<ele>-7.650723512284458</ele>
				<time>2022-09-07T15:32:45Z</time>
			</trkpt>
			<trkpt lat="59.95421684747957" lon="30.394508534080217">
				<ele>-6.169108929112554</ele>
				<time>2022-09-07T15:32:46Z</time>
			</trkpt>
			<trkpt lat="59.95420173273468" lon="30.39457846346498">
				<ele>-5.220351682975888</ele>
				<time>2022-09-07T15:32:47Z</time>
			</trkpt>
			<trkpt lat="59.95420784771397" lon="30.39462637639081">
				<ele>-4.52914690412581</ele>
				<time>2022-09-07T15:32:48Z</time>
			</trkpt>
			<trkpt lat="59.95421117843727" lon="30.394673395066643">
				<ele>-1.6930902786552906</ele>
				<time>2022-09-07T15:32:50Z</time>
			</trkpt>
			<trkpt lat="59.95420832595728" lon="30.394709809708402">
				<ele>0.2329582516103983</ele>
				<time>2022-09-07T15:32:52Z</time>
			</trkpt>
			<trkpt lat="59.95419043014047" lon="30.394727669608432">
				<ele>-1.5574608966708183</ele>
				<time>2022-09-07T15:32:54Z</time>
			</trkpt>
			<trkpt lat="59.95417913876979" lon="30.394775881577697">
				<ele>0.5537701137363911</ele>
				<time>2022-09-07T15:32:57Z</time>
			</trkpt>
			<trkpt lat="59.954167746871654" lon="30.394825951815715">
				<ele>0.967282528989017</ele>
				<time>2022-09-07T15:32:59Z</time>
			</trkpt>
			<trkpt lat="59.95415362283577" lon="30.39485439856644">
				<ele>0.6101457197219133</ele>
				<time>2022-09-07T15:33:01Z</time>
			</trkpt>
			<trkpt lat="59.95414401881257" lon="30.394890479952668">
				<ele>0.8646365189924836</ele>
				<time>2022-09-07T15:33:03Z</time>
			</trkpt>
			<trkpt lat="59.95412800637817" lon="30.394926866214174">
				<ele>1.056919889524579</ele>
				<time>2022-09-07T15:33:05Z</time>
			</trkpt>
			<trkpt lat="59.95411313537577" lon="30.394969586515366">
				<ele>2.6941035529598594</ele>
				<time>2022-09-07T15:33:07Z</time>
			</trkpt>
			<trkpt lat="59.954099528623225" lon="30.39494134405522">
				<ele>-0.5402518445625901</ele>
				<time>2022-09-07T15:33:09Z</time>
			</trkpt>
			<trkpt lat="59.954087090279245" lon="30.394989675409622">
				<ele>2.3309949869289994</ele>
				<time>2022-09-07T15:33:11Z</time>
			</trkpt>
			<trkpt lat="59.954051854956326" lon="30.3949836309498">
				<ele>2.1511921836063266</ele>
				<time>2022-09-07T15:33:13Z</time>
			</trkpt>
			<trkpt lat="59.95405449065959" lon="30.395024536487767">
				<ele>3.578911131247878</ele>
				<time>2022-09-07T15:33:14Z</time>
			</trkpt>
			<trkpt lat="59.95403648271081" lon="30.395047302872054">
				<ele>4.070303357206285</ele>
				<time>2022-09-07T15:33:15Z</time>
			</trkpt>
			<trkpt lat="59.954038016118616" lon="30.395096637022835">
				<ele>0.3128475835546851</ele>
				<time>2022-09-07T15:33:18Z</time>
			</trkpt>
			<trkpt lat="59.954029183640166" lon="30.39513478463828">
				<ele>2.906696985475719</ele>
				<time>2022-09-07T15:33:19Z</time>
			</trkpt>
			<trkpt lat="59.95401615086703" lon="30.395164917718226">
				<ele>2.8754159919917583</ele>
				<time>2022-09-07T15:33:22Z</time>
			</trkpt>
			<trkpt lat="59.95399419697781" lon="30.3951924754089">
				<ele>1.2601244989782572</ele>
				<time>2022-09-07T15:33:24Z</time>
			</trkpt>
			<trkpt lat="59.953979250817596" lon="30.39522330733277">
				<ele>2.2171717220917344</ele>
				<time>2022-09-07T15:33:27Z</time>
			</trkpt>
			<trkpt lat="59.953965537037945" lon="30.395254220152733">
				<ele>2.4195815920829773</ele>
				<time>2022-09-07T15:33:29Z</time>
			</trkpt>
			<trkpt lat="59.953940777495454" lon="30.395283125272307">
				<ele>-0.006708167493343353</ele>
				<time>2022-09-07T15:33:32Z</time>
			</trkpt>
			<trkpt lat="59.95392562824843" lon="30.395310314149928">
				<ele>0.5360620953142643</ele>
				<time>2022-09-07T15:33:34Z</time>
			</trkpt>
			<trkpt lat="59.95391378518001" lon="30.395359293234343">
				<ele>1.7218061368912458</ele>
				<time>2022-09-07T15:33:36Z</time>
			</trkpt>
			<trkpt lat="59.95389457775034" lon="30.395380708686435">
				<ele>0.7271987134590745</ele>
				<time>2022-09-07T15:33:39Z</time>
			</trkpt>
			<trkpt lat="59.95388182879495" lon="30.39541914738629">
				<ele>1.2076049512252212</ele>
				<time>2022-09-07T15:33:41Z</time>
			</trkpt>
			<trkpt lat="59.953868929379226" lon="30.39546977053761">
				<ele>1.5264653759077191</ele>
				<time>2022-09-07T15:33:43Z</time>
			</trkpt>
			<trkpt lat="59.9538572994852" lon="30.395505483332304">
				<ele>3.337282762862742</ele>
				<time>2022-09-07T15:33:45Z</time>
			</trkpt>
			<trkpt lat="59.953839747932825" lon="30.395518271944496">
				<ele>3.060007920488715</ele>
				<time>2022-09-07T15:33:47Z</time>
			</trkpt>
			<trkpt lat="59.95382018250121" lon="30.395550463242643">
				<ele>3.776978955604136</ele>
				<time>2022-09-07T15:33:49Z</time>
			</trkpt>
			<trkpt lat="59.95380446511819" lon="30.39559356659361">
				<ele>3.8084332160651684</ele>
				<time>2022-09-07T15:33:52Z</time>
			</trkpt>
			<trkpt lat="59.95378604751332" lon="30.39559912391767">
				<ele>1.2973746778443456</ele>
				<time>2022-09-07T15:33:56Z</time>
			</trkpt>
			<trkpt lat="59.95376916969304" lon="30.395627288715865">
				<ele>3.948844292201102</ele>
				<time>2022-09-07T15:33:57Z</time>
			</trkpt>
			<trkpt lat="59.95374493333193" lon="30.395643932080205">
				<ele>4.473860532045364</ele>
				<time>2022-09-07T15:33:58Z</time>
			</trkpt>
			<trkpt lat="59.95374027288506" lon="30.395680427780885">
				<ele>4.698691749945283</ele>
				<time>2022-09-07T15:33:59Z</time>
			</trkpt>
			<trkpt lat="59.9537569010954" lon="30.395747546294903">
				<ele>5.2669158866629004</ele>
				<time>2022-09-07T15:34:00Z</time>
			</trkpt>
			<trkpt lat="59.953735606942445" lon="30.39574777094493">
				<ele>4.996743372641504</ele>
				<time>2022-09-07T15:34:02Z</time>
			</trkpt>
			<trkpt lat="59.95371605284655" lon="30.395771427603236">
				<ele>5.367668464779854</ele>
				<time>2022-09-07T15:34:04Z</time>
			</trkpt>
			<trkpt lat="59.953698882798385" lon="30.395795818183327">
				<ele>3.262158866971731</ele>
				<time>2022-09-07T15:34:06Z</time>
			</trkpt>
			<trkpt lat="59.95368249598028" lon="30.395811209315504">
				<ele>2.7305921437218785</ele>
				<time>2022-09-07T15:34:08Z</time>
			</trkpt>
			<trkpt lat="59.9536635300771" lon="30.39581895127931">
				<ele>1.63526925817132</ele>
				<time>2022-09-07T15:34:10Z</time>
			</trkpt>
			<trkpt lat="59.95365198716881" lon="30.395862406727225">
				<ele>1.7678110152482986</ele>
				<time>2022-09-07T15:34:12Z</time>
			</trkpt>
			<trkpt lat="59.95363329291487" lon="30.39591137078966">
				<ele>2.1030681878328323</ele>
				<time>2022-09-07T15:34:14Z</time>
			</trkpt>
			<trkpt lat="59.95361673928048" lon="30.39594173910433">
				<ele>2.6758458837866783</ele>
				<time>2022-09-07T15:34:16Z</time>
			</trkpt>
			<trkpt lat="59.95359262030879" lon="30.39594440305593">
				<ele>1.2949815122410655</ele>
				<time>2022-09-07T15:34:19Z</time>
			</trkpt>
			<trkpt lat="59.95357834336515" lon="30.395977491250367">
				<ele>2.2688390845432878</ele>
				<time>2022-09-07T15:34:21Z</time>
			</trkpt>
			<trkpt lat="59.953558918915846" lon="30.396022471859613">
				<ele>5.589474618434906</ele>
				<time>2022-09-07T15:34:24Z</time>
			</trkpt>
			<trkpt lat="59.95354136648514" lon="30.396045489106726">
				<ele>3.328582492657006</ele>
				<time>2022-09-07T15:34:28Z</time>
			</trkpt>
			<trkpt lat="59.95352631662366" lon="30.39606588516825">
				<ele>2.619241261854768</ele>
				<time>2022-09-07T15:34:30Z</time>
			</trkpt>
			<trkpt lat="59.95351175765898" lon="30.396097524739773">
				<ele>3.6339005241170526</ele>
				<time>2022-09-07T15:34:32Z</time>
			</trkpt>
			<trkpt lat="59.95348729291598" lon="30.396148881154694">
				<ele>4.070125226862729</ele>
				<time>2022-09-07T15:34:33Z</time>
			</trkpt>
			<trkpt lat="59.95347523454082" lon="30.39619800867576">
				<ele>3.5687326146289706</ele>
				<time>2022-09-07T15:34:35Z</time>
			</trkpt>
			<trkpt lat="59.953460215108166" lon="30.39622447708322">
				<ele>3.991725729778409</ele>
				<time>2022-09-07T15:34:37Z</time>
			</trkpt>
			<trkpt lat="59.95344384123143" lon="30.396266443043157">
				<ele>5.599899837747216</ele>
				<time>2022-09-07T15:34:39Z</time>
			</trkpt>
			<trkpt lat="59.95342827229793" lon="30.396287580616235">
				<ele>2.970700329169631</ele>
				<time>2022-09-07T15:34:42Z</time>
			</trkpt>
			<trkpt lat="59.95340859627562" lon="30.396321309093537">
				<ele>3.9598920475691557</ele>
				<time>2022-09-07T15:34:44Z</time>
			</trkpt>
			<trkpt lat="59.95339217907163" lon="30.396356012777044">
				<ele>4.77988722641021</ele>
				<time>2022-09-07T15:34:46Z</time>
			</trkpt>
			<trkpt lat="59.95337980412267" lon="30.39638507878674">
				<ele>3.5645856140181422</ele>
				<time>2022-09-07T15:34:48Z</time>
			</trkpt>
			<trkpt lat="59.953359872732165" lon="30.396423884720107">
				<ele>4.830009787343442</ele>
				<time>2022-09-07T15:34:50Z</time>
			</trkpt>
			<trkpt lat="59.95333847267871" lon="30.39645365417949">
				<ele>3.655742329545319</ele>
				<time>2022-09-07T15:34:53Z</time>
			</trkpt>
			<trkpt lat="59.95331880822519" lon="30.396483147595227">
				<ele>2.6116675939410925</ele>
				<time>2022-09-07T15:34:56Z</time>
			</trkpt>
			<trkpt lat="59.95330289270646" lon="30.396500194862053">
				<ele>1.9691477324813604</ele>
				<time>2022-09-07T15:34:58Z</time>
			</trkpt>
			<trkpt lat="59.95328393580925" lon="30.396521414481402">
				<ele>1.9440911021083593</ele>
				<time>2022-09-07T15:35:00Z</time>
			</trkpt>
			<trkpt lat="59.95327457642791" lon="30.396556262125">
				<ele>2.696451290510595</ele>
				<time>2022-09-07T15:35:02Z</time>
			</trkpt>
			<trkpt lat="59.95325765759267" lon="30.396599476417315">
				<ele>3.996204632334411</ele>
				<time>2022-09-07T15:35:03Z</time>
			</trkpt>
			<trkpt lat="59.95326481455998" lon="30.396558602017915">
				<ele>1.327795498073101</ele>
				<time>2022-09-07T15:35:04Z</time>
			</trkpt>
			<trkpt lat="59.95324781503765" lon="30.396572889482922">
				<ele>1.4313777210190892</ele>
				<time>2022-09-07T15:35:06Z</time>
			</trkpt>
			<trkpt lat="59.95322424594914" lon="30.39658955989387">
				<ele>4.298092918470502</ele>
				<time>2022-09-07T15:35:07Z</time>
			</trkpt>
			<trkpt lat="59.95321563284939" lon="30.39662150534744">
				<ele>3.422621773555875</ele>
				<time>2022-09-07T15:35:09Z</time>
			</trkpt>
			<trkpt lat="59.95319122298178" lon="30.396683894147678">
				<ele>6.071813873946667</ele>
				<time>2022-09-07T15:35:11Z</time>
			</trkpt>
			<trkpt lat="59.95317593323086" lon="30.396709284049212">
				<ele>4.856913935393095</ele>
				<time>2022-09-07T15:35:13Z</time>
			</trkpt>
			<trkpt lat="59.95316002849016" lon="30.396756743407185">
				<ele>5.4137286664918065</ele>
				<time>2022-09-07T15:35:15Z</time>
			</trkpt>
			<trkpt lat="59.95314299190691" lon="30.396781692587137">
				<ele>4.4323832634836435</ele>
				<time>2022-09-07T15:35:17Z</time>
			</trkpt>
			<trkpt lat="59.95312855790746" lon="30.39681469737874">
				<ele>4.249451228417456</ele>
				<time>2022-09-07T15:35:19Z</time>
			</trkpt>
			<trkpt lat="59.95311162643692" lon="30.396848281762118">
				<ele>4.295976135879755</ele>
				<time>2022-09-07T15:35:21Z</time>
			</trkpt>
			<trkpt lat="59.953093355421366" lon="30.39687432727814">
				<ele>2.9492561668157578</ele>
				<time>2022-09-07T15:35:23Z</time>
			</trkpt>
			<trkpt lat="59.953077990894144" lon="30.396912241254125">
				<ele>3.8888010354712605</ele>
				<time>2022-09-07T15:35:25Z</time>
			</trkpt>
			<trkpt lat="59.953059127052846" lon="30.396942371001657">
				<ele>3.7189928190782666</ele>
				<time>2022-09-07T15:35:27Z</time>
			</trkpt>
			<trkpt lat="59.95304056586311" lon="30.396973453925522">
				<ele>4.013602655380964</ele>
				<time>2022-09-07T15:35:29Z</time>
			</trkpt>
			<trkpt lat="59.95302099308919" lon="30.39698850197003">
				<ele>3.5761276641860604</ele>
				<time>2022-09-07T15:35:31Z</time>
			</trkpt>
			<trkpt lat="59.95300608773345" lon="30.397009045154274">
				<ele>2.637972353026271</ele>
				<time>2022-09-07T15:35:33Z</time>
			</trkpt>
			<trkpt lat="59.952991143508214" lon="30.397031753927653">
				<ele>3.112699046730995</ele>
				<time>2022-09-07T15:35:35Z</time>
			</trkpt>
			<trkpt lat="59.9529676349618" lon="30.397069509611747">
				<ele>2.7077624248340726</ele>
				<time>2022-09-07T15:35:38Z</time>
			</trkpt>
			<trkpt lat="59.95294812698175" lon="30.397108920346536">
				<ele>3.5660079875960946</ele>
				<time>2022-09-07T15:35:40Z</time>
			</trkpt>
			<trkpt lat="59.95292471657262" lon="30.397129728519015">
				<ele>0.5638080602511764</ele>
				<time>2022-09-07T15:35:42Z</time>
			</trkpt>
			<trkpt lat="59.952905939074135" lon="30.397117398655823">
				<ele>0.42022026237100363</ele>
				<time>2022-09-07T15:35:44Z</time>
			</trkpt>
			<trkpt lat="59.952888669923304" lon="30.397131395564667">
				<ele>0.46714880410581827</ele>
				<time>2022-09-07T15:35:45Z</time>
			</trkpt>
			<trkpt lat="59.95286694517115" lon="30.397172461730243">
				<ele>0.6785931410267949</ele>
				<time>2022-09-07T15:35:47Z</time>
			</trkpt>
			<trkpt lat="59.95284689740066" lon="30.397220223998072">
				<ele>0.9502196004614234</ele>
				<time>2022-09-07T15:35:48Z</time>
			</trkpt>
			<trkpt lat="59.95286546140418" lon="30.397226981251084">
				<ele>1.5087452568113804</ele>
				<time>2022-09-07T15:35:49Z</time>
			</trkpt>
			<trkpt lat="59.952857927019146" lon="30.397272973004583">
				<ele>2.710055423900485</ele>
				<time>2022-09-07T15:35:51Z</time>
			</trkpt>
			<trkpt lat="59.9528461312984" lon="30.397303844725727">
				<ele>1.8361177714541554</ele>
				<time>2022-09-07T15:35:53Z</time>
			</trkpt>
			<trkpt lat="59.95283818258169" lon="30.39733916635996">
				<ele>3.289925311692059</ele>
				<time>2022-09-07T15:35:55Z</time>
			</trkpt>
			<trkpt lat="59.952817226111335" lon="30.397372269150353">
				<ele>2.893884025514126</ele>
				<time>2022-09-07T15:35:57Z</time>
			</trkpt>
			<trkpt lat="59.95280083559877" lon="30.39738826009009">
				<ele>4.5179696483537555</ele>
				<time>2022-09-07T15:35:59Z</time>
			</trkpt>
			<trkpt lat="59.95277348826444" lon="30.39740226743276">
				<ele>1.2045767037197948</ele>
				<time>2022-09-07T15:36:01Z</time>
			</trkpt>
			<trkpt lat="59.95275460891561" lon="30.39743391446371">
				<ele>0.920505634509027</ele>
				<time>2022-09-07T15:36:03Z</time>
			</trkpt>
			<trkpt lat="59.9527386051249" lon="30.397478741794796">
				<ele>2.665546710602939</ele>
				<time>2022-09-07T15:36:05Z</time>
			</trkpt>
			<trkpt lat="59.9527249216138" lon="30.397510199251496">
				<ele>4.457172037102282</ele>
				<time>2022-09-07T15:36:09Z</time>
			</trkpt>
			<trkpt lat="59.95270006928766" lon="30.39753124915413">
				<ele>1.506055885925889</ele>
				<time>2022-09-07T15:36:11Z</time>
			</trkpt>
			<trkpt lat="59.952682938499414" lon="30.397549823858636">
				<ele>1.6981672812253237</ele>
				<time>2022-09-07T15:36:13Z</time>
			</trkpt>
			<trkpt lat="59.952660119114334" lon="30.397576720132985">
				<ele>4.175880383700132</ele>
				<time>2022-09-07T15:36:15Z</time>
			</trkpt>
			<trkpt lat="59.95263883229004" lon="30.39762347362327">
				<ele>4.005363654345274</ele>
				<time>2022-09-07T15:36:17Z</time>
			</trkpt>
			<trkpt lat="59.95260684738007" lon="30.397649022143458">
				<ele>5.511226843111217</ele>
				<time>2022-09-07T15:36:19Z</time>
			</trkpt>
			<trkpt lat="59.95256302013383" lon="30.397655542256675">
				<ele>0.7462860951200128</ele>
				<time>2022-09-07T15:36:21Z</time>
			</trkpt>
			<trkpt lat="59.95256807901097" lon="30.39771152890555">
				<ele>3.284016437828541</ele>
				<time>2022-09-07T15:36:25Z</time>
			</trkpt>
			<trkpt lat="59.952550382347255" lon="30.397767599449075">
				<ele>3.360145328566432</ele>
				<time>2022-09-07T15:36:27Z</time>
			</trkpt>
			<trkpt lat="59.95253437467846" lon="30.397791379747687">
				<ele>4.974116683937609</ele>
				<time>2022-09-07T15:36:30Z</time>
			</trkpt>
			<trkpt lat="59.95251700471423" lon="30.397821443201245">
				<ele>3.513613668270409</ele>
				<time>2022-09-07T15:36:32Z</time>
			</trkpt>
			<trkpt lat="59.952496024686916" lon="30.39784330885149">
				<ele>1.7639742931351066</ele>
				<time>2022-09-07T15:36:34Z</time>
			</trkpt>
			<trkpt lat="59.95247756682175" lon="30.397880299095405">
				<ele>3.5865294393152</ele>
				<time>2022-09-07T15:36:36Z</time>
			</trkpt>
			<trkpt lat="59.95245613531038" lon="30.397884302204858">
				<ele>3.4050869774073362</ele>
				<time>2022-09-07T15:36:39Z</time>
			</trkpt>
			<trkpt lat="59.95243976974227" lon="30.397915063338104">
				<ele>4.612182881683111</ele>
				<time>2022-09-07T15:36:41Z</time>
			</trkpt>
			<trkpt lat="59.95241634917915" lon="30.397937117680016">
				<ele>2.4507969841361046</ele>
				<time>2022-09-07T15:36:43Z</time>
			</trkpt>
			<trkpt lat="59.95239585572958" lon="30.39796851031052">
				<ele>1.9156417474150658</ele>
				<time>2022-09-07T15:36:45Z</time>
			</trkpt>
			<trkpt lat="59.952379507887336" lon="30.39800059028621">
				<ele>4.045625234954059</ele>
				<time>2022-09-07T15:36:47Z</time>
			</trkpt>
			<trkpt lat="59.952353364882434" lon="30.398017244507248">
				<ele>3.6692315228283405</ele>
				<time>2022-09-07T15:36:50Z</time>
			</trkpt>
			<trkpt lat="59.95233670686576" lon="30.398031069727516">
				<ele>4.9470018688589334</ele>
				<time>2022-09-07T15:36:52Z</time>
			</trkpt>
			<trkpt lat="59.952315228552905" lon="30.39805742621133">
				<ele>3.0083247488364577</ele>
				<time>2022-09-07T15:36:54Z</time>
			</trkpt>
			<trkpt lat="59.95229703262483" lon="30.398096687554432">
				<ele>3.6478723725304008</ele>
				<time>2022-09-07T15:36:56Z</time>
			</trkpt>
			<trkpt lat="59.95227692891285" lon="30.398125668316826">
				<ele>3.151427791453898</ele>
				<time>2022-09-07T15:36:58Z</time>
			</trkpt>
			<trkpt lat="59.95225834289254" lon="30.398157057745692">
				<ele>3.330237679183483</ele>
				<time>2022-09-07T15:37:00Z</time>
			</trkpt>
			<trkpt lat="59.95223269528223" lon="30.39817817699141">
				<ele>2.1296604927629232</ele>
				<time>2022-09-07T15:37:02Z</time>
			</trkpt>
			<trkpt lat="59.952210765118735" lon="30.39819838257983">
				<ele>1.603587624616921</ele>
				<time>2022-09-07T15:37:05Z</time>
			</trkpt>
			<trkpt lat="59.95219600013355" lon="30.39821986282247">
				<ele>1.0155438147485256</ele>
				<time>2022-09-07T15:37:07Z</time>
			</trkpt>
			<trkpt lat="59.9521783851666" lon="30.398242577998143">
				<ele>1.1684094714000821</ele>
				<time>2022-09-07T15:37:09Z</time>
			</trkpt>
			<trkpt lat="59.952157473579256" lon="30.398274263151983">
				<ele>3.2094685221090913</ele>
				<time>2022-09-07T15:37:11Z</time>
			</trkpt>
			<trkpt lat="59.95213087566603" lon="30.39829249609042">
				<ele>1.9183114487677813</ele>
				<time>2022-09-07T15:37:14Z</time>
			</trkpt>
			<trkpt lat="59.952105565331955" lon="30.398312710045648">
				<ele>0.8468965906649828</ele>
				<time>2022-09-07T15:37:16Z</time>
			</trkpt>
			<trkpt lat="59.95208544857004" lon="30.39833786826006">
				<ele>1.52898367960006</ele>
				<time>2022-09-07T15:37:18Z</time>
			</trkpt>
			<trkpt lat="59.95207027241287" lon="30.39836061544208">
				<ele>2.19108169618994</ele>
				<time>2022-09-07T15:37:20Z</time>
			</trkpt>
			<trkpt lat="59.95205117906104" lon="30.398382547818148">
				<ele>3.080778411589563</ele>
				<time>2022-09-07T15:37:22Z</time>
			</trkpt>
			<trkpt lat="59.95203506424498" lon="30.39841604753176">
				<ele>3.8172166366130114</ele>
				<time>2022-09-07T15:37:24Z</time>
			</trkpt>
			<trkpt lat="59.95201333253382" lon="30.39843775090741">
				<ele>3.5064417151734233</ele>
				<time>2022-09-07T15:37:26Z</time>
			</trkpt>
			<trkpt lat="59.9519993118818" lon="30.398462409615952">
				<ele>4.517369988374412</ele>
				<time>2022-09-07T15:37:28Z</time>
			</trkpt>
			<trkpt lat="59.95197676262128" lon="30.39848945082378">
				<ele>4.499002031981945</ele>
				<time>2022-09-07T15:37:30Z</time>
			</trkpt>
			<trkpt lat="59.951959528578605" lon="30.39850979405631">
				<ele>4.128903174772859</ele>
				<time>2022-09-07T15:37:32Z</time>
			</trkpt>
			<trkpt lat="59.951937981502255" lon="30.398522659901644">
				<ele>4.365030772984028</ele>
				<time>2022-09-07T15:37:34Z</time>
			</trkpt>
			<trkpt lat="59.951920794678514" lon="30.39853869331719">
				<ele>4.343708208762109</ele>
				<time>2022-09-07T15:37:36Z</time>
			</trkpt>
			<trkpt lat="59.95190417235784" lon="30.39856765255866">
				<ele>5.091908702626824</ele>
				<time>2022-09-07T15:37:38Z</time>
			</trkpt>
			<trkpt lat="59.9518862567488" lon="30.398596675525177">
				<ele>4.891466261819005</ele>
				<time>2022-09-07T15:37:40Z</time>
			</trkpt>
			<trkpt lat="59.95185806883587" lon="30.398611977013115">
				<ele>5.087567362003028</ele>
				<time>2022-09-07T15:37:42Z</time>
			</trkpt>
			<trkpt lat="59.95183151554106" lon="30.398627845681457">
				<ele>2.826487621292472</ele>
				<time>2022-09-07T15:37:45Z</time>
			</trkpt>
			<trkpt lat="59.95180250052726" lon="30.398642900410046">
				<ele>3.7002730071544647</ele>
				<time>2022-09-07T15:37:48Z</time>
			</trkpt>
			<trkpt lat="59.95178143807977" lon="30.398652277731486">
				<ele>3.254274225793779</ele>
				<time>2022-09-07T15:37:50Z</time>
			</trkpt>
			<trkpt lat="59.95176188665521" lon="30.39865329213813">
				<ele>3.2890452155843377</ele>
				<time>2022-09-07T15:37:52Z</time>
			</trkpt>
			<trkpt lat="59.95174090895905" lon="30.398641490940307">
				<ele>2.7686487967148423</ele>
				<time>2022-09-07T15:37:54Z</time>
			</trkpt>
			<trkpt lat="59.951722602689934" lon="30.398628114690116">
				<ele>0.9705435493960977</ele>
				<time>2022-09-07T15:37:56Z</time>
			</trkpt>
			<trkpt lat="59.95170171131992" lon="30.39861582587359">
				<ele>-0.021120709367096424</ele>
				<time>2022-09-07T15:37:58Z</time>
			</trkpt>
			<trkpt lat="59.951685116209674" lon="30.39863178387392">
				<ele>2.4905990371480584</ele>
				<time>2022-09-07T15:38:32Z</time>
			</trkpt>
			<trkpt lat="59.95166642316818" lon="30.398632005907196">
				<ele>2.2740511959418654</ele>
				<time>2022-09-07T15:38:33Z</time>
			</trkpt>
			<trkpt lat="59.951637719936826" lon="30.398656563512915">
				<ele>2.3210357893258333</ele>
				<time>2022-09-07T15:38:35Z</time>
			</trkpt>
			<trkpt lat="59.95161020044121" lon="30.398655827359228">
				<ele>2.450698956847191</ele>
				<time>2022-09-07T15:38:37Z</time>
			</trkpt>
			<trkpt lat="59.95158750400735" lon="30.39867737188861">
				<ele>2.542902641929686</ele>
				<time>2022-09-07T15:38:39Z</time>
			</trkpt>
			<trkpt lat="59.95156436309647" lon="30.398694964690407">
				<ele>2.739140087738633</ele>
				<time>2022-09-07T15:38:41Z</time>
			</trkpt>
			<trkpt lat="59.95154927748083" lon="30.39872176626983">
				<ele>4.122855907306075</ele>
				<time>2022-09-07T15:38:43Z</time>
			</trkpt>
			<trkpt lat="59.95152849603007" lon="30.398742964030138">
				<ele>2.492378171533346</ele>
				<time>2022-09-07T15:38:45Z</time>
			</trkpt>
			<trkpt lat="59.95150751641814" lon="30.398759301591646">
				<ele>1.1726743876934052</ele>
				<time>2022-09-07T15:38:46Z</time>
			</trkpt>
			<trkpt lat="59.95149105225822" lon="30.398778679430734">
				<ele>0.7552104145288467</ele>
				<time>2022-09-07T15:38:47Z</time>
			</trkpt>
			<trkpt lat="59.95147007450408" lon="30.398799525437532">
				<ele>0.6160499081015587</ele>
				<time>2022-09-07T15:38:49Z</time>
			</trkpt>
			<trkpt lat="59.95144437643932" lon="30.398803827271323">
				<ele>-0.7937822919338942</ele>
				<time>2022-09-07T15:38:51Z</time>
			</trkpt>
			<trkpt lat="59.95142277347913" lon="30.39883571400988">
				<ele>1.1738864313811064</ele>
				<time>2022-09-07T15:38:53Z</time>
			</trkpt>
			<trkpt lat="59.951407454231976" lon="30.39886081017874">
				<ele>2.181179966777563</ele>
				<time>2022-09-07T15:38:54Z</time>
			</trkpt>
			<trkpt lat="59.95140752181196" lon="30.39890680527451">
				<ele>2.6066454024985433</ele>
				<time>2022-09-07T15:38:58Z</time>
			</trkpt>
			<trkpt lat="59.951434002394635" lon="30.398878647551527">
				<ele>2.809784502722323</ele>
				<time>2022-09-07T15:39:05Z</time>
			</trkpt>
			<trkpt lat="59.951429944475066" lon="30.398831733954523">
				<ele>2.4002571627497673</ele>
				<time>2022-09-07T15:39:08Z</time>
			</trkpt>
			<trkpt lat="59.95143734662145" lon="30.398796107543806">
				<ele>2.7257137913256884</ele>
				<time>2022-09-07T15:39:10Z</time>
			</trkpt>
			<trkpt lat="59.9514383200475" lon="30.398758792694935">
				<ele>2.3530131867155433</ele>
				<time>2022-09-07T15:39:12Z</time>
			</trkpt>
			<trkpt lat="59.95144325970566" lon="30.398706766907836">
				<ele>2.6248470647260547</ele>
				<time>2022-09-07T15:39:15Z</time>
			</trkpt>
			<trkpt lat="59.95144954375155" lon="30.39864105149111">
				<ele>5.220478787086904</ele>
				<time>2022-09-07T15:39:16Z</time>
			</trkpt>
			<trkpt lat="59.951438380624786" lon="30.398610930753616">
				<ele>0.8734573498368263</ele>
				<time>2022-09-07T15:39:18Z</time>
			</trkpt>
			<trkpt lat="59.951442088352564" lon="30.398537153000763">
				<ele>2.434404842555523</ele>
				<time>2022-09-07T15:39:21Z</time>
			</trkpt>
			<trkpt lat="59.95144811051191" lon="30.398483045013847">
				<ele>1.7169466679915786</ele>
				<time>2022-09-07T15:39:23Z</time>
			</trkpt>
			<trkpt lat="59.95143659546316" lon="30.398433187667006">
				<ele>2.3673454765230417</ele>
				<time>2022-09-07T15:39:26Z</time>
			</trkpt>
			<trkpt lat="59.951408218610766" lon="30.3984365504666">
				<ele>-3.105080345645547</ele>
				<time>2022-09-07T15:39:28Z</time>
			</trkpt>
			<trkpt lat="59.95140169823075" lon="30.39839198829282">
				<ele>-1.0310007585212588</ele>
				<time>2022-09-07T15:39:29Z</time>
			</trkpt>
			<trkpt lat="59.95140803123443" lon="30.39830600240839">
				<ele>1.7275560088455677</ele>
				<time>2022-09-07T15:39:31Z</time>
			</trkpt>
			<trkpt lat="59.95140114127474" lon="30.39827001600234">
				<ele>2.725473969243467</ele>
				<time>2022-09-07T15:39:32Z</time>
			</trkpt>
			<trkpt lat="59.951405945226774" lon="30.398225417916308">
				<ele>2.2395649403333664</ele>
				<time>2022-09-07T15:39:33Z</time>
			</trkpt>
			<trkpt lat="59.951388391757014" lon="30.398194146968486">
				<ele>0.7603087108582258</ele>
				<time>2022-09-07T15:39:35Z</time>
			</trkpt>
			<trkpt lat="59.951370589518554" lon="30.398151003383465">
				<ele>1.5412739710882306</ele>
				<time>2022-09-07T15:39:37Z</time>
			</trkpt>
			<trkpt lat="59.95136209534457" lon="30.39810123284393">
				<ele>-1.052868451923132</ele>
				<time>2022-09-07T15:39:39Z</time>
			</trkpt>
			<trkpt lat="59.95136308440799" lon="30.39805933951906">
				<ele>-1.1437063021585345</ele>
				<time>2022-09-07T15:39:41Z</time>
			</trkpt>
			<trkpt lat="59.95137684218698" lon="30.39798004659231">
				<ele>1.304320496506989</ele>
				<time>2022-09-07T15:39:43Z</time>
			</trkpt>
			<trkpt lat="59.95137805347538" lon="30.39793396722396">
				<ele>0.2385669108480215</ele>
				<time>2022-09-07T15:39:46Z</time>
			</trkpt>
			<trkpt lat="59.95138242772927" lon="30.397877619939717">
				<ele>1.698620880022645</ele>
				<time>2022-09-07T15:39:48Z</time>
			</trkpt>
			<trkpt lat="59.951374913503315" lon="30.397841050823832">
				<ele>0.22420230694115162</ele>
				<time>2022-09-07T15:39:50Z</time>
			</trkpt>
			<trkpt lat="59.951374244086615" lon="30.397780542630382">
				<ele>-0.49674289766699076</ele>
				<time>2022-09-07T15:39:53Z</time>
			</trkpt>
			<trkpt lat="59.951374957411524" lon="30.39773680204939">
				<ele>-1.1869323449209332</ele>
				<time>2022-09-07T15:39:55Z</time>
			</trkpt>
			<trkpt lat="59.951383249507145" lon="30.39769487614119">
				<ele>-0.6863701911643147</ele>
				<time>2022-09-07T15:39:57Z</time>
			</trkpt>
			<trkpt lat="59.95139728721389" lon="30.397663538732505">
				<ele>-0.0536087891086936</ele>
				<time>2022-09-07T15:39:58Z</time>
			</trkpt>
			<trkpt lat="59.951418570559916" lon="30.397636196215444">
				<ele>2.6654934538528323</ele>
				<time>2022-09-07T15:39:59Z</time>
			</trkpt>
			<trkpt lat="59.9514015767455" lon="30.39758520343568">
				<ele>-1.0989925684407353</ele>
				<time>2022-09-07T15:40:02Z</time>
			</trkpt>
			<trkpt lat="59.95139243061681" lon="30.39754749372559">
				<ele>-1.9624611837789416</ele>
				<time>2022-09-07T15:40:03Z</time>
			</trkpt>
			<trkpt lat="59.951385023803546" lon="30.39749669433678">
				<ele>-1.0582863921299577</ele>
				<time>2022-09-07T15:40:06Z</time>
			</trkpt>
			<trkpt lat="59.951398648730795" lon="30.397464711613885">
				<ele>-0.26124254893511534</ele>
				<time>2022-09-07T15:40:07Z</time>
			</trkpt>
			<trkpt lat="59.95140101244656" lon="30.39741961766419">
				<ele>-0.9725406225770712</ele>
				<time>2022-09-07T15:40:09Z</time>
			</trkpt>
			<trkpt lat="59.95139909743825" lon="30.397364913794537">
				<ele>-0.5034207850694656</ele>
				<time>2022-09-07T15:40:11Z</time>
			</trkpt>
			<trkpt lat="59.95139058305577" lon="30.397316802920223">
				<ele>1.009478822350502</ele>
				<time>2022-09-07T15:40:13Z</time>
			</trkpt>
			<trkpt lat="59.95137397824754" lon="30.397285658497932">
				<ele>-0.5742401890456676</ele>
				<time>2022-09-07T15:40:14Z</time>
			</trkpt>
			<trkpt lat="59.95136344179214" lon="30.397242014412686">
				<ele>-2.638113636523485</ele>
				<time>2022-09-07T15:40:16Z</time>
			</trkpt>
			<trkpt lat="59.95136485528979" lon="30.397194397585483">
				<ele>-2.449233836494386</ele>
				<time>2022-09-07T15:40:18Z</time>
			</trkpt>
			<trkpt lat="59.95136988746514" lon="30.3971485113008">
				<ele>-0.02694070339202881</ele>
				<time>2022-09-07T15:40:20Z</time>
			</trkpt>
			<trkpt lat="59.95135971846543" lon="30.397098085675747">
				<ele>-0.30120792612433434</ele>
				<time>2022-09-07T15:40:22Z</time>
			</trkpt>
			<trkpt lat="59.95137515854428" lon="30.397058630648296">
				<ele>-0.004799811169505119</ele>
				<time>2022-09-07T15:40:24Z</time>
			</trkpt>
			<trkpt lat="59.95138407608041" lon="30.397002006282538">
				<ele>1.9519466487690806</ele>
				<time>2022-09-07T15:40:26Z</time>
			</trkpt>
			<trkpt lat="59.95136091089871" lon="30.396957471100638">
				<ele>-2.5411858838051558</ele>
				<time>2022-09-07T15:40:28Z</time>
			</trkpt>
			<trkpt lat="59.951353573649634" lon="30.396913918233647">
				<ele>-1.6478733578696847</ele>
				<time>2022-09-07T15:40:30Z</time>
			</trkpt>
			<trkpt lat="59.951358942082486" lon="30.396870558432333">
				<ele>-2.9291873518377542</ele>
				<time>2022-09-07T15:40:32Z</time>
			</trkpt>
			<trkpt lat="59.95136914576897" lon="30.396815498791373">
				<ele>0.7018447741866112</ele>
				<time>2022-09-07T15:40:34Z</time>
			</trkpt>
			<trkpt lat="59.95136763516717" lon="30.396750620005907">
				<ele>-0.14951604045927525</ele>
				<time>2022-09-07T15:40:37Z</time>
			</trkpt>
			<trkpt lat="59.951368682857165" lon="30.39669210457692">
				<ele>0.4366697268560529</ele>
				<time>2022-09-07T15:40:39Z</time>
			</trkpt>
			<trkpt lat="59.951370889568864" lon="30.396653173759073">
				<ele>0.512686169706285</ele>
				<time>2022-09-07T15:40:41Z</time>
			</trkpt>
			<trkpt lat="59.95136965367551" lon="30.39661286758806">
				<ele>-0.8950516078621149</ele>
				<time>2022-09-07T15:40:43Z</time>
			</trkpt>
			<trkpt lat="59.9513699078606" lon="30.396568667522224">
				<ele>-1.096212511882186</ele>
				<time>2022-09-07T15:40:45Z</time>
			</trkpt>
			<trkpt lat="59.951387729634114" lon="30.396511866938358">
				<ele>1.9201908856630325</ele>
				<time>2022-09-07T15:40:47Z</time>
			</trkpt>
			<trkpt lat="59.95137690024007" lon="30.39647616957647">
				<ele>1.9992942037060857</ele>
				<time>2022-09-07T15:40:48Z</time>
			</trkpt>
			<trkpt lat="59.95137095999338" lon="30.3964368461462">
				<ele>-0.16733616031706333</ele>
				<time>2022-09-07T15:40:51Z</time>
			</trkpt>
			<trkpt lat="59.95135480860912" lon="30.396395632888265">
				<ele>-0.6893303906545043</ele>
				<time>2022-09-07T15:40:53Z</time>
			</trkpt>
			<trkpt lat="59.95134490188236" lon="30.396354785585515">
				<ele>0.2581983944401145</ele>
				<time>2022-09-07T15:40:55Z</time>
			</trkpt>
			<trkpt lat="59.951333052854444" lon="30.396325934190887">
				<ele>-2.1128890654072165</ele>
				<time>2022-09-07T15:40:57Z</time>
			</trkpt>
			<trkpt lat="59.95132095319061" lon="30.396286179819523">
				<ele>-2.623183664865792</ele>
				<time>2022-09-07T15:41:00Z</time>
			</trkpt>
			<trkpt lat="59.95131490420703" lon="30.39624158641309">
				<ele>-1.1543523343279958</ele>
				<time>2022-09-07T15:41:04Z</time>
			</trkpt>
			<trkpt lat="59.95130899922331" lon="30.39619621054352">
				<ele>-1.9883107161149383</ele>
				<time>2022-09-07T15:41:06Z</time>
			</trkpt>
			<trkpt lat="59.95130065047185" lon="30.396135078680157">
				<ele>-0.9959501503035426</ele>
				<time>2022-09-07T15:41:08Z</time>
			</trkpt>
			<trkpt lat="59.9512928111473" lon="30.396091259793074">
				<ele>-2.8765547331422567</ele>
				<time>2022-09-07T15:41:10Z</time>
			</trkpt>
			<trkpt lat="59.95125971131021" lon="30.396104500375518">
				<ele>-4.774357736110687</ele>
				<time>2022-09-07T15:41:12Z</time>
			</trkpt>
			<trkpt lat="59.951251359759" lon="30.39606361708262">
				<ele>-3.644564241170883</ele>
				<time>2022-09-07T15:41:13Z</time>
			</trkpt>
			<trkpt lat="59.95123925217637" lon="30.39601251858995">
				<ele>-2.003575613722205</ele>
				<time>2022-09-07T15:41:14Z</time>
			</trkpt>
			<trkpt lat="59.95122959486341" lon="30.395974634184334">
				<ele>0.904565024189651</ele>
				<time>2022-09-07T15:41:16Z</time>
			</trkpt>
			<trkpt lat="59.95120527057984" lon="30.395975190755635">
				<ele>1.4968138290569186</ele>
				<time>2022-09-07T15:41:19Z</time>
			</trkpt>
			<trkpt lat="59.9511772084287" lon="30.39597312364544">
				<ele>-2.686485633254051</ele>
				<time>2022-09-07T15:41:21Z</time>
			</trkpt>
			<trkpt lat="59.95114839472473" lon="30.39598044509198">
				<ele>-0.5699362307786942</ele>
				<time>2022-09-07T15:41:24Z</time>
			</trkpt>
			<trkpt lat="59.951131973725154" lon="30.39600149971683">
				<ele>-1.7019759248942137</ele>
				<time>2022-09-07T15:41:26Z</time>
			</trkpt>
			<trkpt lat="59.95112591267223" lon="30.395894145748652">
				<ele>-0.6456721499562263</ele>
				<time>2022-09-07T15:41:28Z</time>
			</trkpt>
			<trkpt lat="59.951121151064115" lon="30.395848798780843">
				<ele>-0.19351767655462027</ele>
				<time>2022-09-07T15:41:29Z</time>
			</trkpt>
			<trkpt lat="59.95111394386513" lon="30.395813878287804">
				<ele>-3.0720983278006315</ele>
				<time>2022-09-07T15:41:32Z</time>
			</trkpt>
			<trkpt lat="59.95110021651183" lon="30.39578292767089">
				<ele>-4.005284116603434</ele>
				<time>2022-09-07T15:41:34Z</time>
			</trkpt>
			<trkpt lat="59.95108412053406" lon="30.395734998597582">
				<ele>-2.29555073287338</ele>
				<time>2022-09-07T15:41:36Z</time>
			</trkpt>
			<trkpt lat="59.95107050679894" lon="30.395710698089896">
				<ele>-0.4294184288010001</ele>
				<time>2022-09-07T15:41:37Z</time>
			</trkpt>
			<trkpt lat="59.951051342930604" lon="30.39565746444221">
				<ele>-0.8184689106419683</ele>
				<time>2022-09-07T15:41:39Z</time>
			</trkpt>
			<trkpt lat="59.95104489785243" lon="30.3956119843676">
				<ele>-0.5164783149957657</ele>
				<time>2022-09-07T15:41:40Z</time>
			</trkpt>
			<trkpt lat="59.95103896291967" lon="30.395573471227497">
				<ele>0.3523688977584243</ele>
				<time>2022-09-07T15:41:42Z</time>
			</trkpt>
			<trkpt lat="59.951032507985964" lon="30.395515710770603">
				<ele>0.6845507742837071</ele>
				<time>2022-09-07T15:41:45Z</time>
			</trkpt>
			<trkpt lat="59.95102555309372" lon="30.395450322536796">
				<ele>-1.0882173189893365</ele>
				<time>2022-09-07T15:41:47Z</time>
			</trkpt>
			<trkpt lat="59.95101862178797" lon="30.395415243171158">
				<ele>-1.5368542559444904</ele>
				<time>2022-09-07T15:41:52Z</time>
			</trkpt>
			<trkpt lat="59.95101130943426" lon="30.395374628778068">
				<ele>-3.024617897346616</ele>
				<time>2022-09-07T15:41:55Z</time>
			</trkpt>
			<trkpt lat="59.95100192774475" lon="30.395341053863138">
				<ele>-1.4686652272939682</ele>
				<time>2022-09-07T15:41:57Z</time>
			</trkpt>
			<trkpt lat="59.95098752067889" lon="30.39529801923452">
				<ele>-1.043372405692935</ele>
				<time>2022-09-07T15:41:59Z</time>
			</trkpt>
			<trkpt lat="59.95097866361369" lon="30.395259089839804">
				<ele>0.1556637454777956</ele>
				<time>2022-09-07T15:42:01Z</time>
			</trkpt>
			<trkpt lat="59.95095756332932" lon="30.395216202242683">
				<ele>-0.7643173728138208</ele>
				<time>2022-09-07T15:42:04Z</time>
			</trkpt>
			<trkpt lat="59.95093972418909" lon="30.395172705853437">
				<ele>0.48484450951218605</ele>
				<time>2022-09-07T15:42:06Z</time>
			</trkpt>
			<trkpt lat="59.950923996142954" lon="30.395142634703095">
				<ele>-0.3570889653638005</ele>
				<time>2022-09-07T15:42:08Z</time>
			</trkpt>
			<trkpt lat="59.95091021176718" lon="30.395090677469696">
				<ele>-3.552763655781746</ele>
				<time>2022-09-07T15:42:13Z</time>
			</trkpt>
			<trkpt lat="59.95089587849439" lon="30.39505756042748">
				<ele>-2.4855004865676165</ele>
				<time>2022-09-07T15:42:14Z</time>
			</trkpt>
			<trkpt lat="59.950888044056455" lon="30.39499854762081">
				<ele>-2.287457302212715</ele>
				<time>2022-09-07T15:42:16Z</time>
			</trkpt>
			<trkpt lat="59.9508728396916" lon="30.394961209630555">
				<ele>0.5978152640163898</ele>
				<time>2022-09-07T15:42:18Z</time>
			</trkpt>
			<trkpt lat="59.950852838963364" lon="30.394949752544346">
				<ele>-5.026207149028778</ele>
				<time>2022-09-07T15:42:20Z</time>
			</trkpt>
			<trkpt lat="59.95085024378485" lon="30.394914008363838">
				<ele>-4.381390318274498</ele>
				<time>2022-09-07T15:42:21Z</time>
			</trkpt>
			<trkpt lat="59.950831091609075" lon="30.39487844644914">
				<ele>0.7799656195566058</ele>
				<time>2022-09-07T15:42:23Z</time>
			</trkpt>
			<trkpt lat="59.95082412336159" lon="30.39483846226777">
				<ele>0.05401296075433493</ele>
				<time>2022-09-07T15:42:25Z</time>
			</trkpt>
			<trkpt lat="59.950810382670326" lon="30.39480182390965">
				<ele>1.9877962684258819</ele>
				<time>2022-09-07T15:42:28Z</time>
			</trkpt>
			<trkpt lat="59.95079581289627" lon="30.394755890880067">
				<ele>0.5158310178667307</ele>
				<time>2022-09-07T15:42:31Z</time>
			</trkpt>
			<trkpt lat="59.95078528898899" lon="30.394718495270045">
				<ele>2.198499779216945</ele>
				<time>2022-09-07T15:42:33Z</time>
			</trkpt>
			<trkpt lat="59.95078014566497" lon="30.394680337449987">
				<ele>1.0667724255472422</ele>
				<time>2022-09-07T15:42:35Z</time>
			</trkpt>
			<trkpt lat="59.950765525945904" lon="30.394642093560535">
				<ele>3.408944017253816</ele>
				<time>2022-09-07T15:42:37Z</time>
			</trkpt>
			<trkpt lat="59.95075187870297" lon="30.394616935483885">
				<ele>3.804276579990983</ele>
				<time>2022-09-07T15:42:38Z</time>
			</trkpt>
			<trkpt lat="59.95073647088964" lon="30.39459589701545">
				<ele>1.673887667246163</ele>
				<time>2022-09-07T15:42:40Z</time>
			</trkpt>
			<trkpt lat="59.950722169088046" lon="30.394561301738104">
				<ele>0.9405779270455241</ele>
				<time>2022-09-07T15:42:42Z</time>
			</trkpt>
			<trkpt lat="59.95071410645291" lon="30.394527379194372">
				<ele>1.0435423022136092</ele>
				<time>2022-09-07T15:42:44Z</time>
			</trkpt>
			<trkpt lat="59.95069703336745" lon="30.394495842122268">
				<ele>-3.1287717819213867</ele>
				<time>2022-09-07T15:42:48Z</time>
			</trkpt>
			<trkpt lat="59.950676680132304" lon="30.394448966649804">
				<ele>-0.5172272538766265</ele>
				<time>2022-09-07T15:42:50Z</time>
			</trkpt>
			<trkpt lat="59.95066000238624" lon="30.394399799208117">
				<ele>0.04485857393592596</ele>
				<time>2022-09-07T15:42:53Z</time>
			</trkpt>
			<trkpt lat="59.95065442281873" lon="30.394348273635813">
				<ele>-1.6858191760256886</ele>
				<time>2022-09-07T15:42:56Z</time>
			</trkpt>
			<trkpt lat="59.95064664390944" lon="30.394308231572488">
				<ele>-2.1216436522081494</ele>
				<time>2022-09-07T15:42:57Z</time>
			</trkpt>
			<trkpt lat="59.95063075411223" lon="30.394281834559678">
				<ele>0.9011530550196767</ele>
				<time>2022-09-07T15:42:59Z</time>
			</trkpt>
			<trkpt lat="59.95061288936002" lon="30.394249028735505">
				<ele>-0.267414134927094</ele>
				<time>2022-09-07T15:43:02Z</time>
			</trkpt>
			<trkpt lat="59.95060855459063" lon="30.394195944174363">
				<ele>2.0345085337758064</ele>
				<time>2022-09-07T15:43:04Z</time>
			</trkpt>
			<trkpt lat="59.95059674575131" lon="30.394163437785288">
				<ele>0.12637754809111357</ele>
				<time>2022-09-07T15:43:06Z</time>
			</trkpt>
			<trkpt lat="59.95058724938945" lon="30.394115221621533">
				<ele>1.989451926201582</ele>
				<time>2022-09-07T15:43:08Z</time>
			</trkpt>
			<trkpt lat="59.95055344256843" lon="30.3940820036914">
				<ele>0.9418625207617879</ele>
				<time>2022-09-07T15:43:10Z</time>
			</trkpt>
			<trkpt lat="59.95053982649377" lon="30.39402205112059">
				<ele>2.480335888452828</ele>
				<time>2022-09-07T15:43:12Z</time>
			</trkpt>
			<trkpt lat="59.95051542964246" lon="30.393998468375745">
				<ele>-0.8835131851956248</ele>
				<time>2022-09-07T15:43:15Z</time>
			</trkpt>
			<trkpt lat="59.950502833609384" lon="30.393972436899094">
				<ele>-1.4514377983286977</ele>
				<time>2022-09-07T15:43:17Z</time>
			</trkpt>
			<trkpt lat="59.95049181214808" lon="30.393934833033217">
				<ele>-1.1666889376938343</ele>
				<time>2022-09-07T15:43:19Z</time>
			</trkpt>
			<trkpt lat="59.95046802618896" lon="30.393894646176104">
				<ele>0.9956008289009333</ele>
				<time>2022-09-07T15:43:22Z</time>
			</trkpt>
			<trkpt lat="59.95045368720982" lon="30.393860882345727">
				<ele>-0.2752160392701626</ele>
				<time>2022-09-07T15:43:24Z</time>
			</trkpt>
			<trkpt lat="59.950435284596985" lon="30.393820931227484">
				<ele>-0.6266838507726789</ele>
				<time>2022-09-07T15:43:26Z</time>
			</trkpt>
			<trkpt lat="59.95041504201403" lon="30.393781966421127">
				<ele>1.9938349984586239</ele>
				<time>2022-09-07T15:43:28Z</time>
			</trkpt>
			<trkpt lat="59.95039980710259" lon="30.393752747741537">
				<ele>1.7755740424618125</ele>
				<time>2022-09-07T15:43:30Z</time>
			</trkpt>
			<trkpt lat="59.95038101656519" lon="30.393708921935616">
				<ele>2.343797203153372</ele>
				<time>2022-09-07T15:43:32Z</time>
			</trkpt>
			<trkpt lat="59.95037367048656" lon="30.393666917860504">
				<ele>0.6795101892203093</ele>
				<time>2022-09-07T15:43:35Z</time>
			</trkpt>
			<trkpt lat="59.95036684838368" lon="30.39362258188939">
				<ele>-0.4325617263093591</ele>
				<time>2022-09-07T15:43:37Z</time>
			</trkpt>
			<trkpt lat="59.95034915374212" lon="30.39357108174805">
				<ele>0.7117708260193467</ele>
				<time>2022-09-07T15:43:39Z</time>
			</trkpt>
			<trkpt lat="59.95033505223131" lon="30.393546668730757">
				<ele>2.5440372796729207</ele>
				<time>2022-09-07T15:43:40Z</time>
			</trkpt>
			<trkpt lat="59.95032730257504" lon="30.3935132573956">
				<ele>0.753448000177741</ele>
				<time>2022-09-07T15:43:43Z</time>
			</trkpt>
			<trkpt lat="59.95031772606494" lon="30.39346874027078">
				<ele>-3.0097711933776736</ele>
				<time>2022-09-07T15:43:46Z</time>
			</trkpt>
			<trkpt lat="59.95030931308318" lon="30.393430231092015">
				<ele>-3.283616865053773</ele>
				<time>2022-09-07T15:43:48Z</time>
			</trkpt>
			<trkpt lat="59.950304106315194" lon="30.393395374854947">
				<ele>-3.6357343615964055</ele>
				<time>2022-09-07T15:43:50Z</time>
			</trkpt>
			<trkpt lat="59.950286092499894" lon="30.393358422906175">
				<ele>-1.1539441924542189</ele>
				<time>2022-09-07T15:43:52Z</time>
			</trkpt>
			<trkpt lat="59.950262909388705" lon="30.393326082248212">
				<ele>-0.35781927313655615</ele>
				<time>2022-09-07T15:43:55Z</time>
			</trkpt>
			<trkpt lat="59.95025108298183" lon="30.393267764845902">
				<ele>1.418422649614513</ele>
				<time>2022-09-07T15:43:57Z</time>
			</trkpt>
			<trkpt lat="59.950236082091045" lon="30.393236604860157">
				<ele>-2.1456336714327335</ele>
				<time>2022-09-07T15:44:01Z</time>
			</trkpt>
			<trkpt lat="59.95022303178484" lon="30.39316345550651">
				<ele>-0.9234249088913202</ele>
				<time>2022-09-07T15:44:05Z</time>
			</trkpt>
			<trkpt lat="59.950202185490184" lon="30.393088456114125">
				<ele>1.711033216677606</ele>
				<time>2022-09-07T15:44:07Z</time>
			</trkpt>
			<trkpt lat="59.950189444048966" lon="30.39302272576905">
				<ele>-1.3746058195829391</ele>
				<time>2022-09-07T15:44:09Z</time>
			</trkpt>
			<trkpt lat="59.950168820667876" lon="30.393021584888267">
				<ele>-3.511760630644858</ele>
				<time>2022-09-07T15:44:11Z</time>
			</trkpt>
			<trkpt lat="59.95014832965817" lon="30.39298473065356">
				<ele>-0.38974498491734266</ele>
				<time>2022-09-07T15:44:13Z</time>
			</trkpt>
			<trkpt lat="59.95013714323981" lon="30.39294568353829">
				<ele>-0.3489738153293729</ele>
				<time>2022-09-07T15:44:15Z</time>
			</trkpt>
			<trkpt lat="59.95011837275386" lon="30.392896709992346">
				<ele>2.7952862810343504</ele>
				<time>2022-09-07T15:44:18Z</time>
			</trkpt>
			<trkpt lat="59.95009884919841" lon="30.392871941933464">
				<ele>1.4649132369086146</ele>
				<time>2022-09-07T15:44:20Z</time>
			</trkpt>
			<trkpt lat="59.950082889871865" lon="30.392837489784856">
				<ele>0.18490711506456137</ele>
				<time>2022-09-07T15:44:22Z</time>
			</trkpt>
			<trkpt lat="59.95006970370779" lon="30.392794226011528">
				<ele>2.907857598736882</ele>
				<time>2022-09-07T15:44:24Z</time>
			</trkpt>
			<trkpt lat="59.95003737946599" lon="30.3927357609244">
				<ele>2.2468091743066907</ele>
				<time>2022-09-07T15:44:26Z</time>
			</trkpt>
			<trkpt lat="59.95000909120704" lon="30.392729892868402">
				<ele>1.872866541147232</ele>
				<time>2022-09-07T15:44:31Z</time>
			</trkpt>
			<trkpt lat="59.94997358586319" lon="30.392708664910064">
				<ele>1.867304265499115</ele>
				<time>2022-09-07T15:44:33Z</time>
			</trkpt>
			<trkpt lat="59.94994888834139" lon="30.392700193911963">
				<ele>1.4566785711795092</ele>
				<time>2022-09-07T15:44:35Z</time>
			</trkpt>
			<trkpt lat="59.94992189694351" lon="30.392679677966782">
				<ele>5.067679086700082</ele>
				<time>2022-09-07T15:44:39Z</time>
			</trkpt>
			<trkpt lat="59.94988650051549" lon="30.392659469559433">
				<ele>0.8555066268891096</ele>
				<time>2022-09-07T15:44:43Z</time>
			</trkpt>
			<trkpt lat="59.94986385479126" lon="30.392630299203034">
				<ele>2.0379431983456016</ele>
				<time>2022-09-07T15:44:44Z</time>
			</trkpt>
			<trkpt lat="59.949843236592685" lon="30.39261831266628">
				<ele>1.594331786967814</ele>
				<time>2022-09-07T15:44:45Z</time>
			</trkpt>
			<trkpt lat="59.94982397693505" lon="30.392600583977746">
				<ele>1.6516500040888786</ele>
				<time>2022-09-07T15:44:46Z</time>
			</trkpt>
			<trkpt lat="59.949804261039546" lon="30.392598394423956">
				<ele>2.7416762709617615</ele>
				<time>2022-09-07T15:44:47Z</time>
			</trkpt>
			<trkpt lat="59.94977083663056" lon="30.392603630050314">
				<ele>3.4914212161675096</ele>
				<time>2022-09-07T15:44:51Z</time>
			</trkpt>
			<trkpt lat="59.94975062039616" lon="30.392580684786854">
				<ele>5.781877322122455</ele>
				<time>2022-09-07T15:44:53Z</time>
			</trkpt>
			<trkpt lat="59.94972668597309" lon="30.392566767002673">
				<ele>3.84586139023304</ele>
				<time>2022-09-07T15:44:55Z</time>
			</trkpt>
			<trkpt lat="59.949706314932044" lon="30.39256906358685">
				<ele>3.8871391573920846</ele>
				<time>2022-09-07T15:44:56Z</time>
			</trkpt>
			<trkpt lat="59.94968494554888" lon="30.392566732321647">
				<ele>2.0151505395770073</ele>
				<time>2022-09-07T15:44:59Z</time>
			</trkpt>
			<trkpt lat="59.94965146158785" lon="30.39255898726936">
				<ele>1.4990792283788323</ele>
				<time>2022-09-07T15:45:02Z</time>
			</trkpt>
			<trkpt lat="59.949620934376725" lon="30.392567147897473">
				<ele>2.3449829360470176</ele>
				<time>2022-09-07T15:45:04Z</time>
			</trkpt>
			<trkpt lat="59.949603268827055" lon="30.392557014295928">
				<ele>2.7660413049161434</ele>
				<time>2022-09-07T15:45:06Z</time>
			</trkpt>
			<trkpt lat="59.949585460292774" lon="30.392561749999352">
				<ele>4.158575098030269</ele>
				<time>2022-09-07T15:45:08Z</time>
			</trkpt>
			<trkpt lat="59.949557909048664" lon="30.39255519719838">
				<ele>2.006042145192623</ele>
				<time>2022-09-07T15:45:12Z</time>
			</trkpt>
			<trkpt lat="59.94954110183412" lon="30.392585833427777">
				<ele>3.365293323993683</ele>
				<time>2022-09-07T15:45:14Z</time>
			</trkpt>
			<trkpt lat="59.949515562223894" lon="30.3925717701686">
				<ele>4.175020287744701</ele>
				<time>2022-09-07T15:45:16Z</time>
			</trkpt>
			<trkpt lat="59.949495373618205" lon="30.392557455367495">
				<ele>5.573062059469521</ele>
				<time>2022-09-07T15:45:17Z</time>
			</trkpt>
			<trkpt lat="59.94946345001327" lon="30.392553333764074">
				<ele>1.6489040460437536</ele>
				<time>2022-09-07T15:45:21Z</time>
			</trkpt>
			<trkpt lat="59.94944089136173" lon="30.392546226550905">
				<ele>4.488977441564202</ele>
				<time>2022-09-07T15:45:23Z</time>
			</trkpt>
			<trkpt lat="59.949405441189" lon="30.392546325712484">
				<ele>5.957819700241089</ele>
				<time>2022-09-07T15:45:25Z</time>
			</trkpt>
			<trkpt lat="59.94936917565702" lon="30.39251544700256">
				<ele>7.865224388428032</ele>
				<time>2022-09-07T15:45:27Z</time>
			</trkpt>
			<trkpt lat="59.949350459482126" lon="30.392527079092716">
				<ele>5.62875010073185</ele>
				<time>2022-09-07T15:45:30Z</time>
			</trkpt>
			<trkpt lat="59.949324997293665" lon="30.392530568474026">
				<ele>2.3974637370556593</ele>
				<time>2022-09-07T15:45:32Z</time>
			</trkpt>
			<trkpt lat="59.94929855884797" lon="30.392535498659445">
				<ele>5.075337813235819</ele>
				<time>2022-09-07T15:45:34Z</time>
			</trkpt>
			<trkpt lat="59.94927183715169" lon="30.39253199381818">
				<ele>4.855427443981171</ele>
				<time>2022-09-07T15:45:36Z</time>
			</trkpt>
			<trkpt lat="59.9492345033069" lon="30.392526995949307">
				<ele>5.8878898452967405</ele>
				<time>2022-09-07T15:45:39Z</time>
			</trkpt>
			<trkpt lat="59.94921595134239" lon="30.39253599411796">
				<ele>5.651936014182866</ele>
				<time>2022-09-07T15:45:40Z</time>
			</trkpt>
			<trkpt lat="59.94919504669598" lon="30.392558120238718">
				<ele>5.095148704946041</ele>
				<time>2022-09-07T15:45:41Z</time>
			</trkpt>
			<trkpt lat="59.949168357259495" lon="30.39253477303303">
				<ele>9.774910525418818</ele>
				<time>2022-09-07T15:45:43Z</time>
			</trkpt>
			<trkpt lat="59.949137431025754" lon="30.392520700319157">
				<ele>9.852590535767376</ele>
				<time>2022-09-07T15:45:45Z</time>
			</trkpt>
			<trkpt lat="59.94911234492706" lon="30.392489209607724">
				<ele>12.545068871229887</ele>
				<time>2022-09-07T15:45:48Z</time>
			</trkpt>
			<trkpt lat="59.949090000606404" lon="30.392492260360143">
				<ele>10.018826480954885</ele>
				<time>2022-09-07T15:45:51Z</time>
			</trkpt>
			<trkpt lat="59.9490482705434" lon="30.3924576130783">
				<ele>12.586416088044643</ele>
				<time>2022-09-07T15:45:54Z</time>
			</trkpt>
			<trkpt lat="59.949069339116626" lon="30.392445327153386">
				<ele>10.798824972473085</ele>
				<time>2022-09-07T15:45:57Z</time>
			</trkpt>
			<trkpt lat="59.949067431863" lon="30.392513439578845">
				<ele>9.844166641123593</ele>
				<time>2022-09-07T15:46:00Z</time>
			</trkpt>
			<trkpt lat="59.94905245525158" lon="30.392539617640576">
				<ele>9.546638673171401</ele>
				<time>2022-09-07T15:46:03Z</time>
			</trkpt>
			<trkpt lat="59.94902826039897" lon="30.39257037492428">
				<ele>4.617528982460499</ele>
				<time>2022-09-07T15:46:07Z</time>
			</trkpt>
			<trkpt lat="59.94900537340305" lon="30.39256453411424">
				<ele>5.242629073560238</ele>
				<time>2022-09-07T15:46:09Z</time>
			</trkpt>
			<trkpt lat="59.94897422778724" lon="30.392582720918803">
				<ele>3.3989052958786488</ele>
				<time>2022-09-07T15:46:12Z</time>
			</trkpt>
			<trkpt lat="59.94894783160983" lon="30.392576754703903">
				<ele>5.308774709701538</ele>
				<time>2022-09-07T15:46:15Z</time>
			</trkpt>
			<trkpt lat="59.94892455906988" lon="30.39259430753682">
				<ele>6.472101506777108</ele>
				<time>2022-09-07T15:46:17Z</time>
			</trkpt>
			<trkpt lat="59.94890151335251" lon="30.392596338257242">
				<ele>3.5595770478248596</ele>
				<time>2022-09-07T15:46:20Z</time>
			</trkpt>
			<trkpt lat="59.94887923362685" lon="30.392602990305434">
				<ele>5.0282674711197615</ele>
				<time>2022-09-07T15:46:22Z</time>
			</trkpt>
			<trkpt lat="59.94885852305297" lon="30.39259600324228">
				<ele>4.318979151546955</ele>
				<time>2022-09-07T15:46:26Z</time>
			</trkpt>
			<trkpt lat="59.948832389273456" lon="30.39258486686378">
				<ele>5.1310436790809035</ele>
				<time>2022-09-07T15:46:29Z</time>
			</trkpt>
			<trkpt lat="59.94881557557807" lon="30.39261627579279">
				<ele>8.654479004442692</ele>
				<time>2022-09-07T15:46:34Z</time>
			</trkpt>
			<trkpt lat="59.94883611701725" lon="30.392611123181844">
				<ele>7.486046412028372</ele>
				<time>2022-09-07T15:46:42Z</time>
			</trkpt>
			<trkpt lat="59.948832958894016" lon="30.392651481897893">
				<ele>7.803724644705653</ele>
				<time>2022-09-07T15:46:48Z</time>
			</trkpt>
			<trkpt lat="59.94880420632046" lon="30.39265754787956">
				<ele>5.779819540679455</ele>
				<time>2022-09-07T15:46:57Z</time>
			</trkpt>
			<trkpt lat="59.94879600978991" lon="30.392619546256174">
				<ele>5.5739636002108455</ele>
				<time>2022-09-07T15:46:59Z</time>
			</trkpt>
			<trkpt lat="59.94877532085517" lon="30.39260592440949">
				<ele>4.6250852439552546</ele>
				<time>2022-09-07T15:47:01Z</time>
			</trkpt>
			<trkpt lat="59.94875716598402" lon="30.392600187010267">
				<ele>4.824485821649432</ele>
				<time>2022-09-07T15:47:03Z</time>
			</trkpt>
			<trkpt lat="59.948726541670155" lon="30.392587675990924">
				<ele>3.9043402848765254</ele>
				<time>2022-09-07T15:47:06Z</time>
			</trkpt>
			<trkpt lat="59.948700004818946" lon="30.392589137300277">
				<ele>3.3960703685879707</ele>
				<time>2022-09-07T15:47:08Z</time>
			</trkpt>
			<trkpt lat="59.94866967715928" lon="30.39258308239878">
				<ele>3.680235452018678</ele>
				<time>2022-09-07T15:47:11Z</time>
			</trkpt>
			<trkpt lat="59.94865719989107" lon="30.392548262248265">
				<ele>3.2092367615550756</ele>
				<time>2022-09-07T15:47:13Z</time>
			</trkpt>
			<trkpt lat="59.94866479730364" lon="30.39249840125143">
				<ele>4.4233265072107315</ele>
				<time>2022-09-07T15:47:17Z</time>
			</trkpt>
			<trkpt lat="59.94869170257903" lon="30.392459317094115">
				<ele>4.630687107332051</ele>
				<time>2022-09-07T15:47:18Z</time>
			</trkpt>
			<trkpt lat="59.948692030812936" lon="30.39240828446809">
				<ele>7.432107025757432</ele>
				<time>2022-09-07T15:47:19Z</time>
			</trkpt>
			<trkpt lat="59.948669253230044" lon="30.39240884361728">
				<ele>0.8130540074780583</ele>
				<time>2022-09-07T15:47:20Z</time>
			</trkpt>
			<trkpt lat="59.948661437059044" lon="30.392351024978513">
				<ele>0.2780887568369508</ele>
				<time>2022-09-07T15:47:21Z</time>
			</trkpt>
			<trkpt lat="59.94868810621591" lon="30.392320023976453">
				<ele>1.0125228399410844</ele>
				<time>2022-09-07T15:47:23Z</time>
			</trkpt>
			<trkpt lat="59.94869702567159" lon="30.39228824447824">
				<ele>2.930139385163784</ele>
				<time>2022-09-07T15:47:24Z</time>
			</trkpt>
			<trkpt lat="59.94870458514315" lon="30.3922246895494">
				<ele>2.8175294138491154</ele>
				<time>2022-09-07T15:47:26Z</time>
			</trkpt>
			<trkpt lat="59.94869724130499" lon="30.39217014850605">
				<ele>2.9629804864525795</ele>
				<time>2022-09-07T15:47:28Z</time>
			</trkpt>
			<trkpt lat="59.948702107024005" lon="30.392134808958506">
				<ele>4.2463889848440886</ele>
				<time>2022-09-07T15:47:29Z</time>
			</trkpt>
			<trkpt lat="59.94869520844979" lon="30.39207522863718">
				<ele>5.3131692400202155</ele>
				<time>2022-09-07T15:47:31Z</time>
			</trkpt>
			<trkpt lat="59.94867306855045" lon="30.392046046938063">
				<ele>1.5509028919041157</ele>
				<time>2022-09-07T15:47:33Z</time>
			</trkpt>
			<trkpt lat="59.948648458681326" lon="30.392012359855645">
				<ele>0.7038458772003651</ele>
				<time>2022-09-07T15:47:37Z</time>
			</trkpt>
			<trkpt lat="59.948634134824964" lon="30.391987847280838">
				<ele>1.0354863982647657</ele>
				<time>2022-09-07T15:47:38Z</time>
			</trkpt>
			<trkpt lat="59.94861409204859" lon="30.391960096184867">
				<ele>0.8285406092181802</ele>
				<time>2022-09-07T15:47:40Z</time>
			</trkpt>
			<trkpt lat="59.9485907686003" lon="30.391941681832755">
				<ele>2.20058957580477</ele>
				<time>2022-09-07T15:47:42Z</time>
			</trkpt>
			<trkpt lat="59.94857031688294" lon="30.391889802219197">
				<ele>3.915756474249065</ele>
				<time>2022-09-07T15:47:44Z</time>
			</trkpt>
			<trkpt lat="59.9485595753371" lon="30.391844410005884">
				<ele>1.913397928699851</ele>
				<time>2022-09-07T15:47:47Z</time>
			</trkpt>
			<trkpt lat="59.9485552295403" lon="30.39180152414898">
				<ele>1.8863661605864763</ele>
				<time>2022-09-07T15:47:49Z</time>
			</trkpt>
			<trkpt lat="59.9485389771505" lon="30.391756448151046">
				<ele>3.332161824218929</ele>
				<time>2022-09-07T15:47:51Z</time>
			</trkpt>
			<trkpt lat="59.94852599581659" lon="30.391711080630333">
				<ele>2.8884394988417625</ele>
				<time>2022-09-07T15:47:53Z</time>
			</trkpt>
			<trkpt lat="59.94851783973744" lon="30.39166256443863">
				<ele>2.690615037456155</ele>
				<time>2022-09-07T15:47:55Z</time>
			</trkpt>
			<trkpt lat="59.94850243286397" lon="30.3916349814661">
				<ele>3.707454673945904</ele>
				<time>2022-09-07T15:47:57Z</time>
			</trkpt>
			<trkpt lat="59.94848835591772" lon="30.39160029280116">
				<ele>2.4094371432438493</ele>
				<time>2022-09-07T15:47:59Z</time>
			</trkpt>
			<trkpt lat="59.94847388666238" lon="30.391541488290933">
				<ele>2.9806192768737674</ele>
				<time>2022-09-07T15:48:02Z</time>
			</trkpt>
			<trkpt lat="59.94846221222584" lon="30.39150685112831">
				<ele>4.426557007245719</ele>
				<time>2022-09-07T15:48:04Z</time>
			</trkpt>
			<trkpt lat="59.94844325460788" lon="30.391468595868844">
				<ele>4.667921339161694</ele>
				<time>2022-09-07T15:48:06Z</time>
			</trkpt>
			<trkpt lat="59.94842902070855" lon="30.39143415531989">
				<ele>5.047987242229283</ele>
				<time>2022-09-07T15:48:08Z</time>
			</trkpt>
			<trkpt lat="59.94841717897668" lon="30.39138757184984">
				<ele>3.499226687476039</ele>
				<time>2022-09-07T15:48:14Z</time>
			</trkpt>
			<trkpt lat="59.94841581674567" lon="30.39134112836585">
				<ele>3.7423335295170546</ele>
				<time>2022-09-07T15:48:16Z</time>
			</trkpt>
			<trkpt lat="59.94841987378561" lon="30.391288445815803">
				<ele>4.048960253596306</ele>
				<time>2022-09-07T15:48:18Z</time>
			</trkpt>
			<trkpt lat="59.94842578411225" lon="30.391243186247177">
				<ele>4.945591150783002</ele>
				<time>2022-09-07T15:48:20Z</time>
			</trkpt>
			<trkpt lat="59.94842413279631" lon="30.391201983008102">
				<ele>3.4939400404691696</ele>
				<time>2022-09-07T15:48:22Z</time>
			</trkpt>
			<trkpt lat="59.94841226984882" lon="30.391147468252264">
				<ele>2.1965964240953326</ele>
				<time>2022-09-07T15:48:26Z</time>
			</trkpt>
			<trkpt lat="59.94840637619467" lon="30.3911095386944">
				<ele>2.0773376217111945</ele>
				<time>2022-09-07T15:48:28Z</time>
			</trkpt>
			<trkpt lat="59.9484158309644" lon="30.39107763909615">
				<ele>5.837230710312724</ele>
				<time>2022-09-07T15:48:29Z</time>
			</trkpt>
			<trkpt lat="59.94843933727324" lon="30.39107322802287">
				<ele>6.135389597155154</ele>
				<time>2022-09-07T15:48:30Z</time>
			</trkpt>
			<trkpt lat="59.94846290662738" lon="30.391091474745902">
				<ele>5.277576251886785</ele>
				<time>2022-09-07T15:48:31Z</time>
			</trkpt>
			<trkpt lat="59.94848366223751" lon="30.391087015859934">
				<ele>7.034271043725312</ele>
				<time>2022-09-07T15:48:32Z</time>
			</trkpt>
			<trkpt lat="59.94845406652403" lon="30.391090017895966">
				<ele>2.8083412097766995</ele>
				<time>2022-09-07T15:48:38Z</time>
			</trkpt>
			<trkpt lat="59.94843492532025" lon="30.391059164772077">
				<ele>2.821826070547104</ele>
				<time>2022-09-07T15:48:40Z</time>
			</trkpt>
			<trkpt lat="59.94841571959135" lon="30.391034927639197">
				<ele>4.360253058373928</ele>
				<time>2022-09-07T15:48:42Z</time>
			</trkpt>
			<trkpt lat="59.94839533710919" lon="30.391043909850374">
				<ele>3.5431790817528963</ele>
				<time>2022-09-07T15:48:43Z</time>
			</trkpt>
			<trkpt lat="59.948373638626364" lon="30.391050715050543">
				<ele>4.416328937746584</ele>
				<time>2022-09-07T15:48:45Z</time>
			</trkpt>
			<trkpt lat="59.94835631585329" lon="30.391070836002584">
				<ele>4.598947715945542</ele>
				<time>2022-09-07T15:48:47Z</time>
			</trkpt>
			<trkpt lat="59.948339823226135" lon="30.391107017261817">
				<ele>5.823278911411762</ele>
				<time>2022-09-07T15:48:50Z</time>
			</trkpt>
			<trkpt lat="59.94831862090907" lon="30.39115015556599">
				<ele>3.094647280871868</ele>
				<time>2022-09-07T15:48:52Z</time>
			</trkpt>
			<trkpt lat="59.94831180837773" lon="30.391189923884337">
				<ele>5.006059603765607</ele>
				<time>2022-09-07T15:48:54Z</time>
			</trkpt>
			<trkpt lat="59.94829901602036" lon="30.391230444916964">
				<ele>4.8737920029088855</ele>
				<time>2022-09-07T15:48:56Z</time>
			</trkpt>
			<trkpt lat="59.94828477488479" lon="30.391270094341678">
				<ele>5.371692216023803</ele>
				<time>2022-09-07T15:48:58Z</time>
			</trkpt>
			<trkpt lat="59.948267196916134" lon="30.391290662330064">
				<ele>4.758945964276791</ele>
				<time>2022-09-07T15:49:00Z</time>
			</trkpt>
			<trkpt lat="59.94824882301345" lon="30.391318817198954">
				<ele>5.858758294954896</ele>
				<time>2022-09-07T15:49:05Z</time>
			</trkpt>
			<trkpt lat="59.94823711323229" lon="30.39135486247371">
				<ele>5.978192277252674</ele>
				<time>2022-09-07T15:49:06Z</time>
			</trkpt>
			<trkpt lat="59.94823087171028" lon="30.391393843383995">
				<ele>5.646017434075475</ele>
				<time>2022-09-07T15:49:08Z</time>
			</trkpt>
			<trkpt lat="59.94822274294632" lon="30.391441368106754">
				<ele>5.629819166846573</ele>
				<time>2022-09-07T15:49:10Z</time>
			</trkpt>
			<trkpt lat="59.948212575411695" lon="30.39148845967342">
				<ele>7.038802309893072</ele>
				<time>2022-09-07T15:49:13Z</time>
			</trkpt>
			<trkpt lat="59.948203718962276" lon="30.391520223022">
				<ele>7.635046249255538</ele>
				<time>2022-09-07T15:49:15Z</time>
			</trkpt>
			<trkpt lat="59.94820217768001" lon="30.39148428967767">
				<ele>6.149709853343666</ele>
				<time>2022-09-07T15:49:19Z</time>
			</trkpt>
			<trkpt lat="59.948208912860885" lon="30.39143202519722">
				<ele>4.798823919147253</ele>
				<time>2022-09-07T15:49:21Z</time>
			</trkpt>
			<trkpt lat="59.948217317813345" lon="30.391381151892656">
				<ele>4.667010709643364</ele>
				<time>2022-09-07T15:49:23Z</time>
			</trkpt>
			<trkpt lat="59.94823185551781" lon="30.39133135197055">
				<ele>5.1028838800266385</ele>
				<time>2022-09-07T15:49:25Z</time>
			</trkpt>
			<trkpt lat="59.948245188890844" lon="30.391293109420715">
				<ele>4.217939582653344</ele>
				<time>2022-09-07T15:49:27Z</time>
			</trkpt>
			<trkpt lat="59.94826482442167" lon="30.39123463097985">
				<ele>4.943120293319225</ele>
				<time>2022-09-07T15:49:29Z</time>
			</trkpt>
			<trkpt lat="59.94826212008359" lon="30.391193262463396">
				<ele>5.441042739897966</ele>
				<time>2022-09-07T15:49:31Z</time>
			</trkpt>
			<trkpt lat="59.94825111272516" lon="30.391116137290542">
				<ele>2.808812014758587</ele>
				<time>2022-09-07T15:49:33Z</time>
			</trkpt>
			<trkpt lat="59.948266301388244" lon="30.391043659509382">
				<ele>3.7738675205037</ele>
				<time>2022-09-07T15:49:35Z</time>
			</trkpt>
			<trkpt lat="59.94828495085928" lon="30.39099806475432">
				<ele>1.8628735328093171</ele>
				<time>2022-09-07T15:49:37Z</time>
			</trkpt>
			<trkpt lat="59.94829936286884" lon="30.390974144121067">
				<ele>-0.22625709977000952</ele>
				<time>2022-09-07T15:49:40Z</time>
			</trkpt>
			<trkpt lat="59.9483207397921" lon="30.390967674879118">
				<ele>-0.37589229363948107</ele>
				<time>2022-09-07T15:49:41Z</time>
			</trkpt>
			<trkpt lat="59.94834031397788" lon="30.39093657371716">
				<ele>0.37539882119745016</ele>
				<time>2022-09-07T15:49:42Z</time>
			</trkpt>
			<trkpt lat="59.9483463431268" lon="30.390890404921027">
				<ele>0.8219671463593841</ele>
				<time>2022-09-07T15:49:43Z</time>
			</trkpt>
			<trkpt lat="59.94835111274474" lon="30.39082760848856">
				<ele>2.3089759899303317</ele>
				<time>2022-09-07T15:49:45Z</time>
			</trkpt>
			<trkpt lat="59.948333828344495" lon="30.39078920400569">
				<ele>1.2250449480488896</ele>
				<time>2022-09-07T15:49:47Z</time>
			</trkpt>
			<trkpt lat="59.94832179313525" lon="30.390748216132984">
				<ele>1.663317364640534</ele>
				<time>2022-09-07T15:49:49Z</time>
			</trkpt>
			<trkpt lat="59.948301042231584" lon="30.39070933066085">
				<ele>3.8149927835911512</ele>
				<time>2022-09-07T15:49:51Z</time>
			</trkpt>
			<trkpt lat="59.94827717612228" lon="30.39069401061368">
				<ele>3.6188727859407663</ele>
				<time>2022-09-07T15:49:53Z</time>
			</trkpt>
			<trkpt lat="59.94826406798766" lon="30.390660473045532">
				<ele>1.9750464847311378</ele>
				<time>2022-09-07T15:49:55Z</time>
			</trkpt>
			<trkpt lat="59.948235369023074" lon="30.39065581462285">
				<ele>2.9896504459902644</ele>
				<time>2022-09-07T15:49:57Z</time>
			</trkpt>
			<trkpt lat="59.9482068144063" lon="30.390665082006482">
				<ele>1.6352218631654978</ele>
				<time>2022-09-07T15:50:00Z</time>
			</trkpt>
			<trkpt lat="59.94817154767974" lon="30.39067411525124">
				<ele>1.8850459568202496</ele>
				<time>2022-09-07T15:50:02Z</time>
			</trkpt>
			<trkpt lat="59.948153326073175" lon="30.390676016530055">
				<ele>1.9170824075117707</ele>
				<time>2022-09-07T15:50:03Z</time>
			</trkpt>
			<trkpt lat="59.94812672446436" lon="30.39068341987535">
				<ele>1.5441102841868997</ele>
				<time>2022-09-07T15:50:05Z</time>
			</trkpt>
			<trkpt lat="59.948105697756446" lon="30.39067709337294">
				<ele>2.643743778578937</ele>
				<time>2022-09-07T15:50:06Z</time>
			</trkpt>
			<trkpt lat="59.948085095553964" lon="30.390666698395687">
				<ele>4.424124138429761</ele>
				<time>2022-09-07T15:50:08Z</time>
			</trkpt>
			<trkpt lat="59.94805192775784" lon="30.390662570114824">
				<ele>5.243855527602136</ele>
				<time>2022-09-07T15:50:10Z</time>
			</trkpt>
			<trkpt lat="59.94802037143868" lon="30.390668612799534">
				<ele>5.948972411453724</ele>
				<time>2022-09-07T15:50:12Z</time>
			</trkpt>
			<trkpt lat="59.94798498518766" lon="30.390664562061076">
				<ele>6.688277170062065</ele>
				<time>2022-09-07T15:50:15Z</time>
			</trkpt>
			<trkpt lat="59.94796222229765" lon="30.390668010965896">
				<ele>7.622558488510549</ele>
				<time>2022-09-07T15:50:17Z</time>
			</trkpt>
			<trkpt lat="59.94794470397766" lon="30.39065812404939">
				<ele>7.30897303391248</ele>
				<time>2022-09-07T15:50:20Z</time>
			</trkpt>
			<trkpt lat="59.94792197168004" lon="30.390647054534256">
				<ele>6.109736937098205</ele>
				<time>2022-09-07T15:50:22Z</time>
			</trkpt>
			<trkpt lat="59.94790272075068" lon="30.390658452674117">
				<ele>5.544857982546091</ele>
				<time>2022-09-07T15:50:24Z</time>
			</trkpt>
			<trkpt lat="59.947876809527244" lon="30.39067472315798">
				<ele>5.852284708991647</ele>
				<time>2022-09-07T15:50:25Z</time>
			</trkpt>
			<trkpt lat="59.947853908413535" lon="30.390680376028">
				<ele>4.239844388328493</ele>
				<time>2022-09-07T15:50:27Z</time>
			</trkpt>
			<trkpt lat="59.947827626270104" lon="30.390683487358025">
				<ele>6.773048819974065</ele>
				<time>2022-09-07T15:50:29Z</time>
			</trkpt>
			<trkpt lat="59.947805781491404" lon="30.390708641174648">
				<ele>6.084375210106373</ele>
				<time>2022-09-07T15:50:31Z</time>
			</trkpt>
			<trkpt lat="59.94778301194535" lon="30.39070511067424">
				<ele>6.163831057958305</ele>
				<time>2022-09-07T15:50:33Z</time>
			</trkpt>
			<trkpt lat="59.947760687895936" lon="30.39070802799171">
				<ele>7.064000955782831</ele>
				<time>2022-09-07T15:50:34Z</time>
			</trkpt>
			<trkpt lat="59.94773888038732" lon="30.390721805861432">
				<ele>6.923818035982549</ele>
				<time>2022-09-07T15:50:36Z</time>
			</trkpt>
			<trkpt lat="59.94771895366711" lon="30.390696533589583">
				<ele>6.941646894440055</ele>
				<time>2022-09-07T15:50:37Z</time>
			</trkpt>
			<trkpt lat="59.947706574030455" lon="30.390729573402872">
				<ele>1.4545084722340107</ele>
				<time>2022-09-07T15:50:39Z</time>
			</trkpt>
			<trkpt lat="59.94768613290656" lon="30.390741830224155">
				<ele>1.146096482872963</ele>
				<time>2022-09-07T15:50:42Z</time>
			</trkpt>
			<trkpt lat="59.947666234556344" lon="30.39074158488956">
				<ele>1.8974171187728643</ele>
				<time>2022-09-07T15:50:44Z</time>
			</trkpt>
			<trkpt lat="59.947641087299914" lon="30.39072388398085">
				<ele>4.583798050880432</ele>
				<time>2022-09-07T15:50:45Z</time>
			</trkpt>
			<trkpt lat="59.947620178644364" lon="30.39072364003802">
				<ele>3.6356232101097703</ele>
				<time>2022-09-07T15:50:47Z</time>
			</trkpt>
			<trkpt lat="59.9476022595428" lon="30.390711185093153">
				<ele>3.590212184935808</ele>
				<time>2022-09-07T15:50:48Z</time>
			</trkpt>
			<trkpt lat="59.94757643796433" lon="30.3906989640381">
				<ele>3.7176940087229013</ele>
				<time>2022-09-07T15:50:50Z</time>
			</trkpt>
			<trkpt lat="59.947555702843644" lon="30.3906907073853">
				<ele>3.8116328585892916</ele>
				<time>2022-09-07T15:50:51Z</time>
			</trkpt>
			<trkpt lat="59.94752992461439" lon="30.390682644413612">
				<ele>1.273525508120656</ele>
				<time>2022-09-07T15:50:54Z</time>
			</trkpt>
			<trkpt lat="59.94750463830093" lon="30.39068318046452">
				<ele>-0.04127153195440769</ele>
				<time>2022-09-07T15:50:57Z</time>
			</trkpt>
			<trkpt lat="59.94746758546565" lon="30.39066468728443">
				<ele>1.7157924631610513</ele>
				<time>2022-09-07T15:51:00Z</time>
			</trkpt>
			<trkpt lat="59.9474412973343" lon="30.390656641928086">
				<ele>2.257560009136796</ele>
				<time>2022-09-07T15:51:02Z</time>
			</trkpt>
			<trkpt lat="59.94741588061064" lon="30.390635248457322">
				<ele>6.08350355643779</ele>
				<time>2022-09-07T15:51:07Z</time>
			</trkpt>
			<trkpt lat="59.94739944876031" lon="30.390649884942537">
				<ele>6.2340758219361305</ele>
				<time>2022-09-07T15:51:09Z</time>
			</trkpt>
			<trkpt lat="59.947371388813835" lon="30.39064348585258">
				<ele>7.1517477836459875</ele>
				<time>2022-09-07T15:51:11Z</time>
			</trkpt>
			<trkpt lat="59.9473514000844" lon="30.390658512057158">
				<ele>7.078551755286753</ele>
				<time>2022-09-07T15:51:14Z</time>
			</trkpt>
			<trkpt lat="59.94733196776654" lon="30.390656404486524">
				<ele>6.97378308698535</ele>
				<time>2022-09-07T15:51:16Z</time>
			</trkpt>
			<trkpt lat="59.94731398707293" lon="30.39066810031434">
				<ele>7.186473804526031</ele>
				<time>2022-09-07T15:51:18Z</time>
			</trkpt>
			<trkpt lat="59.94729441633641" lon="30.39067073924814">
				<ele>7.412531230598688</ele>
				<time>2022-09-07T15:51:20Z</time>
			</trkpt>
			<trkpt lat="59.94727317553857" lon="30.390674064169215">
				<ele>7.56299636606127</ele>
				<time>2022-09-07T15:51:22Z</time>
			</trkpt>
			<trkpt lat="59.947250555887386" lon="30.39068123281967">
				<ele>7.6187231643125415</ele>
				<time>2022-09-07T15:51:24Z</time>
			</trkpt>
			<trkpt lat="59.94722094528361" lon="30.3906849982182">
				<ele>8.53478857409209</ele>
				<time>2022-09-07T15:51:27Z</time>
			</trkpt>
			<trkpt lat="59.947195372192134" lon="30.39068685324062">
				<ele>8.699401165358722</ele>
				<time>2022-09-07T15:51:29Z</time>
			</trkpt>
			<trkpt lat="59.94717529665386" lon="30.390678565585485">
				<ele>8.266263336874545</ele>
				<time>2022-09-07T15:51:31Z</time>
			</trkpt>
			<trkpt lat="59.94715067467352" lon="30.390657831479256">
				<ele>8.231900352053344</ele>
				<time>2022-09-07T15:51:34Z</time>
			</trkpt>
			<trkpt lat="59.947122835898796" lon="30.39065205654426">
				<ele>8.481459876522422</ele>
				<time>2022-09-07T15:51:38Z</time>
			</trkpt>
			<trkpt lat="59.94710227698011" lon="30.390628479670553">
				<ele>8.591543886810541</ele>
				<time>2022-09-07T15:51:40Z</time>
			</trkpt>
			<trkpt lat="59.9470799023998" lon="30.39061503283543">
				<ele>9.732101480476558</ele>
				<time>2022-09-07T15:51:42Z</time>
			</trkpt>
			<trkpt lat="59.94704769571199" lon="30.390580366617847">
				<ele>7.964261744171381</ele>
				<time>2022-09-07T15:51:45Z</time>
			</trkpt>
			<trkpt lat="59.9470202642666" lon="30.39058174885224">
				<ele>6.516074454411864</ele>
				<time>2022-09-07T15:51:46Z</time>
			</trkpt>
			<trkpt lat="59.94699913866444" lon="30.39058063174691">
				<ele>6.743517256341875</ele>
				<time>2022-09-07T15:51:47Z</time>
			</trkpt>
			<trkpt lat="59.94697460656621" lon="30.390531717071553">
				<ele>6.362237098626792</ele>
				<time>2022-09-07T15:51:49Z</time>
			</trkpt>
			<trkpt lat="59.94696510656478" lon="30.390468149038945">
				<ele>4.944707219488919</ele>
				<time>2022-09-07T15:51:51Z</time>
			</trkpt>
			<trkpt lat="59.94695740911895" lon="30.39043273802913">
				<ele>5.14092253241688</ele>
				<time>2022-09-07T15:51:52Z</time>
			</trkpt>
			<trkpt lat="59.94695848372156" lon="30.390369642006878">
				<ele>6.501532687805593</ele>
				<time>2022-09-07T15:51:54Z</time>
			</trkpt>
			<trkpt lat="59.946955849143336" lon="30.390327342624428">
				<ele>5.149675109423697</ele>
				<time>2022-09-07T15:51:56Z</time>
			</trkpt>
			<trkpt lat="59.946951299443626" lon="30.39026379846136">
				<ele>4.80071385204792</ele>
				<time>2022-09-07T15:51:58Z</time>
			</trkpt>
			<trkpt lat="59.94694869852116" lon="30.39021843314527">
				<ele>5.438635020516813</ele>
				<time>2022-09-07T15:52:00Z</time>
			</trkpt>
			<trkpt lat="59.9469441622065" lon="30.39016925437608">
				<ele>6.2600379548966885</ele>
				<time>2022-09-07T15:52:02Z</time>
			</trkpt>
			<trkpt lat="59.94694632323529" lon="30.3901310849745">
				<ele>5.649805882014334</ele>
				<time>2022-09-07T15:52:04Z</time>
			</trkpt>
			<trkpt lat="59.946946453442635" lon="30.390085721525736">
				<ele>4.882804238237441</ele>
				<time>2022-09-07T15:52:06Z</time>
			</trkpt>
			<trkpt lat="59.946944075542625" lon="30.390043328731632">
				<ele>6.315910401754081</ele>
				<time>2022-09-07T15:52:08Z</time>
			</trkpt>
			<trkpt lat="59.94693711413415" lon="30.38999099108309">
				<ele>6.181206926703453</ele>
				<time>2022-09-07T15:52:10Z</time>
			</trkpt>
			<trkpt lat="59.946928724495805" lon="30.389940886170418">
				<ele>7.729385646060109</ele>
				<time>2022-09-07T15:52:12Z</time>
			</trkpt>
			<trkpt lat="59.94693047554725" lon="30.389903104929168">
				<ele>6.88481579720974</ele>
				<time>2022-09-07T15:52:13Z</time>
			</trkpt>
			<trkpt lat="59.94693333666751" lon="30.389843404203663">
				<ele>4.7327572228387</ele>
				<time>2022-09-07T15:52:16Z</time>
			</trkpt>
			<trkpt lat="59.946936069999296" lon="30.389784539633535">
				<ele>4.9587860042229295</ele>
				<time>2022-09-07T15:52:18Z</time>
			</trkpt>
			<trkpt lat="59.94694041507946" lon="30.38972844952624">
				<ele>4.066075808368623</ele>
				<time>2022-09-07T15:52:20Z</time>
			</trkpt>
			<trkpt lat="59.946933986865915" lon="30.38966769542814">
				<ele>4.84927861019969</ele>
				<time>2022-09-07T15:52:23Z</time>
			</trkpt>
			<trkpt lat="59.9469441140058" lon="30.389611651782527">
				<ele>4.90449682623148</ele>
				<time>2022-09-07T15:52:25Z</time>
			</trkpt>
			<trkpt lat="59.94694471268257" lon="30.38956340776784">
				<ele>7.4087679628282785</ele>
				<time>2022-09-07T15:52:27Z</time>
			</trkpt>
			<trkpt lat="59.94694078727665" lon="30.38950451601371">
				<ele>2.1499315360561013</ele>
				<time>2022-09-07T15:52:30Z</time>
			</trkpt>
			<trkpt lat="59.94693430596997" lon="30.38944742893954">
				<ele>3.1810757806524634</ele>
				<time>2022-09-07T15:52:33Z</time>
			</trkpt>
			<trkpt lat="59.94693859219282" lon="30.389398786942245">
				<ele>3.4425449771806598</ele>
				<time>2022-09-07T15:52:35Z</time>
			</trkpt>
			<trkpt lat="59.94693981507256" lon="30.38934566682312">
				<ele>4.450497818179429</ele>
				<time>2022-09-07T15:52:37Z</time>
			</trkpt>
			<trkpt lat="59.94692912612882" lon="30.38930105144735">
				<ele>7.024110855534673</ele>
				<time>2022-09-07T15:52:39Z</time>
			</trkpt>
			<trkpt lat="59.94693257247347" lon="30.38926078208372">
				<ele>4.883996077813208</ele>
				<time>2022-09-07T15:52:41Z</time>
			</trkpt>
			<trkpt lat="59.946928958137164" lon="30.389223826956982">
				<ele>4.716512654908001</ele>
				<time>2022-09-07T15:52:43Z</time>
			</trkpt>
			<trkpt lat="59.946918689161876" lon="30.38917212271228">
				<ele>5.855280672200024</ele>
				<time>2022-09-07T15:52:45Z</time>
			</trkpt>
			<trkpt lat="59.94691604764487" lon="30.389120581037556">
				<ele>6.082088073715568</ele>
				<time>2022-09-07T15:52:47Z</time>
			</trkpt>
			<trkpt lat="59.94692176070634" lon="30.389079763652802">
				<ele>5.781809349544346</ele>
				<time>2022-09-07T15:52:49Z</time>
			</trkpt>
			<trkpt lat="59.946917955200384" lon="30.38902234025693">
				<ele>6.887434719130397</ele>
				<time>2022-09-07T15:52:51Z</time>
			</trkpt>
			<trkpt lat="59.946909933393925" lon="30.388978351359665">
				<ele>3.3588297720998526</ele>
				<time>2022-09-07T15:52:53Z</time>
			</trkpt>
			<trkpt lat="59.946922827556754" lon="30.388951450485436">
				<ele>5.145772268995643</ele>
				<time>2022-09-07T15:52:54Z</time>
			</trkpt>
			<trkpt lat="59.94692157840779" lon="30.3889097898841">
				<ele>3.515223021619022</ele>
				<time>2022-09-07T15:52:56Z</time>
			</trkpt>
			<trkpt lat="59.94691455581568" lon="30.388849128412673">
				<ele>3.4194560404866934</ele>
				<time>2022-09-07T15:52:58Z</time>
			</trkpt>
			<trkpt lat="59.94691324454681" lon="30.388803945900627">
				<ele>4.530669271945953</ele>
				<time>2022-09-07T15:52:59Z</time>
			</trkpt>
			<trkpt lat="59.946933854447884" lon="30.38880047631812">
				<ele>2.5201667798683047</ele>
				<time>2022-09-07T15:53:01Z</time>
			</trkpt>
			<trkpt lat="59.9469282398346" lon="30.388757637637273">
				<ele>2.2799606043845415</ele>
				<time>2022-09-07T15:53:02Z</time>
			</trkpt>
			<trkpt lat="59.946924346996475" lon="30.38870819307412">
				<ele>3.0060740346089005</ele>
				<time>2022-09-07T15:53:04Z</time>
			</trkpt>
			<trkpt lat="59.94691878042482" lon="30.388663557392615">
				<ele>6.152169636450708</ele>
				<time>2022-09-07T15:53:06Z</time>
			</trkpt>
			<trkpt lat="59.94693127704574" lon="30.388615388289093">
				<ele>5.1471943240612745</ele>
				<time>2022-09-07T15:53:08Z</time>
			</trkpt>
			<trkpt lat="59.94692755121951" lon="30.388568063782888">
				<ele>5.944152990356088</ele>
				<time>2022-09-07T15:53:10Z</time>
			</trkpt>
			<trkpt lat="59.94692823059154" lon="30.38852361212898">
				<ele>4.305657439865172</ele>
				<time>2022-09-07T15:53:12Z</time>
			</trkpt>
			<trkpt lat="59.946930170224654" lon="30.388484959811887">
				<ele>6.778005097992718</ele>
				<time>2022-09-07T15:53:14Z</time>
			</trkpt>
			<trkpt lat="59.94693583548717" lon="30.388439194338154">
				<ele>6.703542239032686</ele>
				<time>2022-09-07T15:53:16Z</time>
			</trkpt>
			<trkpt lat="59.94693803724183" lon="30.388396096186977">
				<ele>7.318540227599442</ele>
				<time>2022-09-07T15:53:18Z</time>
			</trkpt>
			<trkpt lat="59.946939066038894" lon="30.388340932849015">
				<ele>8.256824450567365</ele>
				<time>2022-09-07T15:53:21Z</time>
			</trkpt>
			<trkpt lat="59.94694319839259" lon="30.388298666417043">
				<ele>6.2237559938803315</ele>
				<time>2022-09-07T15:53:23Z</time>
			</trkpt>
			<trkpt lat="59.94694517374385" lon="30.38825732394799">
				<ele>6.653225073590875</ele>
				<time>2022-09-07T15:53:25Z</time>
			</trkpt>
			<trkpt lat="59.94694124691505" lon="30.38821310861626">
				<ele>5.911381585523486</ele>
				<time>2022-09-07T15:53:27Z</time>
			</trkpt>
			<trkpt lat="59.946952090915346" lon="30.388154898795126">
				<ele>4.148142879828811</ele>
				<time>2022-09-07T15:53:29Z</time>
			</trkpt>
			<trkpt lat="59.946946908774706" lon="30.388105007094595">
				<ele>7.3295504143461585</ele>
				<time>2022-09-07T15:53:31Z</time>
			</trkpt>
			<trkpt lat="59.94694490813289" lon="30.388065134826594">
				<ele>6.537213385105133</ele>
				<time>2022-09-07T15:53:33Z</time>
			</trkpt>
			<trkpt lat="59.946940350475494" lon="30.388010277255916">
				<ele>6.789470486342907</ele>
				<time>2022-09-07T15:53:35Z</time>
			</trkpt>
			<trkpt lat="59.94694119527812" lon="30.387950645093902">
				<ele>7.437647430226207</ele>
				<time>2022-09-07T15:53:37Z</time>
			</trkpt>
			<trkpt lat="59.94693739172178" lon="30.387903841510784">
				<ele>2.9060441059991717</ele>
				<time>2022-09-07T15:53:39Z</time>
			</trkpt>
			<trkpt lat="59.94694050037608" lon="30.387839521147598">
				<ele>3.3060671826824546</ele>
				<time>2022-09-07T15:53:42Z</time>
			</trkpt>
			<trkpt lat="59.946935899555534" lon="30.387802090526034">
				<ele>4.003218213096261</ele>
				<time>2022-09-07T15:53:44Z</time>
			</trkpt>
			<trkpt lat="59.946940418207646" lon="30.387747663747238">
				<ele>5.6981864823028445</ele>
				<time>2022-09-07T15:53:46Z</time>
			</trkpt>
			<trkpt lat="59.94691144872621" lon="30.387732317453363">
				<ele>7.977897899225354</ele>
				<time>2022-09-07T15:53:47Z</time>
			</trkpt>
			<trkpt lat="59.94691345808002" lon="30.38767912176529">
				<ele>7.58850940130651</ele>
				<time>2022-09-07T15:53:49Z</time>
			</trkpt>
			<trkpt lat="59.946923251915564" lon="30.387632814934587">
				<ele>7.235905333422124</ele>
				<time>2022-09-07T15:53:51Z</time>
			</trkpt>
			<trkpt lat="59.94691714515143" lon="30.387578460897483">
				<ele>9.860892001539469</ele>
				<time>2022-09-07T15:53:54Z</time>
			</trkpt>
			<trkpt lat="59.94692030653642" lon="30.387541591448056">
				<ele>6.773674487136304</ele>
				<time>2022-09-07T15:53:56Z</time>
			</trkpt>
			<trkpt lat="59.94692167196179" lon="30.387488304651896">
				<ele>5.614937079139054</ele>
				<time>2022-09-07T15:53:58Z</time>
			</trkpt>
			<trkpt lat="59.94691888656648" lon="30.387433654306573">
				<ele>7.5984745332971215</ele>
				<time>2022-09-07T15:54:00Z</time>
			</trkpt>
			<trkpt lat="59.94692000894083" lon="30.38739119394029">
				<ele>6.602538712322712</ele>
				<time>2022-09-07T15:54:02Z</time>
			</trkpt>
			<trkpt lat="59.946929450289744" lon="30.387339863471812">
				<ele>8.505845377221704</ele>
				<time>2022-09-07T15:54:05Z</time>
			</trkpt>
			<trkpt lat="59.94692799643156" lon="30.38730339746658">
				<ele>11.568856046535075</ele>
				<time>2022-09-07T15:54:07Z</time>
			</trkpt>
			<trkpt lat="59.946943860558584" lon="30.387260359421525">
				<ele>8.606545912101865</ele>
				<time>2022-09-07T15:54:09Z</time>
			</trkpt>
			<trkpt lat="59.94694811127245" lon="30.38722220948238">
				<ele>7.403298423625529</ele>
				<time>2022-09-07T15:54:11Z</time>
			</trkpt>
			<trkpt lat="59.94694299197487" lon="30.38718351841933">
				<ele>5.748462951742113</ele>
				<time>2022-09-07T15:54:13Z</time>
			</trkpt>
			<trkpt lat="59.946941856167356" lon="30.387135756827377">
				<ele>8.919590945355594</ele>
				<time>2022-09-07T15:54:15Z</time>
			</trkpt>
			<trkpt lat="59.946937136199736" lon="30.387090390072245">
				<ele>8.460107451304793</ele>
				<time>2022-09-07T15:54:16Z</time>
			</trkpt>
			<trkpt lat="59.94692626372971" lon="30.38704279533742">
				<ele>8.514517867006361</ele>
				<time>2022-09-07T15:54:19Z</time>
			</trkpt>
			<trkpt lat="59.94689613229664" lon="30.387038274392488">
				<ele>13.159913429059088</ele>
				<time>2022-09-07T15:54:20Z</time>
			</trkpt>
			<trkpt lat="59.94690012771536" lon="30.386991261445868">
				<ele>15.164937995374203</ele>
				<time>2022-09-07T15:54:22Z</time>
			</trkpt>
			<trkpt lat="59.94689941803514" lon="30.38693619465491">
				<ele>14.186038357205689</ele>
				<time>2022-09-07T15:54:24Z</time>
			</trkpt>
			<trkpt lat="59.946863507336076" lon="30.386936214480034">
				<ele>16.84061203710735</ele>
				<time>2022-09-07T15:54:25Z</time>
			</trkpt>
			<trkpt lat="59.946862815483655" lon="30.38688732621272">
				<ele>18.238765818998218</ele>
				<time>2022-09-07T15:54:27Z</time>
			</trkpt>
			<trkpt lat="59.94684141793741" lon="30.386850043945664">
				<ele>19.365029152482748</ele>
				<time>2022-09-07T15:54:29Z</time>
			</trkpt>
			<trkpt lat="59.94682725462463" lon="30.38680670594327">
				<ele>21.44593757018447</ele>
				<time>2022-09-07T15:54:31Z</time>
			</trkpt>
			<trkpt lat="59.94683225279054" lon="30.386751555826734">
				<ele>21.49598968308419</ele>
				<time>2022-09-07T15:54:33Z</time>
			</trkpt>
			<trkpt lat="59.94683377101518" lon="30.386713900253298">
				<ele>21.716577420011163</ele>
				<time>2022-09-07T15:54:35Z</time>
			</trkpt>
			<trkpt lat="59.94684361902264" lon="30.3866750508774">
				<ele>22.938487032428384</ele>
				<time>2022-09-07T15:54:37Z</time>
			</trkpt>
			<trkpt lat="59.946848115458515" lon="30.38659583560445">
				<ele>25.498508068732917</ele>
				<time>2022-09-07T15:54:39Z</time>
			</trkpt>
			<trkpt lat="59.94687321448956" lon="30.386538496964608">
				<ele>24.62102277390659</ele>
				<time>2022-09-07T15:54:43Z</time>
			</trkpt>
			<trkpt lat="59.94687477881121" lon="30.386498071578625">
				<ele>24.800497265532613</ele>
				<time>2022-09-07T15:54:44Z</time>
			</trkpt>
			<trkpt lat="59.946898651569285" lon="30.386465547692033">
				<ele>24.002873085439205</ele>
				<time>2022-09-07T15:54:45Z</time>
			</trkpt>
			<trkpt lat="59.946904874942206" lon="30.386423278573865">
				<ele>16.929184881970286</ele>
				<time>2022-09-07T15:54:47Z</time>
			</trkpt>
			<trkpt lat="59.94687749129803" lon="30.386393504049916">
				<ele>18.03391975723207</ele>
				<time>2022-09-07T15:54:49Z</time>
			</trkpt>
			<trkpt lat="59.94686519256608" lon="30.386354641424145">
				<ele>17.05228542443365</ele>
				<time>2022-09-07T15:54:51Z</time>
			</trkpt>
			<trkpt lat="59.9468354871136" lon="30.386325184820333">
				<ele>19.23348791897297</ele>
				<time>2022-09-07T15:54:52Z</time>
			</trkpt>
			<trkpt lat="59.94684202043964" lon="30.386276404492587">
				<ele>18.83643341064453</ele>
				<time>2022-09-07T15:54:54Z</time>
			</trkpt>
			<trkpt lat="59.946861390031486" lon="30.38623614626472">
				<ele>14.850595401600003</ele>
				<time>2022-09-07T15:54:56Z</time>
			</trkpt>
			<trkpt lat="59.946877078021494" lon="30.386209264503083">
				<ele>12.998461938463151</ele>
				<time>2022-09-07T15:54:58Z</time>
			</trkpt>
			<trkpt lat="59.946866376837995" lon="30.386179615495514">
				<ele>12.982266549952328</ele>
				<time>2022-09-07T15:54:59Z</time>
			</trkpt>
			<trkpt lat="59.94686800936015" lon="30.38610820232325">
				<ele>15.499611986801028</ele>
				<time>2022-09-07T15:55:01Z</time>
			</trkpt>
			<trkpt lat="59.94686960174818" lon="30.386066096955428">
				<ele>14.516633189283311</ele>
				<time>2022-09-07T15:55:02Z</time>
			</trkpt>
			<trkpt lat="59.946885815406844" lon="30.386045688233448">
				<ele>13.696287649683654</ele>
				<time>2022-09-07T15:55:03Z</time>
			</trkpt>
			<trkpt lat="59.94687692440482" lon="30.38600701701657">
				<ele>13.409912004135549</ele>
				<time>2022-09-07T15:55:06Z</time>
			</trkpt>
			<trkpt lat="59.94689049275382" lon="30.38597899795731">
				<ele>11.96581637300551</ele>
				<time>2022-09-07T15:55:09Z</time>
			</trkpt>
			<trkpt lat="59.94691583772521" lon="30.38594486404268">
				<ele>10.552750107832253</ele>
				<time>2022-09-07T15:55:11Z</time>
			</trkpt>
			<trkpt lat="59.946932889368064" lon="30.385917951533482">
				<ele>12.290008150972426</ele>
				<time>2022-09-07T15:55:12Z</time>
			</trkpt>
			<trkpt lat="59.94695305120924" lon="30.385867595006154">
				<ele>9.828395316377282</ele>
				<time>2022-09-07T15:55:14Z</time>
			</trkpt>
			<trkpt lat="59.94696080629986" lon="30.385808464052285">
				<ele>7.540330999530852</ele>
				<time>2022-09-07T15:55:16Z</time>
			</trkpt>
			<trkpt lat="59.946974167515066" lon="30.38578442554189">
				<ele>8.291345190256834</ele>
				<time>2022-09-07T15:55:17Z</time>
			</trkpt>
			<trkpt lat="59.94698201920426" lon="30.385748905148176">
				<ele>8.150414294563234</ele>
				<time>2022-09-07T15:55:18Z</time>
			</trkpt>
			<trkpt lat="59.94699056749788" lon="30.385696127841808">
				<ele>6.520259350538254</ele>
				<time>2022-09-07T15:55:20Z</time>
			</trkpt>
			<trkpt lat="59.94698692554004" lon="30.385653859161344">
				<ele>4.777744608931243</ele>
				<time>2022-09-07T15:55:22Z</time>
			</trkpt>
			<trkpt lat="59.94697464248626" lon="30.385619502898763">
				<ele>3.1057292111217976</ele>
				<time>2022-09-07T15:55:24Z</time>
			</trkpt>
			<trkpt lat="59.94696776803986" lon="30.3855786464343">
				<ele>6.901444443501532</ele>
				<time>2022-09-07T15:55:26Z</time>
			</trkpt>
			<trkpt lat="59.94696271848945" lon="30.385539022284675">
				<ele>7.528603403829038</ele>
				<time>2022-09-07T15:55:27Z</time>
			</trkpt>
			<trkpt lat="59.94694382967851" lon="30.38547526264055">
				<ele>9.082315491512418</ele>
				<time>2022-09-07T15:55:29Z</time>
			</trkpt>
			<trkpt lat="59.94693559055767" lon="30.385426231845063">
				<ele>9.90348418802023</ele>
				<time>2022-09-07T15:55:31Z</time>
			</trkpt>
			<trkpt lat="59.946935776135156" lon="30.3853842124171">
				<ele>8.753931037150323</ele>
				<time>2022-09-07T15:55:33Z</time>
			</trkpt>
			<trkpt lat="59.94693595211337" lon="30.385337580668526">
				<ele>8.031710046343505</ele>
				<time>2022-09-07T15:55:35Z</time>
			</trkpt>
			<trkpt lat="59.94693585650309" lon="30.38527117138573">
				<ele>8.71553106047213</ele>
				<time>2022-09-07T15:55:38Z</time>
			</trkpt>
			<trkpt lat="59.94694278979333" lon="30.385237841320283">
				<ele>9.64301586151123</ele>
				<time>2022-09-07T15:55:39Z</time>
			</trkpt>
			<trkpt lat="59.94693578294165" lon="30.38517841387666">
				<ele>8.758556325919926</ele>
				<time>2022-09-07T15:55:43Z</time>
			</trkpt>
			<trkpt lat="59.94695312204453" lon="30.38513100655587">
				<ele>6.359294669702649</ele>
				<time>2022-09-07T15:55:46Z</time>
			</trkpt>
			<trkpt lat="59.94695928194384" lon="30.385079481597675">
				<ele>6.586281168274581</ele>
				<time>2022-09-07T15:55:48Z</time>
			</trkpt>
			<trkpt lat="59.9469512797355" lon="30.385036010365422">
				<ele>7.362144349142909</ele>
				<time>2022-09-07T15:55:50Z</time>
			</trkpt>
			<trkpt lat="59.946963450045956" lon="30.38499361995825">
				<ele>6.637806045822799</ele>
				<time>2022-09-07T15:55:52Z</time>
			</trkpt>
			<trkpt lat="59.946965600299286" lon="30.384956543121273">
				<ele>5.440984056331217</ele>
				<time>2022-09-07T15:55:54Z</time>
			</trkpt>
			<trkpt lat="59.946972238995066" lon="30.38492009444339">
				<ele>5.535435551777482</ele>
				<time>2022-09-07T15:55:58Z</time>
			</trkpt>
			<trkpt lat="59.94698172131482" lon="30.38487688982564">
				<ele>8.146716753020883</ele>
				<time>2022-09-07T15:56:00Z</time>
			</trkpt>
			<trkpt lat="59.94698500140271" lon="30.38483508410915">
				<ele>7.866673332639039</ele>
				<time>2022-09-07T15:56:02Z</time>
			</trkpt>
			<trkpt lat="59.94699320355519" lon="30.384792728468103">
				<ele>4.213564653880894</ele>
				<time>2022-09-07T15:56:04Z</time>
			</trkpt>
			<trkpt lat="59.94699103396828" lon="30.38474588430484">
				<ele>3.5265974020585418</ele>
				<time>2022-09-07T15:56:06Z</time>
			</trkpt>
			<trkpt lat="59.94698803526399" lon="30.384702197273576">
				<ele>3.71203635353595</ele>
				<time>2022-09-07T15:56:08Z</time>
			</trkpt>
			<trkpt lat="59.94698375448229" lon="30.38465566674985">
				<ele>5.432468262501061</ele>
				<time>2022-09-07T15:56:09Z</time>
			</trkpt>
			<trkpt lat="59.94697967154477" lon="30.384613889361315">
				<ele>5.599419794976711</ele>
				<time>2022-09-07T15:56:11Z</time>
			</trkpt>
			<trkpt lat="59.94697281192239" lon="30.384559043155914">
				<ele>6.836376206018031</ele>
				<time>2022-09-07T15:56:13Z</time>
			</trkpt>
			<trkpt lat="59.946970376935376" lon="30.384513292714363">
				<ele>8.145837078802288</ele>
				<time>2022-09-07T15:56:15Z</time>
			</trkpt>
			<trkpt lat="59.94697729372727" lon="30.384461146771127">
				<ele>5.06753640063107</ele>
				<time>2022-09-07T15:56:18Z</time>
			</trkpt>
			<trkpt lat="59.94698307858025" lon="30.384415466686868">
				<ele>4.6206410164013505</ele>
				<time>2022-09-07T15:56:20Z</time>
			</trkpt>
			<trkpt lat="59.94698487040312" lon="30.384368972244015">
				<ele>5.149171587079763</ele>
				<time>2022-09-07T15:56:22Z</time>
			</trkpt>
			<trkpt lat="59.946977359013104" lon="30.384332436079713">
				<ele>4.313886519521475</ele>
				<time>2022-09-07T15:56:24Z</time>
			</trkpt>
			<trkpt lat="59.9469779510444" lon="30.384294814402548">
				<ele>1.9452392645180225</ele>
				<time>2022-09-07T15:56:26Z</time>
			</trkpt>
			<trkpt lat="59.94698303073936" lon="30.38426023144027">
				<ele>0.8489102944731712</ele>
				<time>2022-09-07T15:56:28Z</time>
			</trkpt>
			<trkpt lat="59.94699186187976" lon="30.384227684591096">
				<ele>1.6422866052016616</ele>
				<time>2022-09-07T15:56:30Z</time>
			</trkpt>
			<trkpt lat="59.946996890476655" lon="30.384181718176976">
				<ele>1.2957888869568706</ele>
				<time>2022-09-07T15:56:31Z</time>
			</trkpt>
			<trkpt lat="59.94699741779103" lon="30.384136386708654">
				<ele>1.815404779277742</ele>
				<time>2022-09-07T15:56:34Z</time>
			</trkpt>
			<trkpt lat="59.94700287777824" lon="30.384091254112">
				<ele>-0.6925947340205312</ele>
				<time>2022-09-07T15:56:36Z</time>
			</trkpt>
			<trkpt lat="59.94699760262487" lon="30.384045698208954">
				<ele>3.4399627735838294</ele>
				<time>2022-09-07T15:56:38Z</time>
			</trkpt>
			<trkpt lat="59.94698269508918" lon="30.38398014047097">
				<ele>5.543276743963361</ele>
				<time>2022-09-07T15:56:40Z</time>
			</trkpt>
			<trkpt lat="59.947000640059294" lon="30.38391124738323">
				<ele>3.1601400384679437</ele>
				<time>2022-09-07T15:56:43Z</time>
			</trkpt>
			<trkpt lat="59.946984659334746" lon="30.38387914798551">
				<ele>1.702388258650899</ele>
				<time>2022-09-07T15:56:48Z</time>
			</trkpt>
			<trkpt lat="59.94700017831979" lon="30.383844918760534">
				<ele>1.5474563408643007</ele>
				<time>2022-09-07T15:56:50Z</time>
			</trkpt>
			<trkpt lat="59.94701740578514" lon="30.383820830392125">
				<ele>2.0882695242762566</ele>
				<time>2022-09-07T15:56:51Z</time>
			</trkpt>
			<trkpt lat="59.947021951403826" lon="30.3837306458695">
				<ele>2.5768338218331337</ele>
				<time>2022-09-07T15:56:53Z</time>
			</trkpt>
			<trkpt lat="59.94700917104125" lon="30.383683122114046">
				<ele>-0.026276017539203167</ele>
				<time>2022-09-07T15:56:55Z</time>
			</trkpt>
			<trkpt lat="59.94699246085887" lon="30.383629912095763">
				<ele>0.3666295846924186</ele>
				<time>2022-09-07T15:56:58Z</time>
			</trkpt>
			<trkpt lat="59.94698241301856" lon="30.383592373144918">
				<ele>2.593192762695253</ele>
				<time>2022-09-07T15:57:00Z</time>
			</trkpt>
			<trkpt lat="59.94699364646442" lon="30.383533079428144">
				<ele>3.0449364567175508</ele>
				<time>2022-09-07T15:57:02Z</time>
			</trkpt>
			<trkpt lat="59.94697149600844" lon="30.3834909422581">
				<ele>3.3018812779337168</ele>
				<time>2022-09-07T15:57:04Z</time>
			</trkpt>
			<trkpt lat="59.94695869504541" lon="30.38345028005576">
				<ele>5.756011982448399</ele>
				<time>2022-09-07T15:57:06Z</time>
			</trkpt>
			<trkpt lat="59.94694878799927" lon="30.38340786743522">
				<ele>11.125665832310915</ele>
				<time>2022-09-07T15:57:08Z</time>
			</trkpt>
			<trkpt lat="59.94695916637825" lon="30.383360233873155">
				<ele>10.25404760055244</ele>
				<time>2022-09-07T15:57:10Z</time>
			</trkpt>
			<trkpt lat="59.94695143501856" lon="30.383317624049738">
				<ele>10.588748544454575</ele>
				<time>2022-09-07T15:57:12Z</time>
			</trkpt>
			<trkpt lat="59.94693815772264" lon="30.383246048675208">
				<ele>10.864553391002119</ele>
				<time>2022-09-07T15:57:15Z</time>
			</trkpt>
			<trkpt lat="59.94694494830496" lon="30.38320585051426">
				<ele>9.169836909510195</ele>
				<time>2022-09-07T15:57:17Z</time>
			</trkpt>
			<trkpt lat="59.9469607473051" lon="30.38317621151987">
				<ele>7.2118830773979425</ele>
				<time>2022-09-07T15:57:19Z</time>
			</trkpt>
			<trkpt lat="59.9469695772549" lon="30.383132805076173">
				<ele>6.241499460302293</ele>
				<time>2022-09-07T15:57:21Z</time>
			</trkpt>
			<trkpt lat="59.946978386870555" lon="30.38309166033166">
				<ele>8.709996031597257</ele>
				<time>2022-09-07T15:57:23Z</time>
			</trkpt>
			<trkpt lat="59.94698238726623" lon="30.383047158564835">
				<ele>5.101264297962189</ele>
				<time>2022-09-07T15:57:25Z</time>
			</trkpt>
			<trkpt lat="59.94697587595305" lon="30.383007474923733">
				<ele>2.755979413166642</ele>
				<time>2022-09-07T15:57:28Z</time>
			</trkpt>
			<trkpt lat="59.9469934528013" lon="30.38295609395898">
				<ele>2.402156532742083</ele>
				<time>2022-09-07T15:57:30Z</time>
			</trkpt>
			<trkpt lat="59.94697373109665" lon="30.382929119167606">
				<ele>4.83019476570189</ele>
				<time>2022-09-07T15:57:48Z</time>
			</trkpt>
			<trkpt lat="59.946898948423176" lon="30.382954340260746">
				<ele>10.46885677985847</ele>
				<time>2022-09-07T15:58:08Z</time>
			</trkpt>
			<trkpt lat="59.94691773695468" lon="30.382931036866513">
				<ele>9.325499857775867</ele>
				<time>2022-09-07T15:58:11Z</time>
			</trkpt>
			<trkpt lat="59.94694729854504" lon="30.382923116271172">
				<ele>9.102811240591109</ele>
				<time>2022-09-07T15:58:12Z</time>
			</trkpt>
			<trkpt lat="59.94696088031606" lon="30.382891981918366">
				<ele>6.656353222206235</ele>
				<time>2022-09-07T15:58:13Z</time>
			</trkpt>
			<trkpt lat="59.946973600747036" lon="30.382839662129555">
				<ele>6.121144335716963</ele>
				<time>2022-09-07T15:58:15Z</time>
			</trkpt>
			<trkpt lat="59.946998910840136" lon="30.38278775574812">
				<ele>6.756109518930316</ele>
				<time>2022-09-07T15:58:17Z</time>
			</trkpt>
			<trkpt lat="59.94701583470322" lon="30.382747723459">
				<ele>6.068615883588791</ele>
				<time>2022-09-07T15:58:19Z</time>
			</trkpt>
			<trkpt lat="59.9470290506782" lon="30.382717898083815">
				<ele>3.8167754784226418</ele>
				<time>2022-09-07T15:58:22Z</time>
			</trkpt>
			<trkpt lat="59.94702491572777" lon="30.38267553263713">
				<ele>0.9266179269179702</ele>
				<time>2022-09-07T15:58:24Z</time>
			</trkpt>
			<trkpt lat="59.94701878800194" lon="30.38264077950885">
				<ele>7.846422770060599</ele>
				<time>2022-09-07T15:58:30Z</time>
			</trkpt>
			<trkpt lat="59.94700460571754" lon="30.38254928861373">
				<ele>8.7473687203601</ele>
				<time>2022-09-07T15:58:31Z</time>
			</trkpt>
			<trkpt lat="59.94699457945721" lon="30.38251190147717">
				<ele>8.612098106183112</ele>
				<time>2022-09-07T15:58:32Z</time>
			</trkpt>
			<trkpt lat="59.946982986596446" lon="30.382461981569108">
				<ele>6.12460723798722</ele>
				<time>2022-09-07T15:58:34Z</time>
			</trkpt>
			<trkpt lat="59.946972643457954" lon="30.382419533623946">
				<ele>3.210017943754792</ele>
				<time>2022-09-07T15:58:36Z</time>
			</trkpt>
			<trkpt lat="59.9469739426236" lon="30.38236593941171">
				<ele>2.5400821566581726</ele>
				<time>2022-09-07T15:58:38Z</time>
			</trkpt>
			<trkpt lat="59.9469761530779" lon="30.382311275076628">
				<ele>3.491071578115225</ele>
				<time>2022-09-07T15:58:41Z</time>
			</trkpt>
			<trkpt lat="59.946983796200826" lon="30.382262991553805">
				<ele>3.9404585836455226</ele>
				<time>2022-09-07T15:58:43Z</time>
			</trkpt>
			<trkpt lat="59.94699225360911" lon="30.382208744534186">
				<ele>5.14832968544215</ele>
				<time>2022-09-07T15:58:45Z</time>
			</trkpt>
			<trkpt lat="59.94699159087029" lon="30.38216898965777">
				<ele>2.9354596603661776</ele>
				<time>2022-09-07T15:58:47Z</time>
			</trkpt>
			<trkpt lat="59.946988386498155" lon="30.382125199132485">
				<ele>2.2923905281350017</ele>
				<time>2022-09-07T15:58:49Z</time>
			</trkpt>
			<trkpt lat="59.94699405342862" lon="30.382087162671976">
				<ele>6.961560453288257</ele>
				<time>2022-09-07T15:58:51Z</time>
			</trkpt>
			<trkpt lat="59.94698846691106" lon="30.382033895720713">
				<ele>6.687567993067205</ele>
				<time>2022-09-07T15:58:53Z</time>
			</trkpt>
			<trkpt lat="59.94698567734175" lon="30.381991574736386">
				<ele>7.3475071443244815</ele>
				<time>2022-09-07T15:58:55Z</time>
			</trkpt>
			<trkpt lat="59.9469827042088" lon="30.381953123242493">
				<ele>11.717575742863119</ele>
				<time>2022-09-07T15:58:57Z</time>
			</trkpt>
			<trkpt lat="59.94699305265326" lon="30.381897918852744">
				<ele>6.816155445761979</ele>
				<time>2022-09-07T15:58:59Z</time>
			</trkpt>
			<trkpt lat="59.94698770614349" lon="30.38183434586669">
				<ele>5.035878589376807</ele>
				<time>2022-09-07T15:59:02Z</time>
			</trkpt>
			<trkpt lat="59.94699468589106" lon="30.381792982623743">
				<ele>4.283498262055218</ele>
				<time>2022-09-07T15:59:04Z</time>
			</trkpt>
			<trkpt lat="59.94700050401423" lon="30.381752608474695">
				<ele>5.179969090037048</ele>
				<time>2022-09-07T15:59:06Z</time>
			</trkpt>
			<trkpt lat="59.94700037935336" lon="30.38170458285952">
				<ele>3.077013559639454</ele>
				<time>2022-09-07T15:59:08Z</time>
			</trkpt>
			<trkpt lat="59.94699870244209" lon="30.381655649570252">
				<ele>5.938574652187526</ele>
				<time>2022-09-07T15:59:11Z</time>
			</trkpt>
			<trkpt lat="59.946995871712254" lon="30.381608684377778">
				<ele>6.470834856852889</ele>
				<time>2022-09-07T15:59:13Z</time>
			</trkpt>
			<trkpt lat="59.946995267752385" lon="30.38156742493283">
				<ele>6.941534879617393</ele>
				<time>2022-09-07T15:59:15Z</time>
			</trkpt>
			<trkpt lat="59.94698618207962" lon="30.381536253118636">
				<ele>6.228249474428594</ele>
				<time>2022-09-07T15:59:17Z</time>
			</trkpt>
			<trkpt lat="59.946987177092744" lon="30.38149769515776">
				<ele>5.15428610984236</ele>
				<time>2022-09-07T15:59:19Z</time>
			</trkpt>
			<trkpt lat="59.94698394690342" lon="30.3814510408779">
				<ele>3.0772497318685055</ele>
				<time>2022-09-07T15:59:21Z</time>
			</trkpt>
			<trkpt lat="59.94698229199747" lon="30.381403959252168">
				<ele>4.3050248036161065</ele>
				<time>2022-09-07T15:59:23Z</time>
			</trkpt>
			<trkpt lat="59.946993424318556" lon="30.38135664730769">
				<ele>5.666008029133081</ele>
				<time>2022-09-07T15:59:26Z</time>
			</trkpt>
			<trkpt lat="59.94700060299497" lon="30.381315041701455">
				<ele>9.165628527291119</ele>
				<time>2022-09-07T15:59:28Z</time>
			</trkpt>
			<trkpt lat="59.946990212797026" lon="30.381272360663786">
				<ele>4.400255413725972</ele>
				<time>2022-09-07T15:59:30Z</time>
			</trkpt>
			<trkpt lat="59.94699041149129" lon="30.38122125590072">
				<ele>6.726352912373841</ele>
				<time>2022-09-07T15:59:32Z</time>
			</trkpt>
			<trkpt lat="59.94699494112581" lon="30.38118008343635">
				<ele>6.344244237057865</ele>
				<time>2022-09-07T15:59:34Z</time>
			</trkpt>
			<trkpt lat="59.94699650565617" lon="30.381130421617193">
				<ele>6.909862698987126</ele>
				<time>2022-09-07T15:59:36Z</time>
			</trkpt>
			<trkpt lat="59.94700098818343" lon="30.381091412883872">
				<ele>7.606109063141048</ele>
				<time>2022-09-07T15:59:38Z</time>
			</trkpt>
			<trkpt lat="59.946989253556545" lon="30.38104409987806">
				<ele>6.014838436618447</ele>
				<time>2022-09-07T15:59:40Z</time>
			</trkpt>
			<trkpt lat="59.946973246538356" lon="30.380990821129753">
				<ele>7.4025361919775605</ele>
				<time>2022-09-07T15:59:42Z</time>
			</trkpt>
			<trkpt lat="59.94697075021382" lon="30.380951814592528">
				<ele>9.439542267471552</ele>
				<time>2022-09-07T15:59:43Z</time>
			</trkpt>
			<trkpt lat="59.94696732601807" lon="30.38090054589366">
				<ele>9.086413263343275</ele>
				<time>2022-09-07T15:59:45Z</time>
			</trkpt>
			<trkpt lat="59.94696399775258" lon="30.380857390763676">
				<ele>9.308652357198298</ele>
				<time>2022-09-07T15:59:48Z</time>
			</trkpt>
			<trkpt lat="59.94697397743028" lon="30.38080779873554">
				<ele>8.679522081278265</ele>
				<time>2022-09-07T15:59:50Z</time>
			</trkpt>
			<trkpt lat="59.94695448531951" lon="30.38075971922011">
				<ele>9.824300417676568</ele>
				<time>2022-09-07T15:59:52Z</time>
			</trkpt>
			<trkpt lat="59.94695185420202" lon="30.380718632453814">
				<ele>13.564984345808625</ele>
				<time>2022-09-07T15:59:55Z</time>
			</trkpt>
			<trkpt lat="59.94693397204766" lon="30.38069024558771">
				<ele>16.51165213715285</ele>
				<time>2022-09-07T15:59:57Z</time>
			</trkpt>
			<trkpt lat="59.94691656617867" lon="30.380662679451117">
				<ele>20.2004451835528</ele>
				<time>2022-09-07T15:59:59Z</time>
			</trkpt>
			<trkpt lat="59.94689409121586" lon="30.38063694177819">
				<ele>23.758344551548362</ele>
				<time>2022-09-07T16:00:01Z</time>
			</trkpt>
			<trkpt lat="59.946884084706255" lon="30.380606925797636">
				<ele>22.226257036440074</ele>
				<time>2022-09-07T16:00:03Z</time>
			</trkpt>
			<trkpt lat="59.94686922774774" lon="30.38057491573008">
				<ele>22.000303988344967</ele>
				<time>2022-09-07T16:00:04Z</time>
			</trkpt>
			<trkpt lat="59.946873178853735" lon="30.380539437724526">
				<ele>21.95955752208829</ele>
				<time>2022-09-07T16:00:06Z</time>
			</trkpt>
			<trkpt lat="59.94686692408502" lon="30.380494166735783">
				<ele>24.023617940954864</ele>
				<time>2022-09-07T16:00:08Z</time>
			</trkpt>
			<trkpt lat="59.946862058225356" lon="30.38045703034715">
				<ele>21.785008874721825</ele>
				<time>2022-09-07T16:00:11Z</time>
			</trkpt>
			<trkpt lat="59.94686632895451" lon="30.38042191203678">
				<ele>23.039049794897437</ele>
				<time>2022-09-07T16:00:12Z</time>
			</trkpt>
			<trkpt lat="59.946868612505426" lon="30.380379517062135">
				<ele>23.594037785194814</ele>
				<time>2022-09-07T16:00:14Z</time>
			</trkpt>
			<trkpt lat="59.946872361486854" lon="30.380333551664734">
				<ele>24.94886992033571</ele>
				<time>2022-09-07T16:00:17Z</time>
			</trkpt>
			<trkpt lat="59.94687915028042" lon="30.380294120737396">
				<ele>28.009072883985937</ele>
				<time>2022-09-07T16:00:19Z</time>
			</trkpt>
			<trkpt lat="59.94688795908094" lon="30.380252614659295">
				<ele>26.91049502696842</ele>
				<time>2022-09-07T16:00:21Z</time>
			</trkpt>
			<trkpt lat="59.94689170582117" lon="30.380204611377422">
				<ele>26.287977718748152</ele>
				<time>2022-09-07T16:00:23Z</time>
			</trkpt>
			<trkpt lat="59.94689590570606" lon="30.380159498764375">
				<ele>28.642090054228902</ele>
				<time>2022-09-07T16:00:26Z</time>
			</trkpt>
			<trkpt lat="59.94689833741929" lon="30.380108465863554">
				<ele>28.651426889002323</ele>
				<time>2022-09-07T16:00:28Z</time>
			</trkpt>
			<trkpt lat="59.94689858825905" lon="30.380039243194307">
				<ele>27.84292853437364</ele>
				<time>2022-09-07T16:00:30Z</time>
			</trkpt>
			<trkpt lat="59.946893327844656" lon="30.379990182281027">
				<ele>28.67320196609944</ele>
				<time>2022-09-07T16:00:32Z</time>
			</trkpt>
			<trkpt lat="59.94690082585688" lon="30.379942629580512">
				<ele>23.719824496656656</ele>
				<time>2022-09-07T16:00:35Z</time>
			</trkpt>
			<trkpt lat="59.94689083841833" lon="30.379904466119196">
				<ele>25.50844341982156</ele>
				<time>2022-09-07T16:00:37Z</time>
			</trkpt>
			<trkpt lat="59.9468747122149" lon="30.379879966887827">
				<ele>27.60770150180906</ele>
				<time>2022-09-07T16:00:38Z</time>
			</trkpt>
			<trkpt lat="59.946853663161285" lon="30.379831183824916">
				<ele>29.770696659572423</ele>
				<time>2022-09-07T16:00:40Z</time>
			</trkpt>
			<trkpt lat="59.94686110994145" lon="30.37976736391602">
				<ele>27.062989029102027</ele>
				<time>2022-09-07T16:00:42Z</time>
			</trkpt>
			<trkpt lat="59.94687082208809" lon="30.37973120710354">
				<ele>20.62208188418299</ele>
				<time>2022-09-07T16:00:44Z</time>
			</trkpt>
			<trkpt lat="59.946865859520585" lon="30.379683525697452">
				<ele>16.08152377139777</ele>
				<time>2022-09-07T16:00:46Z</time>
			</trkpt>
			<trkpt lat="59.9468626549101" lon="30.37964246719101">
				<ele>15.739908267743886</ele>
				<time>2022-09-07T16:00:47Z</time>
			</trkpt>
			<trkpt lat="59.94685913390906" lon="30.379587580757843">
				<ele>15.293880856595933</ele>
				<time>2022-09-07T16:00:49Z</time>
			</trkpt>
			<trkpt lat="59.94686945999526" lon="30.37955574723787">
				<ele>14.416730989702046</ele>
				<time>2022-09-07T16:00:50Z</time>
			</trkpt>
			<trkpt lat="59.94685726144418" lon="30.379511029306546">
				<ele>15.425757982768118</ele>
				<time>2022-09-07T16:00:51Z</time>
			</trkpt>
			<trkpt lat="59.94685948814059" lon="30.379472884748715">
				<ele>11.054269929416478</ele>
				<time>2022-09-07T16:00:54Z</time>
			</trkpt>
			<trkpt lat="59.94686398505431" lon="30.379430982676123">
				<ele>10.513626326806843</ele>
				<time>2022-09-07T16:00:56Z</time>
			</trkpt>
			<trkpt lat="59.94685559550816" lon="30.37938557634013">
				<ele>12.023513852618635</ele>
				<time>2022-09-07T16:00:58Z</time>
			</trkpt>
			<trkpt lat="59.94686080822408" lon="30.379339429823638">
				<ele>10.967125123366714</ele>
				<time>2022-09-07T16:01:00Z</time>
			</trkpt>
			<trkpt lat="59.94685958289225" lon="30.37929140925467">
				<ele>11.852641900070012</ele>
				<time>2022-09-07T16:01:02Z</time>
			</trkpt>
			<trkpt lat="59.946864433486105" lon="30.379251589746982">
				<ele>10.907357749529183</ele>
				<time>2022-09-07T16:01:03Z</time>
			</trkpt>
			<trkpt lat="59.946871949018806" lon="30.379202857552908">
				<ele>15.573169781826437</ele>
				<time>2022-09-07T16:01:04Z</time>
			</trkpt>
			<trkpt lat="59.946896536447454" lon="30.37916657790178">
				<ele>9.452855222858489</ele>
				<time>2022-09-07T16:01:07Z</time>
			</trkpt>
			<trkpt lat="59.946900781333426" lon="30.379128917113274">
				<ele>5.56332210637629</ele>
				<time>2022-09-07T16:01:10Z</time>
			</trkpt>
			<trkpt lat="59.94692440904629" lon="30.379113832865734">
				<ele>6.091519447974861</ele>
				<time>2022-09-07T16:01:11Z</time>
			</trkpt>
			<trkpt lat="59.94694560487611" lon="30.37910499028151">
				<ele>5.445515221916139</ele>
				<time>2022-09-07T16:01:12Z</time>
			</trkpt>
			<trkpt lat="59.946917619115865" lon="30.3790541922202">
				<ele>7.960194263607264</ele>
				<time>2022-09-07T16:01:13Z</time>
			</trkpt>
			<trkpt lat="59.946945109858554" lon="30.379052522428694">
				<ele>4.586925524286926</ele>
				<time>2022-09-07T16:01:14Z</time>
			</trkpt>
			<trkpt lat="59.946970982207866" lon="30.379027289664126">
				<ele>3.0088649727404118</ele>
				<time>2022-09-07T16:01:16Z</time>
			</trkpt>
			<trkpt lat="59.946984591261774" lon="30.378990064858286">
				<ele>4.695602796971798</ele>
				<time>2022-09-07T16:01:18Z</time>
			</trkpt>
			<trkpt lat="59.94699525926555" lon="30.378959517912968">
				<ele>4.928452997468412</ele>
				<time>2022-09-07T16:01:20Z</time>
			</trkpt>
			<trkpt lat="59.94698463050168" lon="30.378909908498617">
				<ele>7.329032237641513</ele>
				<time>2022-09-07T16:01:22Z</time>
			</trkpt>
			<trkpt lat="59.947004966959064" lon="30.378875109004554">
				<ele>2.807424153201282</ele>
				<time>2022-09-07T16:01:24Z</time>
			</trkpt>
			<trkpt lat="59.94702507876143" lon="30.378838471053175">
				<ele>-0.270529730245471</ele>
				<time>2022-09-07T16:01:27Z</time>
			</trkpt>
			<trkpt lat="59.94700804451588" lon="30.378761279436905">
				<ele>2.2295657387003303</ele>
				<time>2022-09-07T16:01:30Z</time>
			</trkpt>
			<trkpt lat="59.947015430221164" lon="30.378696631790383">
				<ele>2.3410235913470387</ele>
				<time>2022-09-07T16:01:32Z</time>
			</trkpt>
			<trkpt lat="59.947034139978996" lon="30.378659282347606">
				<ele>0.5880191382020712</ele>
				<time>2022-09-07T16:01:35Z</time>
			</trkpt>
			<trkpt lat="59.94703773019341" lon="30.37861939593211">
				<ele>-5.513540248386562</ele>
				<time>2022-09-07T16:01:38Z</time>
			</trkpt>
			<trkpt lat="59.94703858391094" lon="30.378568730380586">
				<ele>-0.011644702404737473</ele>
				<time>2022-09-07T16:01:40Z</time>
			</trkpt>
			<trkpt lat="59.947050469770176" lon="30.37853325777368">
				<ele>-0.836183880455792</ele>
				<time>2022-09-07T16:01:41Z</time>
			</trkpt>
			<trkpt lat="59.94703194866131" lon="30.37849783653026">
				<ele>-0.30388540122658014</ele>
				<time>2022-09-07T16:01:43Z</time>
			</trkpt>
			<trkpt lat="59.94702500112509" lon="30.378435782210907">
				<ele>0.35885640140622854</ele>
				<time>2022-09-07T16:01:46Z</time>
			</trkpt>
			<trkpt lat="59.94702209395126" lon="30.378384307493473">
				<ele>-3.293188194744289</ele>
				<time>2022-09-07T16:01:52Z</time>
			</trkpt>
			<trkpt lat="59.946991252776364" lon="30.378379053357854">
				<ele>-0.666900584474206</ele>
				<time>2022-09-07T16:01:53Z</time>
			</trkpt>
			<trkpt lat="59.94696633099627" lon="30.378370356334734">
				<ele>0.21843718271702528</ele>
				<time>2022-09-07T16:01:54Z</time>
			</trkpt>
			<trkpt lat="59.94693681679472" lon="30.378380024971545">
				<ele>1.0422992762178183</ele>
				<time>2022-09-07T16:01:55Z</time>
			</trkpt>
			<trkpt lat="59.94691487899127" lon="30.37838563655733">
				<ele>2.9581086337566376</ele>
				<time>2022-09-07T16:01:56Z</time>
			</trkpt>
			<trkpt lat="59.946891620936924" lon="30.378369225828397">
				<ele>7.383184836246073</ele>
				<time>2022-09-07T16:01:59Z</time>
			</trkpt>
			<trkpt lat="59.946864438592975" lon="30.378360069940758">
				<ele>8.323232611641288</ele>
				<time>2022-09-07T16:02:01Z</time>
			</trkpt>
			<trkpt lat="59.94684454767385" lon="30.378372092830787">
				<ele>7.722762931138277</ele>
				<time>2022-09-07T16:02:02Z</time>
			</trkpt>
			<trkpt lat="59.94682644025432" lon="30.378375849479426">
				<ele>7.843866101466119</ele>
				<time>2022-09-07T16:02:03Z</time>
			</trkpt>
			<trkpt lat="59.946801675140826" lon="30.37835726225761">
				<ele>8.57966847717762</ele>
				<time>2022-09-07T16:02:05Z</time>
			</trkpt>
			<trkpt lat="59.94677392889438" lon="30.37834151506523">
				<ele>7.66672654543072</ele>
				<time>2022-09-07T16:02:07Z</time>
			</trkpt>
			<trkpt lat="59.94675045082349" lon="30.37832300722198">
				<ele>7.230772371403873</ele>
				<time>2022-09-07T16:02:09Z</time>
			</trkpt>
			<trkpt lat="59.946748821774456" lon="30.37828691868536">
				<ele>6.051852693781257</ele>
				<time>2022-09-07T16:02:10Z</time>
			</trkpt>
			<trkpt lat="59.9467589812636" lon="30.37824845303345">
				<ele>3.626160732470453</ele>
				<time>2022-09-07T16:02:12Z</time>
			</trkpt>
			<trkpt lat="59.9467581689666" lon="30.37820417760437">
				<ele>5.365552012808621</ele>
				<time>2022-09-07T16:02:14Z</time>
			</trkpt>
			<trkpt lat="59.94676159977467" lon="30.378156928656274">
				<ele>5.889073570258915</ele>
				<time>2022-09-07T16:02:16Z</time>
			</trkpt>
			<trkpt lat="59.946745858465796" lon="30.378107432461878">
				<ele>4.785803120583296</ele>
				<time>2022-09-07T16:02:18Z</time>
			</trkpt>
			<trkpt lat="59.94672806322786" lon="30.378095160170957">
				<ele>5.165739173069596</ele>
				<time>2022-09-07T16:02:19Z</time>
			</trkpt>
			<trkpt lat="59.9467040776933" lon="30.378109871679204">
				<ele>6.898367901332676</ele>
				<time>2022-09-07T16:02:22Z</time>
			</trkpt>
			<trkpt lat="59.94668353353195" lon="30.37811472346">
				<ele>4.682179029099643</ele>
				<time>2022-09-07T16:02:26Z</time>
			</trkpt>
			<trkpt lat="59.946665942101255" lon="30.378125696044332">
				<ele>1.8151314062997699</ele>
				<time>2022-09-07T16:02:28Z</time>
			</trkpt>
			<trkpt lat="59.946645083275335" lon="30.378135605637596">
				<ele>4.523119733668864</ele>
				<time>2022-09-07T16:02:30Z</time>
			</trkpt>
			<trkpt lat="59.94665554310021" lon="30.37818159090579">
				<ele>3.371188153512776</ele>
				<time>2022-09-07T16:02:32Z</time>
			</trkpt>
			<trkpt lat="59.946634205462395" lon="30.37817177023241">
				<ele>1.9154757028445601</ele>
				<time>2022-09-07T16:02:36Z</time>
			</trkpt>
			<trkpt lat="59.94660575314055" lon="30.37820018444564">
				<ele>-0.44457174371927977</ele>
				<time>2022-09-07T16:02:41Z</time>
			</trkpt>
			<trkpt lat="59.946577686389524" lon="30.378241006729255">
				<ele>-2.6030110996216536</ele>
				<time>2022-09-07T16:02:42Z</time>
			</trkpt>
			<trkpt lat="59.94658029571337" lon="30.378308835298014">
				<ele>2.122674991376698</ele>
				<time>2022-09-07T16:02:45Z</time>
			</trkpt>
			<trkpt lat="59.94656022524444" lon="30.37826316558242">
				<ele>2.8114166436716914</ele>
				<time>2022-09-07T16:02:47Z</time>
			</trkpt>
			<trkpt lat="59.94653283576849" lon="30.37825258881639">
				<ele>0.15131122153252363</ele>
				<time>2022-09-07T16:02:48Z</time>
			</trkpt>
			<trkpt lat="59.94649510746254" lon="30.378255386842376">
				<ele>-2.852317212149501</ele>
				<time>2022-09-07T16:02:49Z</time>
			</trkpt>
			<trkpt lat="59.946467720026355" lon="30.37822354986883">
				<ele>1.3818622780963778</ele>
				<time>2022-09-07T16:02:51Z</time>
			</trkpt>
			<trkpt lat="59.946448546216246" lon="30.378198602135328">
				<ele>1.0186532735824585</ele>
				<time>2022-09-07T16:02:53Z</time>
			</trkpt>
			<trkpt lat="59.946437509777596" lon="30.378144536744244">
				<ele>3.150972022674978</ele>
				<time>2022-09-07T16:02:55Z</time>
			</trkpt>
			<trkpt lat="59.94641911221717" lon="30.37812839655266">
				<ele>-2.7683180924504995</ele>
				<time>2022-09-07T16:02:59Z</time>
			</trkpt>
			<trkpt lat="59.946395367683465" lon="30.378111010835163">
				<ele>-0.6452908562496305</ele>
				<time>2022-09-07T16:03:01Z</time>
			</trkpt>
			<trkpt lat="59.946363945276495" lon="30.37815289548379">
				<ele>3.088486857712269</ele>
				<time>2022-09-07T16:03:03Z</time>
			</trkpt>
			<trkpt lat="59.94636253075993" lon="30.37822372863184">
				<ele>5.4592994544655085</ele>
				<time>2022-09-07T16:03:04Z</time>
			</trkpt>
			<trkpt lat="59.94633093022665" lon="30.378210287279728">
				<ele>2.810797644779086</ele>
				<time>2022-09-07T16:03:06Z</time>
			</trkpt>
			<trkpt lat="59.94630701021401" lon="30.378210541747066">
				<ele>2.2020392399281263</ele>
				<time>2022-09-07T16:03:07Z</time>
			</trkpt>
			<trkpt lat="59.94630055336952" lon="30.378172479428763">
				<ele>2.0829071570187807</ele>
				<time>2022-09-07T16:03:09Z</time>
			</trkpt>
			<trkpt lat="59.94627346110931" lon="30.378153151078713">
				<ele>3.1359536228701472</ele>
				<time>2022-09-07T16:03:12Z</time>
			</trkpt>
			<trkpt lat="59.9462522127951" lon="30.378141026392747">
				<ele>3.8548825420439243</ele>
				<time>2022-09-07T16:03:14Z</time>
			</trkpt>
			<trkpt lat="59.94622997174127" lon="30.378118256922505">
				<ele>1.551532001234591</ele>
				<time>2022-09-07T16:03:16Z</time>
			</trkpt>
			<trkpt lat="59.9462119889652" lon="30.37809963529894">
				<ele>1.5726579679176211</ele>
				<time>2022-09-07T16:03:18Z</time>
			</trkpt>
			<trkpt lat="59.94619022085299" lon="30.378084470505165">
				<ele>5.7428546426817775</ele>
				<time>2022-09-07T16:03:20Z</time>
			</trkpt>
			<trkpt lat="59.946168184882325" lon="30.378096788081518">
				<ele>4.438913413323462</ele>
				<time>2022-09-07T16:03:22Z</time>
			</trkpt>
			<trkpt lat="59.94614066772943" lon="30.37809627385663">
				<ele>3.378526471555233</ele>
				<time>2022-09-07T16:03:24Z</time>
			</trkpt>
			<trkpt lat="59.94610809819197" lon="30.37800303812397">
				<ele>4.339363415725529</ele>
				<time>2022-09-07T16:03:25Z</time>
			</trkpt>
			<trkpt lat="59.94609583711412" lon="30.378031527769824">
				<ele>4.521339570172131</ele>
				<time>2022-09-07T16:03:27Z</time>
			</trkpt>
			<trkpt lat="59.946071803212135" lon="30.37805372856692">
				<ele>1.634378343820572</ele>
				<time>2022-09-07T16:03:30Z</time>
			</trkpt>
			<trkpt lat="59.94605022232078" lon="30.378080408968014">
				<ele>0.7116910014301538</ele>
				<time>2022-09-07T16:03:32Z</time>
			</trkpt>
			<trkpt lat="59.94603140100183" lon="30.378124396656148">
				<ele>2.0175840547308326</ele>
				<time>2022-09-07T16:03:33Z</time>
			</trkpt>
			<trkpt lat="59.94599741760153" lon="30.37814197256525">
				<ele>4.264471398666501</ele>
				<time>2022-09-07T16:03:37Z</time>
			</trkpt>
			<trkpt lat="59.94597893663194" lon="30.378144066797994">
				<ele>5.424231925047934</ele>
				<time>2022-09-07T16:03:38Z</time>
			</trkpt>
			<trkpt lat="59.945955443910954" lon="30.378156891831825">
				<ele>7.492371506989002</ele>
				<time>2022-09-07T16:03:40Z</time>
			</trkpt>
			<trkpt lat="59.94593288247222" lon="30.378165688136345">
				<ele>8.65562614519149</ele>
				<time>2022-09-07T16:03:42Z</time>
			</trkpt>
			<trkpt lat="59.945897898593856" lon="30.37821371384163">
				<ele>8.362500745803118</ele>
				<time>2022-09-07T16:03:44Z</time>
			</trkpt>
			<trkpt lat="59.94587079335334" lon="30.378196217431533">
				<ele>5.875668847002089</ele>
				<time>2022-09-07T16:03:46Z</time>
			</trkpt>
			<trkpt lat="59.945849477924114" lon="30.378193238428576">
				<ele>8.197610259987414</ele>
				<time>2022-09-07T16:03:47Z</time>
			</trkpt>
			<trkpt lat="59.94580518215131" lon="30.378213056308795">
				<ele>9.964438550174236</ele>
				<time>2022-09-07T16:03:48Z</time>
			</trkpt>
			<trkpt lat="59.945778629024694" lon="30.37819796151498">
				<ele>14.563270094804466</ele>
				<time>2022-09-07T16:03:50Z</time>
			</trkpt>
			<trkpt lat="59.945760638469245" lon="30.37818893071336">
				<ele>15.462268785573542</ele>
				<time>2022-09-07T16:03:52Z</time>
			</trkpt>
			<trkpt lat="59.945742529180414" lon="30.378180158587575">
				<ele>15.901017918251455</ele>
				<time>2022-09-07T16:03:53Z</time>
			</trkpt>
			<trkpt lat="59.945715349660006" lon="30.37818949438315">
				<ele>20.456373754888773</ele>
				<time>2022-09-07T16:03:57Z</time>
			</trkpt>
			<trkpt lat="59.945663847338096" lon="30.378172544115756">
				<ele>21.21934258006513</ele>
				<time>2022-09-07T16:03:59Z</time>
			</trkpt>
			<trkpt lat="59.94564924409636" lon="30.378133360298403">
				<ele>22.686281614936888</ele>
				<time>2022-09-07T16:04:00Z</time>
			</trkpt>
			<trkpt lat="59.94563032514485" lon="30.37816106209048">
				<ele>25.64851177763194</ele>
				<time>2022-09-07T16:04:02Z</time>
			</trkpt>
			<trkpt lat="59.94559060134875" lon="30.378138136291625">
				<ele>30.83728631027043</ele>
				<time>2022-09-07T16:04:04Z</time>
			</trkpt>
			<trkpt lat="59.94555583356751" lon="30.378124643917907">
				<ele>32.87293562851846</ele>
				<time>2022-09-07T16:04:06Z</time>
			</trkpt>
			<trkpt lat="59.945537214665585" lon="30.37810843234866">
				<ele>31.536198888905346</ele>
				<time>2022-09-07T16:04:08Z</time>
			</trkpt>
			<trkpt lat="59.94550087494607" lon="30.378075461771946">
				<ele>31.88688014820218</ele>
				<time>2022-09-07T16:04:10Z</time>
			</trkpt>
			<trkpt lat="59.94546215928497" lon="30.37805367515066">
				<ele>32.1015144046396</ele>
				<time>2022-09-07T16:04:12Z</time>
			</trkpt>
			<trkpt lat="59.94544004157746" lon="30.37804950704032">
				<ele>31.453023054637015</ele>
				<time>2022-09-07T16:04:14Z</time>
			</trkpt>
			<trkpt lat="59.94539990614189" lon="30.37808755003746">
				<ele>31.985824348405004</ele>
				<time>2022-09-07T16:04:18Z</time>
			</trkpt>
			<trkpt lat="59.945386883726535" lon="30.378049704323963">
				<ele>32.82671159040183</ele>
				<time>2022-09-07T16:04:19Z</time>
			</trkpt>
			<trkpt lat="59.9453656277927" lon="30.378037638962148">
				<ele>33.9009334333241</ele>
				<time>2022-09-07T16:04:21Z</time>
			</trkpt>
			<trkpt lat="59.94540426986544" lon="30.377963312606933">
				<ele>29.091490575112402</ele>
				<time>2022-09-07T16:04:25Z</time>
			</trkpt>
			<trkpt lat="59.945451880383885" lon="30.377908139893336">
				<ele>17.373031401075423</ele>
				<time>2022-09-07T16:04:26Z</time>
			</trkpt>
			<trkpt lat="59.945476307345395" lon="30.3778753593155">
				<ele>12.501845066435635</ele>
				<time>2022-09-07T16:04:27Z</time>
			</trkpt>
			<trkpt lat="59.94548842842158" lon="30.37784392308136">
				<ele>10.682748614810407</ele>
				<time>2022-09-07T16:04:28Z</time>
			</trkpt>
			<trkpt lat="59.945502542815255" lon="30.377808766640495">
				<ele>8.151453286409378</ele>
				<time>2022-09-07T16:04:30Z</time>
			</trkpt>
			<trkpt lat="59.945525289990584" lon="30.377775660039017">
				<ele>10.377546747215092</ele>
				<time>2022-09-07T16:04:32Z</time>
			</trkpt>
			<trkpt lat="59.945541148019046" lon="30.377736681581236">
				<ele>4.153682945296168</ele>
				<time>2022-09-07T16:04:35Z</time>
			</trkpt>
			<trkpt lat="59.94557299515495" lon="30.377727975087808">
				<ele>4.871396616101265</ele>
				<time>2022-09-07T16:04:37Z</time>
			</trkpt>
			<trkpt lat="59.94560021544776" lon="30.37772307656274">
				<ele>4.219062101095915</ele>
				<time>2022-09-07T16:04:39Z</time>
			</trkpt>
			<trkpt lat="59.94563410410037" lon="30.377721902835702">
				<ele>5.658452336676419</ele>
				<time>2022-09-07T16:04:41Z</time>
			</trkpt>
			<trkpt lat="59.94565585341641" lon="30.37772220423568">
				<ele>2.1625035256147385</ele>
				<time>2022-09-07T16:04:44Z</time>
			</trkpt>
			<trkpt lat="59.945688187767786" lon="30.37771911985988">
				<ele>2.7039294950664043</ele>
				<time>2022-09-07T16:04:47Z</time>
			</trkpt>
			<trkpt lat="59.94571229430959" lon="30.377709325926055">
				<ele>3.1703611025586724</ele>
				<time>2022-09-07T16:04:49Z</time>
			</trkpt>
			<trkpt lat="59.945730093032125" lon="30.377691879051127">
				<ele>5.9192459881305695</ele>
				<time>2022-09-07T16:04:51Z</time>
			</trkpt>
			<trkpt lat="59.94575770373779" lon="30.377682696576557">
				<ele>2.7641324242576957</ele>
				<time>2022-09-07T16:04:53Z</time>
			</trkpt>
			<trkpt lat="59.945785383729834" lon="30.377676029584862">
				<ele>6.088078677654266</ele>
				<time>2022-09-07T16:04:55Z</time>
			</trkpt>
			<trkpt lat="59.945797052402" lon="30.377645133737936">
				<ele>4.785699921660125</ele>
				<time>2022-09-07T16:04:57Z</time>
			</trkpt>
			<trkpt lat="59.94581494821439" lon="30.3776316459958">
				<ele>5.042813539505005</ele>
				<time>2022-09-07T16:04:59Z</time>
			</trkpt>
			<trkpt lat="59.945836294254576" lon="30.37763052197126">
				<ele>5.3976672645658255</ele>
				<time>2022-09-07T16:05:01Z</time>
			</trkpt>
			<trkpt lat="59.94585966729681" lon="30.37763208612874">
				<ele>1.0367258554324508</ele>
				<time>2022-09-07T16:05:05Z</time>
			</trkpt>
			<trkpt lat="59.94588697069051" lon="30.37760919845068">
				<ele>2.6179218934848905</ele>
				<time>2022-09-07T16:05:08Z</time>
			</trkpt>
			<trkpt lat="59.9459185271" lon="30.377584690618455">
				<ele>1.7395043699070811</ele>
				<time>2022-09-07T16:05:10Z</time>
			</trkpt>
			<trkpt lat="59.94593656068096" lon="30.377578051123272">
				<ele>3.251702580600977</ele>
				<time>2022-09-07T16:05:11Z</time>
			</trkpt>
			<trkpt lat="59.945957085356845" lon="30.377569039266728">
				<ele>-0.6035539889708161</ele>
				<time>2022-09-07T16:05:15Z</time>
			</trkpt>
			<trkpt lat="59.945982760286114" lon="30.377563109216304">
				<ele>-0.25147724617272615</ele>
				<time>2022-09-07T16:05:17Z</time>
			</trkpt>
			<trkpt lat="59.946015966585215" lon="30.377546272883617">
				<ele>2.360978833399713</ele>
				<time>2022-09-07T16:05:19Z</time>
			</trkpt>
			<trkpt lat="59.94604081948179" lon="30.377546219724678">
				<ele>3.9073931565508246</ele>
				<time>2022-09-07T16:05:21Z</time>
			</trkpt>
			<trkpt lat="59.9460580692523" lon="30.37751292042928">
				<ele>4.815969628281891</ele>
				<time>2022-09-07T16:05:22Z</time>
			</trkpt>
			<trkpt lat="59.94608259248865" lon="30.37748246853144">
				<ele>3.1289230659604073</ele>
				<time>2022-09-07T16:05:26Z</time>
			</trkpt>
			<trkpt lat="59.94610072629159" lon="30.377465856399628">
				<ele>3.982011565938592</ele>
				<time>2022-09-07T16:05:27Z</time>
			</trkpt>
			<trkpt lat="59.946121691217094" lon="30.377439892037838">
				<ele>4.073020422831178</ele>
				<time>2022-09-07T16:05:29Z</time>
			</trkpt>
			<trkpt lat="59.94613702884109" lon="30.377407494805265">
				<ele>5.077688124962151</ele>
				<time>2022-09-07T16:05:33Z</time>
			</trkpt>
			<trkpt lat="59.946158659990274" lon="30.377393844750827">
				<ele>3.833190184086561</ele>
				<time>2022-09-07T16:05:35Z</time>
			</trkpt>
			<trkpt lat="59.946185185411224" lon="30.377389478178305">
				<ele>5.122326732613146</ele>
				<time>2022-09-07T16:05:36Z</time>
			</trkpt>
			<trkpt lat="59.946206384197424" lon="30.377378718212604">
				<ele>2.3500089878216386</ele>
				<time>2022-09-07T16:05:39Z</time>
			</trkpt>
			<trkpt lat="59.94622211588763" lon="30.377346862656417">
				<ele>0.14506729319691658</ele>
				<time>2022-09-07T16:05:42Z</time>
			</trkpt>
			<trkpt lat="59.94624299405183" lon="30.37731260896628">
				<ele>3.361414493061602</ele>
				<time>2022-09-07T16:05:44Z</time>
			</trkpt>
			<trkpt lat="59.94626062193754" lon="30.37729040917024">
				<ele>-2.4855066938325763</ele>
				<time>2022-09-07T16:05:47Z</time>
			</trkpt>
			<trkpt lat="59.94627998727372" lon="30.377253146128915">
				<ele>0.2432567896321416</ele>
				<time>2022-09-07T16:05:48Z</time>
			</trkpt>
			<trkpt lat="59.94628784135434" lon="30.377215898193203">
				<ele>0.5736200967803597</ele>
				<time>2022-09-07T16:05:50Z</time>
			</trkpt>
			<trkpt lat="59.94629371017893" lon="30.377175820481042">
				<ele>-2.4875648515298963</ele>
				<time>2022-09-07T16:05:52Z</time>
			</trkpt>
			<trkpt lat="59.94631057605198" lon="30.377149419719608">
				<ele>0.2785626510158181</ele>
				<time>2022-09-07T16:05:54Z</time>
			</trkpt>
			<trkpt lat="59.946323394391186" lon="30.37711796380447">
				<ele>2.8343669697642326</ele>
				<time>2022-09-07T16:05:56Z</time>
			</trkpt>
			<trkpt lat="59.94634672352422" lon="30.37707816353114">
				<ele>1.2846989603713155</ele>
				<time>2022-09-07T16:05:59Z</time>
			</trkpt>
			<trkpt lat="59.9463502759296" lon="30.377022776195197">
				<ele>1.8043446000665426</ele>
				<time>2022-09-07T16:06:01Z</time>
			</trkpt>
			<trkpt lat="59.94633728016096" lon="30.376987585615254">
				<ele>1.8629367733374238</ele>
				<time>2022-09-07T16:06:03Z</time>
			</trkpt>
			<trkpt lat="59.94632081430562" lon="30.376947822102377">
				<ele>3.317089868709445</ele>
				<time>2022-09-07T16:06:06Z</time>
			</trkpt>
			<trkpt lat="59.9462980664185" lon="30.37691522769833">
				<ele>4.628139149397612</ele>
				<time>2022-09-07T16:06:08Z</time>
			</trkpt>
			<trkpt lat="59.94628143397567" lon="30.376895391134838">
				<ele>4.938457257114351</ele>
				<time>2022-09-07T16:06:09Z</time>
			</trkpt>
			<trkpt lat="59.94627430331491" lon="30.37693790215267">
				<ele>1.6560367513448</ele>
				<time>2022-09-07T16:06:10Z</time>
			</trkpt>
			<trkpt lat="59.946251048861754" lon="30.376915766283098">
				<ele>4.587773102335632</ele>
				<time>2022-09-07T16:06:11Z</time>
			</trkpt>
			<trkpt lat="59.9462544094693" lon="30.37695742433188">
				<ele>3.039463044144213</ele>
				<time>2022-09-07T16:06:13Z</time>
			</trkpt>
			<trkpt lat="59.94622874813435" lon="30.37694472573316">
				<ele>0.8133363323286176</ele>
				<time>2022-09-07T16:06:15Z</time>
			</trkpt>
			<trkpt lat="59.946192091445624" lon="30.376918123568373">
				<ele>2.6326692765578628</ele>
				<time>2022-09-07T16:06:17Z</time>
			</trkpt>
			<trkpt lat="59.94615336982224" lon="30.37690627411508">
				<ele>3.7880523335188627</ele>
				<time>2022-09-07T16:06:20Z</time>
			</trkpt>
			<trkpt lat="59.94613320567083" lon="30.3768795226803">
				<ele>2.560212424956262</ele>
				<time>2022-09-07T16:06:22Z</time>
			</trkpt>
			<trkpt lat="59.94611070262782" lon="30.376868933615608">
				<ele>3.3986194664612412</ele>
				<time>2022-09-07T16:06:24Z</time>
			</trkpt>
			<trkpt lat="59.94608776515536" lon="30.376863349251476">
				<ele>3.5220534382387996</ele>
				<time>2022-09-07T16:06:26Z</time>
			</trkpt>
			<trkpt lat="59.94606858286486" lon="30.37686475131446">
				<ele>2.1045990204438567</ele>
				<time>2022-09-07T16:06:28Z</time>
			</trkpt>
			<trkpt lat="59.94604793864472" lon="30.37684476931557">
				<ele>1.3941763686016202</ele>
				<time>2022-09-07T16:06:30Z</time>
			</trkpt>
			<trkpt lat="59.946023788037074" lon="30.37681962111121">
				<ele>3.7356023835018277</ele>
				<time>2022-09-07T16:06:32Z</time>
			</trkpt>
			<trkpt lat="59.945994362442654" lon="30.37680080405396">
				<ele>6.80704406555742</ele>
				<time>2022-09-07T16:06:35Z</time>
			</trkpt>
			<trkpt lat="59.94597126813946" lon="30.37677057598423">
				<ele>5.591814156621695</ele>
				<time>2022-09-07T16:06:38Z</time>
			</trkpt>
			<trkpt lat="59.9459525950957" lon="30.37674880218666">
				<ele>6.692168863490224</ele>
				<time>2022-09-07T16:06:41Z</time>
			</trkpt>
			<trkpt lat="59.94592722314431" lon="30.376709014936637">
				<ele>12.05360356066376</ele>
				<time>2022-09-07T16:06:43Z</time>
			</trkpt>
			<trkpt lat="59.945906191482656" lon="30.376708043432547">
				<ele>9.90970002207905</ele>
				<time>2022-09-07T16:06:45Z</time>
			</trkpt>
			<trkpt lat="59.94588661228998" lon="30.37668891242438">
				<ele>9.684472976252437</ele>
				<time>2022-09-07T16:06:46Z</time>
			</trkpt>
			<trkpt lat="59.94586996686543" lon="30.37666075470712">
				<ele>9.128015166148543</ele>
				<time>2022-09-07T16:06:47Z</time>
			</trkpt>
			<trkpt lat="59.94585163876238" lon="30.37667192638507">
				<ele>8.449427366256714</ele>
				<time>2022-09-07T16:06:48Z</time>
			</trkpt>
			<trkpt lat="59.945846953258965" lon="30.37663304828588">
				<ele>9.512741290032864</ele>
				<time>2022-09-07T16:06:50Z</time>
			</trkpt>
			<trkpt lat="59.945822193080524" lon="30.376606959249486">
				<ele>8.360794304870069</ele>
				<time>2022-09-07T16:06:53Z</time>
			</trkpt>
			<trkpt lat="59.945802265016425" lon="30.3765924837072">
				<ele>8.672934768721461</ele>
				<time>2022-09-07T16:06:56Z</time>
			</trkpt>
			<trkpt lat="59.94578376131577" lon="30.37657037889519">
				<ele>10.368918656371534</ele>
				<time>2022-09-07T16:06:58Z</time>
			</trkpt>
			<trkpt lat="59.94576095136689" lon="30.37654141574411">
				<ele>10.711391122080386</ele>
				<time>2022-09-07T16:07:00Z</time>
			</trkpt>
			<trkpt lat="59.945742759116314" lon="30.376548750823208">
				<ele>8.947160062380135</ele>
				<time>2022-09-07T16:07:02Z</time>
			</trkpt>
			<trkpt lat="59.94572386375766" lon="30.37652978082066">
				<ele>11.210932740941644</ele>
				<time>2022-09-07T16:07:04Z</time>
			</trkpt>
			<trkpt lat="59.9456924718008" lon="30.376496662240438">
				<ele>3.870405863970518</ele>
				<time>2022-09-07T16:07:07Z</time>
			</trkpt>
			<trkpt lat="59.94567994405785" lon="30.37646412447168">
				<ele>6.377509054727852</ele>
				<time>2022-09-07T16:07:11Z</time>
			</trkpt>
			<trkpt lat="59.945661099786165" lon="30.376428910000897">
				<ele>4.537374431267381</ele>
				<time>2022-09-07T16:07:13Z</time>
			</trkpt>
			<trkpt lat="59.945650977126434" lon="30.376394919594407">
				<ele>2.3374725338071585</ele>
				<time>2022-09-07T16:07:16Z</time>
			</trkpt>
			<trkpt lat="59.945626491243345" lon="30.376375364802406">
				<ele>4.291816256009042</ele>
				<time>2022-09-07T16:07:18Z</time>
			</trkpt>
			<trkpt lat="59.945605690870366" lon="30.376356619501422">
				<ele>3.7161741824820638</ele>
				<time>2022-09-07T16:07:20Z</time>
			</trkpt>
			<trkpt lat="59.94558468480106" lon="30.376342133221637">
				<ele>0.3124359557405114</ele>
				<time>2022-09-07T16:07:22Z</time>
			</trkpt>
			<trkpt lat="59.94556632022155" lon="30.376309133055436">
				<ele>4.446663551032543</ele>
				<time>2022-09-07T16:07:24Z</time>
			</trkpt>
			<trkpt lat="59.94554683332644" lon="30.376288227837748">
				<ele>4.658091234974563</ele>
				<time>2022-09-07T16:07:26Z</time>
			</trkpt>
			<trkpt lat="59.94553703926105" lon="30.376235100459727">
				<ele>6.445567149668932</ele>
				<time>2022-09-07T16:07:28Z</time>
			</trkpt>
			<trkpt lat="59.94552116788782" lon="30.37620234147402">
				<ele>2.7548625776544213</ele>
				<time>2022-09-07T16:07:31Z</time>
			</trkpt>
			<trkpt lat="59.94550596264705" lon="30.376181415439447">
				<ele>4.648085384629667</ele>
				<time>2022-09-07T16:07:33Z</time>
			</trkpt>
			<trkpt lat="59.94550979059017" lon="30.3761340054623">
				<ele>6.56847027130425</ele>
				<time>2022-09-07T16:07:35Z</time>
			</trkpt>
			<trkpt lat="59.94548973899818" lon="30.376091147859867">
				<ele>7.298531495966017</ele>
				<time>2022-09-07T16:07:39Z</time>
			</trkpt>
			<trkpt lat="59.945465286770954" lon="30.376070442151182">
				<ele>5.348306471481919</ele>
				<time>2022-09-07T16:07:41Z</time>
			</trkpt>
			<trkpt lat="59.945466165595484" lon="30.37603020017496">
				<ele>4.066858898848295</ele>
				<time>2022-09-07T16:07:43Z</time>
			</trkpt>
			<trkpt lat="59.94547016908045" lon="30.3759722139376">
				<ele>4.230426083318889</ele>
				<time>2022-09-07T16:07:45Z</time>
			</trkpt>
			<trkpt lat="59.94547923301157" lon="30.375924575985696">
				<ele>6.661718946881592</ele>
				<time>2022-09-07T16:07:48Z</time>
			</trkpt>
			<trkpt lat="59.94547039213832" lon="30.375877483424656">
				<ele>2.0008545452728868</ele>
				<time>2022-09-07T16:07:50Z</time>
			</trkpt>
			<trkpt lat="59.94548354599519" lon="30.375831980219445">
				<ele>3.12513074465096</ele>
				<time>2022-09-07T16:07:53Z</time>
			</trkpt>
			<trkpt lat="59.9455032630154" lon="30.375809175849255">
				<ele>3.4463908886536956</ele>
				<time>2022-09-07T16:07:56Z</time>
			</trkpt>
			<trkpt lat="59.94552343275484" lon="30.375783262346843">
				<ele>6.507718034088612</ele>
				<time>2022-09-07T16:07:57Z</time>
			</trkpt>
			<trkpt lat="59.945515163132825" lon="30.375745903037117">
				<ele>3.514867288991809</ele>
				<time>2022-09-07T16:08:00Z</time>
			</trkpt>
			<trkpt lat="59.94551463207208" lon="30.375701351534932">
				<ele>6.462842156179249</ele>
				<time>2022-09-07T16:08:02Z</time>
			</trkpt>
			<trkpt lat="59.94549817770177" lon="30.37567276464203">
				<ele>5.042919999919832</ele>
				<time>2022-09-07T16:08:04Z</time>
			</trkpt>
			<trkpt lat="59.9454882784387" lon="30.37562392398197">
				<ele>5.958426881581545</ele>
				<time>2022-09-07T16:08:06Z</time>
			</trkpt>
			<trkpt lat="59.94548435261169" lon="30.37558269017544">
				<ele>5.431819697842002</ele>
				<time>2022-09-07T16:08:08Z</time>
			</trkpt>
			<trkpt lat="59.9454753999528" lon="30.37553347692371">
				<ele>8.025348453782499</ele>
				<time>2022-09-07T16:08:10Z</time>
			</trkpt>
			<trkpt lat="59.94545723351704" lon="30.37550642695183">
				<ele>3.3876957716420293</ele>
				<time>2022-09-07T16:08:13Z</time>
			</trkpt>
			<trkpt lat="59.94544196440361" lon="30.375467066850145">
				<ele>3.885556527413428</ele>
				<time>2022-09-07T16:08:15Z</time>
			</trkpt>
			<trkpt lat="59.9454220599424" lon="30.375447848733522">
				<ele>6.053318766877055</ele>
				<time>2022-09-07T16:08:18Z</time>
			</trkpt>
			<trkpt lat="59.94540255559874" lon="30.375431327697687">
				<ele>3.3935601636767387</ele>
				<time>2022-09-07T16:08:20Z</time>
			</trkpt>
			<trkpt lat="59.9453812207125" lon="30.37540613312682">
				<ele>5.359965345822275</ele>
				<time>2022-09-07T16:08:22Z</time>
			</trkpt>
			<trkpt lat="59.945354654539514" lon="30.375385574964913">
				<ele>0.5817986018955708</ele>
				<time>2022-09-07T16:08:24Z</time>
			</trkpt>
			<trkpt lat="59.9453305438893" lon="30.375367506188987">
				<ele>0.060937413945794106</ele>
				<time>2022-09-07T16:08:26Z</time>
			</trkpt>
			<trkpt lat="59.94530787929438" lon="30.375363945586226">
				<ele>0.1785878287628293</ele>
				<time>2022-09-07T16:08:27Z</time>
			</trkpt>
			<trkpt lat="59.94528958744515" lon="30.375339500400443">
				<ele>0.2275076424703002</ele>
				<time>2022-09-07T16:08:29Z</time>
			</trkpt>
			<trkpt lat="59.945270238007865" lon="30.375332045236096">
				<ele>0.86766074039042</ele>
				<time>2022-09-07T16:08:31Z</time>
			</trkpt>
			<trkpt lat="59.94524675130464" lon="30.375321429230482">
				<ele>3.004259488545358</ele>
				<time>2022-09-07T16:08:33Z</time>
			</trkpt>
			<trkpt lat="59.94522126441349" lon="30.375309422113986">
				<ele>-0.3554887967184186</ele>
				<time>2022-09-07T16:08:35Z</time>
			</trkpt>
			<trkpt lat="59.94520622658937" lon="30.375282360873584">
				<ele>0.24171812925487757</ele>
				<time>2022-09-07T16:08:37Z</time>
			</trkpt>
			<trkpt lat="59.94518907922011" lon="30.375266677464904">
				<ele>2.805317689664662</ele>
				<time>2022-09-07T16:08:38Z</time>
			</trkpt>
			<trkpt lat="59.945175676163146" lon="30.37524078648799">
				<ele>3.6145324427634478</ele>
				<time>2022-09-07T16:08:39Z</time>
			</trkpt>
			<trkpt lat="59.945186063234694" lon="30.375194745094305">
				<ele>3.4368758983910084</ele>
				<time>2022-09-07T16:08:41Z</time>
			</trkpt>
			<trkpt lat="59.94521380531922" lon="30.3751460151127">
				<ele>4.557341519743204</ele>
				<time>2022-09-07T16:08:43Z</time>
			</trkpt>
			<trkpt lat="59.94521828476006" lon="30.375101028983924">
				<ele>1.2348574288189411</ele>
				<time>2022-09-07T16:08:46Z</time>
			</trkpt>
			<trkpt lat="59.945231743468035" lon="30.375057239697444">
				<ele>4.20353059284389</ele>
				<time>2022-09-07T16:08:48Z</time>
			</trkpt>
			<trkpt lat="59.94523410509196" lon="30.375015280251073">
				<ele>4.165955233387649</ele>
				<time>2022-09-07T16:08:50Z</time>
			</trkpt>
			<trkpt lat="59.945248601684895" lon="30.374968580013714">
				<ele>5.5387164475396276</ele>
				<time>2022-09-07T16:08:52Z</time>
			</trkpt>
			<trkpt lat="59.945255898885456" lon="30.374911080849177">
				<ele>3.4144685696810484</ele>
				<time>2022-09-07T16:08:55Z</time>
			</trkpt>
			<trkpt lat="59.945267557623296" lon="30.374861711575555">
				<ele>5.194260533899069</ele>
				<time>2022-09-07T16:08:57Z</time>
			</trkpt>
			<trkpt lat="59.94527721910046" lon="30.374822128224523">
				<ele>4.5387734938412905</ele>
				<time>2022-09-07T16:08:59Z</time>
			</trkpt>
			<trkpt lat="59.94528025560375" lon="30.37478246392604">
				<ele>6.521021349355578</ele>
				<time>2022-09-07T16:09:01Z</time>
			</trkpt>
			<trkpt lat="59.94529066092803" lon="30.37473689846619">
				<ele>5.292891980148852</ele>
				<time>2022-09-07T16:09:04Z</time>
			</trkpt>
			<trkpt lat="59.94529702341166" lon="30.374670084592736">
				<ele>4.226425957866013</ele>
				<time>2022-09-07T16:09:06Z</time>
			</trkpt>
			<trkpt lat="59.94530033346749" lon="30.374620576635664">
				<ele>7.301291787065566</ele>
				<time>2022-09-07T16:09:09Z</time>
			</trkpt>
			<trkpt lat="59.945295719318" lon="30.37456717309057">
				<ele>6.890387613326311</ele>
				<time>2022-09-07T16:09:11Z</time>
			</trkpt>
			<trkpt lat="59.945297821985726" lon="30.374513374898115">
				<ele>9.262382937595248</ele>
				<time>2022-09-07T16:09:13Z</time>
			</trkpt>
			<trkpt lat="59.94529757116171" lon="30.37445438984302">
				<ele>5.827358324080706</ele>
				<time>2022-09-07T16:09:16Z</time>
			</trkpt>
			<trkpt lat="59.94530995688533" lon="30.374390453908216">
				<ele>5.636201834306121</ele>
				<time>2022-09-07T16:09:19Z</time>
			</trkpt>
			<trkpt lat="59.945332205267086" lon="30.374351894731873">
				<ele>8.268926678225398</ele>
				<time>2022-09-07T16:09:21Z</time>
			</trkpt>
			<trkpt lat="59.94533474910579" lon="30.374296133982902">
				<ele>8.70191614702344</ele>
				<time>2022-09-07T16:09:24Z</time>
			</trkpt>
			<trkpt lat="59.94534157186476" lon="30.374246228915407">
				<ele>10.015663529746234</ele>
				<time>2022-09-07T16:09:26Z</time>
			</trkpt>
			<trkpt lat="59.9453373176223" lon="30.374195627220164">
				<ele>8.350078321993351</ele>
				<time>2022-09-07T16:09:28Z</time>
			</trkpt>
			<trkpt lat="59.94533670360694" lon="30.3741403870474">
				<ele>5.77368039637804</ele>
				<time>2022-09-07T16:09:30Z</time>
			</trkpt>
			<trkpt lat="59.945339628850164" lon="30.374087613420393">
				<ele>7.3883880116045475</ele>
				<time>2022-09-07T16:09:32Z</time>
			</trkpt>
			<trkpt lat="59.94534132111905" lon="30.374042065444673">
				<ele>6.773540943861008</ele>
				<time>2022-09-07T16:09:34Z</time>
			</trkpt>
			<trkpt lat="59.945350000709766" lon="30.373981061832772">
				<ele>8.305051671341062</ele>
				<time>2022-09-07T16:09:38Z</time>
			</trkpt>
			<trkpt lat="59.94535187967283" lon="30.3739378508146">
				<ele>4.774856632575393</ele>
				<time>2022-09-07T16:09:40Z</time>
			</trkpt>
			<trkpt lat="59.945349307796796" lon="30.373890591894956">
				<ele>3.4714333368465304</ele>
				<time>2022-09-07T16:09:42Z</time>
			</trkpt>
			<trkpt lat="59.94534616495122" lon="30.373844064586642">
				<ele>4.097441783174872</ele>
				<time>2022-09-07T16:09:44Z</time>
			</trkpt>
			<trkpt lat="59.945344927649586" lon="30.37379883235561">
				<ele>5.017860501073301</ele>
				<time>2022-09-07T16:09:46Z</time>
			</trkpt>
			<trkpt lat="59.94534438214606" lon="30.373755345953175">
				<ele>6.467909217812121</ele>
				<time>2022-09-07T16:09:48Z</time>
			</trkpt>
			<trkpt lat="59.945344586148366" lon="30.37371108069013">
				<ele>4.5351096503436565</ele>
				<time>2022-09-07T16:09:50Z</time>
			</trkpt>
			<trkpt lat="59.945346607857275" lon="30.37366946874098">
				<ele>3.8097973251715302</ele>
				<time>2022-09-07T16:09:52Z</time>
			</trkpt>
			<trkpt lat="59.94534447511633" lon="30.373631912033254">
				<ele>3.9169160528108478</ele>
				<time>2022-09-07T16:09:53Z</time>
			</trkpt>
			<trkpt lat="59.945345828538926" lon="30.373583083845567">
				<ele>7.713505260646343</ele>
				<time>2022-09-07T16:09:55Z</time>
			</trkpt>
			<trkpt lat="59.94535187025028" lon="30.37351215047519">
				<ele>6.863036526367068</ele>
				<time>2022-09-07T16:09:59Z</time>
			</trkpt>
			<trkpt lat="59.94534940167486" lon="30.373444387938022">
				<ele>8.888610403053463</ele>
				<time>2022-09-07T16:10:01Z</time>
			</trkpt>
			<trkpt lat="59.94533952589111" lon="30.373412322611873">
				<ele>2.021968432702124</ele>
				<time>2022-09-07T16:10:05Z</time>
			</trkpt>
			<trkpt lat="59.945346632162575" lon="30.373354485527244">
				<ele>4.31496624276042</ele>
				<time>2022-09-07T16:10:07Z</time>
			</trkpt>
			<trkpt lat="59.94534981706693" lon="30.373316422782388">
				<ele>4.236551416106522</ele>
				<time>2022-09-07T16:10:08Z</time>
			</trkpt>
			<trkpt lat="59.945360821912644" lon="30.37327309244474">
				<ele>4.0763980550691485</ele>
				<time>2022-09-07T16:10:10Z</time>
			</trkpt>
			<trkpt lat="59.94536212692155" lon="30.37323659511742">
				<ele>5.261356714181602</ele>
				<time>2022-09-07T16:10:11Z</time>
			</trkpt>
			<trkpt lat="59.94537021459291" lon="30.37320291506798">
				<ele>3.461610442958772</ele>
				<time>2022-09-07T16:10:14Z</time>
			</trkpt>
			<trkpt lat="59.94539047326565" lon="30.373220421605552">
				<ele>5.61439195740968</ele>
				<time>2022-09-07T16:10:15Z</time>
			</trkpt>
			<trkpt lat="59.94539136501527" lon="30.37316862488715">
				<ele>4.524645484983921</ele>
				<time>2022-09-07T16:10:17Z</time>
			</trkpt>
			<trkpt lat="59.945397983701575" lon="30.37311990220629">
				<ele>4.810989239253104</ele>
				<time>2022-09-07T16:10:20Z</time>
			</trkpt>
			<trkpt lat="59.945396698549935" lon="30.373066150219454">
				<ele>1.8374878820031881</ele>
				<time>2022-09-07T16:10:22Z</time>
			</trkpt>
			<trkpt lat="59.945390211449094" lon="30.37300815443466">
				<ele>0.03385956399142742</ele>
				<time>2022-09-07T16:10:23Z</time>
			</trkpt>
			<trkpt lat="59.945394708245196" lon="30.372970789780542">
				<ele>1.385466423816979</ele>
				<time>2022-09-07T16:10:26Z</time>
			</trkpt>
			<trkpt lat="59.94540145588976" lon="30.372928918136967">
				<ele>2.270045407116413</ele>
				<time>2022-09-07T16:10:28Z</time>
			</trkpt>
			<trkpt lat="59.94539145343147" lon="30.37286034733616">
				<ele>4.579774436540902</ele>
				<time>2022-09-07T16:10:30Z</time>
			</trkpt>
			<trkpt lat="59.9453861686407" lon="30.372820878308833">
				<ele>1.103404637426138</ele>
				<time>2022-09-07T16:10:32Z</time>
			</trkpt>
			<trkpt lat="59.94539957032318" lon="30.37278601082774">
				<ele>0.14603762328624725</ele>
				<time>2022-09-07T16:10:34Z</time>
			</trkpt>
			<trkpt lat="59.94541613496946" lon="30.372745801865328">
				<ele>1.4621876385062933</ele>
				<time>2022-09-07T16:10:36Z</time>
			</trkpt>
			<trkpt lat="59.94542532605208" lon="30.37268188556993">
				<ele>2.9868288543075323</ele>
				<time>2022-09-07T16:10:38Z</time>
			</trkpt>
			<trkpt lat="59.94542405162204" lon="30.37264074445514">
				<ele>3.456558607518673</ele>
				<time>2022-09-07T16:10:41Z</time>
			</trkpt>
			<trkpt lat="59.94541723309282" lon="30.372567103345908">
				<ele>3.127746472135186</ele>
				<time>2022-09-07T16:10:43Z</time>
			</trkpt>
			<trkpt lat="59.94543023419533" lon="30.37252991775271">
				<ele>5.284616886638105</ele>
				<time>2022-09-07T16:10:45Z</time>
			</trkpt>
			<trkpt lat="59.94542929449574" lon="30.37248799460948">
				<ele>2.571713976562023</ele>
				<time>2022-09-07T16:10:46Z</time>
			</trkpt>
			<trkpt lat="59.94542716967119" lon="30.372447156355058">
				<ele>1.5724611347541213</ele>
				<time>2022-09-07T16:10:49Z</time>
			</trkpt>
			<trkpt lat="59.94545418204351" lon="30.37241165258103">
				<ele>2.4122229078784585</ele>
				<time>2022-09-07T16:10:55Z</time>
			</trkpt>
			<trkpt lat="59.94547223633458" lon="30.372415722803698">
				<ele>5.925962950102985</ele>
				<time>2022-09-07T16:10:56Z</time>
			</trkpt>
			<trkpt lat="59.94546174655173" lon="30.37236571676038">
				<ele>1.3229070389643312</ele>
				<time>2022-09-07T16:10:58Z</time>
			</trkpt>
			<trkpt lat="59.94545791012956" lon="30.37232414094855">
				<ele>-2.2444879934191704</ele>
				<time>2022-09-07T16:11:00Z</time>
			</trkpt>
			<trkpt lat="59.945454831811816" lon="30.372200705415246">
				<ele>1.2029358306899667</ele>
				<time>2022-09-07T16:11:02Z</time>
			</trkpt>
			<trkpt lat="59.94546214832391" lon="30.37214778147658">
				<ele>0.5148670002818108</ele>
				<time>2022-09-07T16:11:04Z</time>
			</trkpt>
			<trkpt lat="59.945476057048474" lon="30.372117146350817">
				<ele>1.4546739710494876</ele>
				<time>2022-09-07T16:11:06Z</time>
			</trkpt>
			<trkpt lat="59.94548381200562" lon="30.372078360787807">
				<ele>0.6848338600248098</ele>
				<time>2022-09-07T16:11:07Z</time>
			</trkpt>
			<trkpt lat="59.945493536350014" lon="30.372046991167647">
				<ele>0.8663905719295144</ele>
				<time>2022-09-07T16:11:08Z</time>
			</trkpt>
			<trkpt lat="59.94546409723397" lon="30.37195987040809">
				<ele>3.4120701225474477</ele>
				<time>2022-09-07T16:11:09Z</time>
			</trkpt>
			<trkpt lat="59.9454494616271" lon="30.371918205188997">
				<ele>5.419954790733755</ele>
				<time>2022-09-07T16:11:10Z</time>
			</trkpt>
			<trkpt lat="59.94543624405152" lon="30.371887403741702">
				<ele>-0.8870828468352556</ele>
				<time>2022-09-07T16:11:12Z</time>
			</trkpt>
			<trkpt lat="59.945460983662294" lon="30.371889928098383">
				<ele>2.2360877403989434</ele>
				<time>2022-09-07T16:11:13Z</time>
			</trkpt>
			<trkpt lat="59.94546188051429" lon="30.371849193669608">
				<ele>2.1587229734286666</ele>
				<time>2022-09-07T16:11:16Z</time>
			</trkpt>
			<trkpt lat="59.94544581192145" lon="30.37179955170962">
				<ele>1.3344224579632282</ele>
				<time>2022-09-07T16:11:17Z</time>
			</trkpt>
			<trkpt lat="59.94542076264803" lon="30.3717688406172">
				<ele>0.7775614326819777</ele>
				<time>2022-09-07T16:11:19Z</time>
			</trkpt>
			<trkpt lat="59.94540645413135" lon="30.37171869587165">
				<ele>1.273713206872344</ele>
				<time>2022-09-07T16:11:21Z</time>
			</trkpt>
			<trkpt lat="59.945393806612714" lon="30.371686986246083">
				<ele>3.8510121535509825</ele>
				<time>2022-09-07T16:11:22Z</time>
			</trkpt>
			<trkpt lat="59.945375290115265" lon="30.371662958732745">
				<ele>0.293386485427618</ele>
				<time>2022-09-07T16:11:24Z</time>
			</trkpt>
			<trkpt lat="59.945356514395215" lon="30.371636071698518">
				<ele>-0.11225664243102074</ele>
				<time>2022-09-07T16:11:27Z</time>
			</trkpt>
			<trkpt lat="59.94533129609446" lon="30.371574985505436">
				<ele>1.4884601514786482</ele>
				<time>2022-09-07T16:11:29Z</time>
			</trkpt>
			<trkpt lat="59.94532493989026" lon="30.371533877205373">
				<ele>3.504136490635574</ele>
				<time>2022-09-07T16:11:32Z</time>
			</trkpt>
			<trkpt lat="59.945315729961216" lon="30.371482142034075">
				<ele>0.9876860911026597</ele>
				<time>2022-09-07T16:11:35Z</time>
			</trkpt>
			<trkpt lat="59.94530585991401" lon="30.371429699451394">
				<ele>1.5262533156201243</ele>
				<time>2022-09-07T16:11:37Z</time>
			</trkpt>
			<trkpt lat="59.94529509031962" lon="30.371394123930063">
				<ele>4.328077111393213</ele>
				<time>2022-09-07T16:11:39Z</time>
			</trkpt>
			<trkpt lat="59.945282079257474" lon="30.371365513580848">
				<ele>4.072236834093928</ele>
				<time>2022-09-07T16:11:41Z</time>
			</trkpt>
			<trkpt lat="59.945276847580175" lon="30.371329940165303">
				<ele>6.0344967767596245</ele>
				<time>2022-09-07T16:11:43Z</time>
			</trkpt>
			<trkpt lat="59.94526132103528" lon="30.371282027480614">
				<ele>4.05919976066798</ele>
				<time>2022-09-07T16:11:45Z</time>
			</trkpt>
			<trkpt lat="59.94524891035967" lon="30.371235886849643">
				<ele>1.6016273042187095</ele>
				<time>2022-09-07T16:11:47Z</time>
			</trkpt>
			<trkpt lat="59.945241402056304" lon="30.371194903250725">
				<ele>0.4447987712919712</ele>
				<time>2022-09-07T16:11:49Z</time>
			</trkpt>
			<trkpt lat="59.94522736981055" lon="30.371164000933476">
				<ele>-1.1070131370797753</ele>
				<time>2022-09-07T16:11:51Z</time>
			</trkpt>
			<trkpt lat="59.945216228313335" lon="30.371114281054858">
				<ele>-0.46405001170933247</ele>
				<time>2022-09-07T16:11:53Z</time>
			</trkpt>
			<trkpt lat="59.94518744477893" lon="30.371094783122658">
				<ele>2.6232334338128567</ele>
				<time>2022-09-07T16:11:55Z</time>
			</trkpt>
			<trkpt lat="59.94517046911322" lon="30.37103851364364">
				<ele>-0.6941716726869345</ele>
				<time>2022-09-07T16:11:58Z</time>
			</trkpt>
			<trkpt lat="59.94515467294982" lon="30.371016785186743">
				<ele>-1.5775830801576376</ele>
				<time>2022-09-07T16:12:00Z</time>
			</trkpt>
			<trkpt lat="59.94515549463645" lon="30.37096910897849">
				<ele>0.6108494605869055</ele>
				<time>2022-09-07T16:12:02Z</time>
			</trkpt>
			<trkpt lat="59.94514994329731" lon="30.370928464352403">
				<ele>0.47662730794399977</ele>
				<time>2022-09-07T16:12:04Z</time>
			</trkpt>
			<trkpt lat="59.9451387691901" lon="30.37087441446398">
				<ele>0.5289612263441086</ele>
				<time>2022-09-07T16:12:07Z</time>
			</trkpt>
			<trkpt lat="59.9451374802677" lon="30.370823231137603">
				<ele>-2.733316329307854</ele>
				<time>2022-09-07T16:12:09Z</time>
			</trkpt>
			<trkpt lat="59.94511675758445" lon="30.37079818758834">
				<ele>0.3442155746743083</ele>
				<time>2022-09-07T16:12:13Z</time>
			</trkpt>
			<trkpt lat="59.94511102954661" lon="30.37076178966644">
				<ele>0.195869205519557</ele>
				<time>2022-09-07T16:12:14Z</time>
			</trkpt>
			<trkpt lat="59.945100439823676" lon="30.370731259948702">
				<ele>0.41179989092051983</ele>
				<time>2022-09-07T16:12:15Z</time>
			</trkpt>
			<trkpt lat="59.94508620232289" lon="30.370677077139824">
				<ele>-2.258080877363682</ele>
				<time>2022-09-07T16:12:17Z</time>
			</trkpt>
			<trkpt lat="59.94508145940895" lon="30.370617411749652">
				<ele>-0.9985516890883446</ele>
				<time>2022-09-07T16:12:21Z</time>
			</trkpt>
			<trkpt lat="59.94506497337564" lon="30.370561634914676">
				<ele>-1.2832251898944378</ele>
				<time>2022-09-07T16:12:23Z</time>
			</trkpt>
			<trkpt lat="59.94505646936769" lon="30.370525875695144">
				<ele>-0.1478733466938138</ele>
				<time>2022-09-07T16:12:26Z</time>
			</trkpt>
			<trkpt lat="59.94504159360824" lon="30.370466736209142">
				<ele>0.8499526269733906</ele>
				<time>2022-09-07T16:12:28Z</time>
			</trkpt>
			<trkpt lat="59.94504961329474" lon="30.37042781149775">
				<ele>-2.036166771315038</ele>
				<time>2022-09-07T16:12:30Z</time>
			</trkpt>
			<trkpt lat="59.945049975973994" lon="30.370381317040355">
				<ele>-0.39427814073860645</ele>
				<time>2022-09-07T16:12:32Z</time>
			</trkpt>
			<trkpt lat="59.94503627466955" lon="30.37035779270791">
				<ele>1.7032398153096437</ele>
				<time>2022-09-07T16:12:34Z</time>
			</trkpt>
			<trkpt lat="59.94503478197641" lon="30.37029094928617">
				<ele>2.013922033831477</ele>
				<time>2022-09-07T16:12:36Z</time>
			</trkpt>
			<trkpt lat="59.945037424947564" lon="30.370252169582624">
				<ele>3.508459354750812</ele>
				<time>2022-09-07T16:12:37Z</time>
			</trkpt>
			<trkpt lat="59.945031435891515" lon="30.37019569926217">
				<ele>0.7427258575335145</ele>
				<time>2022-09-07T16:12:40Z</time>
			</trkpt>
			<trkpt lat="59.94503258757877" lon="30.370132850219353">
				<ele>2.125227146781981</ele>
				<time>2022-09-07T16:12:43Z</time>
			</trkpt>
			<trkpt lat="59.94502673223506" lon="30.37008009813119">
				<ele>1.7149068899452686</ele>
				<time>2022-09-07T16:12:45Z</time>
			</trkpt>
			<trkpt lat="59.94501774098166" lon="30.37001930783726">
				<ele>4.0647417195141315</ele>
				<time>2022-09-07T16:12:47Z</time>
			</trkpt>
			<trkpt lat="59.94500409550582" lon="30.369976940527042">
				<ele>3.4352082582190633</ele>
				<time>2022-09-07T16:12:49Z</time>
			</trkpt>
			<trkpt lat="59.94498270168501" lon="30.36993769913719">
				<ele>-1.0521230679005384</ele>
				<time>2022-09-07T16:12:52Z</time>
			</trkpt>
			<trkpt lat="59.9449939320053" lon="30.3698902938252">
				<ele>2.5373536236584187</ele>
				<time>2022-09-07T16:12:53Z</time>
			</trkpt>
			<trkpt lat="59.945001063663014" lon="30.369846319008232">
				<ele>2.152575417421758</ele>
				<time>2022-09-07T16:12:54Z</time>
			</trkpt>
			<trkpt lat="59.94501884478231" lon="30.36981521397269">
				<ele>1.3550503961741924</ele>
				<time>2022-09-07T16:12:56Z</time>
			</trkpt>
			<trkpt lat="59.945019351144936" lon="30.369767338996112">
				<ele>1.5217477288097143</ele>
				<time>2022-09-07T16:12:58Z</time>
			</trkpt>
			<trkpt lat="59.945037708294" lon="30.369728838321823">
				<ele>3.29389248136431</ele>
				<time>2022-09-07T16:13:00Z</time>
			</trkpt>
			<trkpt lat="59.94504169109431" lon="30.369669029742006">
				<ele>1.122802346944809</ele>
				<time>2022-09-07T16:13:03Z</time>
			</trkpt>
			<trkpt lat="59.94504683359236" lon="30.36963328844242">
				<ele>0.316787026822567</ele>
				<time>2022-09-07T16:13:05Z</time>
			</trkpt>
			<trkpt lat="59.94505616044039" lon="30.369576530808843">
				<ele>3.7567707244306803</ele>
				<time>2022-09-07T16:13:07Z</time>
			</trkpt>
			<trkpt lat="59.94505041081537" lon="30.36952544454432">
				<ele>2.36848771199584</ele>
				<time>2022-09-07T16:13:09Z</time>
			</trkpt>
			<trkpt lat="59.94504799469404" lon="30.369472818601125">
				<ele>2.30181313958019</ele>
				<time>2022-09-07T16:13:11Z</time>
			</trkpt>
			<trkpt lat="59.94505595162687" lon="30.369432446731842">
				<ele>5.9592506885528564</ele>
				<time>2022-09-07T16:13:14Z</time>
			</trkpt>
			<trkpt lat="59.945054775838415" lon="30.369369665411718">
				<ele>5.108884075656533</ele>
				<time>2022-09-07T16:13:16Z</time>
			</trkpt>
			<trkpt lat="59.94506107129686" lon="30.369330152064563">
				<ele>4.200544900260866</ele>
				<time>2022-09-07T16:13:18Z</time>
			</trkpt>
			<trkpt lat="59.945066356164524" lon="30.369268073013597">
				<ele>6.808737488463521</ele>
				<time>2022-09-07T16:13:20Z</time>
			</trkpt>
			<trkpt lat="59.94505941006704" lon="30.369228077177446">
				<ele>3.963594738394022</ele>
				<time>2022-09-07T16:13:22Z</time>
			</trkpt>
			<trkpt lat="59.94505643760758" lon="30.369191253174833">
				<ele>3.9027449525892735</ele>
				<time>2022-09-07T16:13:24Z</time>
			</trkpt>
			<trkpt lat="59.945070014526266" lon="30.369129407118763">
				<ele>5.716308952309191</ele>
				<time>2022-09-07T16:13:26Z</time>
			</trkpt>
			<trkpt lat="59.94507627532865" lon="30.369077875369545">
				<ele>3.6623012190684676</ele>
				<time>2022-09-07T16:13:28Z</time>
			</trkpt>
			<trkpt lat="59.945063670962675" lon="30.369040609399484">
				<ele>1.7300192350521684</ele>
				<time>2022-09-07T16:13:30Z</time>
			</trkpt>
			<trkpt lat="59.94506998756793" lon="30.369001170730446">
				<ele>1.2368456851691008</ele>
				<time>2022-09-07T16:13:32Z</time>
			</trkpt>
			<trkpt lat="59.94508368279803" lon="30.368968995533248">
				<ele>3.4219927890226245</ele>
				<time>2022-09-07T16:13:34Z</time>
			</trkpt>
			<trkpt lat="59.94508793904832" lon="30.36886458352516">
				<ele>3.3791627706959844</ele>
				<time>2022-09-07T16:13:36Z</time>
			</trkpt>
			<trkpt lat="59.94508374181561" lon="30.368815245268706">
				<ele>2.983652907423675</ele>
				<time>2022-09-07T16:13:40Z</time>
			</trkpt>
			<trkpt lat="59.94508813212251" lon="30.36874204182065">
				<ele>3.7851748233661056</ele>
				<time>2022-09-07T16:13:42Z</time>
			</trkpt>
			<trkpt lat="59.945087355064324" lon="30.368702886470203">
				<ele>3.526531861163676</ele>
				<time>2022-09-07T16:13:43Z</time>
			</trkpt>
			<trkpt lat="59.94508385551394" lon="30.368661351423345">
				<ele>5.344099398702383</ele>
				<time>2022-09-07T16:13:44Z</time>
			</trkpt>
			<trkpt lat="59.94507460552981" lon="30.368608326576854">
				<ele>0.20607368182390928</ele>
				<time>2022-09-07T16:13:47Z</time>
			</trkpt>
			<trkpt lat="59.94507394314784" lon="30.368560895693903">
				<ele>-1.0366332354024053</ele>
				<time>2022-09-07T16:13:50Z</time>
			</trkpt>
			<trkpt lat="59.94506878937177" lon="30.368502757225784">
				<ele>-0.9240941908210516</ele>
				<time>2022-09-07T16:13:52Z</time>
			</trkpt>
			<trkpt lat="59.94506369405607" lon="30.368438792634258">
				<ele>0.08449047990143299</ele>
				<time>2022-09-07T16:13:54Z</time>
			</trkpt>
			<trkpt lat="59.94507338369766" lon="30.368394040693783">
				<ele>2.0316913034766912</ele>
				<time>2022-09-07T16:13:56Z</time>
			</trkpt>
			<trkpt lat="59.945072909479755" lon="30.368346871754294">
				<ele>1.2831463078036904</ele>
				<time>2022-09-07T16:13:58Z</time>
			</trkpt>
			<trkpt lat="59.945082029648106" lon="30.36830234254831">
				<ele>0.3462620731443167</ele>
				<time>2022-09-07T16:14:00Z</time>
			</trkpt>
			<trkpt lat="59.945076845470574" lon="30.36826509763109">
				<ele>0.32392897084355354</ele>
				<time>2022-09-07T16:14:01Z</time>
			</trkpt>
			<trkpt lat="59.94507488160406" lon="30.368221935763902">
				<ele>0.98379628919065</ele>
				<time>2022-09-07T16:14:03Z</time>
			</trkpt>
			<trkpt lat="59.94508032121637" lon="30.368185366684475">
				<ele>2.0339133059605956</ele>
				<time>2022-09-07T16:14:06Z</time>
			</trkpt>
			<trkpt lat="59.945065829465456" lon="30.36811970169408">
				<ele>-0.5494206445291638</ele>
				<time>2022-09-07T16:14:08Z</time>
			</trkpt>
			<trkpt lat="59.94507680559451" lon="30.36806515510227">
				<ele>-1.3078074930235744</ele>
				<time>2022-09-07T16:14:10Z</time>
			</trkpt>
			<trkpt lat="59.94508706816566" lon="30.368029457696053">
				<ele>-1.2218947503715754</ele>
				<time>2022-09-07T16:14:12Z</time>
			</trkpt>
			<trkpt lat="59.94508218246659" lon="30.367983299215265">
				<ele>0.6182857155799866</ele>
				<time>2022-09-07T16:14:14Z</time>
			</trkpt>
			<trkpt lat="59.94509960143552" lon="30.367972770598257">
				<ele>1.7779437527060509</ele>
				<time>2022-09-07T16:14:15Z</time>
			</trkpt>
			<trkpt lat="59.94508845069142" lon="30.367922922901116">
				<ele>0.021972334012389183</ele>
				<time>2022-09-07T16:14:18Z</time>
			</trkpt>
			<trkpt lat="59.9450947498743" lon="30.367868242434337">
				<ele>-0.3168037720024586</ele>
				<time>2022-09-07T16:14:20Z</time>
			</trkpt>
			<trkpt lat="59.94510206405538" lon="30.36781300205599">
				<ele>1.9844358684495091</ele>
				<time>2022-09-07T16:14:22Z</time>
			</trkpt>
			<trkpt lat="59.945103202886536" lon="30.36777510613568">
				<ele>2.4166634641587734</ele>
				<time>2022-09-07T16:14:23Z</time>
			</trkpt>
			<trkpt lat="59.945116994344694" lon="30.367732300539316">
				<ele>-1.425211664289236</ele>
				<time>2022-09-07T16:14:26Z</time>
			</trkpt>
			<trkpt lat="59.94514124425917" lon="30.36772747142041">
				<ele>1.1035225689411163</ele>
				<time>2022-09-07T16:14:29Z</time>
			</trkpt>
			<trkpt lat="59.94516669454525" lon="30.367679248151482">
				<ele>1.016523640602827</ele>
				<time>2022-09-07T16:14:31Z</time>
			</trkpt>
			<trkpt lat="59.94514788599253" lon="30.36768310760156">
				<ele>3.4359680535271764</ele>
				<time>2022-09-07T16:14:35Z</time>
			</trkpt>
			<trkpt lat="59.94512734817594" lon="30.36768439870873">
				<ele>5.583611984737217</ele>
				<time>2022-09-07T16:14:38Z</time>
			</trkpt>
			<trkpt lat="59.94511377727057" lon="30.367657206079546">
				<ele>5.904596900567412</ele>
				<time>2022-09-07T16:14:43Z</time>
			</trkpt>
			<trkpt lat="59.9451242486992" lon="30.367615575035263">
				<ele>6.119894180446863</ele>
				<time>2022-09-07T16:14:52Z</time>
			</trkpt>
			<trkpt lat="59.94517633232933" lon="30.367555444554863">
				<ele>6.043611461296678</ele>
				<time>2022-09-07T16:15:13Z</time>
			</trkpt>
			<trkpt lat="59.945152512552625" lon="30.367581199686065">
				<ele>3.632428568787873</ele>
				<time>2022-09-07T16:15:15Z</time>
			</trkpt>
			<trkpt lat="59.94512462272475" lon="30.36759831856412">
				<ele>4.0873468248173594</ele>
				<time>2022-09-07T16:15:17Z</time>
			</trkpt>
			<trkpt lat="59.945110057042" lon="30.367623932027115">
				<ele>2.2015674486756325</ele>
				<time>2022-09-07T16:15:19Z</time>
			</trkpt>
			<trkpt lat="59.94508941873318" lon="30.367644845839216">
				<ele>1.566107883118093</ele>
				<time>2022-09-07T16:15:20Z</time>
			</trkpt>
			<trkpt lat="59.945067302464295" lon="30.367641024219186">
				<ele>1.3619742151349783</ele>
				<time>2022-09-07T16:15:21Z</time>
			</trkpt>
			<trkpt lat="59.94505669918812" lon="30.36768166020109">
				<ele>0.3831066805869341</ele>
				<time>2022-09-07T16:15:23Z</time>
			</trkpt>
			<trkpt lat="59.94503489895423" lon="30.36769504835239">
				<ele>2.025868460536003</ele>
				<time>2022-09-07T16:15:24Z</time>
			</trkpt>
			<trkpt lat="59.945024560404214" lon="30.3677398214022">
				<ele>1.1783802937716246</ele>
				<time>2022-09-07T16:15:25Z</time>
			</trkpt>
			<trkpt lat="59.9449983246788" lon="30.367724452834903">
				<ele>4.07261208910495</ele>
				<time>2022-09-07T16:15:27Z</time>
			</trkpt>
			<trkpt lat="59.94497147099273" lon="30.367698592700698">
				<ele>2.915889471769333</ele>
				<time>2022-09-07T16:15:29Z</time>
			</trkpt>
			<trkpt lat="59.94494893033126" lon="30.36770346610384">
				<ele>4.281587200239301</ele>
				<time>2022-09-07T16:15:31Z</time>
			</trkpt>
			<trkpt lat="59.94492350908625" lon="30.36770582035716">
				<ele>5.303086042404175</ele>
				<time>2022-09-07T16:15:33Z</time>
			</trkpt>
			<trkpt lat="59.94489870501842" lon="30.367704253742318">
				<ele>2.439367575570941</ele>
				<time>2022-09-07T16:15:35Z</time>
			</trkpt>
			<trkpt lat="59.94488340961281" lon="30.367682522929208">
				<ele>1.8494025897234678</ele>
				<time>2022-09-07T16:15:36Z</time>
			</trkpt>
			<trkpt lat="59.94489428467631" lon="30.367641171327186">
				<ele>2.26671074423939</ele>
				<time>2022-09-07T16:15:39Z</time>
			</trkpt>
			<trkpt lat="59.94489983435335" lon="30.367595235304286">
				<ele>2.23922611027956</ele>
				<time>2022-09-07T16:15:41Z</time>
			</trkpt>
			<trkpt lat="59.944909255254686" lon="30.367541887694845">
				<ele>2.6384504064917564</ele>
				<time>2022-09-07T16:15:43Z</time>
			</trkpt>
			<trkpt lat="59.94491414689561" lon="30.367489519912077">
				<ele>1.6117497077211738</ele>
				<time>2022-09-07T16:15:45Z</time>
			</trkpt>
			<trkpt lat="59.944920297562504" lon="30.367435220648556">
				<ele>0.5543651450425386</ele>
				<time>2022-09-07T16:15:47Z</time>
			</trkpt>
			<trkpt lat="59.94491739616043" lon="30.367362980056242">
				<ele>0.5141710974276066</ele>
				<time>2022-09-07T16:15:49Z</time>
			</trkpt>
			<trkpt lat="59.9449133344455" lon="30.367314311872466">
				<ele>2.634998698718846</ele>
				<time>2022-09-07T16:15:50Z</time>
			</trkpt>
			<trkpt lat="59.944906540143016" lon="30.367263655637313">
				<ele>4.274224732071161</ele>
				<time>2022-09-07T16:15:51Z</time>
			</trkpt>
			<trkpt lat="59.9449157830672" lon="30.36723042300492">
				<ele>5.98289140406996</ele>
				<time>2022-09-07T16:15:54Z</time>
			</trkpt>
			<trkpt lat="59.94489838018127" lon="30.367162660655797">
				<ele>8.032601249404252</ele>
				<time>2022-09-07T16:15:56Z</time>
			</trkpt>
			<trkpt lat="59.94489398581583" lon="30.367127741165785">
				<ele>7.6094912346452475</ele>
				<time>2022-09-07T16:15:57Z</time>
			</trkpt>
			<trkpt lat="59.94489931991493" lon="30.3670785864348">
				<ele>4.015943474136293</ele>
				<time>2022-09-07T16:15:59Z</time>
			</trkpt>
			<trkpt lat="59.9449271238365" lon="30.36705213114762">
				<ele>4.401153155602515</ele>
				<time>2022-09-07T16:16:00Z</time>
			</trkpt>
			<trkpt lat="59.944945629201804" lon="30.366984211054753">
				<ele>3.592269047163427</ele>
				<time>2022-09-07T16:16:02Z</time>
			</trkpt>
			<trkpt lat="59.944923669351255" lon="30.366978431830777">
				<ele>5.900548429228365</ele>
				<time>2022-09-07T16:16:03Z</time>
			</trkpt>
			<trkpt lat="59.94492309693782" lon="30.366934853473964">
				<ele>5.295749171636999</ele>
				<time>2022-09-07T16:16:08Z</time>
			</trkpt>
			<trkpt lat="59.944940742559815" lon="30.366886205338698">
				<ele>6.000159749761224</ele>
				<time>2022-09-07T16:16:10Z</time>
			</trkpt>
			<trkpt lat="59.944927130399094" lon="30.366862625946133">
				<ele>3.9803573274984956</ele>
				<time>2022-09-07T16:16:11Z</time>
			</trkpt>
			<trkpt lat="59.94492824791382" lon="30.36682638022981">
				<ele>4.026642769575119</ele>
				<time>2022-09-07T16:16:12Z</time>
			</trkpt>
			<trkpt lat="59.94493701407864" lon="30.366791380871216">
				<ele>2.4349708519876003</ele>
				<time>2022-09-07T16:16:14Z</time>
			</trkpt>
			<trkpt lat="59.94494462286143" lon="30.36675503835341">
				<ele>2.5199017859995365</ele>
				<time>2022-09-07T16:16:16Z</time>
			</trkpt>
			<trkpt lat="59.944933367265484" lon="30.366695861462546">
				<ele>4.60408650804311</ele>
				<time>2022-09-07T16:16:19Z</time>
			</trkpt>
			<trkpt lat="59.94494513121875" lon="30.366651210873354">
				<ele>3.651666552759707</ele>
				<time>2022-09-07T16:16:21Z</time>
			</trkpt>
			<trkpt lat="59.94493928591895" lon="30.366598518566853">
				<ele>4.0117659997195005</ele>
				<time>2022-09-07T16:16:23Z</time>
			</trkpt>
			<trkpt lat="59.944952327236344" lon="30.36656717930849">
				<ele>3.6059532752260566</ele>
				<time>2022-09-07T16:16:24Z</time>
			</trkpt>
			<trkpt lat="59.94495711092094" lon="30.36652495411908">
				<ele>1.3987814476713538</ele>
				<time>2022-09-07T16:16:26Z</time>
			</trkpt>
			<trkpt lat="59.944959524693374" lon="30.36648945854056">
				<ele>0.2530495375394821</ele>
				<time>2022-09-07T16:16:28Z</time>
			</trkpt>
			<trkpt lat="59.944973638735" lon="30.36645394802772">
				<ele>-1.1722913635894656</ele>
				<time>2022-09-07T16:16:30Z</time>
			</trkpt>
			<trkpt lat="59.9449619206999" lon="30.36640718640981">
				<ele>-1.8214606493711472</ele>
				<time>2022-09-07T16:16:33Z</time>
			</trkpt>
			<trkpt lat="59.94495125338509" lon="30.366370988443176">
				<ele>-0.15337376948446035</ele>
				<time>2022-09-07T16:16:35Z</time>
			</trkpt>
			<trkpt lat="59.94495148648076" lon="30.36633378317839">
				<ele>0.801152023486793</ele>
				<time>2022-09-07T16:16:37Z</time>
			</trkpt>
			<trkpt lat="59.94496882152739" lon="30.366319844757353">
				<ele>-1.8205850264057517</ele>
				<time>2022-09-07T16:16:38Z</time>
			</trkpt>
			<trkpt lat="59.94497054376854" lon="30.366281432615807">
				<ele>-3.9092850321903825</ele>
				<time>2022-09-07T16:16:40Z</time>
			</trkpt>
			<trkpt lat="59.944980040399415" lon="30.36623991116397">
				<ele>-5.160711919888854</ele>
				<time>2022-09-07T16:16:42Z</time>
			</trkpt>
			<trkpt lat="59.944981118969714" lon="30.36619093834593">
				<ele>-1.4336430756375194</ele>
				<time>2022-09-07T16:16:44Z</time>
			</trkpt>
			<trkpt lat="59.94497657320088" lon="30.366136275570707">
				<ele>-3.1126298792660236</ele>
				<time>2022-09-07T16:16:46Z</time>
			</trkpt>
			<trkpt lat="59.944989188075546" lon="30.36606949103266">
				<ele>-1.6189693361520767</ele>
				<time>2022-09-07T16:16:48Z</time>
			</trkpt>
			<trkpt lat="59.94499047244244" lon="30.366025793576544">
				<ele>-0.8425439102575183</ele>
				<time>2022-09-07T16:16:49Z</time>
			</trkpt>
			<trkpt lat="59.944982010757606" lon="30.365974074746244">
				<ele>1.3292612805962563</ele>
				<time>2022-09-07T16:16:50Z</time>
			</trkpt>
			<trkpt lat="59.9450028476506" lon="30.365922695186953">
				<ele>0.5936966659501195</ele>
				<time>2022-09-07T16:16:52Z</time>
			</trkpt>
			<trkpt lat="59.94500191045579" lon="30.365862041638607">
				<ele>0.5195747911930084</ele>
				<time>2022-09-07T16:16:55Z</time>
			</trkpt>
			<trkpt lat="59.94498691960166" lon="30.36581326668436">
				<ele>3.195543399080634</ele>
				<time>2022-09-07T16:16:57Z</time>
			</trkpt>
			<trkpt lat="59.94498852902025" lon="30.365759437709265">
				<ele>2.793686165474355</ele>
				<time>2022-09-07T16:16:59Z</time>
			</trkpt>
			<trkpt lat="59.94497899267296" lon="30.36570333202636">
				<ele>2.5332160592079163</ele>
				<time>2022-09-07T16:17:01Z</time>
			</trkpt>
			<trkpt lat="59.94498219050809" lon="30.365654473442763">
				<ele>4.090422649867833</ele>
				<time>2022-09-07T16:17:03Z</time>
			</trkpt>
			<trkpt lat="59.94499639389288" lon="30.36559883592259">
				<ele>1.0829905644059181</ele>
				<time>2022-09-07T16:17:06Z</time>
			</trkpt>
			<trkpt lat="59.945004027705814" lon="30.365563581295273">
				<ele>0.4070067135617137</ele>
				<time>2022-09-07T16:17:08Z</time>
			</trkpt>
			<trkpt lat="59.94499353138921" lon="30.365501775436353">
				<ele>2.6699266973882914</ele>
				<time>2022-09-07T16:17:10Z</time>
			</trkpt>
			<trkpt lat="59.944977801164214" lon="30.365452486100125">
				<ele>-0.15410093311220407</ele>
				<time>2022-09-07T16:17:13Z</time>
			</trkpt>
			<trkpt lat="59.94497910922322" lon="30.365405292263763">
				<ele>0.7622586982324719</ele>
				<time>2022-09-07T16:17:15Z</time>
			</trkpt>
			<trkpt lat="59.94498895176902" lon="30.365371263390664">
				<ele>-1.2188761997967958</ele>
				<time>2022-09-07T16:17:18Z</time>
			</trkpt>
			<trkpt lat="59.94497485214547" lon="30.365320831595803">
				<ele>1.9071747083216906</ele>
				<time>2022-09-07T16:17:21Z</time>
			</trkpt>
			<trkpt lat="59.944981496675354" lon="30.365284640213247">
				<ele>1.1064781285822392</ele>
				<time>2022-09-07T16:17:23Z</time>
			</trkpt>
			<trkpt lat="59.94497797680209" lon="30.36522964309258">
				<ele>3.0769438883289695</ele>
				<time>2022-09-07T16:17:25Z</time>
			</trkpt>
			<trkpt lat="59.944982583448294" lon="30.365169583639627">
				<ele>0.8134182691574097</ele>
				<time>2022-09-07T16:17:27Z</time>
			</trkpt>
			<trkpt lat="59.94498901736593" lon="30.365130664407758">
				<ele>-0.7238470297306776</ele>
				<time>2022-09-07T16:17:29Z</time>
			</trkpt>
			<trkpt lat="59.94499649679307" lon="30.36508389988476">
				<ele>-1.441289495676756</ele>
				<time>2022-09-07T16:17:31Z</time>
			</trkpt>
			<trkpt lat="59.94499141030252" lon="30.36504773155574">
				<ele>-0.2868430931121111</ele>
				<time>2022-09-07T16:17:33Z</time>
			</trkpt>
			<trkpt lat="59.94497768959794" lon="30.364994429795328">
				<ele>0.08745864033699036</ele>
				<time>2022-09-07T16:17:36Z</time>
			</trkpt>
			<trkpt lat="59.94497235972759" lon="30.364941584237968">
				<ele>-0.022848475724458694</ele>
				<time>2022-09-07T16:17:38Z</time>
			</trkpt>
			<trkpt lat="59.944985516063994" lon="30.364878663339805">
				<ele>-0.27189359813928604</ele>
				<time>2022-09-07T16:17:40Z</time>
			</trkpt>
			<trkpt lat="59.94498568895121" lon="30.364825719838848">
				<ele>3.116446794010699</ele>
				<time>2022-09-07T16:17:42Z</time>
			</trkpt>
			<trkpt lat="59.944989962877834" lon="30.36476421727406">
				<ele>3.515611343085766</ele>
				<time>2022-09-07T16:17:44Z</time>
			</trkpt>
			<trkpt lat="59.944994317182505" lon="30.364725913153503">
				<ele>4.9683926571160555</ele>
				<time>2022-09-07T16:17:47Z</time>
			</trkpt>
			<trkpt lat="59.944973610513294" lon="30.364677538855066">
				<ele>2.738037687726319</ele>
				<time>2022-09-07T16:17:50Z</time>
			</trkpt>
			<trkpt lat="59.94496277260956" lon="30.364632841835164">
				<ele>2.0238256035372615</ele>
				<time>2022-09-07T16:17:52Z</time>
			</trkpt>
			<trkpt lat="59.94497947727582" lon="30.364607812867582">
				<ele>2.835122478194535</ele>
				<time>2022-09-07T16:17:54Z</time>
			</trkpt>
			<trkpt lat="59.94499505534377" lon="30.364568042079124">
				<ele>4.192045737989247</ele>
				<time>2022-09-07T16:17:56Z</time>
			</trkpt>
			<trkpt lat="59.94499395467441" lon="30.364526440694906">
				<ele>5.06820710003376</ele>
				<time>2022-09-07T16:17:57Z</time>
			</trkpt>
			<trkpt lat="59.94499431065951" lon="30.36447757675131">
				<ele>3.9346762532368302</ele>
				<time>2022-09-07T16:17:59Z</time>
			</trkpt>
			<trkpt lat="59.945017512781966" lon="30.364469092025058">
				<ele>4.277441002428532</ele>
				<time>2022-09-07T16:18:01Z</time>
			</trkpt>
			<trkpt lat="59.9450094334902" lon="30.364431661392494">
				<ele>6.913990309461951</ele>
				<time>2022-09-07T16:18:03Z</time>
			</trkpt>
			<trkpt lat="59.945011746611385" lon="30.364388370610698">
				<ele>4.037805144675076</ele>
				<time>2022-09-07T16:18:06Z</time>
			</trkpt>
			<trkpt lat="59.94501181243907" lon="30.364330244128766">
				<ele>5.344820315018296</ele>
				<time>2022-09-07T16:18:08Z</time>
			</trkpt>
			<trkpt lat="59.94501264795417" lon="30.364287628781906">
				<ele>4.594770632684231</ele>
				<time>2022-09-07T16:18:09Z</time>
			</trkpt>
			<trkpt lat="59.945022849467556" lon="30.364234391245652">
				<ele>5.017564153298736</ele>
				<time>2022-09-07T16:18:10Z</time>
			</trkpt>
			<trkpt lat="59.94501726704936" lon="30.364197565676434">
				<ele>1.2010111538693309</ele>
				<time>2022-09-07T16:18:13Z</time>
			</trkpt>
			<trkpt lat="59.945020385259404" lon="30.364141455478503">
				<ele>0.11499668005853891</ele>
				<time>2022-09-07T16:18:16Z</time>
			</trkpt>
			<trkpt lat="59.94503064554924" lon="30.36408574476032">
				<ele>-0.8444580044597387</ele>
				<time>2022-09-07T16:18:18Z</time>
			</trkpt>
			<trkpt lat="59.94502395277832" lon="30.364036031952615">
				<ele>0.2829123344272375</ele>
				<time>2022-09-07T16:18:20Z</time>
			</trkpt>
			<trkpt lat="59.94500976774203" lon="30.363979342395155">
				<ele>2.2106408895924687</ele>
				<time>2022-09-07T16:18:22Z</time>
			</trkpt>
			<trkpt lat="59.944994886753655" lon="30.36394393336151">
				<ele>2.691060643643141</ele>
				<time>2022-09-07T16:18:24Z</time>
			</trkpt>
			<trkpt lat="59.94499223123941" lon="30.36389180487568">
				<ele>2.449785426259041</ele>
				<time>2022-09-07T16:18:26Z</time>
			</trkpt>
			<trkpt lat="59.94499816575087" lon="30.363851315246063">
				<ele>-0.0017379922792315483</ele>
				<time>2022-09-07T16:18:28Z</time>
			</trkpt>
			<trkpt lat="59.945020911959354" lon="30.363820334100378">
				<ele>-1.761849369853735</ele>
				<time>2022-09-07T16:18:30Z</time>
			</trkpt>
			<trkpt lat="59.9450068098155" lon="30.363775542204777">
				<ele>0.8924465123564005</ele>
				<time>2022-09-07T16:18:33Z</time>
			</trkpt>
			<trkpt lat="59.94500958051779" lon="30.363718006208668">
				<ele>1.4999149199575186</ele>
				<time>2022-09-07T16:18:34Z</time>
			</trkpt>
			<trkpt lat="59.94500563418843" lon="30.363651259564676">
				<ele>0.8409869568422437</ele>
				<time>2022-09-07T16:18:36Z</time>
			</trkpt>
			<trkpt lat="59.94499859897382" lon="30.363615658904585">
				<ele>2.916951349005103</ele>
				<time>2022-09-07T16:18:37Z</time>
			</trkpt>
			<trkpt lat="59.94503034913271" lon="30.363603621497372">
				<ele>-0.19941499643027782</ele>
				<time>2022-09-07T16:18:39Z</time>
			</trkpt>
			<trkpt lat="59.94504835014038" lon="30.3635766401473">
				<ele>-2.3564226562157273</ele>
				<time>2022-09-07T16:18:41Z</time>
			</trkpt>
			<trkpt lat="59.945050047341596" lon="30.36353220440358">
				<ele>-0.7780924336984754</ele>
				<time>2022-09-07T16:18:43Z</time>
			</trkpt>
			<trkpt lat="59.94504095195697" lon="30.36349414359019">
				<ele>-1.0430982196703553</ele>
				<time>2022-09-07T16:18:45Z</time>
			</trkpt>
			<trkpt lat="59.945036143626204" lon="30.363441098921122">
				<ele>0.9154888456687331</ele>
				<time>2022-09-07T16:18:47Z</time>
			</trkpt>
			<trkpt lat="59.94503467720831" lon="30.36339303044102">
				<ele>2.4911335967481136</ele>
				<time>2022-09-07T16:18:49Z</time>
			</trkpt>
			<trkpt lat="59.94503889610746" lon="30.3633457257747">
				<ele>-1.5658003184944391</ele>
				<time>2022-09-07T16:18:51Z</time>
			</trkpt>
			<trkpt lat="59.94505538915504" lon="30.36332300941301">
				<ele>-4.630272161215544</ele>
				<time>2022-09-07T16:18:54Z</time>
			</trkpt>
			<trkpt lat="59.94504460367032" lon="30.36328734617293">
				<ele>-3.4337147902697325</ele>
				<time>2022-09-07T16:18:56Z</time>
			</trkpt>
			<trkpt lat="59.945049869256195" lon="30.363223661616146">
				<ele>-2.583709392696619</ele>
				<time>2022-09-07T16:18:59Z</time>
			</trkpt>
			<trkpt lat="59.94505370103816" lon="30.36314579782388">
				<ele>-0.2812617467716336</ele>
				<time>2022-09-07T16:19:01Z</time>
			</trkpt>
			<trkpt lat="59.945060945662384" lon="30.363108506170285">
				<ele>-5.0837978683412075</ele>
				<time>2022-09-07T16:19:04Z</time>
			</trkpt>
			<trkpt lat="59.945062238705184" lon="30.36304185640222">
				<ele>-2.588121517561376</ele>
				<time>2022-09-07T16:19:06Z</time>
			</trkpt>
			<trkpt lat="59.94506356900933" lon="30.362975282426323">
				<ele>-1.5109147103503346</ele>
				<time>2022-09-07T16:19:08Z</time>
			</trkpt>
			<trkpt lat="59.94505722629931" lon="30.362940200275194">
				<ele>-0.4508672412484884</ele>
				<time>2022-09-07T16:19:10Z</time>
			</trkpt>
			<trkpt lat="59.94504779330201" lon="30.362894142914598">
				<ele>-0.6159882815554738</ele>
				<time>2022-09-07T16:19:12Z</time>
			</trkpt>
			<trkpt lat="59.94506472758684" lon="30.362851286938774">
				<ele>-2.4711896907538176</ele>
				<time>2022-09-07T16:19:14Z</time>
			</trkpt>
			<trkpt lat="59.94507097993827" lon="30.362802372918413">
				<ele>-2.1134330946952105</ele>
				<time>2022-09-07T16:19:16Z</time>
			</trkpt>
			<trkpt lat="59.94505877576319" lon="30.36277447180815">
				<ele>-0.4882163181900978</ele>
				<time>2022-09-07T16:19:17Z</time>
			</trkpt>
			<trkpt lat="59.94504634472712" lon="30.362743078822167">
				<ele>0.7797545650973916</ele>
				<time>2022-09-07T16:19:19Z</time>
			</trkpt>
			<trkpt lat="59.94503440152668" lon="30.362687327488874">
				<ele>1.182594389654696</ele>
				<time>2022-09-07T16:19:22Z</time>
			</trkpt>
			<trkpt lat="59.94504579474607" lon="30.36262997672809">
				<ele>1.4445916218683124</ele>
				<time>2022-09-07T16:19:24Z</time>
			</trkpt>
			<trkpt lat="59.94503230199031" lon="30.362567699336747">
				<ele>2.9965033661574125</ele>
				<time>2022-09-07T16:19:26Z</time>
			</trkpt>
			<trkpt lat="59.945045608953194" lon="30.36252704276775">
				<ele>0.49004277493804693</ele>
				<time>2022-09-07T16:19:28Z</time>
			</trkpt>
			<trkpt lat="59.9450354448681" lon="30.362497387943694">
				<ele>-0.21815445367246866</ele>
				<time>2022-09-07T16:19:30Z</time>
			</trkpt>
			<trkpt lat="59.94502553328767" lon="30.36246397524366">
				<ele>0.8031383259221911</ele>
				<time>2022-09-07T16:19:32Z</time>
			</trkpt>
			<trkpt lat="59.94503438624905" lon="30.362414123024564">
				<ele>1.2808228945359588</ele>
				<time>2022-09-07T16:19:34Z</time>
			</trkpt>
			<trkpt lat="59.94505046300293" lon="30.362374681562596">
				<ele>1.9820814952254295</ele>
				<time>2022-09-07T16:19:35Z</time>
			</trkpt>
			<trkpt lat="59.94505383312417" lon="30.362334270893097">
				<ele>2.0148490900173783</ele>
				<time>2022-09-07T16:19:37Z</time>
			</trkpt>
			<trkpt lat="59.94505409712892" lon="30.362271487770748">
				<ele>2.729050111025572</ele>
				<time>2022-09-07T16:19:39Z</time>
			</trkpt>
			<trkpt lat="59.945042731842896" lon="30.362236367213352">
				<ele>2.795200732536614</ele>
				<time>2022-09-07T16:19:40Z</time>
			</trkpt>
			<trkpt lat="59.945029122182696" lon="30.362184255704534">
				<ele>3.5060616862028837</ele>
				<time>2022-09-07T16:19:42Z</time>
			</trkpt>
			<trkpt lat="59.94502410751486" lon="30.362145167324652">
				<ele>4.778122792951763</ele>
				<time>2022-09-07T16:19:45Z</time>
			</trkpt>
			<trkpt lat="59.94502670937875" lon="30.36209683340942">
				<ele>4.918630643747747</ele>
				<time>2022-09-07T16:19:47Z</time>
			</trkpt>
			<trkpt lat="59.945022359169506" lon="30.362032993310713">
				<ele>4.903694446198642</ele>
				<time>2022-09-07T16:19:49Z</time>
			</trkpt>
			<trkpt lat="59.945032364032194" lon="30.3620005596888">
				<ele>4.719911354593933</ele>
				<time>2022-09-07T16:19:50Z</time>
			</trkpt>
			<trkpt lat="59.9450489085009" lon="30.361953585803143">
				<ele>3.5177721409127116</ele>
				<time>2022-09-07T16:19:52Z</time>
			</trkpt>
			<trkpt lat="59.94501594556028" lon="30.361934783201708">
				<ele>3.3611869141459465</ele>
				<time>2022-09-07T16:19:54Z</time>
			</trkpt>
		</trkseg>
	</trk>
</gpx>
