<?xml version="1.0" encoding="UTF-8"?>
<gpx xmlns:xsi="http://www.w3.org/2001/XMLSchema-instance" xmlns="http://www.topografix.com/GPX/1/1" xsi:schemaLocation="http://www.topografix.com/GPX/1/1 http://www.topografix.com/GPX/1/1/gpx.xsd" version="1.1" creator="Open GPX Tracker for iOS">
	<trk>
		<trkseg>
			<trkpt lat="59.939773245770425" lon="30.243383785737905">
				<ele>-0.024658203125</ele>
				<time>2023-05-08T15:50:01Z</time>
			</trkpt>
			<trkpt lat="59.93977119220415" lon="30.24347833360568">
				<ele>-0.667724609375</ele>
				<time>2023-05-08T15:50:02Z</time>
			</trkpt>
			<trkpt lat="59.93978288495907" lon="30.24356525394157">
				<ele>3.779296875</ele>
				<time>2023-05-08T15:50:03Z</time>
			</trkpt>
			<trkpt lat="59.939686954077274" lon="30.24333517069951">
				<ele>10.51416015625</ele>
				<time>2023-05-08T15:50:05Z</time>
			</trkpt>
			<trkpt lat="59.93969885637978" lon="30.243131658090505">
				<ele>-5.8470458984375</ele>
				<time>2023-05-08T15:50:06Z</time>
			</trkpt>
			<trkpt lat="59.939676015693635" lon="30.243151690839085">
				<ele>-3.64849853515625</ele>
				<time>2023-05-08T15:50:08Z</time>
			</trkpt>
			<trkpt lat="59.93964877450833" lon="30.2431665268077">
				<ele>-0.00054931640625</ele>
				<time>2023-05-08T15:50:10Z</time>
			</trkpt>
			<trkpt lat="59.93961428297678" lon="30.24317733946279">
				<ele>2.0654296875</ele>
				<time>2023-05-08T15:50:12Z</time>
			</trkpt>
			<trkpt lat="59.93958445677882" lon="30.243201975141712">
				<ele>1.8050482915714383</ele>
				<time>2023-05-08T15:50:14Z</time>
			</trkpt>
			<trkpt lat="59.93955673597445" lon="30.243214291007504">
				<ele>0.037199306301772594</ele>
				<time>2023-05-08T15:50:16Z</time>
			</trkpt>
			<trkpt lat="59.93952657287569" lon="30.243228958517268">
				<ele>1.8227637205272913</ele>
				<time>2023-05-08T15:50:18Z</time>
			</trkpt>
			<trkpt lat="59.939505415666765" lon="30.243238046005427">
				<ele>-1.79278917144984</ele>
				<time>2023-05-08T15:50:20Z</time>
			</trkpt>
			<trkpt lat="59.939488480170155" lon="30.243255303377047">
				<ele>-4.7644173773005605</ele>
				<time>2023-05-08T15:50:22Z</time>
			</trkpt>
			<trkpt lat="59.93947272591855" lon="30.24329111338316">
				<ele>-5.150899539701641</ele>
				<time>2023-05-08T15:50:24Z</time>
			</trkpt>
			<trkpt lat="59.939456536795355" lon="30.24333635265431">
				<ele>-4.962661410681903</ele>
				<time>2023-05-08T15:50:26Z</time>
			</trkpt>
			<trkpt lat="59.939443432761976" lon="30.243370165189194">
				<ele>-5.363961941562593</ele>
				<time>2023-05-08T15:50:28Z</time>
			</trkpt>
			<trkpt lat="59.93942160233092" lon="30.243399593169652">
				<ele>-4.87240004260093</ele>
				<time>2023-05-08T15:50:30Z</time>
			</trkpt>
			<trkpt lat="59.93939783395559" lon="30.24344605049791">
				<ele>-3.676902479492128</ele>
				<time>2023-05-08T15:50:32Z</time>
			</trkpt>
			<trkpt lat="59.939387188973335" lon="30.243588511858984">
				<ele>-2.151086981408298</ele>
				<time>2023-05-08T15:50:33Z</time>
			</trkpt>
			<trkpt lat="59.93936285894381" lon="30.243598319123656">
				<ele>-2.8903664015233517</ele>
				<time>2023-05-08T15:50:34Z</time>
			</trkpt>
			<trkpt lat="59.939334130637135" lon="30.243627447895193">
				<ele>-3.035595530644059</ele>
				<time>2023-05-08T15:50:37Z</time>
			</trkpt>
			<trkpt lat="59.93932282989205" lon="30.24367553714774">
				<ele>-2.3001666078343987</ele>
				<time>2023-05-08T15:50:38Z</time>
			</trkpt>
			<trkpt lat="59.939304992060826" lon="30.243731818112146">
				<ele>-2.134003072977066</ele>
				<time>2023-05-08T15:50:40Z</time>
			</trkpt>
			<trkpt lat="59.93928570613407" lon="30.243740502505695">
				<ele>-5.8820072412490845</ele>
				<time>2023-05-08T15:50:42Z</time>
			</trkpt>
			<trkpt lat="59.939266048199165" lon="30.243799339455276">
				<ele>-5.16237080283463</ele>
				<time>2023-05-08T15:50:44Z</time>
			</trkpt>
			<trkpt lat="59.93924827137065" lon="30.243843727508807">
				<ele>-3.6937618451192975</ele>
				<time>2023-05-08T15:50:45Z</time>
			</trkpt>
			<trkpt lat="59.93922023714732" lon="30.2438470805775">
				<ele>-4.15242285374552</ele>
				<time>2023-05-08T15:50:47Z</time>
			</trkpt>
			<trkpt lat="59.939193244070474" lon="30.243868976093236">
				<ele>-3.450040837749839</ele>
				<time>2023-05-08T15:50:49Z</time>
			</trkpt>
			<trkpt lat="59.93917612726019" lon="30.2438821494884">
				<ele>-3.359800619073212</ele>
				<time>2023-05-08T15:50:50Z</time>
			</trkpt>
			<trkpt lat="59.939159303628706" lon="30.24391698297901">
				<ele>-1.6773805599659681</ele>
				<time>2023-05-08T15:50:52Z</time>
			</trkpt>
			<trkpt lat="59.93913127391259" lon="30.24393748623739">
				<ele>-3.787361945025623</ele>
				<time>2023-05-08T15:50:54Z</time>
			</trkpt>
			<trkpt lat="59.939109392073945" lon="30.243969932506296">
				<ele>-3.6030044918879867</ele>
				<time>2023-05-08T15:50:56Z</time>
			</trkpt>
			<trkpt lat="59.93908336189244" lon="30.243988884179235">
				<ele>-4.425602277740836</ele>
				<time>2023-05-08T15:50:58Z</time>
			</trkpt>
			<trkpt lat="59.93905633187974" lon="30.244012980227915">
				<ele>-3.754302967339754</ele>
				<time>2023-05-08T15:51:00Z</time>
			</trkpt>
			<trkpt lat="59.93903490482395" lon="30.24402856797063">
				<ele>-3.1432073079049587</ele>
				<time>2023-05-08T15:51:02Z</time>
			</trkpt>
			<trkpt lat="59.939012665971866" lon="30.24405011440659">
				<ele>-5.663198217749596</ele>
				<time>2023-05-08T15:51:04Z</time>
			</trkpt>
			<trkpt lat="59.938988791744706" lon="30.244084469158253">
				<ele>-4.559880672954023</ele>
				<time>2023-05-08T15:51:06Z</time>
			</trkpt>
			<trkpt lat="59.938955507366614" lon="30.244114781995787">
				<ele>-6.111252144910395</ele>
				<time>2023-05-08T15:51:08Z</time>
			</trkpt>
			<trkpt lat="59.93893795958273" lon="30.244126181171296">
				<ele>-5.601221445016563</ele>
				<time>2023-05-08T15:51:10Z</time>
			</trkpt>
			<trkpt lat="59.938911278949284" lon="30.244154280791747">
				<ele>-4.333556086756289</ele>
				<time>2023-05-08T15:51:12Z</time>
			</trkpt>
			<trkpt lat="59.93889335220638" lon="30.244171149051194">
				<ele>-3.4264764981344342</ele>
				<time>2023-05-08T15:51:13Z</time>
			</trkpt>
			<trkpt lat="59.93887380693898" lon="30.244184963458128">
				<ele>-3.168614358641207</ele>
				<time>2023-05-08T15:51:14Z</time>
			</trkpt>
			<trkpt lat="59.93884832815961" lon="30.244208225778404">
				<ele>-4.948339310474694</ele>
				<time>2023-05-08T15:51:17Z</time>
			</trkpt>
			<trkpt lat="59.938823736106485" lon="30.24421279948695">
				<ele>-4.611869351007044</ele>
				<time>2023-05-08T15:51:19Z</time>
			</trkpt>
			<trkpt lat="59.93879460133614" lon="30.24418999893889">
				<ele>-3.7822750993072987</ele>
				<time>2023-05-08T15:51:20Z</time>
			</trkpt>
			<trkpt lat="59.938789301301725" lon="30.244238972688535">
				<ele>-2.5464358907192945</ele>
				<time>2023-05-08T15:51:22Z</time>
			</trkpt>
			<trkpt lat="59.938788997203424" lon="30.24427628110139">
				<ele>-1.8504299130290747</ele>
				<time>2023-05-08T15:51:23Z</time>
			</trkpt>
			<trkpt lat="59.93877235348639" lon="30.244343694147275">
				<ele>-4.42934740986675</ele>
				<time>2023-05-08T15:51:25Z</time>
			</trkpt>
			<trkpt lat="59.93876291641606" lon="30.244382159426117">
				<ele>-5.550070311874151</ele>
				<time>2023-05-08T15:51:26Z</time>
			</trkpt>
			<trkpt lat="59.938752353122545" lon="30.244412316850493">
				<ele>-4.34445212315768</ele>
				<time>2023-05-08T15:51:27Z</time>
			</trkpt>
			<trkpt lat="59.938736655091596" lon="30.24445628890949">
				<ele>-3.842088120058179</ele>
				<time>2023-05-08T15:51:28Z</time>
			</trkpt>
			<trkpt lat="59.938718804513435" lon="30.244489141067998">
				<ele>-2.072682640515268</ele>
				<time>2023-05-08T15:51:30Z</time>
			</trkpt>
			<trkpt lat="59.938698860167314" lon="30.244522170848985">
				<ele>-1.0337447496131063</ele>
				<time>2023-05-08T15:51:32Z</time>
			</trkpt>
			<trkpt lat="59.938676908077554" lon="30.2445503110688">
				<ele>-0.1765021439641714</ele>
				<time>2023-05-08T15:51:34Z</time>
			</trkpt>
			<trkpt lat="59.93865585384082" lon="30.244558513987243">
				<ele>-0.7113212645053864</ele>
				<time>2023-05-08T15:51:36Z</time>
			</trkpt>
			<trkpt lat="59.93864664458713" lon="30.24458946320109">
				<ele>1.1305185807868838</ele>
				<time>2023-05-08T15:51:47Z</time>
			</trkpt>
			<trkpt lat="59.93862740236376" lon="30.244606854128293">
				<ele>-2.2181737991049886</ele>
				<time>2023-05-08T15:51:58Z</time>
			</trkpt>
			<trkpt lat="59.93859274900603" lon="30.24462763034645">
				<ele>-2.1967217354103923</ele>
				<time>2023-05-08T15:52:00Z</time>
			</trkpt>
			<trkpt lat="59.93857299713248" lon="30.24462748924351">
				<ele>-3.5921663967892528</ele>
				<time>2023-05-08T15:52:01Z</time>
			</trkpt>
			<trkpt lat="59.93854988892311" lon="30.24465913031884">
				<ele>-7.319659729488194</ele>
				<time>2023-05-08T15:52:03Z</time>
			</trkpt>
			<trkpt lat="59.93853306526866" lon="30.24468118047616">
				<ele>-4.903451789170504</ele>
				<time>2023-05-08T15:52:04Z</time>
			</trkpt>
			<trkpt lat="59.93850715693901" lon="30.24470483566619">
				<ele>-4.160705565474927</ele>
				<time>2023-05-08T15:52:05Z</time>
			</trkpt>
			<trkpt lat="59.938480359852605" lon="30.244712347281293">
				<ele>-4.767245624214411</ele>
				<time>2023-05-08T15:52:07Z</time>
			</trkpt>
			<trkpt lat="59.93845361661891" lon="30.244735096321577">
				<ele>-2.130504502914846</ele>
				<time>2023-05-08T15:52:10Z</time>
			</trkpt>
			<trkpt lat="59.9384388923542" lon="30.244805696223967">
				<ele>-2.4185331715270877</ele>
				<time>2023-05-08T15:52:12Z</time>
			</trkpt>
			<trkpt lat="59.93844241409605" lon="30.24486599987538">
				<ele>-0.4956036889925599</ele>
				<time>2023-05-08T15:52:14Z</time>
			</trkpt>
			<trkpt lat="59.93844870826992" lon="30.24490960985811">
				<ele>1.522275973111391</ele>
				<time>2023-05-08T15:52:16Z</time>
			</trkpt>
			<trkpt lat="59.93847292781793" lon="30.244956866870897">
				<ele>4.090199116617441</ele>
				<time>2023-05-08T15:52:18Z</time>
			</trkpt>
			<trkpt lat="59.93847710998436" lon="30.24501359972092">
				<ele>1.4408199870958924</ele>
				<time>2023-05-08T15:52:21Z</time>
			</trkpt>
			<trkpt lat="59.93846776072974" lon="30.24505239548591">
				<ele>0.2578220358118415</ele>
				<time>2023-05-08T15:52:23Z</time>
			</trkpt>
			<trkpt lat="59.938449331742746" lon="30.24510975673069">
				<ele>-0.5409068809822202</ele>
				<time>2023-05-08T15:52:25Z</time>
			</trkpt>
			<trkpt lat="59.93842759613559" lon="30.24517304315526">
				<ele>-0.2922917492687702</ele>
				<time>2023-05-08T15:52:28Z</time>
			</trkpt>
			<trkpt lat="59.93844902023932" lon="30.245240629454752">
				<ele>3.3175719333812594</ele>
				<time>2023-05-08T15:52:36Z</time>
			</trkpt>
			<trkpt lat="59.93845447689693" lon="30.245295133736704">
				<ele>2.902797544375062</ele>
				<time>2023-05-08T15:52:38Z</time>
			</trkpt>
			<trkpt lat="59.93846277768408" lon="30.245347363538272">
				<ele>1.170700023882091</ele>
				<time>2023-05-08T15:52:40Z</time>
			</trkpt>
			<trkpt lat="59.93848181124796" lon="30.245383288574068">
				<ele>2.4716572239995003</ele>
				<time>2023-05-08T15:52:42Z</time>
			</trkpt>
			<trkpt lat="59.93850343908534" lon="30.245432430563046">
				<ele>2.739048385992646</ele>
				<time>2023-05-08T15:52:44Z</time>
			</trkpt>
			<trkpt lat="59.938526251816306" lon="30.245436858778255">
				<ele>1.861759839579463</ele>
				<time>2023-05-08T15:52:46Z</time>
			</trkpt>
			<trkpt lat="59.938553876703274" lon="30.245454458389748">
				<ele>1.1074864631518722</ele>
				<time>2023-05-08T15:52:48Z</time>
			</trkpt>
			<trkpt lat="59.93857420650589" lon="30.245483150371246">
				<ele>1.7199853789061308</ele>
				<time>2023-05-08T15:52:49Z</time>
			</trkpt>
			<trkpt lat="59.9385892996218" lon="30.245530041751742">
				<ele>3.020809364505112</ele>
				<time>2023-05-08T15:52:51Z</time>
			</trkpt>
			<trkpt lat="59.938604157362725" lon="30.245577293469577">
				<ele>2.7832074956968427</ele>
				<time>2023-05-08T15:52:53Z</time>
			</trkpt>
			<trkpt lat="59.93861708907512" lon="30.245628016824725">
				<ele>2.1904588332399726</ele>
				<time>2023-05-08T15:52:55Z</time>
			</trkpt>
			<trkpt lat="59.938636531017245" lon="30.24568246018073">
				<ele>2.463257315568626</ele>
				<time>2023-05-08T15:52:57Z</time>
			</trkpt>
			<trkpt lat="59.93864765131198" lon="30.245726811601102">
				<ele>1.165097400546074</ele>
				<time>2023-05-08T15:52:59Z</time>
			</trkpt>
			<trkpt lat="59.938648549072674" lon="30.245774602107478">
				<ele>-0.010559079237282276</ele>
				<time>2023-05-08T15:53:01Z</time>
			</trkpt>
			<trkpt lat="59.93866442776878" lon="30.24583222206331">
				<ele>1.461802120320499</ele>
				<time>2023-05-08T15:53:03Z</time>
			</trkpt>
			<trkpt lat="59.9386802058937" lon="30.245878934672646">
				<ele>2.4985356759279966</ele>
				<time>2023-05-08T15:53:05Z</time>
			</trkpt>
			<trkpt lat="59.93868997207992" lon="30.245910903536">
				<ele>2.84456932451576</ele>
				<time>2023-05-08T15:53:06Z</time>
			</trkpt>
			<trkpt lat="59.93870149416277" lon="30.245959172399647">
				<ele>1.8692043125629425</ele>
				<time>2023-05-08T15:53:08Z</time>
			</trkpt>
			<trkpt lat="59.93872685574877" lon="30.246004627856554">
				<ele>1.9294138243421912</ele>
				<time>2023-05-08T15:53:10Z</time>
			</trkpt>
			<trkpt lat="59.938737568232284" lon="30.246054620272023">
				<ele>1.472129313275218</ele>
				<time>2023-05-08T15:53:12Z</time>
			</trkpt>
			<trkpt lat="59.93875323626017" lon="30.246107629204428">
				<ele>2.5819032546132803</ele>
				<time>2023-05-08T15:53:14Z</time>
			</trkpt>
			<trkpt lat="59.938763849418635" lon="30.246161595670735">
				<ele>0.2489307289943099</ele>
				<time>2023-05-08T15:53:16Z</time>
			</trkpt>
			<trkpt lat="59.9387780956991" lon="30.24621815119483">
				<ele>1.0802549691870809</ele>
				<time>2023-05-08T15:53:18Z</time>
			</trkpt>
			<trkpt lat="59.93879378052551" lon="30.246254798826904">
				<ele>0.9316112454980612</ele>
				<time>2023-05-08T15:53:20Z</time>
			</trkpt>
			<trkpt lat="59.93880846202908" lon="30.24628690869199">
				<ele>4.283218608237803</ele>
				<time>2023-05-08T15:53:22Z</time>
			</trkpt>
			<trkpt lat="59.938818136454636" lon="30.24635218306102">
				<ele>0.6701557068154216</ele>
				<time>2023-05-08T15:53:24Z</time>
			</trkpt>
			<trkpt lat="59.938828046135455" lon="30.24641257136292">
				<ele>-0.7468919698148966</ele>
				<time>2023-05-08T15:53:26Z</time>
			</trkpt>
			<trkpt lat="59.93885758804935" lon="30.24644145854235">
				<ele>2.067736648954451</ele>
				<time>2023-05-08T15:53:28Z</time>
			</trkpt>
			<trkpt lat="59.93884485393037" lon="30.24648404755932">
				<ele>1.6051417579874396</ele>
				<time>2023-05-08T15:53:29Z</time>
			</trkpt>
			<trkpt lat="59.93886020734243" lon="30.246529827089287">
				<ele>-0.4932130128145218</ele>
				<time>2023-05-08T15:53:30Z</time>
			</trkpt>
			<trkpt lat="59.93885173230727" lon="30.246574481602437">
				<ele>-1.8706478057429194</ele>
				<time>2023-05-08T15:53:31Z</time>
			</trkpt>
			<trkpt lat="59.93887923119692" lon="30.246610405162325">
				<ele>0.4392541302368045</ele>
				<time>2023-05-08T15:53:33Z</time>
			</trkpt>
			<trkpt lat="59.93890363181235" lon="30.246652630183803">
				<ele>1.2455886900424957</ele>
				<time>2023-05-08T15:53:35Z</time>
			</trkpt>
			<trkpt lat="59.93891859756168" lon="30.246673027614882">
				<ele>3.2785868970677257</ele>
				<time>2023-05-08T15:53:36Z</time>
			</trkpt>
			<trkpt lat="59.9389399545306" lon="30.246713293179525">
				<ele>2.7888237982988358</ele>
				<time>2023-05-08T15:53:38Z</time>
			</trkpt>
			<trkpt lat="59.938954989394965" lon="30.24675425343061">
				<ele>2.7590845059603453</ele>
				<time>2023-05-08T15:53:40Z</time>
			</trkpt>
			<trkpt lat="59.93896967593473" lon="30.24679292578159">
				<ele>2.7587674483656883</ele>
				<time>2023-05-08T15:53:42Z</time>
			</trkpt>
			<trkpt lat="59.938986551910595" lon="30.246841676602653">
				<ele>3.5244001979008317</ele>
				<time>2023-05-08T15:53:44Z</time>
			</trkpt>
			<trkpt lat="59.93899722194617" lon="30.24688977277452">
				<ele>2.5192542113363743</ele>
				<time>2023-05-08T15:53:46Z</time>
			</trkpt>
			<trkpt lat="59.939005478676044" lon="30.246938529398147">
				<ele>1.2258340809494257</ele>
				<time>2023-05-08T15:53:48Z</time>
			</trkpt>
			<trkpt lat="59.93901415120149" lon="30.246969916578866">
				<ele>1.561662902124226</ele>
				<time>2023-05-08T15:53:49Z</time>
			</trkpt>
			<trkpt lat="59.93902699147272" lon="30.247016287998637">
				<ele>0.9986556209623814</ele>
				<time>2023-05-08T15:53:51Z</time>
			</trkpt>
			<trkpt lat="59.93903775616337" lon="30.247060377309424">
				<ele>2.137564561329782</ele>
				<time>2023-05-08T15:53:53Z</time>
			</trkpt>
			<trkpt lat="59.93905205157398" lon="30.247107038404792">
				<ele>1.1392224170267582</ele>
				<time>2023-05-08T15:53:55Z</time>
			</trkpt>
			<trkpt lat="59.93907195048986" lon="30.247154187672937">
				<ele>0.2928612129762769</ele>
				<time>2023-05-08T15:53:57Z</time>
			</trkpt>
			<trkpt lat="59.939087379192344" lon="30.247202322657763">
				<ele>0.44654002506285906</ele>
				<time>2023-05-08T15:53:59Z</time>
			</trkpt>
			<trkpt lat="59.939098750517935" lon="30.24723036922119">
				<ele>2.1308870585635304</ele>
				<time>2023-05-08T15:54:00Z</time>
			</trkpt>
			<trkpt lat="59.939105540201254" lon="30.247282793515403">
				<ele>1.873008904978633</ele>
				<time>2023-05-08T15:54:02Z</time>
			</trkpt>
			<trkpt lat="59.939117827279226" lon="30.2473304110791">
				<ele>0.36781280022114515</ele>
				<time>2023-05-08T15:54:04Z</time>
			</trkpt>
			<trkpt lat="59.93913588527297" lon="30.247378186161896">
				<ele>0.9252048032358289</ele>
				<time>2023-05-08T15:54:06Z</time>
			</trkpt>
			<trkpt lat="59.93914838169744" lon="30.24742510663033">
				<ele>2.3857846008613706</ele>
				<time>2023-05-08T15:54:08Z</time>
			</trkpt>
			<trkpt lat="59.93916128589845" lon="30.247481897515385">
				<ele>1.7680152636021376</ele>
				<time>2023-05-08T15:54:10Z</time>
			</trkpt>
			<trkpt lat="59.939183509154034" lon="30.247524619234678">
				<ele>2.5023241881281137</ele>
				<time>2023-05-08T15:54:12Z</time>
			</trkpt>
			<trkpt lat="59.939195837032806" lon="30.24757582509845">
				<ele>1.3129788925871253</ele>
				<time>2023-05-08T15:54:14Z</time>
			</trkpt>
			<trkpt lat="59.93920593429115" lon="30.24762673746699">
				<ele>-0.5575304059311748</ele>
				<time>2023-05-08T15:54:16Z</time>
			</trkpt>
			<trkpt lat="59.939221995440334" lon="30.247676817050102">
				<ele>-0.47901670169085264</ele>
				<time>2023-05-08T15:54:18Z</time>
			</trkpt>
			<trkpt lat="59.9392408299169" lon="30.247723799069842">
				<ele>0.8943744255229831</ele>
				<time>2023-05-08T15:54:20Z</time>
			</trkpt>
			<trkpt lat="59.93925572187597" lon="30.24776879100083">
				<ele>0.6894480669870973</ele>
				<time>2023-05-08T15:54:22Z</time>
			</trkpt>
			<trkpt lat="59.939273705647565" lon="30.247808295619624">
				<ele>-0.2100768005475402</ele>
				<time>2023-05-08T15:54:24Z</time>
			</trkpt>
			<trkpt lat="59.939289586590526" lon="30.247854354668863">
				<ele>-2.846195879392326</ele>
				<time>2023-05-08T15:54:27Z</time>
			</trkpt>
			<trkpt lat="59.939301247571954" lon="30.247896922882024">
				<ele>-2.206291531212628</ele>
				<time>2023-05-08T15:54:29Z</time>
			</trkpt>
			<trkpt lat="59.93931480648452" lon="30.247934828943514">
				<ele>-1.0820246506482363</ele>
				<time>2023-05-08T15:54:31Z</time>
			</trkpt>
			<trkpt lat="59.939316426443064" lon="30.24797258280228">
				<ele>-0.6644722102209926</ele>
				<time>2023-05-08T15:54:32Z</time>
			</trkpt>
			<trkpt lat="59.939330335783914" lon="30.248041605361745">
				<ele>-1.0673080999404192</ele>
				<time>2023-05-08T15:54:34Z</time>
			</trkpt>
			<trkpt lat="59.93933859439332" lon="30.24807624750751">
				<ele>0.22892715223133564</ele>
				<time>2023-05-08T15:54:35Z</time>
			</trkpt>
			<trkpt lat="59.93935173236334" lon="30.248121944180884">
				<ele>0.1255246438086033</ele>
				<time>2023-05-08T15:54:37Z</time>
			</trkpt>
			<trkpt lat="59.93936670215181" lon="30.24817037335297">
				<ele>0.8334968751296401</ele>
				<time>2023-05-08T15:54:39Z</time>
			</trkpt>
			<trkpt lat="59.939386779361406" lon="30.24821598265227">
				<ele>0.9384575076401234</ele>
				<time>2023-05-08T15:54:41Z</time>
			</trkpt>
			<trkpt lat="59.93940019892369" lon="30.248262517034995">
				<ele>2.261238034814596</ele>
				<time>2023-05-08T15:54:43Z</time>
			</trkpt>
			<trkpt lat="59.939411869388984" lon="30.248309451674558">
				<ele>2.0732071874663234</ele>
				<time>2023-05-08T15:54:45Z</time>
			</trkpt>
			<trkpt lat="59.939423536823696" lon="30.248350643403697">
				<ele>1.7705788174644113</ele>
				<time>2023-05-08T15:54:47Z</time>
			</trkpt>
			<trkpt lat="59.939437336976" lon="30.248394081209756">
				<ele>1.924798090942204</ele>
				<time>2023-05-08T15:54:49Z</time>
			</trkpt>
			<trkpt lat="59.93944870879411" lon="30.248437565503167">
				<ele>1.5514887068420649</ele>
				<time>2023-05-08T15:54:51Z</time>
			</trkpt>
			<trkpt lat="59.93945833200587" lon="30.248495340717554">
				<ele>1.4214136963710189</ele>
				<time>2023-05-08T15:54:53Z</time>
			</trkpt>
			<trkpt lat="59.9394701710081" lon="30.24853663977769">
				<ele>0.7445532260462642</ele>
				<time>2023-05-08T15:54:55Z</time>
			</trkpt>
			<trkpt lat="59.939478830767065" lon="30.248569177587942">
				<ele>1.1205844460055232</ele>
				<time>2023-05-08T15:54:56Z</time>
			</trkpt>
			<trkpt lat="59.93949397995566" lon="30.248604093512668">
				<ele>-0.12597135733813047</ele>
				<time>2023-05-08T15:54:58Z</time>
			</trkpt>
			<trkpt lat="59.93950529297402" lon="30.248652069306885">
				<ele>-0.5995435081422329</ele>
				<time>2023-05-08T15:55:00Z</time>
			</trkpt>
			<trkpt lat="59.93951792965007" lon="30.24870408656261">
				<ele>-1.344386807642877</ele>
				<time>2023-05-08T15:55:02Z</time>
			</trkpt>
			<trkpt lat="59.939536608862724" lon="30.24874834063536">
				<ele>-1.1741393748670816</ele>
				<time>2023-05-08T15:55:04Z</time>
			</trkpt>
			<trkpt lat="59.9395483835029" lon="30.24879111591965">
				<ele>0.31737498473376036</ele>
				<time>2023-05-08T15:55:06Z</time>
			</trkpt>
			<trkpt lat="59.93955816745634" lon="30.248844945316904">
				<ele>-0.271658924408257</ele>
				<time>2023-05-08T15:55:08Z</time>
			</trkpt>
			<trkpt lat="59.939567763654125" lon="30.24889112413496">
				<ele>-0.5159572111442685</ele>
				<time>2023-05-08T15:55:10Z</time>
			</trkpt>
			<trkpt lat="59.93957931275743" lon="30.248931051780364">
				<ele>-1.3493401687592268</ele>
				<time>2023-05-08T15:55:12Z</time>
			</trkpt>
			<trkpt lat="59.93959208949184" lon="30.248984045034017">
				<ele>-0.6028314586728811</ele>
				<time>2023-05-08T15:55:14Z</time>
			</trkpt>
			<trkpt lat="59.939605149281306" lon="30.24903152559626">
				<ele>0.6336183026432991</ele>
				<time>2023-05-08T15:55:16Z</time>
			</trkpt>
			<trkpt lat="59.9396140771025" lon="30.249077881515326">
				<ele>-1.27549656201154</ele>
				<time>2023-05-08T15:55:18Z</time>
			</trkpt>
			<trkpt lat="59.93962544608499" lon="30.249125591940615">
				<ele>-2.0363922705873847</ele>
				<time>2023-05-08T15:55:20Z</time>
			</trkpt>
			<trkpt lat="59.93964354932804" lon="30.249169713978812">
				<ele>-2.620330462232232</ele>
				<time>2023-05-08T15:55:22Z</time>
			</trkpt>
			<trkpt lat="59.93965920916648" lon="30.249222606398746">
				<ele>-1.5130410892888904</ele>
				<time>2023-05-08T15:55:24Z</time>
			</trkpt>
			<trkpt lat="59.93967100273825" lon="30.249272231648668">
				<ele>-1.6749617913737893</ele>
				<time>2023-05-08T15:55:26Z</time>
			</trkpt>
			<trkpt lat="59.939685476204914" lon="30.249313529650063">
				<ele>-0.43518955912441015</ele>
				<time>2023-05-08T15:55:28Z</time>
			</trkpt>
			<trkpt lat="59.93970073283553" lon="30.24937590184031">
				<ele>-0.5152989383786917</ele>
				<time>2023-05-08T15:55:30Z</time>
			</trkpt>
			<trkpt lat="59.93972588828295" lon="30.249408747887504">
				<ele>0.6363000497221947</ele>
				<time>2023-05-08T15:55:32Z</time>
			</trkpt>
			<trkpt lat="59.93974186681792" lon="30.249452417368673">
				<ele>1.4496300611644983</ele>
				<time>2023-05-08T15:55:34Z</time>
			</trkpt>
			<trkpt lat="59.93975707885763" lon="30.24950589169674">
				<ele>1.738691909238696</ele>
				<time>2023-05-08T15:55:36Z</time>
			</trkpt>
			<trkpt lat="59.93976495695263" lon="30.249556839681524">
				<ele>-0.14280129317194223</ele>
				<time>2023-05-08T15:55:38Z</time>
			</trkpt>
			<trkpt lat="59.93977668667252" lon="30.24959917106982">
				<ele>-0.9951918236911297</ele>
				<time>2023-05-08T15:55:40Z</time>
			</trkpt>
			<trkpt lat="59.939785975185785" lon="30.249651984557516">
				<ele>-1.047145071439445</ele>
				<time>2023-05-08T15:55:42Z</time>
			</trkpt>
			<trkpt lat="59.939799821677184" lon="30.249706881064405">
				<ele>-1.4381192782893777</ele>
				<time>2023-05-08T15:55:44Z</time>
			</trkpt>
			<trkpt lat="59.93981102680037" lon="30.24975421126012">
				<ele>-0.19039843138307333</ele>
				<time>2023-05-08T15:55:46Z</time>
			</trkpt>
			<trkpt lat="59.939830649162765" lon="30.249802188635805">
				<ele>0.6999847134575248</ele>
				<time>2023-05-08T15:55:48Z</time>
			</trkpt>
			<trkpt lat="59.9398423669935" lon="30.24985498227604">
				<ele>-0.1417568689212203</ele>
				<time>2023-05-08T15:55:50Z</time>
			</trkpt>
			<trkpt lat="59.93984812745642" lon="30.249901610357163">
				<ele>-1.5038633467629552</ele>
				<time>2023-05-08T15:55:52Z</time>
			</trkpt>
			<trkpt lat="59.93985677681583" lon="30.249934265585676">
				<ele>-1.5388282360509038</ele>
				<time>2023-05-08T15:55:53Z</time>
			</trkpt>
			<trkpt lat="59.939880688386936" lon="30.24996418556224">
				<ele>0.9727383144199848</ele>
				<time>2023-05-08T15:55:54Z</time>
			</trkpt>
			<trkpt lat="59.9398927577509" lon="30.250017354066074">
				<ele>1.116644143126905</ele>
				<time>2023-05-08T15:55:56Z</time>
			</trkpt>
			<trkpt lat="59.93989902954922" lon="30.250056976431306">
				<ele>1.0133873810991645</ele>
				<time>2023-05-08T15:55:58Z</time>
			</trkpt>
			<trkpt lat="59.9399088023587" lon="30.250100294031203">
				<ele>1.1560215158388019</ele>
				<time>2023-05-08T15:56:00Z</time>
			</trkpt>
			<trkpt lat="59.93991739962918" lon="30.250141087682668">
				<ele>-0.46468354016542435</ele>
				<time>2023-05-08T15:56:02Z</time>
			</trkpt>
			<trkpt lat="59.939922225657135" lon="30.25018770025804">
				<ele>0.9988744128495455</ele>
				<time>2023-05-08T15:56:04Z</time>
			</trkpt>
			<trkpt lat="59.939934526212056" lon="30.250237360306613">
				<ele>1.4998819418251514</ele>
				<time>2023-05-08T15:56:06Z</time>
			</trkpt>
			<trkpt lat="59.939941647888844" lon="30.25029478176555">
				<ele>0.5733469650149345</ele>
				<time>2023-05-08T15:56:08Z</time>
			</trkpt>
			<trkpt lat="59.93994816265851" lon="30.25034700434906">
				<ele>-0.42521966993808746</ele>
				<time>2023-05-08T15:56:10Z</time>
			</trkpt>
			<trkpt lat="59.93994809148669" lon="30.25038442903591">
				<ele>-0.4960869373753667</ele>
				<time>2023-05-08T15:56:11Z</time>
			</trkpt>
			<trkpt lat="59.939955284678476" lon="30.25044009770253">
				<ele>0.6449158042669296</ele>
				<time>2023-05-08T15:56:13Z</time>
			</trkpt>
			<trkpt lat="59.939969072299675" lon="30.250477094623403">
				<ele>0.12746140640228987</ele>
				<time>2023-05-08T15:56:15Z</time>
			</trkpt>
			<trkpt lat="59.93997397862171" lon="30.250527200272415">
				<ele>-0.23045672848820686</ele>
				<time>2023-05-08T15:56:17Z</time>
			</trkpt>
			<trkpt lat="59.93997881331577" lon="30.250590578400438">
				<ele>-0.9674047129228711</ele>
				<time>2023-05-08T15:56:20Z</time>
			</trkpt>
			<trkpt lat="59.93999065450691" lon="30.250634993795003">
				<ele>-1.0198403391987085</ele>
				<time>2023-05-08T15:56:22Z</time>
			</trkpt>
			<trkpt lat="59.93999658894047" lon="30.25068384137957">
				<ele>-0.18994158692657948</ele>
				<time>2023-05-08T15:56:24Z</time>
			</trkpt>
			<trkpt lat="59.940000199240416" lon="30.250731773615918">
				<ele>-0.2739404980093241</ele>
				<time>2023-05-08T15:56:26Z</time>
			</trkpt>
			<trkpt lat="59.94001680685358" lon="30.25077432150031">
				<ele>0.7403134778141975</ele>
				<time>2023-05-08T15:56:28Z</time>
			</trkpt>
			<trkpt lat="59.940043248953636" lon="30.250793262851854">
				<ele>2.4703841004520655</ele>
				<time>2023-05-08T15:56:29Z</time>
			</trkpt>
			<trkpt lat="59.940047929409786" lon="30.25084491431503">
				<ele>2.9097920348867774</ele>
				<time>2023-05-08T15:56:31Z</time>
			</trkpt>
			<trkpt lat="59.9400515720481" lon="30.25089564245609">
				<ele>2.0314338002353907</ele>
				<time>2023-05-08T15:56:33Z</time>
			</trkpt>
			<trkpt lat="59.94005520279779" lon="30.25094364627849">
				<ele>-0.4500656984746456</ele>
				<time>2023-05-08T15:56:35Z</time>
			</trkpt>
			<trkpt lat="59.94004833121158" lon="30.25098463642691">
				<ele>-0.7253564363345504</ele>
				<time>2023-05-08T15:56:36Z</time>
			</trkpt>
			<trkpt lat="59.940058728704074" lon="30.25102240369305">
				<ele>-1.7003111029043794</ele>
				<time>2023-05-08T15:56:38Z</time>
			</trkpt>
			<trkpt lat="59.94008708875446" lon="30.251060134258676">
				<ele>0.8246965426951647</ele>
				<time>2023-05-08T15:56:40Z</time>
			</trkpt>
			<trkpt lat="59.940105000361264" lon="30.251081987970064">
				<ele>1.9565670248121023</ele>
				<time>2023-05-08T15:56:41Z</time>
			</trkpt>
			<trkpt lat="59.940135245390515" lon="30.25110320095149">
				<ele>0.71791538503021</ele>
				<time>2023-05-08T15:56:43Z</time>
			</trkpt>
			<trkpt lat="59.94015666916061" lon="30.25114192180121">
				<ele>1.6707283984869719</ele>
				<time>2023-05-08T15:56:45Z</time>
			</trkpt>
			<trkpt lat="59.94018179750759" lon="30.251185498062483">
				<ele>2.4600504133850336</ele>
				<time>2023-05-08T15:56:47Z</time>
			</trkpt>
			<trkpt lat="59.940201412007625" lon="30.25121834157972">
				<ele>2.1862087855115533</ele>
				<time>2023-05-08T15:56:49Z</time>
			</trkpt>
			<trkpt lat="59.94021479088294" lon="30.25124492785077">
				<ele>3.1472912104800344</ele>
				<time>2023-05-08T15:56:50Z</time>
			</trkpt>
			<trkpt lat="59.940237570423136" lon="30.251288696929763">
				<ele>2.5862904023379087</ele>
				<time>2023-05-08T15:56:53Z</time>
			</trkpt>
			<trkpt lat="59.94025608896367" lon="30.25133488947179">
				<ele>2.508804648183286</ele>
				<time>2023-05-08T15:56:55Z</time>
			</trkpt>
			<trkpt lat="59.9402656160694" lon="30.25136647711971">
				<ele>2.437069202773273</ele>
				<time>2023-05-08T15:56:56Z</time>
			</trkpt>
			<trkpt lat="59.94027751916819" lon="30.251413309465544">
				<ele>2.3154132729396224</ele>
				<time>2023-05-08T15:56:58Z</time>
			</trkpt>
			<trkpt lat="59.94028563427109" lon="30.251463799587196">
				<ele>2.4371411371976137</ele>
				<time>2023-05-08T15:57:00Z</time>
			</trkpt>
			<trkpt lat="59.940294245057466" lon="30.251513642654583">
				<ele>1.0035962788388133</ele>
				<time>2023-05-08T15:57:02Z</time>
			</trkpt>
			<trkpt lat="59.940303479025886" lon="30.25155725040693">
				<ele>-0.35377205442637205</ele>
				<time>2023-05-08T15:57:04Z</time>
			</trkpt>
			<trkpt lat="59.94032159111976" lon="30.251604579964173">
				<ele>0.2828703857958317</ele>
				<time>2023-05-08T15:57:06Z</time>
			</trkpt>
			<trkpt lat="59.940324118798536" lon="30.251659194864885">
				<ele>1.1146776331588626</ele>
				<time>2023-05-08T15:57:08Z</time>
			</trkpt>
			<trkpt lat="59.940311591273876" lon="30.251685092625408">
				<ele>0.8707917053252459</ele>
				<time>2023-05-08T15:57:09Z</time>
			</trkpt>
			<trkpt lat="59.940296714936416" lon="30.251713969120043">
				<ele>1.3518335213884711</ele>
				<time>2023-05-08T15:57:10Z</time>
			</trkpt>
			<trkpt lat="59.94027899668352" lon="30.25173508447862">
				<ele>3.334130957722664</ele>
				<time>2023-05-08T15:57:13Z</time>
			</trkpt>
			<trkpt lat="59.9402515583564" lon="30.251757978272746">
				<ele>4.041121666319668</ele>
				<time>2023-05-08T15:57:15Z</time>
			</trkpt>
			<trkpt lat="59.94023394556573" lon="30.251776377737553">
				<ele>3.4328939225524664</ele>
				<time>2023-05-08T15:57:16Z</time>
			</trkpt>
			<trkpt lat="59.94021421623313" lon="30.251794599544738">
				<ele>3.9432947114109993</ele>
				<time>2023-05-08T15:57:17Z</time>
			</trkpt>
			<trkpt lat="59.94018868098492" lon="30.251812470038473">
				<ele>3.5754994405433536</ele>
				<time>2023-05-08T15:57:19Z</time>
			</trkpt>
			<trkpt lat="59.940156195929234" lon="30.251810844308267">
				<ele>2.9901244221255183</ele>
				<time>2023-05-08T15:57:21Z</time>
			</trkpt>
			<trkpt lat="59.940122016630646" lon="30.251800002861245">
				<ele>2.3099497072398663</ele>
				<time>2023-05-08T15:57:24Z</time>
			</trkpt>
			<trkpt lat="59.94009521409435" lon="30.25182489311738">
				<ele>2.686058448627591</ele>
				<time>2023-05-08T15:57:26Z</time>
			</trkpt>
			<trkpt lat="59.940090137812405" lon="30.251869822398433">
				<ele>3.789153759367764</ele>
				<time>2023-05-08T15:57:28Z</time>
			</trkpt>
			<trkpt lat="59.94007117591759" lon="30.25188748908876">
				<ele>0.7172510512173176</ele>
				<time>2023-05-08T15:57:30Z</time>
			</trkpt>
			<trkpt lat="59.94004921459396" lon="30.251896380796264">
				<ele>0.2525140568614006</ele>
				<time>2023-05-08T15:57:31Z</time>
			</trkpt>
			<trkpt lat="59.94003863710925" lon="30.251942955853895">
				<ele>2.254114913754165</ele>
				<time>2023-05-08T15:57:33Z</time>
			</trkpt>
			<trkpt lat="59.940023803878915" lon="30.251970015457456">
				<ele>1.1561340494081378</ele>
				<time>2023-05-08T15:57:35Z</time>
			</trkpt>
			<trkpt lat="59.94000133436328" lon="30.25197120294081">
				<ele>2.6963238697499037</ele>
				<time>2023-05-08T15:57:36Z</time>
			</trkpt>
			<trkpt lat="59.9399856808882" lon="30.251993929144763">
				<ele>0.10691521689295769</ele>
				<time>2023-05-08T15:57:38Z</time>
			</trkpt>
			<trkpt lat="59.93997293228347" lon="30.252032066630626">
				<ele>2.4314813558012247</ele>
				<time>2023-05-08T15:57:40Z</time>
			</trkpt>
			<trkpt lat="59.93995825101909" lon="30.25207910525724">
				<ele>5.186173303984106</ele>
				<time>2023-05-08T15:57:42Z</time>
			</trkpt>
			<trkpt lat="59.9399355251804" lon="30.252098070227948">
				<ele>4.143311712890863</ele>
				<time>2023-05-08T15:57:44Z</time>
			</trkpt>
			<trkpt lat="59.93991748875661" lon="30.252079561483608">
				<ele>2.5409196196123958</ele>
				<time>2023-05-08T15:57:45Z</time>
			</trkpt>
			<trkpt lat="59.93990551178139" lon="30.252108722180736">
				<ele>2.5782316522672772</ele>
				<time>2023-05-08T15:57:47Z</time>
			</trkpt>
			<trkpt lat="59.93988591908831" lon="30.25211901630018">
				<ele>1.6915500359609723</ele>
				<time>2023-05-08T15:57:49Z</time>
			</trkpt>
			<trkpt lat="59.93986225450343" lon="30.252151550497498">
				<ele>-0.7308759428560734</ele>
				<time>2023-05-08T15:57:51Z</time>
			</trkpt>
			<trkpt lat="59.93984470584815" lon="30.25216187912017">
				<ele>0.22301998920738697</ele>
				<time>2023-05-08T15:57:52Z</time>
			</trkpt>
			<trkpt lat="59.93982058410276" lon="30.25219157440848">
				<ele>2.782439081929624</ele>
				<time>2023-05-08T15:57:54Z</time>
			</trkpt>
			<trkpt lat="59.939803271997874" lon="30.25222416768078">
				<ele>5.799610826186836</ele>
				<time>2023-05-08T15:57:55Z</time>
			</trkpt>
			<trkpt lat="59.939789921161754" lon="30.25224953936125">
				<ele>6.661058430559933</ele>
				<time>2023-05-08T15:57:57Z</time>
			</trkpt>
			<trkpt lat="59.93977547768869" lon="30.252278982510134">
				<ele>6.815579108893871</ele>
				<time>2023-05-08T15:57:58Z</time>
			</trkpt>
			<trkpt lat="59.93975728351218" lon="30.252315645657855">
				<ele>6.754380566067994</ele>
				<time>2023-05-08T15:58:00Z</time>
			</trkpt>
			<trkpt lat="59.93972298079783" lon="30.25233879493074">
				<ele>6.659646446816623</ele>
				<time>2023-05-08T15:58:02Z</time>
			</trkpt>
			<trkpt lat="59.93969862687452" lon="30.25235401414413">
				<ele>7.322159677743912</ele>
				<time>2023-05-08T15:58:03Z</time>
			</trkpt>
			<trkpt lat="59.93967788013844" lon="30.252370550113728">
				<ele>5.07561980932951</ele>
				<time>2023-05-08T15:58:06Z</time>
			</trkpt>
			<trkpt lat="59.93965187037784" lon="30.252398978474933">
				<ele>2.6314601311460137</ele>
				<time>2023-05-08T15:58:09Z</time>
			</trkpt>
			<trkpt lat="59.93963277848818" lon="30.25242631967976">
				<ele>3.299537898041308</ele>
				<time>2023-05-08T15:58:12Z</time>
			</trkpt>
			<trkpt lat="59.93960684932591" lon="30.25245287046866">
				<ele>2.8696079524233937</ele>
				<time>2023-05-08T15:58:14Z</time>
			</trkpt>
			<trkpt lat="59.939582392005335" lon="30.25247004163361">
				<ele>1.981345440261066</ele>
				<time>2023-05-08T15:58:16Z</time>
			</trkpt>
			<trkpt lat="59.9395508639903" lon="30.25248397672791">
				<ele>2.7023855540901423</ele>
				<time>2023-05-08T15:58:18Z</time>
			</trkpt>
			<trkpt lat="59.93952398167983" lon="30.252497463602417">
				<ele>2.7843059487640858</ele>
				<time>2023-05-08T15:58:20Z</time>
			</trkpt>
			<trkpt lat="59.93948168610871" lon="30.252502011950778">
				<ele>5.761626184917986</ele>
				<time>2023-05-08T15:58:22Z</time>
			</trkpt>
			<trkpt lat="59.93946372958573" lon="30.2524946200095">
				<ele>5.449037838727236</ele>
				<time>2023-05-08T15:58:23Z</time>
			</trkpt>
			<trkpt lat="59.93943078721639" lon="30.252513968849843">
				<ele>5.8738688714802265</ele>
				<time>2023-05-08T15:58:25Z</time>
			</trkpt>
			<trkpt lat="59.939401626364216" lon="30.252512874415583">
				<ele>6.5518227173015475</ele>
				<time>2023-05-08T15:58:26Z</time>
			</trkpt>
			<trkpt lat="59.939417223115996" lon="30.252543482792614">
				<ele>7.720021375454962</ele>
				<time>2023-05-08T15:58:28Z</time>
			</trkpt>
			<trkpt lat="59.939400093468876" lon="30.25259564652176">
				<ele>7.523097215220332</ele>
				<time>2023-05-08T15:58:29Z</time>
			</trkpt>
			<trkpt lat="59.9393777594628" lon="30.252654672592037">
				<ele>6.57011993508786</ele>
				<time>2023-05-08T15:58:32Z</time>
			</trkpt>
			<trkpt lat="59.939341399158955" lon="30.252718145946563">
				<ele>8.338725946843624</ele>
				<time>2023-05-08T15:58:33Z</time>
			</trkpt>
			<trkpt lat="59.9393178093129" lon="30.2527470068717">
				<ele>7.829068741761148</ele>
				<time>2023-05-08T15:58:37Z</time>
			</trkpt>
			<trkpt lat="59.93930000379346" lon="30.25279262497985">
				<ele>6.648781185038388</ele>
				<time>2023-05-08T15:58:40Z</time>
			</trkpt>
			<trkpt lat="59.93929504548506" lon="30.25284354850985">
				<ele>5.2044426538050175</ele>
				<time>2023-05-08T15:58:42Z</time>
			</trkpt>
			<trkpt lat="59.93926484147788" lon="30.252910896626233">
				<ele>4.003359979949892</ele>
				<time>2023-05-08T15:58:45Z</time>
			</trkpt>
			<trkpt lat="59.939237904505134" lon="30.252942226845576">
				<ele>3.59309518430382</ele>
				<time>2023-05-08T15:58:47Z</time>
			</trkpt>
			<trkpt lat="59.939218861369916" lon="30.252992098521766">
				<ele>3.1981761679053307</ele>
				<time>2023-05-08T15:58:49Z</time>
			</trkpt>
			<trkpt lat="59.9391934010331" lon="30.253019599890777">
				<ele>4.260944330133498</ele>
				<time>2023-05-08T15:58:51Z</time>
			</trkpt>
			<trkpt lat="59.93916594525855" lon="30.253052910223825">
				<ele>4.240759968757629</ele>
				<time>2023-05-08T15:58:53Z</time>
			</trkpt>
			<trkpt lat="59.939145844741155" lon="30.253058102256105">
				<ele>4.622828246094286</ele>
				<time>2023-05-08T15:58:54Z</time>
			</trkpt>
			<trkpt lat="59.9391136512493" lon="30.253076404693818">
				<ele>6.0581179484725</ele>
				<time>2023-05-08T15:58:56Z</time>
			</trkpt>
			<trkpt lat="59.93909130507138" lon="30.253091976535483">
				<ele>7.534908654168248</ele>
				<time>2023-05-08T15:58:58Z</time>
			</trkpt>
			<trkpt lat="59.939066570611644" lon="30.25310846857022">
				<ele>9.283535088412464</ele>
				<time>2023-05-08T15:59:00Z</time>
			</trkpt>
			<trkpt lat="59.939041489955265" lon="30.25309653114268">
				<ele>11.49327882938087</ele>
				<time>2023-05-08T15:59:01Z</time>
			</trkpt>
			<trkpt lat="59.939028343204306" lon="30.253122074470983">
				<ele>11.519462103955448</ele>
				<time>2023-05-08T15:59:02Z</time>
			</trkpt>
			<trkpt lat="59.939011012462935" lon="30.253140407430926">
				<ele>10.771251140162349</ele>
				<time>2023-05-08T15:59:04Z</time>
			</trkpt>
			<trkpt lat="59.93897595259752" lon="30.253153918997995">
				<ele>12.074910325929523</ele>
				<time>2023-05-08T15:59:06Z</time>
			</trkpt>
			<trkpt lat="59.93894913655416" lon="30.253148603066837">
				<ele>13.956853083334863</ele>
				<time>2023-05-08T15:59:08Z</time>
			</trkpt>
			<trkpt lat="59.938907816727934" lon="30.25314706239143">
				<ele>19.0001736022532</ele>
				<time>2023-05-08T15:59:09Z</time>
			</trkpt>
			<trkpt lat="59.93894004852322" lon="30.253205658139194">
				<ele>16.762856481596828</ele>
				<time>2023-05-08T15:59:10Z</time>
			</trkpt>
			<trkpt lat="59.93891831878174" lon="30.25322218506612">
				<ele>1.4442115826532245</ele>
				<time>2023-05-08T15:59:17Z</time>
			</trkpt>
			<trkpt lat="59.938901423989684" lon="30.25323672830643">
				<ele>0.9232033984735608</ele>
				<time>2023-05-08T15:59:18Z</time>
			</trkpt>
			<trkpt lat="59.938878139496005" lon="30.253267974814662">
				<ele>0.9088342925533652</ele>
				<time>2023-05-08T15:59:19Z</time>
			</trkpt>
			<trkpt lat="59.93884889997364" lon="30.25331285853902">
				<ele>2.1115857511758804</ele>
				<time>2023-05-08T15:59:21Z</time>
			</trkpt>
			<trkpt lat="59.93881672218563" lon="30.25333588652354">
				<ele>1.6719039240851998</ele>
				<time>2023-05-08T15:59:22Z</time>
			</trkpt>
			<trkpt lat="59.9387984769161" lon="30.253346872738422">
				<ele>2.9956133104860783</ele>
				<time>2023-05-08T15:59:25Z</time>
			</trkpt>
			<trkpt lat="59.93878376341963" lon="30.25337874366573">
				<ele>4.055923881009221</ele>
				<time>2023-05-08T15:59:27Z</time>
			</trkpt>
			<trkpt lat="59.938771349199016" lon="30.25341275357809">
				<ele>5.25834945961833</ele>
				<time>2023-05-08T15:59:28Z</time>
			</trkpt>
			<trkpt lat="59.938757036252746" lon="30.2534438805081">
				<ele>4.511955543421209</ele>
				<time>2023-05-08T15:59:30Z</time>
			</trkpt>
			<trkpt lat="59.93873790830336" lon="30.253458632257985">
				<ele>4.477164652198553</ele>
				<time>2023-05-08T15:59:32Z</time>
			</trkpt>
			<trkpt lat="59.938696253860996" lon="30.253497993957076">
				<ele>6.533340967260301</ele>
				<time>2023-05-08T15:59:33Z</time>
			</trkpt>
			<trkpt lat="59.93867865446265" lon="30.25353137157173">
				<ele>6.333222252316773</ele>
				<time>2023-05-08T15:59:35Z</time>
			</trkpt>
			<trkpt lat="59.93864945130268" lon="30.25355414179787">
				<ele>6.7226671455428</ele>
				<time>2023-05-08T15:59:37Z</time>
			</trkpt>
			<trkpt lat="59.938625466603575" lon="30.25357520005287">
				<ele>7.7015538131818175</ele>
				<time>2023-05-08T15:59:39Z</time>
			</trkpt>
			<trkpt lat="59.938602137180865" lon="30.253604559809418">
				<ele>6.387863766402006</ele>
				<time>2023-05-08T15:59:42Z</time>
			</trkpt>
			<trkpt lat="59.93857420344027" lon="30.253624386223336">
				<ele>7.479146080091596</ele>
				<time>2023-05-08T15:59:44Z</time>
			</trkpt>
			<trkpt lat="59.93856813755946" lon="30.25366421903749">
				<ele>4.643575171940029</ele>
				<time>2023-05-08T15:59:47Z</time>
			</trkpt>
			<trkpt lat="59.93852940266005" lon="30.253648802692105">
				<ele>5.249739692546427</ele>
				<time>2023-05-08T15:59:49Z</time>
			</trkpt>
			<trkpt lat="59.938493058410145" lon="30.25367399599848">
				<ele>5.800843088887632</ele>
				<time>2023-05-08T15:59:51Z</time>
			</trkpt>
			<trkpt lat="59.938473903257766" lon="30.253675349647036">
				<ele>5.3189148819074035</ele>
				<time>2023-05-08T15:59:52Z</time>
			</trkpt>
			<trkpt lat="59.938453466101954" lon="30.253670489438274">
				<ele>4.728382520377636</ele>
				<time>2023-05-08T15:59:53Z</time>
			</trkpt>
			<trkpt lat="59.9384371460553" lon="30.253728491593495">
				<ele>6.376215614378452</ele>
				<time>2023-05-08T15:59:56Z</time>
			</trkpt>
			<trkpt lat="59.93844503274625" lon="30.2537716063128">
				<ele>7.042916468344629</ele>
				<time>2023-05-08T15:59:57Z</time>
			</trkpt>
			<trkpt lat="59.938429000688494" lon="30.25380431143648">
				<ele>6.174201343208551</ele>
				<time>2023-05-08T15:59:58Z</time>
			</trkpt>
			<trkpt lat="59.93840369607259" lon="30.253846532135263">
				<ele>6.510494959540665</ele>
				<time>2023-05-08T16:00:00Z</time>
			</trkpt>
			<trkpt lat="59.93837143684286" lon="30.2538586076837">
				<ele>9.821430493146181</ele>
				<time>2023-05-08T16:00:02Z</time>
			</trkpt>
			<trkpt lat="59.938352900125125" lon="30.253884154019968">
				<ele>8.527587282471359</ele>
				<time>2023-05-08T16:00:04Z</time>
			</trkpt>
			<trkpt lat="59.938338494970594" lon="30.253910662474087">
				<ele>8.854422413744032</ele>
				<time>2023-05-08T16:00:06Z</time>
			</trkpt>
			<trkpt lat="59.9383167586533" lon="30.25394285359567">
				<ele>9.562940869480371</ele>
				<time>2023-05-08T16:00:09Z</time>
			</trkpt>
			<trkpt lat="59.93829916287129" lon="30.253964367449463">
				<ele>9.885369894094765</ele>
				<time>2023-05-08T16:00:10Z</time>
			</trkpt>
			<trkpt lat="59.938272851846726" lon="30.253977217411002">
				<ele>8.680356695316732</ele>
				<time>2023-05-08T16:00:12Z</time>
			</trkpt>
			<trkpt lat="59.938256450769416" lon="30.254000357699617">
				<ele>7.531267863698304</ele>
				<time>2023-05-08T16:00:13Z</time>
			</trkpt>
			<trkpt lat="59.93823839910346" lon="30.254025780055997">
				<ele>5.7103358479216695</ele>
				<time>2023-05-08T16:00:15Z</time>
			</trkpt>
			<trkpt lat="59.938209045391645" lon="30.254066380767963">
				<ele>8.21092198882252</ele>
				<time>2023-05-08T16:00:17Z</time>
			</trkpt>
			<trkpt lat="59.93818768713125" lon="30.254109950177508">
				<ele>8.970484322868288</ele>
				<time>2023-05-08T16:00:21Z</time>
			</trkpt>
			<trkpt lat="59.93817417298514" lon="30.254140281208162">
				<ele>9.070919922553003</ele>
				<time>2023-05-08T16:00:22Z</time>
			</trkpt>
			<trkpt lat="59.93815705938905" lon="30.254174351521836">
				<ele>12.472914721816778</ele>
				<time>2023-05-08T16:00:24Z</time>
			</trkpt>
			<trkpt lat="59.938131186096214" lon="30.2541782858267">
				<ele>12.94845993630588</ele>
				<time>2023-05-08T16:00:25Z</time>
			</trkpt>
			<trkpt lat="59.93811370272878" lon="30.254198383949422">
				<ele>12.722390100359917</ele>
				<time>2023-05-08T16:00:27Z</time>
			</trkpt>
			<trkpt lat="59.93809589802843" lon="30.254218563771015">
				<ele>11.516250149346888</ele>
				<time>2023-05-08T16:00:28Z</time>
			</trkpt>
			<trkpt lat="59.93807467245799" lon="30.254222528338882">
				<ele>9.83794212155044</ele>
				<time>2023-05-08T16:00:30Z</time>
			</trkpt>
			<trkpt lat="59.93804686871458" lon="30.254241494467493">
				<ele>9.360937776044011</ele>
				<time>2023-05-08T16:00:33Z</time>
			</trkpt>
			<trkpt lat="59.93803580586679" lon="30.2542786470061">
				<ele>12.108211433514953</ele>
				<time>2023-05-08T16:00:37Z</time>
			</trkpt>
			<trkpt lat="59.93801574592283" lon="30.254300781940973">
				<ele>10.995437499135733</ele>
				<time>2023-05-08T16:00:39Z</time>
			</trkpt>
			<trkpt lat="59.93799545093481" lon="30.254321072594916">
				<ele>11.693510652519763</ele>
				<time>2023-05-08T16:00:40Z</time>
			</trkpt>
			<trkpt lat="59.93798120674629" lon="30.25435139247334">
				<ele>11.27329941932112</ele>
				<time>2023-05-08T16:00:42Z</time>
			</trkpt>
			<trkpt lat="59.93796108032821" lon="30.254360358224915">
				<ele>14.047915184870362</ele>
				<time>2023-05-08T16:00:44Z</time>
			</trkpt>
			<trkpt lat="59.93794991768093" lon="30.254403862737963">
				<ele>9.777071580290794</ele>
				<time>2023-05-08T16:00:46Z</time>
			</trkpt>
			<trkpt lat="59.93792666518959" lon="30.254412941907617">
				<ele>9.14103490486741</ele>
				<time>2023-05-08T16:00:48Z</time>
			</trkpt>
			<trkpt lat="59.9379014805301" lon="30.254428988236313">
				<ele>12.901427952572703</ele>
				<time>2023-05-08T16:00:50Z</time>
			</trkpt>
			<trkpt lat="59.937885077533025" lon="30.254444591325605">
				<ele>12.705777942202985</ele>
				<time>2023-05-08T16:00:51Z</time>
			</trkpt>
			<trkpt lat="59.93787054867619" lon="30.254465904438206">
				<ele>9.116382951848209</ele>
				<time>2023-05-08T16:00:54Z</time>
			</trkpt>
			<trkpt lat="59.93785272990915" lon="30.2544746919792">
				<ele>8.780511506833136</ele>
				<time>2023-05-08T16:00:55Z</time>
			</trkpt>
			<trkpt lat="59.937830856760804" lon="30.254501601747325">
				<ele>8.559110292233527</ele>
				<time>2023-05-08T16:00:56Z</time>
			</trkpt>
			<trkpt lat="59.93781315147089" lon="30.25454080480974">
				<ele>7.385760082863271</ele>
				<time>2023-05-08T16:00:59Z</time>
			</trkpt>
			<trkpt lat="59.93780026315692" lon="30.254569642564714">
				<ele>6.969934755004942</ele>
				<time>2023-05-08T16:01:00Z</time>
			</trkpt>
			<trkpt lat="59.9377855598079" lon="30.254606147329273">
				<ele>6.738821952603757</ele>
				<time>2023-05-08T16:01:02Z</time>
			</trkpt>
			<trkpt lat="59.93776367245209" lon="30.254620889392914">
				<ele>4.6766184298321605</ele>
				<time>2023-05-08T16:01:04Z</time>
			</trkpt>
			<trkpt lat="59.937749757905806" lon="30.254648169803247">
				<ele>5.7150509329512715</ele>
				<time>2023-05-08T16:01:05Z</time>
			</trkpt>
			<trkpt lat="59.93773132478484" lon="30.25467393447778">
				<ele>5.62078975699842</ele>
				<time>2023-05-08T16:01:06Z</time>
			</trkpt>
			<trkpt lat="59.937703543364755" lon="30.25471118927447">
				<ele>5.599483549594879</ele>
				<time>2023-05-08T16:01:08Z</time>
			</trkpt>
			<trkpt lat="59.937685912728554" lon="30.254755694077073">
				<ele>10.180981196463108</ele>
				<time>2023-05-08T16:01:11Z</time>
			</trkpt>
			<trkpt lat="59.9376691636419" lon="30.254769323518264">
				<ele>8.856220466084778</ele>
				<time>2023-05-08T16:01:12Z</time>
			</trkpt>
			<trkpt lat="59.93764826712348" lon="30.25479963493963">
				<ele>7.024192297831178</ele>
				<time>2023-05-08T16:01:14Z</time>
			</trkpt>
			<trkpt lat="59.93761536219103" lon="30.25483186538327">
				<ele>7.450730188749731</ele>
				<time>2023-05-08T16:01:17Z</time>
			</trkpt>
			<trkpt lat="59.937594455019074" lon="30.254849547729314">
				<ele>7.394011304713786</ele>
				<time>2023-05-08T16:01:20Z</time>
			</trkpt>
			<trkpt lat="59.93757239359452" lon="30.254851471747887">
				<ele>8.012262330390513</ele>
				<time>2023-05-08T16:01:21Z</time>
			</trkpt>
			<trkpt lat="59.937554428389845" lon="30.254861294943023">
				<ele>7.240539664402604</ele>
				<time>2023-05-08T16:01:22Z</time>
			</trkpt>
			<trkpt lat="59.93752582369677" lon="30.25486770399806">
				<ele>9.662742898799479</ele>
				<time>2023-05-08T16:01:23Z</time>
			</trkpt>
			<trkpt lat="59.93750696989881" lon="30.25485591767276">
				<ele>10.419113150797784</ele>
				<time>2023-05-08T16:01:24Z</time>
			</trkpt>
			<trkpt lat="59.937488464205316" lon="30.25487483045144">
				<ele>13.520847657695413</ele>
				<time>2023-05-08T16:01:25Z</time>
			</trkpt>
			<trkpt lat="59.93747331471141" lon="30.254914281871212">
				<ele>12.212993913330138</ele>
				<time>2023-05-08T16:01:27Z</time>
			</trkpt>
			<trkpt lat="59.93743799767849" lon="30.25492737035057">
				<ele>11.484025025740266</ele>
				<time>2023-05-08T16:01:29Z</time>
			</trkpt>
			<trkpt lat="59.93740719881414" lon="30.254979030222636">
				<ele>9.349584659561515</ele>
				<time>2023-05-08T16:01:33Z</time>
			</trkpt>
			<trkpt lat="59.93736943791727" lon="30.255013282538698">
				<ele>8.49525364022702</ele>
				<time>2023-05-08T16:01:35Z</time>
			</trkpt>
			<trkpt lat="59.93733367644659" lon="30.25498795748847">
				<ele>10.010291198268533</ele>
				<time>2023-05-08T16:01:36Z</time>
			</trkpt>
			<trkpt lat="59.93731623608163" lon="30.255023796781614">
				<ele>10.216621346771717</ele>
				<time>2023-05-08T16:01:39Z</time>
			</trkpt>
			<trkpt lat="59.93729261569861" lon="30.25504174645692">
				<ele>9.440086364746094</ele>
				<time>2023-05-08T16:01:41Z</time>
			</trkpt>
			<trkpt lat="59.93727104696018" lon="30.255040062255784">
				<ele>10.882886543869972</ele>
				<time>2023-05-08T16:01:42Z</time>
			</trkpt>
			<trkpt lat="59.937262968173314" lon="30.25507541340823">
				<ele>10.383752490393817</ele>
				<time>2023-05-08T16:01:44Z</time>
			</trkpt>
			<trkpt lat="59.93723382204701" lon="30.25510534685818">
				<ele>11.018791812472045</ele>
				<time>2023-05-08T16:01:46Z</time>
			</trkpt>
			<trkpt lat="59.93721680335049" lon="30.255162403734463">
				<ele>10.515040040947497</ele>
				<time>2023-05-08T16:01:49Z</time>
			</trkpt>
			<trkpt lat="59.93719114147248" lon="30.255203264838507">
				<ele>10.630588799715042</ele>
				<time>2023-05-08T16:01:51Z</time>
			</trkpt>
			<trkpt lat="59.937170843951996" lon="30.255244080632487">
				<ele>8.835830890573561</ele>
				<time>2023-05-08T16:01:54Z</time>
			</trkpt>
			<trkpt lat="59.937152570018156" lon="30.25523730731109">
				<ele>11.142309845425189</ele>
				<time>2023-05-08T16:01:55Z</time>
			</trkpt>
			<trkpt lat="59.93713318045855" lon="30.255249546051203">
				<ele>12.707061596214771</ele>
				<time>2023-05-08T16:01:56Z</time>
			</trkpt>
			<trkpt lat="59.93711520823817" lon="30.255294562142435">
				<ele>13.923727693036199</ele>
				<time>2023-05-08T16:01:58Z</time>
			</trkpt>
			<trkpt lat="59.93710250745021" lon="30.255326133535732">
				<ele>11.888927803374827</ele>
				<time>2023-05-08T16:02:00Z</time>
			</trkpt>
			<trkpt lat="59.937093112645" lon="30.25537754225908">
				<ele>9.790663530118763</ele>
				<time>2023-05-08T16:02:02Z</time>
			</trkpt>
			<trkpt lat="59.93707270414399" lon="30.25539741554966">
				<ele>9.09494839888066</ele>
				<time>2023-05-08T16:02:04Z</time>
			</trkpt>
			<trkpt lat="59.93705263229705" lon="30.255385777547062">
				<ele>9.277939003892243</ele>
				<time>2023-05-08T16:02:06Z</time>
			</trkpt>
			<trkpt lat="59.937042330518565" lon="30.255436267622215">
				<ele>7.249128142371774</ele>
				<time>2023-05-08T16:02:08Z</time>
			</trkpt>
			<trkpt lat="59.93703093984523" lon="30.25546849841101">
				<ele>7.25607253331691</ele>
				<time>2023-05-08T16:02:09Z</time>
			</trkpt>
			<trkpt lat="59.937001133032204" lon="30.25549891964664">
				<ele>7.361030464060605</ele>
				<time>2023-05-08T16:02:11Z</time>
			</trkpt>
			<trkpt lat="59.93698276457791" lon="30.255519061909038">
				<ele>7.628023240715265</ele>
				<time>2023-05-08T16:02:12Z</time>
			</trkpt>
			<trkpt lat="59.93697533416139" lon="30.255569555282545">
				<ele>5.69739353004843</ele>
				<time>2023-05-08T16:02:14Z</time>
			</trkpt>
			<trkpt lat="59.93695648132887" lon="30.255597065468113">
				<ele>5.449017070233822</ele>
				<time>2023-05-08T16:02:16Z</time>
			</trkpt>
			<trkpt lat="59.936935706201815" lon="30.25561635644718">
				<ele>4.591773334890604</ele>
				<time>2023-05-08T16:02:18Z</time>
			</trkpt>
			<trkpt lat="59.93691405329687" lon="30.255621541746393">
				<ele>3.535091388039291</ele>
				<time>2023-05-08T16:02:20Z</time>
			</trkpt>
			<trkpt lat="59.93688753265269" lon="30.25563225021115">
				<ele>3.499834446236491</ele>
				<time>2023-05-08T16:02:22Z</time>
			</trkpt>
			<trkpt lat="59.936869883619956" lon="30.255640265406374">
				<ele>3.978703258559108</ele>
				<time>2023-05-08T16:02:23Z</time>
			</trkpt>
			<trkpt lat="59.93684237913895" lon="30.255642465281902">
				<ele>6.7664764281362295</ele>
				<time>2023-05-08T16:02:24Z</time>
			</trkpt>
			<trkpt lat="59.93682424110838" lon="30.255661666968514">
				<ele>7.570316398516297</ele>
				<time>2023-05-08T16:02:26Z</time>
			</trkpt>
			<trkpt lat="59.93681174668041" lon="30.255708466394452">
				<ele>6.501206829212606</ele>
				<time>2023-05-08T16:02:29Z</time>
			</trkpt>
			<trkpt lat="59.936799665545266" lon="30.255752380634668">
				<ele>6.805362533777952</ele>
				<time>2023-05-08T16:02:31Z</time>
			</trkpt>
			<trkpt lat="59.93677103797121" lon="30.25576392404402">
				<ele>8.806570805609226</ele>
				<time>2023-05-08T16:02:32Z</time>
			</trkpt>
			<trkpt lat="59.93674830412099" lon="30.25576862299675">
				<ele>8.892693636007607</ele>
				<time>2023-05-08T16:02:33Z</time>
			</trkpt>
			<trkpt lat="59.93672670706475" lon="30.255806871600203">
				<ele>6.703638822771609</ele>
				<time>2023-05-08T16:02:36Z</time>
			</trkpt>
			<trkpt lat="59.936729703850965" lon="30.255875449382003">
				<ele>5.4373703841120005</ele>
				<time>2023-05-08T16:02:39Z</time>
			</trkpt>
			<trkpt lat="59.93670960102865" lon="30.255886660745915">
				<ele>6.303896971978247</ele>
				<time>2023-05-08T16:02:40Z</time>
			</trkpt>
			<trkpt lat="59.93667201476184" lon="30.255906411784622">
				<ele>6.173349032178521</ele>
				<time>2023-05-08T16:02:42Z</time>
			</trkpt>
			<trkpt lat="59.936674907450445" lon="30.255944423258555">
				<ele>6.675709953531623</ele>
				<time>2023-05-08T16:02:44Z</time>
			</trkpt>
			<trkpt lat="59.9366957074086" lon="30.255976956839067">
				<ele>4.932342176325619</ele>
				<time>2023-05-08T16:02:46Z</time>
			</trkpt>
			<trkpt lat="59.93672378049536" lon="30.256023338186065">
				<ele>4.979845470748842</ele>
				<time>2023-05-08T16:02:48Z</time>
			</trkpt>
			<trkpt lat="59.93674325294348" lon="30.256066943464923">
				<ele>4.874821323901415</ele>
				<time>2023-05-08T16:02:50Z</time>
			</trkpt>
			<trkpt lat="59.93676352707371" lon="30.25608109801091">
				<ele>3.614288719370961</ele>
				<time>2023-05-08T16:02:52Z</time>
			</trkpt>
			<trkpt lat="59.936779467903726" lon="30.256125657404894">
				<ele>3.6425424655899405</ele>
				<time>2023-05-08T16:02:54Z</time>
			</trkpt>
			<trkpt lat="59.93679853902841" lon="30.25618296512363">
				<ele>4.498797109350562</ele>
				<time>2023-05-08T16:02:56Z</time>
			</trkpt>
			<trkpt lat="59.93681762196165" lon="30.25620181096185">
				<ele>3.2674440378323197</ele>
				<time>2023-05-08T16:02:58Z</time>
			</trkpt>
			<trkpt lat="59.93684026037931" lon="30.25624308210242">
				<ele>2.809841426089406</ele>
				<time>2023-05-08T16:03:00Z</time>
			</trkpt>
			<trkpt lat="59.936854278505145" lon="30.256276749993205">
				<ele>3.161961754783988</ele>
				<time>2023-05-08T16:03:01Z</time>
			</trkpt>
			<trkpt lat="59.936862287373174" lon="30.256332207053074">
				<ele>4.568230375647545</ele>
				<time>2023-05-08T16:03:03Z</time>
			</trkpt>
			<trkpt lat="59.93687941132487" lon="30.256348386431828">
				<ele>4.317032091319561</ele>
				<time>2023-05-08T16:03:05Z</time>
			</trkpt>
			<trkpt lat="59.93689533749524" lon="30.256399408872554">
				<ele>5.350640918128192</ele>
				<time>2023-05-08T16:03:07Z</time>
			</trkpt>
			<trkpt lat="59.936903116578264" lon="30.25645255555908">
				<ele>5.343135606497526</ele>
				<time>2023-05-08T16:03:09Z</time>
			</trkpt>
			<trkpt lat="59.93690793107014" lon="30.256493581804747">
				<ele>5.515685234218836</ele>
				<time>2023-05-08T16:03:10Z</time>
			</trkpt>
			<trkpt lat="59.936917837457514" lon="30.256539342636103">
				<ele>6.123040077276528</ele>
				<time>2023-05-08T16:03:12Z</time>
			</trkpt>
			<trkpt lat="59.93691481484508" lon="30.256607095356948">
				<ele>5.805025610141456</ele>
				<time>2023-05-08T16:03:14Z</time>
			</trkpt>
			<trkpt lat="59.93693054408971" lon="30.2566384853514">
				<ele>5.9145342437550426</ele>
				<time>2023-05-08T16:03:16Z</time>
			</trkpt>
			<trkpt lat="59.93694962818218" lon="30.25667556446284">
				<ele>6.160689607262611</ele>
				<time>2023-05-08T16:03:18Z</time>
			</trkpt>
			<trkpt lat="59.93694700013972" lon="30.25675663285084">
				<ele>7.350252095609903</ele>
				<time>2023-05-08T16:03:20Z</time>
			</trkpt>
			<trkpt lat="59.93697033129083" lon="30.256741870996944">
				<ele>6.0790248066186905</ele>
				<time>2023-05-08T16:03:21Z</time>
			</trkpt>
			<trkpt lat="59.93697561825961" lon="30.25679222899652">
				<ele>6.290015731006861</ele>
				<time>2023-05-08T16:03:23Z</time>
			</trkpt>
			<trkpt lat="59.936968508083375" lon="30.256836515813692">
				<ele>6.07775491476059</ele>
				<time>2023-05-08T16:03:25Z</time>
			</trkpt>
			<trkpt lat="59.93697394580226" lon="30.25687950204509">
				<ele>9.926860211417079</ele>
				<time>2023-05-08T16:03:27Z</time>
			</trkpt>
			<trkpt lat="59.936972582556855" lon="30.256917222075977">
				<ele>9.672599918209016</ele>
				<time>2023-05-08T16:03:28Z</time>
			</trkpt>
			<trkpt lat="59.936988300572466" lon="30.256939111081618">
				<ele>7.695215945132077</ele>
				<time>2023-05-08T16:03:30Z</time>
			</trkpt>
			<trkpt lat="59.936995475665235" lon="30.256980651608945">
				<ele>6.726856137625873</ele>
				<time>2023-05-08T16:03:32Z</time>
			</trkpt>
			<trkpt lat="59.93700858076306" lon="30.257035175591668">
				<ele>7.363605127669871</ele>
				<time>2023-05-08T16:03:34Z</time>
			</trkpt>
			<trkpt lat="59.937016597749995" lon="30.257112592810685">
				<ele>7.544427725486457</ele>
				<time>2023-05-08T16:03:36Z</time>
			</trkpt>
			<trkpt lat="59.93702441844791" lon="30.25714580930702">
				<ele>7.302850569598377</ele>
				<time>2023-05-08T16:03:38Z</time>
			</trkpt>
			<trkpt lat="59.93703472123884" lon="30.25717536124578">
				<ele>6.36665172688663</ele>
				<time>2023-05-08T16:03:40Z</time>
			</trkpt>
			<trkpt lat="59.93704893999242" lon="30.257226288823052">
				<ele>7.175600261427462</ele>
				<time>2023-05-08T16:03:42Z</time>
			</trkpt>
			<trkpt lat="59.937061828283795" lon="30.257262724658997">
				<ele>7.692486656829715</ele>
				<time>2023-05-08T16:03:44Z</time>
			</trkpt>
			<trkpt lat="59.937089689878" lon="30.257299566283372">
				<ele>7.746142017655075</ele>
				<time>2023-05-08T16:03:46Z</time>
			</trkpt>
			<trkpt lat="59.93709672819618" lon="30.25733723309581">
				<ele>6.8564193127676845</ele>
				<time>2023-05-08T16:03:48Z</time>
			</trkpt>
			<trkpt lat="59.93711048849706" lon="30.25738932943338">
				<ele>6.8982122130692005</ele>
				<time>2023-05-08T16:03:50Z</time>
			</trkpt>
			<trkpt lat="59.93712232964735" lon="30.25744108579481">
				<ele>7.776395819149911</ele>
				<time>2023-05-08T16:03:52Z</time>
			</trkpt>
			<trkpt lat="59.93713404746319" lon="30.257479448857268">
				<ele>9.509672343730927</ele>
				<time>2023-05-08T16:03:54Z</time>
			</trkpt>
			<trkpt lat="59.93713915657938" lon="30.257519847007014">
				<ele>10.311071880161762</ele>
				<time>2023-05-08T16:03:55Z</time>
			</trkpt>
			<trkpt lat="59.937141903047035" lon="30.25756047398625">
				<ele>8.960818741470575</ele>
				<time>2023-05-08T16:03:57Z</time>
			</trkpt>
			<trkpt lat="59.937164974565256" lon="30.257600655108746">
				<ele>9.355389318428934</ele>
				<time>2023-05-08T16:03:59Z</time>
			</trkpt>
			<trkpt lat="59.93717832086049" lon="30.257629809735057">
				<ele>9.956452774815261</ele>
				<time>2023-05-08T16:04:00Z</time>
			</trkpt>
			<trkpt lat="59.93718731797831" lon="30.2576679110623">
				<ele>10.550643316470087</ele>
				<time>2023-05-08T16:04:02Z</time>
			</trkpt>
			<trkpt lat="59.937196786425154" lon="30.25771729748587">
				<ele>10.743958343751729</ele>
				<time>2023-05-08T16:04:04Z</time>
			</trkpt>
			<trkpt lat="59.937201772911656" lon="30.257775411295235">
				<ele>10.72329845558852</ele>
				<time>2023-05-08T16:04:06Z</time>
			</trkpt>
			<trkpt lat="59.937213575131224" lon="30.257811306491597">
				<ele>9.964778550900519</ele>
				<time>2023-05-08T16:04:08Z</time>
			</trkpt>
			<trkpt lat="59.937226740874216" lon="30.257843793582428">
				<ele>8.857070705853403</ele>
				<time>2023-05-08T16:04:10Z</time>
			</trkpt>
			<trkpt lat="59.93723478647404" lon="30.257906839682935">
				<ele>9.020040912553668</ele>
				<time>2023-05-08T16:04:12Z</time>
			</trkpt>
			<trkpt lat="59.93724745745737" lon="30.25794502362458">
				<ele>9.172615269199014</ele>
				<time>2023-05-08T16:04:14Z</time>
			</trkpt>
			<trkpt lat="59.93726714552487" lon="30.25794365536287">
				<ele>8.470524377189577</ele>
				<time>2023-05-08T16:04:15Z</time>
			</trkpt>
			<trkpt lat="59.93728233197778" lon="30.25798247339374">
				<ele>8.72756290063262</ele>
				<time>2023-05-08T16:04:18Z</time>
			</trkpt>
			<trkpt lat="59.937284988623716" lon="30.25802115527718">
				<ele>8.0993448831141</ele>
				<time>2023-05-08T16:04:19Z</time>
			</trkpt>
			<trkpt lat="59.93728968037452" lon="30.258078124407877">
				<ele>9.025104423984885</ele>
				<time>2023-05-08T16:04:21Z</time>
			</trkpt>
			<trkpt lat="59.93731214843528" lon="30.258120440424335">
				<ele>9.213823290541768</ele>
				<time>2023-05-08T16:04:23Z</time>
			</trkpt>
			<trkpt lat="59.93733326690024" lon="30.25815991774588">
				<ele>9.216319126076996</ele>
				<time>2023-05-08T16:04:25Z</time>
			</trkpt>
			<trkpt lat="59.93733789157583" lon="30.258203403143767">
				<ele>9.787985706701875</ele>
				<time>2023-05-08T16:04:26Z</time>
			</trkpt>
			<trkpt lat="59.937359661728706" lon="30.2582308809133">
				<ele>8.372712794691324</ele>
				<time>2023-05-08T16:04:29Z</time>
			</trkpt>
			<trkpt lat="59.93736382075526" lon="30.258277213441993">
				<ele>9.001223389990628</ele>
				<time>2023-05-08T16:04:32Z</time>
			</trkpt>
			<trkpt lat="59.937354774385696" lon="30.258243715460825">
				<ele>7.031511393375695</ele>
				<time>2023-05-08T16:04:36Z</time>
			</trkpt>
			<trkpt lat="59.93736596540019" lon="30.25830313611399">
				<ele>2.5462509971112013</ele>
				<time>2023-05-08T16:04:40Z</time>
			</trkpt>
			<trkpt lat="59.93738264268395" lon="30.258337905778642">
				<ele>2.094688798300922</ele>
				<time>2023-05-08T16:04:42Z</time>
			</trkpt>
			<trkpt lat="59.937393665250525" lon="30.25839949964263">
				<ele>3.5196519382297993</ele>
				<time>2023-05-08T16:04:44Z</time>
			</trkpt>
			<trkpt lat="59.9374047523574" lon="30.25843290643644">
				<ele>3.604771421290934</ele>
				<time>2023-05-08T16:04:46Z</time>
			</trkpt>
			<trkpt lat="59.93742110065778" lon="30.258465864296767">
				<ele>5.061478923074901</ele>
				<time>2023-05-08T16:04:48Z</time>
			</trkpt>
			<trkpt lat="59.93742798986614" lon="30.258511267967926">
				<ele>5.486982516944408</ele>
				<time>2023-05-08T16:04:50Z</time>
			</trkpt>
			<trkpt lat="59.93743922875749" lon="30.258548116075026">
				<ele>6.181674468331039</ele>
				<time>2023-05-08T16:04:51Z</time>
			</trkpt>
			<trkpt lat="59.93746378780241" lon="30.258596009344828">
				<ele>6.68356807064265</ele>
				<time>2023-05-08T16:04:53Z</time>
			</trkpt>
			<trkpt lat="59.937476553255266" lon="30.258657946847453">
				<ele>6.938426183536649</ele>
				<time>2023-05-08T16:04:55Z</time>
			</trkpt>
			<trkpt lat="59.93749436726879" lon="30.258690607080105">
				<ele>7.7616234347224236</ele>
				<time>2023-05-08T16:04:57Z</time>
			</trkpt>
			<trkpt lat="59.93750147841688" lon="30.258733650780073">
				<ele>6.5882702227681875</ele>
				<time>2023-05-08T16:04:59Z</time>
			</trkpt>
			<trkpt lat="59.93751123137171" lon="30.25878689859276">
				<ele>7.174906051717699</ele>
				<time>2023-05-08T16:05:01Z</time>
			</trkpt>
			<trkpt lat="59.93752262761332" lon="30.258834808461597">
				<ele>8.37154683098197</ele>
				<time>2023-05-08T16:05:03Z</time>
			</trkpt>
			<trkpt lat="59.93754392935283" lon="30.258887194860353">
				<ele>7.319817803800106</ele>
				<time>2023-05-08T16:05:05Z</time>
			</trkpt>
			<trkpt lat="59.937556713370086" lon="30.258928474397464">
				<ele>6.884771214798093</ele>
				<time>2023-05-08T16:05:07Z</time>
			</trkpt>
			<trkpt lat="59.93756752053552" lon="30.258960561966358">
				<ele>5.454127817414701</ele>
				<time>2023-05-08T16:05:09Z</time>
			</trkpt>
			<trkpt lat="59.93757549935669" lon="30.2589956866356">
				<ele>2.5412138933315873</ele>
				<time>2023-05-08T16:05:11Z</time>
			</trkpt>
			<trkpt lat="59.93758235230954" lon="30.259046945981357">
				<ele>3.3710911497473717</ele>
				<time>2023-05-08T16:05:12Z</time>
			</trkpt>
			<trkpt lat="59.93759936787187" lon="30.25909849858652">
				<ele>4.446526274085045</ele>
				<time>2023-05-08T16:05:14Z</time>
			</trkpt>
			<trkpt lat="59.937609504701165" lon="30.259143886650392">
				<ele>4.632063484750688</ele>
				<time>2023-05-08T16:05:16Z</time>
			</trkpt>
			<trkpt lat="59.937623371961685" lon="30.259192638572074">
				<ele>4.324192700907588</ele>
				<time>2023-05-08T16:05:18Z</time>
			</trkpt>
			<trkpt lat="59.93763306127208" lon="30.259254672287746">
				<ele>5.688959980383515</ele>
				<time>2023-05-08T16:05:20Z</time>
			</trkpt>
			<trkpt lat="59.93765073491275" lon="30.259298178589404">
				<ele>6.56229521241039</ele>
				<time>2023-05-08T16:05:22Z</time>
			</trkpt>
			<trkpt lat="59.937652949223114" lon="30.25934303166545">
				<ele>7.744170899502933</ele>
				<time>2023-05-08T16:05:23Z</time>
			</trkpt>
			<trkpt lat="59.937675216863965" lon="30.259356929168007">
				<ele>7.638185972347856</ele>
				<time>2023-05-08T16:05:25Z</time>
			</trkpt>
			<trkpt lat="59.937696226971774" lon="30.259396054671004">
				<ele>7.377064657397568</ele>
				<time>2023-05-08T16:05:27Z</time>
			</trkpt>
			<trkpt lat="59.9377126850314" lon="30.259434717503236">
				<ele>6.891246500425041</ele>
				<time>2023-05-08T16:05:29Z</time>
			</trkpt>
			<trkpt lat="59.93771671812665" lon="30.259469595595917">
				<ele>5.440364737063646</ele>
				<time>2023-05-08T16:05:31Z</time>
			</trkpt>
			<trkpt lat="59.93772902458026" lon="30.259509718014705">
				<ele>4.55731032602489</ele>
				<time>2023-05-08T16:05:33Z</time>
			</trkpt>
			<trkpt lat="59.937736309713486" lon="30.25955451130006">
				<ele>5.734791016206145</ele>
				<time>2023-05-08T16:05:34Z</time>
			</trkpt>
			<trkpt lat="59.93774308539959" lon="30.259591231291044">
				<ele>5.649021703749895</ele>
				<time>2023-05-08T16:05:35Z</time>
			</trkpt>
			<trkpt lat="59.93775258533071" lon="30.25964104249035">
				<ele>5.637268542312086</ele>
				<time>2023-05-08T16:05:37Z</time>
			</trkpt>
			<trkpt lat="59.93776381581749" lon="30.25968984807306">
				<ele>6.568050623871386</ele>
				<time>2023-05-08T16:05:39Z</time>
			</trkpt>
			<trkpt lat="59.9377812767248" lon="30.25972318356945">
				<ele>7.589727385900915</ele>
				<time>2023-05-08T16:05:41Z</time>
			</trkpt>
			<trkpt lat="59.937786825343146" lon="30.259770516125098">
				<ele>6.101098696701229</ele>
				<time>2023-05-08T16:05:43Z</time>
			</trkpt>
			<trkpt lat="59.93779927689364" lon="30.259825811593807">
				<ele>7.733161997050047</ele>
				<time>2023-05-08T16:05:45Z</time>
			</trkpt>
			<trkpt lat="59.93781485183495" lon="30.259866578362175">
				<ele>7.723785415291786</ele>
				<time>2023-05-08T16:05:47Z</time>
			</trkpt>
			<trkpt lat="59.937828741937416" lon="30.2599159572642">
				<ele>6.8585891695693135</ele>
				<time>2023-05-08T16:05:49Z</time>
			</trkpt>
			<trkpt lat="59.93784489593611" lon="30.25995436131611">
				<ele>6.589721488766372</ele>
				<time>2023-05-08T16:05:51Z</time>
			</trkpt>
			<trkpt lat="59.937857868456355" lon="30.259982003469563">
				<ele>6.805271316319704</ele>
				<time>2023-05-08T16:05:52Z</time>
			</trkpt>
			<trkpt lat="59.93787356754917" lon="30.26002988367877">
				<ele>7.808182976208627</ele>
				<time>2023-05-08T16:05:54Z</time>
			</trkpt>
			<trkpt lat="59.93788813868726" lon="30.26007429391598">
				<ele>8.36991339828819</ele>
				<time>2023-05-08T16:05:56Z</time>
			</trkpt>
			<trkpt lat="59.93789976266578" lon="30.26012353788849">
				<ele>8.773589593358338</ele>
				<time>2023-05-08T16:05:58Z</time>
			</trkpt>
			<trkpt lat="59.937912325487396" lon="30.260185089397478">
				<ele>7.812212380580604</ele>
				<time>2023-05-08T16:06:00Z</time>
			</trkpt>
			<trkpt lat="59.93793038692544" lon="30.260240986699657">
				<ele>7.744444016367197</ele>
				<time>2023-05-08T16:06:03Z</time>
			</trkpt>
			<trkpt lat="59.93794048079599" lon="30.260281442478465">
				<ele>8.682244050316513</ele>
				<time>2023-05-08T16:06:04Z</time>
			</trkpt>
			<trkpt lat="59.93795563657815" lon="30.260314816622277">
				<ele>9.585948687978089</ele>
				<time>2023-05-08T16:06:06Z</time>
			</trkpt>
			<trkpt lat="59.93796453041824" lon="30.260370717047643">
				<ele>10.167275349609554</ele>
				<time>2023-05-08T16:06:08Z</time>
			</trkpt>
			<trkpt lat="59.93797651366552" lon="30.260421689350693">
				<ele>9.694370277225971</ele>
				<time>2023-05-08T16:06:10Z</time>
			</trkpt>
			<trkpt lat="59.93798796899057" lon="30.26046416513801">
				<ele>8.912443358451128</ele>
				<time>2023-05-08T16:06:12Z</time>
			</trkpt>
			<trkpt lat="59.93801257672606" lon="30.260512255194453">
				<ele>7.0299282521009445</ele>
				<time>2023-05-08T16:06:15Z</time>
			</trkpt>
			<trkpt lat="59.93802588701809" lon="30.260570345998126">
				<ele>7.3072075648233294</ele>
				<time>2023-05-08T16:06:17Z</time>
			</trkpt>
			<trkpt lat="59.938033686974364" lon="30.260605511029308">
				<ele>8.986551301553845</ele>
				<time>2023-05-08T16:06:18Z</time>
			</trkpt>
			<trkpt lat="59.938044017311604" lon="30.260647908795846">
				<ele>9.029569775797427</ele>
				<time>2023-05-08T16:06:20Z</time>
			</trkpt>
			<trkpt lat="59.93806390865086" lon="30.260679698900887">
				<ele>9.149792614392936</ele>
				<time>2023-05-08T16:06:22Z</time>
			</trkpt>
			<trkpt lat="59.93807590807586" lon="30.260740784364682">
				<ele>10.629623282700777</ele>
				<time>2023-05-08T16:06:24Z</time>
			</trkpt>
			<trkpt lat="59.93809005039897" lon="30.260802728085572">
				<ele>11.54585795570165</ele>
				<time>2023-05-08T16:06:26Z</time>
			</trkpt>
			<trkpt lat="59.93809987852311" lon="30.26085071869836">
				<ele>11.28699778020382</ele>
				<time>2023-05-08T16:06:28Z</time>
			</trkpt>
			<trkpt lat="59.938115769085414" lon="30.26089311590863">
				<ele>11.827752854675055</ele>
				<time>2023-05-08T16:06:30Z</time>
			</trkpt>
			<trkpt lat="59.93813320491013" lon="30.260935233029905">
				<ele>11.82606561575085</ele>
				<time>2023-05-08T16:06:32Z</time>
			</trkpt>
			<trkpt lat="59.9381456396869" lon="30.26097512585035">
				<ele>10.907692997716367</ele>
				<time>2023-05-08T16:06:34Z</time>
			</trkpt>
			<trkpt lat="59.93815914297574" lon="30.261017529517925">
				<ele>11.44883522298187</ele>
				<time>2023-05-08T16:06:36Z</time>
			</trkpt>
			<trkpt lat="59.938178682590035" lon="30.261072953842202">
				<ele>11.407987971790135</ele>
				<time>2023-05-08T16:06:38Z</time>
			</trkpt>
			<trkpt lat="59.9381873920078" lon="30.261122402077426">
				<ele>11.073096254840493</ele>
				<time>2023-05-08T16:06:40Z</time>
			</trkpt>
			<trkpt lat="59.93819760627694" lon="30.261189107655404">
				<ele>12.851097689010203</ele>
				<time>2023-05-08T16:06:42Z</time>
			</trkpt>
			<trkpt lat="59.93821759762298" lon="30.261215441830128">
				<ele>11.838943116366863</ele>
				<time>2023-05-08T16:06:44Z</time>
			</trkpt>
			<trkpt lat="59.93822560747502" lon="30.261279854943524">
				<ele>11.281980530358851</ele>
				<time>2023-05-08T16:06:46Z</time>
			</trkpt>
			<trkpt lat="59.938240876966134" lon="30.261323754880486">
				<ele>10.248318898491561</ele>
				<time>2023-05-08T16:06:48Z</time>
			</trkpt>
			<trkpt lat="59.93825781967032" lon="30.261360512012725">
				<ele>9.446372631937265</ele>
				<time>2023-05-08T16:06:50Z</time>
			</trkpt>
			<trkpt lat="59.938263542749226" lon="30.26139532214778">
				<ele>8.75153777655214</ele>
				<time>2023-05-08T16:06:51Z</time>
			</trkpt>
			<trkpt lat="59.93828514418514" lon="30.261415624108984">
				<ele>7.625132885761559</ele>
				<time>2023-05-08T16:06:54Z</time>
			</trkpt>
			<trkpt lat="59.93829696601516" lon="30.26144311005003">
				<ele>7.577580996789038</ele>
				<time>2023-05-08T16:06:55Z</time>
			</trkpt>
			<trkpt lat="59.9383053132923" lon="30.26148451149367">
				<ele>6.08482061047107</ele>
				<time>2023-05-08T16:06:57Z</time>
			</trkpt>
			<trkpt lat="59.9383249645228" lon="30.26153118168687">
				<ele>5.298396605998278</ele>
				<time>2023-05-08T16:06:59Z</time>
			</trkpt>
			<trkpt lat="59.938337519524296" lon="30.26157960092802">
				<ele>5.5528963226825</ele>
				<time>2023-05-08T16:07:01Z</time>
			</trkpt>
			<trkpt lat="59.938354093175896" lon="30.26161180430733">
				<ele>5.348929681815207</ele>
				<time>2023-05-08T16:07:03Z</time>
			</trkpt>
			<trkpt lat="59.93836377218063" lon="30.26166063779364">
				<ele>5.208575081080198</ele>
				<time>2023-05-08T16:07:05Z</time>
			</trkpt>
			<trkpt lat="59.9383765921771" lon="30.261726891148772">
				<ele>5.669430900365114</ele>
				<time>2023-05-08T16:07:07Z</time>
			</trkpt>
			<trkpt lat="59.93838547967609" lon="30.261773059091706">
				<ele>6.081081824377179</ele>
				<time>2023-05-08T16:07:09Z</time>
			</trkpt>
			<trkpt lat="59.93840080956079" lon="30.261818064183384">
				<ele>5.734953890554607</ele>
				<time>2023-05-08T16:07:11Z</time>
			</trkpt>
			<trkpt lat="59.938413339441986" lon="30.26186044802265">
				<ele>5.49953215289861</ele>
				<time>2023-05-08T16:07:13Z</time>
			</trkpt>
			<trkpt lat="59.938422263714095" lon="30.26189899623285">
				<ele>4.379033771343529</ele>
				<time>2023-05-08T16:07:15Z</time>
			</trkpt>
			<trkpt lat="59.93843930361132" lon="30.261958064450933">
				<ele>4.202639274299145</ele>
				<time>2023-05-08T16:07:17Z</time>
			</trkpt>
			<trkpt lat="59.93844321103497" lon="30.262003347481183">
				<ele>2.5648850295692682</ele>
				<time>2023-05-08T16:07:19Z</time>
			</trkpt>
			<trkpt lat="59.938461244711746" lon="30.262045050817473">
				<ele>3.1245981762185693</ele>
				<time>2023-05-08T16:07:21Z</time>
			</trkpt>
			<trkpt lat="59.938474564514905" lon="30.26208544929149">
				<ele>4.367343667894602</ele>
				<time>2023-05-08T16:07:23Z</time>
			</trkpt>
			<trkpt lat="59.93849307121283" lon="30.262117642924817">
				<ele>5.404870990663767</ele>
				<time>2023-05-08T16:07:25Z</time>
			</trkpt>
			<trkpt lat="59.93850092552464" lon="30.26216049917779">
				<ele>5.046163477934897</ele>
				<time>2023-05-08T16:07:27Z</time>
			</trkpt>
			<trkpt lat="59.9385136535038" lon="30.262191242641425">
				<ele>5.156730706803501</ele>
				<time>2023-05-08T16:07:28Z</time>
			</trkpt>
			<trkpt lat="59.93852790761465" lon="30.262238940117324">
				<ele>5.166971458122134</ele>
				<time>2023-05-08T16:07:30Z</time>
			</trkpt>
			<trkpt lat="59.938540584305635" lon="30.262282467882915">
				<ele>4.861171770840883</ele>
				<time>2023-05-08T16:07:32Z</time>
			</trkpt>
			<trkpt lat="59.938547714633046" lon="30.262336810870803">
				<ele>4.052193013951182</ele>
				<time>2023-05-08T16:07:34Z</time>
			</trkpt>
			<trkpt lat="59.93855375991644" lon="30.262383113689452">
				<ele>2.835887619294226</ele>
				<time>2023-05-08T16:07:36Z</time>
			</trkpt>
			<trkpt lat="59.93856784925503" lon="30.262435631949828">
				<ele>3.134403164498508</ele>
				<time>2023-05-08T16:07:38Z</time>
			</trkpt>
			<trkpt lat="59.938577442857316" lon="30.262491530288518">
				<ele>2.858314630575478</ele>
				<time>2023-05-08T16:07:40Z</time>
			</trkpt>
			<trkpt lat="59.93858524550894" lon="30.262541215016867">
				<ele>3.60190593264997</ele>
				<time>2023-05-08T16:07:42Z</time>
			</trkpt>
			<trkpt lat="59.938603519537004" lon="30.26257394538584">
				<ele>5.382891281507909</ele>
				<time>2023-05-08T16:07:44Z</time>
			</trkpt>
			<trkpt lat="59.93862287431751" lon="30.26260566184507">
				<ele>5.594015374779701</ele>
				<time>2023-05-08T16:07:46Z</time>
			</trkpt>
			<trkpt lat="59.938628877023916" lon="30.262654142403406">
				<ele>5.550159485079348</ele>
				<time>2023-05-08T16:07:48Z</time>
			</trkpt>
			<trkpt lat="59.93864200531863" lon="30.26270442283617">
				<ele>4.817626713775098</ele>
				<time>2023-05-08T16:07:50Z</time>
			</trkpt>
			<trkpt lat="59.93865338786453" lon="30.26273837328949">
				<ele>5.9138465113937855</ele>
				<time>2023-05-08T16:07:52Z</time>
			</trkpt>
			<trkpt lat="59.93866585959238" lon="30.26279131772565">
				<ele>5.603317989036441</ele>
				<time>2023-05-08T16:07:54Z</time>
			</trkpt>
			<trkpt lat="59.938673600303645" lon="30.262839588100704">
				<ele>5.347018077969551</ele>
				<time>2023-05-08T16:07:56Z</time>
			</trkpt>
			<trkpt lat="59.93867854297081" lon="30.262882635693785">
				<ele>5.263796802610159</ele>
				<time>2023-05-08T16:07:58Z</time>
			</trkpt>
			<trkpt lat="59.93869666196977" lon="30.262936320861193">
				<ele>5.705478087067604</ele>
				<time>2023-05-08T16:08:00Z</time>
			</trkpt>
			<trkpt lat="59.93871134138863" lon="30.26298454902577">
				<ele>5.705481184646487</ele>
				<time>2023-05-08T16:08:02Z</time>
			</trkpt>
			<trkpt lat="59.938723840454465" lon="30.26302735550193">
				<ele>6.2021295027807355</ele>
				<time>2023-05-08T16:08:04Z</time>
			</trkpt>
			<trkpt lat="59.9387361843433" lon="30.26306623595401">
				<ele>6.072865738533437</ele>
				<time>2023-05-08T16:08:06Z</time>
			</trkpt>
			<trkpt lat="59.93875227413949" lon="30.263104840657565">
				<ele>6.362944119609892</ele>
				<time>2023-05-08T16:08:08Z</time>
			</trkpt>
			<trkpt lat="59.93876848503437" lon="30.263149904998404">
				<ele>2.2129484973847866</ele>
				<time>2023-05-08T16:08:11Z</time>
			</trkpt>
			<trkpt lat="59.938785026871784" lon="30.263168256501395">
				<ele>4.752515054307878</ele>
				<time>2023-05-08T16:08:13Z</time>
			</trkpt>
			<trkpt lat="59.938796029126564" lon="30.263234814069023">
				<ele>8.039006819948554</ele>
				<time>2023-05-08T16:08:29Z</time>
			</trkpt>
			<trkpt lat="59.938806541856685" lon="30.263282641559584">
				<ele>6.98255009111017</ele>
				<time>2023-05-08T16:08:31Z</time>
			</trkpt>
			<trkpt lat="59.9388227893365" lon="30.26331903339024">
				<ele>8.26279631908983</ele>
				<time>2023-05-08T16:08:33Z</time>
			</trkpt>
			<trkpt lat="59.93883427653947" lon="30.263359567814994">
				<ele>8.764870129525661</ele>
				<time>2023-05-08T16:08:35Z</time>
			</trkpt>
			<trkpt lat="59.93884420838821" lon="30.26339472103715">
				<ele>8.383345132693648</ele>
				<time>2023-05-08T16:08:36Z</time>
			</trkpt>
			<trkpt lat="59.938853979890126" lon="30.26342786580799">
				<ele>6.625003017485142</ele>
				<time>2023-05-08T16:08:38Z</time>
			</trkpt>
			<trkpt lat="59.93887698531888" lon="30.26346344200557">
				<ele>6.6174656469374895</ele>
				<time>2023-05-08T16:08:40Z</time>
			</trkpt>
			<trkpt lat="59.93888839320157" lon="30.26350943110185">
				<ele>6.674377167597413</ele>
				<time>2023-05-08T16:08:43Z</time>
			</trkpt>
			<trkpt lat="59.938900130779984" lon="30.26355907385951">
				<ele>5.761809938587248</ele>
				<time>2023-05-08T16:08:45Z</time>
			</trkpt>
			<trkpt lat="59.93890999258231" lon="30.26360815175802">
				<ele>6.911662326194346</ele>
				<time>2023-05-08T16:08:47Z</time>
			</trkpt>
			<trkpt lat="59.93892103113503" lon="30.263644102088783">
				<ele>6.499501153826714</ele>
				<time>2023-05-08T16:08:49Z</time>
			</trkpt>
			<trkpt lat="59.93893600461175" lon="30.26368392488558">
				<ele>8.993914849124849</ele>
				<time>2023-05-08T16:08:51Z</time>
			</trkpt>
			<trkpt lat="59.93894001139483" lon="30.263721074623184">
				<ele>9.134838426485658</ele>
				<time>2023-05-08T16:08:52Z</time>
			</trkpt>
			<trkpt lat="59.9389416953306" lon="30.263771315312834">
				<ele>9.781971261836588</ele>
				<time>2023-05-08T16:08:53Z</time>
			</trkpt>
			<trkpt lat="59.93896051847505" lon="30.263764588575356">
				<ele>8.87399110943079</ele>
				<time>2023-05-08T16:08:54Z</time>
			</trkpt>
			<trkpt lat="59.93897276261039" lon="30.263826880768452">
				<ele>8.614151243120432</ele>
				<time>2023-05-08T16:08:56Z</time>
			</trkpt>
			<trkpt lat="59.9389845881389" lon="30.26387394603793">
				<ele>8.880253127776086</ele>
				<time>2023-05-08T16:08:58Z</time>
			</trkpt>
			<trkpt lat="59.939001327490296" lon="30.263925742625574">
				<ele>6.958919455297291</ele>
				<time>2023-05-08T16:09:00Z</time>
			</trkpt>
			<trkpt lat="59.93900832045752" lon="30.26396088572194">
				<ele>7.994528430514038</ele>
				<time>2023-05-08T16:09:01Z</time>
			</trkpt>
			<trkpt lat="59.93902054298815" lon="30.264006053528462">
				<ele>6.780966745689511</ele>
				<time>2023-05-08T16:09:03Z</time>
			</trkpt>
			<trkpt lat="59.9390264910479" lon="30.264042538824878">
				<ele>6.68155571538955</ele>
				<time>2023-05-08T16:09:04Z</time>
			</trkpt>
			<trkpt lat="59.9390404929451" lon="30.264076261261803">
				<ele>6.600121622905135</ele>
				<time>2023-05-08T16:09:06Z</time>
			</trkpt>
			<trkpt lat="59.93904943084507" lon="30.264126957795312">
				<ele>6.299388776533306</ele>
				<time>2023-05-08T16:09:08Z</time>
			</trkpt>
			<trkpt lat="59.93906796851611" lon="30.264167588741373">
				<ele>5.811725008301437</ele>
				<time>2023-05-08T16:09:10Z</time>
			</trkpt>
			<trkpt lat="59.939080316941094" lon="30.264210569446785">
				<ele>6.913263829424977</ele>
				<time>2023-05-08T16:09:12Z</time>
			</trkpt>
			<trkpt lat="59.93909705264549" lon="30.264253142987407">
				<ele>7.236563842743635</ele>
				<time>2023-05-08T16:09:14Z</time>
			</trkpt>
			<trkpt lat="59.939111626747554" lon="30.264309388923785">
				<ele>8.032965145073831</ele>
				<time>2023-05-08T16:09:16Z</time>
			</trkpt>
			<trkpt lat="59.93912088192943" lon="30.264350155157597">
				<ele>7.027655567973852</ele>
				<time>2023-05-08T16:09:18Z</time>
			</trkpt>
			<trkpt lat="59.939125921397775" lon="30.26441042391155">
				<ele>7.002896341495216</ele>
				<time>2023-05-08T16:09:20Z</time>
			</trkpt>
			<trkpt lat="59.93914001240944" lon="30.264457615730663">
				<ele>8.154790787026286</ele>
				<time>2023-05-08T16:09:22Z</time>
			</trkpt>
			<trkpt lat="59.93915202891565" lon="30.264489558757603">
				<ele>6.740240732207894</ele>
				<time>2023-05-08T16:09:24Z</time>
			</trkpt>
			<trkpt lat="59.93915850725531" lon="30.2645245751358">
				<ele>5.576385851018131</ele>
				<time>2023-05-08T16:09:26Z</time>
			</trkpt>
			<trkpt lat="59.93917239286454" lon="30.264557796365242">
				<ele>4.893072289414704</ele>
				<time>2023-05-08T16:09:28Z</time>
			</trkpt>
			<trkpt lat="59.93918612184828" lon="30.264604795688506">
				<ele>4.786976624280214</ele>
				<time>2023-05-08T16:09:30Z</time>
			</trkpt>
			<trkpt lat="59.93919852445278" lon="30.264666439582008">
				<ele>4.860109139233828</ele>
				<time>2023-05-08T16:09:32Z</time>
			</trkpt>
			<trkpt lat="59.93920997167155" lon="30.264704798679123">
				<ele>4.4591800114139915</ele>
				<time>2023-05-08T16:09:34Z</time>
			</trkpt>
			<trkpt lat="59.939214875195454" lon="30.264739430742335">
				<ele>3.846363545395434</ele>
				<time>2023-05-08T16:09:35Z</time>
			</trkpt>
			<trkpt lat="59.93922848232555" lon="30.264781751480214">
				<ele>3.445376457646489</ele>
				<time>2023-05-08T16:09:37Z</time>
			</trkpt>
			<trkpt lat="59.939245290965836" lon="30.264833899957566">
				<ele>4.708631611429155</ele>
				<time>2023-05-08T16:09:39Z</time>
			</trkpt>
			<trkpt lat="59.939257390632264" lon="30.264873333738496">
				<ele>4.2018599873408675</ele>
				<time>2023-05-08T16:09:41Z</time>
			</trkpt>
			<trkpt lat="59.939268883959215" lon="30.26492601067489">
				<ele>4.780878070741892</ele>
				<time>2023-05-08T16:09:43Z</time>
			</trkpt>
			<trkpt lat="59.939282288947844" lon="30.264979635772278">
				<ele>4.4933430049568415</ele>
				<time>2023-05-08T16:09:45Z</time>
			</trkpt>
			<trkpt lat="59.939295958499784" lon="30.265028565375545">
				<ele>5.232748482376337</ele>
				<time>2023-05-08T16:09:47Z</time>
			</trkpt>
			<trkpt lat="59.939319887875165" lon="30.265076182293367">
				<ele>4.710732662118971</ele>
				<time>2023-05-08T16:09:50Z</time>
			</trkpt>
			<trkpt lat="59.939328448565114" lon="30.265130028224103">
				<ele>4.617863351479173</ele>
				<time>2023-05-08T16:09:52Z</time>
			</trkpt>
			<trkpt lat="59.93935176061626" lon="30.26517656412274">
				<ele>4.463411460630596</ele>
				<time>2023-05-08T16:09:54Z</time>
			</trkpt>
			<trkpt lat="59.9393646249332" lon="30.265236448124714">
				<ele>4.7137339767068624</ele>
				<time>2023-05-08T16:09:56Z</time>
			</trkpt>
			<trkpt lat="59.93937716952381" lon="30.265288184994336">
				<ele>5.0570851834490895</ele>
				<time>2023-05-08T16:09:58Z</time>
			</trkpt>
			<trkpt lat="59.93939153463757" lon="30.265329171859143">
				<ele>5.032217024825513</ele>
				<time>2023-05-08T16:10:00Z</time>
			</trkpt>
			<trkpt lat="59.939398711550446" lon="30.265379448258106">
				<ele>5.01650271192193</ele>
				<time>2023-05-08T16:10:02Z</time>
			</trkpt>
			<trkpt lat="59.93940292365023" lon="30.265424744241262">
				<ele>4.746605923399329</ele>
				<time>2023-05-08T16:10:04Z</time>
			</trkpt>
			<trkpt lat="59.93941600762079" lon="30.265461833413934">
				<ele>5.225074311718345</ele>
				<time>2023-05-08T16:10:06Z</time>
			</trkpt>
			<trkpt lat="59.939423767060795" lon="30.26551761752537">
				<ele>4.164871416985989</ele>
				<time>2023-05-08T16:10:08Z</time>
			</trkpt>
			<trkpt lat="59.93942717813229" lon="30.26555521153691">
				<ele>4.838667504489422</ele>
				<time>2023-05-08T16:10:09Z</time>
			</trkpt>
			<trkpt lat="59.93944587822638" lon="30.26554916477203">
				<ele>5.24755999352783</ele>
				<time>2023-05-08T16:10:10Z</time>
			</trkpt>
			<trkpt lat="59.93946879921288" lon="30.265588254145406">
				<ele>5.8333540530875325</ele>
				<time>2023-05-08T16:10:13Z</time>
			</trkpt>
			<trkpt lat="59.93949183844565" lon="30.26563004686767">
				<ele>6.80023406073451</ele>
				<time>2023-05-08T16:10:15Z</time>
			</trkpt>
			<trkpt lat="59.939502645705794" lon="30.26570184821693">
				<ele>9.346045258454978</ele>
				<time>2023-05-08T16:10:17Z</time>
			</trkpt>
			<trkpt lat="59.93950672810763" lon="30.26575362727311">
				<ele>10.091415183618665</ele>
				<time>2023-05-08T16:10:18Z</time>
			</trkpt>
			<trkpt lat="59.93951209609548" lon="30.26579473915539">
				<ele>8.253086981363595</ele>
				<time>2023-05-08T16:10:20Z</time>
			</trkpt>
			<trkpt lat="59.93952699572732" lon="30.26583222767504">
				<ele>4.565583213232458</ele>
				<time>2023-05-08T16:10:23Z</time>
			</trkpt>
			<trkpt lat="59.93953470883418" lon="30.26589076691168">
				<ele>5.148402772843838</ele>
				<time>2023-05-08T16:10:25Z</time>
			</trkpt>
			<trkpt lat="59.93955225394239" lon="30.26592797452336">
				<ele>5.30576569121331</ele>
				<time>2023-05-08T16:10:26Z</time>
			</trkpt>
			<trkpt lat="59.939585535404944" lon="30.26595465618662">
				<ele>5.2605548007413745</ele>
				<time>2023-05-08T16:10:27Z</time>
			</trkpt>
			<trkpt lat="59.93960680560663" lon="30.265951727638765">
				<ele>5.589846041984856</ele>
				<time>2023-05-08T16:10:28Z</time>
			</trkpt>
			<trkpt lat="59.9396258600862" lon="30.26595985329391">
				<ele>6.404440609738231</ele>
				<time>2023-05-08T16:10:29Z</time>
			</trkpt>
			<trkpt lat="59.939649078818064" lon="30.26596224120872">
				<ele>2.1552897449582815</ele>
				<time>2023-05-08T16:10:31Z</time>
			</trkpt>
			<trkpt lat="59.93967071173915" lon="30.2659648425658">
				<ele>4.192496959120035</ele>
				<time>2023-05-08T16:10:32Z</time>
			</trkpt>
			<trkpt lat="59.939705200552744" lon="30.265946025652795">
				<ele>4.164580846205354</ele>
				<time>2023-05-08T16:10:34Z</time>
			</trkpt>
			<trkpt lat="59.93972909964984" lon="30.265911536450947">
				<ele>2.365414207801223</ele>
				<time>2023-05-08T16:10:36Z</time>
			</trkpt>
			<trkpt lat="59.93975743330997" lon="30.265883451969078">
				<ele>2.6424254160374403</ele>
				<time>2023-05-08T16:10:38Z</time>
			</trkpt>
			<trkpt lat="59.93978654145912" lon="30.265857045836015">
				<ele>2.4480381943285465</ele>
				<time>2023-05-08T16:10:40Z</time>
			</trkpt>
			<trkpt lat="59.93980186048733" lon="30.26581628992307">
				<ele>1.9777747774496675</ele>
				<time>2023-05-08T16:10:42Z</time>
			</trkpt>
			<trkpt lat="59.93981816283998" lon="30.265782053829223">
				<ele>2.3827117392793298</ele>
				<time>2023-05-08T16:10:44Z</time>
			</trkpt>
			<trkpt lat="59.93983417810739" lon="30.265743087447778">
				<ele>2.9860052736476064</ele>
				<time>2023-05-08T16:10:46Z</time>
			</trkpt>
			<trkpt lat="59.939848580156934" lon="30.265715103680513">
				<ele>3.0930294450372458</ele>
				<time>2023-05-08T16:10:47Z</time>
			</trkpt>
			<trkpt lat="59.93986754867405" lon="30.2656893345361">
				<ele>2.981497366912663</ele>
				<time>2023-05-08T16:10:49Z</time>
			</trkpt>
			<trkpt lat="59.93989830584163" lon="30.26567005739196">
				<ele>2.084038246423006</ele>
				<time>2023-05-08T16:10:51Z</time>
			</trkpt>
			<trkpt lat="59.93991346617327" lon="30.265640057312947">
				<ele>1.4846486393362284</ele>
				<time>2023-05-08T16:10:53Z</time>
			</trkpt>
			<trkpt lat="59.93993698705711" lon="30.265596975197933">
				<ele>2.0041487589478493</ele>
				<time>2023-05-08T16:10:55Z</time>
			</trkpt>
			<trkpt lat="59.93995555392786" lon="30.265574252033787">
				<ele>2.389303034171462</ele>
				<time>2023-05-08T16:10:57Z</time>
			</trkpt>
			<trkpt lat="59.93997792632967" lon="30.265550571020242">
				<ele>1.4955503875389695</ele>
				<time>2023-05-08T16:10:59Z</time>
			</trkpt>
			<trkpt lat="59.93999935761394" lon="30.265525639716987">
				<ele>3.363361820578575</ele>
				<time>2023-05-08T16:11:01Z</time>
			</trkpt>
			<trkpt lat="59.940021166399845" lon="30.26550001195197">
				<ele>3.42734613455832</ele>
				<time>2023-05-08T16:11:03Z</time>
			</trkpt>
			<trkpt lat="59.940042261546004" lon="30.265466564735846">
				<ele>5.762511605396867</ele>
				<time>2023-05-08T16:11:05Z</time>
			</trkpt>
			<trkpt lat="59.94006481428674" lon="30.265448053581828">
				<ele>5.86834079772234</ele>
				<time>2023-05-08T16:11:07Z</time>
			</trkpt>
			<trkpt lat="59.940082690620955" lon="30.265397270255757">
				<ele>6.773779232054949</ele>
				<time>2023-05-08T16:11:09Z</time>
			</trkpt>
			<trkpt lat="59.94010895072841" lon="30.265380801035516">
				<ele>6.922185204923153</ele>
				<time>2023-05-08T16:11:11Z</time>
			</trkpt>
			<trkpt lat="59.940130792108825" lon="30.265368657154088">
				<ele>4.1964749451726675</ele>
				<time>2023-05-08T16:11:13Z</time>
			</trkpt>
			<trkpt lat="59.94014690029426" lon="30.265391602965913">
				<ele>3.4172255247831345</ele>
				<time>2023-05-08T16:11:14Z</time>
			</trkpt>
			<trkpt lat="59.94015874178175" lon="30.265424626293807">
				<ele>3.1346581103280187</ele>
				<time>2023-05-08T16:11:15Z</time>
			</trkpt>
			<trkpt lat="59.94015985965774" lon="30.265471453189093">
				<ele>2.5741727836430073</ele>
				<time>2023-05-08T16:11:17Z</time>
			</trkpt>
			<trkpt lat="59.94017195619093" lon="30.26550268529149">
				<ele>2.1884180502966046</ele>
				<time>2023-05-08T16:11:20Z</time>
			</trkpt>
			<trkpt lat="59.940174526864936" lon="30.26553829123657">
				<ele>1.8117746096104383</ele>
				<time>2023-05-08T16:11:21Z</time>
			</trkpt>
			<trkpt lat="59.940196131638906" lon="30.26558638569431">
				<ele>2.4035645499825478</ele>
				<time>2023-05-08T16:11:23Z</time>
			</trkpt>
			<trkpt lat="59.94021166322034" lon="30.265608141820355">
				<ele>2.259285533800721</ele>
				<time>2023-05-08T16:11:24Z</time>
			</trkpt>
			<trkpt lat="59.94023039222182" lon="30.26567000137647">
				<ele>2.446819022297859</ele>
				<time>2023-05-08T16:11:26Z</time>
			</trkpt>
			<trkpt lat="59.94024555511629" lon="30.265698481349094">
				<ele>4.866043673828244</ele>
				<time>2023-05-08T16:11:28Z</time>
			</trkpt>
			<trkpt lat="59.94024351908157" lon="30.265766987694924">
				<ele>1.6835191864520311</ele>
				<time>2023-05-08T16:11:30Z</time>
			</trkpt>
			<trkpt lat="59.940263165086684" lon="30.265752377665883">
				<ele>1.0295275449752808</ele>
				<time>2023-05-08T16:11:33Z</time>
			</trkpt>
			<trkpt lat="59.94028009999553" lon="30.265724427304196">
				<ele>1.6368858953937888</ele>
				<time>2023-05-08T16:11:37Z</time>
			</trkpt>
			<trkpt lat="59.94028668778668" lon="30.265689292163053">
				<ele>0.5946986405178905</ele>
				<time>2023-05-08T16:11:38Z</time>
			</trkpt>
			<trkpt lat="59.94030388952359" lon="30.26564526371338">
				<ele>0.26990144699811935</ele>
				<time>2023-05-08T16:11:40Z</time>
			</trkpt>
			<trkpt lat="59.9402979511586" lon="30.26557622402701">
				<ele>0.2567529110237956</ele>
				<time>2023-05-08T16:11:42Z</time>
			</trkpt>
			<trkpt lat="59.94031729993158" lon="30.26559087174642">
				<ele>0.24461843818426132</ele>
				<time>2023-05-08T16:11:43Z</time>
			</trkpt>
			<trkpt lat="59.94033972848164" lon="30.265629332255976">
				<ele>-0.39127588737756014</ele>
				<time>2023-05-08T16:11:45Z</time>
			</trkpt>
			<trkpt lat="59.94035924731231" lon="30.265634727888514">
				<ele>1.3280374044552445</ele>
				<time>2023-05-08T16:11:47Z</time>
			</trkpt>
			<trkpt lat="59.940385327189574" lon="30.26564048074117">
				<ele>-0.4732845053076744</ele>
				<time>2023-05-08T16:11:50Z</time>
			</trkpt>
			<trkpt lat="59.94037057375274" lon="30.2656657922172">
				<ele>3.4579521575942636</ele>
				<time>2023-05-08T16:11:52Z</time>
			</trkpt>
			<trkpt lat="59.94035022402631" lon="30.265670526400907">
				<ele>3.6558234253898263</ele>
				<time>2023-05-08T16:11:53Z</time>
			</trkpt>
			<trkpt lat="59.940331045348906" lon="30.265682729542192">
				<ele>1.9921284699812531</ele>
				<time>2023-05-08T16:11:54Z</time>
			</trkpt>
			<trkpt lat="59.940307759951665" lon="30.265694667903688">
				<ele>1.1623349897563457</ele>
				<time>2023-05-08T16:11:55Z</time>
			</trkpt>
			<trkpt lat="59.94028709535681" lon="30.26572127316364">
				<ele>2.572370706126094</ele>
				<time>2023-05-08T16:11:57Z</time>
			</trkpt>
			<trkpt lat="59.9402812534671" lon="30.26577490738826">
				<ele>6.000018737278879</ele>
				<time>2023-05-08T16:12:00Z</time>
			</trkpt>
			<trkpt lat="59.940284808377655" lon="30.26581593179903">
				<ele>3.2687665028497577</ele>
				<time>2023-05-08T16:12:02Z</time>
			</trkpt>
			<trkpt lat="59.940302698259416" lon="30.26586931008981">
				<ele>4.991989484988153</ele>
				<time>2023-05-08T16:12:04Z</time>
			</trkpt>
			<trkpt lat="59.940314340517624" lon="30.26592158209771">
				<ele>4.996813977137208</ele>
				<time>2023-05-08T16:12:06Z</time>
			</trkpt>
			<trkpt lat="59.940322551581346" lon="30.26596013984459">
				<ele>1.9099719990044832</ele>
				<time>2023-05-08T16:12:10Z</time>
			</trkpt>
			<trkpt lat="59.940319634537744" lon="30.266007286849213">
				<ele>4.438761775381863</ele>
				<time>2023-05-08T16:12:12Z</time>
			</trkpt>
			<trkpt lat="59.94032752620951" lon="30.26604597948884">
				<ele>4.258637265302241</ele>
				<time>2023-05-08T16:12:14Z</time>
			</trkpt>
			<trkpt lat="59.940332395927534" lon="30.26608795412556">
				<ele>2.559438227675855</ele>
				<time>2023-05-08T16:12:16Z</time>
			</trkpt>
			<trkpt lat="59.94034691974015" lon="30.266111534237435">
				<ele>3.722415717318654</ele>
				<time>2023-05-08T16:12:17Z</time>
			</trkpt>
			<trkpt lat="59.94036588345213" lon="30.26615823822049">
				<ele>8.31590791232884</ele>
				<time>2023-05-08T16:12:19Z</time>
			</trkpt>
			<trkpt lat="59.94037324322516" lon="30.266207339833525">
				<ele>5.209097332321107</ele>
				<time>2023-05-08T16:12:21Z</time>
			</trkpt>
			<trkpt lat="59.94038509839693" lon="30.26625441801764">
				<ele>3.0835954286158085</ele>
				<time>2023-05-08T16:12:23Z</time>
			</trkpt>
			<trkpt lat="59.94042025369946" lon="30.266265193462026">
				<ele>2.3566174674779177</ele>
				<time>2023-05-08T16:12:26Z</time>
			</trkpt>
			<trkpt lat="59.94043299023474" lon="30.266292155298572">
				<ele>6.0157286291942</ele>
				<time>2023-05-08T16:12:27Z</time>
			</trkpt>
			<trkpt lat="59.94045723642966" lon="30.266297728137584">
				<ele>5.423873017542064</ele>
				<time>2023-05-08T16:12:30Z</time>
			</trkpt>
			<trkpt lat="59.94046527941311" lon="30.26626237138181">
				<ele>3.840424131602049</ele>
				<time>2023-05-08T16:12:38Z</time>
			</trkpt>
			<trkpt lat="59.94045216043279" lon="30.266318092949067">
				<ele>4.981749661266804</ele>
				<time>2023-05-08T16:12:41Z</time>
			</trkpt>
			<trkpt lat="59.94044481907475" lon="30.266358874123174">
				<ele>3.386248879134655</ele>
				<time>2023-05-08T16:12:42Z</time>
			</trkpt>
			<trkpt lat="59.94046169019846" lon="30.266378419916272">
				<ele>1.8124314649030566</ele>
				<time>2023-05-08T16:12:44Z</time>
			</trkpt>
			<trkpt lat="59.9404827703795" lon="30.266393175074935">
				<ele>3.0470395516604185</ele>
				<time>2023-05-08T16:12:46Z</time>
			</trkpt>
			<trkpt lat="59.94050093180527" lon="30.26637883812314">
				<ele>5.642074707895517</ele>
				<time>2023-05-08T16:12:47Z</time>
			</trkpt>
			<trkpt lat="59.940518021732764" lon="30.26635364902696">
				<ele>3.3199783312156796</ele>
				<time>2023-05-08T16:12:49Z</time>
			</trkpt>
			<trkpt lat="59.94055037348101" lon="30.26633036396715">
				<ele>6.153913420625031</ele>
				<time>2023-05-08T16:12:51Z</time>
			</trkpt>
			<trkpt lat="59.94058319021273" lon="30.266300784506686">
				<ele>5.2944520059973</ele>
				<time>2023-05-08T16:12:52Z</time>
			</trkpt>
			<trkpt lat="59.94061901951012" lon="30.266254213582144">
				<ele>7.685938811860979</ele>
				<time>2023-05-08T16:12:54Z</time>
			</trkpt>
			<trkpt lat="59.9406352604396" lon="30.266217092996133">
				<ele>3.282165746204555</ele>
				<time>2023-05-08T16:12:59Z</time>
			</trkpt>
			<trkpt lat="59.94065607009203" lon="30.266187334979808">
				<ele>3.1930893333628774</ele>
				<time>2023-05-08T16:13:01Z</time>
			</trkpt>
			<trkpt lat="59.94067712990702" lon="30.266159220404912">
				<ele>4.461224285885692</ele>
				<time>2023-05-08T16:13:03Z</time>
			</trkpt>
			<trkpt lat="59.94069146843214" lon="30.266132779282692">
				<ele>2.075422151014209</ele>
				<time>2023-05-08T16:13:05Z</time>
			</trkpt>
			<trkpt lat="59.94071993561246" lon="30.26610686884575">
				<ele>3.469476468861103</ele>
				<time>2023-05-08T16:13:07Z</time>
			</trkpt>
			<trkpt lat="59.94076476396871" lon="30.266079811720484">
				<ele>4.486673142760992</ele>
				<time>2023-05-08T16:13:09Z</time>
			</trkpt>
			<trkpt lat="59.94075842746247" lon="30.266032012143665">
				<ele>0.1880008215084672</ele>
				<time>2023-05-08T16:13:12Z</time>
			</trkpt>
			<trkpt lat="59.94078462660163" lon="30.26602586861701">
				<ele>-0.624604475684464</ele>
				<time>2023-05-08T16:13:16Z</time>
			</trkpt>
			<trkpt lat="59.94080043636499" lon="30.266002323414714">
				<ele>-1.2100152969360352</ele>
				<time>2023-05-08T16:13:17Z</time>
			</trkpt>
			<trkpt lat="59.94081698080506" lon="30.265965892227072">
				<ele>-2.765078485943377</ele>
				<time>2023-05-08T16:13:20Z</time>
			</trkpt>
			<trkpt lat="59.94083393202531" lon="30.26590926552062">
				<ele>-1.8794215843081474</ele>
				<time>2023-05-08T16:13:22Z</time>
			</trkpt>
			<trkpt lat="59.940852976000414" lon="30.265879012680823">
				<ele>1.015732222236693</ele>
				<time>2023-05-08T16:13:24Z</time>
			</trkpt>
			<trkpt lat="59.94088378647611" lon="30.265907926065076">
				<ele>-1.311061728745699</ele>
				<time>2023-05-08T16:13:26Z</time>
			</trkpt>
			<trkpt lat="59.94090212738931" lon="30.265916471020642">
				<ele>-1.3333456171676517</ele>
				<time>2023-05-08T16:13:27Z</time>
			</trkpt>
			<trkpt lat="59.94090982059038" lon="30.265964940033484">
				<ele>-2.5635652504861355</ele>
				<time>2023-05-08T16:13:28Z</time>
			</trkpt>
			<trkpt lat="59.940919171200946" lon="30.266011336137293">
				<ele>-1.645009676925838</ele>
				<time>2023-05-08T16:13:29Z</time>
			</trkpt>
			<trkpt lat="59.94092508276629" lon="30.266054568565206">
				<ele>2.5840227343142033</ele>
				<time>2023-05-08T16:13:31Z</time>
			</trkpt>
			<trkpt lat="59.940934392223625" lon="30.26611039078995">
				<ele>0.7814991176128387</ele>
				<time>2023-05-08T16:13:34Z</time>
			</trkpt>
			<trkpt lat="59.94094143176191" lon="30.266147241080287">
				<ele>1.2616944145411253</ele>
				<time>2023-05-08T16:13:36Z</time>
			</trkpt>
			<trkpt lat="59.94094972196727" lon="30.266184910309075">
				<ele>3.156462932936847</ele>
				<time>2023-05-08T16:13:38Z</time>
			</trkpt>
			<trkpt lat="59.94095646195825" lon="30.266222021702742">
				<ele>5.088882244192064</ele>
				<time>2023-05-08T16:13:40Z</time>
			</trkpt>
			<trkpt lat="59.94096477078799" lon="30.266265815613327">
				<ele>0.6043606149032712</ele>
				<time>2023-05-08T16:13:43Z</time>
			</trkpt>
			<trkpt lat="59.94097219937307" lon="30.266304855900202">
				<ele>2.479505871422589</ele>
				<time>2023-05-08T16:13:46Z</time>
			</trkpt>
			<trkpt lat="59.94097516791464" lon="30.26635344762158">
				<ele>4.674369894899428</ele>
				<time>2023-05-08T16:13:48Z</time>
			</trkpt>
			<trkpt lat="59.94101481683342" lon="30.26637639917838">
				<ele>1.0616325791925192</ele>
				<time>2023-05-08T16:13:50Z</time>
			</trkpt>
			<trkpt lat="59.94105772566207" lon="30.266357682499322">
				<ele>0.25781937688589096</ele>
				<time>2023-05-08T16:13:52Z</time>
			</trkpt>
			<trkpt lat="59.941065308302434" lon="30.266501271814644">
				<ele>-4.691030758433044</ele>
				<time>2023-05-08T16:13:54Z</time>
			</trkpt>
			<trkpt lat="59.941072412003734" lon="30.266563687267706">
				<ele>-3.0262925466522574</ele>
				<time>2023-05-08T16:13:55Z</time>
			</trkpt>
			<trkpt lat="59.94110555211606" lon="30.266548563968406">
				<ele>-2.0365481097251177</ele>
				<time>2023-05-08T16:13:57Z</time>
			</trkpt>
			<trkpt lat="59.94108752727056" lon="30.266585627530482">
				<ele>2.152378655038774</ele>
				<time>2023-05-08T16:13:59Z</time>
			</trkpt>
			<trkpt lat="59.94106792816819" lon="30.26658346388633">
				<ele>-3.6848320988938212</ele>
				<time>2023-05-08T16:14:00Z</time>
			</trkpt>
			<trkpt lat="59.94106185596667" lon="30.26653039481396">
				<ele>-2.273967926390469</ele>
				<time>2023-05-08T16:14:02Z</time>
			</trkpt>
			<trkpt lat="59.94102020177681" lon="30.266551713984104">
				<ele>2.118116675876081</ele>
				<time>2023-05-08T16:14:03Z</time>
			</trkpt>
			<trkpt lat="59.94099079548556" lon="30.26659219068049">
				<ele>3.3158023236319423</ele>
				<time>2023-05-08T16:14:05Z</time>
			</trkpt>
			<trkpt lat="59.94100124459668" lon="30.266549189217635">
				<ele>3.2438842579722404</ele>
				<time>2023-05-08T16:14:08Z</time>
			</trkpt>
			<trkpt lat="59.94100888587528" lon="30.266497147110904">
				<ele>1.011356740258634</ele>
				<time>2023-05-08T16:14:10Z</time>
			</trkpt>
			<trkpt lat="59.941064277667905" lon="30.266496429382062">
				<ele>3.4584490535780787</ele>
				<time>2023-05-08T16:14:12Z</time>
			</trkpt>
			<trkpt lat="59.9410905078541" lon="30.266490919335656">
				<ele>4.502087169326842</ele>
				<time>2023-05-08T16:14:13Z</time>
			</trkpt>
			<trkpt lat="59.941094357070504" lon="30.266450642736505">
				<ele>6.156742449849844</ele>
				<time>2023-05-08T16:14:16Z</time>
			</trkpt>
			<trkpt lat="59.94108223142389" lon="30.26641559300134">
				<ele>7.783247590996325</ele>
				<time>2023-05-08T16:14:17Z</time>
			</trkpt>
			<trkpt lat="59.94107472416183" lon="30.26635750242769">
				<ele>11.31590643338859</ele>
				<time>2023-05-08T16:14:19Z</time>
			</trkpt>
			<trkpt lat="59.94103781764217" lon="30.266319414818927">
				<ele>7.768648563884199</ele>
				<time>2023-05-08T16:14:21Z</time>
			</trkpt>
			<trkpt lat="59.941044119451654" lon="30.266270022793513">
				<ele>7.6482406267896295</ele>
				<time>2023-05-08T16:14:22Z</time>
			</trkpt>
			<trkpt lat="59.9410284729607" lon="30.26623442612363">
				<ele>7.039116248488426</ele>
				<time>2023-05-08T16:14:23Z</time>
			</trkpt>
			<trkpt lat="59.94099749681937" lon="30.266198768408287">
				<ele>8.443032764829695</ele>
				<time>2023-05-08T16:14:25Z</time>
			</trkpt>
			<trkpt lat="59.94097628514751" lon="30.26615657274954">
				<ele>8.296013314276934</ele>
				<time>2023-05-08T16:14:27Z</time>
			</trkpt>
			<trkpt lat="59.940962496668305" lon="30.266108949256207">
				<ele>10.330800710245967</ele>
				<time>2023-05-08T16:14:29Z</time>
			</trkpt>
			<trkpt lat="59.9409553327324" lon="30.26603397353779">
				<ele>7.894974377937615</ele>
				<time>2023-05-08T16:14:31Z</time>
			</trkpt>
			<trkpt lat="59.94095728762025" lon="30.265994021074373">
				<ele>7.871181211434305</ele>
				<time>2023-05-08T16:14:33Z</time>
			</trkpt>
			<trkpt lat="59.940955628526545" lon="30.265936772431775">
				<ele>7.690293067134917</ele>
				<time>2023-05-08T16:14:35Z</time>
			</trkpt>
			<trkpt lat="59.94096692045598" lon="30.265887730845986">
				<ele>8.915666560642421</ele>
				<time>2023-05-08T16:14:37Z</time>
			</trkpt>
			<trkpt lat="59.94098286363071" lon="30.26582628598918">
				<ele>7.054596679285169</ele>
				<time>2023-05-08T16:14:39Z</time>
			</trkpt>
			<trkpt lat="59.940989132851776" lon="30.2657808036174">
				<ele>2.4434709390625358</ele>
				<time>2023-05-08T16:14:41Z</time>
			</trkpt>
			<trkpt lat="59.94100974373177" lon="30.265774734310536">
				<ele>2.735054260119796</ele>
				<time>2023-05-08T16:14:42Z</time>
			</trkpt>
			<trkpt lat="59.94101136453957" lon="30.265731611429786">
				<ele>-0.32104384433478117</ele>
				<time>2023-05-08T16:14:44Z</time>
			</trkpt>
			<trkpt lat="59.94104019232472" lon="30.265727084347706">
				<ele>-0.1345648905262351</ele>
				<time>2023-05-08T16:14:46Z</time>
			</trkpt>
			<trkpt lat="59.941067523597866" lon="30.265707131193157">
				<ele>1.8005626490339637</ele>
				<time>2023-05-08T16:14:47Z</time>
			</trkpt>
			<trkpt lat="59.94108554026136" lon="30.265694650055305">
				<ele>1.908497947268188</ele>
				<time>2023-05-08T16:14:49Z</time>
			</trkpt>
			<trkpt lat="59.94110056945312" lon="30.265673998982198">
				<ele>-0.45670478511601686</ele>
				<time>2023-05-08T16:14:51Z</time>
			</trkpt>
			<trkpt lat="59.94113145968018" lon="30.265646022223187">
				<ele>0.42655858490616083</ele>
				<time>2023-05-08T16:14:54Z</time>
			</trkpt>
			<trkpt lat="59.94115509423502" lon="30.265642236098536">
				<ele>0.630124450661242</ele>
				<time>2023-05-08T16:14:55Z</time>
			</trkpt>
			<trkpt lat="59.94118301614776" lon="30.26562991012787">
				<ele>1.0641142101958394</ele>
				<time>2023-05-08T16:14:57Z</time>
			</trkpt>
			<trkpt lat="59.94121328260811" lon="30.265624040212625">
				<ele>2.5163940461352468</ele>
				<time>2023-05-08T16:14:58Z</time>
			</trkpt>
			<trkpt lat="59.941212544141095" lon="30.26558649591289">
				<ele>0.776101934723556</ele>
				<time>2023-05-08T16:15:00Z</time>
			</trkpt>
			<trkpt lat="59.94121908495046" lon="30.26553467867452">
				<ele>-1.0425493652001023</ele>
				<time>2023-05-08T16:15:02Z</time>
			</trkpt>
			<trkpt lat="59.941249801990615" lon="30.265533858013374">
				<ele>-1.8873439552262425</ele>
				<time>2023-05-08T16:15:03Z</time>
			</trkpt>
			<trkpt lat="59.941243171786674" lon="30.265494799884365">
				<ele>-3.566519422456622</ele>
				<time>2023-05-08T16:15:04Z</time>
			</trkpt>
			<trkpt lat="59.94126175734821" lon="30.265493953849095">
				<ele>-3.1449066530913115</ele>
				<time>2023-05-08T16:15:06Z</time>
			</trkpt>
			<trkpt lat="59.941291919473386" lon="30.26552793471341">
				<ele>2.2183385463431478</ele>
				<time>2023-05-08T16:15:07Z</time>
			</trkpt>
			<trkpt lat="59.94131582843635" lon="30.26552225154211">
				<ele>0.8482914296910167</ele>
				<time>2023-05-08T16:15:09Z</time>
			</trkpt>
			<trkpt lat="59.94129773259231" lon="30.26550893111632">
				<ele>-0.09571040607988834</ele>
				<time>2023-05-08T16:15:13Z</time>
			</trkpt>
			<trkpt lat="59.94126612135331" lon="30.265488036391083">
				<ele>-1.036132199689746</ele>
				<time>2023-05-08T16:15:15Z</time>
			</trkpt>
			<trkpt lat="59.941239609973415" lon="30.26546142504076">
				<ele>-2.4414535770192742</ele>
				<time>2023-05-08T16:15:17Z</time>
			</trkpt>
			<trkpt lat="59.94122739243001" lon="30.265427294894195">
				<ele>-0.7968475092202425</ele>
				<time>2023-05-08T16:15:19Z</time>
			</trkpt>
			<trkpt lat="59.94121817608975" lon="30.265384684708334">
				<ele>0.23430167604237795</ele>
				<time>2023-05-08T16:15:21Z</time>
			</trkpt>
			<trkpt lat="59.94121084659679" lon="30.265338336725687">
				<ele>-0.9980762461200356</ele>
				<time>2023-05-08T16:15:23Z</time>
			</trkpt>
			<trkpt lat="59.94120988636236" lon="30.26528835064928">
				<ele>2.9916689097881317</ele>
				<time>2023-05-08T16:15:26Z</time>
			</trkpt>
			<trkpt lat="59.94120149143969" lon="30.26523830418823">
				<ele>1.133762781508267</ele>
				<time>2023-05-08T16:15:28Z</time>
			</trkpt>
			<trkpt lat="59.941178535713014" lon="30.26520312158814">
				<ele>2.3348269956186414</ele>
				<time>2023-05-08T16:15:30Z</time>
			</trkpt>
			<trkpt lat="59.941168341182504" lon="30.26517005004595">
				<ele>1.4537263670936227</ele>
				<time>2023-05-08T16:15:32Z</time>
			</trkpt>
			<trkpt lat="59.941135282453416" lon="30.265174347329747">
				<ele>-5.712647195905447</ele>
				<time>2023-05-08T16:15:39Z</time>
			</trkpt>
			<trkpt lat="59.9411075215005" lon="30.265195450950888">
				<ele>-3.5639285389333963</ele>
				<time>2023-05-08T16:15:40Z</time>
			</trkpt>
			<trkpt lat="59.94109480474019" lon="30.265223817520557">
				<ele>-0.22554506175220013</ele>
				<time>2023-05-08T16:15:41Z</time>
			</trkpt>
			<trkpt lat="59.94103323459066" lon="30.265234122408085">
				<ele>-4.9293195102363825</ele>
				<time>2023-05-08T16:15:43Z</time>
			</trkpt>
			<trkpt lat="59.94105465205769" lon="30.265238663592957">
				<ele>-4.905613585375249</ele>
				<time>2023-05-08T16:15:44Z</time>
			</trkpt>
			<trkpt lat="59.94102149451548" lon="30.265235885331265">
				<ele>-2.3794463612139225</ele>
				<time>2023-05-08T16:15:46Z</time>
			</trkpt>
			<trkpt lat="59.940998145543354" lon="30.265269045413856">
				<ele>-2.013339531607926</ele>
				<time>2023-05-08T16:15:50Z</time>
			</trkpt>
			<trkpt lat="59.9409740566513" lon="30.26531516341513">
				<ele>-0.8709901906549931</ele>
				<time>2023-05-08T16:15:52Z</time>
			</trkpt>
			<trkpt lat="59.94101211720302" lon="30.265239837750634">
				<ele>-0.41331122536212206</ele>
				<time>2023-05-08T16:15:56Z</time>
			</trkpt>
			<trkpt lat="59.941005768925685" lon="30.265276693679674">
				<ele>-0.049343488179147243</ele>
				<time>2023-05-08T16:16:18Z</time>
			</trkpt>
			<trkpt lat="59.94101673295821" lon="30.265247344266893">
				<ele>-4.068693215958774</ele>
				<time>2023-05-08T16:16:21Z</time>
			</trkpt>
			<trkpt lat="59.940994422989114" lon="30.26518760841122">
				<ele>-3.6737992586568</ele>
				<time>2023-05-08T16:16:23Z</time>
			</trkpt>
			<trkpt lat="59.9410154979934" lon="30.26516452057765">
				<ele>-0.05038750357925892</ele>
				<time>2023-05-08T16:16:43Z</time>
			</trkpt>
			<trkpt lat="59.94105969589722" lon="30.265175914488545">
				<ele>2.351590806618333</ele>
				<time>2023-05-08T16:16:48Z</time>
			</trkpt>
			<trkpt lat="59.94104072669393" lon="30.26512626191629">
				<ele>2.7258383268490434</ele>
				<time>2023-05-08T16:16:55Z</time>
			</trkpt>
			<trkpt lat="59.94106420184516" lon="30.265148299459256">
				<ele>3.0321290539577603</ele>
				<time>2023-05-08T16:16:56Z</time>
			</trkpt>
			<trkpt lat="59.941022692291384" lon="30.265111780379588">
				<ele>2.7816899176687</ele>
				<time>2023-05-08T16:16:57Z</time>
			</trkpt>
			<trkpt lat="59.941026699519284" lon="30.265070544821437">
				<ele>4.254959533922374</ele>
				<time>2023-05-08T16:16:59Z</time>
			</trkpt>
			<trkpt lat="59.94105234097913" lon="30.265092509032538">
				<ele>3.875424802303314</ele>
				<time>2023-05-08T16:17:00Z</time>
			</trkpt>
			<trkpt lat="59.94103913736463" lon="30.265087467908085">
				<ele>3.37193866353482</ele>
				<time>2023-05-08T16:17:03Z</time>
			</trkpt>
			<trkpt lat="59.94105180476599" lon="30.265133097110322">
				<ele>3.0043614599853754</ele>
				<time>2023-05-08T16:17:06Z</time>
			</trkpt>
			<trkpt lat="59.941078277713544" lon="30.26514401913091">
				<ele>-0.9504719227552414</ele>
				<time>2023-05-08T16:17:10Z</time>
			</trkpt>
			<trkpt lat="59.94104855413465" lon="30.265151011907367">
				<ele>-0.10516362637281418</ele>
				<time>2023-05-08T16:17:11Z</time>
			</trkpt>
			<trkpt lat="59.94106892262708" lon="30.265149484710445">
				<ele>0.03408768679946661</ele>
				<time>2023-05-08T16:17:12Z</time>
			</trkpt>
			<trkpt lat="59.94121296527425" lon="30.265149038459235">
				<ele>4.119181088171899</ele>
				<time>2023-05-08T16:17:13Z</time>
			</trkpt>
			<trkpt lat="59.9412361816142" lon="30.265155994295874">
				<ele>10.418672397732735</ele>
				<time>2023-05-08T16:17:15Z</time>
			</trkpt>
			<trkpt lat="59.94121832446741" lon="30.265119227454225">
				<ele>8.41615251172334</ele>
				<time>2023-05-08T16:17:17Z</time>
			</trkpt>
			<trkpt lat="59.94118007055184" lon="30.265080904971942">
				<ele>10.016301139257848</ele>
				<time>2023-05-08T16:17:18Z</time>
			</trkpt>
			<trkpt lat="59.94114628388124" lon="30.26506871899945">
				<ele>9.3131431536749</ele>
				<time>2023-05-08T16:17:19Z</time>
			</trkpt>
			<trkpt lat="59.94112587177114" lon="30.265039102840845">
				<ele>12.321742407977581</ele>
				<time>2023-05-08T16:17:22Z</time>
			</trkpt>
			<trkpt lat="59.94111347568712" lon="30.26497906069229">
				<ele>12.000898126512766</ele>
				<time>2023-05-08T16:17:24Z</time>
			</trkpt>
			<trkpt lat="59.941108652685195" lon="30.264941300950557">
				<ele>9.329511233605444</ele>
				<time>2023-05-08T16:17:25Z</time>
			</trkpt>
			<trkpt lat="59.94111677197586" lon="30.264899815098225">
				<ele>9.387875624932349</ele>
				<time>2023-05-08T16:17:26Z</time>
			</trkpt>
			<trkpt lat="59.94112857731297" lon="30.264872163608263">
				<ele>10.623659281991422</ele>
				<time>2023-05-08T16:17:27Z</time>
			</trkpt>
			<trkpt lat="59.94113873265958" lon="30.26482762262241">
				<ele>7.851289390586317</ele>
				<time>2023-05-08T16:17:29Z</time>
			</trkpt>
			<trkpt lat="59.941157594370054" lon="30.26479980972451">
				<ele>9.722492869012058</ele>
				<time>2023-05-08T16:17:30Z</time>
			</trkpt>
			<trkpt lat="59.94114059721313" lon="30.264785770635566">
				<ele>7.648607449606061</ele>
				<time>2023-05-08T16:17:31Z</time>
			</trkpt>
			<trkpt lat="59.94114441265536" lon="30.264829473961843">
				<ele>6.765979040414095</ele>
				<time>2023-05-08T16:17:32Z</time>
			</trkpt>
			<trkpt lat="59.94111433240672" lon="30.264779992124758">
				<ele>2.4233260545879602</ele>
				<time>2023-05-08T16:17:37Z</time>
			</trkpt>
			<trkpt lat="59.94112124842482" lon="30.264729766431746">
				<ele>5.720212087035179</ele>
				<time>2023-05-08T16:17:39Z</time>
			</trkpt>
			<trkpt lat="59.94110288202988" lon="30.264721030074394">
				<ele>0.6429003663361073</ele>
				<time>2023-05-08T16:17:41Z</time>
			</trkpt>
			<trkpt lat="59.9411035879576" lon="30.26476036102179">
				<ele>2.0326734110713005</ele>
				<time>2023-05-08T16:17:45Z</time>
			</trkpt>
			<trkpt lat="59.94110726628073" lon="30.264825659365798">
				<ele>2.936722794547677</ele>
				<time>2023-05-08T16:17:47Z</time>
			</trkpt>
			<trkpt lat="59.941122301993666" lon="30.264848940532307">
				<ele>5.975670484825969</ele>
				<time>2023-05-08T16:17:48Z</time>
			</trkpt>
			<trkpt lat="59.94114066823838" lon="30.264879784870338">
				<ele>4.384874961338937</ele>
				<time>2023-05-08T16:17:50Z</time>
			</trkpt>
			<trkpt lat="59.94115932257514" lon="30.26489813975896">
				<ele>4.691915113478899</ele>
				<time>2023-05-08T16:17:55Z</time>
			</trkpt>
			<trkpt lat="59.94117733979076" lon="30.26485218688452">
				<ele>3.0473136035725474</ele>
				<time>2023-05-08T16:17:58Z</time>
			</trkpt>
			<trkpt lat="59.94119504232802" lon="30.264838616711476">
				<ele>3.777247798629105</ele>
				<time>2023-05-08T16:17:59Z</time>
			</trkpt>
			<trkpt lat="59.941212811966125" lon="30.264790739443015">
				<ele>4.957561919465661</ele>
				<time>2023-05-08T16:18:01Z</time>
			</trkpt>
			<trkpt lat="59.94121317406609" lon="30.264751088407106">
				<ele>7.469144590198994</ele>
				<time>2023-05-08T16:18:02Z</time>
			</trkpt>
			<trkpt lat="59.941175591259096" lon="30.26467366981377">
				<ele>8.19148156605661</ele>
				<time>2023-05-08T16:18:03Z</time>
			</trkpt>
			<trkpt lat="59.941159893897044" lon="30.26463883366011">
				<ele>7.297256791032851</ele>
				<time>2023-05-08T16:18:04Z</time>
			</trkpt>
			<trkpt lat="59.94114752185262" lon="30.26458392200986">
				<ele>7.076573665253818</ele>
				<time>2023-05-08T16:18:05Z</time>
			</trkpt>
			<trkpt lat="59.94113722104801" lon="30.264548976456858">
				<ele>8.386001558974385</ele>
				<time>2023-05-08T16:18:06Z</time>
			</trkpt>
			<trkpt lat="59.94116420176325" lon="30.264596864030977">
				<ele>14.676725699566305</ele>
				<time>2023-05-08T16:18:08Z</time>
			</trkpt>
			<trkpt lat="59.941150534619126" lon="30.264643646710365">
				<ele>14.708118638023734</ele>
				<time>2023-05-08T16:18:11Z</time>
			</trkpt>
			<trkpt lat="59.94115865342346" lon="30.264702659427755">
				<ele>14.1208282886073</ele>
				<time>2023-05-08T16:18:13Z</time>
			</trkpt>
			<trkpt lat="59.94115228230224" lon="30.26475558743105">
				<ele>11.811723166145384</ele>
				<time>2023-05-08T16:18:14Z</time>
			</trkpt>
			<trkpt lat="59.941153894433235" lon="30.26480399793414">
				<ele>12.342219959013164</ele>
				<time>2023-05-08T16:18:15Z</time>
			</trkpt>
			<trkpt lat="59.94118128866943" lon="30.26485730462077">
				<ele>13.471743689849973</ele>
				<time>2023-05-08T16:18:17Z</time>
			</trkpt>
			<trkpt lat="59.9411983102597" lon="30.264908441869775">
				<ele>11.285688251256943</ele>
				<time>2023-05-08T16:18:20Z</time>
			</trkpt>
			<trkpt lat="59.941176794045035" lon="30.264911884731497">
				<ele>10.628890110179782</ele>
				<time>2023-05-08T16:18:21Z</time>
			</trkpt>
			<trkpt lat="59.94117293157863" lon="30.26495142760274">
				<ele>8.991786487400532</ele>
				<time>2023-05-08T16:18:23Z</time>
			</trkpt>
			<trkpt lat="59.9411800563066" lon="30.26499025070803">
				<ele>9.385503712110221</ele>
				<time>2023-05-08T16:18:25Z</time>
			</trkpt>
			<trkpt lat="59.94118040741539" lon="30.2650384295814">
				<ele>8.210786860436201</ele>
				<time>2023-05-08T16:18:28Z</time>
			</trkpt>
			<trkpt lat="59.941196373462354" lon="30.265095862038415">
				<ele>8.841840649954975</ele>
				<time>2023-05-08T16:18:30Z</time>
			</trkpt>
			<trkpt lat="59.9411880427095" lon="30.26513692141805">
				<ele>8.394418275915086</ele>
				<time>2023-05-08T16:18:33Z</time>
			</trkpt>
			<trkpt lat="59.9411930732118" lon="30.265176584285577">
				<ele>7.652367875911295</ele>
				<time>2023-05-08T16:18:34Z</time>
			</trkpt>
			<trkpt lat="59.94120284750085" lon="30.265212042105475">
				<ele>8.250307542271912</ele>
				<time>2023-05-08T16:18:36Z</time>
			</trkpt>
			<trkpt lat="59.94120467643052" lon="30.26524824830568">
				<ele>6.871547711081803</ele>
				<time>2023-05-08T16:18:40Z</time>
			</trkpt>
			<trkpt lat="59.94120212308953" lon="30.265348218646395">
				<ele>7.88586713001132</ele>
				<time>2023-05-08T16:18:41Z</time>
			</trkpt>
			<trkpt lat="59.94121125848017" lon="30.2653793126431">
				<ele>7.810015453957021</ele>
				<time>2023-05-08T16:18:43Z</time>
			</trkpt>
			<trkpt lat="59.941221048659656" lon="30.26541013896877">
				<ele>10.592498899437487</ele>
				<time>2023-05-08T16:18:44Z</time>
			</trkpt>
			<trkpt lat="59.94123591705788" lon="30.265459986579394">
				<ele>5.758271163329482</ele>
				<time>2023-05-08T16:18:47Z</time>
			</trkpt>
			<trkpt lat="59.941245116438324" lon="30.265503579199528">
				<ele>6.778646778315306</ele>
				<time>2023-05-08T16:18:49Z</time>
			</trkpt>
			<trkpt lat="59.94126826062329" lon="30.26550366757094">
				<ele>5.0657248524948955</ele>
				<time>2023-05-08T16:18:51Z</time>
			</trkpt>
			<trkpt lat="59.94130006621555" lon="30.265493904538125">
				<ele>7.82018772047013</ele>
				<time>2023-05-08T16:18:53Z</time>
			</trkpt>
			<trkpt lat="59.94131584354593" lon="30.26546200391452">
				<ele>4.6166453985497355</ele>
				<time>2023-05-08T16:18:56Z</time>
			</trkpt>
			<trkpt lat="59.94133694404451" lon="30.26542332703659">
				<ele>3.974540780298412</ele>
				<time>2023-05-08T16:18:58Z</time>
			</trkpt>
			<trkpt lat="59.94135458084961" lon="30.265396694224467">
				<ele>4.027824348770082</ele>
				<time>2023-05-08T16:18:59Z</time>
			</trkpt>
			<trkpt lat="59.94137342180645" lon="30.265363630159282">
				<ele>5.316846575587988</ele>
				<time>2023-05-08T16:19:00Z</time>
			</trkpt>
			<trkpt lat="59.941402385231655" lon="30.265345643722355">
				<ele>2.713485541753471</ele>
				<time>2023-05-08T16:19:03Z</time>
			</trkpt>
			<trkpt lat="59.94141994318274" lon="30.26531147295375">
				<ele>2.2947933580726385</ele>
				<time>2023-05-08T16:19:06Z</time>
			</trkpt>
			<trkpt lat="59.94144182093691" lon="30.265303998533874">
				<ele>2.9309670412912965</ele>
				<time>2023-05-08T16:19:07Z</time>
			</trkpt>
			<trkpt lat="59.94147560504424" lon="30.265280335153754">
				<ele>3.9765232568606734</ele>
				<time>2023-05-08T16:19:09Z</time>
			</trkpt>
			<trkpt lat="59.94149339903691" lon="30.26527004136577">
				<ele>6.799933041445911</ele>
				<time>2023-05-08T16:19:11Z</time>
			</trkpt>
			<trkpt lat="59.94150810671059" lon="30.265246613805992">
				<ele>4.645742111839354</ele>
				<time>2023-05-08T16:19:13Z</time>
			</trkpt>
			<trkpt lat="59.94152591250134" lon="30.265215920714688">
				<ele>3.4462844729423523</ele>
				<time>2023-05-08T16:19:15Z</time>
			</trkpt>
			<trkpt lat="59.941543287882354" lon="30.26518151700149">
				<ele>1.9920202903449535</ele>
				<time>2023-05-08T16:19:17Z</time>
			</trkpt>
			<trkpt lat="59.94156525953641" lon="30.265152249034827">
				<ele>1.7860586689785123</ele>
				<time>2023-05-08T16:19:19Z</time>
			</trkpt>
			<trkpt lat="59.94159282932882" lon="30.265122881953914">
				<ele>3.7239556536078453</ele>
				<time>2023-05-08T16:19:21Z</time>
			</trkpt>
			<trkpt lat="59.94161105592916" lon="30.265098209353358">
				<ele>2.868404953740537</ele>
				<time>2023-05-08T16:19:23Z</time>
			</trkpt>
			<trkpt lat="59.94163614561415" lon="30.265074125967992">
				<ele>0.9633456384763122</ele>
				<time>2023-05-08T16:19:26Z</time>
			</trkpt>
			<trkpt lat="59.94165512996126" lon="30.265046797525358">
				<ele>2.120235743932426</ele>
				<time>2023-05-08T16:19:28Z</time>
			</trkpt>
			<trkpt lat="59.94167654538856" lon="30.265009291869806">
				<ele>1.8264055708423257</ele>
				<time>2023-05-08T16:19:30Z</time>
			</trkpt>
			<trkpt lat="59.94169543314737" lon="30.264988551275763">
				<ele>3.889308595098555</ele>
				<time>2023-05-08T16:19:32Z</time>
			</trkpt>
			<trkpt lat="59.941716915751655" lon="30.26498199286472">
				<ele>2.6963549675419927</ele>
				<time>2023-05-08T16:19:34Z</time>
			</trkpt>
			<trkpt lat="59.941736708474046" lon="30.264943915550926">
				<ele>3.411464531905949</ele>
				<time>2023-05-08T16:19:36Z</time>
			</trkpt>
			<trkpt lat="59.94175632952184" lon="30.26491751321928">
				<ele>3.6766666332259774</ele>
				<time>2023-05-08T16:19:38Z</time>
			</trkpt>
			<trkpt lat="59.94177236166796" lon="30.264892322181723">
				<ele>4.962749124504626</ele>
				<time>2023-05-08T16:19:39Z</time>
			</trkpt>
			<trkpt lat="59.941792628933605" lon="30.264865081721027">
				<ele>4.547246154397726</ele>
				<time>2023-05-08T16:19:41Z</time>
			</trkpt>
			<trkpt lat="59.94181079943234" lon="30.264861391571362">
				<ele>4.4927481058984995</ele>
				<time>2023-05-08T16:19:43Z</time>
			</trkpt>
			<trkpt lat="59.94182096771919" lon="30.2648190335706">
				<ele>3.402443208731711</ele>
				<time>2023-05-08T16:19:45Z</time>
			</trkpt>
			<trkpt lat="59.94184627197438" lon="30.264793075076504">
				<ele>1.0865195002406836</ele>
				<time>2023-05-08T16:19:47Z</time>
			</trkpt>
			<trkpt lat="59.94187665964447" lon="30.264766876109363">
				<ele>4.081304618157446</ele>
				<time>2023-05-08T16:19:49Z</time>
			</trkpt>
			<trkpt lat="59.94189649586944" lon="30.264752501985583">
				<ele>3.082185103558004</ele>
				<time>2023-05-08T16:19:51Z</time>
			</trkpt>
			<trkpt lat="59.941922568380264" lon="30.26474772499936">
				<ele>2.1083925077691674</ele>
				<time>2023-05-08T16:19:53Z</time>
			</trkpt>
			<trkpt lat="59.941951466493215" lon="30.26473761527483">
				<ele>4.0349399773404</ele>
				<time>2023-05-08T16:19:55Z</time>
			</trkpt>
			<trkpt lat="59.94197051481892" lon="30.264709091516497">
				<ele>4.307047878392041</ele>
				<time>2023-05-08T16:19:57Z</time>
			</trkpt>
			<trkpt lat="59.941982616979786" lon="30.264678232262053">
				<ele>2.2764655044302344</ele>
				<time>2023-05-08T16:19:59Z</time>
			</trkpt>
			<trkpt lat="59.941998711030365" lon="30.26465313813022">
				<ele>1.2276118705049157</ele>
				<time>2023-05-08T16:20:01Z</time>
			</trkpt>
			<trkpt lat="59.942022883383295" lon="30.26462864841494">
				<ele>1.4429750116541982</ele>
				<time>2023-05-08T16:20:03Z</time>
			</trkpt>
			<trkpt lat="59.94203892130573" lon="30.264605641034503">
				<ele>-0.07582583837211132</ele>
				<time>2023-05-08T16:20:05Z</time>
			</trkpt>
			<trkpt lat="59.94207256618237" lon="30.264584526164303">
				<ele>0.9178889887407422</ele>
				<time>2023-05-08T16:20:07Z</time>
			</trkpt>
			<trkpt lat="59.94209107056562" lon="30.26455553328457">
				<ele>-1.649438844062388</ele>
				<time>2023-05-08T16:20:10Z</time>
			</trkpt>
			<trkpt lat="59.94212590090353" lon="30.264541214390935">
				<ele>-0.15839347336441278</ele>
				<time>2023-05-08T16:20:13Z</time>
			</trkpt>
			<trkpt lat="59.942154597216344" lon="30.264513843217177">
				<ele>2.285794167779386</ele>
				<time>2023-05-08T16:20:14Z</time>
			</trkpt>
			<trkpt lat="59.94217136399524" lon="30.264481135758405">
				<ele>-2.885339831933379</ele>
				<time>2023-05-08T16:20:17Z</time>
			</trkpt>
			<trkpt lat="59.94219592695157" lon="30.264440806471942">
				<ele>-2.4792557563632727</ele>
				<time>2023-05-08T16:20:20Z</time>
			</trkpt>
			<trkpt lat="59.94220752514334" lon="30.26440827358392">
				<ele>-1.4142950614914298</ele>
				<time>2023-05-08T16:20:21Z</time>
			</trkpt>
			<trkpt lat="59.942228257824034" lon="30.26436843624999">
				<ele>-0.4997999928891659</ele>
				<time>2023-05-08T16:20:23Z</time>
			</trkpt>
			<trkpt lat="59.94224396869319" lon="30.26434564543757">
				<ele>1.0760384909808636</ele>
				<time>2023-05-08T16:20:24Z</time>
			</trkpt>
			<trkpt lat="59.942260389112704" lon="30.264328528434582">
				<ele>0.43335380405187607</ele>
				<time>2023-05-08T16:20:26Z</time>
			</trkpt>
			<trkpt lat="59.942282421583606" lon="30.264309677956447">
				<ele>0.39042030461132526</ele>
				<time>2023-05-08T16:20:28Z</time>
			</trkpt>
			<trkpt lat="59.94230674196811" lon="30.26430089342249">
				<ele>0.28329840302467346</ele>
				<time>2023-05-08T16:20:30Z</time>
			</trkpt>
			<trkpt lat="59.94233203971347" lon="30.264287355946713">
				<ele>2.1939774649217725</ele>
				<time>2023-05-08T16:20:32Z</time>
			</trkpt>
			<trkpt lat="59.94235723583512" lon="30.264264092476534">
				<ele>-4.567364594899118</ele>
				<time>2023-05-08T16:20:35Z</time>
			</trkpt>
			<trkpt lat="59.9423943955513" lon="30.26426930302479">
				<ele>-3.438075262121856</ele>
				<time>2023-05-08T16:20:36Z</time>
			</trkpt>
			<trkpt lat="59.942414107445664" lon="30.264237659946755">
				<ele>-2.9653642997145653</ele>
				<time>2023-05-08T16:20:39Z</time>
			</trkpt>
			<trkpt lat="59.94245344788972" lon="30.264231096057664">
				<ele>-0.9620197247713804</ele>
				<time>2023-05-08T16:20:41Z</time>
			</trkpt>
			<trkpt lat="59.9424337903112" lon="30.26414832062301">
				<ele>0.5617581252008677</ele>
				<time>2023-05-08T16:20:42Z</time>
			</trkpt>
			<trkpt lat="59.942429720481435" lon="30.26409861814246">
				<ele>-0.5336408745497465</ele>
				<time>2023-05-08T16:20:43Z</time>
			</trkpt>
			<trkpt lat="59.94244144858128" lon="30.26406297370945">
				<ele>-1.822232843376696</ele>
				<time>2023-05-08T16:20:44Z</time>
			</trkpt>
			<trkpt lat="59.94246394503021" lon="30.264080098906486">
				<ele>-1.7471064422279596</ele>
				<time>2023-05-08T16:20:46Z</time>
			</trkpt>
			<trkpt lat="59.94249479826434" lon="30.26409251181693">
				<ele>-1.0403761379420757</ele>
				<time>2023-05-08T16:20:48Z</time>
			</trkpt>
			<trkpt lat="59.942517685550406" lon="30.264059840452582">
				<ele>1.2429530108347535</ele>
				<time>2023-05-08T16:20:50Z</time>
			</trkpt>
			<trkpt lat="59.94252609043148" lon="30.26399846071942">
				<ele>0.5963111473247409</ele>
				<time>2023-05-08T16:20:53Z</time>
			</trkpt>
			<trkpt lat="59.94254747168463" lon="30.263978381282566">
				<ele>-0.3588786330074072</ele>
				<time>2023-05-08T16:20:55Z</time>
			</trkpt>
			<trkpt lat="59.94256769573595" lon="30.263969773701053">
				<ele>0.4878574488684535</ele>
				<time>2023-05-08T16:20:57Z</time>
			</trkpt>
			<trkpt lat="59.94259016663676" lon="30.26393671058847">
				<ele>1.9067009296268225</ele>
				<time>2023-05-08T16:20:59Z</time>
			</trkpt>
			<trkpt lat="59.94262308297908" lon="30.263907656753172">
				<ele>1.2216427279636264</ele>
				<time>2023-05-08T16:21:02Z</time>
			</trkpt>
			<trkpt lat="59.9426498381146" lon="30.263868217346324">
				<ele>5.456654878333211</ele>
				<time>2023-05-08T16:21:04Z</time>
			</trkpt>
			<trkpt lat="59.94267115630851" lon="30.263834632369853">
				<ele>6.264636993408203</ele>
				<time>2023-05-08T16:21:06Z</time>
			</trkpt>
			<trkpt lat="59.94269327292753" lon="30.263812253424604">
				<ele>4.631222729571164</ele>
				<time>2023-05-08T16:21:09Z</time>
			</trkpt>
			<trkpt lat="59.942710979092666" lon="30.263801745897933">
				<ele>4.096967496909201</ele>
				<time>2023-05-08T16:21:10Z</time>
			</trkpt>
			<trkpt lat="59.94273225858098" lon="30.26378661954829">
				<ele>4.78505973238498</ele>
				<time>2023-05-08T16:21:11Z</time>
			</trkpt>
			<trkpt lat="59.94276150783292" lon="30.263779293423735">
				<ele>3.870566780678928</ele>
				<time>2023-05-08T16:21:13Z</time>
			</trkpt>
			<trkpt lat="59.94277252435798" lon="30.263732509744827">
				<ele>4.643516561947763</ele>
				<time>2023-05-08T16:21:15Z</time>
			</trkpt>
			<trkpt lat="59.94278965372664" lon="30.26370648340575">
				<ele>1.0366145502775908</ele>
				<time>2023-05-08T16:21:17Z</time>
			</trkpt>
			<trkpt lat="59.94282017846083" lon="30.26368368790313">
				<ele>0.648467923514545</ele>
				<time>2023-05-08T16:21:19Z</time>
			</trkpt>
			<trkpt lat="59.94284209984497" lon="30.263659079655483">
				<ele>-0.6007236381992698</ele>
				<time>2023-05-08T16:21:21Z</time>
			</trkpt>
			<trkpt lat="59.94286718662635" lon="30.263624559358348">
				<ele>1.5946261249482632</ele>
				<time>2023-05-08T16:21:23Z</time>
			</trkpt>
			<trkpt lat="59.942886438505276" lon="30.263610870843493">
				<ele>3.0441752271726727</ele>
				<time>2023-05-08T16:21:25Z</time>
			</trkpt>
			<trkpt lat="59.9429091927681" lon="30.263604417422364">
				<ele>0.8004185361787677</ele>
				<time>2023-05-08T16:21:27Z</time>
			</trkpt>
			<trkpt lat="59.94293064546246" lon="30.26359159175968">
				<ele>-0.633886625058949</ele>
				<time>2023-05-08T16:21:29Z</time>
			</trkpt>
			<trkpt lat="59.94295334731309" lon="30.263563546992994">
				<ele>0.011479534208774567</ele>
				<time>2023-05-08T16:21:31Z</time>
			</trkpt>
			<trkpt lat="59.94298744919184" lon="30.26353978312302">
				<ele>-0.038409098982810974</ele>
				<time>2023-05-08T16:21:33Z</time>
			</trkpt>
			<trkpt lat="59.94301350089937" lon="30.263525255493477">
				<ele>1.6590103032067418</ele>
				<time>2023-05-08T16:21:36Z</time>
			</trkpt>
			<trkpt lat="59.94304652482112" lon="30.263506030678297">
				<ele>2.3972760373726487</ele>
				<time>2023-05-08T16:21:38Z</time>
			</trkpt>
			<trkpt lat="59.94307173866013" lon="30.263466837170824">
				<ele>-1.7858422435820103</ele>
				<time>2023-05-08T16:21:41Z</time>
			</trkpt>
			<trkpt lat="59.94307937639423" lon="30.26339803529519">
				<ele>-1.6084835743531585</ele>
				<time>2023-05-08T16:21:42Z</time>
			</trkpt>
			<trkpt lat="59.94309165909793" lon="30.263364008873264">
				<ele>-1.5098696006461978</ele>
				<time>2023-05-08T16:21:44Z</time>
			</trkpt>
			<trkpt lat="59.94312269327452" lon="30.263358047642328">
				<ele>-0.40588703751564026</ele>
				<time>2023-05-08T16:21:46Z</time>
			</trkpt>
			<trkpt lat="59.943149614284614" lon="30.263363646327363">
				<ele>2.5961033767089248</ele>
				<time>2023-05-08T16:21:48Z</time>
			</trkpt>
			<trkpt lat="59.94316937524044" lon="30.26338428250909">
				<ele>0.38449138682335615</ele>
				<time>2023-05-08T16:21:50Z</time>
			</trkpt>
			<trkpt lat="59.94316839868741" lon="30.263327992472778">
				<ele>1.1724560894072056</ele>
				<time>2023-05-08T16:21:56Z</time>
			</trkpt>
			<trkpt lat="59.94318374306918" lon="30.26330761181621">
				<ele>1.7174306903034449</ele>
				<time>2023-05-08T16:21:57Z</time>
			</trkpt>
			<trkpt lat="59.94321017082684" lon="30.26326411167561">
				<ele>2.7640280900523067</ele>
				<time>2023-05-08T16:21:59Z</time>
			</trkpt>
			<trkpt lat="59.94321823901535" lon="30.26322652081115">
				<ele>3.4144445564597845</ele>
				<time>2023-05-08T16:22:00Z</time>
			</trkpt>
			<trkpt lat="59.94322242981885" lon="30.26316884608369">
				<ele>7.607000624760985</ele>
				<time>2023-05-08T16:22:03Z</time>
			</trkpt>
			<trkpt lat="59.94325411603389" lon="30.263153410174496">
				<ele>6.2736548744142056</ele>
				<time>2023-05-08T16:22:05Z</time>
			</trkpt>
			<trkpt lat="59.94327157054202" lon="30.26313834359431">
				<ele>5.717483500950038</ele>
				<time>2023-05-08T16:22:06Z</time>
			</trkpt>
			<trkpt lat="59.9432640494254" lon="30.263183763942116">
				<ele>6.458283754996955</ele>
				<time>2023-05-08T16:22:07Z</time>
			</trkpt>
			<trkpt lat="59.943290098395934" lon="30.263180542411348">
				<ele>6.970206720754504</ele>
				<time>2023-05-08T16:22:09Z</time>
			</trkpt>
			<trkpt lat="59.94330660670388" lon="30.26316408148665">
				<ele>9.55198966525495</ele>
				<time>2023-05-08T16:22:12Z</time>
			</trkpt>
			<trkpt lat="59.94332506221501" lon="30.263171222549925">
				<ele>9.359333449043334</ele>
				<time>2023-05-08T16:22:13Z</time>
			</trkpt>
			<trkpt lat="59.94334517095252" lon="30.263178768126355">
				<ele>9.994368967600167</ele>
				<time>2023-05-08T16:22:14Z</time>
			</trkpt>
			<trkpt lat="59.94337376510962" lon="30.263143109245444">
				<ele>8.088878656737506</ele>
				<time>2023-05-08T16:22:17Z</time>
			</trkpt>
			<trkpt lat="59.943412699720035" lon="30.263089564704853">
				<ele>6.959626041352749</ele>
				<time>2023-05-08T16:22:19Z</time>
			</trkpt>
			<trkpt lat="59.94341764232991" lon="30.26303976358671">
				<ele>7.127433650195599</ele>
				<time>2023-05-08T16:22:20Z</time>
			</trkpt>
			<trkpt lat="59.943449457705604" lon="30.263001319225424">
				<ele>6.273859301581979</ele>
				<time>2023-05-08T16:22:22Z</time>
			</trkpt>
			<trkpt lat="59.94347757584657" lon="30.26295802488966">
				<ele>4.968163597397506</ele>
				<time>2023-05-08T16:22:24Z</time>
			</trkpt>
			<trkpt lat="59.94349433156374" lon="30.26291001205565">
				<ele>5.777268611826003</ele>
				<time>2023-05-08T16:22:26Z</time>
			</trkpt>
			<trkpt lat="59.9435035188615" lon="30.262869347929378">
				<ele>5.342874515801668</ele>
				<time>2023-05-08T16:22:27Z</time>
			</trkpt>
			<trkpt lat="59.94352440581435" lon="30.262830363919093">
				<ele>5.070215614512563</ele>
				<time>2023-05-08T16:22:29Z</time>
			</trkpt>
			<trkpt lat="59.94353341470672" lon="30.26278537482332">
				<ele>5.056650695390999</ele>
				<time>2023-05-08T16:22:31Z</time>
			</trkpt>
			<trkpt lat="59.94354297646681" lon="30.26274243751584">
				<ele>4.16725636459887</ele>
				<time>2023-05-08T16:22:34Z</time>
			</trkpt>
			<trkpt lat="59.94357682291395" lon="30.262744490604895">
				<ele>6.9432377461344</ele>
				<time>2023-05-08T16:22:35Z</time>
			</trkpt>
			<trkpt lat="59.943616670962214" lon="30.262806102409968">
				<ele>6.296894077211618</ele>
				<time>2023-05-08T16:22:36Z</time>
			</trkpt>
			<trkpt lat="59.943642212172385" lon="30.262861077499">
				<ele>5.228986037895083</ele>
				<time>2023-05-08T16:22:37Z</time>
			</trkpt>
			<trkpt lat="59.94366708840004" lon="30.26294474320483">
				<ele>3.661157720722258</ele>
				<time>2023-05-08T16:22:38Z</time>
			</trkpt>
			<trkpt lat="59.943688731073536" lon="30.263008650547427">
				<ele>3.1597476825118065</ele>
				<time>2023-05-08T16:22:39Z</time>
			</trkpt>
			<trkpt lat="59.943697352578646" lon="30.263073861098146">
				<ele>1.9466772368177772</ele>
				<time>2023-05-08T16:22:41Z</time>
			</trkpt>
			<trkpt lat="59.94370164185708" lon="30.26311466711192">
				<ele>1.1710039963945746</ele>
				<time>2023-05-08T16:22:42Z</time>
			</trkpt>
			<trkpt lat="59.943714715898295" lon="30.263178759872805">
				<ele>1.3242058251053095</ele>
				<time>2023-05-08T16:22:44Z</time>
			</trkpt>
			<trkpt lat="59.94372704123116" lon="30.263205305485354">
				<ele>0.6616882486268878</ele>
				<time>2023-05-08T16:22:45Z</time>
			</trkpt>
			<trkpt lat="59.943757305064665" lon="30.26320465319378">
				<ele>0.8047124370932579</ele>
				<time>2023-05-08T16:22:46Z</time>
			</trkpt>
			<trkpt lat="59.943773619782064" lon="30.263266226848536">
				<ele>0.36876951716840267</ele>
				<time>2023-05-08T16:22:48Z</time>
			</trkpt>
			<trkpt lat="59.94378492790137" lon="30.263316058850243">
				<ele>0.5659740120172501</ele>
				<time>2023-05-08T16:22:50Z</time>
			</trkpt>
			<trkpt lat="59.94379775362879" lon="30.263358321082976">
				<ele>-0.047691517509520054</ele>
				<time>2023-05-08T16:22:52Z</time>
			</trkpt>
			<trkpt lat="59.943799931235695" lon="30.263422223504787">
				<ele>1.2407011520117521</ele>
				<time>2023-05-08T16:22:54Z</time>
			</trkpt>
			<trkpt lat="59.943811266930076" lon="30.26346585089191">
				<ele>1.1269214935600758</ele>
				<time>2023-05-08T16:22:56Z</time>
			</trkpt>
			<trkpt lat="59.94382475939681" lon="30.263517124310084">
				<ele>1.1524845631793141</ele>
				<time>2023-05-08T16:22:58Z</time>
			</trkpt>
			<trkpt lat="59.94382607387567" lon="30.263589061771277">
				<ele>2.1226076744496822</ele>
				<time>2023-05-08T16:23:00Z</time>
			</trkpt>
			<trkpt lat="59.94382964880817" lon="30.263624656018624">
				<ele>2.0698798559606075</ele>
				<time>2023-05-08T16:23:01Z</time>
			</trkpt>
			<trkpt lat="59.9438459187937" lon="30.263669410997668">
				<ele>3.1088961344212294</ele>
				<time>2023-05-08T16:23:03Z</time>
			</trkpt>
			<trkpt lat="59.94385689527929" lon="30.263705838617877">
				<ele>2.690311667509377</ele>
				<time>2023-05-08T16:23:05Z</time>
			</trkpt>
			<trkpt lat="59.943876301215646" lon="30.263750136061184">
				<ele>3.4054159885272384</ele>
				<time>2023-05-08T16:23:07Z</time>
			</trkpt>
			<trkpt lat="59.943881294641756" lon="30.263795256091566">
				<ele>3.550728048197925</ele>
				<time>2023-05-08T16:23:09Z</time>
			</trkpt>
			<trkpt lat="59.943891437982536" lon="30.263847355125556">
				<ele>3.0632308814674616</ele>
				<time>2023-05-08T16:23:11Z</time>
			</trkpt>
			<trkpt lat="59.94389437772933" lon="30.263903197286126">
				<ele>2.8730717645958066</ele>
				<time>2023-05-08T16:23:13Z</time>
			</trkpt>
			<trkpt lat="59.94388681249487" lon="30.263965933913024">
				<ele>3.024673149921</ele>
				<time>2023-05-08T16:23:15Z</time>
			</trkpt>
			<trkpt lat="59.94388279862585" lon="30.264024000903795">
				<ele>2.332974998280406</ele>
				<time>2023-05-08T16:23:17Z</time>
			</trkpt>
			<trkpt lat="59.943896139840106" lon="30.264065929564392">
				<ele>1.6433626599609852</ele>
				<time>2023-05-08T16:23:19Z</time>
			</trkpt>
			<trkpt lat="59.94390125886093" lon="30.26413118406251">
				<ele>1.7180402697995305</ele>
				<time>2023-05-08T16:23:21Z</time>
			</trkpt>
			<trkpt lat="59.943918806669934" lon="30.264147839365567">
				<ele>3.289284883067012</ele>
				<time>2023-05-08T16:23:22Z</time>
			</trkpt>
			<trkpt lat="59.9439310718444" lon="30.264195735674445">
				<ele>3.2064342573285103</ele>
				<time>2023-05-08T16:23:24Z</time>
			</trkpt>
			<trkpt lat="59.94393957150133" lon="30.264242680833153">
				<ele>3.346305380575359</ele>
				<time>2023-05-08T16:23:26Z</time>
			</trkpt>
			<trkpt lat="59.94395314769161" lon="30.26427655882609">
				<ele>5.480647844262421</ele>
				<time>2023-05-08T16:23:27Z</time>
			</trkpt>
			<trkpt lat="59.94396328981407" lon="30.26431575346896">
				<ele>7.308383082039654</ele>
				<time>2023-05-08T16:23:29Z</time>
			</trkpt>
			<trkpt lat="59.943969005229604" lon="30.264366031774493">
				<ele>7.408814585767686</ele>
				<time>2023-05-08T16:23:31Z</time>
			</trkpt>
			<trkpt lat="59.94395799319609" lon="30.264407504096198">
				<ele>6.825963306240737</ele>
				<time>2023-05-08T16:23:32Z</time>
			</trkpt>
			<trkpt lat="59.943930677987446" lon="30.264428813919825">
				<ele>6.123129834420979</ele>
				<time>2023-05-08T16:23:34Z</time>
			</trkpt>
			<trkpt lat="59.9439106575663" lon="30.26444099309207">
				<ele>5.527077951468527</ele>
				<time>2023-05-08T16:23:35Z</time>
			</trkpt>
			<trkpt lat="59.94389412832733" lon="30.264455281310948">
				<ele>4.663108279928565</ele>
				<time>2023-05-08T16:23:36Z</time>
			</trkpt>
			<trkpt lat="59.943877080048146" lon="30.264471072148595">
				<ele>5.7934085465967655</ele>
				<time>2023-05-08T16:23:37Z</time>
			</trkpt>
			<trkpt lat="59.943858203847995" lon="30.264480118463325">
				<ele>5.682488068938255</ele>
				<time>2023-05-08T16:23:38Z</time>
			</trkpt>
			<trkpt lat="59.94382973796685" lon="30.26450081695867">
				<ele>4.903191595338285</ele>
				<time>2023-05-08T16:23:40Z</time>
			</trkpt>
			<trkpt lat="59.94380876958535" lon="30.264527926201097">
				<ele>4.877363157458603</ele>
				<time>2023-05-08T16:23:42Z</time>
			</trkpt>
			<trkpt lat="59.943795369279606" lon="30.264554868635773">
				<ele>0.8705093702301383</ele>
				<time>2023-05-08T16:23:44Z</time>
			</trkpt>
			<trkpt lat="59.943769486424955" lon="30.264569391735073">
				<ele>0.46506576519459486</ele>
				<time>2023-05-08T16:23:47Z</time>
			</trkpt>
			<trkpt lat="59.943733981693775" lon="30.264567783722757">
				<ele>1.055819945409894</ele>
				<time>2023-05-08T16:23:49Z</time>
			</trkpt>
			<trkpt lat="59.943700030605164" lon="30.26458703200955">
				<ele>1.8478727769106627</ele>
				<time>2023-05-08T16:23:51Z</time>
			</trkpt>
			<trkpt lat="59.943678673827364" lon="30.264627981056037">
				<ele>2.1623851312324405</ele>
				<time>2023-05-08T16:23:53Z</time>
			</trkpt>
			<trkpt lat="59.943658521354145" lon="30.26465834453639">
				<ele>1.9877651697024703</ele>
				<time>2023-05-08T16:23:55Z</time>
			</trkpt>
			<trkpt lat="59.94362830341235" lon="30.264667683947934">
				<ele>2.839527207426727</ele>
				<time>2023-05-08T16:23:57Z</time>
			</trkpt>
			<trkpt lat="59.94361890028729" lon="30.26470654677254">
				<ele>3.3038752749562263</ele>
				<time>2023-05-08T16:23:58Z</time>
			</trkpt>
			<trkpt lat="59.94360901679598" lon="30.264745441506214">
				<ele>2.966623391956091</ele>
				<time>2023-05-08T16:24:00Z</time>
			</trkpt>
			<trkpt lat="59.943599461777616" lon="30.264797437561374">
				<ele>2.6638831114396453</ele>
				<time>2023-05-08T16:24:03Z</time>
			</trkpt>
			<trkpt lat="59.94358748517379" lon="30.26485180102556">
				<ele>2.6967075392603874</ele>
				<time>2023-05-08T16:24:05Z</time>
			</trkpt>
			<trkpt lat="59.9435924479772" lon="30.264891232009717">
				<ele>4.345708964392543</ele>
				<time>2023-05-08T16:24:07Z</time>
			</trkpt>
			<trkpt lat="59.943606061445536" lon="30.264921602111023">
				<ele>4.586077950894833</ele>
				<time>2023-05-08T16:24:09Z</time>
			</trkpt>
			<trkpt lat="59.943641329820764" lon="30.264963526882056">
				<ele>5.331396555528045</ele>
				<time>2023-05-08T16:24:11Z</time>
			</trkpt>
			<trkpt lat="59.94366362855378" lon="30.265006139652932">
				<ele>7.134461269713938</ele>
				<time>2023-05-08T16:24:12Z</time>
			</trkpt>
			<trkpt lat="59.943685874695426" lon="30.265050123173655">
				<ele>9.014479049481452</ele>
				<time>2023-05-08T16:24:14Z</time>
			</trkpt>
			<trkpt lat="59.94370394699551" lon="30.26504841694471">
				<ele>11.641207018867135</ele>
				<time>2023-05-08T16:24:15Z</time>
			</trkpt>
			<trkpt lat="59.94372733844569" lon="30.265084645606624">
				<ele>15.183689841069281</ele>
				<time>2023-05-08T16:24:17Z</time>
			</trkpt>
			<trkpt lat="59.94370004508673" lon="30.26515068696178">
				<ele>15.604951822198927</ele>
				<time>2023-05-08T16:24:18Z</time>
			</trkpt>
			<trkpt lat="59.943688615441566" lon="30.265198959122944">
				<ele>13.54060423746705</ele>
				<time>2023-05-08T16:24:19Z</time>
			</trkpt>
			<trkpt lat="59.94366776091194" lon="30.265256783121984">
				<ele>11.131081080064178</ele>
				<time>2023-05-08T16:24:21Z</time>
			</trkpt>
			<trkpt lat="59.94364937978174" lon="30.265287391592725">
				<ele>10.447928600944579</ele>
				<time>2023-05-08T16:24:22Z</time>
			</trkpt>
			<trkpt lat="59.94360277237854" lon="30.26530701401085">
				<ele>10.959329206496477</ele>
				<time>2023-05-08T16:24:24Z</time>
			</trkpt>
			<trkpt lat="59.9435723418121" lon="30.265322470776006">
				<ele>12.346186254173517</ele>
				<time>2023-05-08T16:24:25Z</time>
			</trkpt>
			<trkpt lat="59.94354651471774" lon="30.265342384238128">
				<ele>14.316164844669402</ele>
				<time>2023-05-08T16:24:27Z</time>
			</trkpt>
			<trkpt lat="59.94351281496622" lon="30.265360467196206">
				<ele>12.255895069800317</ele>
				<time>2023-05-08T16:24:29Z</time>
			</trkpt>
			<trkpt lat="59.94349253678519" lon="30.265387624442834">
				<ele>12.389046587049961</ele>
				<time>2023-05-08T16:24:30Z</time>
			</trkpt>
			<trkpt lat="59.943475019057466" lon="30.265400653223516">
				<ele>12.78464850783348</ele>
				<time>2023-05-08T16:24:31Z</time>
			</trkpt>
			<trkpt lat="59.94345972363138" lon="30.26543013350933">
				<ele>11.610982853919268</ele>
				<time>2023-05-08T16:24:33Z</time>
			</trkpt>
			<trkpt lat="59.94346725206014" lon="30.26547108051657">
				<ele>11.64484891295433</ele>
				<time>2023-05-08T16:24:34Z</time>
			</trkpt>
			<trkpt lat="59.94347449211974" lon="30.265432623752282">
				<ele>5.708575337193906</ele>
				<time>2023-05-08T16:24:39Z</time>
			</trkpt>
			<trkpt lat="59.943450403559694" lon="30.265451872799225">
				<ele>9.669744520448148</ele>
				<time>2023-05-08T16:24:41Z</time>
			</trkpt>
			<trkpt lat="59.94342255436262" lon="30.26547280329345">
				<ele>6.648458539508283</ele>
				<time>2023-05-08T16:24:45Z</time>
			</trkpt>
			<trkpt lat="59.9434114608574" lon="30.265502388342554">
				<ele>5.296978771686554</ele>
				<time>2023-05-08T16:24:46Z</time>
			</trkpt>
			<trkpt lat="59.943394430791166" lon="30.265522797987483">
				<ele>8.319894975051284</ele>
				<time>2023-05-08T16:24:47Z</time>
			</trkpt>
			<trkpt lat="59.943368540584615" lon="30.265541597688014">
				<ele>6.146429039537907</ele>
				<time>2023-05-08T16:24:50Z</time>
			</trkpt>
			<trkpt lat="59.943343325507904" lon="30.26555987127629">
				<ele>7.846218620426953</ele>
				<time>2023-05-08T16:24:52Z</time>
			</trkpt>
			<trkpt lat="59.94331989278786" lon="30.26557859787142">
				<ele>2.2568669533357024</ele>
				<time>2023-05-08T16:24:55Z</time>
			</trkpt>
			<trkpt lat="59.943293255444246" lon="30.26558357376016">
				<ele>1.8922021770849824</ele>
				<time>2023-05-08T16:24:59Z</time>
			</trkpt>
			<trkpt lat="59.94327240156355" lon="30.265619386902333">
				<ele>4.068074565380812</ele>
				<time>2023-05-08T16:25:01Z</time>
			</trkpt>
			<trkpt lat="59.943245251753304" lon="30.26564848821889">
				<ele>6.150223222561181</ele>
				<time>2023-05-08T16:25:03Z</time>
			</trkpt>
			<trkpt lat="59.943216530031364" lon="30.265661983388156">
				<ele>4.461735123768449</ele>
				<time>2023-05-08T16:25:06Z</time>
			</trkpt>
			<trkpt lat="59.94319818432191" lon="30.26567541613231">
				<ele>6.315829277038574</ele>
				<time>2023-05-08T16:25:07Z</time>
			</trkpt>
			<trkpt lat="59.94316697676104" lon="30.265702673944446">
				<ele>7.684538349509239</ele>
				<time>2023-05-08T16:25:09Z</time>
			</trkpt>
			<trkpt lat="59.943151650323195" lon="30.265732091682104">
				<ele>9.059241755865514</ele>
				<time>2023-05-08T16:25:11Z</time>
			</trkpt>
			<trkpt lat="59.94312356846804" lon="30.265734392630687">
				<ele>4.205564873293042</ele>
				<time>2023-05-08T16:25:15Z</time>
			</trkpt>
			<trkpt lat="59.943092453807154" lon="30.265748637702586">
				<ele>4.906959919258952</ele>
				<time>2023-05-08T16:25:17Z</time>
			</trkpt>
			<trkpt lat="59.943079306350135" lon="30.26579991456061">
				<ele>8.301386222243309</ele>
				<time>2023-05-08T16:25:19Z</time>
			</trkpt>
			<trkpt lat="59.943071767851706" lon="30.265852137182176">
				<ele>7.481298559345305</ele>
				<time>2023-05-08T16:25:21Z</time>
			</trkpt>
			<trkpt lat="59.94305378537701" lon="30.265874184723813">
				<ele>7.289620703086257</ele>
				<time>2023-05-08T16:25:22Z</time>
			</trkpt>
			<trkpt lat="59.943036579341054" lon="30.26588698327575">
				<ele>7.0509794456884265</ele>
				<time>2023-05-08T16:25:23Z</time>
			</trkpt>
			<trkpt lat="59.94302388285759" lon="30.2659250474783">
				<ele>8.641770194284618</ele>
				<time>2023-05-08T16:25:24Z</time>
			</trkpt>
			<trkpt lat="59.94301669831016" lon="30.265977920340795">
				<ele>9.517092715017498</ele>
				<time>2023-05-08T16:25:25Z</time>
			</trkpt>
			<trkpt lat="59.943002158293" lon="30.266037283773056">
				<ele>11.297578057274222</ele>
				<time>2023-05-08T16:25:26Z</time>
			</trkpt>
			<trkpt lat="59.94301647459199" lon="30.266061157767062">
				<ele>10.494274280965328</ele>
				<time>2023-05-08T16:25:27Z</time>
			</trkpt>
			<trkpt lat="59.942996413678976" lon="30.26608115283228">
				<ele>8.568702640011907</ele>
				<time>2023-05-08T16:25:29Z</time>
			</trkpt>
			<trkpt lat="59.942984636362716" lon="30.2661396409022">
				<ele>9.69166599214077</ele>
				<time>2023-05-08T16:25:31Z</time>
			</trkpt>
			<trkpt lat="59.94295908825101" lon="30.26616060430206">
				<ele>9.334423366934061</ele>
				<time>2023-05-08T16:25:32Z</time>
			</trkpt>
			<trkpt lat="59.94296178500801" lon="30.266237939568715">
				<ele>10.521993569098413</ele>
				<time>2023-05-08T16:25:35Z</time>
			</trkpt>
			<trkpt lat="59.942959111628994" lon="30.266286167933124">
				<ele>11.299063801765442</ele>
				<time>2023-05-08T16:25:36Z</time>
			</trkpt>
			<trkpt lat="59.942946081206756" lon="30.266334499493436">
				<ele>11.386029910296202</ele>
				<time>2023-05-08T16:25:38Z</time>
			</trkpt>
			<trkpt lat="59.942921478996645" lon="30.266356757373757">
				<ele>12.38911391235888</ele>
				<time>2023-05-08T16:25:41Z</time>
			</trkpt>
			<trkpt lat="59.94291495692412" lon="30.26639399747817">
				<ele>13.51920721679926</ele>
				<time>2023-05-08T16:25:43Z</time>
			</trkpt>
			<trkpt lat="59.94290318726283" lon="30.266434131295348">
				<ele>11.841595116071403</ele>
				<time>2023-05-08T16:25:45Z</time>
			</trkpt>
			<trkpt lat="59.942885041361684" lon="30.266464714899378">
				<ele>11.317546452395618</ele>
				<time>2023-05-08T16:25:47Z</time>
			</trkpt>
			<trkpt lat="59.94286455575875" lon="30.266447988112812">
				<ele>13.917968285270035</ele>
				<time>2023-05-08T16:25:50Z</time>
			</trkpt>
			<trkpt lat="59.9428265906487" lon="30.266308010711306">
				<ele>12.582664559595287</ele>
				<time>2023-05-08T16:25:51Z</time>
			</trkpt>
			<trkpt lat="59.942810876160046" lon="30.26628115435821">
				<ele>12.427372405305505</ele>
				<time>2023-05-08T16:25:52Z</time>
			</trkpt>
			<trkpt lat="59.94278566533902" lon="30.266191296402056">
				<ele>12.615142069756985</ele>
				<time>2023-05-08T16:25:55Z</time>
			</trkpt>
			<trkpt lat="59.9427665238489" lon="30.26616492421767">
				<ele>9.73340215254575</ele>
				<time>2023-05-08T16:25:56Z</time>
			</trkpt>
			<trkpt lat="59.942762333978244" lon="30.266106082904493">
				<ele>10.01816408149898</ele>
				<time>2023-05-08T16:25:57Z</time>
			</trkpt>
			<trkpt lat="59.94275766430125" lon="30.266057178859175">
				<ele>10.143091869540513</ele>
				<time>2023-05-08T16:25:59Z</time>
			</trkpt>
			<trkpt lat="59.942769260488326" lon="30.265967083221152">
				<ele>10.253634911961854</ele>
				<time>2023-05-08T16:26:00Z</time>
			</trkpt>
			<trkpt lat="59.94278161967247" lon="30.26584846498184">
				<ele>11.701422669924796</ele>
				<time>2023-05-08T16:26:01Z</time>
			</trkpt>
			<trkpt lat="59.9427660956664" lon="30.26580279031908">
				<ele>8.924034958705306</ele>
				<time>2023-05-08T16:26:02Z</time>
			</trkpt>
			<trkpt lat="59.94276033330471" lon="30.265749240274964">
				<ele>9.433156222105026</ele>
				<time>2023-05-08T16:26:03Z</time>
			</trkpt>
			<trkpt lat="59.94273931109611" lon="30.26574352102554">
				<ele>3.698566778562963</ele>
				<time>2023-05-08T16:26:05Z</time>
			</trkpt>
			<trkpt lat="59.942707859117796" lon="30.26575213480863">
				<ele>7.845309523865581</ele>
				<time>2023-05-08T16:26:07Z</time>
			</trkpt>
			<trkpt lat="59.942691427231004" lon="30.265783449238246">
				<ele>6.510701118037105</ele>
				<time>2023-05-08T16:26:09Z</time>
			</trkpt>
			<trkpt lat="59.94268325601595" lon="30.26583384958892">
				<ele>5.3638411751016974</ele>
				<time>2023-05-08T16:26:11Z</time>
			</trkpt>
			<trkpt lat="59.94266399791465" lon="30.26585852419281">
				<ele>6.9924196638166904</ele>
				<time>2023-05-08T16:26:13Z</time>
			</trkpt>
			<trkpt lat="59.942635252209996" lon="30.265898368585265">
				<ele>7.350670751184225</ele>
				<time>2023-05-08T16:26:15Z</time>
			</trkpt>
			<trkpt lat="59.9425913909119" lon="30.26589968406176">
				<ele>8.173440051265061</ele>
				<time>2023-05-08T16:26:18Z</time>
			</trkpt>
			<trkpt lat="59.94257129407541" lon="30.265916764157527">
				<ele>7.369993473403156</ele>
				<time>2023-05-08T16:26:20Z</time>
			</trkpt>
			<trkpt lat="59.94255144287668" lon="30.265959698067263">
				<ele>5.641095578670502</ele>
				<time>2023-05-08T16:26:23Z</time>
			</trkpt>
			<trkpt lat="59.94253248502086" lon="30.265991189346405">
				<ele>5.015479994006455</ele>
				<time>2023-05-08T16:26:25Z</time>
			</trkpt>
			<trkpt lat="59.94251250418257" lon="30.266010366440337">
				<ele>4.464033366180956</ele>
				<time>2023-05-08T16:26:27Z</time>
			</trkpt>
			<trkpt lat="59.942485520060195" lon="30.26604044243779">
				<ele>5.678316567093134</ele>
				<time>2023-05-08T16:26:29Z</time>
			</trkpt>
			<trkpt lat="59.94246891623161" lon="30.26605629507207">
				<ele>6.50112681556493</ele>
				<time>2023-05-08T16:26:30Z</time>
			</trkpt>
			<trkpt lat="59.942444988330635" lon="30.266085488825023">
				<ele>5.179671501740813</ele>
				<time>2023-05-08T16:26:33Z</time>
			</trkpt>
			<trkpt lat="59.94242663429154" lon="30.266114436812064">
				<ele>3.902804705314338</ele>
				<time>2023-05-08T16:26:35Z</time>
			</trkpt>
			<trkpt lat="59.94239408764261" lon="30.266134184228083">
				<ele>8.352274108678102</ele>
				<time>2023-05-08T16:26:37Z</time>
			</trkpt>
			<trkpt lat="59.94237541233127" lon="30.266167080944374">
				<ele>7.317889480851591</ele>
				<time>2023-05-08T16:26:39Z</time>
			</trkpt>
			<trkpt lat="59.94235656126242" lon="30.26619634920926">
				<ele>6.333757594227791</ele>
				<time>2023-05-08T16:26:41Z</time>
			</trkpt>
			<trkpt lat="59.94233615207765" lon="30.266215669237166">
				<ele>7.012051651254296</ele>
				<time>2023-05-08T16:26:43Z</time>
			</trkpt>
			<trkpt lat="59.94231484238076" lon="30.266235971596007">
				<ele>7.885923030786216</ele>
				<time>2023-05-08T16:26:45Z</time>
			</trkpt>
			<trkpt lat="59.94229492464196" lon="30.26625368574804">
				<ele>6.8800952499732375</ele>
				<time>2023-05-08T16:26:47Z</time>
			</trkpt>
			<trkpt lat="59.94228430433104" lon="30.266297964655813">
				<ele>5.231323219835758</ele>
				<time>2023-05-08T16:26:49Z</time>
			</trkpt>
			<trkpt lat="59.9422556365312" lon="30.26633027560232">
				<ele>5.415606894530356</ele>
				<time>2023-05-08T16:26:52Z</time>
			</trkpt>
			<trkpt lat="59.942229881366494" lon="30.26634823442653">
				<ele>6.475783482193947</ele>
				<time>2023-05-08T16:26:53Z</time>
			</trkpt>
			<trkpt lat="59.94219070507875" lon="30.26636127535374">
				<ele>6.450856759212911</ele>
				<time>2023-05-08T16:26:56Z</time>
			</trkpt>
			<trkpt lat="59.942177916259794" lon="30.266390053931534">
				<ele>8.144053531810641</ele>
				<time>2023-05-08T16:26:58Z</time>
			</trkpt>
			<trkpt lat="59.94215322018498" lon="30.26640997220709">
				<ele>7.208305541425943</ele>
				<time>2023-05-08T16:27:00Z</time>
			</trkpt>
			<trkpt lat="59.942138290730924" lon="30.266446278496478">
				<ele>8.607912889681756</ele>
				<time>2023-05-08T16:27:02Z</time>
			</trkpt>
			<trkpt lat="59.942120011893806" lon="30.266464548104704">
				<ele>8.12057381682098</ele>
				<time>2023-05-08T16:27:04Z</time>
			</trkpt>
			<trkpt lat="59.94209768278554" lon="30.26649263987828">
				<ele>8.967156618833542</ele>
				<time>2023-05-08T16:27:05Z</time>
			</trkpt>
			<trkpt lat="59.94207226507674" lon="30.26650825342233">
				<ele>8.101322046481073</ele>
				<time>2023-05-08T16:27:08Z</time>
			</trkpt>
			<trkpt lat="59.94205682437158" lon="30.26653782511385">
				<ele>5.8155488492920995</ele>
				<time>2023-05-08T16:27:10Z</time>
			</trkpt>
			<trkpt lat="59.94204482219104" lon="30.26657311993257">
				<ele>5.752003043889999</ele>
				<time>2023-05-08T16:27:12Z</time>
			</trkpt>
			<trkpt lat="59.94202722931082" lon="30.26658615450711">
				<ele>6.03611721470952</ele>
				<time>2023-05-08T16:27:13Z</time>
			</trkpt>
			<trkpt lat="59.9420069214098" lon="30.266600211923492">
				<ele>5.582404947839677</ele>
				<time>2023-05-08T16:27:14Z</time>
			</trkpt>
			<trkpt lat="59.941994319828574" lon="30.266640492389275">
				<ele>7.540845879353583</ele>
				<time>2023-05-08T16:27:16Z</time>
			</trkpt>
			<trkpt lat="59.941975803180725" lon="30.266668334547063">
				<ele>8.080919487401843</ele>
				<time>2023-05-08T16:27:18Z</time>
			</trkpt>
			<trkpt lat="59.94196095088444" lon="30.266693533478783">
				<ele>5.839446314610541</ele>
				<time>2023-05-08T16:27:20Z</time>
			</trkpt>
			<trkpt lat="59.94193962625644" lon="30.26671768349499">
				<ele>6.428301160223782</ele>
				<time>2023-05-08T16:27:22Z</time>
			</trkpt>
			<trkpt lat="59.941909732043705" lon="30.26672649735247">
				<ele>6.5865358943119645</ele>
				<time>2023-05-08T16:27:24Z</time>
			</trkpt>
			<trkpt lat="59.94189296306229" lon="30.26674190207591">
				<ele>6.863713492639363</ele>
				<time>2023-05-08T16:27:25Z</time>
			</trkpt>
			<trkpt lat="59.94187206229732" lon="30.26676134630525">
				<ele>7.858313888311386</ele>
				<time>2023-05-08T16:27:27Z</time>
			</trkpt>
			<trkpt lat="59.94186188769758" lon="30.26679630912941">
				<ele>5.437240129336715</ele>
				<time>2023-05-08T16:27:29Z</time>
			</trkpt>
			<trkpt lat="59.94183572902355" lon="30.266831900634426">
				<ele>6.563407831825316</ele>
				<time>2023-05-08T16:27:32Z</time>
			</trkpt>
			<trkpt lat="59.94181759053144" lon="30.2668520557014">
				<ele>6.936104961670935</ele>
				<time>2023-05-08T16:27:33Z</time>
			</trkpt>
			<trkpt lat="59.94180089470086" lon="30.266865984877843">
				<ele>7.214242774061859</ele>
				<time>2023-05-08T16:27:35Z</time>
			</trkpt>
			<trkpt lat="59.941769745958524" lon="30.26687917953427">
				<ele>8.442934043705463</ele>
				<time>2023-05-08T16:27:37Z</time>
			</trkpt>
			<trkpt lat="59.94173977160382" lon="30.26689834614918">
				<ele>10.206492684781551</ele>
				<time>2023-05-08T16:27:39Z</time>
			</trkpt>
			<trkpt lat="59.941720491576056" lon="30.26694189105272">
				<ele>7.0333878844976425</ele>
				<time>2023-05-08T16:27:42Z</time>
			</trkpt>
			<trkpt lat="59.94170787192158" lon="30.26697036726082">
				<ele>6.643325757235289</ele>
				<time>2023-05-08T16:27:44Z</time>
			</trkpt>
			<trkpt lat="59.94168181000734" lon="30.266980102316342">
				<ele>7.702751159667969</ele>
				<time>2023-05-08T16:27:46Z</time>
			</trkpt>
			<trkpt lat="59.94167040950704" lon="30.267008375101778">
				<ele>5.466198381967843</ele>
				<time>2023-05-08T16:27:48Z</time>
			</trkpt>
			<trkpt lat="59.94164427718796" lon="30.266999235199293">
				<ele>5.0167628629133105</ele>
				<time>2023-05-08T16:27:50Z</time>
			</trkpt>
			<trkpt lat="59.9416224456595" lon="30.267022707905202">
				<ele>5.552365543320775</ele>
				<time>2023-05-08T16:27:52Z</time>
			</trkpt>
			<trkpt lat="59.941609129237186" lon="30.26705444369212">
				<ele>4.131554061546922</ele>
				<time>2023-05-08T16:27:54Z</time>
			</trkpt>
			<trkpt lat="59.9415909495608" lon="30.2670909532251">
				<ele>6.597302725538611</ele>
				<time>2023-05-08T16:27:56Z</time>
			</trkpt>
			<trkpt lat="59.941571692701594" lon="30.267104152435806">
				<ele>4.832821676507592</ele>
				<time>2023-05-08T16:27:58Z</time>
			</trkpt>
			<trkpt lat="59.94154738575699" lon="30.267140009159604">
				<ele>6.017869332805276</ele>
				<time>2023-05-08T16:28:00Z</time>
			</trkpt>
			<trkpt lat="59.941520389465936" lon="30.267168564453794">
				<ele>5.55174716655165</ele>
				<time>2023-05-08T16:28:03Z</time>
			</trkpt>
			<trkpt lat="59.9415007109444" lon="30.267192773327512">
				<ele>5.580005333758891</ele>
				<time>2023-05-08T16:28:05Z</time>
			</trkpt>
			<trkpt lat="59.9414746263621" lon="30.26723872146666">
				<ele>7.1520650098100305</ele>
				<time>2023-05-08T16:28:08Z</time>
			</trkpt>
			<trkpt lat="59.94145335125516" lon="30.267271827450266">
				<ele>5.142735869623721</ele>
				<time>2023-05-08T16:28:11Z</time>
			</trkpt>
			<trkpt lat="59.94143132576061" lon="30.267311972828015">
				<ele>5.856364909559488</ele>
				<time>2023-05-08T16:28:13Z</time>
			</trkpt>
			<trkpt lat="59.9414042269879" lon="30.267331117074963">
				<ele>4.017887790687382</ele>
				<time>2023-05-08T16:28:16Z</time>
			</trkpt>
			<trkpt lat="59.94138432192668" lon="30.26735184365635">
				<ele>4.33686644025147</ele>
				<time>2023-05-08T16:28:19Z</time>
			</trkpt>
			<trkpt lat="59.94136785512977" lon="30.267367317562524">
				<ele>5.082735301926732</ele>
				<time>2023-05-08T16:28:21Z</time>
			</trkpt>
			<trkpt lat="59.94134320651982" lon="30.2673867311228">
				<ele>6.111542206257582</ele>
				<time>2023-05-08T16:28:23Z</time>
			</trkpt>
			<trkpt lat="59.94131447085742" lon="30.267421791171365">
				<ele>4.608816875144839</ele>
				<time>2023-05-08T16:28:25Z</time>
			</trkpt>
			<trkpt lat="59.94129813832317" lon="30.267446034238624">
				<ele>6.1299713952466846</ele>
				<time>2023-05-08T16:28:27Z</time>
			</trkpt>
			<trkpt lat="59.941274722536036" lon="30.26746615324528">
				<ele>5.238915654830635</ele>
				<time>2023-05-08T16:28:29Z</time>
			</trkpt>
			<trkpt lat="59.94124728457832" lon="30.267486535874003">
				<ele>3.093163788318634</ele>
				<time>2023-05-08T16:28:31Z</time>
			</trkpt>
			<trkpt lat="59.94122238774726" lon="30.267507407371223">
				<ele>4.179138220846653</ele>
				<time>2023-05-08T16:28:33Z</time>
			</trkpt>
			<trkpt lat="59.94119972713941" lon="30.267535694216132">
				<ele>5.1237918911501765</ele>
				<time>2023-05-08T16:28:35Z</time>
			</trkpt>
			<trkpt lat="59.9412228709642" lon="30.26754410327624">
				<ele>3.1103738956153393</ele>
				<time>2023-05-08T16:28:36Z</time>
			</trkpt>
			<trkpt lat="59.94118701126936" lon="30.26757363151402">
				<ele>5.188635400496423</ele>
				<time>2023-05-08T16:28:38Z</time>
			</trkpt>
			<trkpt lat="59.94116854493016" lon="30.267603188015457">
				<ele>6.22440061531961</ele>
				<time>2023-05-08T16:28:40Z</time>
			</trkpt>
			<trkpt lat="59.94115730745799" lon="30.2676386256479">
				<ele>4.943689822219312</ele>
				<time>2023-05-08T16:28:42Z</time>
			</trkpt>
			<trkpt lat="59.941135232517894" lon="30.267648852396487">
				<ele>4.578111887909472</ele>
				<time>2023-05-08T16:28:43Z</time>
			</trkpt>
			<trkpt lat="59.941107015261316" lon="30.267671410286727">
				<ele>4.309575442224741</ele>
				<time>2023-05-08T16:28:45Z</time>
			</trkpt>
			<trkpt lat="59.94107646854954" lon="30.267703642063466">
				<ele>4.584687042981386</ele>
				<time>2023-05-08T16:28:47Z</time>
			</trkpt>
			<trkpt lat="59.94105719997747" lon="30.267752391768003">
				<ele>4.184077826328576</ele>
				<time>2023-05-08T16:28:50Z</time>
			</trkpt>
			<trkpt lat="59.94103768717836" lon="30.267776181897432">
				<ele>3.988394372165203</ele>
				<time>2023-05-08T16:28:52Z</time>
			</trkpt>
			<trkpt lat="59.94100738759217" lon="30.267802688148123">
				<ele>5.299126177094877</ele>
				<time>2023-05-08T16:28:54Z</time>
			</trkpt>
			<trkpt lat="59.9409763101302" lon="30.267827650151006">
				<ele>5.926722821779549</ele>
				<time>2023-05-08T16:28:56Z</time>
			</trkpt>
			<trkpt lat="59.94096011849149" lon="30.267844813581892">
				<ele>4.628734964877367</ele>
				<time>2023-05-08T16:28:58Z</time>
			</trkpt>
			<trkpt lat="59.94096142422045" lon="30.26788615228876">
				<ele>3.4978706315159798</ele>
				<time>2023-05-08T16:29:04Z</time>
			</trkpt>
			<trkpt lat="59.94097952152818" lon="30.26795662851922">
				<ele>2.8201818466186523</ele>
				<time>2023-05-08T16:29:33Z</time>
			</trkpt>
			<trkpt lat="59.94103908079407" lon="30.26826655541969">
				<ele>2.8201818466186523</ele>
				<time>2023-05-08T16:29:41Z</time>
			</trkpt>
			<trkpt lat="59.94106829905672" lon="30.26835356851697">
				<ele>2.8201818466186523</ele>
				<time>2023-05-08T16:29:42Z</time>
			</trkpt>
			<trkpt lat="59.941008651285685" lon="30.26792825610679">
				<ele>6.834586787968874</ele>
				<time>2023-05-08T16:29:47Z</time>
			</trkpt>
			<trkpt lat="59.940990294673014" lon="30.267925659758017">
				<ele>5.716385681182146</ele>
				<time>2023-05-08T16:29:52Z</time>
			</trkpt>
			<trkpt lat="59.94102184626152" lon="30.268017416077537">
				<ele>9.61277894768864</ele>
				<time>2023-05-08T16:29:56Z</time>
			</trkpt>
			<trkpt lat="59.941056698035425" lon="30.267974239006705">
				<ele>7.444849892519414</ele>
				<time>2023-05-08T16:29:57Z</time>
			</trkpt>
			<trkpt lat="59.94107189876471" lon="30.268034106801093">
				<ele>5.935765670612454</ele>
				<time>2023-05-08T16:29:58Z</time>
			</trkpt>
			<trkpt lat="59.9410899886824" lon="30.268312974146113">
				<ele>8.131971358321607</ele>
				<time>2023-05-08T16:30:00Z</time>
			</trkpt>
			<trkpt lat="59.94108038771581" lon="30.26823734036241">
				<ele>9.415747410617769</ele>
				<time>2023-05-08T16:30:01Z</time>
			</trkpt>
			<trkpt lat="59.94107295866836" lon="30.268302439487133">
				<ele>12.146289230324328</ele>
				<time>2023-05-08T16:30:02Z</time>
			</trkpt>
			<trkpt lat="59.941113251091174" lon="30.26828051168036">
				<ele>14.511174422688782</ele>
				<time>2023-05-08T16:30:03Z</time>
			</trkpt>
			<trkpt lat="59.941130474709034" lon="30.26834342257027">
				<ele>11.057787561789155</ele>
				<time>2023-05-08T16:30:05Z</time>
			</trkpt>
			<trkpt lat="59.94114500948659" lon="30.268367448785952">
				<ele>11.49017128162086</ele>
				<time>2023-05-08T16:30:06Z</time>
			</trkpt>
			<trkpt lat="59.941177566403" lon="30.268374672853763">
				<ele>14.213807857595384</ele>
				<time>2023-05-08T16:30:08Z</time>
			</trkpt>
			<trkpt lat="59.941198033424335" lon="30.268397747062973">
				<ele>17.469296930357814</ele>
				<time>2023-05-08T16:30:10Z</time>
			</trkpt>
			<trkpt lat="59.941213456414495" lon="30.268423368955563">
				<ele>13.270698704756796</ele>
				<time>2023-05-08T16:30:12Z</time>
			</trkpt>
			<trkpt lat="59.94123253087349" lon="30.268449639280607">
				<ele>12.164426958188415</ele>
				<time>2023-05-08T16:30:14Z</time>
			</trkpt>
			<trkpt lat="59.94125135248553" lon="30.268530501080928">
				<ele>35.88447959907353</ele>
				<time>2023-05-08T16:30:16Z</time>
			</trkpt>
			<trkpt lat="59.94130769760763" lon="30.268538429447247">
				<ele>15.779707656241953</ele>
				<time>2023-05-08T16:30:21Z</time>
			</trkpt>
			<trkpt lat="59.9412966424673" lon="30.268392993508687">
				<ele>15.399417178705335</ele>
				<time>2023-05-08T16:30:22Z</time>
			</trkpt>
			<trkpt lat="59.94129599308915" lon="30.268317928254547">
				<ele>16.601845351979136</ele>
				<time>2023-05-08T16:30:23Z</time>
			</trkpt>
			<trkpt lat="59.941308829459416" lon="30.26826547339236">
				<ele>16.76430624164641</ele>
				<time>2023-05-08T16:30:24Z</time>
			</trkpt>
			<trkpt lat="59.94132604692233" lon="30.268223755028163">
				<ele>17.59042979311198</ele>
				<time>2023-05-08T16:30:25Z</time>
			</trkpt>
			<trkpt lat="59.941354076364405" lon="30.268242161616293">
				<ele>16.55159471835941</ele>
				<time>2023-05-08T16:30:27Z</time>
			</trkpt>
			<trkpt lat="59.941298589119604" lon="30.268319437366763">
				<ele>16.6860610563308</ele>
				<time>2023-05-08T16:30:28Z</time>
			</trkpt>
			<trkpt lat="59.94131505890567" lon="30.268343290371703">
				<ele>15.907308693043888</ele>
				<time>2023-05-08T16:30:29Z</time>
			</trkpt>
			<trkpt lat="59.94130191365736" lon="30.268363020560297">
				<ele>15.922558918595314</ele>
				<time>2023-05-08T16:30:31Z</time>
			</trkpt>
			<trkpt lat="59.94128382892289" lon="30.268401999222984">
				<ele>15.92251968383789</ele>
				<time>2023-05-08T16:30:58Z</time>
			</trkpt>
			<trkpt lat="59.94128893343148" lon="30.26846827341165">
				<ele>15.825097083114088</ele>
				<time>2023-05-08T16:31:02Z</time>
			</trkpt>
			<trkpt lat="59.94130902359162" lon="30.268647047587155">
				<ele>17.33170343749225</ele>
				<time>2023-05-08T16:31:05Z</time>
			</trkpt>
			<trkpt lat="59.94124097805858" lon="30.268629201569897">
				<ele>12.884472174569964</ele>
				<time>2023-05-08T16:31:07Z</time>
			</trkpt>
			<trkpt lat="59.94126824056284" lon="30.268808317706675">
				<ele>11.68888929951936</ele>
				<time>2023-05-08T16:31:08Z</time>
			</trkpt>
			<trkpt lat="59.941320104869725" lon="30.268831312953377">
				<ele>9.809066103771329</ele>
				<time>2023-05-08T16:31:10Z</time>
			</trkpt>
			<trkpt lat="59.94133347503709" lon="30.26889645315293">
				<ele>15.1983478423208</ele>
				<time>2023-05-08T16:31:11Z</time>
			</trkpt>
			<trkpt lat="59.941359848413526" lon="30.26888543590639">
				<ele>16.31655242666602</ele>
				<time>2023-05-08T16:31:12Z</time>
			</trkpt>
			<trkpt lat="59.94132095549285" lon="30.268982172621076">
				<ele>14.394128437153995</ele>
				<time>2023-05-08T16:31:13Z</time>
			</trkpt>
			<trkpt lat="59.94131090008751" lon="30.269033671792677">
				<ele>16.538031110540032</ele>
				<time>2023-05-08T16:31:15Z</time>
			</trkpt>
			<trkpt lat="59.94128544636614" lon="30.269039807430683">
				<ele>13.269179828464985</ele>
				<time>2023-05-08T16:31:17Z</time>
			</trkpt>
			<trkpt lat="59.94125489151332" lon="30.269108732522305">
				<ele>13.019079116173089</ele>
				<time>2023-05-08T16:31:18Z</time>
			</trkpt>
			<trkpt lat="59.941223484858845" lon="30.26918714949265">
				<ele>13.404385825619102</ele>
				<time>2023-05-08T16:31:19Z</time>
			</trkpt>
			<trkpt lat="59.941201624844055" lon="30.26921575326348">
				<ele>10.101963900960982</ele>
				<time>2023-05-08T16:31:20Z</time>
			</trkpt>
			<trkpt lat="59.94117308407059" lon="30.269281033695744">
				<ele>11.761774845421314</ele>
				<time>2023-05-08T16:31:21Z</time>
			</trkpt>
			<trkpt lat="59.941153848084426" lon="30.2693092641741">
				<ele>12.829037899151444</ele>
				<time>2023-05-08T16:31:22Z</time>
			</trkpt>
			<trkpt lat="59.94111700352869" lon="30.269399704461193">
				<ele>15.033092993311584</ele>
				<time>2023-05-08T16:31:24Z</time>
			</trkpt>
			<trkpt lat="59.94109350405458" lon="30.26938435622809">
				<ele>16.0839653769508</ele>
				<time>2023-05-08T16:31:26Z</time>
			</trkpt>
			<trkpt lat="59.94106866002528" lon="30.269398014695128">
				<ele>14.4644815903157</ele>
				<time>2023-05-08T16:31:28Z</time>
			</trkpt>
			<trkpt lat="59.94104670556162" lon="30.269435694968678">
				<ele>16.191125478595495</ele>
				<time>2023-05-08T16:31:30Z</time>
			</trkpt>
			<trkpt lat="59.94102600152704" lon="30.269437452734913">
				<ele>16.13898624572903</ele>
				<time>2023-05-08T16:31:32Z</time>
			</trkpt>
			<trkpt lat="59.94100631743477" lon="30.26945500962974">
				<ele>13.954277044162154</ele>
				<time>2023-05-08T16:31:33Z</time>
			</trkpt>
			<trkpt lat="59.94097776742293" lon="30.2694459289951">
				<ele>13.632216017693281</ele>
				<time>2023-05-08T16:31:36Z</time>
			</trkpt>
			<trkpt lat="59.94095758520222" lon="30.26940982086176">
				<ele>11.316776600666344</ele>
				<time>2023-05-08T16:31:38Z</time>
			</trkpt>
			<trkpt lat="59.94093918625505" lon="30.26939544965264">
				<ele>12.548199011944234</ele>
				<time>2023-05-08T16:31:41Z</time>
			</trkpt>
			<trkpt lat="59.94091691238166" lon="30.269408984538895">
				<ele>13.056699209846556</ele>
				<time>2023-05-08T16:31:43Z</time>
			</trkpt>
			<trkpt lat="59.94088276410333" lon="30.26943969650476">
				<ele>15.788503161631525</ele>
				<time>2023-05-08T16:31:46Z</time>
			</trkpt>
			<trkpt lat="59.94085831101772" lon="30.269464280428018">
				<ele>13.92500695027411</ele>
				<time>2023-05-08T16:31:49Z</time>
			</trkpt>
			<trkpt lat="59.94083209404756" lon="30.26948630195771">
				<ele>11.214686246588826</ele>
				<time>2023-05-08T16:31:52Z</time>
			</trkpt>
			<trkpt lat="59.940807267562825" lon="30.269502062752135">
				<ele>11.62389206700027</ele>
				<time>2023-05-08T16:31:54Z</time>
			</trkpt>
			<trkpt lat="59.940788525458444" lon="30.269514501843783">
				<ele>11.22683390788734</ele>
				<time>2023-05-08T16:31:56Z</time>
			</trkpt>
			<trkpt lat="59.94076211684091" lon="30.269533923278203">
				<ele>15.919549607671797</ele>
				<time>2023-05-08T16:31:58Z</time>
			</trkpt>
			<trkpt lat="59.9407379693112" lon="30.269559586039062">
				<ele>13.19756422471255</ele>
				<time>2023-05-08T16:32:00Z</time>
			</trkpt>
			<trkpt lat="59.940715989174464" lon="30.269601157637965">
				<ele>13.704172964207828</ele>
				<time>2023-05-08T16:32:02Z</time>
			</trkpt>
			<trkpt lat="59.94069860357189" lon="30.26962658124164">
				<ele>14.37220978923142</ele>
				<time>2023-05-08T16:32:04Z</time>
			</trkpt>
			<trkpt lat="59.94068298212017" lon="30.26964618772147">
				<ele>17.991988926194608</ele>
				<time>2023-05-08T16:32:06Z</time>
			</trkpt>
			<trkpt lat="59.94066352856009" lon="30.269671753872636">
				<ele>14.906568530015647</ele>
				<time>2023-05-08T16:32:09Z</time>
			</trkpt>
			<trkpt lat="59.94065885042865" lon="30.269716917060244">
				<ele>14.484997604973614</ele>
				<time>2023-05-08T16:32:10Z</time>
			</trkpt>
			<trkpt lat="59.94061802355596" lon="30.269722813509226">
				<ele>12.822525834664702</ele>
				<time>2023-05-08T16:32:12Z</time>
			</trkpt>
			<trkpt lat="59.940626859465496" lon="30.269769321537083">
				<ele>12.749697900377214</ele>
				<time>2023-05-08T16:32:13Z</time>
			</trkpt>
			<trkpt lat="59.940636218457" lon="30.26982506139561">
				<ele>11.178898077458143</ele>
				<time>2023-05-08T16:32:15Z</time>
			</trkpt>
			<trkpt lat="59.940649067142026" lon="30.269854721460405">
				<ele>12.644955881871283</ele>
				<time>2023-05-08T16:32:16Z</time>
			</trkpt>
			<trkpt lat="59.94067215745439" lon="30.269868739017483">
				<ele>12.006487642414868</ele>
				<time>2023-05-08T16:32:18Z</time>
			</trkpt>
			<trkpt lat="59.94068364557671" lon="30.269902617127308">
				<ele>11.725190787576139</ele>
				<time>2023-05-08T16:32:19Z</time>
			</trkpt>
			<trkpt lat="59.94070148608358" lon="30.269962289599142">
				<ele>13.93250620458275</ele>
				<time>2023-05-08T16:32:21Z</time>
			</trkpt>
			<trkpt lat="59.940720169882916" lon="30.26996828625503">
				<ele>12.862693350762129</ele>
				<time>2023-05-08T16:32:23Z</time>
			</trkpt>
			<trkpt lat="59.940723277312784" lon="30.270003699870703">
				<ele>12.903815849684179</ele>
				<time>2023-05-08T16:32:24Z</time>
			</trkpt>
			<trkpt lat="59.94074537814688" lon="30.270050653491772">
				<ele>13.133457087911665</ele>
				<time>2023-05-08T16:32:26Z</time>
			</trkpt>
			<trkpt lat="59.940757301693196" lon="30.270080838104516">
				<ele>12.560439107008278</ele>
				<time>2023-05-08T16:32:28Z</time>
			</trkpt>
			<trkpt lat="59.94076825502754" lon="30.27011514221735">
				<ele>13.128767513670027</ele>
				<time>2023-05-08T16:32:29Z</time>
			</trkpt>
			<trkpt lat="59.940773501599146" lon="30.270153820290084">
				<ele>13.714677456766367</ele>
				<time>2023-05-08T16:32:30Z</time>
			</trkpt>
			<trkpt lat="59.9407805233106" lon="30.270195306488798">
				<ele>11.668081532232463</ele>
				<time>2023-05-08T16:32:32Z</time>
			</trkpt>
			<trkpt lat="59.94078787633152" lon="30.270239852749754">
				<ele>12.271406311541796</ele>
				<time>2023-05-08T16:32:34Z</time>
			</trkpt>
			<trkpt lat="59.94079881969576" lon="30.270297675535804">
				<ele>13.254369613714516</ele>
				<time>2023-05-08T16:32:36Z</time>
			</trkpt>
			<trkpt lat="59.94079798774892" lon="30.270337844759034">
				<ele>12.547998057678342</ele>
				<time>2023-05-08T16:32:37Z</time>
			</trkpt>
			<trkpt lat="59.940815553780055" lon="30.270360117366785">
				<ele>12.950715653598309</ele>
				<time>2023-05-08T16:32:39Z</time>
			</trkpt>
			<trkpt lat="59.940832272569004" lon="30.27041053406252">
				<ele>13.60952605586499</ele>
				<time>2023-05-08T16:32:41Z</time>
			</trkpt>
			<trkpt lat="59.94083855411886" lon="30.2704459570875">
				<ele>13.963901580311358</ele>
				<time>2023-05-08T16:32:42Z</time>
			</trkpt>
			<trkpt lat="59.94085604748656" lon="30.270474189014053">
				<ele>12.36030837520957</ele>
				<time>2023-05-08T16:32:45Z</time>
			</trkpt>
			<trkpt lat="59.94088077166903" lon="30.270511753660426">
				<ele>12.164995171129704</ele>
				<time>2023-05-08T16:32:47Z</time>
			</trkpt>
			<trkpt lat="59.94088520490536" lon="30.27056980716145">
				<ele>12.693755749613047</ele>
				<time>2023-05-08T16:32:49Z</time>
			</trkpt>
			<trkpt lat="59.940893899833036" lon="30.270613406538374">
				<ele>11.973300320096314</ele>
				<time>2023-05-08T16:32:50Z</time>
			</trkpt>
			<trkpt lat="59.94089490137355" lon="30.270671484176802">
				<ele>12.403997330926359</ele>
				<time>2023-05-08T16:32:52Z</time>
			</trkpt>
			<trkpt lat="59.940909292574524" lon="30.270705246552637">
				<ele>12.074887730181217</ele>
				<time>2023-05-08T16:32:54Z</time>
			</trkpt>
			<trkpt lat="59.94093132946312" lon="30.27073412464351">
				<ele>10.576268239878118</ele>
				<time>2023-05-08T16:32:56Z</time>
			</trkpt>
			<trkpt lat="59.94096266393354" lon="30.27073201773042">
				<ele>9.845221607014537</ele>
				<time>2023-05-08T16:32:57Z</time>
			</trkpt>
			<trkpt lat="59.94098650261081" lon="30.270754785690837">
				<ele>9.426486069336534</ele>
				<time>2023-05-08T16:32:59Z</time>
			</trkpt>
			<trkpt lat="59.94102164777023" lon="30.270784206969108">
				<ele>7.660314850509167</ele>
				<time>2023-05-08T16:33:02Z</time>
			</trkpt>
			<trkpt lat="59.94102083868457" lon="30.270835318767112">
				<ele>7.196184345521033</ele>
				<time>2023-05-08T16:33:04Z</time>
			</trkpt>
			<trkpt lat="59.9410351951276" lon="30.27086663428855">
				<ele>6.789324287325144</ele>
				<time>2023-05-08T16:33:05Z</time>
			</trkpt>
			<trkpt lat="59.94105164179683" lon="30.270914667259685">
				<ele>5.796257966198027</ele>
				<time>2023-05-08T16:33:07Z</time>
			</trkpt>
			<trkpt lat="59.941061782267724" lon="30.270952787361352">
				<ele>7.268350332975388</ele>
				<time>2023-05-08T16:33:09Z</time>
			</trkpt>
			<trkpt lat="59.94108075502855" lon="30.270960375915692">
				<ele>7.706444505602121</ele>
				<time>2023-05-08T16:33:10Z</time>
			</trkpt>
			<trkpt lat="59.941080874488925" lon="30.270922312273665">
				<ele>9.680227083154023</ele>
				<time>2023-05-08T16:33:15Z</time>
			</trkpt>
			<trkpt lat="59.9411045358381" lon="30.270938547402896">
				<ele>9.455275159329176</ele>
				<time>2023-05-08T16:33:16Z</time>
			</trkpt>
			<trkpt lat="59.9411270739628" lon="30.270893445435785">
				<ele>8.668271211907268</ele>
				<time>2023-05-08T16:33:17Z</time>
			</trkpt>
			<trkpt lat="59.94115370398437" lon="30.27085125001647">
				<ele>6.645677254535258</ele>
				<time>2023-05-08T16:33:19Z</time>
			</trkpt>
			<trkpt lat="59.94118207803494" lon="30.270849628901566">
				<ele>5.674812161363661</ele>
				<time>2023-05-08T16:33:21Z</time>
			</trkpt>
			<trkpt lat="59.94120493418924" lon="30.270806056461225">
				<ele>5.180312250740826</ele>
				<time>2023-05-08T16:33:23Z</time>
			</trkpt>
			<trkpt lat="59.94123032402298" lon="30.270760862928263">
				<ele>5.578673608601093</ele>
				<time>2023-05-08T16:33:25Z</time>
			</trkpt>
			<trkpt lat="59.94127574623197" lon="30.27078092665993">
				<ele>3.2314446279779077</ele>
				<time>2023-05-08T16:33:27Z</time>
			</trkpt>
			<trkpt lat="59.94129998916497" lon="30.27076631967766">
				<ele>1.4306208435446024</ele>
				<time>2023-05-08T16:33:29Z</time>
			</trkpt>
			<trkpt lat="59.941322716521796" lon="30.270760718868512">
				<ele>-0.23767602164298296</ele>
				<time>2023-05-08T16:33:31Z</time>
			</trkpt>
			<trkpt lat="59.94134262805541" lon="30.27073113293226">
				<ele>0.2561016585677862</ele>
				<time>2023-05-08T16:33:33Z</time>
			</trkpt>
			<trkpt lat="59.941362613979486" lon="30.27070626759794">
				<ele>0.3085710573941469</ele>
				<time>2023-05-08T16:33:35Z</time>
			</trkpt>
			<trkpt lat="59.94138709520852" lon="30.270696528222448">
				<ele>0.29748848732560873</ele>
				<time>2023-05-08T16:33:37Z</time>
			</trkpt>
			<trkpt lat="59.94140775809695" lon="30.270680894037184">
				<ele>-0.2971700457856059</ele>
				<time>2023-05-08T16:33:39Z</time>
			</trkpt>
			<trkpt lat="59.94143719745021" lon="30.270667196767512">
				<ele>-1.5272357501089573</ele>
				<time>2023-05-08T16:33:41Z</time>
			</trkpt>
			<trkpt lat="59.94145949356835" lon="30.27066777026827">
				<ele>-2.206670915707946</ele>
				<time>2023-05-08T16:33:42Z</time>
			</trkpt>
			<trkpt lat="59.94148243883759" lon="30.270646130351597">
				<ele>-1.1381710413843393</ele>
				<time>2023-05-08T16:33:44Z</time>
			</trkpt>
			<trkpt lat="59.94150147109922" lon="30.27065147630069">
				<ele>-1.7825882527977228</ele>
				<time>2023-05-08T16:33:45Z</time>
			</trkpt>
			<trkpt lat="59.94152684868923" lon="30.27061577840218">
				<ele>-1.8335115928202868</ele>
				<time>2023-05-08T16:33:48Z</time>
			</trkpt>
			<trkpt lat="59.9415542089636" lon="30.270575856658514">
				<ele>-1.4950105072930455</ele>
				<time>2023-05-08T16:33:50Z</time>
			</trkpt>
			<trkpt lat="59.94157421932183" lon="30.27054112299186">
				<ele>-1.8447639774531126</ele>
				<time>2023-05-08T16:33:52Z</time>
			</trkpt>
			<trkpt lat="59.94159932965533" lon="30.270524632217867">
				<ele>-3.4700461830943823</ele>
				<time>2023-05-08T16:33:54Z</time>
			</trkpt>
			<trkpt lat="59.9415943678578" lon="30.27048321602874">
				<ele>-2.7818070854991674</ele>
				<time>2023-05-08T16:33:55Z</time>
			</trkpt>
			<trkpt lat="59.941619496190285" lon="30.270440111665355">
				<ele>-3.4912563050165772</ele>
				<time>2023-05-08T16:33:57Z</time>
			</trkpt>
			<trkpt lat="59.94164318900635" lon="30.270412890652043">
				<ele>-5.3972015511244535</ele>
				<time>2023-05-08T16:33:59Z</time>
			</trkpt>
			<trkpt lat="59.94165435904306" lon="30.270377227115887">
				<ele>-2.952750808559358</ele>
				<time>2023-05-08T16:34:01Z</time>
			</trkpt>
			<trkpt lat="59.94166129635334" lon="30.27033407603557">
				<ele>0.16571920551359653</ele>
				<time>2023-05-08T16:34:03Z</time>
			</trkpt>
			<trkpt lat="59.94168464795427" lon="30.27032410555549">
				<ele>-0.20497546158730984</ele>
				<time>2023-05-08T16:34:04Z</time>
			</trkpt>
			<trkpt lat="59.94167208223245" lon="30.270257385652997">
				<ele>1.4908484183251858</ele>
				<time>2023-05-08T16:34:05Z</time>
			</trkpt>
			<trkpt lat="59.94167631442526" lon="30.270221377533662">
				<ele>1.354671835899353</ele>
				<time>2023-05-08T16:34:06Z</time>
			</trkpt>
			<trkpt lat="59.941706850507764" lon="30.270195334520483">
				<ele>2.52075482532382</ele>
				<time>2023-05-08T16:34:09Z</time>
			</trkpt>
			<trkpt lat="59.941695158811974" lon="30.27012940394289">
				<ele>3.595851785503328</ele>
				<time>2023-05-08T16:34:10Z</time>
			</trkpt>
			<trkpt lat="59.94171860334022" lon="30.270108437618745">
				<ele>2.7683818731456995</ele>
				<time>2023-05-08T16:34:11Z</time>
			</trkpt>
			<trkpt lat="59.94171053374078" lon="30.270059623621577">
				<ele>2.4115089820697904</ele>
				<time>2023-05-08T16:34:12Z</time>
			</trkpt>
			<trkpt lat="59.94172130499157" lon="30.270010274462813">
				<ele>3.311072239652276</ele>
				<time>2023-05-08T16:34:14Z</time>
			</trkpt>
			<trkpt lat="59.94174477971624" lon="30.27004108902911">
				<ele>3.1832435419782996</ele>
				<time>2023-05-08T16:34:15Z</time>
			</trkpt>
			<trkpt lat="59.94177347708243" lon="30.270010759721725">
				<ele>2.825920050032437</ele>
				<time>2023-05-08T16:34:17Z</time>
			</trkpt>
			<trkpt lat="59.94179656095148" lon="30.270026976238935">
				<ele>2.5876856967806816</ele>
				<time>2023-05-08T16:34:18Z</time>
			</trkpt>
			<trkpt lat="59.94178273435457" lon="30.26996491550691">
				<ele>3.150640563108027</ele>
				<time>2023-05-08T16:34:19Z</time>
			</trkpt>
			<trkpt lat="59.941809901234485" lon="30.26994907798768">
				<ele>4.709026534110308</ele>
				<time>2023-05-08T16:34:21Z</time>
			</trkpt>
			<trkpt lat="59.94183772694648" lon="30.269929486553323">
				<ele>5.833848658017814</ele>
				<time>2023-05-08T16:34:23Z</time>
			</trkpt>
			<trkpt lat="59.9418881001023" lon="30.269917609261423">
				<ele>3.1547403167933226</ele>
				<time>2023-05-08T16:34:25Z</time>
			</trkpt>
			<trkpt lat="59.941907870944526" lon="30.269933945802116">
				<ele>0.29058141354471445</ele>
				<time>2023-05-08T16:34:28Z</time>
			</trkpt>
			<trkpt lat="59.94194071871745" lon="30.269949446066246">
				<ele>-1.8347502909600735</ele>
				<time>2023-05-08T16:34:31Z</time>
			</trkpt>
			<trkpt lat="59.9419728877517" lon="30.269991897249046">
				<ele>-3.1541529335081577</ele>
				<time>2023-05-08T16:34:32Z</time>
			</trkpt>
			<trkpt lat="59.9419967627575" lon="30.270000510893954">
				<ele>-3.497885870747268</ele>
				<time>2023-05-08T16:34:34Z</time>
			</trkpt>
			<trkpt lat="59.94201990743121" lon="30.270008172833283">
				<ele>-3.5723627284169197</ele>
				<time>2023-05-08T16:34:35Z</time>
			</trkpt>
			<trkpt lat="59.94203785934809" lon="30.27001597934443">
				<ele>-2.598129785619676</ele>
				<time>2023-05-08T16:34:36Z</time>
			</trkpt>
			<trkpt lat="59.94200365503944" lon="30.269863039280875">
				<ele>1.8698858553543687</ele>
				<time>2023-05-08T16:34:38Z</time>
			</trkpt>
			<trkpt lat="59.94203059246324" lon="30.269889139305686">
				<ele>2.056640973314643</ele>
				<time>2023-05-08T16:34:39Z</time>
			</trkpt>
			<trkpt lat="59.94206289138533" lon="30.269888425837575">
				<ele>1.0886954991146922</ele>
				<time>2023-05-08T16:34:41Z</time>
			</trkpt>
			<trkpt lat="59.94208651106773" lon="30.269885048964177">
				<ele>-1.9186278255656362</ele>
				<time>2023-05-08T16:34:43Z</time>
			</trkpt>
			<trkpt lat="59.94210988188838" lon="30.269898339644996">
				<ele>-1.6251791464164853</ele>
				<time>2023-05-08T16:34:44Z</time>
			</trkpt>
			<trkpt lat="59.94212941166051" lon="30.26988183006936">
				<ele>-0.9514625333249569</ele>
				<time>2023-05-08T16:34:46Z</time>
			</trkpt>
			<trkpt lat="59.94214549237743" lon="30.26985858602294">
				<ele>-0.7943585896864533</ele>
				<time>2023-05-08T16:34:47Z</time>
			</trkpt>
			<trkpt lat="59.94216790352965" lon="30.269849185001053">
				<ele>-1.0179262598976493</ele>
				<time>2023-05-08T16:34:49Z</time>
			</trkpt>
			<trkpt lat="59.94219682646603" lon="30.269860523040844">
				<ele>-1.0285205086693168</ele>
				<time>2023-05-08T16:34:51Z</time>
			</trkpt>
			<trkpt lat="59.94222423217089" lon="30.269844885328844">
				<ele>0.5306872073560953</ele>
				<time>2023-05-08T16:34:53Z</time>
			</trkpt>
			<trkpt lat="59.94225615593503" lon="30.26983665941773">
				<ele>1.5884386682882905</ele>
				<time>2023-05-08T16:34:55Z</time>
			</trkpt>
			<trkpt lat="59.94229374400302" lon="30.26983515481543">
				<ele>0.37865837942808867</ele>
				<time>2023-05-08T16:34:57Z</time>
			</trkpt>
			<trkpt lat="59.94231414029936" lon="30.26983539799833">
				<ele>-0.03868668247014284</ele>
				<time>2023-05-08T16:34:58Z</time>
			</trkpt>
			<trkpt lat="59.94229511261505" lon="30.26986670875109">
				<ele>0.2937031667679548</ele>
				<time>2023-05-08T16:34:59Z</time>
			</trkpt>
			<trkpt lat="59.942271723468096" lon="30.26993229056734">
				<ele>4.7235623160377145</ele>
				<time>2023-05-08T16:35:00Z</time>
			</trkpt>
			<trkpt lat="59.94234914368855" lon="30.269949936329088">
				<ele>6.178685137070715</ele>
				<time>2023-05-08T16:35:07Z</time>
			</trkpt>
			<trkpt lat="59.9423664096221" lon="30.269938063341996">
				<ele>5.534828749485314</ele>
				<time>2023-05-08T16:35:11Z</time>
			</trkpt>
			<trkpt lat="59.942369827063" lon="30.26997960623415">
				<ele>2.5151031389832497</ele>
				<time>2023-05-08T16:35:12Z</time>
			</trkpt>
			<trkpt lat="59.94238088576627" lon="30.270017885493584">
				<ele>0.5031621819362044</ele>
				<time>2023-05-08T16:35:14Z</time>
			</trkpt>
			<trkpt lat="59.942376336881885" lon="30.270175440672453">
				<ele>3.1674439096823335</ele>
				<time>2023-05-08T16:35:15Z</time>
			</trkpt>
			<trkpt lat="59.94237730946619" lon="30.270161469182824">
				<ele>1.3318343022838235</ele>
				<time>2023-05-08T16:35:16Z</time>
			</trkpt>
			<trkpt lat="59.942394627756386" lon="30.270176449464273">
				<ele>1.4095100043341517</ele>
				<time>2023-05-08T16:35:18Z</time>
			</trkpt>
			<trkpt lat="59.94240074790555" lon="30.27022108666639">
				<ele>3.4013229934498668</ele>
				<time>2023-05-08T16:35:20Z</time>
			</trkpt>
			<trkpt lat="59.94241466445114" lon="30.270251895210485">
				<ele>4.907575523480773</ele>
				<time>2023-05-08T16:35:22Z</time>
			</trkpt>
			<trkpt lat="59.9424273266583" lon="30.27028212752737">
				<ele>2.70922271348536</ele>
				<time>2023-05-08T16:35:24Z</time>
			</trkpt>
			<trkpt lat="59.94249082262777" lon="30.27040575339551">
				<ele>3.7595201125368476</ele>
				<time>2023-05-08T16:35:33Z</time>
			</trkpt>
			<trkpt lat="59.94250538856462" lon="30.270439276319333">
				<ele>5.89769184961915</ele>
				<time>2023-05-08T16:35:35Z</time>
			</trkpt>
			<trkpt lat="59.94250805521631" lon="30.270475169957336">
				<ele>4.834506595507264</ele>
				<time>2023-05-08T16:35:38Z</time>
			</trkpt>
			<trkpt lat="59.9424941900297" lon="30.270438729915043">
				<ele>4.561266287229955</ele>
				<time>2023-05-08T16:35:39Z</time>
			</trkpt>
			<trkpt lat="59.942462642058295" lon="30.27036869913902">
				<ele>4.986574866808951</ele>
				<time>2023-05-08T16:35:55Z</time>
			</trkpt>
			<trkpt lat="59.94237707880448" lon="30.270488678639307">
				<ele>7.490521252155304</ele>
				<time>2023-05-08T16:35:56Z</time>
			</trkpt>
			<trkpt lat="59.94237370076116" lon="30.270439070223937">
				<ele>6.9679895751178265</ele>
				<time>2023-05-08T16:35:58Z</time>
			</trkpt>
			<trkpt lat="59.94234234284401" lon="30.270341656732942">
				<ele>6.017402747645974</ele>
				<time>2023-05-08T16:35:59Z</time>
			</trkpt>
			<trkpt lat="59.94231368886019" lon="30.270260550251816">
				<ele>5.2457414874807</ele>
				<time>2023-05-08T16:36:00Z</time>
			</trkpt>
			<trkpt lat="59.94225020265765" lon="30.270182774452916">
				<ele>7.1152712013572454</ele>
				<time>2023-05-08T16:36:01Z</time>
			</trkpt>
			<trkpt lat="59.94223692593518" lon="30.270156769751196">
				<ele>6.534430607222021</ele>
				<time>2023-05-08T16:36:03Z</time>
			</trkpt>
			<trkpt lat="59.94221966985204" lon="30.270139595960526">
				<ele>12.665377349592745</ele>
				<time>2023-05-08T16:36:07Z</time>
			</trkpt>
			<trkpt lat="59.94219803973388" lon="30.270114926285395">
				<ele>5.830817268230021</ele>
				<time>2023-05-08T16:36:14Z</time>
			</trkpt>
			<trkpt lat="59.94219461121359" lon="30.269806781337103">
				<ele>7.368655274622142</ele>
				<time>2023-05-08T16:36:16Z</time>
			</trkpt>
			<trkpt lat="59.942203665233755" lon="30.269680116759417">
				<ele>6.240424103103578</ele>
				<time>2023-05-08T16:36:17Z</time>
			</trkpt>
			<trkpt lat="59.94218039832226" lon="30.269688922690236">
				<ele>3.7165079256519675</ele>
				<time>2023-05-08T16:36:18Z</time>
			</trkpt>
			<trkpt lat="59.94219854638639" lon="30.269660402404703">
				<ele>3.921170978806913</ele>
				<time>2023-05-08T16:36:20Z</time>
			</trkpt>
			<trkpt lat="59.94221618596461" lon="30.269639476230545">
				<ele>3.1338528962805867</ele>
				<time>2023-05-08T16:36:21Z</time>
			</trkpt>
			<trkpt lat="59.94224166423378" lon="30.26960766743503">
				<ele>2.047352956607938</ele>
				<time>2023-05-08T16:36:23Z</time>
			</trkpt>
			<trkpt lat="59.94226244808042" lon="30.269590384248353">
				<ele>2.74403762165457</ele>
				<time>2023-05-08T16:36:24Z</time>
			</trkpt>
			<trkpt lat="59.94230832824131" lon="30.26960899310897">
				<ele>2.354069103486836</ele>
				<time>2023-05-08T16:36:26Z</time>
			</trkpt>
			<trkpt lat="59.942326825733566" lon="30.269580895327433">
				<ele>2.8048975793644786</ele>
				<time>2023-05-08T16:36:28Z</time>
			</trkpt>
			<trkpt lat="59.9423530605802" lon="30.269618334093845">
				<ele>2.5470462748780847</ele>
				<time>2023-05-08T16:36:29Z</time>
			</trkpt>
			<trkpt lat="59.942383600641065" lon="30.269630761916396">
				<ele>-0.28992335963994265</ele>
				<time>2023-05-08T16:36:31Z</time>
			</trkpt>
			<trkpt lat="59.942394878750264" lon="30.269602301381834">
				<ele>-0.542236378416419</ele>
				<time>2023-05-08T16:36:33Z</time>
			</trkpt>
			<trkpt lat="59.942418981085325" lon="30.269591386473657">
				<ele>-0.7866216003894806</ele>
				<time>2023-05-08T16:36:35Z</time>
			</trkpt>
			<trkpt lat="59.9424438845612" lon="30.26957079094435">
				<ele>-2.100874027237296</ele>
				<time>2023-05-08T16:36:37Z</time>
			</trkpt>
			<trkpt lat="59.942469042085456" lon="30.269537543072524">
				<ele>0.09877111669629812</ele>
				<time>2023-05-08T16:36:39Z</time>
			</trkpt>
			<trkpt lat="59.9424910034571" lon="30.269508511067684">
				<ele>-0.19627115316689014</ele>
				<time>2023-05-08T16:36:41Z</time>
			</trkpt>
			<trkpt lat="59.942508554572534" lon="30.26947816120877">
				<ele>-0.22192901466041803</ele>
				<time>2023-05-08T16:36:43Z</time>
			</trkpt>
			<trkpt lat="59.942528527745566" lon="30.269451807103483">
				<ele>2.3412836333736777</ele>
				<time>2023-05-08T16:36:45Z</time>
			</trkpt>
			<trkpt lat="59.94254060089271" lon="30.26940204276343">
				<ele>3.3191362200304866</ele>
				<time>2023-05-08T16:36:47Z</time>
			</trkpt>
			<trkpt lat="59.94256535726214" lon="30.269374126811016">
				<ele>3.457475572824478</ele>
				<time>2023-05-08T16:36:49Z</time>
			</trkpt>
			<trkpt lat="59.942585391928915" lon="30.26933398095345">
				<ele>1.9689727211371064</ele>
				<time>2023-05-08T16:36:51Z</time>
			</trkpt>
			<trkpt lat="59.94260986294379" lon="30.26931572392364">
				<ele>-0.33116254676133394</ele>
				<time>2023-05-08T16:36:53Z</time>
			</trkpt>
			<trkpt lat="59.94261621435344" lon="30.269269436490564">
				<ele>-1.4919740045443177</ele>
				<time>2023-05-08T16:36:55Z</time>
			</trkpt>
			<trkpt lat="59.94264177366826" lon="30.26928077401374">
				<ele>-1.7787775741890073</ele>
				<time>2023-05-08T16:36:56Z</time>
			</trkpt>
			<trkpt lat="59.942671002381665" lon="30.269263147026017">
				<ele>-0.6468684831634164</ele>
				<time>2023-05-08T16:36:58Z</time>
			</trkpt>
			<trkpt lat="59.94269865928156" lon="30.269241258405902">
				<ele>-1.214080615900457</ele>
				<time>2023-05-08T16:37:00Z</time>
			</trkpt>
			<trkpt lat="59.94273004547574" lon="30.269233664368933">
				<ele>-1.5260030068457127</ele>
				<time>2023-05-08T16:37:02Z</time>
			</trkpt>
			<trkpt lat="59.942752539469964" lon="30.269245483005317">
				<ele>-1.0959508521482348</ele>
				<time>2023-05-08T16:37:03Z</time>
			</trkpt>
			<trkpt lat="59.94278698935817" lon="30.269258706679295">
				<ele>-1.0544539522379637</ele>
				<time>2023-05-08T16:37:05Z</time>
			</trkpt>
			<trkpt lat="59.942808488535015" lon="30.269230805557367">
				<ele>-1.2298002764582634</ele>
				<time>2023-05-08T16:37:07Z</time>
			</trkpt>
			<trkpt lat="59.94282655270839" lon="30.269248563864895">
				<ele>-1.500247159972787</ele>
				<time>2023-05-08T16:37:08Z</time>
			</trkpt>
			<trkpt lat="59.942834733585556" lon="30.269205716772284">
				<ele>-2.1605681143701077</ele>
				<time>2023-05-08T16:37:10Z</time>
			</trkpt>
			<trkpt lat="59.94285999689959" lon="30.269176914365787">
				<ele>-3.650390114635229</ele>
				<time>2023-05-08T16:37:12Z</time>
			</trkpt>
			<trkpt lat="59.94288221526277" lon="30.269148213727757">
				<ele>-2.5370408976450562</ele>
				<time>2023-05-08T16:37:14Z</time>
			</trkpt>
			<trkpt lat="59.94290201496125" lon="30.269142289177765">
				<ele>-0.9899983769282699</ele>
				<time>2023-05-08T16:37:15Z</time>
			</trkpt>
			<trkpt lat="59.942918676828334" lon="30.269114713015604">
				<ele>-2.103895355015993</ele>
				<time>2023-05-08T16:37:17Z</time>
			</trkpt>
			<trkpt lat="59.94293895212789" lon="30.26906953365525">
				<ele>-2.671370105817914</ele>
				<time>2023-05-08T16:37:19Z</time>
			</trkpt>
			<trkpt lat="59.942960335779034" lon="30.269027111813802">
				<ele>-3.340538928285241</ele>
				<time>2023-05-08T16:37:22Z</time>
			</trkpt>
			<trkpt lat="59.94294635732689" lon="30.268961063276805">
				<ele>-3.9694196926429868</ele>
				<time>2023-05-08T16:37:23Z</time>
			</trkpt>
			<trkpt lat="59.94296059578549" lon="30.268917101929862">
				<ele>-4.910982731729746</ele>
				<time>2023-05-08T16:37:25Z</time>
			</trkpt>
			<trkpt lat="59.94298412394943" lon="30.268918725322504">
				<ele>-3.1346233561635017</ele>
				<time>2023-05-08T16:37:26Z</time>
			</trkpt>
			<trkpt lat="59.943010937326086" lon="30.268893322708156">
				<ele>-0.38505943305790424</ele>
				<time>2023-05-08T16:37:29Z</time>
			</trkpt>
			<trkpt lat="59.94303167689585" lon="30.268888437791215">
				<ele>2.3346833949908614</ele>
				<time>2023-05-08T16:37:30Z</time>
			</trkpt>
			<trkpt lat="59.94305164916971" lon="30.268879592500316">
				<ele>-1.1422446444630623</ele>
				<time>2023-05-08T16:37:32Z</time>
			</trkpt>
			<trkpt lat="59.94308407387021" lon="30.26885668831488">
				<ele>-2.7737591173499823</ele>
				<time>2023-05-08T16:37:34Z</time>
			</trkpt>
			<trkpt lat="59.943107666545124" lon="30.268834431300494">
				<ele>-3.3108337288722396</ele>
				<time>2023-05-08T16:37:35Z</time>
			</trkpt>
			<trkpt lat="59.94313868146515" lon="30.268813520767633">
				<ele>-1.8765701819211245</ele>
				<time>2023-05-08T16:37:37Z</time>
			</trkpt>
			<trkpt lat="59.943115776196585" lon="30.26907966008002">
				<ele>-0.8416972355917096</ele>
				<time>2023-05-08T16:37:38Z</time>
			</trkpt>
			<trkpt lat="59.94310943047887" lon="30.26915229250286">
				<ele>-1.0405254485085607</ele>
				<time>2023-05-08T16:37:39Z</time>
			</trkpt>
			<trkpt lat="59.94314940666546" lon="30.269154562992835">
				<ele>0.2505150195211172</ele>
				<time>2023-05-08T16:37:41Z</time>
			</trkpt>
			<trkpt lat="59.943167553147966" lon="30.269199559217416">
				<ele>3.3073998922482133</ele>
				<time>2023-05-08T16:37:43Z</time>
			</trkpt>
			<trkpt lat="59.94316863267119" lon="30.269239014354607">
				<ele>4.785803513601422</ele>
				<time>2023-05-08T16:37:44Z</time>
			</trkpt>
			<trkpt lat="59.94315870138927" lon="30.26928468105795">
				<ele>4.3676269901916385</ele>
				<time>2023-05-08T16:37:46Z</time>
			</trkpt>
			<trkpt lat="59.943127328396024" lon="30.26935048760369">
				<ele>3.8226182498037815</ele>
				<time>2023-05-08T16:37:47Z</time>
			</trkpt>
			<trkpt lat="59.94311601447138" lon="30.269412393195523">
				<ele>4.307903724722564</ele>
				<time>2023-05-08T16:37:49Z</time>
			</trkpt>
			<trkpt lat="59.94309621419178" lon="30.2694644857527">
				<ele>8.328789209015667</ele>
				<time>2023-05-08T16:37:50Z</time>
			</trkpt>
			<trkpt lat="59.94308464441804" lon="30.26949679475248">
				<ele>6.973679787479341</ele>
				<time>2023-05-08T16:37:52Z</time>
			</trkpt>
			<trkpt lat="59.94307445244768" lon="30.26946555790333">
				<ele>7.541663822717965</ele>
				<time>2023-05-08T16:37:54Z</time>
			</trkpt>
			<trkpt lat="59.94308185369454" lon="30.26941732798806">
				<ele>7.363195601850748</ele>
				<time>2023-05-08T16:37:56Z</time>
			</trkpt>
			<trkpt lat="59.94309515616057" lon="30.269389727966733">
				<ele>6.323989876545966</ele>
				<time>2023-05-08T16:38:07Z</time>
			</trkpt>
			<trkpt lat="59.943076638557635" lon="30.269390587280718">
				<ele>7.243350953795016</ele>
				<time>2023-05-08T16:38:09Z</time>
			</trkpt>
			<trkpt lat="59.94300945243824" lon="30.269502352583192">
				<ele>13.210027288645506</ele>
				<time>2023-05-08T16:38:37Z</time>
			</trkpt>
			<trkpt lat="59.94301237961739" lon="30.269569456895127">
				<ele>15.160928014665842</ele>
				<time>2023-05-08T16:38:38Z</time>
			</trkpt>
			<trkpt lat="59.94304184339387" lon="30.269560904130767">
				<ele>13.315023640170693</ele>
				<time>2023-05-08T16:38:39Z</time>
			</trkpt>
			<trkpt lat="59.943071083112464" lon="30.269576313574234">
				<ele>15.270642306655645</ele>
				<time>2023-05-08T16:38:41Z</time>
			</trkpt>
			<trkpt lat="59.943093272225525" lon="30.269606045966807">
				<ele>15.206827986985445</ele>
				<time>2023-05-08T16:38:43Z</time>
			</trkpt>
			<trkpt lat="59.94311796555438" lon="30.269665053847895">
				<ele>15.97876191418618</ele>
				<time>2023-05-08T16:38:45Z</time>
			</trkpt>
			<trkpt lat="59.943152530624694" lon="30.269698557447807">
				<ele>19.3948283335194</ele>
				<time>2023-05-08T16:38:47Z</time>
			</trkpt>
			<trkpt lat="59.943167951197424" lon="30.269754424323448">
				<ele>15.497393084689975</ele>
				<time>2023-05-08T16:38:49Z</time>
			</trkpt>
			<trkpt lat="59.94319295927343" lon="30.269773618130152">
				<ele>13.275880761444569</ele>
				<time>2023-05-08T16:38:51Z</time>
			</trkpt>
			<trkpt lat="59.94323517589727" lon="30.269786152318883">
				<ele>12.654593338258564</ele>
				<time>2023-05-08T16:38:53Z</time>
			</trkpt>
			<trkpt lat="59.943237691568655" lon="30.269839193449165">
				<ele>17.88293714914471</ele>
				<time>2023-05-08T16:38:54Z</time>
			</trkpt>
			<trkpt lat="59.94325709722232" lon="30.269853402240567">
				<ele>17.936269411817193</ele>
				<time>2023-05-08T16:38:56Z</time>
			</trkpt>
			<trkpt lat="59.94322950785632" lon="30.26979901106222">
				<ele>13.487526279874146</ele>
				<time>2023-05-08T16:38:59Z</time>
			</trkpt>
			<trkpt lat="59.943220183789684" lon="30.269752588443172">
				<ele>12.063832729123533</ele>
				<time>2023-05-08T16:39:00Z</time>
			</trkpt>
			<trkpt lat="59.94320587840988" lon="30.26972588989325">
				<ele>11.710675856098533</ele>
				<time>2023-05-08T16:39:01Z</time>
			</trkpt>
			<trkpt lat="59.94318615030211" lon="30.269709382351152">
				<ele>11.479150001890957</ele>
				<time>2023-05-08T16:39:02Z</time>
			</trkpt>
			<trkpt lat="59.943170052675825" lon="30.269655633859298">
				<ele>12.773140949197114</ele>
				<time>2023-05-08T16:39:04Z</time>
			</trkpt>
			<trkpt lat="59.94316658799305" lon="30.269620393406974">
				<ele>13.627635001204908</ele>
				<time>2023-05-08T16:39:05Z</time>
			</trkpt>
			<trkpt lat="59.94317039859297" lon="30.269557150712203">
				<ele>11.196553818881512</ele>
				<time>2023-05-08T16:39:06Z</time>
			</trkpt>
			<trkpt lat="59.94315154672116" lon="30.26957682277434">
				<ele>10.743779907934368</ele>
				<time>2023-05-08T16:39:07Z</time>
			</trkpt>
			<trkpt lat="59.94314088164288" lon="30.269533456515774">
				<ele>11.550731832161546</ele>
				<time>2023-05-08T16:39:09Z</time>
			</trkpt>
			<trkpt lat="59.94312165634279" lon="30.2695241622056">
				<ele>12.98912919871509</ele>
				<time>2023-05-08T16:39:10Z</time>
			</trkpt>
			<trkpt lat="59.94310760376073" lon="30.26949632187974">
				<ele>16.599331594072282</ele>
				<time>2023-05-08T16:39:14Z</time>
			</trkpt>
			<trkpt lat="59.943109470735706" lon="30.26944095399388">
				<ele>12.72236171271652</ele>
				<time>2023-05-08T16:39:16Z</time>
			</trkpt>
			<trkpt lat="59.94309225514588" lon="30.269425690964432">
				<ele>14.922941936179996</ele>
				<time>2023-05-08T16:39:18Z</time>
			</trkpt>
			<trkpt lat="59.943074776128846" lon="30.26937177015142">
				<ele>15.0779561502859</ele>
				<time>2023-05-08T16:39:21Z</time>
			</trkpt>
			<trkpt lat="59.94306425401886" lon="30.269314397198176">
				<ele>13.884865725412965</ele>
				<time>2023-05-08T16:39:23Z</time>
			</trkpt>
			<trkpt lat="59.94304724676026" lon="30.269258549547775">
				<ele>12.19788422435522</ele>
				<time>2023-05-08T16:39:26Z</time>
			</trkpt>
			<trkpt lat="59.94302954196225" lon="30.269248146742182">
				<ele>12.682895319536328</ele>
				<time>2023-05-08T16:39:27Z</time>
			</trkpt>
			<trkpt lat="59.94301626945747" lon="30.26918949054986">
				<ele>12.756372913718224</ele>
				<time>2023-05-08T16:39:29Z</time>
			</trkpt>
			<trkpt lat="59.94301838336862" lon="30.26913878734233">
				<ele>13.673905626870692</ele>
				<time>2023-05-08T16:39:33Z</time>
			</trkpt>
			<trkpt lat="59.94301215547053" lon="30.269102371513398">
				<ele>14.296573024243116</ele>
				<time>2023-05-08T16:39:37Z</time>
			</trkpt>
			<trkpt lat="59.943026327533296" lon="30.26902476707831">
				<ele>13.025197388604283</ele>
				<time>2023-05-08T16:39:39Z</time>
			</trkpt>
			<trkpt lat="59.943045144326234" lon="30.268966309189146">
				<ele>13.322227668017149</ele>
				<time>2023-05-08T16:39:40Z</time>
			</trkpt>
			<trkpt lat="59.94302380646468" lon="30.268999874252987">
				<ele>9.933191357180476</ele>
				<time>2023-05-08T16:39:41Z</time>
			</trkpt>
			<trkpt lat="59.94303424689685" lon="30.268952106353566">
				<ele>8.987417402677238</ele>
				<time>2023-05-08T16:39:42Z</time>
			</trkpt>
			<trkpt lat="59.94304931460727" lon="30.268905742531">
				<ele>7.238964002579451</ele>
				<time>2023-05-08T16:39:43Z</time>
			</trkpt>
			<trkpt lat="59.94306449995573" lon="30.268882041410567">
				<ele>6.872692323289812</ele>
				<time>2023-05-08T16:39:44Z</time>
			</trkpt>
			<trkpt lat="59.94306952688748" lon="30.26881190665892">
				<ele>5.641764820553362</ele>
				<time>2023-05-08T16:39:46Z</time>
			</trkpt>
			<trkpt lat="59.94308379761639" lon="30.26877249177337">
				<ele>5.022961848415434</ele>
				<time>2023-05-08T16:39:48Z</time>
			</trkpt>
			<trkpt lat="59.94308917691124" lon="30.268726615124784">
				<ele>3.8149148765951395</ele>
				<time>2023-05-08T16:39:51Z</time>
			</trkpt>
			<trkpt lat="59.94306780996475" lon="30.26862080410739">
				<ele>4.818830898031592</ele>
				<time>2023-05-08T16:39:53Z</time>
			</trkpt>
			<trkpt lat="59.943085161916414" lon="30.268567172368126">
				<ele>2.9942449554800987</ele>
				<time>2023-05-08T16:39:55Z</time>
			</trkpt>
			<trkpt lat="59.943114288774055" lon="30.26854197101571">
				<ele>2.087349315173924</ele>
				<time>2023-05-08T16:39:57Z</time>
			</trkpt>
			<trkpt lat="59.94306524887187" lon="30.26840406036987">
				<ele>3.8081181244924664</ele>
				<time>2023-05-08T16:39:58Z</time>
			</trkpt>
			<trkpt lat="59.94305887287011" lon="30.26832888584932">
				<ele>4.7789890598505735</ele>
				<time>2023-05-08T16:39:59Z</time>
			</trkpt>
			<trkpt lat="59.943080695644994" lon="30.268339242789533">
				<ele>4.920716478489339</ele>
				<time>2023-05-08T16:40:00Z</time>
			</trkpt>
			<trkpt lat="59.943145423918935" lon="30.268356269310676">
				<ele>6.19035688508302</ele>
				<time>2023-05-08T16:40:02Z</time>
			</trkpt>
			<trkpt lat="59.94315838663239" lon="30.268327725033934">
				<ele>6.6634439984336495</ele>
				<time>2023-05-08T16:40:03Z</time>
			</trkpt>
			<trkpt lat="59.94318821828803" lon="30.268355128519744">
				<ele>7.044126034714282</ele>
				<time>2023-05-08T16:40:05Z</time>
			</trkpt>
			<trkpt lat="59.94323411617144" lon="30.268369742577875">
				<ele>7.655254224315286</ele>
				<time>2023-05-08T16:40:07Z</time>
			</trkpt>
			<trkpt lat="59.943272886714546" lon="30.268375468413225">
				<ele>7.702871975488961</ele>
				<time>2023-05-08T16:40:09Z</time>
			</trkpt>
			<trkpt lat="59.94328712414332" lon="30.268345630700974">
				<ele>7.054887987673283</ele>
				<time>2023-05-08T16:40:11Z</time>
			</trkpt>
			<trkpt lat="59.94331657389634" lon="30.268339002054674">
				<ele>5.749159079045057</ele>
				<time>2023-05-08T16:40:13Z</time>
			</trkpt>
			<trkpt lat="59.94334588137527" lon="30.268308465344138">
				<ele>5.945683836936951</ele>
				<time>2023-05-08T16:40:15Z</time>
			</trkpt>
			<trkpt lat="59.94336963749514" lon="30.268291081065026">
				<ele>4.912867450155318</ele>
				<time>2023-05-08T16:40:17Z</time>
			</trkpt>
			<trkpt lat="59.943389329886934" lon="30.268248500205186">
				<ele>5.44551522936672</ele>
				<time>2023-05-08T16:40:19Z</time>
			</trkpt>
			<trkpt lat="59.94341329984093" lon="30.26825574441109">
				<ele>5.143250926397741</ele>
				<time>2023-05-08T16:40:20Z</time>
			</trkpt>
			<trkpt lat="59.94342079437648" lon="30.26821294746112">
				<ele>4.737017272040248</ele>
				<time>2023-05-08T16:40:22Z</time>
			</trkpt>
			<trkpt lat="59.94344214222309" lon="30.268188145496023">
				<ele>5.232564054429531</ele>
				<time>2023-05-08T16:40:24Z</time>
			</trkpt>
			<trkpt lat="59.94346561933621" lon="30.268188191741498">
				<ele>5.89943190664053</ele>
				<time>2023-05-08T16:40:26Z</time>
			</trkpt>
			<trkpt lat="59.94349000151366" lon="30.268181493139505">
				<ele>3.869552523829043</ele>
				<time>2023-05-08T16:40:28Z</time>
			</trkpt>
			<trkpt lat="59.94351856568202" lon="30.26816433534061">
				<ele>3.873795204795897</ele>
				<time>2023-05-08T16:40:30Z</time>
			</trkpt>
			<trkpt lat="59.94354701076178" lon="30.268147636366322">
				<ele>3.5550325186923146</ele>
				<time>2023-05-08T16:40:32Z</time>
			</trkpt>
			<trkpt lat="59.943573367209815" lon="30.268126409792146">
				<ele>2.993069777265191</ele>
				<time>2023-05-08T16:40:34Z</time>
			</trkpt>
			<trkpt lat="59.94360274217308" lon="30.268101041629738">
				<ele>2.878762347623706</ele>
				<time>2023-05-08T16:40:36Z</time>
			</trkpt>
			<trkpt lat="59.94362365012923" lon="30.268063971338147">
				<ele>3.642391711473465</ele>
				<time>2023-05-08T16:40:38Z</time>
			</trkpt>
			<trkpt lat="59.94367015386347" lon="30.26809996530155">
				<ele>2.9296332765370607</ele>
				<time>2023-05-08T16:40:40Z</time>
			</trkpt>
			<trkpt lat="59.943670378291976" lon="30.268036720887956">
				<ele>1.4355426505208015</ele>
				<time>2023-05-08T16:40:41Z</time>
			</trkpt>
			<trkpt lat="59.94368638864014" lon="30.26799046760804">
				<ele>1.1492243381217122</ele>
				<time>2023-05-08T16:40:43Z</time>
			</trkpt>
			<trkpt lat="59.94371143693028" lon="30.267974658307136">
				<ele>1.3159867292270064</ele>
				<time>2023-05-08T16:40:45Z</time>
			</trkpt>
			<trkpt lat="59.94374780730963" lon="30.268014342524406">
				<ele>-1.0709892874583602</ele>
				<time>2023-05-08T16:40:46Z</time>
			</trkpt>
			<trkpt lat="59.94376985227158" lon="30.268000429129113">
				<ele>-1.6896128980442882</ele>
				<time>2023-05-08T16:40:48Z</time>
			</trkpt>
			<trkpt lat="59.94374795210297" lon="30.267863948964262">
				<ele>-1.0937595693394542</ele>
				<time>2023-05-08T16:40:49Z</time>
			</trkpt>
			<trkpt lat="59.943777811838935" lon="30.267834621151582">
				<ele>-0.4525996604934335</ele>
				<time>2023-05-08T16:40:51Z</time>
			</trkpt>
			<trkpt lat="59.94380528775084" lon="30.26782417262842">
				<ele>-1.0228879107162356</ele>
				<time>2023-05-08T16:40:53Z</time>
			</trkpt>
			<trkpt lat="59.94383205308514" lon="30.267812461843327">
				<ele>-1.9248441765084863</ele>
				<time>2023-05-08T16:40:55Z</time>
			</trkpt>
			<trkpt lat="59.94385645053545" lon="30.267822622503473">
				<ele>-0.15018949192017317</ele>
				<time>2023-05-08T16:40:56Z</time>
			</trkpt>
			<trkpt lat="59.94388218142616" lon="30.267813842816626">
				<ele>-0.26174193155020475</ele>
				<time>2023-05-08T16:40:58Z</time>
			</trkpt>
			<trkpt lat="59.94390267159138" lon="30.267771473102627">
				<ele>-0.9818631745874882</ele>
				<time>2023-05-08T16:41:00Z</time>
			</trkpt>
			<trkpt lat="59.943919069699476" lon="30.26774459916196">
				<ele>-1.436884825117886</ele>
				<time>2023-05-08T16:41:02Z</time>
			</trkpt>
			<trkpt lat="59.94394703415239" lon="30.26772046078649">
				<ele>-2.0205078069120646</ele>
				<time>2023-05-08T16:41:04Z</time>
			</trkpt>
			<trkpt lat="59.94396791121035" lon="30.267692826381325">
				<ele>-1.6366999447345734</ele>
				<time>2023-05-08T16:41:06Z</time>
			</trkpt>
			<trkpt lat="59.94398155919902" lon="30.26766695647725">
				<ele>-0.629962895065546</ele>
				<time>2023-05-08T16:41:07Z</time>
			</trkpt>
			<trkpt lat="59.94400232105725" lon="30.26765423780615">
				<ele>0.4785457132384181</ele>
				<time>2023-05-08T16:41:09Z</time>
			</trkpt>
			<trkpt lat="59.94402769666224" lon="30.26763420332518">
				<ele>-0.042886849492788315</ele>
				<time>2023-05-08T16:41:11Z</time>
			</trkpt>
			<trkpt lat="59.94404777052528" lon="30.267599150976945">
				<ele>0.11865125875920057</ele>
				<time>2023-05-08T16:41:13Z</time>
			</trkpt>
			<trkpt lat="59.944073822205226" lon="30.267574227864873">
				<ele>0.18731761816889048</ele>
				<time>2023-05-08T16:41:15Z</time>
			</trkpt>
			<trkpt lat="59.94409149624521" lon="30.267561782619932">
				<ele>0.4486956689506769</ele>
				<time>2023-05-08T16:41:16Z</time>
			</trkpt>
			<trkpt lat="59.9441114738772" lon="30.267562145024232">
				<ele>0.10927220620214939</ele>
				<time>2023-05-08T16:41:17Z</time>
			</trkpt>
			<trkpt lat="59.9441284592044" lon="30.267524548383452">
				<ele>0.3267712788656354</ele>
				<time>2023-05-08T16:41:19Z</time>
			</trkpt>
			<trkpt lat="59.94414522198351" lon="30.2674855110019">
				<ele>-1.513416034169495</ele>
				<time>2023-05-08T16:41:21Z</time>
			</trkpt>
			<trkpt lat="59.944167330120216" lon="30.267470149098624">
				<ele>-1.0301417680457234</ele>
				<time>2023-05-08T16:41:23Z</time>
			</trkpt>
			<trkpt lat="59.94418465509043" lon="30.267455828551853">
				<ele>-1.1962213944643736</ele>
				<time>2023-05-08T16:41:25Z</time>
			</trkpt>
			<trkpt lat="59.94420438736536" lon="30.267450418582342">
				<ele>-0.3304640296846628</ele>
				<time>2023-05-08T16:41:26Z</time>
			</trkpt>
			<trkpt lat="59.94422147167014" lon="30.26743402953043">
				<ele>-0.6014456944540143</ele>
				<time>2023-05-08T16:41:27Z</time>
			</trkpt>
			<trkpt lat="59.94422881102573" lon="30.267384985173123">
				<ele>-0.24824634846299887</ele>
				<time>2023-05-08T16:41:29Z</time>
			</trkpt>
			<trkpt lat="59.9442549242871" lon="30.267375250958615">
				<ele>2.4040540819987655</ele>
				<time>2023-05-08T16:41:31Z</time>
			</trkpt>
			<trkpt lat="59.944274654327735" lon="30.26737293154358">
				<ele>0.012663922272622585</ele>
				<time>2023-05-08T16:41:35Z</time>
			</trkpt>
			<trkpt lat="59.944295606571025" lon="30.26736400058434">
				<ele>3.5710361376404762</ele>
				<time>2023-05-08T16:41:36Z</time>
			</trkpt>
			<trkpt lat="59.94431130200529" lon="30.26733762541197">
				<ele>2.7149547124281526</ele>
				<time>2023-05-08T16:41:38Z</time>
			</trkpt>
			<trkpt lat="59.94431938880999" lon="30.267277791876054">
				<ele>1.5893509350717068</ele>
				<time>2023-05-08T16:41:39Z</time>
			</trkpt>
			<trkpt lat="59.94431986345303" lon="30.267231509918254">
				<ele>1.7615747349336743</ele>
				<time>2023-05-08T16:41:41Z</time>
			</trkpt>
			<trkpt lat="59.944320745462676" lon="30.267155945768693">
				<ele>5.031713418662548</ele>
				<time>2023-05-08T16:41:43Z</time>
			</trkpt>
			<trkpt lat="59.94435526425743" lon="30.267162347209553">
				<ele>6.254332107491791</ele>
				<time>2023-05-08T16:41:45Z</time>
			</trkpt>
			<trkpt lat="59.94439710776946" lon="30.267189874431583">
				<ele>5.923520241864026</ele>
				<time>2023-05-08T16:41:47Z</time>
			</trkpt>
			<trkpt lat="59.94442591743137" lon="30.267193605733937">
				<ele>6.197344281710684</ele>
				<time>2023-05-08T16:41:49Z</time>
			</trkpt>
			<trkpt lat="59.944461745610646" lon="30.267209658689975">
				<ele>5.85497459769249</ele>
				<time>2023-05-08T16:41:51Z</time>
			</trkpt>
			<trkpt lat="59.944478079504336" lon="30.267168140215933">
				<ele>5.695536988787353</ele>
				<time>2023-05-08T16:41:53Z</time>
			</trkpt>
			<trkpt lat="59.94449967677228" lon="30.267184075263383">
				<ele>5.736076203174889</ele>
				<time>2023-05-08T16:41:54Z</time>
			</trkpt>
			<trkpt lat="59.94451896172368" lon="30.26718810521654">
				<ele>5.989904856309295</ele>
				<time>2023-05-08T16:41:55Z</time>
			</trkpt>
			<trkpt lat="59.9445484745859" lon="30.267173743428497">
				<ele>3.548911332152784</ele>
				<time>2023-05-08T16:41:57Z</time>
			</trkpt>
			<trkpt lat="59.94458629270591" lon="30.267167476826533">
				<ele>4.01003844756633</ele>
				<time>2023-05-08T16:41:59Z</time>
			</trkpt>
			<trkpt lat="59.94460785946481" lon="30.26712620505105">
				<ele>3.958779601380229</ele>
				<time>2023-05-08T16:42:01Z</time>
			</trkpt>
			<trkpt lat="59.94462833591258" lon="30.267130904954033">
				<ele>3.664801448583603</ele>
				<time>2023-05-08T16:42:02Z</time>
			</trkpt>
			<trkpt lat="59.944655096166194" lon="30.267134312906766">
				<ele>1.2721747839823365</ele>
				<time>2023-05-08T16:42:05Z</time>
			</trkpt>
			<trkpt lat="59.94468128012435" lon="30.267105680009458">
				<ele>0.5192342642694712</ele>
				<time>2023-05-08T16:42:07Z</time>
			</trkpt>
			<trkpt lat="59.94469052709902" lon="30.267072833979082">
				<ele>-0.11857881397008896</ele>
				<time>2023-05-08T16:42:08Z</time>
			</trkpt>
			<trkpt lat="59.94469705709205" lon="30.267032100417556">
				<ele>-0.5205901758745313</ele>
				<time>2023-05-08T16:42:09Z</time>
			</trkpt>
			<trkpt lat="59.94471524346084" lon="30.2669774867022">
				<ele>-0.37825624737888575</ele>
				<time>2023-05-08T16:42:11Z</time>
			</trkpt>
			<trkpt lat="59.944737509070144" lon="30.26693790105258">
				<ele>-0.35787468403577805</ele>
				<time>2023-05-08T16:42:13Z</time>
			</trkpt>
			<trkpt lat="59.94476255443634" lon="30.26690577438421">
				<ele>-1.1419045375660062</ele>
				<time>2023-05-08T16:42:15Z</time>
			</trkpt>
			<trkpt lat="59.94478772846597" lon="30.266875543649295">
				<ele>-2.004233772866428</ele>
				<time>2023-05-08T16:42:17Z</time>
			</trkpt>
			<trkpt lat="59.944810999328574" lon="30.266890508381113">
				<ele>-1.1202416121959686</ele>
				<time>2023-05-08T16:42:19Z</time>
			</trkpt>
			<trkpt lat="59.94481559059738" lon="30.266927947098537">
				<ele>-1.5591392870992422</ele>
				<time>2023-05-08T16:42:20Z</time>
			</trkpt>
			<trkpt lat="59.94482005440041" lon="30.26697357982881">
				<ele>0.1154209179803729</ele>
				<time>2023-05-08T16:42:24Z</time>
			</trkpt>
			<trkpt lat="59.944833906679555" lon="30.267024046444515">
				<ele>0.15788110997527838</ele>
				<time>2023-05-08T16:42:26Z</time>
			</trkpt>
			<trkpt lat="59.944846975850446" lon="30.267074985808364">
				<ele>0.5434504244476557</ele>
				<time>2023-05-08T16:42:29Z</time>
			</trkpt>
			<trkpt lat="59.94485279564414" lon="30.267130451678963">
				<ele>-0.9439107151702046</ele>
				<time>2023-05-08T16:42:31Z</time>
			</trkpt>
			<trkpt lat="59.94487100896764" lon="30.267166260753687">
				<ele>-2.912854904308915</ele>
				<time>2023-05-08T16:42:33Z</time>
			</trkpt>
			<trkpt lat="59.944885410658074" lon="30.2671987561191">
				<ele>-2.780586179345846</ele>
				<time>2023-05-08T16:42:35Z</time>
			</trkpt>
			<trkpt lat="59.94489741242881" lon="30.267240349692415">
				<ele>-3.5904272804036736</ele>
				<time>2023-05-08T16:42:37Z</time>
			</trkpt>
			<trkpt lat="59.94491136652911" lon="30.267285648748693">
				<ele>-3.9209180753678083</ele>
				<time>2023-05-08T16:42:40Z</time>
			</trkpt>
			<trkpt lat="59.94490745648594" lon="30.26732104546114">
				<ele>-4.580529237166047</ele>
				<time>2023-05-08T16:42:41Z</time>
			</trkpt>
			<trkpt lat="59.9448958941807" lon="30.267439902327652">
				<ele>-3.0070408759638667</ele>
				<time>2023-05-08T16:42:42Z</time>
			</trkpt>
			<trkpt lat="59.944912087471366" lon="30.267476825303756">
				<ele>-2.024137162603438</ele>
				<time>2023-05-08T16:42:44Z</time>
			</trkpt>
			<trkpt lat="59.944923859510716" lon="30.267537863439276">
				<ele>-1.796650649048388</ele>
				<time>2023-05-08T16:42:46Z</time>
			</trkpt>
			<trkpt lat="59.94495221921883" lon="30.267577261861465">
				<ele>-1.9332020422443748</ele>
				<time>2023-05-08T16:42:48Z</time>
			</trkpt>
			<trkpt lat="59.944974327620784" lon="30.26762238997575">
				<ele>-2.876492401584983</ele>
				<time>2023-05-08T16:42:50Z</time>
			</trkpt>
			<trkpt lat="59.94499377797414" lon="30.267679129848773">
				<ele>-1.8213511370122433</ele>
				<time>2023-05-08T16:42:52Z</time>
			</trkpt>
			<trkpt lat="59.94500596098286" lon="30.26771892779087">
				<ele>-1.7807470625266433</ele>
				<time>2023-05-08T16:42:53Z</time>
			</trkpt>
			<trkpt lat="59.945030029089175" lon="30.26776931024714">
				<ele>-2.146443860605359</ele>
				<time>2023-05-08T16:42:55Z</time>
			</trkpt>
			<trkpt lat="59.9450611878661" lon="30.267721380744838">
				<ele>-1.3046153550967574</ele>
				<time>2023-05-08T16:42:57Z</time>
			</trkpt>
			<trkpt lat="59.94508353118816" lon="30.267697211743204">
				<ele>-0.2973746610805392</ele>
				<time>2023-05-08T16:42:59Z</time>
			</trkpt>
			<trkpt lat="59.945088228358564" lon="30.267742256260895">
				<ele>-1.138497113250196</ele>
				<time>2023-05-08T16:43:00Z</time>
			</trkpt>
			<trkpt lat="59.945093478759304" lon="30.267818245109858">
				<ele>-1.742219834588468</ele>
				<time>2023-05-08T16:43:02Z</time>
			</trkpt>
			<trkpt lat="59.94510106593434" lon="30.267887726954434">
				<ele>-1.607812413945794</ele>
				<time>2023-05-08T16:43:04Z</time>
			</trkpt>
			<trkpt lat="59.94512627783812" lon="30.267880803008186">
				<ele>-1.5864416230469942</ele>
				<time>2023-05-08T16:43:05Z</time>
			</trkpt>
			<trkpt lat="59.94513152454181" lon="30.267932923949974">
				<ele>-1.5930085647851229</ele>
				<time>2023-05-08T16:43:07Z</time>
			</trkpt>
			<trkpt lat="59.94512765429405" lon="30.267968957169224">
				<ele>-2.3590700440108776</ele>
				<time>2023-05-08T16:43:08Z</time>
			</trkpt>
			<trkpt lat="59.945132856090055" lon="30.268018271727">
				<ele>-1.2018259754404426</ele>
				<time>2023-05-08T16:43:10Z</time>
			</trkpt>
			<trkpt lat="59.94514338866507" lon="30.268074517934213">
				<ele>-1.4692243617027998</ele>
				<time>2023-05-08T16:43:12Z</time>
			</trkpt>
			<trkpt lat="59.94514755669384" lon="30.26814626386464">
				<ele>-1.766951197758317</ele>
				<time>2023-05-08T16:43:14Z</time>
			</trkpt>
			<trkpt lat="59.94515532612373" lon="30.26819356756439">
				<ele>-1.7527298536151648</ele>
				<time>2023-05-08T16:43:16Z</time>
			</trkpt>
			<trkpt lat="59.94517302686113" lon="30.26825576154019">
				<ele>-2.603962236084044</ele>
				<time>2023-05-08T16:43:18Z</time>
			</trkpt>
			<trkpt lat="59.945191637753084" lon="30.268240566740978">
				<ele>0.5215564258396626</ele>
				<time>2023-05-08T16:43:20Z</time>
			</trkpt>
			<trkpt lat="59.94521498121186" lon="30.268218574094416">
				<ele>0.7746873060241342</ele>
				<time>2023-05-08T16:43:22Z</time>
			</trkpt>
			<trkpt lat="59.94527080624017" lon="30.268198856892848">
				<ele>0.39205741230398417</ele>
				<time>2023-05-08T16:43:23Z</time>
			</trkpt>
			<trkpt lat="59.94527583817031" lon="30.26826209136243">
				<ele>2.5315921241417527</ele>
				<time>2023-05-08T16:43:25Z</time>
			</trkpt>
			<trkpt lat="59.945291368354326" lon="30.268308740829468">
				<ele>1.4855131208896637</ele>
				<time>2023-05-08T16:43:27Z</time>
			</trkpt>
			<trkpt lat="59.94531128163225" lon="30.26834924843348">
				<ele>1.1912188716232777</ele>
				<time>2023-05-08T16:43:29Z</time>
			</trkpt>
			<trkpt lat="59.94532722646929" lon="30.268387476857722">
				<ele>1.067800565622747</ele>
				<time>2023-05-08T16:43:30Z</time>
			</trkpt>
			<trkpt lat="59.94532717070109" lon="30.26842571412873">
				<ele>1.3351798607036471</ele>
				<time>2023-05-08T16:43:32Z</time>
			</trkpt>
			<trkpt lat="59.94532509678596" lon="30.268461264120972">
				<ele>1.6790119875222445</ele>
				<time>2023-05-08T16:43:33Z</time>
			</trkpt>
			<trkpt lat="59.94532913624844" lon="30.268528080621323">
				<ele>1.8918980555608869</ele>
				<time>2023-05-08T16:43:35Z</time>
			</trkpt>
			<trkpt lat="59.9453325097182" lon="30.268579204722258">
				<ele>1.6246658628806472</ele>
				<time>2023-05-08T16:43:37Z</time>
			</trkpt>
			<trkpt lat="59.94532771378553" lon="30.26861723264462">
				<ele>2.028349805623293</ele>
				<time>2023-05-08T16:43:38Z</time>
			</trkpt>
			<trkpt lat="59.945333261235625" lon="30.268663647952238">
				<ele>0.9116734191775322</ele>
				<time>2023-05-08T16:43:40Z</time>
			</trkpt>
			<trkpt lat="59.94533669860809" lon="30.268722672906726">
				<ele>-0.6432526959106326</ele>
				<time>2023-05-08T16:43:42Z</time>
			</trkpt>
			<trkpt lat="59.94534425258698" lon="30.268805912107076">
				<ele>-1.8043432720005512</ele>
				<time>2023-05-08T16:43:44Z</time>
			</trkpt>
			<trkpt lat="59.94534746111824" lon="30.26885488603644">
				<ele>-1.7079401221126318</ele>
				<time>2023-05-08T16:43:45Z</time>
			</trkpt>
			<trkpt lat="59.945360303413466" lon="30.268906399726465">
				<ele>1.0251331459730864</ele>
				<time>2023-05-08T16:43:48Z</time>
			</trkpt>
			<trkpt lat="59.94535639624759" lon="30.26895469005739">
				<ele>3.4051271080970764</ele>
				<time>2023-05-08T16:43:49Z</time>
			</trkpt>
			<trkpt lat="59.94536029689152" lon="30.26899910963721">
				<ele>4.947896625846624</ele>
				<time>2023-05-08T16:43:51Z</time>
			</trkpt>
			<trkpt lat="59.94538681692282" lon="30.269044858781086">
				<ele>5.12375420331955</ele>
				<time>2023-05-08T16:43:53Z</time>
			</trkpt>
			<trkpt lat="59.945378716211685" lon="30.269100039341964">
				<ele>2.9201694056391716</ele>
				<time>2023-05-08T16:43:55Z</time>
			</trkpt>
			<trkpt lat="59.945376438730555" lon="30.269165603114413">
				<ele>2.6695905551314354</ele>
				<time>2023-05-08T16:43:57Z</time>
			</trkpt>
			<trkpt lat="59.94538697942414" lon="30.269207594463246">
				<ele>3.3858100371435285</ele>
				<time>2023-05-08T16:43:58Z</time>
			</trkpt>
			<trkpt lat="59.9453936661365" lon="30.269244227144625">
				<ele>4.982015774585307</ele>
				<time>2023-05-08T16:43:59Z</time>
			</trkpt>
			<trkpt lat="59.945408800545394" lon="30.269276456044246">
				<ele>6.251825249753892</ele>
				<time>2023-05-08T16:44:01Z</time>
			</trkpt>
			<trkpt lat="59.94542371160348" lon="30.269316615219278">
				<ele>6.615623897872865</ele>
				<time>2023-05-08T16:44:03Z</time>
			</trkpt>
			<trkpt lat="59.94544172457422" lon="30.269341956188654">
				<ele>6.617212944664061</ele>
				<time>2023-05-08T16:44:05Z</time>
			</trkpt>
			<trkpt lat="59.94546410247484" lon="30.269395542332955">
				<ele>8.617135132662952</ele>
				<time>2023-05-08T16:44:07Z</time>
			</trkpt>
			<trkpt lat="59.945438193596075" lon="30.269449083876076">
				<ele>7.771038646809757</ele>
				<time>2023-05-08T16:44:09Z</time>
			</trkpt>
			<trkpt lat="59.94541435701516" lon="30.269494520981176">
				<ele>5.280113011598587</ele>
				<time>2023-05-08T16:44:11Z</time>
			</trkpt>
			<trkpt lat="59.945380057813885" lon="30.269491923751165">
				<ele>4.466906503774226</ele>
				<time>2023-05-08T16:44:12Z</time>
			</trkpt>
			<trkpt lat="59.94535545590233" lon="30.269522025509353">
				<ele>3.9573946418240666</ele>
				<time>2023-05-08T16:44:14Z</time>
			</trkpt>
			<trkpt lat="59.94534077825758" lon="30.269547789317343">
				<ele>4.007283265702426</ele>
				<time>2023-05-08T16:44:15Z</time>
			</trkpt>
			<trkpt lat="59.9453173367838" lon="30.269539461421942">
				<ele>4.072090959176421</ele>
				<time>2023-05-08T16:44:16Z</time>
			</trkpt>
			<trkpt lat="59.94529810016295" lon="30.26952363704274">
				<ele>4.197589689865708</ele>
				<time>2023-05-08T16:44:17Z</time>
			</trkpt>
			<trkpt lat="59.9452847475109" lon="30.269568705751766">
				<ele>4.044252771884203</ele>
				<time>2023-05-08T16:44:18Z</time>
			</trkpt>
			<trkpt lat="59.94526834661058" lon="30.269606905635307">
				<ele>4.990497633814812</ele>
				<time>2023-05-08T16:44:20Z</time>
			</trkpt>
			<trkpt lat="59.945243578370835" lon="30.269644970980252">
				<ele>5.086220207624137</ele>
				<time>2023-05-08T16:44:22Z</time>
			</trkpt>
			<trkpt lat="59.945225598050456" lon="30.269679610964126">
				<ele>3.845623156055808</ele>
				<time>2023-05-08T16:44:24Z</time>
			</trkpt>
			<trkpt lat="59.94519666124382" lon="30.26968923488365">
				<ele>3.7947495272383094</ele>
				<time>2023-05-08T16:44:26Z</time>
			</trkpt>
			<trkpt lat="59.94517310957588" lon="30.269709910931738">
				<ele>3.1473873099312186</ele>
				<time>2023-05-08T16:44:28Z</time>
			</trkpt>
			<trkpt lat="59.945148738233954" lon="30.269716311717364">
				<ele>3.733651195652783</ele>
				<time>2023-05-08T16:44:30Z</time>
			</trkpt>
			<trkpt lat="59.94513020873669" lon="30.269711751159726">
				<ele>6.389441366307437</ele>
				<time>2023-05-08T16:44:31Z</time>
			</trkpt>
			<trkpt lat="59.94510039732871" lon="30.26972874014092">
				<ele>6.871093430556357</ele>
				<time>2023-05-08T16:44:33Z</time>
			</trkpt>
			<trkpt lat="59.94507519189421" lon="30.26975643941108">
				<ele>7.102535255253315</ele>
				<time>2023-05-08T16:44:35Z</time>
			</trkpt>
			<trkpt lat="59.94504888666044" lon="30.269759108833718">
				<ele>8.155800199136138</ele>
				<time>2023-05-08T16:44:36Z</time>
			</trkpt>
			<trkpt lat="59.94502188517837" lon="30.2697988694278">
				<ele>8.370546544902027</ele>
				<time>2023-05-08T16:44:38Z</time>
			</trkpt>
			<trkpt lat="59.94499744457502" lon="30.269793227737686">
				<ele>8.630785607732832</ele>
				<time>2023-05-08T16:44:39Z</time>
			</trkpt>
			<trkpt lat="59.94496316541278" lon="30.26980381425688">
				<ele>8.31249935273081</ele>
				<time>2023-05-08T16:44:41Z</time>
			</trkpt>
			<trkpt lat="59.944959329718984" lon="30.269876200153355">
				<ele>7.017289198003709</ele>
				<time>2023-05-08T16:44:43Z</time>
			</trkpt>
			<trkpt lat="59.94497321593359" lon="30.26993233971339">
				<ele>6.3769000777974725</ele>
				<time>2023-05-08T16:44:44Z</time>
			</trkpt>
			<trkpt lat="59.94495216388402" lon="30.26995802997265">
				<ele>5.18162399251014</ele>
				<time>2023-05-08T16:44:46Z</time>
			</trkpt>
			<trkpt lat="59.944931797348715" lon="30.269984635920498">
				<ele>5.961498227901757</ele>
				<time>2023-05-08T16:44:48Z</time>
			</trkpt>
			<trkpt lat="59.944912354270365" lon="30.270011877441107">
				<ele>6.226032665930688</ele>
				<time>2023-05-08T16:44:50Z</time>
			</trkpt>
			<trkpt lat="59.94489645898705" lon="30.270040500055917">
				<ele>6.304801221936941</ele>
				<time>2023-05-08T16:44:52Z</time>
			</trkpt>
			<trkpt lat="59.94489036843796" lon="30.27007754881254">
				<ele>6.736858476884663</ele>
				<time>2023-05-08T16:44:54Z</time>
			</trkpt>
			<trkpt lat="59.94489914758373" lon="30.270117749710582">
				<ele>5.258815080858767</ele>
				<time>2023-05-08T16:44:56Z</time>
			</trkpt>
			<trkpt lat="59.94491578164982" lon="30.270164756896655">
				<ele>6.312934026122093</ele>
				<time>2023-05-08T16:44:58Z</time>
			</trkpt>
			<trkpt lat="59.94493745890654" lon="30.270204654892225">
				<ele>5.483642659150064</ele>
				<time>2023-05-08T16:45:00Z</time>
			</trkpt>
			<trkpt lat="59.9449430099664" lon="30.27026796074467">
				<ele>7.309758508577943</ele>
				<time>2023-05-08T16:45:02Z</time>
			</trkpt>
			<trkpt lat="59.94495782723774" lon="30.270293957771273">
				<ele>6.87628557253629</ele>
				<time>2023-05-08T16:45:03Z</time>
			</trkpt>
			<trkpt lat="59.944966259423744" lon="30.270332091343878">
				<ele>8.036990660242736</ele>
				<time>2023-05-08T16:45:04Z</time>
			</trkpt>
			<trkpt lat="59.94499720365238" lon="30.270368572026307">
				<ele>6.620384749956429</ele>
				<time>2023-05-08T16:45:06Z</time>
			</trkpt>
			<trkpt lat="59.94501929292491" lon="30.270373720034936">
				<ele>7.294974219053984</ele>
				<time>2023-05-08T16:45:07Z</time>
			</trkpt>
			<trkpt lat="59.94500789825947" lon="30.270331058916383">
				<ele>8.679888557642698</ele>
				<time>2023-05-08T16:45:09Z</time>
			</trkpt>
			<trkpt lat="59.94499819954069" lon="30.27029094109079">
				<ele>7.033883096650243</ele>
				<time>2023-05-08T16:45:10Z</time>
			</trkpt>
			<trkpt lat="59.94498628501143" lon="30.27026318677059">
				<ele>6.079531972296536</ele>
				<time>2023-05-08T16:45:11Z</time>
			</trkpt>
			<trkpt lat="59.94497028810928" lon="30.27023487573735">
				<ele>6.553745818324387</ele>
				<time>2023-05-08T16:45:12Z</time>
			</trkpt>
			<trkpt lat="59.94495437983088" lon="30.27019186341339">
				<ele>6.83173494040966</ele>
				<time>2023-05-08T16:45:14Z</time>
			</trkpt>
			<trkpt lat="59.944950760279006" lon="30.27015340995575">
				<ele>7.5764421774074435</ele>
				<time>2023-05-08T16:45:15Z</time>
			</trkpt>
			<trkpt lat="59.94492752178122" lon="30.27011697656842">
				<ele>7.218981862999499</ele>
				<time>2023-05-08T16:45:17Z</time>
			</trkpt>
			<trkpt lat="59.94490653233677" lon="30.270091405444386">
				<ele>7.015325135551393</ele>
				<time>2023-05-08T16:45:19Z</time>
			</trkpt>
			<trkpt lat="59.944884196826806" lon="30.270070223868675">
				<ele>5.713871727697551</ele>
				<time>2023-05-08T16:45:21Z</time>
			</trkpt>
			<trkpt lat="59.94485057125666" lon="30.270080813364704">
				<ele>4.657373588532209</ele>
				<time>2023-05-08T16:45:23Z</time>
			</trkpt>
			<trkpt lat="59.94482889881583" lon="30.2700713759008">
				<ele>4.273522539995611</ele>
				<time>2023-05-08T16:45:24Z</time>
			</trkpt>
			<trkpt lat="59.94481100566826" lon="30.270092540402906">
				<ele>4.0104455556720495</ele>
				<time>2023-05-08T16:45:25Z</time>
			</trkpt>
			<trkpt lat="59.94477855473147" lon="30.27013094795852">
				<ele>4.333232668228447</ele>
				<time>2023-05-08T16:45:27Z</time>
			</trkpt>
			<trkpt lat="59.944762328111466" lon="30.27011260473337">
				<ele>6.116195670329034</ele>
				<time>2023-05-08T16:45:28Z</time>
			</trkpt>
			<trkpt lat="59.94474576967125" lon="30.27016172639321">
				<ele>5.935360299423337</ele>
				<time>2023-05-08T16:45:30Z</time>
			</trkpt>
			<trkpt lat="59.94473094013391" lon="30.270191418915303">
				<ele>5.666525602340698</ele>
				<time>2023-05-08T16:45:31Z</time>
			</trkpt>
			<trkpt lat="59.94470567732171" lon="30.27020253166117">
				<ele>4.584121378138661</ele>
				<time>2023-05-08T16:45:34Z</time>
			</trkpt>
			<trkpt lat="59.94471571082811" lon="30.270255209552793">
				<ele>5.131503287702799</ele>
				<time>2023-05-08T16:45:36Z</time>
			</trkpt>
			<trkpt lat="59.94469641493468" lon="30.270262898224424">
				<ele>4.8756960686296225</ele>
				<time>2023-05-08T16:45:37Z</time>
			</trkpt>
			<trkpt lat="59.94467623178659" lon="30.27027625224159">
				<ele>4.707560179755092</ele>
				<time>2023-05-08T16:45:38Z</time>
			</trkpt>
			<trkpt lat="59.94464803558912" lon="30.270297466298754">
				<ele>4.344454604201019</ele>
				<time>2023-05-08T16:45:40Z</time>
			</trkpt>
			<trkpt lat="59.944638286131344" lon="30.270327723578852">
				<ele>4.884346669539809</ele>
				<time>2023-05-08T16:45:41Z</time>
			</trkpt>
			<trkpt lat="59.94462182709658" lon="30.27035971944954">
				<ele>3.8626368893310428</ele>
				<time>2023-05-08T16:45:43Z</time>
			</trkpt>
			<trkpt lat="59.944597833584524" lon="30.270370751206343">
				<ele>3.802749981172383</ele>
				<time>2023-05-08T16:45:45Z</time>
			</trkpt>
			<trkpt lat="59.944581259211105" lon="30.270404395931223">
				<ele>3.56744924839586</ele>
				<time>2023-05-08T16:45:47Z</time>
			</trkpt>
			<trkpt lat="59.944556757287515" lon="30.27042085103557">
				<ele>3.329894281923771</ele>
				<time>2023-05-08T16:45:49Z</time>
			</trkpt>
			<trkpt lat="59.94453696987011" lon="30.270439444625495">
				<ele>3.4463686486706138</ele>
				<time>2023-05-08T16:45:50Z</time>
			</trkpt>
			<trkpt lat="59.94452022549892" lon="30.27046799004175">
				<ele>3.7961657159030437</ele>
				<time>2023-05-08T16:45:52Z</time>
			</trkpt>
			<trkpt lat="59.944497573349786" lon="30.27049458596278">
				<ele>4.4214415876194835</ele>
				<time>2023-05-08T16:45:54Z</time>
			</trkpt>
			<trkpt lat="59.944471011394455" lon="30.27052895432565">
				<ele>3.757861486636102</ele>
				<time>2023-05-08T16:45:56Z</time>
			</trkpt>
			<trkpt lat="59.944448595051405" lon="30.270563750231332">
				<ele>4.138774204067886</ele>
				<time>2023-05-08T16:45:58Z</time>
			</trkpt>
			<trkpt lat="59.944433284012106" lon="30.270599368732437">
				<ele>4.788561996072531</ele>
				<time>2023-05-08T16:45:59Z</time>
			</trkpt>
			<trkpt lat="59.9444154141725" lon="30.270635382527207">
				<ele>5.4017663495615125</ele>
				<time>2023-05-08T16:46:01Z</time>
			</trkpt>
			<trkpt lat="59.94439484872397" lon="30.270651078313346">
				<ele>7.000592950731516</ele>
				<time>2023-05-08T16:46:03Z</time>
			</trkpt>
			<trkpt lat="59.944380904744214" lon="30.270697563087005">
				<ele>6.529314626008272</ele>
				<time>2023-05-08T16:46:05Z</time>
			</trkpt>
			<trkpt lat="59.94438432427539" lon="30.27074885062259">
				<ele>2.619294530712068</ele>
				<time>2023-05-08T16:46:08Z</time>
			</trkpt>
			<trkpt lat="59.94436627552157" lon="30.270769465293746">
				<ele>2.89619795512408</ele>
				<time>2023-05-08T16:46:09Z</time>
			</trkpt>
			<trkpt lat="59.94434964183813" lon="30.270802004313477">
				<ele>3.330979160964489</ele>
				<time>2023-05-08T16:46:11Z</time>
			</trkpt>
			<trkpt lat="59.94432912953902" lon="30.27082927077185">
				<ele>3.142123398371041</ele>
				<time>2023-05-08T16:46:13Z</time>
			</trkpt>
			<trkpt lat="59.94430925293889" lon="30.270840277329942">
				<ele>6.648073841817677</ele>
				<time>2023-05-08T16:46:15Z</time>
			</trkpt>
			<trkpt lat="59.944279530370736" lon="30.270849964200906">
				<ele>6.4177109049633145</ele>
				<time>2023-05-08T16:46:17Z</time>
			</trkpt>
			<trkpt lat="59.94427638747644" lon="30.27089534809303">
				<ele>3.9999381210654974</ele>
				<time>2023-05-08T16:46:19Z</time>
			</trkpt>
			<trkpt lat="59.94423039185479" lon="30.27084673622363">
				<ele>5.795808391645551</ele>
				<time>2023-05-08T16:46:20Z</time>
			</trkpt>
			<trkpt lat="59.94421249069833" lon="30.270896561736272">
				<ele>5.669446186162531</ele>
				<time>2023-05-08T16:46:22Z</time>
			</trkpt>
			<trkpt lat="59.94419014111358" lon="30.270916219313687">
				<ele>4.725067947991192</ele>
				<time>2023-05-08T16:46:24Z</time>
			</trkpt>
			<trkpt lat="59.94416619234849" lon="30.270936817335066">
				<ele>5.375412289053202</ele>
				<time>2023-05-08T16:46:26Z</time>
			</trkpt>
			<trkpt lat="59.94414766207018" lon="30.270998735210096">
				<ele>5.784527949057519</ele>
				<time>2023-05-08T16:46:28Z</time>
			</trkpt>
			<trkpt lat="59.94413413463846" lon="30.27102329101798">
				<ele>9.36051632091403</ele>
				<time>2023-05-08T16:46:30Z</time>
			</trkpt>
			<trkpt lat="59.94410652645323" lon="30.271040557341195">
				<ele>9.255205531604588</ele>
				<time>2023-05-08T16:46:32Z</time>
			</trkpt>
			<trkpt lat="59.944101449485345" lon="30.271081202479255">
				<ele>7.4113379726186395</ele>
				<time>2023-05-08T16:46:34Z</time>
			</trkpt>
			<trkpt lat="59.94407942942832" lon="30.27109390303538">
				<ele>5.312928007915616</ele>
				<time>2023-05-08T16:46:36Z</time>
			</trkpt>
			<trkpt lat="59.94405054430899" lon="30.271108986054664">
				<ele>4.145194646902382</ele>
				<time>2023-05-08T16:46:38Z</time>
			</trkpt>
			<trkpt lat="59.94402800881521" lon="30.27108714898249">
				<ele>5.437760297209024</ele>
				<time>2023-05-08T16:46:39Z</time>
			</trkpt>
			<trkpt lat="59.94399992665426" lon="30.271131540483278">
				<ele>6.755942987278104</ele>
				<time>2023-05-08T16:46:41Z</time>
			</trkpt>
			<trkpt lat="59.94398232227584" lon="30.271142362589554">
				<ele>6.637201514095068</ele>
				<time>2023-05-08T16:46:43Z</time>
			</trkpt>
			<trkpt lat="59.94399959864718" lon="30.271153169547702">
				<ele>6.214267433620989</ele>
				<time>2023-05-08T16:46:50Z</time>
			</trkpt>
			<trkpt lat="59.94397932938886" lon="30.271184837759783">
				<ele>6.8348282827064395</ele>
				<time>2023-05-08T16:46:57Z</time>
			</trkpt>
			<trkpt lat="59.94410131821844" lon="30.271466744158428">
				<ele>8.690520824864507</ele>
				<time>2023-05-08T16:46:58Z</time>
			</trkpt>
			<trkpt lat="59.944085039687565" lon="30.271388649310758">
				<ele>9.635346890427172</ele>
				<time>2023-05-08T16:46:59Z</time>
			</trkpt>
			<trkpt lat="59.944135124704324" lon="30.27124067092381">
				<ele>9.273501615040004</ele>
				<time>2023-05-08T16:47:00Z</time>
			</trkpt>
			<trkpt lat="59.94411743565581" lon="30.27157150185685">
				<ele>5.684651951305568</ele>
				<time>2023-05-08T16:47:01Z</time>
			</trkpt>
			<trkpt lat="59.944135424729375" lon="30.27150887819349">
				<ele>7.122043921612203</ele>
				<time>2023-05-08T16:47:02Z</time>
			</trkpt>
			<trkpt lat="59.944157995427304" lon="30.271516437972043">
				<ele>9.009641609154642</ele>
				<time>2023-05-08T16:47:03Z</time>
			</trkpt>
			<trkpt lat="59.94414881632117" lon="30.27155843053115">
				<ele>10.473571189679205</ele>
				<time>2023-05-08T16:47:04Z</time>
			</trkpt>
			<trkpt lat="59.94416222723602" lon="30.271473051249508">
				<ele>9.978212982416153</ele>
				<time>2023-05-08T16:47:05Z</time>
			</trkpt>
			<trkpt lat="59.94414607866567" lon="30.27142899551481">
				<ele>8.654779295437038</ele>
				<time>2023-05-08T16:47:06Z</time>
			</trkpt>
			<trkpt lat="59.94417452672523" lon="30.271469890161043">
				<ele>12.299635988660157</ele>
				<time>2023-05-08T16:47:07Z</time>
			</trkpt>
			<trkpt lat="59.94419066078183" lon="30.271502825994176">
				<ele>12.983479005284607</ele>
				<time>2023-05-08T16:47:08Z</time>
			</trkpt>
			<trkpt lat="59.94420924826022" lon="30.271531535594153">
				<ele>13.10749745182693</ele>
				<time>2023-05-08T16:47:09Z</time>
			</trkpt>
			<trkpt lat="59.94422187990611" lon="30.271569630470772">
				<ele>12.653327671810985</ele>
				<time>2023-05-08T16:47:12Z</time>
			</trkpt>
			<trkpt lat="59.944244563307095" lon="30.27158360739803">
				<ele>13.726542617194355</ele>
				<time>2023-05-08T16:47:13Z</time>
			</trkpt>
			<trkpt lat="59.94426147117365" lon="30.271605947409288">
				<ele>14.281204883940518</ele>
				<time>2023-05-08T16:47:15Z</time>
			</trkpt>
			<trkpt lat="59.94427598468775" lon="30.271635069434616">
				<ele>13.941658250056207</ele>
				<time>2023-05-08T16:47:16Z</time>
			</trkpt>
			<trkpt lat="59.94428793112342" lon="30.27166337888446">
				<ele>13.87332705501467</ele>
				<time>2023-05-08T16:47:17Z</time>
			</trkpt>
			<trkpt lat="59.94431173424907" lon="30.271679142916014">
				<ele>14.447258288040757</ele>
				<time>2023-05-08T16:47:19Z</time>
			</trkpt>
			<trkpt lat="59.9443278028274" lon="30.271719208114572">
				<ele>14.35466290730983</ele>
				<time>2023-05-08T16:47:21Z</time>
			</trkpt>
			<trkpt lat="59.94436501207289" lon="30.271721270375185">
				<ele>15.420125486329198</ele>
				<time>2023-05-08T16:47:22Z</time>
			</trkpt>
			<trkpt lat="59.94439209689083" lon="30.271736566092127">
				<ele>16.406839293427765</ele>
				<time>2023-05-08T16:47:23Z</time>
			</trkpt>
			<trkpt lat="59.94441724324087" lon="30.271751831307217">
				<ele>17.08995036687702</ele>
				<time>2023-05-08T16:47:24Z</time>
			</trkpt>
			<trkpt lat="59.9444373402619" lon="30.271762094217383">
				<ele>18.281672893092036</ele>
				<time>2023-05-08T16:47:25Z</time>
			</trkpt>
			<trkpt lat="59.9444630600191" lon="30.271799149181273">
				<ele>18.354580806568265</ele>
				<time>2023-05-08T16:47:27Z</time>
			</trkpt>
			<trkpt lat="59.944481186294105" lon="30.27181659232361">
				<ele>15.640987016260624</ele>
				<time>2023-05-08T16:47:30Z</time>
			</trkpt>
			<trkpt lat="59.94449746367212" lon="30.271862318089376">
				<ele>16.836102788336575</ele>
				<time>2023-05-08T16:47:32Z</time>
			</trkpt>
			<trkpt lat="59.94451338236601" lon="30.271893416631993">
				<ele>16.971482759341598</ele>
				<time>2023-05-08T16:47:34Z</time>
			</trkpt>
			<trkpt lat="59.94452948086517" lon="30.271928608453795">
				<ele>17.338357537984848</ele>
				<time>2023-05-08T16:47:36Z</time>
			</trkpt>
			<trkpt lat="59.944547981346545" lon="30.271968789366507">
				<ele>19.111334978602827</ele>
				<time>2023-05-08T16:47:38Z</time>
			</trkpt>
			<trkpt lat="59.94456367836962" lon="30.272010104149523">
				<ele>14.967756255529821</ele>
				<time>2023-05-08T16:47:40Z</time>
			</trkpt>
			<trkpt lat="59.944558606627496" lon="30.272047571886297">
				<ele>12.560764197260141</ele>
				<time>2023-05-08T16:47:41Z</time>
			</trkpt>
			<trkpt lat="59.94456734219527" lon="30.27209199308902">
				<ele>11.180333506315947</ele>
				<time>2023-05-08T16:47:44Z</time>
			</trkpt>
			<trkpt lat="59.94456132201806" lon="30.272156041605065">
				<ele>12.451391516253352</ele>
				<time>2023-05-08T16:47:46Z</time>
			</trkpt>
			<trkpt lat="59.94455725898328" lon="30.27220606322066">
				<ele>13.326667862012982</ele>
				<time>2023-05-08T16:47:48Z</time>
			</trkpt>
			<trkpt lat="59.94455700184873" lon="30.27227284511381">
				<ele>13.63228718843311</ele>
				<time>2023-05-08T16:47:50Z</time>
			</trkpt>
			<trkpt lat="59.9445681459256" lon="30.272329326219854">
				<ele>13.4207857651636</ele>
				<time>2023-05-08T16:47:52Z</time>
			</trkpt>
			<trkpt lat="59.944587723789" lon="30.272349079500362">
				<ele>13.059737730771303</ele>
				<time>2023-05-08T16:47:54Z</time>
			</trkpt>
			<trkpt lat="59.94460234777316" lon="30.2723905989268">
				<ele>12.001697100698948</ele>
				<time>2023-05-08T16:47:56Z</time>
			</trkpt>
			<trkpt lat="59.9445990167007" lon="30.272446004452455">
				<ele>9.89240786805749</ele>
				<time>2023-05-08T16:47:59Z</time>
			</trkpt>
			<trkpt lat="59.94460468068746" lon="30.27248857288125">
				<ele>9.294100283645093</ele>
				<time>2023-05-08T16:48:01Z</time>
			</trkpt>
			<trkpt lat="59.94463776897814" lon="30.272536665803248">
				<ele>11.48322142381221</ele>
				<time>2023-05-08T16:48:04Z</time>
			</trkpt>
			<trkpt lat="59.94465264795695" lon="30.27259008902953">
				<ele>11.40035424567759</ele>
				<time>2023-05-08T16:48:06Z</time>
			</trkpt>
			<trkpt lat="59.944671426753175" lon="30.272617325620907">
				<ele>13.459261012263596</ele>
				<time>2023-05-08T16:48:08Z</time>
			</trkpt>
			<trkpt lat="59.94468723618764" lon="30.272638867832416">
				<ele>13.953058876097202</ele>
				<time>2023-05-08T16:48:09Z</time>
			</trkpt>
			<trkpt lat="59.94470010208663" lon="30.272675637412558">
				<ele>15.141443848609924</ele>
				<time>2023-05-08T16:48:11Z</time>
			</trkpt>
			<trkpt lat="59.9447111847723" lon="30.27270953769532">
				<ele>16.405810054391623</ele>
				<time>2023-05-08T16:48:13Z</time>
			</trkpt>
			<trkpt lat="59.944726119129896" lon="30.272734075359473">
				<ele>16.286770313046873</ele>
				<time>2023-05-08T16:48:22Z</time>
			</trkpt>
			<trkpt lat="59.94474309549664" lon="30.2727633069382">
				<ele>16.029996309429407</ele>
				<time>2023-05-08T16:48:24Z</time>
			</trkpt>
			<trkpt lat="59.94472897847563" lon="30.272861616312966">
				<ele>15.477872423827648</ele>
				<time>2023-05-08T16:48:26Z</time>
			</trkpt>
			<trkpt lat="59.94473555011132" lon="30.272825283117815">
				<ele>14.830438836477697</ele>
				<time>2023-05-08T16:48:27Z</time>
			</trkpt>
			<trkpt lat="59.94476611602816" lon="30.272887382983036">
				<ele>14.304775229655206</ele>
				<time>2023-05-08T16:48:28Z</time>
			</trkpt>
			<trkpt lat="59.94480173234657" lon="30.27302517410315">
				<ele>13.223554962314665</ele>
				<time>2023-05-08T16:48:30Z</time>
			</trkpt>
			<trkpt lat="59.944820517260084" lon="30.273007828508536">
				<ele>12.489160779863596</ele>
				<time>2023-05-08T16:48:30Z</time>
			</trkpt>
			<trkpt lat="59.944817921993746" lon="30.2730641713193">
				<ele>12.54041915666312</ele>
				<time>2023-05-08T16:48:31Z</time>
			</trkpt>
			<trkpt lat="59.94483926392334" lon="30.2730544921476">
				<ele>14.121338014490902</ele>
				<time>2023-05-08T16:48:36Z</time>
			</trkpt>
			<trkpt lat="59.94485852775337" lon="30.273031025680638">
				<ele>13.317201268859208</ele>
				<time>2023-05-08T16:48:38Z</time>
			</trkpt>
			<trkpt lat="59.94487076628965" lon="30.27298742393701">
				<ele>12.402300540357828</ele>
				<time>2023-05-08T16:48:40Z</time>
			</trkpt>
			<trkpt lat="59.944882652642995" lon="30.27295932396185">
				<ele>13.061603371985257</ele>
				<time>2023-05-08T16:48:41Z</time>
			</trkpt>
			<trkpt lat="59.94490492065326" lon="30.27294045983878">
				<ele>13.074149486608803</ele>
				<time>2023-05-08T16:48:42Z</time>
			</trkpt>
			<trkpt lat="59.944933879354735" lon="30.272912524626935">
				<ele>12.856574971228838</ele>
				<time>2023-05-08T16:48:44Z</time>
			</trkpt>
			<trkpt lat="59.944953896346455" lon="30.272876993573583">
				<ele>11.830949649214745</ele>
				<time>2023-05-08T16:48:46Z</time>
			</trkpt>
			<trkpt lat="59.944880437556016" lon="30.272773018966657">
				<ele>12.905617063865066</ele>
				<time>2023-05-08T16:48:48Z</time>
			</trkpt>
			<trkpt lat="59.94488743974615" lon="30.272784543051962">
				<ele>12.85741469077766</ele>
				<time>2023-05-08T16:48:49Z</time>
			</trkpt>
			<trkpt lat="59.94487902210963" lon="30.272817690964164">
				<ele>14.505325878039002</ele>
				<time>2023-05-08T16:48:50Z</time>
			</trkpt>
			<trkpt lat="59.94486045476559" lon="30.2728053264784">
				<ele>15.4353609662503</ele>
				<time>2023-05-08T16:48:51Z</time>
			</trkpt>
			<trkpt lat="59.94484179003296" lon="30.27281195821078">
				<ele>13.84651871677488</ele>
				<time>2023-05-08T16:48:52Z</time>
			</trkpt>
			<trkpt lat="59.9448171599792" lon="30.272846321611258">
				<ele>10.260727735236287</ele>
				<time>2023-05-08T16:48:55Z</time>
			</trkpt>
			<trkpt lat="59.944787433788406" lon="30.272893821316195">
				<ele>9.72228229418397</ele>
				<time>2023-05-08T16:48:57Z</time>
			</trkpt>
			<trkpt lat="59.944774008634155" lon="30.272923471855027">
				<ele>9.55255027487874</ele>
				<time>2023-05-08T16:48:58Z</time>
			</trkpt>
			<trkpt lat="59.9447519830931" lon="30.272945927059602">
				<ele>8.245809690095484</ele>
				<time>2023-05-08T16:48:59Z</time>
			</trkpt>
			<trkpt lat="59.94473202068338" lon="30.272970020936885">
				<ele>8.244976669549942</ele>
				<time>2023-05-08T16:49:00Z</time>
			</trkpt>
			<trkpt lat="59.94470137051276" lon="30.273012832075345">
				<ele>9.058793879114091</ele>
				<time>2023-05-08T16:49:02Z</time>
			</trkpt>
			<trkpt lat="59.94468532493828" lon="30.272992643167694">
				<ele>10.653725763782859</ele>
				<time>2023-05-08T16:49:04Z</time>
			</trkpt>
			<trkpt lat="59.9446739284025" lon="30.273037580058176">
				<ele>10.718894883990288</ele>
				<time>2023-05-08T16:49:05Z</time>
			</trkpt>
			<trkpt lat="59.94466585379975" lon="30.273088223103585">
				<ele>10.067872087471187</ele>
				<time>2023-05-08T16:49:06Z</time>
			</trkpt>
			<trkpt lat="59.94465472808382" lon="30.273154786056885">
				<ele>9.692005052231252</ele>
				<time>2023-05-08T16:49:07Z</time>
			</trkpt>
			<trkpt lat="59.944628959671505" lon="30.27317228137913">
				<ele>9.364667354151607</ele>
				<time>2023-05-08T16:49:08Z</time>
			</trkpt>
			<trkpt lat="59.94460574895716" lon="30.273208207968107">
				<ele>9.86449365876615</ele>
				<time>2023-05-08T16:49:10Z</time>
			</trkpt>
			<trkpt lat="59.94458384679269" lon="30.273242264936346">
				<ele>8.888219053857028</ele>
				<time>2023-05-08T16:49:11Z</time>
			</trkpt>
			<trkpt lat="59.94456093425838" lon="30.27327536543691">
				<ele>4.130093661136925</ele>
				<time>2023-05-08T16:49:15Z</time>
			</trkpt>
			<trkpt lat="59.94453929598156" lon="30.2733388043563">
				<ele>4.631489450111985</ele>
				<time>2023-05-08T16:49:16Z</time>
			</trkpt>
			<trkpt lat="59.94451031801251" lon="30.27337395917851">
				<ele>4.624134164303541</ele>
				<time>2023-05-08T16:49:18Z</time>
			</trkpt>
			<trkpt lat="59.944488579508025" lon="30.273384023059503">
				<ele>5.879028473049402</ele>
				<time>2023-05-08T16:49:19Z</time>
			</trkpt>
			<trkpt lat="59.94447664963833" lon="30.273422483118775">
				<ele>6.088122370652854</ele>
				<time>2023-05-08T16:49:21Z</time>
			</trkpt>
			<trkpt lat="59.944445088394005" lon="30.273438765362457">
				<ele>5.340914777480066</ele>
				<time>2023-05-08T16:49:23Z</time>
			</trkpt>
			<trkpt lat="59.9444307778951" lon="30.27339368320115">
				<ele>3.8540661754086614</ele>
				<time>2023-05-08T16:49:26Z</time>
			</trkpt>
			<trkpt lat="59.94442517069507" lon="30.27357994068187">
				<ele>5.393420676700771</ele>
				<time>2023-05-08T16:49:28Z</time>
			</trkpt>
			<trkpt lat="59.94440197377756" lon="30.2736026974651">
				<ele>6.341559573076665</ele>
				<time>2023-05-08T16:49:29Z</time>
			</trkpt>
			<trkpt lat="59.94435694006464" lon="30.273606010087487">
				<ele>6.20818632747978</ele>
				<time>2023-05-08T16:49:31Z</time>
			</trkpt>
			<trkpt lat="59.944332678712094" lon="30.2735836006933">
				<ele>6.288761368021369</ele>
				<time>2023-05-08T16:49:33Z</time>
			</trkpt>
			<trkpt lat="59.94431281080661" lon="30.273568671238653">
				<ele>6.916806367225945</ele>
				<time>2023-05-08T16:49:35Z</time>
			</trkpt>
			<trkpt lat="59.94427874538801" lon="30.273524795476835">
				<ele>7.343948420137167</ele>
				<time>2023-05-08T16:49:36Z</time>
			</trkpt>
			<trkpt lat="59.944273883414446" lon="30.27347278588213">
				<ele>7.8803752809762955</ele>
				<time>2023-05-08T16:49:37Z</time>
			</trkpt>
			<trkpt lat="59.944275254679795" lon="30.273606428182813">
				<ele>7.875309593044221</ele>
				<time>2023-05-08T16:49:39Z</time>
			</trkpt>
			<trkpt lat="59.944255555621524" lon="30.273599642199887">
				<ele>5.929978133179247</ele>
				<time>2023-05-08T16:49:41Z</time>
			</trkpt>
			<trkpt lat="59.94422886373797" lon="30.273660063117486">
				<ele>6.843446568585932</ele>
				<time>2023-05-08T16:49:42Z</time>
			</trkpt>
			<trkpt lat="59.94425667355395" lon="30.273624495380556">
				<ele>6.664854885078967</ele>
				<time>2023-05-08T16:49:43Z</time>
			</trkpt>
			<trkpt lat="59.94422919638006" lon="30.2736611496614">
				<ele>7.925808874890208</ele>
				<time>2023-05-08T16:49:45Z</time>
			</trkpt>
			<trkpt lat="59.94421345989532" lon="30.273683461789908">
				<ele>7.828684824518859</ele>
				<time>2023-05-08T16:49:46Z</time>
			</trkpt>
			<trkpt lat="59.944192775185066" lon="30.273680380753778">
				<ele>7.466095745563507</ele>
				<time>2023-05-08T16:49:47Z</time>
			</trkpt>
			<trkpt lat="59.9441762107028" lon="30.27370056217708">
				<ele>7.882534013129771</ele>
				<time>2023-05-08T16:49:48Z</time>
			</trkpt>
			<trkpt lat="59.94415712964662" lon="30.27371703852525">
				<ele>7.313271817751229</ele>
				<time>2023-05-08T16:49:49Z</time>
			</trkpt>
			<trkpt lat="59.944126380635694" lon="30.273728313080213">
				<ele>5.914883906953037</ele>
				<time>2023-05-08T16:49:51Z</time>
			</trkpt>
			<trkpt lat="59.94409403147756" lon="30.27372813660387">
				<ele>5.344439057633281</ele>
				<time>2023-05-08T16:49:53Z</time>
			</trkpt>
			<trkpt lat="59.9440774243335" lon="30.2737643597425">
				<ele>5.218742278404534</ele>
				<time>2023-05-08T16:49:55Z</time>
			</trkpt>
			<trkpt lat="59.94405560511154" lon="30.273772677223533">
				<ele>4.816372049972415</ele>
				<time>2023-05-08T16:49:56Z</time>
			</trkpt>
			<trkpt lat="59.94404546678941" lon="30.273832357720682">
				<ele>5.13288789242506</ele>
				<time>2023-05-08T16:49:57Z</time>
			</trkpt>
			<trkpt lat="59.944017966423495" lon="30.27380453481809">
				<ele>6.8045741859823465</ele>
				<time>2023-05-08T16:49:59Z</time>
			</trkpt>
			<trkpt lat="59.94400004149212" lon="30.27384542231115">
				<ele>6.0843156492337584</ele>
				<time>2023-05-08T16:50:02Z</time>
			</trkpt>
			<trkpt lat="59.94396578341461" lon="30.27378285418846">
				<ele>6.693832258693874</ele>
				<time>2023-05-08T16:50:04Z</time>
			</trkpt>
			<trkpt lat="59.94394828061764" lon="30.273671310358417">
				<ele>7.739728162996471</ele>
				<time>2023-05-08T16:50:05Z</time>
			</trkpt>
			<trkpt lat="59.94391648068148" lon="30.273627756701778">
				<ele>7.634113021194935</ele>
				<time>2023-05-08T16:50:07Z</time>
			</trkpt>
			<trkpt lat="59.943900745133874" lon="30.27360204565108">
				<ele>6.863788530230522</ele>
				<time>2023-05-08T16:50:08Z</time>
			</trkpt>
			<trkpt lat="59.943884071736115" lon="30.273583587921266">
				<ele>7.169589698314667</ele>
				<time>2023-05-08T16:50:09Z</time>
			</trkpt>
			<trkpt lat="59.943867380126676" lon="30.27356562353864">
				<ele>6.772277686744928</ele>
				<time>2023-05-08T16:50:10Z</time>
			</trkpt>
			<trkpt lat="59.943847992117604" lon="30.27354372232748">
				<ele>7.162287350744009</ele>
				<time>2023-05-08T16:50:11Z</time>
			</trkpt>
			<trkpt lat="59.943831317002115" lon="30.273522701231197">
				<ele>6.936752154491842</ele>
				<time>2023-05-08T16:50:12Z</time>
			</trkpt>
			<trkpt lat="59.943820682777115" lon="30.273748805627832">
				<ele>17.498766282573342</ele>
				<time>2023-05-08T16:50:14Z</time>
			</trkpt>
			<trkpt lat="59.943749545533095" lon="30.273366685015134">
				<ele>7.412991709075868</ele>
				<time>2023-05-08T16:50:18Z</time>
			</trkpt>
			<trkpt lat="59.94381024091039" lon="30.2734729195772">
				<ele>7.380791339091957</ele>
				<time>2023-05-08T16:50:19Z</time>
			</trkpt>
			<trkpt lat="59.9438189457974" lon="30.273528328017225">
				<ele>8.200591125525534</ele>
				<time>2023-05-08T16:50:20Z</time>
			</trkpt>
			<trkpt lat="59.94383307121977" lon="30.273592388278004">
				<ele>8.221433569677174</ele>
				<time>2023-05-08T16:50:21Z</time>
			</trkpt>
			<trkpt lat="59.943799048216924" lon="30.273505254995467">
				<ele>6.301618102006614</ele>
				<time>2023-05-08T16:50:22Z</time>
			</trkpt>
			<trkpt lat="59.943773462461984" lon="30.2735211411751">
				<ele>5.733139406889677</ele>
				<time>2023-05-08T16:50:24Z</time>
			</trkpt>
			<trkpt lat="59.94376712894617" lon="30.273457984228447">
				<ele>6.594932219944894</ele>
				<time>2023-05-08T16:50:26Z</time>
			</trkpt>
			<trkpt lat="59.94374512673999" lon="30.27354167066791">
				<ele>6.3939375868067145</ele>
				<time>2023-05-08T16:50:27Z</time>
			</trkpt>
			<trkpt lat="59.943714468466474" lon="30.27351087044486">
				<ele>5.2714130422100425</ele>
				<time>2023-05-08T16:50:28Z</time>
			</trkpt>
			<trkpt lat="59.94369633292004" lon="30.273495858560793">
				<ele>5.1699973260983825</ele>
				<time>2023-05-08T16:50:30Z</time>
			</trkpt>
			<trkpt lat="59.943661253224136" lon="30.27346808387648">
				<ele>5.659960046410561</ele>
				<time>2023-05-08T16:50:31Z</time>
			</trkpt>
			<trkpt lat="59.943668945376" lon="30.273517119883458">
				<ele>5.950284140184522</ele>
				<time>2023-05-08T16:50:32Z</time>
			</trkpt>
			<trkpt lat="59.943650924804345" lon="30.273510299935765">
				<ele>6.549855752848089</ele>
				<time>2023-05-08T16:50:36Z</time>
			</trkpt>
			<trkpt lat="59.9433519121422" lon="30.2739650374271">
				<ele>18.676872925832868</ele>
				<time>2023-05-08T16:50:38Z</time>
			</trkpt>
			<trkpt lat="59.94332994703015" lon="30.273929064018034">
				<ele>21.21296783722937</ele>
				<time>2023-05-08T16:50:40Z</time>
			</trkpt>
			<trkpt lat="59.94380964716794" lon="30.2733310485548">
				<ele>6.492493950761855</ele>
				<time>2023-05-08T16:50:41Z</time>
			</trkpt>
			<trkpt lat="59.943718321040485" lon="30.273372078355063">
				<ele>4.614762000739574</ele>
				<time>2023-05-08T16:50:42Z</time>
			</trkpt>
			<trkpt lat="59.94368478933855" lon="30.273258237021253">
				<ele>3.996770572848618</ele>
				<time>2023-05-08T16:50:43Z</time>
			</trkpt>
			<trkpt lat="59.9436838919968" lon="30.273194148649015">
				<ele>6.192825635895133</ele>
				<time>2023-05-08T16:50:45Z</time>
			</trkpt>
			<trkpt lat="59.94369411565951" lon="30.273157872425998">
				<ele>6.356344575993717</ele>
				<time>2023-05-08T16:50:47Z</time>
			</trkpt>
			<trkpt lat="59.94369634964259" lon="30.27311984949568">
				<ele>6.819197034463286</ele>
				<time>2023-05-08T16:50:49Z</time>
			</trkpt>
			<trkpt lat="59.94370973989155" lon="30.273072593528312">
				<ele>6.652478555217385</ele>
				<time>2023-05-08T16:50:51Z</time>
			</trkpt>
			<trkpt lat="59.943716448017945" lon="30.273032335552042">
				<ele>6.554114569909871</ele>
				<time>2023-05-08T16:50:53Z</time>
			</trkpt>
			<trkpt lat="59.943700324521764" lon="30.273006146300812">
				<ele>5.745435387827456</ele>
				<time>2023-05-08T16:50:56Z</time>
			</trkpt>
			<trkpt lat="59.94375222810054" lon="30.272975861941223">
				<ele>4.843714882619679</ele>
				<time>2023-05-08T16:51:01Z</time>
			</trkpt>
			<trkpt lat="59.94376652849351" lon="30.272942863404072">
				<ele>5.170949801802635</ele>
				<time>2023-05-08T16:51:04Z</time>
			</trkpt>
			<trkpt lat="59.94377456091789" lon="30.27290065765844">
				<ele>5.016051035374403</ele>
				<time>2023-05-08T16:51:07Z</time>
			</trkpt>
			<trkpt lat="59.943785288950735" lon="30.272855879468256">
				<ele>4.9465332524850965</ele>
				<time>2023-05-08T16:51:10Z</time>
			</trkpt>
			<trkpt lat="59.94372908497255" lon="30.27384622025329">
				<ele>3.992063599638641</ele>
				<time>2023-05-08T16:51:11Z</time>
			</trkpt>
			<trkpt lat="59.9438089540504" lon="30.272798494980478">
				<ele>4.832103885710239</ele>
				<time>2023-05-08T16:51:15Z</time>
			</trkpt>
			<trkpt lat="59.9439430257219" lon="30.272835174081205">
				<ele>2.9785610660910606</ele>
				<time>2023-05-08T16:51:16Z</time>
			</trkpt>
			<trkpt lat="59.94399783628687" lon="30.272844423392943">
				<ele>3.8847605949267745</ele>
				<time>2023-05-08T16:51:17Z</time>
			</trkpt>
			<trkpt lat="59.9439585771023" lon="30.272874371879553">
				<ele>0.550064236856997</ele>
				<time>2023-05-08T16:51:18Z</time>
			</trkpt>
			<trkpt lat="59.9439498780151" lon="30.27290933004975">
				<ele>-0.5451187985017896</ele>
				<time>2023-05-08T16:51:19Z</time>
			</trkpt>
			<trkpt lat="59.94395841238454" lon="30.272957127085213">
				<ele>-1.0723057677969337</ele>
				<time>2023-05-08T16:51:20Z</time>
			</trkpt>
			<trkpt lat="59.9439593679949" lon="30.273063779456812">
				<ele>-3.2555389013141394</ele>
				<time>2023-05-08T16:51:21Z</time>
			</trkpt>
			<trkpt lat="59.94398636783644" lon="30.273215949231076">
				<ele>-7.250736601650715</ele>
				<time>2023-05-08T16:51:22Z</time>
			</trkpt>
			<trkpt lat="59.943987263020865" lon="30.27330039596441">
				<ele>-7.255155150778592</ele>
				<time>2023-05-08T16:51:23Z</time>
			</trkpt>
			<trkpt lat="59.94399149163337" lon="30.27342567467551">
				<ele>-9.76606320310384</ele>
				<time>2023-05-08T16:51:24Z</time>
			</trkpt>
			<trkpt lat="59.94399183072959" lon="30.27365531625981">
				<ele>-13.902751999907196</ele>
				<time>2023-05-08T16:51:25Z</time>
			</trkpt>
			<trkpt lat="59.94397285737202" lon="30.273775809341892">
				<ele>-16.552093351259828</ele>
				<time>2023-05-08T16:51:26Z</time>
			</trkpt>
			<trkpt lat="59.94389148739597" lon="30.27408152842127">
				<ele>-2.9464953942224383</ele>
				<time>2023-05-08T16:51:27Z</time>
			</trkpt>
			<trkpt lat="59.94387947748131" lon="30.274115346742576">
				<ele>-5.488908667117357</ele>
				<time>2023-05-08T16:51:29Z</time>
			</trkpt>
			<trkpt lat="59.94386759366447" lon="30.274145673137113">
				<ele>-4.061686174944043</ele>
				<time>2023-05-08T16:51:30Z</time>
			</trkpt>
			<trkpt lat="59.94385781542199" lon="30.27417968131956">
				<ele>-4.944794835522771</ele>
				<time>2023-05-08T16:51:32Z</time>
			</trkpt>
			<trkpt lat="59.94383447073954" lon="30.274224176640015">
				<ele>-4.470902883447707</ele>
				<time>2023-05-08T16:51:34Z</time>
			</trkpt>
			<trkpt lat="59.94382015407664" lon="30.27424581440961">
				<ele>-4.617798378691077</ele>
				<time>2023-05-08T16:51:35Z</time>
			</trkpt>
			<trkpt lat="59.9437797364184" lon="30.274284133609836">
				<ele>-5.7859571892768145</ele>
				<time>2023-05-08T16:51:37Z</time>
			</trkpt>
			<trkpt lat="59.943762439643024" lon="30.274315116640558">
				<ele>-3.662553660571575</ele>
				<time>2023-05-08T16:51:40Z</time>
			</trkpt>
			<trkpt lat="59.94374116491906" lon="30.274337173061856">
				<ele>-0.4092287812381983</ele>
				<time>2023-05-08T16:51:42Z</time>
			</trkpt>
			<trkpt lat="59.943710427536494" lon="30.27432519203206">
				<ele>0.7589844204485416</ele>
				<time>2023-05-08T16:51:43Z</time>
			</trkpt>
			<trkpt lat="59.94368191590853" lon="30.274354164293634">
				<ele>-3.6614718101918697</ele>
				<time>2023-05-08T16:51:45Z</time>
			</trkpt>
			<trkpt lat="59.94368721677755" lon="30.274399036884844">
				<ele>-3.335971873253584</ele>
				<time>2023-05-08T16:51:46Z</time>
			</trkpt>
			<trkpt lat="59.943667047648965" lon="30.274412702899294">
				<ele>-2.240991891361773</ele>
				<time>2023-05-08T16:51:47Z</time>
			</trkpt>
			<trkpt lat="59.94364632639516" lon="30.274445597777007">
				<ele>-2.30402875225991</ele>
				<time>2023-05-08T16:51:49Z</time>
			</trkpt>
			<trkpt lat="59.94363304594933" lon="30.27447051715233">
				<ele>-5.247678403742611</ele>
				<time>2023-05-08T16:51:50Z</time>
			</trkpt>
			<trkpt lat="59.94361557604907" lon="30.274491244719414">
				<ele>-5.073669407516718</ele>
				<time>2023-05-08T16:51:52Z</time>
			</trkpt>
			<trkpt lat="59.94360054746662" lon="30.274515517028085">
				<ele>-5.427053773775697</ele>
				<time>2023-05-08T16:51:54Z</time>
			</trkpt>
			<trkpt lat="59.94358828536766" lon="30.274548794733544">
				<ele>-7.347502366639674</ele>
				<time>2023-05-08T16:51:56Z</time>
			</trkpt>
			<trkpt lat="59.943572218362576" lon="30.274567473445913">
				<ele>-1.055844814516604</ele>
				<time>2023-05-08T16:51:58Z</time>
			</trkpt>
			<trkpt lat="59.9435421584322" lon="30.274577168070948">
				<ele>-3.322362881153822</ele>
				<time>2023-05-08T16:52:00Z</time>
			</trkpt>
			<trkpt lat="59.94352478351492" lon="30.274612265193987">
				<ele>-3.3396070720627904</ele>
				<time>2023-05-08T16:52:02Z</time>
			</trkpt>
			<trkpt lat="59.94350318629452" lon="30.274645553468666">
				<ele>-3.265888173133135</ele>
				<time>2023-05-08T16:52:05Z</time>
			</trkpt>
			<trkpt lat="59.943474206642634" lon="30.274646959254387">
				<ele>-0.4487110646441579</ele>
				<time>2023-05-08T16:52:07Z</time>
			</trkpt>
			<trkpt lat="59.943458853931624" lon="30.274666783829772">
				<ele>-2.140021082945168</ele>
				<time>2023-05-08T16:52:08Z</time>
			</trkpt>
			<trkpt lat="59.9434376804817" lon="30.27467919884783">
				<ele>-3.4090537168085575</ele>
				<time>2023-05-08T16:52:09Z</time>
			</trkpt>
			<trkpt lat="59.9434234692658" lon="30.274717734858164">
				<ele>-3.528673665598035</ele>
				<time>2023-05-08T16:52:11Z</time>
			</trkpt>
			<trkpt lat="59.943402777764184" lon="30.2747230195763">
				<ele>2.006727635860443</ele>
				<time>2023-05-08T16:52:12Z</time>
			</trkpt>
			<trkpt lat="59.943373001125295" lon="30.274716080766296">
				<ele>1.351477195508778</ele>
				<time>2023-05-08T16:52:13Z</time>
			</trkpt>
			<trkpt lat="59.943354289396744" lon="30.274763706878613">
				<ele>2.0245640939101577</ele>
				<time>2023-05-08T16:52:15Z</time>
			</trkpt>
			<trkpt lat="59.94332673966731" lon="30.274770075745217">
				<ele>1.494552274234593</ele>
				<time>2023-05-08T16:52:16Z</time>
			</trkpt>
			<trkpt lat="59.943306053693405" lon="30.274772634214646">
				<ele>1.8526828894391656</ele>
				<time>2023-05-08T16:52:17Z</time>
			</trkpt>
			<trkpt lat="59.94329352960276" lon="30.274807813328128">
				<ele>2.651170253753662</ele>
				<time>2023-05-08T16:52:19Z</time>
			</trkpt>
			<trkpt lat="59.94328365794494" lon="30.274861380677756">
				<ele>0.4066960718482733</ele>
				<time>2023-05-08T16:52:22Z</time>
			</trkpt>
			<trkpt lat="59.94326064027478" lon="30.274824344179773">
				<ele>-2.2204787312075496</ele>
				<time>2023-05-08T16:52:24Z</time>
			</trkpt>
			<trkpt lat="59.94323753300214" lon="30.274814269530538">
				<ele>-2.685891430824995</ele>
				<time>2023-05-08T16:52:25Z</time>
			</trkpt>
			<trkpt lat="59.94320867038398" lon="30.274817592281927">
				<ele>-2.908734170719981</ele>
				<time>2023-05-08T16:52:27Z</time>
			</trkpt>
			<trkpt lat="59.94319105433975" lon="30.274848532795218">
				<ele>-0.8517384100705385</ele>
				<time>2023-05-08T16:52:29Z</time>
			</trkpt>
			<trkpt lat="59.94314754506114" lon="30.274826793517704">
				<ele>2.6416672989726067</ele>
				<time>2023-05-08T16:52:31Z</time>
			</trkpt>
			<trkpt lat="59.94311922960931" lon="30.27485550709803">
				<ele>1.5397644331678748</ele>
				<time>2023-05-08T16:52:33Z</time>
			</trkpt>
			<trkpt lat="59.94310312273406" lon="30.27488726015899">
				<ele>1.739022010937333</ele>
				<time>2023-05-08T16:52:35Z</time>
			</trkpt>
			<trkpt lat="59.943090806965806" lon="30.274930167491053">
				<ele>1.3427949715405703</ele>
				<time>2023-05-08T16:52:37Z</time>
			</trkpt>
			<trkpt lat="59.9430658605921" lon="30.274968012300718">
				<ele>4.219434719532728</ele>
				<time>2023-05-08T16:52:40Z</time>
			</trkpt>
			<trkpt lat="59.94304684857962" lon="30.27495717343244">
				<ele>3.061182014644146</ele>
				<time>2023-05-08T16:52:41Z</time>
			</trkpt>
			<trkpt lat="59.94301528602222" lon="30.27498391453838">
				<ele>2.708109274506569</ele>
				<time>2023-05-08T16:52:43Z</time>
			</trkpt>
			<trkpt lat="59.94300920456465" lon="30.27501801286888">
				<ele>1.1953252721577883</ele>
				<time>2023-05-08T16:52:45Z</time>
			</trkpt>
			<trkpt lat="59.94297747028264" lon="30.2750218948449">
				<ele>0.07418149523437023</ele>
				<time>2023-05-08T16:52:47Z</time>
			</trkpt>
			<trkpt lat="59.942951335025406" lon="30.27499637547607">
				<ele>-0.31484805047512054</ele>
				<time>2023-05-08T16:52:49Z</time>
			</trkpt>
			<trkpt lat="59.942943210757456" lon="30.275032079057922">
				<ele>-0.2274066749960184</ele>
				<time>2023-05-08T16:52:51Z</time>
			</trkpt>
			<trkpt lat="59.94292304560477" lon="30.275064845919044">
				<ele>-1.4623383302241564</ele>
				<time>2023-05-08T16:52:54Z</time>
			</trkpt>
			<trkpt lat="59.94289561151981" lon="30.275079057559772">
				<ele>-1.5922348396852612</ele>
				<time>2023-05-08T16:52:57Z</time>
			</trkpt>
			<trkpt lat="59.94287372620805" lon="30.27513268244221">
				<ele>-3.518519517034292</ele>
				<time>2023-05-08T16:52:59Z</time>
			</trkpt>
			<trkpt lat="59.94285858823459" lon="30.27510135467828">
				<ele>-4.73241485003382</ele>
				<time>2023-05-08T16:53:00Z</time>
			</trkpt>
			<trkpt lat="59.942840821622305" lon="30.275093920706084">
				<ele>-3.944084451533854</ele>
				<time>2023-05-08T16:53:01Z</time>
			</trkpt>
			<trkpt lat="59.94282259291497" lon="30.275090776754993">
				<ele>-1.271577269770205</ele>
				<time>2023-05-08T16:53:03Z</time>
			</trkpt>
			<trkpt lat="59.94281475302269" lon="30.27514208411348">
				<ele>-2.942912232130766</ele>
				<time>2023-05-08T16:53:06Z</time>
			</trkpt>
			<trkpt lat="59.94279697249042" lon="30.27516384220984">
				<ele>-2.964865512214601</ele>
				<time>2023-05-08T16:53:08Z</time>
			</trkpt>
			<trkpt lat="59.942781638028166" lon="30.2751858438216">
				<ele>-2.0289657851681113</ele>
				<time>2023-05-08T16:53:11Z</time>
			</trkpt>
			<trkpt lat="59.94276435353063" lon="30.27516969287964">
				<ele>-3.9956032317131758</ele>
				<time>2023-05-08T16:53:13Z</time>
			</trkpt>
			<trkpt lat="59.94273539716015" lon="30.27515799564836">
				<ele>-4.264079318381846</ele>
				<time>2023-05-08T16:53:15Z</time>
			</trkpt>
			<trkpt lat="59.94270894211211" lon="30.27514564601505">
				<ele>-4.1283790953457355</ele>
				<time>2023-05-08T16:53:16Z</time>
			</trkpt>
			<trkpt lat="59.9426817908244" lon="30.275141861584757">
				<ele>-4.462439372204244</ele>
				<time>2023-05-08T16:53:18Z</time>
			</trkpt>
			<trkpt lat="59.942660022976206" lon="30.275153955358643">
				<ele>-3.4795457692816854</ele>
				<time>2023-05-08T16:53:22Z</time>
			</trkpt>
			<trkpt lat="59.942643873481934" lon="30.27519054817399">
				<ele>-3.752732664346695</ele>
				<time>2023-05-08T16:53:23Z</time>
			</trkpt>
			<trkpt lat="59.94262409758733" lon="30.2752237539702">
				<ele>-3.8819775357842445</ele>
				<time>2023-05-08T16:53:25Z</time>
			</trkpt>
			<trkpt lat="59.94260444454322" lon="30.275270672954868">
				<ele>-2.777530756779015</ele>
				<time>2023-05-08T16:53:26Z</time>
			</trkpt>
			<trkpt lat="59.9425789397722" lon="30.275280521574352">
				<ele>-3.475203492678702</ele>
				<time>2023-05-08T16:53:28Z</time>
			</trkpt>
			<trkpt lat="59.94255876273375" lon="30.27523866982687">
				<ele>-2.6818428337574005</ele>
				<time>2023-05-08T16:53:29Z</time>
			</trkpt>
			<trkpt lat="59.9425543500384" lon="30.27528935376462">
				<ele>-3.6076191784814</ele>
				<time>2023-05-08T16:53:31Z</time>
			</trkpt>
			<trkpt lat="59.94253744573931" lon="30.275402659840054">
				<ele>-2.5413497826084495</ele>
				<time>2023-05-08T16:53:33Z</time>
			</trkpt>
			<trkpt lat="59.942513651264576" lon="30.275402354889007">
				<ele>-3.376179355196655</ele>
				<time>2023-05-08T16:53:34Z</time>
			</trkpt>
			<trkpt lat="59.94250615575512" lon="30.27545187166404">
				<ele>-2.81817012000829</ele>
				<time>2023-05-08T16:53:35Z</time>
			</trkpt>
			<trkpt lat="59.94250787236594" lon="30.275566357923864">
				<ele>-0.6441158298403025</ele>
				<time>2023-05-08T16:53:37Z</time>
			</trkpt>
			<trkpt lat="59.942508706310264" lon="30.275611045737794">
				<ele>0.7913881856948137</ele>
				<time>2023-05-08T16:53:38Z</time>
			</trkpt>
			<trkpt lat="59.942505513017245" lon="30.275669350038648">
				<ele>0.9089513849467039</ele>
				<time>2023-05-08T16:53:39Z</time>
			</trkpt>
			<trkpt lat="59.94251007704002" lon="30.275777651764564">
				<ele>2.343140196055174</ele>
				<time>2023-05-08T16:53:40Z</time>
			</trkpt>
			<trkpt lat="59.94252920450212" lon="30.275757094352194">
				<ele>3.0204046852886677</ele>
				<time>2023-05-08T16:53:41Z</time>
			</trkpt>
			<trkpt lat="59.94253388454465" lon="30.275832736897314">
				<ele>5.315025417134166</ele>
				<time>2023-05-08T16:53:42Z</time>
			</trkpt>
			<trkpt lat="59.942550095040104" lon="30.27587408848124">
				<ele>5.472356076352298</ele>
				<time>2023-05-08T16:53:44Z</time>
			</trkpt>
			<trkpt lat="59.9425557193855" lon="30.275981183055677">
				<ele>5.3811541851609945</ele>
				<time>2023-05-08T16:53:46Z</time>
			</trkpt>
			<trkpt lat="59.9425565685809" lon="30.27601763435183">
				<ele>7.076083763502538</ele>
				<time>2023-05-08T16:53:47Z</time>
			</trkpt>
			<trkpt lat="59.94256149454727" lon="30.276052224530073">
				<ele>7.149517936632037</ele>
				<time>2023-05-08T16:53:48Z</time>
			</trkpt>
			<trkpt lat="59.94256935686596" lon="30.276114265397382">
				<ele>6.536965943872929</ele>
				<time>2023-05-08T16:53:50Z</time>
			</trkpt>
			<trkpt lat="59.9425827548405" lon="30.276143738548004">
				<ele>2.756338835693896</ele>
				<time>2023-05-08T16:53:53Z</time>
			</trkpt>
			<trkpt lat="59.94261704340568" lon="30.276196786806562">
				<ele>3.068687414750457</ele>
				<time>2023-05-08T16:53:55Z</time>
			</trkpt>
			<trkpt lat="59.942633703215314" lon="30.276170862909066">
				<ele>2.6166697926819324</ele>
				<time>2023-05-08T16:53:56Z</time>
			</trkpt>
			<trkpt lat="59.94264788321853" lon="30.27621556192173">
				<ele>1.0017135255038738</ele>
				<time>2023-05-08T16:53:58Z</time>
			</trkpt>
			<trkpt lat="59.94266431317438" lon="30.276283877609227">
				<ele>1.1334217907860875</ele>
				<time>2023-05-08T16:54:00Z</time>
			</trkpt>
			<trkpt lat="59.94267399514061" lon="30.276332663013587">
				<ele>3.1611645771190524</ele>
				<time>2023-05-08T16:54:01Z</time>
			</trkpt>
			<trkpt lat="59.9426737317688" lon="30.276371992211367">
				<ele>3.896043068729341</ele>
				<time>2023-05-08T16:54:02Z</time>
			</trkpt>
			<trkpt lat="59.9426700654033" lon="30.276416949554825">
				<ele>3.7924755001440644</ele>
				<time>2023-05-08T16:54:03Z</time>
			</trkpt>
			<trkpt lat="59.94268270564662" lon="30.276454501736353">
				<ele>0.746073198504746</ele>
				<time>2023-05-08T16:54:05Z</time>
			</trkpt>
			<trkpt lat="59.942686883208815" lon="30.276503636202982">
				<ele>0.8067511031404138</ele>
				<time>2023-05-08T16:54:07Z</time>
			</trkpt>
			<trkpt lat="59.94269605038182" lon="30.276534959928338">
				<ele>0.9140788549557328</ele>
				<time>2023-05-08T16:54:08Z</time>
			</trkpt>
			<trkpt lat="59.94272482949813" lon="30.276586355266367">
				<ele>1.351369870826602</ele>
				<time>2023-05-08T16:54:10Z</time>
			</trkpt>
			<trkpt lat="59.94273868627276" lon="30.276648868696537">
				<ele>2.6244356278330088</ele>
				<time>2023-05-08T16:54:12Z</time>
			</trkpt>
			<trkpt lat="59.942743610192714" lon="30.27668903048866">
				<ele>4.067071075551212</ele>
				<time>2023-05-08T16:54:13Z</time>
			</trkpt>
			<trkpt lat="59.94274406173423" lon="30.276726710862768">
				<ele>4.443771966733038</ele>
				<time>2023-05-08T16:54:14Z</time>
			</trkpt>
			<trkpt lat="59.94276110642055" lon="30.27674521016516">
				<ele>4.939369786530733</ele>
				<time>2023-05-08T16:54:15Z</time>
			</trkpt>
			<trkpt lat="59.94278855517894" lon="30.276771038285386">
				<ele>4.648347876034677</ele>
				<time>2023-05-08T16:54:17Z</time>
			</trkpt>
			<trkpt lat="59.94279888924474" lon="30.276806376080437">
				<ele>3.292451404966414</ele>
				<time>2023-05-08T16:54:19Z</time>
			</trkpt>
			<trkpt lat="59.94279496583838" lon="30.276842008732455">
				<ele>3.461347402073443</ele>
				<time>2023-05-08T16:54:20Z</time>
			</trkpt>
			<trkpt lat="59.94279148218245" lon="30.27689874823649">
				<ele>4.698032232001424</ele>
				<time>2023-05-08T16:54:21Z</time>
			</trkpt>
			<trkpt lat="59.94280457846793" lon="30.276928474996666">
				<ele>5.0968454061076045</ele>
				<time>2023-05-08T16:54:22Z</time>
			</trkpt>
			<trkpt lat="59.94280881987852" lon="30.27696725119307">
				<ele>5.05966426525265</ele>
				<time>2023-05-08T16:54:23Z</time>
			</trkpt>
			<trkpt lat="59.942827528799235" lon="30.27700079316821">
				<ele>3.032503147609532</ele>
				<time>2023-05-08T16:54:25Z</time>
			</trkpt>
			<trkpt lat="59.94283246797567" lon="30.277040819450665">
				<ele>2.966774639673531</ele>
				<time>2023-05-08T16:54:26Z</time>
			</trkpt>
			<trkpt lat="59.94285209420413" lon="30.277088777213624">
				<ele>4.6656502187252045</ele>
				<time>2023-05-08T16:54:28Z</time>
			</trkpt>
			<trkpt lat="59.94285334073455" lon="30.277128912328305">
				<ele>4.672933318652213</ele>
				<time>2023-05-08T16:54:29Z</time>
			</trkpt>
			<trkpt lat="59.94287848493558" lon="30.27717653748598">
				<ele>4.021288734860718</ele>
				<time>2023-05-08T16:54:31Z</time>
			</trkpt>
			<trkpt lat="59.94288458645536" lon="30.277210363515934">
				<ele>3.6937796026468277</ele>
				<time>2023-05-08T16:54:32Z</time>
			</trkpt>
			<trkpt lat="59.94288012930286" lon="30.27725295245992">
				<ele>4.768018622882664</ele>
				<time>2023-05-08T16:54:33Z</time>
			</trkpt>
			<trkpt lat="59.942880066023214" lon="30.277302986089445">
				<ele>6.38499515876174</ele>
				<time>2023-05-08T16:54:34Z</time>
			</trkpt>
			<trkpt lat="59.94289330518277" lon="30.277347191628547">
				<ele>6.961620832793415</ele>
				<time>2023-05-08T16:54:36Z</time>
			</trkpt>
			<trkpt lat="59.942913988175036" lon="30.277400761083687">
				<ele>7.2346645090729</ele>
				<time>2023-05-08T16:54:38Z</time>
			</trkpt>
			<trkpt lat="59.942910138222075" lon="30.277472708079063">
				<ele>5.196685215458274</ele>
				<time>2023-05-08T16:54:40Z</time>
			</trkpt>
			<trkpt lat="59.94290733173817" lon="30.277523168957273">
				<ele>5.749811282381415</ele>
				<time>2023-05-08T16:54:42Z</time>
			</trkpt>
			<trkpt lat="59.94291921217232" lon="30.277563557918356">
				<ele>5.3796546114608645</ele>
				<time>2023-05-08T16:54:45Z</time>
			</trkpt>
			<trkpt lat="59.942927983876956" lon="30.27762032847486">
				<ele>5.655958496965468</ele>
				<time>2023-05-08T16:54:46Z</time>
			</trkpt>
			<trkpt lat="59.94294766780464" lon="30.27766967097021">
				<ele>6.109766360372305</ele>
				<time>2023-05-08T16:54:48Z</time>
			</trkpt>
			<trkpt lat="59.94295732171228" lon="30.27771232697441">
				<ele>4.620434696786106</ele>
				<time>2023-05-08T16:54:50Z</time>
			</trkpt>
			<trkpt lat="59.94297374218045" lon="30.277730638492457">
				<ele>5.710931406356394</ele>
				<time>2023-05-08T16:54:51Z</time>
			</trkpt>
			<trkpt lat="59.94297315593323" lon="30.2777796715334">
				<ele>6.249489973299205</ele>
				<time>2023-05-08T16:54:52Z</time>
			</trkpt>
			<trkpt lat="59.94299273956265" lon="30.277824228135298">
				<ele>7.312829341739416</ele>
				<time>2023-05-08T16:54:54Z</time>
			</trkpt>
			<trkpt lat="59.943011823008554" lon="30.27787698418009">
				<ele>7.952448504976928</ele>
				<time>2023-05-08T16:54:56Z</time>
			</trkpt>
			<trkpt lat="59.943018351470805" lon="30.277933393909706">
				<ele>6.150984416715801</ele>
				<time>2023-05-08T16:54:58Z</time>
			</trkpt>
			<trkpt lat="59.943046317064876" lon="30.277965988359423">
				<ele>5.160082687623799</ele>
				<time>2023-05-08T16:55:00Z</time>
			</trkpt>
			<trkpt lat="59.94306285499093" lon="30.278011116705166">
				<ele>6.277800294570625</ele>
				<time>2023-05-08T16:55:02Z</time>
			</trkpt>
			<trkpt lat="59.94308975985338" lon="30.278041397618985">
				<ele>6.4866664968431</ele>
				<time>2023-05-08T16:55:04Z</time>
			</trkpt>
			<trkpt lat="59.94308945359486" lon="30.278114197207728">
				<ele>7.961950274184346</ele>
				<time>2023-05-08T16:55:05Z</time>
			</trkpt>
			<trkpt lat="59.943110906102355" lon="30.278159964137867">
				<ele>8.210582254454494</ele>
				<time>2023-05-08T16:55:07Z</time>
			</trkpt>
			<trkpt lat="59.94311140726891" lon="30.278238697337965">
				<ele>8.71386007592082</ele>
				<time>2023-05-08T16:55:09Z</time>
			</trkpt>
			<trkpt lat="59.94313421130356" lon="30.278250435774623">
				<ele>8.382772049866617</ele>
				<time>2023-05-08T16:55:11Z</time>
			</trkpt>
			<trkpt lat="59.94315425872619" lon="30.27826233985488">
				<ele>8.382681024260819</ele>
				<time>2023-05-08T16:55:13Z</time>
			</trkpt>
			<trkpt lat="59.94316656005119" lon="30.27828862776056">
				<ele>7.6309208227321506</ele>
				<time>2023-05-08T16:55:15Z</time>
			</trkpt>
			<trkpt lat="59.943183175972166" lon="30.278319577202495">
				<ele>8.224638445302844</ele>
				<time>2023-05-08T16:55:17Z</time>
			</trkpt>
			<trkpt lat="59.9431976912346" lon="30.278349991756272">
				<ele>8.178787305019796</ele>
				<time>2023-05-08T16:55:19Z</time>
			</trkpt>
			<trkpt lat="59.94321713234087" lon="30.27838342331513">
				<ele>9.121613054536283</ele>
				<time>2023-05-08T16:55:20Z</time>
			</trkpt>
			<trkpt lat="59.94322767646701" lon="30.27842375051296">
				<ele>6.875684537924826</ele>
				<time>2023-05-08T16:55:22Z</time>
			</trkpt>
			<trkpt lat="59.94323450878633" lon="30.278460043166906">
				<ele>7.341515956446528</ele>
				<time>2023-05-08T16:55:23Z</time>
			</trkpt>
			<trkpt lat="59.9432302853846" lon="30.278509390043684">
				<ele>7.680861000902951</ele>
				<time>2023-05-08T16:55:24Z</time>
			</trkpt>
			<trkpt lat="59.94324806226621" lon="30.278517646382323">
				<ele>8.025409873574972</ele>
				<time>2023-05-08T16:55:25Z</time>
			</trkpt>
			<trkpt lat="59.943272479541996" lon="30.278540000620186">
				<ele>10.14789795409888</ele>
				<time>2023-05-08T16:55:27Z</time>
			</trkpt>
			<trkpt lat="59.94328540937062" lon="30.27858889254529">
				<ele>10.321687228046358</ele>
				<time>2023-05-08T16:55:29Z</time>
			</trkpt>
			<trkpt lat="59.94328467607389" lon="30.278632574651315">
				<ele>11.315900953486562</ele>
				<time>2023-05-08T16:55:30Z</time>
			</trkpt>
			<trkpt lat="59.94331316197304" lon="30.27864618145538">
				<ele>11.698914130218327</ele>
				<time>2023-05-08T16:55:32Z</time>
			</trkpt>
			<trkpt lat="59.943315138557544" lon="30.278698818677093">
				<ele>10.500038750469685</ele>
				<time>2023-05-08T16:55:33Z</time>
			</trkpt>
			<trkpt lat="59.943318386034015" lon="30.278737782857206">
				<ele>6.55400066357106</ele>
				<time>2023-05-08T16:55:35Z</time>
			</trkpt>
			<trkpt lat="59.943328536037015" lon="30.27878842830504">
				<ele>5.892718398943543</ele>
				<time>2023-05-08T16:55:37Z</time>
			</trkpt>
			<trkpt lat="59.943331529147166" lon="30.278845383751523">
				<ele>5.596959818154573</ele>
				<time>2023-05-08T16:55:40Z</time>
			</trkpt>
			<trkpt lat="59.94334292557664" lon="30.278914807468762">
				<ele>7.420026165433228</ele>
				<time>2023-05-08T16:55:42Z</time>
			</trkpt>
			<trkpt lat="59.943368396886555" lon="30.278903118230055">
				<ele>6.145419532433152</ele>
				<time>2023-05-08T16:55:43Z</time>
			</trkpt>
			<trkpt lat="59.943386706436094" lon="30.278969584327957">
				<ele>7.901270322501659</ele>
				<time>2023-05-08T16:55:44Z</time>
			</trkpt>
			<trkpt lat="59.94340875159438" lon="30.278991281950905">
				<ele>7.95352323167026</ele>
				<time>2023-05-08T16:55:45Z</time>
			</trkpt>
		</trkseg>
	</trk>
</gpx>
