<?xml version="1.0" encoding="UTF-8"?>
<gpx xmlns:xsi="http://www.w3.org/2001/XMLSchema-instance" xmlns="http://www.topografix.com/GPX/1/1" xsi:schemaLocation="http://www.topografix.com/GPX/1/1 http://www.topografix.com/GPX/1/1/gpx.xsd" version="1.1" creator="Open GPX Tracker for iOS">
	<trk>
		<trkseg>
			<trkpt lat="59.93507145909586" lon="30.325801614700186">
				<ele>14.96514892578125</ele>
				<time>2022-09-08T15:07:49Z</time>
			</trkpt>
			<trkpt lat="59.935025861542606" lon="30.326221631868115">
				<ele>14.3970947265625</ele>
				<time>2022-09-08T15:07:50Z</time>
			</trkpt>
			<trkpt lat="59.935059850159966" lon="30.326204951880804">
				<ele>13.8275146484375</ele>
				<time>2022-09-08T15:07:51Z</time>
			</trkpt>
			<trkpt lat="59.935029717218065" lon="30.326153822271454">
				<ele>14.2401123046875</ele>
				<time>2022-09-08T15:07:52Z</time>
			</trkpt>
			<trkpt lat="59.93504669057199" lon="30.32606028023206">
				<ele>22.3544921875</ele>
				<time>2022-09-08T15:07:53Z</time>
			</trkpt>
			<trkpt lat="59.934939066935264" lon="30.32611065547012">
				<ele>5.8070068359375</ele>
				<time>2022-09-08T15:07:54Z</time>
			</trkpt>
			<trkpt lat="59.934919118005716" lon="30.326001523090827">
				<ele>7.91937255859375</ele>
				<time>2022-09-08T15:07:55Z</time>
			</trkpt>
			<trkpt lat="59.93504400836297" lon="30.326044270797002">
				<ele>-1.10052490234375</ele>
				<time>2022-09-08T15:07:56Z</time>
			</trkpt>
			<trkpt lat="59.935062406640434" lon="30.32599825414859">
				<ele>5.11566162109375</ele>
				<time>2022-09-08T15:07:58Z</time>
			</trkpt>
			<trkpt lat="59.93508034391322" lon="30.326016023783314">
				<ele>1.12872314453125</ele>
				<time>2022-09-08T15:08:01Z</time>
			</trkpt>
			<trkpt lat="59.935103016961605" lon="30.326046953006013">
				<ele>3.311283187009394</ele>
				<time>2022-09-08T15:08:05Z</time>
			</trkpt>
			<trkpt lat="59.935083763655435" lon="30.32604386204999">
				<ele>3.04649552796036</ele>
				<time>2022-09-08T15:08:20Z</time>
			</trkpt>
			<trkpt lat="59.93505478259883" lon="30.326016714633226">
				<ele>2.8607380026951432</ele>
				<time>2022-09-08T15:08:22Z</time>
			</trkpt>
			<trkpt lat="59.93505385707381" lon="30.32597579118471">
				<ele>4.880535305477679</ele>
				<time>2022-09-08T15:08:24Z</time>
			</trkpt>
			<trkpt lat="59.93505602386536" lon="30.325931554719965">
				<ele>5.962544183246791</ele>
				<time>2022-09-08T15:08:26Z</time>
			</trkpt>
			<trkpt lat="59.935077550489204" lon="30.325909673327367">
				<ele>5.686977126635611</ele>
				<time>2022-09-08T15:08:29Z</time>
			</trkpt>
			<trkpt lat="59.935068714234575" lon="30.32595036239081">
				<ele>3.604884935542941</ele>
				<time>2022-09-08T15:08:31Z</time>
			</trkpt>
			<trkpt lat="59.93506780471179" lon="30.32600458744914">
				<ele>2.396024159155786</ele>
				<time>2022-09-08T15:08:33Z</time>
			</trkpt>
			<trkpt lat="59.935082001156445" lon="30.326049213669915">
				<ele>0.6241447925567627</ele>
				<time>2022-09-08T15:08:34Z</time>
			</trkpt>
			<trkpt lat="59.935075224031365" lon="30.326105418051867">
				<ele>-0.4754362888634205</ele>
				<time>2022-09-08T15:08:35Z</time>
			</trkpt>
			<trkpt lat="59.935072579289375" lon="30.326147816422495">
				<ele>-1.1862211776897311</ele>
				<time>2022-09-08T15:08:36Z</time>
			</trkpt>
			<trkpt lat="59.935043467806" lon="30.326141747074864">
				<ele>-1.6774880141019821</ele>
				<time>2022-09-08T15:08:38Z</time>
			</trkpt>
			<trkpt lat="59.935022396280964" lon="30.326099460632257">
				<ele>4.919572931714356</ele>
				<time>2022-09-08T15:08:43Z</time>
			</trkpt>
			<trkpt lat="59.935004479759804" lon="30.326093392503523">
				<ele>1.617279107682407</ele>
				<time>2022-09-08T15:08:45Z</time>
			</trkpt>
			<trkpt lat="59.93498294884844" lon="30.32607517142455">
				<ele>2.513762363232672</ele>
				<time>2022-09-08T15:08:48Z</time>
			</trkpt>
			<trkpt lat="59.93496209447876" lon="30.326099834072384">
				<ele>3.5857188003137708</ele>
				<time>2022-09-08T15:08:50Z</time>
			</trkpt>
			<trkpt lat="59.93494350012714" lon="30.326106067789762">
				<ele>5.183537534438074</ele>
				<time>2022-09-08T15:08:51Z</time>
			</trkpt>
			<trkpt lat="59.934945737250146" lon="30.326057139514848">
				<ele>3.4803254762664437</ele>
				<time>2022-09-08T15:08:53Z</time>
			</trkpt>
			<trkpt lat="59.93492181260241" lon="30.32605227984884">
				<ele>3.706171807833016</ele>
				<time>2022-09-08T15:08:54Z</time>
			</trkpt>
			<trkpt lat="59.9348955320525" lon="30.326044395088505">
				<ele>3.7242700029164553</ele>
				<time>2022-09-08T15:08:55Z</time>
			</trkpt>
			<trkpt lat="59.934870814478806" lon="30.326018750090828">
				<ele>3.431925636716187</ele>
				<time>2022-09-08T15:08:56Z</time>
			</trkpt>
			<trkpt lat="59.93485559831331" lon="30.3259657202508">
				<ele>3.775969627313316</ele>
				<time>2022-09-08T15:08:58Z</time>
			</trkpt>
			<trkpt lat="59.93483928724057" lon="30.325922833917325">
				<ele>-0.22702799551188946</ele>
				<time>2022-09-08T15:09:01Z</time>
			</trkpt>
			<trkpt lat="59.93481296727044" lon="30.325848106844624">
				<ele>3.6422782922163606</ele>
				<time>2022-09-08T15:09:03Z</time>
			</trkpt>
			<trkpt lat="59.9348394913045" lon="30.325817962566358">
				<ele>1.4649292519316077</ele>
				<time>2022-09-08T15:09:04Z</time>
			</trkpt>
			<trkpt lat="59.93486230077181" lon="30.325778707901808">
				<ele>1.4510592073202133</ele>
				<time>2022-09-08T15:09:05Z</time>
			</trkpt>
			<trkpt lat="59.934865432192346" lon="30.325710240538733">
				<ele>1.7468207404017448</ele>
				<time>2022-09-08T15:09:07Z</time>
			</trkpt>
			<trkpt lat="59.934845767333435" lon="30.325713375297937">
				<ele>-0.2005652766674757</ele>
				<time>2022-09-08T15:09:11Z</time>
			</trkpt>
			<trkpt lat="59.93483243272965" lon="30.32573898452955">
				<ele>-0.018695433624088764</ele>
				<time>2022-09-08T15:09:15Z</time>
			</trkpt>
			<trkpt lat="59.93481373878961" lon="30.325702452879554">
				<ele>-5.012301729992032</ele>
				<time>2022-09-08T15:09:17Z</time>
			</trkpt>
			<trkpt lat="59.934775351821266" lon="30.325682772428852">
				<ele>-4.190409081056714</ele>
				<time>2022-09-08T15:09:20Z</time>
			</trkpt>
			<trkpt lat="59.9347562303131" lon="30.32565594904955">
				<ele>-0.9950447287410498</ele>
				<time>2022-09-08T15:09:23Z</time>
			</trkpt>
			<trkpt lat="59.93474173348614" lon="30.32576915672378">
				<ele>-1.9878898421302438</ele>
				<time>2022-09-08T15:09:24Z</time>
			</trkpt>
			<trkpt lat="59.93468189647698" lon="30.32578319154635">
				<ele>-1.9158998597413301</ele>
				<time>2022-09-08T15:09:25Z</time>
			</trkpt>
			<trkpt lat="59.93467050774385" lon="30.32568558904366">
				<ele>-2.556062314659357</ele>
				<time>2022-09-08T15:09:26Z</time>
			</trkpt>
			<trkpt lat="59.93464834134474" lon="30.325675816922754">
				<ele>0.9881174741312861</ele>
				<time>2022-09-08T15:09:29Z</time>
			</trkpt>
			<trkpt lat="59.93461388825864" lon="30.3257059865362">
				<ele>1.3888487545773387</ele>
				<time>2022-09-08T15:09:31Z</time>
			</trkpt>
			<trkpt lat="59.93459390056596" lon="30.32571824623216">
				<ele>0.0073768505826592445</ele>
				<time>2022-09-08T15:09:32Z</time>
			</trkpt>
			<trkpt lat="59.93462187660003" lon="30.32571608699435">
				<ele>-4.598567224107683</ele>
				<time>2022-09-08T15:09:35Z</time>
			</trkpt>
			<trkpt lat="59.93463985531972" lon="30.32573185543888">
				<ele>-6.808462311513722</ele>
				<time>2022-09-08T15:09:40Z</time>
			</trkpt>
			<trkpt lat="59.934627577125106" lon="30.32570440633778">
				<ele>-4.0337136797606945</ele>
				<time>2022-09-08T15:09:43Z</time>
			</trkpt>
			<trkpt lat="59.9345934537639" lon="30.325715902347866">
				<ele>0.5798487225547433</ele>
				<time>2022-09-08T15:09:55Z</time>
			</trkpt>
			<trkpt lat="59.93456177516703" lon="30.32570492197953">
				<ele>0.005537747405469418</ele>
				<time>2022-09-08T15:09:57Z</time>
			</trkpt>
			<trkpt lat="59.934545595927894" lon="30.325688910041368">
				<ele>-0.5948291821405292</ele>
				<time>2022-09-08T15:09:59Z</time>
			</trkpt>
			<trkpt lat="59.93453764543322" lon="30.32572979041522">
				<ele>-1.793033285997808</ele>
				<time>2022-09-08T15:10:01Z</time>
			</trkpt>
			<trkpt lat="59.93449616814267" lon="30.32569458786818">
				<ele>-0.540496920235455</ele>
				<time>2022-09-08T15:10:02Z</time>
			</trkpt>
			<trkpt lat="59.93446095010324" lon="30.325689587256395">
				<ele>0.9577209008857608</ele>
				<time>2022-09-08T15:10:03Z</time>
			</trkpt>
			<trkpt lat="59.93443532476225" lon="30.325671985946663">
				<ele>0.3025930617004633</ele>
				<time>2022-09-08T15:10:05Z</time>
			</trkpt>
			<trkpt lat="59.9344242366494" lon="30.32564153754112">
				<ele>-3.9343071170151234</ele>
				<time>2022-09-08T15:10:10Z</time>
			</trkpt>
			<trkpt lat="59.934386499996975" lon="30.325628818072172">
				<ele>-1.2021302795037627</ele>
				<time>2022-09-08T15:10:13Z</time>
			</trkpt>
			<trkpt lat="59.93436914807262" lon="30.32559378608229">
				<ele>-1.25337337795645</ele>
				<time>2022-09-08T15:10:16Z</time>
			</trkpt>
			<trkpt lat="59.93434117311187" lon="30.325604667824038">
				<ele>-1.8467057319357991</ele>
				<time>2022-09-08T15:10:19Z</time>
			</trkpt>
			<trkpt lat="59.93431478263317" lon="30.325619129918344">
				<ele>-4.2906927010044456</ele>
				<time>2022-09-08T15:10:23Z</time>
			</trkpt>
			<trkpt lat="59.934284318428844" lon="30.32563818977542">
				<ele>-3.360161032527685</ele>
				<time>2022-09-08T15:10:25Z</time>
			</trkpt>
			<trkpt lat="59.93425595548778" lon="30.325642793083343">
				<ele>-2.512866332195699</ele>
				<time>2022-09-08T15:10:27Z</time>
			</trkpt>
			<trkpt lat="59.93422724407645" lon="30.325655274114588">
				<ele>-2.7345426082611084</ele>
				<time>2022-09-08T15:10:29Z</time>
			</trkpt>
			<trkpt lat="59.93420093390055" lon="30.325648186767427">
				<ele>-2.281332311220467</ele>
				<time>2022-09-08T15:10:31Z</time>
			</trkpt>
			<trkpt lat="59.93416667205881" lon="30.32565312133053">
				<ele>-3.5297584673389792</ele>
				<time>2022-09-08T15:10:35Z</time>
			</trkpt>
			<trkpt lat="59.93413921889378" lon="30.325650878288563">
				<ele>-2.996429822407663</ele>
				<time>2022-09-08T15:10:37Z</time>
			</trkpt>
			<trkpt lat="59.93412095332812" lon="30.325640740204648">
				<ele>-1.0669101290404797</ele>
				<time>2022-09-08T15:10:39Z</time>
			</trkpt>
			<trkpt lat="59.934099037478845" lon="30.325637322331147">
				<ele>-1.67990727070719</ele>
				<time>2022-09-08T15:10:41Z</time>
			</trkpt>
			<trkpt lat="59.934075668559345" lon="30.325623406376017">
				<ele>-1.2289064368233085</ele>
				<time>2022-09-08T15:10:43Z</time>
			</trkpt>
			<trkpt lat="59.934041232775485" lon="30.325612733123577">
				<ele>-0.7675340734422207</ele>
				<time>2022-09-08T15:10:45Z</time>
			</trkpt>
			<trkpt lat="59.934021538809304" lon="30.325606183868018">
				<ele>-3.3269094163551927</ele>
				<time>2022-09-08T15:10:48Z</time>
			</trkpt>
			<trkpt lat="59.93399821172663" lon="30.325600665267892">
				<ele>-2.5369641920551658</ele>
				<time>2022-09-08T15:10:50Z</time>
			</trkpt>
			<trkpt lat="59.93396905338718" lon="30.32559938739474">
				<ele>-1.7259188927710056</ele>
				<time>2022-09-08T15:10:52Z</time>
			</trkpt>
			<trkpt lat="59.93393949512225" lon="30.325595259009454">
				<ele>-1.6312846643850207</ele>
				<time>2022-09-08T15:10:54Z</time>
			</trkpt>
			<trkpt lat="59.93391385430901" lon="30.325568416840657">
				<ele>-1.2564059616997838</ele>
				<time>2022-09-08T15:10:56Z</time>
			</trkpt>
			<trkpt lat="59.933890876382556" lon="30.325559859810358">
				<ele>-1.6246360102668405</ele>
				<time>2022-09-08T15:10:59Z</time>
			</trkpt>
			<trkpt lat="59.93386152127856" lon="30.32556177851058">
				<ele>-2.6933558098971844</ele>
				<time>2022-09-08T15:11:01Z</time>
			</trkpt>
			<trkpt lat="59.93383140853932" lon="30.325546405888375">
				<ele>-2.687723676674068</ele>
				<time>2022-09-08T15:11:03Z</time>
			</trkpt>
			<trkpt lat="59.933806736122726" lon="30.32554293443044">
				<ele>-1.4931089226156473</ele>
				<time>2022-09-08T15:11:06Z</time>
			</trkpt>
			<trkpt lat="59.93378060479373" lon="30.32553564410666">
				<ele>-2.049625256098807</ele>
				<time>2022-09-08T15:11:08Z</time>
			</trkpt>
			<trkpt lat="59.933751468699384" lon="30.325534757165904">
				<ele>-1.138943106867373</ele>
				<time>2022-09-08T15:11:10Z</time>
			</trkpt>
			<trkpt lat="59.93372927793407" lon="30.32552278290173">
				<ele>-3.2364131454378366</ele>
				<time>2022-09-08T15:11:12Z</time>
			</trkpt>
			<trkpt lat="59.933705180280356" lon="30.325515194155894">
				<ele>-5.300391628406942</ele>
				<time>2022-09-08T15:11:17Z</time>
			</trkpt>
			<trkpt lat="59.93368636770255" lon="30.325515713989155">
				<ele>-4.684660132043064</ele>
				<time>2022-09-08T15:11:18Z</time>
			</trkpt>
			<trkpt lat="59.93365418522007" lon="30.32551484423561">
				<ele>-4.360990173183382</ele>
				<time>2022-09-08T15:11:20Z</time>
			</trkpt>
			<trkpt lat="59.93362808412547" lon="30.32550525036506">
				<ele>-3.5129283806309104</ele>
				<time>2022-09-08T15:11:22Z</time>
			</trkpt>
			<trkpt lat="59.933582062175724" lon="30.325470252382946">
				<ele>-4.540116089396179</ele>
				<time>2022-09-08T15:11:26Z</time>
			</trkpt>
			<trkpt lat="59.93355556709077" lon="30.325459740269775">
				<ele>-4.7224047696217895</ele>
				<time>2022-09-08T15:11:28Z</time>
			</trkpt>
			<trkpt lat="59.93353510290763" lon="30.32544584775263">
				<ele>-3.692141023464501</ele>
				<time>2022-09-08T15:11:30Z</time>
			</trkpt>
			<trkpt lat="59.933517420354725" lon="30.32543867995259">
				<ele>-1.0868600383400917</ele>
				<time>2022-09-08T15:11:31Z</time>
			</trkpt>
			<trkpt lat="59.933498687946305" lon="30.325446875329174">
				<ele>-2.548058738000691</ele>
				<time>2022-09-08T15:11:33Z</time>
			</trkpt>
			<trkpt lat="59.93347840818632" lon="30.325438430221524">
				<ele>-2.0741267297416925</ele>
				<time>2022-09-08T15:11:35Z</time>
			</trkpt>
			<trkpt lat="59.93346216064152" lon="30.32542029959883">
				<ele>-0.9919775975868106</ele>
				<time>2022-09-08T15:11:36Z</time>
			</trkpt>
			<trkpt lat="59.93343743967506" lon="30.325400948345855">
				<ele>-2.3980780569836497</ele>
				<time>2022-09-08T15:11:38Z</time>
			</trkpt>
			<trkpt lat="59.93341727662236" lon="30.325398651656894">
				<ele>-4.119750984944403</ele>
				<time>2022-09-08T15:11:42Z</time>
			</trkpt>
			<trkpt lat="59.9333894628278" lon="30.325379825899258">
				<ele>-1.5908747790381312</ele>
				<time>2022-09-08T15:11:44Z</time>
			</trkpt>
			<trkpt lat="59.933356662875696" lon="30.32536419652965">
				<ele>-1.3963040700182319</ele>
				<time>2022-09-08T15:11:46Z</time>
			</trkpt>
			<trkpt lat="59.93333078455671" lon="30.325355669065658">
				<ele>-1.8307649875059724</ele>
				<time>2022-09-08T15:11:48Z</time>
			</trkpt>
			<trkpt lat="59.933308584571385" lon="30.32535726008609">
				<ele>-1.832292997278273</ele>
				<time>2022-09-08T15:11:50Z</time>
			</trkpt>
			<trkpt lat="59.933279564915125" lon="30.32533885478501">
				<ele>-1.504647085443139</ele>
				<time>2022-09-08T15:11:52Z</time>
			</trkpt>
			<trkpt lat="59.93326725730738" lon="30.32527412050161">
				<ele>-0.0409554960206151</ele>
				<time>2022-09-08T15:11:54Z</time>
			</trkpt>
			<trkpt lat="59.93324387937455" lon="30.325260390332755">
				<ele>-3.9382281601428986</ele>
				<time>2022-09-08T15:11:57Z</time>
			</trkpt>
			<trkpt lat="59.933222647763046" lon="30.325248562159214">
				<ele>-4.60555169545114</ele>
				<time>2022-09-08T15:11:59Z</time>
			</trkpt>
			<trkpt lat="59.93320232980295" lon="30.325258740242653">
				<ele>-5.885145510546863</ele>
				<time>2022-09-08T15:12:01Z</time>
			</trkpt>
			<trkpt lat="59.93318073353124" lon="30.325249777370573">
				<ele>-2.2792691634967923</ele>
				<time>2022-09-08T15:12:03Z</time>
			</trkpt>
			<trkpt lat="59.93316186766031" lon="30.325232390699846">
				<ele>-3.123407823033631</ele>
				<time>2022-09-08T15:12:05Z</time>
			</trkpt>
			<trkpt lat="59.93313180903419" lon="30.325223254924975">
				<ele>-2.908989990130067</ele>
				<time>2022-09-08T15:12:07Z</time>
			</trkpt>
			<trkpt lat="59.93311314101673" lon="30.325207524217834">
				<ele>-2.1894160667434335</ele>
				<time>2022-09-08T15:12:09Z</time>
			</trkpt>
			<trkpt lat="59.933094947583186" lon="30.32520441702469">
				<ele>-4.239618653431535</ele>
				<time>2022-09-08T15:12:12Z</time>
			</trkpt>
			<trkpt lat="59.933073948165095" lon="30.325181664886717">
				<ele>-3.9867853270843625</ele>
				<time>2022-09-08T15:12:15Z</time>
			</trkpt>
			<trkpt lat="59.9330434040025" lon="30.325170605412897">
				<ele>-3.4159693233668804</ele>
				<time>2022-09-08T15:12:17Z</time>
			</trkpt>
			<trkpt lat="59.933025560254215" lon="30.325174573990726">
				<ele>-3.178331220522523</ele>
				<time>2022-09-08T15:12:19Z</time>
			</trkpt>
			<trkpt lat="59.93299721319614" lon="30.325164069075633">
				<ele>-0.48140666354447603</ele>
				<time>2022-09-08T15:12:20Z</time>
			</trkpt>
			<trkpt lat="59.93301593819628" lon="30.325182039060337">
				<ele>-7.57500758767128</ele>
				<time>2022-09-08T15:12:23Z</time>
			</trkpt>
			<trkpt lat="59.93299761092076" lon="30.32515947597653">
				<ele>-7.262770887464285</ele>
				<time>2022-09-08T15:12:26Z</time>
			</trkpt>
			<trkpt lat="59.93298134944844" lon="30.325138433019234">
				<ele>-6.673109402880073</ele>
				<time>2022-09-08T15:12:27Z</time>
			</trkpt>
			<trkpt lat="59.93296069898334" lon="30.325130591785076">
				<ele>-4.977051496505737</ele>
				<time>2022-09-08T15:12:28Z</time>
			</trkpt>
			<trkpt lat="59.932924636293215" lon="30.32506637864139">
				<ele>-5.861537456512451</ele>
				<time>2022-09-08T15:12:33Z</time>
			</trkpt>
			<trkpt lat="59.93290789485919" lon="30.325037256674825">
				<ele>-6.311398210003972</ele>
				<time>2022-09-08T15:12:34Z</time>
			</trkpt>
			<trkpt lat="59.932881182048426" lon="30.32500240373767">
				<ele>-6.840891715139151</ele>
				<time>2022-09-08T15:12:36Z</time>
			</trkpt>
			<trkpt lat="59.932860530057155" lon="30.32499702193379">
				<ele>-2.1821035612374544</ele>
				<time>2022-09-08T15:12:39Z</time>
			</trkpt>
			<trkpt lat="59.932842381339945" lon="30.324979692029256">
				<ele>-6.310295799747109</ele>
				<time>2022-09-08T15:12:42Z</time>
			</trkpt>
			<trkpt lat="59.932833727081984" lon="30.324947926440487">
				<ele>-4.371378662995994</ele>
				<time>2022-09-08T15:12:43Z</time>
			</trkpt>
			<trkpt lat="59.93281585135142" lon="30.324930276416236">
				<ele>-5.178221372887492</ele>
				<time>2022-09-08T15:12:45Z</time>
			</trkpt>
			<trkpt lat="59.93276947075049" lon="30.324986007694815">
				<ele>-2.8952809311449528</ele>
				<time>2022-09-08T15:12:46Z</time>
			</trkpt>
			<trkpt lat="59.932735100188836" lon="30.325011330945443">
				<ele>-2.8549976041540504</ele>
				<time>2022-09-08T15:12:48Z</time>
			</trkpt>
			<trkpt lat="59.93270492993045" lon="30.32500572025486">
				<ele>-4.183295430615544</ele>
				<time>2022-09-08T15:12:50Z</time>
			</trkpt>
			<trkpt lat="59.93268604507141" lon="30.32502005088637">
				<ele>-4.615773401223123</ele>
				<time>2022-09-08T15:12:51Z</time>
			</trkpt>
			<trkpt lat="59.93266168242919" lon="30.324996449040334">
				<ele>-3.9555324455723166</ele>
				<time>2022-09-08T15:12:55Z</time>
			</trkpt>
			<trkpt lat="59.932644632620644" lon="30.324982055803197">
				<ele>-2.4014867413789034</ele>
				<time>2022-09-08T15:12:57Z</time>
			</trkpt>
			<trkpt lat="59.9326170440344" lon="30.324986597548556">
				<ele>-4.07699997164309</ele>
				<time>2022-09-08T15:12:59Z</time>
			</trkpt>
			<trkpt lat="59.93259304171487" lon="30.324991803830113">
				<ele>-6.413510873913765</ele>
				<time>2022-09-08T15:13:02Z</time>
			</trkpt>
			<trkpt lat="59.93257123608885" lon="30.324993076745336">
				<ele>-1.8279002774506807</ele>
				<time>2022-09-08T15:13:05Z</time>
			</trkpt>
			<trkpt lat="59.93255093424221" lon="30.324969683127126">
				<ele>-1.3409911608323455</ele>
				<time>2022-09-08T15:13:07Z</time>
			</trkpt>
			<trkpt lat="59.93253443646933" lon="30.324942412544655">
				<ele>-6.09213802870363</ele>
				<time>2022-09-08T15:13:10Z</time>
			</trkpt>
			<trkpt lat="59.93251111599437" lon="30.324948337114687">
				<ele>-6.069792160764337</ele>
				<time>2022-09-08T15:13:13Z</time>
			</trkpt>
			<trkpt lat="59.93248524553465" lon="30.324958120124208">
				<ele>-5.365473590791225</ele>
				<time>2022-09-08T15:13:16Z</time>
			</trkpt>
			<trkpt lat="59.93245639588212" lon="30.32495004705885">
				<ele>-3.532336274161935</ele>
				<time>2022-09-08T15:13:19Z</time>
			</trkpt>
			<trkpt lat="59.93243593191617" lon="30.32495473089586">
				<ele>-3.9358668038621545</ele>
				<time>2022-09-08T15:13:21Z</time>
			</trkpt>
			<trkpt lat="59.93241666853646" lon="30.32500156048575">
				<ele>-2.8167858123779297</ele>
				<time>2022-09-08T15:13:24Z</time>
			</trkpt>
			<trkpt lat="59.93239888710322" lon="30.32498301644545">
				<ele>-0.6526447748765349</ele>
				<time>2022-09-08T15:13:27Z</time>
			</trkpt>
			<trkpt lat="59.93236990772145" lon="30.324966191260756">
				<ele>1.2466379161924124</ele>
				<time>2022-09-08T15:13:29Z</time>
			</trkpt>
			<trkpt lat="59.932349731262704" lon="30.32496039441094">
				<ele>1.5748164188116789</ele>
				<time>2022-09-08T15:13:32Z</time>
			</trkpt>
			<trkpt lat="59.93232711875193" lon="30.32496364607992">
				<ele>-3.7321219174191356</ele>
				<time>2022-09-08T15:13:35Z</time>
			</trkpt>
			<trkpt lat="59.932308873811756" lon="30.324942586763655">
				<ele>-0.616145895794034</ele>
				<time>2022-09-08T15:13:38Z</time>
			</trkpt>
			<trkpt lat="59.93229044834162" lon="30.32493948804489">
				<ele>-2.1199249858036637</ele>
				<time>2022-09-08T15:13:42Z</time>
			</trkpt>
			<trkpt lat="59.932300204898" lon="30.324907953595726">
				<ele>-1.8507895218208432</ele>
				<time>2022-09-08T15:13:49Z</time>
			</trkpt>
			<trkpt lat="59.932283610638635" lon="30.324842765446146">
				<ele>-0.8852041838690639</ele>
				<time>2022-09-08T15:13:53Z</time>
			</trkpt>
			<trkpt lat="59.93229510095223" lon="30.324873875904267">
				<ele>-0.1410809112712741</ele>
				<time>2022-09-08T15:13:57Z</time>
			</trkpt>
			<trkpt lat="59.9322784019992" lon="30.324848042229377">
				<ele>-0.4129103487357497</ele>
				<time>2022-09-08T15:14:09Z</time>
			</trkpt>
			<trkpt lat="59.932244007147325" lon="30.32488830231781">
				<ele>3.0492295334115624</ele>
				<time>2022-09-08T15:14:28Z</time>
			</trkpt>
			<trkpt lat="59.932261421075296" lon="30.324859135550483">
				<ele>3.783580131828785</ele>
				<time>2022-09-08T15:14:37Z</time>
			</trkpt>
			<trkpt lat="59.93225771733871" lon="30.324819277291475">
				<ele>3.778973124921322</ele>
				<time>2022-09-08T15:14:51Z</time>
			</trkpt>
			<trkpt lat="59.93227385410631" lon="30.32478327461086">
				<ele>3.9473299849778414</ele>
				<time>2022-09-08T15:15:04Z</time>
			</trkpt>
			<trkpt lat="59.932265052870726" lon="30.32474704551019">
				<ele>1.8893033331260085</ele>
				<time>2022-09-08T15:15:13Z</time>
			</trkpt>
			<trkpt lat="59.93222001113059" lon="30.32478116746047">
				<ele>0.5457501076161861</ele>
				<time>2022-09-08T15:15:15Z</time>
			</trkpt>
			<trkpt lat="59.932206303640655" lon="30.324813679245278">
				<ele>-1.2801973689347506</ele>
				<time>2022-09-08T15:15:17Z</time>
			</trkpt>
			<trkpt lat="59.93220868553177" lon="30.324849927437498">
				<ele>0.024476229213178158</ele>
				<time>2022-09-08T15:15:20Z</time>
			</trkpt>
			<trkpt lat="59.932198657964086" lon="30.324886074371634">
				<ele>0.3067567441612482</ele>
				<time>2022-09-08T15:15:35Z</time>
			</trkpt>
			<trkpt lat="59.932184828515915" lon="30.32493107549066">
				<ele>-0.5860257847234607</ele>
				<time>2022-09-08T15:15:37Z</time>
			</trkpt>
			<trkpt lat="59.93216183269608" lon="30.3249414498841">
				<ele>-4.256571100093424</ele>
				<time>2022-09-08T15:15:39Z</time>
			</trkpt>
			<trkpt lat="59.93213750206913" lon="30.3249684694698">
				<ele>-3.454209929332137</ele>
				<time>2022-09-08T15:15:41Z</time>
			</trkpt>
			<trkpt lat="59.93213246055417" lon="30.325006176830364">
				<ele>-0.48515784088522196</ele>
				<time>2022-09-08T15:15:44Z</time>
			</trkpt>
			<trkpt lat="59.93211707575165" lon="30.325035906564228">
				<ele>-1.3097379449754953</ele>
				<time>2022-09-08T15:15:46Z</time>
			</trkpt>
			<trkpt lat="59.93210016035561" lon="30.325063512577387">
				<ele>0.4929806971922517</ele>
				<time>2022-09-08T15:15:50Z</time>
			</trkpt>
			<trkpt lat="59.932081912028494" lon="30.325102353117252">
				<ele>-1.7801317404955626</ele>
				<time>2022-09-08T15:15:52Z</time>
			</trkpt>
			<trkpt lat="59.932076395770466" lon="30.325160145845008">
				<ele>-0.831760942004621</ele>
				<time>2022-09-08T15:15:55Z</time>
			</trkpt>
			<trkpt lat="59.932079269611386" lon="30.325236930919527">
				<ele>1.3816231731325388</ele>
				<time>2022-09-08T15:15:57Z</time>
			</trkpt>
			<trkpt lat="59.93207389941822" lon="30.325278913017776">
				<ele>0.7174075460061431</ele>
				<time>2022-09-08T15:15:58Z</time>
			</trkpt>
			<trkpt lat="59.93209194821131" lon="30.325310602320624">
				<ele>-0.3985948944464326</ele>
				<time>2022-09-08T15:16:01Z</time>
			</trkpt>
			<trkpt lat="59.93211651372391" lon="30.32533559156226">
				<ele>0.004512581042945385</ele>
				<time>2022-09-08T15:16:03Z</time>
			</trkpt>
			<trkpt lat="59.93213338616904" lon="30.325382683445778">
				<ele>-1.980447867885232</ele>
				<time>2022-09-08T15:16:05Z</time>
			</trkpt>
			<trkpt lat="59.9321552750819" lon="30.325402930517686">
				<ele>-2.334040149115026</ele>
				<time>2022-09-08T15:16:07Z</time>
			</trkpt>
			<trkpt lat="59.93216937808126" lon="30.325427276859042">
				<ele>-2.0743601359426975</ele>
				<time>2022-09-08T15:16:09Z</time>
			</trkpt>
			<trkpt lat="59.932182614010266" lon="30.325474176820705">
				<ele>-1.9740731455385685</ele>
				<time>2022-09-08T15:16:11Z</time>
			</trkpt>
			<trkpt lat="59.93220319085993" lon="30.325516605657825">
				<ele>-0.026117955334484577</ele>
				<time>2022-09-08T15:16:13Z</time>
			</trkpt>
			<trkpt lat="59.932235879813796" lon="30.32551844190098">
				<ele>-1.3841890767216682</ele>
				<time>2022-09-08T15:16:15Z</time>
			</trkpt>
			<trkpt lat="59.93226104444293" lon="30.32551534268337">
				<ele>-1.1839302899315953</ele>
				<time>2022-09-08T15:16:17Z</time>
			</trkpt>
			<trkpt lat="59.93229030083904" lon="30.325522974384338">
				<ele>1.0370829915627837</ele>
				<time>2022-09-08T15:16:19Z</time>
			</trkpt>
			<trkpt lat="59.93231017894394" lon="30.32553371708364">
				<ele>1.2534263599663973</ele>
				<time>2022-09-08T15:16:21Z</time>
			</trkpt>
			<trkpt lat="59.93233614573627" lon="30.325542787893305">
				<ele>3.4214146444574</ele>
				<time>2022-09-08T15:16:23Z</time>
			</trkpt>
			<trkpt lat="59.932360961052616" lon="30.32557144818242">
				<ele>4.1602487517520785</ele>
				<time>2022-09-08T15:16:26Z</time>
			</trkpt>
			<trkpt lat="59.93238216302479" lon="30.32557693844465">
				<ele>3.990256689488888</ele>
				<time>2022-09-08T15:16:28Z</time>
			</trkpt>
			<trkpt lat="59.932407195651045" lon="30.32558119584332">
				<ele>3.6093778209760785</ele>
				<time>2022-09-08T15:16:30Z</time>
			</trkpt>
			<trkpt lat="59.932427904769305" lon="30.32559801401104">
				<ele>5.406714712269604</ele>
				<time>2022-09-08T15:16:32Z</time>
			</trkpt>
			<trkpt lat="59.93244634081258" lon="30.32560283791702">
				<ele>4.817937228828669</ele>
				<time>2022-09-08T15:16:33Z</time>
			</trkpt>
			<trkpt lat="59.9324709081615" lon="30.325591447381363">
				<ele>4.3883828446269035</ele>
				<time>2022-09-08T15:16:35Z</time>
			</trkpt>
			<trkpt lat="59.93249875304892" lon="30.325603258132833">
				<ele>4.9054655050858855</ele>
				<time>2022-09-08T15:16:37Z</time>
			</trkpt>
			<trkpt lat="59.93252421418861" lon="30.32560373785647">
				<ele>5.270976177416742</ele>
				<time>2022-09-08T15:16:39Z</time>
			</trkpt>
			<trkpt lat="59.93254921962412" lon="30.32559824610141">
				<ele>4.244607261382043</ele>
				<time>2022-09-08T15:16:41Z</time>
			</trkpt>
			<trkpt lat="59.932573563678645" lon="30.325612154040783">
				<ele>6.789828522130847</ele>
				<time>2022-09-08T15:16:44Z</time>
			</trkpt>
			<trkpt lat="59.93259238041395" lon="30.32563386758469">
				<ele>6.136416138149798</ele>
				<time>2022-09-08T15:16:45Z</time>
			</trkpt>
			<trkpt lat="59.93261417747366" lon="30.325666844630387">
				<ele>6.293429397977889</ele>
				<time>2022-09-08T15:16:47Z</time>
			</trkpt>
			<trkpt lat="59.932626275601066" lon="30.325701168547187">
				<ele>7.249389096163213</ele>
				<time>2022-09-08T15:16:49Z</time>
			</trkpt>
			<trkpt lat="59.932643735021934" lon="30.325744794203313">
				<ele>7.974442144855857</ele>
				<time>2022-09-08T15:16:51Z</time>
			</trkpt>
			<trkpt lat="59.9326515165377" lon="30.325799199917196">
				<ele>8.16272249724716</ele>
				<time>2022-09-08T15:16:53Z</time>
			</trkpt>
			<trkpt lat="59.932650491619185" lon="30.325844337451095">
				<ele>10.41493987571448</ele>
				<time>2022-09-08T15:16:55Z</time>
			</trkpt>
			<trkpt lat="59.93263920873255" lon="30.325884103179927">
				<ele>7.063505549915135</ele>
				<time>2022-09-08T15:16:57Z</time>
			</trkpt>
			<trkpt lat="59.932643257318915" lon="30.325942881147352">
				<ele>6.072812616825104</ele>
				<time>2022-09-08T15:16:59Z</time>
			</trkpt>
			<trkpt lat="59.9326435232613" lon="30.325982639881847">
				<ele>6.180593415163457</ele>
				<time>2022-09-08T15:17:01Z</time>
			</trkpt>
			<trkpt lat="59.932642083915894" lon="30.32602661796291">
				<ele>9.188607152551413</ele>
				<time>2022-09-08T15:17:03Z</time>
			</trkpt>
			<trkpt lat="59.93264074788577" lon="30.326076701666878">
				<ele>7.505391044542193</ele>
				<time>2022-09-08T15:17:05Z</time>
			</trkpt>
			<trkpt lat="59.9326360969353" lon="30.326128459983074">
				<ele>6.013018248602748</ele>
				<time>2022-09-08T15:17:08Z</time>
			</trkpt>
			<trkpt lat="59.93262744864062" lon="30.326164717025375">
				<ele>7.001144098117948</ele>
				<time>2022-09-08T15:17:11Z</time>
			</trkpt>
			<trkpt lat="59.932625451997666" lon="30.326201917454522">
				<ele>8.869482010602951</ele>
				<time>2022-09-08T15:17:13Z</time>
			</trkpt>
			<trkpt lat="59.93264025577487" lon="30.326252800938008">
				<ele>3.4106782097369432</ele>
				<time>2022-09-08T15:17:16Z</time>
			</trkpt>
			<trkpt lat="59.93262535077327" lon="30.326283705655978">
				<ele>3.6093291360884905</ele>
				<time>2022-09-08T15:17:17Z</time>
			</trkpt>
			<trkpt lat="59.932632186337734" lon="30.32632211109778">
				<ele>2.9333325838670135</ele>
				<time>2022-09-08T15:17:19Z</time>
			</trkpt>
			<trkpt lat="59.93262250168347" lon="30.32638440865034">
				<ele>2.180242824368179</ele>
				<time>2022-09-08T15:17:21Z</time>
			</trkpt>
			<trkpt lat="59.93260124882982" lon="30.326435696315976">
				<ele>2.111973506398499</ele>
				<time>2022-09-08T15:17:22Z</time>
			</trkpt>
			<trkpt lat="59.93259608781252" lon="30.32647175267635">
				<ele>2.781710962764919</ele>
				<time>2022-09-08T15:17:23Z</time>
			</trkpt>
			<trkpt lat="59.93261082978311" lon="30.326543594853625">
				<ele>4.968516498804092</ele>
				<time>2022-09-08T15:17:25Z</time>
			</trkpt>
			<trkpt lat="59.932615376938166" lon="30.326590940325552">
				<ele>4.751997206360102</ele>
				<time>2022-09-08T15:17:27Z</time>
			</trkpt>
			<trkpt lat="59.932599327011246" lon="30.32664654659421">
				<ele>4.793315225280821</ele>
				<time>2022-09-08T15:17:29Z</time>
			</trkpt>
			<trkpt lat="59.93259948135295" lon="30.326717449895945">
				<ele>5.4890764858573675</ele>
				<time>2022-09-08T15:17:31Z</time>
			</trkpt>
			<trkpt lat="59.93258830995484" lon="30.326759964675038">
				<ele>5.817214836366475</ele>
				<time>2022-09-08T15:17:33Z</time>
			</trkpt>
			<trkpt lat="59.93258282750992" lon="30.32679469332279">
				<ele>5.945381728000939</ele>
				<time>2022-09-08T15:17:35Z</time>
			</trkpt>
			<trkpt lat="59.932576479309965" lon="30.326829036014963">
				<ele>6.131298549473286</ele>
				<time>2022-09-08T15:17:37Z</time>
			</trkpt>
			<trkpt lat="59.932561213197644" lon="30.326852439732402">
				<ele>6.898899904452264</ele>
				<time>2022-09-08T15:17:38Z</time>
			</trkpt>
			<trkpt lat="59.93254349420997" lon="30.326906187112478">
				<ele>8.278763649053872</ele>
				<time>2022-09-08T15:17:40Z</time>
			</trkpt>
			<trkpt lat="59.93252864002968" lon="30.326928313130004">
				<ele>7.624166134744883</ele>
				<time>2022-09-08T15:17:41Z</time>
			</trkpt>
			<trkpt lat="59.93251761495029" lon="30.32696348570403">
				<ele>7.620499760843813</ele>
				<time>2022-09-08T15:17:43Z</time>
			</trkpt>
			<trkpt lat="59.932489697080484" lon="30.327000436259585">
				<ele>4.779110497795045</ele>
				<time>2022-09-08T15:17:46Z</time>
			</trkpt>
			<trkpt lat="59.93247516595117" lon="30.32703426455317">
				<ele>5.865971396677196</ele>
				<time>2022-09-08T15:17:48Z</time>
			</trkpt>
			<trkpt lat="59.932459153940236" lon="30.327065402704996">
				<ele>4.568785106763244</ele>
				<time>2022-09-08T15:17:50Z</time>
			</trkpt>
			<trkpt lat="59.93244121978234" lon="30.3270860731924">
				<ele>4.58706471323967</ele>
				<time>2022-09-08T15:17:52Z</time>
			</trkpt>
			<trkpt lat="59.93240839552522" lon="30.32710474084138">
				<ele>5.435969013720751</ele>
				<time>2022-09-08T15:17:54Z</time>
			</trkpt>
			<trkpt lat="59.93238212447877" lon="30.327138064103746">
				<ele>5.411074421368539</ele>
				<time>2022-09-08T15:17:56Z</time>
			</trkpt>
			<trkpt lat="59.932370147063956" lon="30.327204061540137">
				<ele>7.164690950885415</ele>
				<time>2022-09-08T15:17:58Z</time>
			</trkpt>
			<trkpt lat="59.93232787734143" lon="30.32722665370965">
				<ele>7.78231561370194</ele>
				<time>2022-09-08T15:17:59Z</time>
			</trkpt>
			<trkpt lat="59.93229505994048" lon="30.327256035329434">
				<ele>6.386679428629577</ele>
				<time>2022-09-08T15:18:00Z</time>
			</trkpt>
			<trkpt lat="59.932273089066335" lon="30.327302140626536">
				<ele>6.32913670130074</ele>
				<time>2022-09-08T15:18:01Z</time>
			</trkpt>
			<trkpt lat="59.932251300946824" lon="30.327356071245116">
				<ele>6.532030268572271</ele>
				<time>2022-09-08T15:18:03Z</time>
			</trkpt>
			<trkpt lat="59.932233519357" lon="30.327364588200076">
				<ele>3.399158088490367</ele>
				<time>2022-09-08T15:18:05Z</time>
			</trkpt>
			<trkpt lat="59.93222016235509" lon="30.32741804145632">
				<ele>4.349203136749566</ele>
				<time>2022-09-08T15:18:07Z</time>
			</trkpt>
			<trkpt lat="59.93219999848856" lon="30.32746375451449">
				<ele>4.822796763852239</ele>
				<time>2022-09-08T15:18:09Z</time>
			</trkpt>
			<trkpt lat="59.932190833424286" lon="30.327516539465687">
				<ele>6.524253406561911</ele>
				<time>2022-09-08T15:18:11Z</time>
			</trkpt>
			<trkpt lat="59.93217530190605" lon="30.32753787024698">
				<ele>5.107607990503311</ele>
				<time>2022-09-08T15:18:13Z</time>
			</trkpt>
			<trkpt lat="59.93218863575175" lon="30.327585949537415">
				<ele>1.0094339838251472</ele>
				<time>2022-09-08T15:18:20Z</time>
			</trkpt>
			<trkpt lat="59.932200160764744" lon="30.327621755775276">
				<ele>-0.1628821836784482</ele>
				<time>2022-09-08T15:18:23Z</time>
			</trkpt>
			<trkpt lat="59.932222764480805" lon="30.327648594375155">
				<ele>-1.888262270949781</ele>
				<time>2022-09-08T15:18:27Z</time>
			</trkpt>
			<trkpt lat="59.932242639350136" lon="30.327675184583722">
				<ele>0.3802633536979556</ele>
				<time>2022-09-08T15:18:29Z</time>
			</trkpt>
			<trkpt lat="59.93226075841637" lon="30.3277064157367">
				<ele>5.783628475852311</ele>
				<time>2022-09-08T15:18:31Z</time>
			</trkpt>
			<trkpt lat="59.93230070457954" lon="30.327820683730337">
				<ele>-0.22278948314487934</ele>
				<time>2022-09-08T15:18:33Z</time>
			</trkpt>
			<trkpt lat="59.93242752652722" lon="30.32789515630937">
				<ele>10.729598207399249</ele>
				<time>2022-09-08T15:18:44Z</time>
			</trkpt>
			<trkpt lat="59.932452571449446" lon="30.32792383340771">
				<ele>5.763066616840661</ele>
				<time>2022-09-08T15:18:46Z</time>
			</trkpt>
			<trkpt lat="59.93248036931173" lon="30.327957158115623">
				<ele>4.067708613350987</ele>
				<time>2022-09-08T15:18:48Z</time>
			</trkpt>
			<trkpt lat="59.93235660270448" lon="30.328176000016313">
				<ele>3.97094738855958</ele>
				<time>2022-09-08T15:18:57Z</time>
			</trkpt>
			<trkpt lat="59.932141205136155" lon="30.327902086458238">
				<ele>3.993398666381836</ele>
				<time>2022-09-08T15:19:07Z</time>
			</trkpt>
			<trkpt lat="59.932004693638824" lon="30.328066842440276">
				<ele>4.033196449279785</ele>
				<time>2022-09-08T15:19:18Z</time>
			</trkpt>
			<trkpt lat="59.93216629574753" lon="30.328054326442928">
				<ele>5.081126663833857</ele>
				<time>2022-09-08T15:19:22Z</time>
			</trkpt>
			<trkpt lat="59.93216176086705" lon="30.328057764435712">
				<ele>2.671271306462586</ele>
				<time>2022-09-08T15:19:24Z</time>
			</trkpt>
			<trkpt lat="59.932039857515754" lon="30.328241609763374">
				<ele>2.472301099449396</ele>
				<time>2022-09-08T15:19:25Z</time>
			</trkpt>
			<trkpt lat="59.93199101342797" lon="30.328284084486388">
				<ele>2.611861133016646</ele>
				<time>2022-09-08T15:19:35Z</time>
			</trkpt>
			<trkpt lat="59.93180185931731" lon="30.32819154790292">
				<ele>1.5093670347705483</ele>
				<time>2022-09-08T15:19:36Z</time>
			</trkpt>
			<trkpt lat="59.931777224772766" lon="30.3282243767844">
				<ele>-1.378609956242144</ele>
				<time>2022-09-08T15:19:37Z</time>
			</trkpt>
			<trkpt lat="59.93175880993374" lon="30.328316823248684">
				<ele>-1.7500654179602861</ele>
				<time>2022-09-08T15:19:38Z</time>
			</trkpt>
			<trkpt lat="59.931760992575406" lon="30.328573506678794">
				<ele>-2.3146037496626377</ele>
				<time>2022-09-08T15:19:39Z</time>
			</trkpt>
			<trkpt lat="59.93174381810373" lon="30.328758860736876">
				<ele>-1.307529553771019</ele>
				<time>2022-09-08T15:19:40Z</time>
			</trkpt>
			<trkpt lat="59.93168905445715" lon="30.3289167279989">
				<ele>-1.6313881250098348</ele>
				<time>2022-09-08T15:19:41Z</time>
			</trkpt>
			<trkpt lat="59.93167767188662" lon="30.328972570846407">
				<ele>-1.3472446342930198</ele>
				<time>2022-09-08T15:19:45Z</time>
			</trkpt>
			<trkpt lat="59.931657804619256" lon="30.328973535321264">
				<ele>-1.59217909257859</ele>
				<time>2022-09-08T15:19:46Z</time>
			</trkpt>
			<trkpt lat="59.93163447817658" lon="30.328948462014075">
				<ele>-1.5204427186399698</ele>
				<time>2022-09-08T15:19:49Z</time>
			</trkpt>
			<trkpt lat="59.93161226167402" lon="30.328945170220162">
				<ele>-1.4187652366235852</ele>
				<time>2022-09-08T15:19:52Z</time>
			</trkpt>
			<trkpt lat="59.93159385599558" lon="30.328950276902887">
				<ele>0.5840800628066063</ele>
				<time>2022-09-08T15:19:54Z</time>
			</trkpt>
			<trkpt lat="59.9315779564127" lon="30.328991473878858">
				<ele>-2.3230097088962793</ele>
				<time>2022-09-08T15:20:11Z</time>
			</trkpt>
			<trkpt lat="59.9315580740439" lon="30.32902510427034">
				<ele>-2.0571989063173532</ele>
				<time>2022-09-08T15:20:13Z</time>
			</trkpt>
			<trkpt lat="59.931534724101624" lon="30.32906074428602">
				<ele>-1.1235744515433908</ele>
				<time>2022-09-08T15:20:15Z</time>
			</trkpt>
			<trkpt lat="59.93152336875205" lon="30.329095424213406">
				<ele>1.3318158658221364</ele>
				<time>2022-09-08T15:20:17Z</time>
			</trkpt>
			<trkpt lat="59.931507390354696" lon="30.329122130090326">
				<ele>0.5698217190802097</ele>
				<time>2022-09-08T15:20:18Z</time>
			</trkpt>
			<trkpt lat="59.931466861150085" lon="30.3291833662684">
				<ele>-3.395957650616765</ele>
				<time>2022-09-08T15:20:20Z</time>
			</trkpt>
			<trkpt lat="59.93144282214966" lon="30.329254945095236">
				<ele>-2.5626966394484043</ele>
				<time>2022-09-08T15:20:22Z</time>
			</trkpt>
			<trkpt lat="59.9314335116023" lon="30.329288150293046">
				<ele>-3.4903955021873116</ele>
				<time>2022-09-08T15:20:23Z</time>
			</trkpt>
			<trkpt lat="59.9314559339981" lon="30.3292998819483">
				<ele>-1.8416207609698176</ele>
				<time>2022-09-08T15:20:24Z</time>
			</trkpt>
			<trkpt lat="59.93146567664836" lon="30.329351278915652">
				<ele>-1.2444653818383813</ele>
				<time>2022-09-08T15:20:28Z</time>
			</trkpt>
			<trkpt lat="59.931477560801206" lon="30.329390011205923">
				<ele>-1.4148901039734483</ele>
				<time>2022-09-08T15:20:31Z</time>
			</trkpt>
			<trkpt lat="59.93147507121734" lon="30.329434403234472">
				<ele>1.4871089905500412</ele>
				<time>2022-09-08T15:20:33Z</time>
			</trkpt>
			<trkpt lat="59.93148325471213" lon="30.32947846168599">
				<ele>2.4446944100782275</ele>
				<time>2022-09-08T15:20:35Z</time>
			</trkpt>
			<trkpt lat="59.93147116858296" lon="30.32951021179381">
				<ele>1.7783201532438397</ele>
				<time>2022-09-08T15:20:37Z</time>
			</trkpt>
			<trkpt lat="59.931457382319856" lon="30.32955402481281">
				<ele>2.609368121251464</ele>
				<time>2022-09-08T15:20:40Z</time>
			</trkpt>
			<trkpt lat="59.93144130844064" lon="30.329579592953987">
				<ele>1.5242005866020918</ele>
				<time>2022-09-08T15:20:42Z</time>
			</trkpt>
			<trkpt lat="59.931412531794464" lon="30.329622026840138">
				<ele>1.5272255130112171</ele>
				<time>2022-09-08T15:20:44Z</time>
			</trkpt>
			<trkpt lat="59.93139567597427" lon="30.32966610173285">
				<ele>1.8108904082328081</ele>
				<time>2022-09-08T15:20:46Z</time>
			</trkpt>
			<trkpt lat="59.93136942779914" lon="30.329687823028692">
				<ele>-0.7111861305311322</ele>
				<time>2022-09-08T15:20:48Z</time>
			</trkpt>
			<trkpt lat="59.93135435168641" lon="30.329726361441345">
				<ele>-1.3434785325080156</ele>
				<time>2022-09-08T15:20:50Z</time>
			</trkpt>
			<trkpt lat="59.93133812266829" lon="30.32976757082257">
				<ele>1.1653426075354218</ele>
				<time>2022-09-08T15:20:53Z</time>
			</trkpt>
			<trkpt lat="59.93131370593967" lon="30.329777082623785">
				<ele>1.3694180212914944</ele>
				<time>2022-09-08T15:20:55Z</time>
			</trkpt>
			<trkpt lat="59.93130429827627" lon="30.329809589073246">
				<ele>2.5568196550011635</ele>
				<time>2022-09-08T15:20:57Z</time>
			</trkpt>
			<trkpt lat="59.931277848776844" lon="30.32984992508841">
				<ele>0.27673131600022316</ele>
				<time>2022-09-08T15:21:00Z</time>
			</trkpt>
			<trkpt lat="59.93125464308847" lon="30.329883967772854">
				<ele>0.3691827617585659</ele>
				<time>2022-09-08T15:21:01Z</time>
			</trkpt>
			<trkpt lat="59.93123284106272" lon="30.329949460644922">
				<ele>0.4664367279037833</ele>
				<time>2022-09-08T15:21:03Z</time>
			</trkpt>
			<trkpt lat="59.931215340365995" lon="30.32997872735893">
				<ele>0.4333735601976514</ele>
				<time>2022-09-08T15:21:04Z</time>
			</trkpt>
			<trkpt lat="59.93120176554342" lon="30.33001213113096">
				<ele>-0.07543682679533958</ele>
				<time>2022-09-08T15:21:06Z</time>
			</trkpt>
			<trkpt lat="59.931181682374685" lon="30.33005828615103">
				<ele>3.0159135488793254</ele>
				<time>2022-09-08T15:21:08Z</time>
			</trkpt>
			<trkpt lat="59.93115492773974" lon="30.330080040777975">
				<ele>2.8063001073896885</ele>
				<time>2022-09-08T15:21:11Z</time>
			</trkpt>
			<trkpt lat="59.93113016095678" lon="30.330104193917943">
				<ele>1.8217046614736319</ele>
				<time>2022-09-08T15:21:13Z</time>
			</trkpt>
			<trkpt lat="59.9311170206481" lon="30.33012961047032">
				<ele>2.7570682540535927</ele>
				<time>2022-09-08T15:21:14Z</time>
			</trkpt>
			<trkpt lat="59.931095240783556" lon="30.33014248065831">
				<ele>2.8846115861088037</ele>
				<time>2022-09-08T15:21:16Z</time>
			</trkpt>
			<trkpt lat="59.9310753003414" lon="30.330155550173252">
				<ele>3.1850322922691703</ele>
				<time>2022-09-08T15:21:17Z</time>
			</trkpt>
			<trkpt lat="59.93106084633306" lon="30.330190468250244">
				<ele>3.8513049641624093</ele>
				<time>2022-09-08T15:21:19Z</time>
			</trkpt>
			<trkpt lat="59.93106106871652" lon="30.330237451946996">
				<ele>5.492224252782762</ele>
				<time>2022-09-08T15:21:21Z</time>
			</trkpt>
			<trkpt lat="59.93105823133646" lon="30.330278119644504">
				<ele>6.574535662308335</ele>
				<time>2022-09-08T15:21:23Z</time>
			</trkpt>
			<trkpt lat="59.93104166837155" lon="30.33030961103011">
				<ele>8.126691431738436</ele>
				<time>2022-09-08T15:21:25Z</time>
			</trkpt>
			<trkpt lat="59.93102244297826" lon="30.33034431339798">
				<ele>7.102165679447353</ele>
				<time>2022-09-08T15:21:27Z</time>
			</trkpt>
			<trkpt lat="59.93101029608997" lon="30.330383980497672">
				<ele>8.709720715880394</ele>
				<time>2022-09-08T15:21:30Z</time>
			</trkpt>
			<trkpt lat="59.93099541904158" lon="30.330409639068716">
				<ele>9.188210416585207</ele>
				<time>2022-09-08T15:21:33Z</time>
			</trkpt>
			<trkpt lat="59.93096612930524" lon="30.33043903649928">
				<ele>6.692595638334751</ele>
				<time>2022-09-08T15:21:35Z</time>
			</trkpt>
			<trkpt lat="59.9310122442015" lon="30.330479805505767">
				<ele>8.908826997503638</ele>
				<time>2022-09-08T15:21:36Z</time>
			</trkpt>
			<trkpt lat="59.93099123290026" lon="30.330522739372746">
				<ele>10.508795575238764</ele>
				<time>2022-09-08T15:21:37Z</time>
			</trkpt>
			<trkpt lat="59.930970756706394" lon="30.330563787664236">
				<ele>11.101513074710965</ele>
				<time>2022-09-08T15:21:38Z</time>
			</trkpt>
			<trkpt lat="59.93095004255382" lon="30.33061659431109">
				<ele>13.200629921630025</ele>
				<time>2022-09-08T15:21:40Z</time>
			</trkpt>
			<trkpt lat="59.930954925396904" lon="30.330652524401145">
				<ele>10.318684400059283</ele>
				<time>2022-09-08T15:21:41Z</time>
			</trkpt>
			<trkpt lat="59.9309684312617" lon="30.330696001536502">
				<ele>10.541919407434762</ele>
				<time>2022-09-08T15:21:42Z</time>
			</trkpt>
			<trkpt lat="59.930973044440584" lon="30.33077808601859">
				<ele>11.718335130251944</ele>
				<time>2022-09-08T15:21:43Z</time>
			</trkpt>
			<trkpt lat="59.93097928650168" lon="30.33082283847289">
				<ele>11.142375209368765</ele>
				<time>2022-09-08T15:21:45Z</time>
			</trkpt>
			<trkpt lat="59.93097257786661" lon="30.330864713435943">
				<ele>8.58463544677943</ele>
				<time>2022-09-08T15:21:48Z</time>
			</trkpt>
			<trkpt lat="59.93095999234113" lon="30.330901045792025">
				<ele>10.459252034313977</ele>
				<time>2022-09-08T15:21:52Z</time>
			</trkpt>
			<trkpt lat="59.93095158586478" lon="30.33094282599972">
				<ele>9.63878036569804</ele>
				<time>2022-09-08T15:21:54Z</time>
			</trkpt>
			<trkpt lat="59.930938078808175" lon="30.330975565801992">
				<ele>11.28066040854901</ele>
				<time>2022-09-08T15:21:56Z</time>
			</trkpt>
			<trkpt lat="59.9309197670729" lon="30.33104857761189">
				<ele>10.48980957083404</ele>
				<time>2022-09-08T15:21:59Z</time>
			</trkpt>
			<trkpt lat="59.9308860812422" lon="30.33102807197373">
				<ele>9.12398556061089</ele>
				<time>2022-09-08T15:22:00Z</time>
			</trkpt>
			<trkpt lat="59.930875030536654" lon="30.33105969348529">
				<ele>11.691545673646033</ele>
				<time>2022-09-08T15:22:01Z</time>
			</trkpt>
			<trkpt lat="59.930856165364965" lon="30.331072036095822">
				<ele>11.0099844513461</ele>
				<time>2022-09-08T15:22:02Z</time>
			</trkpt>
			<trkpt lat="59.930837635863654" lon="30.331081820422803">
				<ele>11.496501877903938</ele>
				<time>2022-09-08T15:22:03Z</time>
			</trkpt>
			<trkpt lat="59.93081315300219" lon="30.33110964111821">
				<ele>10.472553694620728</ele>
				<time>2022-09-08T15:22:05Z</time>
			</trkpt>
			<trkpt lat="59.93081022146963" lon="30.33114690513399">
				<ele>12.437795750796795</ele>
				<time>2022-09-08T15:22:06Z</time>
			</trkpt>
			<trkpt lat="59.93078332920745" lon="30.331165936445128">
				<ele>13.025218821130693</ele>
				<time>2022-09-08T15:22:07Z</time>
			</trkpt>
			<trkpt lat="59.930755093027784" lon="30.331183789303644">
				<ele>11.945993477478623</ele>
				<time>2022-09-08T15:22:09Z</time>
			</trkpt>
			<trkpt lat="59.93072763114605" lon="30.331200786796046">
				<ele>11.51935762166977</ele>
				<time>2022-09-08T15:22:10Z</time>
			</trkpt>
			<trkpt lat="59.93070282354439" lon="30.33120707710794">
				<ele>9.442452197894454</ele>
				<time>2022-09-08T15:22:14Z</time>
			</trkpt>
			<trkpt lat="59.9306934386738" lon="30.33124174875646">
				<ele>10.347919571213424</ele>
				<time>2022-09-08T15:22:15Z</time>
			</trkpt>
			<trkpt lat="59.93067372269078" lon="30.331254327622087">
				<ele>9.110733823850751</ele>
				<time>2022-09-08T15:22:16Z</time>
			</trkpt>
			<trkpt lat="59.93065714558931" lon="30.331275038424117">
				<ele>9.141971757635474</ele>
				<time>2022-09-08T15:22:17Z</time>
			</trkpt>
			<trkpt lat="59.930632606504" lon="30.33129569720867">
				<ele>7.112639064900577</ele>
				<time>2022-09-08T15:22:20Z</time>
			</trkpt>
			<trkpt lat="59.930608788751165" lon="30.331302375443283">
				<ele>7.346097198314965</ele>
				<time>2022-09-08T15:22:21Z</time>
			</trkpt>
			<trkpt lat="59.93059037705612" lon="30.331337210977658">
				<ele>6.238370629958808</ele>
				<time>2022-09-08T15:22:27Z</time>
			</trkpt>
			<trkpt lat="59.93058068696789" lon="30.331374960438854">
				<ele>9.45061428193003</ele>
				<time>2022-09-08T15:22:28Z</time>
			</trkpt>
			<trkpt lat="59.93055989872782" lon="30.331397652362043">
				<ele>6.151411342434585</ele>
				<time>2022-09-08T15:22:31Z</time>
			</trkpt>
			<trkpt lat="59.9305421241174" lon="30.331405145176937">
				<ele>4.664014529436827</ele>
				<time>2022-09-08T15:22:32Z</time>
			</trkpt>
			<trkpt lat="59.93053057620903" lon="30.33143514214594">
				<ele>3.971202902495861</ele>
				<time>2022-09-08T15:22:34Z</time>
			</trkpt>
			<trkpt lat="59.930500042606496" lon="30.33147961181889">
				<ele>6.090102520771325</ele>
				<time>2022-09-08T15:22:36Z</time>
			</trkpt>
			<trkpt lat="59.93048166502344" lon="30.331498734711467">
				<ele>5.460020930506289</ele>
				<time>2022-09-08T15:22:37Z</time>
			</trkpt>
			<trkpt lat="59.930460163575624" lon="30.331517309538256">
				<ele>4.238616603426635</ele>
				<time>2022-09-08T15:22:39Z</time>
			</trkpt>
			<trkpt lat="59.930438914757715" lon="30.33154222335996">
				<ele>4.595636271871626</ele>
				<time>2022-09-08T15:22:41Z</time>
			</trkpt>
			<trkpt lat="59.93043932917285" lon="30.331583155043692">
				<ele>6.108276401646435</ele>
				<time>2022-09-08T15:22:42Z</time>
			</trkpt>
			<trkpt lat="59.930436114522465" lon="30.33161865782304">
				<ele>3.9403864461928606</ele>
				<time>2022-09-08T15:22:44Z</time>
			</trkpt>
			<trkpt lat="59.93041880135851" lon="30.331659300444148">
				<ele>2.846517243422568</ele>
				<time>2022-09-08T15:22:47Z</time>
			</trkpt>
			<trkpt lat="59.930399636729646" lon="30.331696920825024">
				<ele>3.1951223695650697</ele>
				<time>2022-09-08T15:22:49Z</time>
			</trkpt>
			<trkpt lat="59.93038452656841" lon="30.331745025592678">
				<ele>4.570929161272943</ele>
				<time>2022-09-08T15:22:51Z</time>
			</trkpt>
			<trkpt lat="59.930371897863466" lon="30.33177478513708">
				<ele>4.618326855823398</ele>
				<time>2022-09-08T15:22:53Z</time>
			</trkpt>
			<trkpt lat="59.930357351870605" lon="30.331827654153194">
				<ele>5.552462632767856</ele>
				<time>2022-09-08T15:22:56Z</time>
			</trkpt>
			<trkpt lat="59.93033369239073" lon="30.33187074712097">
				<ele>6.286496601067483</ele>
				<time>2022-09-08T15:22:58Z</time>
			</trkpt>
			<trkpt lat="59.93029274261921" lon="30.33187545558133">
				<ele>3.198942691087723</ele>
				<time>2022-09-08T15:23:00Z</time>
			</trkpt>
			<trkpt lat="59.93026580012634" lon="30.33188540139511">
				<ele>1.515642436221242</ele>
				<time>2022-09-08T15:23:03Z</time>
			</trkpt>
			<trkpt lat="59.93024083278767" lon="30.33191896966956">
				<ele>3.7932786801829934</ele>
				<time>2022-09-08T15:23:05Z</time>
			</trkpt>
			<trkpt lat="59.93022061869345" lon="30.33193987665063">
				<ele>3.775979862548411</ele>
				<time>2022-09-08T15:23:07Z</time>
			</trkpt>
			<trkpt lat="59.930199634308245" lon="30.331996677643385">
				<ele>6.020272054709494</ele>
				<time>2022-09-08T15:23:09Z</time>
			</trkpt>
			<trkpt lat="59.93017115784103" lon="30.3320136560383">
				<ele>5.850713042542338</ele>
				<time>2022-09-08T15:23:10Z</time>
			</trkpt>
			<trkpt lat="59.93017409637012" lon="30.332049715054403">
				<ele>3.720924417488277</ele>
				<time>2022-09-08T15:23:12Z</time>
			</trkpt>
			<trkpt lat="59.930168050369495" lon="30.33209425167678">
				<ele>6.026989001780748</ele>
				<time>2022-09-08T15:23:15Z</time>
			</trkpt>
			<trkpt lat="59.93014677670965" lon="30.33210080165139">
				<ele>5.881153181195259</ele>
				<time>2022-09-08T15:23:17Z</time>
			</trkpt>
			<trkpt lat="59.93013766456673" lon="30.33214743087">
				<ele>7.6029857117682695</ele>
				<time>2022-09-08T15:23:19Z</time>
			</trkpt>
			<trkpt lat="59.93012061637889" lon="30.33215990689085">
				<ele>5.782274496741593</ele>
				<time>2022-09-08T15:23:20Z</time>
			</trkpt>
			<trkpt lat="59.93009502579774" lon="30.33218595740149">
				<ele>4.810729713179171</ele>
				<time>2022-09-08T15:23:22Z</time>
			</trkpt>
			<trkpt lat="59.93009085330588" lon="30.332247574841674">
				<ele>7.035035100765526</ele>
				<time>2022-09-08T15:23:24Z</time>
			</trkpt>
			<trkpt lat="59.930077383108305" lon="30.332273698945695">
				<ele>6.648132048547268</ele>
				<time>2022-09-08T15:23:26Z</time>
			</trkpt>
			<trkpt lat="59.93006212141175" lon="30.332306619288016">
				<ele>5.109533783048391</ele>
				<time>2022-09-08T15:23:29Z</time>
			</trkpt>
			<trkpt lat="59.93007316090374" lon="30.3323389548506">
				<ele>7.66776089463383</ele>
				<time>2022-09-08T15:23:31Z</time>
			</trkpt>
			<trkpt lat="59.93005432338325" lon="30.3323595175607">
				<ele>7.544838750734925</ele>
				<time>2022-09-08T15:23:33Z</time>
			</trkpt>
			<trkpt lat="59.93004393112835" lon="30.33239412035751">
				<ele>7.885388092137873</ele>
				<time>2022-09-08T15:23:35Z</time>
			</trkpt>
			<trkpt lat="59.930035289989924" lon="30.332445810720476">
				<ele>9.721050574444234</ele>
				<time>2022-09-08T15:23:37Z</time>
			</trkpt>
			<trkpt lat="59.93001513764125" lon="30.33247703370917">
				<ele>7.199320669285953</ele>
				<time>2022-09-08T15:23:39Z</time>
			</trkpt>
			<trkpt lat="59.93000127588423" lon="30.332504540357245">
				<ele>5.977900819852948</ele>
				<time>2022-09-08T15:23:42Z</time>
			</trkpt>
			<trkpt lat="59.929986763088024" lon="30.332528100384177">
				<ele>6.978282319381833</ele>
				<time>2022-09-08T15:23:43Z</time>
			</trkpt>
			<trkpt lat="59.92997797601289" lon="30.33256561902463">
				<ele>9.281384495086968</ele>
				<time>2022-09-08T15:23:45Z</time>
			</trkpt>
			<trkpt lat="59.929959017114825" lon="30.33258557312489">
				<ele>7.799766359850764</ele>
				<time>2022-09-08T15:23:47Z</time>
			</trkpt>
			<trkpt lat="59.92993908980923" lon="30.332614629225233">
				<ele>9.997864235192537</ele>
				<time>2022-09-08T15:23:50Z</time>
			</trkpt>
			<trkpt lat="59.92991929895931" lon="30.332624283200715">
				<ele>6.5694757010787725</ele>
				<time>2022-09-08T15:23:52Z</time>
			</trkpt>
			<trkpt lat="59.92990241257416" lon="30.332657837215162">
				<ele>6.554483508691192</ele>
				<time>2022-09-08T15:23:55Z</time>
			</trkpt>
			<trkpt lat="59.92988203976172" lon="30.332689306352542">
				<ele>6.990591840818524</ele>
				<time>2022-09-08T15:23:57Z</time>
			</trkpt>
			<trkpt lat="59.929872579543094" lon="30.332719769768776">
				<ele>7.26543515920639</ele>
				<time>2022-09-08T15:24:00Z</time>
			</trkpt>
			<trkpt lat="59.929857854003174" lon="30.332746353183374">
				<ele>7.162693995051086</ele>
				<time>2022-09-08T15:24:01Z</time>
			</trkpt>
			<trkpt lat="59.92983296495679" lon="30.33276363224635">
				<ele>4.917349283583462</ele>
				<time>2022-09-08T15:24:04Z</time>
			</trkpt>
			<trkpt lat="59.929819736836926" lon="30.33279524056536">
				<ele>6.039076024666429</ele>
				<time>2022-09-08T15:24:07Z</time>
			</trkpt>
			<trkpt lat="59.92981676270143" lon="30.33284700375726">
				<ele>9.107745450921357</ele>
				<time>2022-09-08T15:24:08Z</time>
			</trkpt>
			<trkpt lat="59.92974376520936" lon="30.332925708054965">
				<ele>7.508498099632561</ele>
				<time>2022-09-08T15:24:10Z</time>
			</trkpt>
			<trkpt lat="59.92972666132875" lon="30.332997937706846">
				<ele>8.024537779390812</ele>
				<time>2022-09-08T15:24:12Z</time>
			</trkpt>
			<trkpt lat="59.9297171754411" lon="30.333042865411432">
				<ele>8.408826106227934</ele>
				<time>2022-09-08T15:24:14Z</time>
			</trkpt>
			<trkpt lat="59.92970331374116" lon="30.333076986122727">
				<ele>8.59189747273922</ele>
				<time>2022-09-08T15:24:16Z</time>
			</trkpt>
			<trkpt lat="59.92968771027022" lon="30.333116619184523">
				<ele>9.411025425419211</ele>
				<time>2022-09-08T15:24:18Z</time>
			</trkpt>
			<trkpt lat="59.92967196586896" lon="30.333149850127516">
				<ele>9.609674533829093</ele>
				<time>2022-09-08T15:24:20Z</time>
			</trkpt>
			<trkpt lat="59.92965417355354" lon="30.33317447691058">
				<ele>10.013402101583779</ele>
				<time>2022-09-08T15:24:23Z</time>
			</trkpt>
			<trkpt lat="59.92964080413548" lon="30.33320530939061">
				<ele>9.350101263262331</ele>
				<time>2022-09-08T15:24:25Z</time>
			</trkpt>
			<trkpt lat="59.92961248668367" lon="30.3332080672199">
				<ele>6.014000554569066</ele>
				<time>2022-09-08T15:24:27Z</time>
			</trkpt>
			<trkpt lat="59.929591545341644" lon="30.333237276250845">
				<ele>5.289685011841357</ele>
				<time>2022-09-08T15:24:29Z</time>
			</trkpt>
			<trkpt lat="59.929572106666285" lon="30.33328224211471">
				<ele>5.734812319278717</ele>
				<time>2022-09-08T15:24:32Z</time>
			</trkpt>
			<trkpt lat="59.92955316490714" lon="30.333314283018193">
				<ele>5.460665939375758</ele>
				<time>2022-09-08T15:24:34Z</time>
			</trkpt>
			<trkpt lat="59.929535937928506" lon="30.333338551214027">
				<ele>5.7476593013852835</ele>
				<time>2022-09-08T15:24:36Z</time>
			</trkpt>
			<trkpt lat="59.929517268946086" lon="30.33336749194044">
				<ele>6.080151752568781</ele>
				<time>2022-09-08T15:24:38Z</time>
			</trkpt>
			<trkpt lat="59.929498935580234" lon="30.333396733093984">
				<ele>5.6627028696238995</ele>
				<time>2022-09-08T15:24:41Z</time>
			</trkpt>
			<trkpt lat="59.92948152002753" lon="30.333426312938116">
				<ele>5.399513963609934</ele>
				<time>2022-09-08T15:24:43Z</time>
			</trkpt>
			<trkpt lat="59.929468859997925" lon="30.3334707177624">
				<ele>5.65890561696142</ele>
				<time>2022-09-08T15:24:45Z</time>
			</trkpt>
			<trkpt lat="59.92945302417689" lon="30.333516741763816">
				<ele>5.3331875232979655</ele>
				<time>2022-09-08T15:24:48Z</time>
			</trkpt>
			<trkpt lat="59.92943445087223" lon="30.333532526370483">
				<ele>4.947652774862945</ele>
				<time>2022-09-08T15:24:54Z</time>
			</trkpt>
			<trkpt lat="59.92949938945389" lon="30.333538042586206">
				<ele>6.654428613372147</ele>
				<time>2022-09-08T15:25:13Z</time>
			</trkpt>
			<trkpt lat="59.92947757207686" lon="30.333526611678757">
				<ele>5.263325713574886</ele>
				<time>2022-09-08T15:25:14Z</time>
			</trkpt>
			<trkpt lat="59.92937671733985" lon="30.33333452290624">
				<ele>4.653796195983887</ele>
				<time>2022-09-08T15:25:15Z</time>
			</trkpt>
			<trkpt lat="59.929519895121956" lon="30.33349537048321">
				<ele>3.402068702504039</ele>
				<time>2022-09-08T15:25:16Z</time>
			</trkpt>
			<trkpt lat="59.92946545115493" lon="30.333490536855862">
				<ele>2.032584497705102</ele>
				<time>2022-09-08T15:25:17Z</time>
			</trkpt>
			<trkpt lat="59.929315658351754" lon="30.333640649336846">
				<ele>1.5353709962219</ele>
				<time>2022-09-08T15:25:18Z</time>
			</trkpt>
			<trkpt lat="59.929164737020216" lon="30.333857770858238">
				<ele>7.664982479996979</ele>
				<time>2022-09-08T15:25:19Z</time>
			</trkpt>
			<trkpt lat="59.92919229179305" lon="30.333818882104797">
				<ele>5.452776811085641</ele>
				<time>2022-09-08T15:25:20Z</time>
			</trkpt>
			<trkpt lat="59.929158403622026" lon="30.333896467777734">
				<ele>7.3316868003457785</ele>
				<time>2022-09-08T15:25:22Z</time>
			</trkpt>
			<trkpt lat="59.92913370577639" lon="30.333890449872772">
				<ele>9.565432633273304</ele>
				<time>2022-09-08T15:25:25Z</time>
			</trkpt>
			<trkpt lat="59.92911837125201" lon="30.333850238098254">
				<ele>7.885958277620375</ele>
				<time>2022-09-08T15:25:28Z</time>
			</trkpt>
			<trkpt lat="59.92908536697227" lon="30.33381526723759">
				<ele>8.196252144873142</ele>
				<time>2022-09-08T15:25:29Z</time>
			</trkpt>
			<trkpt lat="59.92908781862412" lon="30.333768978050415">
				<ele>2.0100799752399325</ele>
				<time>2022-09-08T15:25:31Z</time>
			</trkpt>
			<trkpt lat="59.929073878646065" lon="30.33372036214464">
				<ele>-0.6550687858834863</ele>
				<time>2022-09-08T15:25:33Z</time>
			</trkpt>
			<trkpt lat="59.92905124631167" lon="30.333707462713154">
				<ele>-1.7372236577793956</ele>
				<time>2022-09-08T15:25:35Z</time>
			</trkpt>
			<trkpt lat="59.929029321652564" lon="30.33373373982138">
				<ele>0.8116873074322939</ele>
				<time>2022-09-08T15:25:38Z</time>
			</trkpt>
			<trkpt lat="59.92901006144261" lon="30.33372090376915">
				<ele>1.2381515679880977</ele>
				<time>2022-09-08T15:25:40Z</time>
			</trkpt>
			<trkpt lat="59.92898431926794" lon="30.333735975634887">
				<ele>4.080945307388902</ele>
				<time>2022-09-08T15:25:43Z</time>
			</trkpt>
			<trkpt lat="59.928961289603485" lon="30.333732412728153">
				<ele>3.003983808681369</ele>
				<time>2022-09-08T15:25:46Z</time>
			</trkpt>
			<trkpt lat="59.92893451647045" lon="30.333709180833598">
				<ele>1.6788514964282513</ele>
				<time>2022-09-08T15:25:48Z</time>
			</trkpt>
			<trkpt lat="59.92891251580784" lon="30.33374978157151">
				<ele>4.32459672819823</ele>
				<time>2022-09-08T15:25:51Z</time>
			</trkpt>
			<trkpt lat="59.928891840075075" lon="30.333729002807896">
				<ele>4.590582077391446</ele>
				<time>2022-09-08T15:25:53Z</time>
			</trkpt>
			<trkpt lat="59.92887444810829" lon="30.33371340060433">
				<ele>2.5378323616459966</ele>
				<time>2022-09-08T15:25:55Z</time>
			</trkpt>
			<trkpt lat="59.9288458277899" lon="30.333700935278237">
				<ele>0.4606288382783532</ele>
				<time>2022-09-08T15:25:57Z</time>
			</trkpt>
			<trkpt lat="59.928819017568465" lon="30.333689378505404">
				<ele>3.315337173640728</ele>
				<time>2022-09-08T15:25:59Z</time>
			</trkpt>
			<trkpt lat="59.92878848639185" lon="30.333687853453977">
				<ele>4.164675778709352</ele>
				<time>2022-09-08T15:26:01Z</time>
			</trkpt>
			<trkpt lat="59.92875901196473" lon="30.333674173162464">
				<ele>3.060660231858492</ele>
				<time>2022-09-08T15:26:03Z</time>
			</trkpt>
			<trkpt lat="59.92874923294689" lon="30.33362931681609">
				<ele>4.127288120798767</ele>
				<time>2022-09-08T15:26:04Z</time>
			</trkpt>
			<trkpt lat="59.92871907327948" lon="30.333660297944682">
				<ele>0.23236924968659878</ele>
				<time>2022-09-08T15:26:06Z</time>
			</trkpt>
			<trkpt lat="59.92868472359838" lon="30.3336567913089">
				<ele>-3.8793743643909693</ele>
				<time>2022-09-08T15:26:08Z</time>
			</trkpt>
			<trkpt lat="59.92865352490182" lon="30.33364268309888">
				<ele>-1.5633681640028954</ele>
				<time>2022-09-08T15:26:10Z</time>
			</trkpt>
			<trkpt lat="59.92862809981338" lon="30.333624252867086">
				<ele>-0.5470773447304964</ele>
				<time>2022-09-08T15:26:12Z</time>
			</trkpt>
			<trkpt lat="59.92860012958597" lon="30.33357181057631">
				<ele>-4.87165517359972</ele>
				<time>2022-09-08T15:26:19Z</time>
			</trkpt>
			<trkpt lat="59.92866811695402" lon="30.333547054560032">
				<ele>-2.6028458746150136</ele>
				<time>2022-09-08T15:26:22Z</time>
			</trkpt>
			<trkpt lat="59.92869999782488" lon="30.333525997795366">
				<ele>-3.1339648962020874</ele>
				<time>2022-09-08T15:26:24Z</time>
			</trkpt>
			<trkpt lat="59.9288753371444" lon="30.333593175461704">
				<ele>-2.5621192511171103</ele>
				<time>2022-09-08T15:26:25Z</time>
			</trkpt>
			<trkpt lat="59.92887610240804" lon="30.333692791738184">
				<ele>-1.9869432486593723</ele>
				<time>2022-09-08T15:26:30Z</time>
			</trkpt>
			<trkpt lat="59.92887856739135" lon="30.333617018825777">
				<ele>-3.0390560394153</ele>
				<time>2022-09-08T15:26:31Z</time>
			</trkpt>
			<trkpt lat="59.92887191031764" lon="30.333547393543732">
				<ele>-4.032791821286082</ele>
				<time>2022-09-08T15:26:32Z</time>
			</trkpt>
			<trkpt lat="59.92887824750742" lon="30.33348825502462">
				<ele>1.216336210258305</ele>
				<time>2022-09-08T15:26:33Z</time>
			</trkpt>
			<trkpt lat="59.92889657124608" lon="30.333427606454297">
				<ele>2.009804582223296</ele>
				<time>2022-09-08T15:26:34Z</time>
			</trkpt>
			<trkpt lat="59.92891249877303" lon="30.33305793725355">
				<ele>4.392017873935401</ele>
				<time>2022-09-08T15:26:38Z</time>
			</trkpt>
			<trkpt lat="59.92889444393686" lon="30.333031888206524">
				<ele>1.6247164364904165</ele>
				<time>2022-09-08T15:26:39Z</time>
			</trkpt>
			<trkpt lat="59.92888081539973" lon="30.333007927268774">
				<ele>-1.628348727710545</ele>
				<time>2022-09-08T15:26:41Z</time>
			</trkpt>
			<trkpt lat="59.92893127279834" lon="30.332750583966554">
				<ele>-0.0770654957741499</ele>
				<time>2022-09-08T15:26:43Z</time>
			</trkpt>
			<trkpt lat="59.928932429066826" lon="30.332702557420497">
				<ele>-0.20010206755250692</ele>
				<time>2022-09-08T15:26:44Z</time>
			</trkpt>
			<trkpt lat="59.92892100337483" lon="30.332613560098856">
				<ele>4.776084081269801</ele>
				<time>2022-09-08T15:26:45Z</time>
			</trkpt>
			<trkpt lat="59.92894587839146" lon="30.3325445853825">
				<ele>6.223335511051118</ele>
				<time>2022-09-08T15:26:46Z</time>
			</trkpt>
			<trkpt lat="59.9289625890978" lon="30.332484790334412">
				<ele>11.448051551356912</ele>
				<time>2022-09-08T15:26:49Z</time>
			</trkpt>
			<trkpt lat="59.92898259649505" lon="30.332692665125705">
				<ele>7.507752883248031</ele>
				<time>2022-09-08T15:26:50Z</time>
			</trkpt>
			<trkpt lat="59.92899453576933" lon="30.33274968905456">
				<ele>6.087872755713761</ele>
				<time>2022-09-08T15:26:52Z</time>
			</trkpt>
			<trkpt lat="59.9290066098385" lon="30.33278603972755">
				<ele>7.67153281532228</ele>
				<time>2022-09-08T15:26:53Z</time>
			</trkpt>
			<trkpt lat="59.928980461582654" lon="30.332785052859982">
				<ele>6.652008737437427</ele>
				<time>2022-09-08T15:26:54Z</time>
			</trkpt>
			<trkpt lat="59.928994877542685" lon="30.332763518644274">
				<ele>7.60537316929549</ele>
				<time>2022-09-08T15:27:02Z</time>
			</trkpt>
			<trkpt lat="59.92897865150559" lon="30.332682568509497">
				<ele>5.467154774814844</ele>
				<time>2022-09-08T15:27:04Z</time>
			</trkpt>
			<trkpt lat="59.928977580927665" lon="30.332641751880075">
				<ele>7.771755023859441</ele>
				<time>2022-09-08T15:27:05Z</time>
			</trkpt>
			<trkpt lat="59.928952233670664" lon="30.3325883950547">
				<ele>5.905063401907682</ele>
				<time>2022-09-08T15:27:07Z</time>
			</trkpt>
			<trkpt lat="59.92894939122715" lon="30.33254738657946">
				<ele>4.978173932060599</ele>
				<time>2022-09-08T15:27:09Z</time>
			</trkpt>
			<trkpt lat="59.928963412659705" lon="30.332516231688107">
				<ele>6.913303312845528</ele>
				<time>2022-09-08T15:27:11Z</time>
			</trkpt>
			<trkpt lat="59.928947381214996" lon="30.33248247217237">
				<ele>1.4581732032820582</ele>
				<time>2022-09-08T15:27:14Z</time>
			</trkpt>
			<trkpt lat="59.92894378762166" lon="30.332441099455014">
				<ele>1.7463903883472085</ele>
				<time>2022-09-08T15:27:15Z</time>
			</trkpt>
			<trkpt lat="59.92894420915813" lon="30.33238402428407">
				<ele>3.796217010356486</ele>
				<time>2022-09-08T15:27:17Z</time>
			</trkpt>
			<trkpt lat="59.92895418710708" lon="30.3323484217652">
				<ele>5.2428640993312</ele>
				<time>2022-09-08T15:27:19Z</time>
			</trkpt>
			<trkpt lat="59.92897347681262" lon="30.332330890917575">
				<ele>4.601787159219384</ele>
				<time>2022-09-08T15:27:22Z</time>
			</trkpt>
			<trkpt lat="59.92898380872979" lon="30.332298105655997">
				<ele>6.869044192135334</ele>
				<time>2022-09-08T15:27:23Z</time>
			</trkpt>
			<trkpt lat="59.928997328946274" lon="30.332271669522804">
				<ele>7.44792003557086</ele>
				<time>2022-09-08T15:27:26Z</time>
			</trkpt>
			<trkpt lat="59.92900922833011" lon="30.332233321580233">
				<ele>8.949898068793118</ele>
				<time>2022-09-08T15:27:27Z</time>
			</trkpt>
			<trkpt lat="59.92900799223542" lon="30.332194104142133">
				<ele>5.210922674275935</ele>
				<time>2022-09-08T15:27:31Z</time>
			</trkpt>
			<trkpt lat="59.92902068747458" lon="30.332159993728276">
				<ele>5.818977124989033</ele>
				<time>2022-09-08T15:27:33Z</time>
			</trkpt>
			<trkpt lat="59.9290090852792" lon="30.332198368299203">
				<ele>4.325982130132616</ele>
				<time>2022-09-08T15:27:35Z</time>
			</trkpt>
			<trkpt lat="59.9289942840393" lon="30.332221090345303">
				<ele>6.010534537024796</ele>
				<time>2022-09-08T15:27:40Z</time>
			</trkpt>
			<trkpt lat="59.92901653622502" lon="30.33220813975763">
				<ele>7.124438123777509</ele>
				<time>2022-09-08T15:27:47Z</time>
			</trkpt>
			<trkpt lat="59.92903883003346" lon="30.332148818436973">
				<ele>4.113669766113162</ele>
				<time>2022-09-08T15:27:50Z</time>
			</trkpt>
			<trkpt lat="59.92904875599411" lon="30.332099960123266">
				<ele>6.0018822671845555</ele>
				<time>2022-09-08T15:27:51Z</time>
			</trkpt>
			<trkpt lat="59.92905776635942" lon="30.332051051985577">
				<ele>5.502705265767872</ele>
				<time>2022-09-08T15:27:53Z</time>
			</trkpt>
			<trkpt lat="59.92907862114516" lon="30.33202825490818">
				<ele>7.527879687026143</ele>
				<time>2022-09-08T15:27:55Z</time>
			</trkpt>
			<trkpt lat="59.92907861673454" lon="30.33199150260263">
				<ele>0.7190130930393934</ele>
				<time>2022-09-08T15:27:58Z</time>
			</trkpt>
			<trkpt lat="59.92911519864967" lon="30.33197065365044">
				<ele>4.477681626565754</ele>
				<time>2022-09-08T15:28:00Z</time>
			</trkpt>
			<trkpt lat="59.92913396600133" lon="30.33193820915004">
				<ele>3.7673192685469985</ele>
				<time>2022-09-08T15:28:02Z</time>
			</trkpt>
			<trkpt lat="59.929156051825416" lon="30.331905073731303">
				<ele>5.6089393915608525</ele>
				<time>2022-09-08T15:28:04Z</time>
			</trkpt>
			<trkpt lat="59.92916542714917" lon="30.33186271239935">
				<ele>5.643440638668835</ele>
				<time>2022-09-08T15:28:09Z</time>
			</trkpt>
			<trkpt lat="59.929166781599974" lon="30.331818906400983">
				<ele>3.7503623636439443</ele>
				<time>2022-09-08T15:28:11Z</time>
			</trkpt>
			<trkpt lat="59.92918305103761" lon="30.331781449135466">
				<ele>4.892093697562814</ele>
				<time>2022-09-08T15:28:13Z</time>
			</trkpt>
			<trkpt lat="59.92919990493675" lon="30.33176668929469">
				<ele>6.23968589771539</ele>
				<time>2022-09-08T15:28:14Z</time>
			</trkpt>
			<trkpt lat="59.92921179550171" lon="30.331725544591727">
				<ele>5.4538204204291105</ele>
				<time>2022-09-08T15:28:16Z</time>
			</trkpt>
			<trkpt lat="59.929230427042576" lon="30.331723456048397">
				<ele>6.725520378910005</ele>
				<time>2022-09-08T15:28:17Z</time>
			</trkpt>
			<trkpt lat="59.929230827788864" lon="30.331687465816252">
				<ele>5.074565706774592</ele>
				<time>2022-09-08T15:28:19Z</time>
			</trkpt>
			<trkpt lat="59.929246454577935" lon="30.33165304996425">
				<ele>3.5151182543486357</ele>
				<time>2022-09-08T15:28:22Z</time>
			</trkpt>
			<trkpt lat="59.92924914720333" lon="30.33161396584084">
				<ele>4.66877578292042</ele>
				<time>2022-09-08T15:28:24Z</time>
			</trkpt>
			<trkpt lat="59.92925430333948" lon="30.331559347299063">
				<ele>2.9261368410661817</ele>
				<time>2022-09-08T15:28:28Z</time>
			</trkpt>
			<trkpt lat="59.929260755606" lon="30.331525843789297">
				<ele>5.458967364393175</ele>
				<time>2022-09-08T15:28:29Z</time>
			</trkpt>
			<trkpt lat="59.92926156418041" lon="30.331488890459216">
				<ele>3.7194807613268495</ele>
				<time>2022-09-08T15:28:31Z</time>
			</trkpt>
			<trkpt lat="59.92926272424673" lon="30.3314401807548">
				<ele>4.840243657119572</ele>
				<time>2022-09-08T15:28:33Z</time>
			</trkpt>
			<trkpt lat="59.92927980422893" lon="30.331406766246502">
				<ele>3.788933533243835</ele>
				<time>2022-09-08T15:28:35Z</time>
			</trkpt>
			<trkpt lat="59.92929894494787" lon="30.33137606791568">
				<ele>5.130046501755714</ele>
				<time>2022-09-08T15:28:37Z</time>
			</trkpt>
			<trkpt lat="59.92931919361317" lon="30.331356450510707">
				<ele>3.3418437829241157</ele>
				<time>2022-09-08T15:28:39Z</time>
			</trkpt>
			<trkpt lat="59.92933180071112" lon="30.33130968514815">
				<ele>1.7364915506914258</ele>
				<time>2022-09-08T15:28:42Z</time>
			</trkpt>
			<trkpt lat="59.92935519284373" lon="30.331256793638996">
				<ele>4.1098631685599685</ele>
				<time>2022-09-08T15:28:44Z</time>
			</trkpt>
			<trkpt lat="59.929370377872964" lon="30.33120892478948">
				<ele>3.1827995162457228</ele>
				<time>2022-09-08T15:28:46Z</time>
			</trkpt>
			<trkpt lat="59.92938726836122" lon="30.331190929589877">
				<ele>3.92955126054585</ele>
				<time>2022-09-08T15:28:47Z</time>
			</trkpt>
			<trkpt lat="59.92941177120081" lon="30.331189105543586">
				<ele>6.090148759074509</ele>
				<time>2022-09-08T15:28:48Z</time>
			</trkpt>
			<trkpt lat="59.929415808872534" lon="30.331148120915465">
				<ele>2.0934456372633576</ele>
				<time>2022-09-08T15:28:50Z</time>
			</trkpt>
			<trkpt lat="59.92944352533745" lon="30.33114503366601">
				<ele>0.7580027254298329</ele>
				<time>2022-09-08T15:28:52Z</time>
			</trkpt>
			<trkpt lat="59.929467493707484" lon="30.3311321757162">
				<ele>0.9429739536717534</ele>
				<time>2022-09-08T15:28:54Z</time>
			</trkpt>
			<trkpt lat="59.92948953177829" lon="30.331124174086447">
				<ele>3.4589363485574722</ele>
				<time>2022-09-08T15:28:55Z</time>
			</trkpt>
			<trkpt lat="59.929514495959275" lon="30.33110119526689">
				<ele>4.351533067412674</ele>
				<time>2022-09-08T15:28:57Z</time>
			</trkpt>
			<trkpt lat="59.92953584219301" lon="30.33105965644135">
				<ele>3.7474558409303427</ele>
				<time>2022-09-08T15:28:59Z</time>
			</trkpt>
			<trkpt lat="59.92951269024765" lon="30.330995791685165">
				<ele>4.368249765597284</ele>
				<time>2022-09-08T15:29:00Z</time>
			</trkpt>
			<trkpt lat="59.92954222054338" lon="30.33097153587893">
				<ele>6.307832467369735</ele>
				<time>2022-09-08T15:29:02Z</time>
			</trkpt>
			<trkpt lat="59.92955640849547" lon="30.33092951126277">
				<ele>6.620463089086115</ele>
				<time>2022-09-08T15:29:04Z</time>
			</trkpt>
			<trkpt lat="59.92954647331267" lon="30.330881352308342">
				<ele>2.9759223256260157</ele>
				<time>2022-09-08T15:29:06Z</time>
			</trkpt>
			<trkpt lat="59.92958727508826" lon="30.33087156925373">
				<ele>4.216516117565334</ele>
				<time>2022-09-08T15:29:08Z</time>
			</trkpt>
			<trkpt lat="59.92963957076403" lon="30.330897621686397">
				<ele>7.591230405494571</ele>
				<time>2022-09-08T15:29:09Z</time>
			</trkpt>
			<trkpt lat="59.92961514674848" lon="30.330838156144264">
				<ele>5.410647843964398</ele>
				<time>2022-09-08T15:29:11Z</time>
			</trkpt>
			<trkpt lat="59.929596460744214" lon="30.33080520988741">
				<ele>5.173374969512224</ele>
				<time>2022-09-08T15:29:12Z</time>
			</trkpt>
			<trkpt lat="59.92958358253282" lon="30.330746664945984">
				<ele>0.9551898166537285</ele>
				<time>2022-09-08T15:29:14Z</time>
			</trkpt>
			<trkpt lat="59.92956825863448" lon="30.330710460697745">
				<ele>2.199290690012276</ele>
				<time>2022-09-08T15:29:17Z</time>
			</trkpt>
			<trkpt lat="59.929553347951426" lon="30.330683423381647">
				<ele>1.761150280945003</ele>
				<time>2022-09-08T15:29:18Z</time>
			</trkpt>
			<trkpt lat="59.929521788510016" lon="30.330654465049555">
				<ele>5.256419237703085</ele>
				<time>2022-09-08T15:29:20Z</time>
			</trkpt>
			<trkpt lat="59.929525846514" lon="30.330619011429402">
				<ele>1.8851033356040716</ele>
				<time>2022-09-08T15:29:21Z</time>
			</trkpt>
			<trkpt lat="59.92952446513162" lon="30.33057023375508">
				<ele>1.6981511628255248</ele>
				<time>2022-09-08T15:29:23Z</time>
			</trkpt>
			<trkpt lat="59.92950298556058" lon="30.33052462463044">
				<ele>2.0247442107647657</ele>
				<time>2022-09-08T15:29:25Z</time>
			</trkpt>
			<trkpt lat="59.929503023929634" lon="30.330476962278183">
				<ele>3.4062302941456437</ele>
				<time>2022-09-08T15:29:28Z</time>
			</trkpt>
			<trkpt lat="59.929528672222894" lon="30.330442434959185">
				<ele>7.100884012877941</ele>
				<time>2022-09-08T15:29:31Z</time>
			</trkpt>
			<trkpt lat="59.9295447292119" lon="30.330418089189312">
				<ele>7.515960819087923</ele>
				<time>2022-09-08T15:29:32Z</time>
			</trkpt>
			<trkpt lat="59.92955201737029" lon="30.33037984714903">
				<ele>5.461685674265027</ele>
				<time>2022-09-08T15:29:34Z</time>
			</trkpt>
			<trkpt lat="59.929572397564236" lon="30.330350999928537">
				<ele>7.691070173867047</ele>
				<time>2022-09-08T15:29:36Z</time>
			</trkpt>
			<trkpt lat="59.929587866090976" lon="30.330315886760854">
				<ele>6.774973261170089</ele>
				<time>2022-09-08T15:29:39Z</time>
			</trkpt>
			<trkpt lat="59.92960716643358" lon="30.330289210992966">
				<ele>8.520358110778034</ele>
				<time>2022-09-08T15:29:41Z</time>
			</trkpt>
			<trkpt lat="59.929618968340996" lon="30.330237589087204">
				<ele>4.148720690049231</ele>
				<time>2022-09-08T15:29:44Z</time>
			</trkpt>
			<trkpt lat="59.92964196696988" lon="30.33021303767548">
				<ele>5.5225883312523365</ele>
				<time>2022-09-08T15:29:46Z</time>
			</trkpt>
			<trkpt lat="59.92965374131288" lon="30.330171496287203">
				<ele>5.702277270145714</ele>
				<time>2022-09-08T15:29:48Z</time>
			</trkpt>
			<trkpt lat="59.92967085547265" lon="30.330133501200727">
				<ele>9.509372276253998</ele>
				<time>2022-09-08T15:29:50Z</time>
			</trkpt>
			<trkpt lat="59.92969380869504" lon="30.330120994522403">
				<ele>5.270603975281119</ele>
				<time>2022-09-08T15:29:52Z</time>
			</trkpt>
			<trkpt lat="59.929721424866145" lon="30.330106203129485">
				<ele>2.8249009381979704</ele>
				<time>2022-09-08T15:29:55Z</time>
			</trkpt>
			<trkpt lat="59.92975052036769" lon="30.330071251499223">
				<ele>7.442132434807718</ele>
				<time>2022-09-08T15:29:56Z</time>
			</trkpt>
			<trkpt lat="59.9297684872352" lon="30.33005774188523">
				<ele>6.719583228230476</ele>
				<time>2022-09-08T15:29:57Z</time>
			</trkpt>
			<trkpt lat="59.92976668461881" lon="30.330003608694895">
				<ele>6.985840072855353</ele>
				<time>2022-09-08T15:29:59Z</time>
			</trkpt>
			<trkpt lat="59.92981363234894" lon="30.330018602565822">
				<ele>11.440627183765173</ele>
				<time>2022-09-08T15:30:00Z</time>
			</trkpt>
			<trkpt lat="59.92983176725448" lon="30.329994096098677">
				<ele>5.81334781087935</ele>
				<time>2022-09-08T15:30:04Z</time>
			</trkpt>
			<trkpt lat="59.92984885596542" lon="30.32996701537548">
				<ele>4.408118266612291</ele>
				<time>2022-09-08T15:30:07Z</time>
			</trkpt>
			<trkpt lat="59.92987856708093" lon="30.32993373494845">
				<ele>6.744795983657241</ele>
				<time>2022-09-08T15:30:09Z</time>
			</trkpt>
			<trkpt lat="59.9298762801549" lon="30.329894200106104">
				<ele>4.244811285287142</ele>
				<time>2022-09-08T15:30:10Z</time>
			</trkpt>
			<trkpt lat="59.929864074558175" lon="30.329840351883682">
				<ele>2.5282874098047614</ele>
				<time>2022-09-08T15:30:12Z</time>
			</trkpt>
			<trkpt lat="59.929891208433226" lon="30.329809124810048">
				<ele>4.28058912884444</ele>
				<time>2022-09-08T15:30:15Z</time>
			</trkpt>
			<trkpt lat="59.929905201179466" lon="30.32978441662437">
				<ele>3.242227324284613</ele>
				<time>2022-09-08T15:30:17Z</time>
			</trkpt>
			<trkpt lat="59.92992157497961" lon="30.329754260951486">
				<ele>2.924107280559838</ele>
				<time>2022-09-08T15:30:19Z</time>
			</trkpt>
			<trkpt lat="59.929947559063294" lon="30.32970258322554">
				<ele>6.073189782910049</ele>
				<time>2022-09-08T15:30:21Z</time>
			</trkpt>
			<trkpt lat="59.929948726611734" lon="30.32965664327914">
				<ele>1.2760076662525535</ele>
				<time>2022-09-08T15:30:23Z</time>
			</trkpt>
			<trkpt lat="59.92995574395156" lon="30.32961734317651">
				<ele>3.259641155600548</ele>
				<time>2022-09-08T15:30:26Z</time>
			</trkpt>
			<trkpt lat="59.929976168088565" lon="30.32961410248684">
				<ele>6.951308731921017</ele>
				<time>2022-09-08T15:30:30Z</time>
			</trkpt>
			<trkpt lat="59.92995523239566" lon="30.329583830748035">
				<ele>1.5565727287903428</ele>
				<time>2022-09-08T15:30:31Z</time>
			</trkpt>
			<trkpt lat="59.92997523653588" lon="30.329543828261777">
				<ele>-3.7092842161655426</ele>
				<time>2022-09-08T15:30:38Z</time>
			</trkpt>
			<trkpt lat="59.92998783132538" lon="30.32949890287385">
				<ele>-4.238607854582369</ele>
				<time>2022-09-08T15:30:40Z</time>
			</trkpt>
			<trkpt lat="59.92999434229681" lon="30.32945369516609">
				<ele>-3.393860667012632</ele>
				<time>2022-09-08T15:30:43Z</time>
			</trkpt>
			<trkpt lat="59.93000383082991" lon="30.329422609046432">
				<ele>-5.306112887337804</ele>
				<time>2022-09-08T15:30:45Z</time>
			</trkpt>
			<trkpt lat="59.93001889818731" lon="30.329382513804795">
				<ele>-4.422440976835787</ele>
				<time>2022-09-08T15:30:47Z</time>
			</trkpt>
			<trkpt lat="59.930031635016945" lon="30.32933930595348">
				<ele>-3.7699753995984793</ele>
				<time>2022-09-08T15:30:49Z</time>
			</trkpt>
			<trkpt lat="59.9300491045379" lon="30.329275777064666">
				<ele>-0.6529927449300885</ele>
				<time>2022-09-08T15:30:51Z</time>
			</trkpt>
			<trkpt lat="59.93005941017384" lon="30.32923813147237">
				<ele>-6.017052359879017</ele>
				<time>2022-09-08T15:30:53Z</time>
			</trkpt>
			<trkpt lat="59.93006900069193" lon="30.329193429178392">
				<ele>-7.47661898471415</ele>
				<time>2022-09-08T15:30:55Z</time>
			</trkpt>
			<trkpt lat="59.93009017181224" lon="30.32915954492367">
				<ele>-4.9266148051247</ele>
				<time>2022-09-08T15:30:57Z</time>
			</trkpt>
			<trkpt lat="59.93008228183281" lon="30.329125749281303">
				<ele>-4.0046826265752316</ele>
				<time>2022-09-08T15:30:58Z</time>
			</trkpt>
			<trkpt lat="59.930182450584205" lon="30.329149763516835">
				<ele>0.25422553438693285</ele>
				<time>2022-09-08T15:31:00Z</time>
			</trkpt>
			<trkpt lat="59.930169590168795" lon="30.32910901471564">
				<ele>-4.700804117135704</ele>
				<time>2022-09-08T15:31:01Z</time>
			</trkpt>
			<trkpt lat="59.93021001177309" lon="30.32906944356458">
				<ele>-6.204566110856831</ele>
				<time>2022-09-08T15:31:03Z</time>
			</trkpt>
			<trkpt lat="59.93023043272896" lon="30.329075106910157">
				<ele>-3.6024709418416023</ele>
				<time>2022-09-08T15:31:05Z</time>
			</trkpt>
			<trkpt lat="59.93024842047882" lon="30.32907937643364">
				<ele>-3.6681432090699673</ele>
				<time>2022-09-08T15:31:06Z</time>
			</trkpt>
			<trkpt lat="59.93026937646918" lon="30.329065539485324">
				<ele>-3.7139390241354704</ele>
				<time>2022-09-08T15:31:08Z</time>
			</trkpt>
			<trkpt lat="59.93029303734816" lon="30.32905833601035">
				<ele>-0.19547039456665516</ele>
				<time>2022-09-08T15:31:09Z</time>
			</trkpt>
			<trkpt lat="59.93029810954326" lon="30.329018425464866">
				<ele>-4.713711622171104</ele>
				<time>2022-09-08T15:31:11Z</time>
			</trkpt>
			<trkpt lat="59.930315292367816" lon="30.32897521023099">
				<ele>-3.1095471093431115</ele>
				<time>2022-09-08T15:31:13Z</time>
			</trkpt>
			<trkpt lat="59.93034108160082" lon="30.32895411620504">
				<ele>-1.6594985574483871</ele>
				<time>2022-09-08T15:31:15Z</time>
			</trkpt>
			<trkpt lat="59.930375006144104" lon="30.328940505789962">
				<ele>-1.5018407218158245</ele>
				<time>2022-09-08T15:31:17Z</time>
			</trkpt>
			<trkpt lat="59.93038451975761" lon="30.328897740577442">
				<ele>1.2023095842450857</ele>
				<time>2022-09-08T15:31:18Z</time>
			</trkpt>
			<trkpt lat="59.930406817010955" lon="30.328877692654178">
				<ele>-5.235254563391209</ele>
				<time>2022-09-08T15:31:21Z</time>
			</trkpt>
			<trkpt lat="59.930395728897444" lon="30.32883474223498">
				<ele>-3.4752082591876388</ele>
				<time>2022-09-08T15:31:22Z</time>
			</trkpt>
			<trkpt lat="59.93041642333388" lon="30.32880910098099">
				<ele>-0.9549579415470362</ele>
				<time>2022-09-08T15:31:24Z</time>
			</trkpt>
			<trkpt lat="59.930435716215584" lon="30.328783457634582">
				<ele>-2.180558567866683</ele>
				<time>2022-09-08T15:31:26Z</time>
			</trkpt>
			<trkpt lat="59.93045989186497" lon="30.32875433673264">
				<ele>0.5316520538181067</ele>
				<time>2022-09-08T15:31:28Z</time>
			</trkpt>
			<trkpt lat="59.930463824806885" lon="30.328705680188612">
				<ele>-3.4399875039234757</ele>
				<time>2022-09-08T15:31:30Z</time>
			</trkpt>
			<trkpt lat="59.93047901716602" lon="30.32868625358251">
				<ele>-3.639015272259712</ele>
				<time>2022-09-08T15:31:32Z</time>
			</trkpt>
			<trkpt lat="59.93049719235308" lon="30.32863872711688">
				<ele>-1.6363244596868753</ele>
				<time>2022-09-08T15:31:34Z</time>
			</trkpt>
			<trkpt lat="59.93050854276318" lon="30.328605913120764">
				<ele>-0.9826058456674218</ele>
				<time>2022-09-08T15:31:36Z</time>
			</trkpt>
			<trkpt lat="59.93052013639326" lon="30.32856427171532">
				<ele>-0.9578926553949714</ele>
				<time>2022-09-08T15:31:38Z</time>
			</trkpt>
			<trkpt lat="59.93054405978881" lon="30.328521333465282">
				<ele>5.614781762473285</ele>
				<time>2022-09-08T15:31:40Z</time>
			</trkpt>
			<trkpt lat="59.93055860325155" lon="30.32847524158401">
				<ele>2.032506444491446</ele>
				<time>2022-09-08T15:31:42Z</time>
			</trkpt>
			<trkpt lat="59.930577728433" lon="30.32843521242899">
				<ele>5.655767671763897</ele>
				<time>2022-09-08T15:31:44Z</time>
			</trkpt>
			<trkpt lat="59.93059475907017" lon="30.32839313019389">
				<ele>4.027313011698425</ele>
				<time>2022-09-08T15:31:47Z</time>
			</trkpt>
			<trkpt lat="59.930607655358365" lon="30.32836006215924">
				<ele>9.975361208431423</ele>
				<time>2022-09-08T15:31:49Z</time>
			</trkpt>
			<trkpt lat="59.93062279821685" lon="30.328333623946065">
				<ele>7.8575454810634255</ele>
				<time>2022-09-08T15:31:51Z</time>
			</trkpt>
			<trkpt lat="59.93063542194264" lon="30.32829314991775">
				<ele>9.424600141122937</ele>
				<time>2022-09-08T15:31:53Z</time>
			</trkpt>
			<trkpt lat="59.93065084061315" lon="30.32826356261466">
				<ele>8.301834530197084</ele>
				<time>2022-09-08T15:31:55Z</time>
			</trkpt>
			<trkpt lat="59.9306747503234" lon="30.328219790437153">
				<ele>13.979351628571749</ele>
				<time>2022-09-08T15:31:58Z</time>
			</trkpt>
			<trkpt lat="59.93068055960492" lon="30.32816290715772">
				<ele>12.505795381963253</ele>
				<time>2022-09-08T15:32:00Z</time>
			</trkpt>
			<trkpt lat="59.93069917759045" lon="30.32814038221675">
				<ele>11.474417026154697</ele>
				<time>2022-09-08T15:32:02Z</time>
			</trkpt>
			<trkpt lat="59.93076297194165" lon="30.328177068147017">
				<ele>10.198033754713833</ele>
				<time>2022-09-08T15:32:04Z</time>
			</trkpt>
			<trkpt lat="59.93078135000845" lon="30.32819258831072">
				<ele>10.039406826719642</ele>
				<time>2022-09-08T15:32:05Z</time>
			</trkpt>
			<trkpt lat="59.93079886708894" lon="30.32820924752374">
				<ele>12.40145232155919</ele>
				<time>2022-09-08T15:32:06Z</time>
			</trkpt>
			<trkpt lat="59.93084475991352" lon="30.32821712536926">
				<ele>7.2527412455528975</ele>
				<time>2022-09-08T15:32:10Z</time>
			</trkpt>
			<trkpt lat="59.930840645831374" lon="30.328253297155882">
				<ele>4.658158537000418</ele>
				<time>2022-09-08T15:32:12Z</time>
			</trkpt>
			<trkpt lat="59.93085001671683" lon="30.32832838626408">
				<ele>4.987972738221288</ele>
				<time>2022-09-08T15:32:14Z</time>
			</trkpt>
			<trkpt lat="59.930840903361776" lon="30.328397417016685">
				<ele>2.404433250427246</ele>
				<time>2022-09-08T15:32:16Z</time>
			</trkpt>
			<trkpt lat="59.93084306827344" lon="30.32843957887105">
				<ele>5.237913326360285</ele>
				<time>2022-09-08T15:32:18Z</time>
			</trkpt>
			<trkpt lat="59.93083101838945" lon="30.328480756834853">
				<ele>6.954194555059075</ele>
				<time>2022-09-08T15:32:20Z</time>
			</trkpt>
			<trkpt lat="59.930815278640715" lon="30.32851075906209">
				<ele>8.907890654169023</ele>
				<time>2022-09-08T15:32:22Z</time>
			</trkpt>
			<trkpt lat="59.93079893449002" lon="30.32855065898027">
				<ele>9.835147434845567</ele>
				<time>2022-09-08T15:32:24Z</time>
			</trkpt>
			<trkpt lat="59.930783563985194" lon="30.32858741232706">
				<ele>10.789521652273834</ele>
				<time>2022-09-08T15:32:26Z</time>
			</trkpt>
			<trkpt lat="59.93075438197427" lon="30.328600466363785">
				<ele>10.378207837231457</ele>
				<time>2022-09-08T15:32:28Z</time>
			</trkpt>
			<trkpt lat="59.93073794116585" lon="30.32863587236077">
				<ele>13.260984394699335</ele>
				<time>2022-09-08T15:32:29Z</time>
			</trkpt>
			<trkpt lat="59.93072077575068" lon="30.328678751976017">
				<ele>10.233394629321992</ele>
				<time>2022-09-08T15:32:31Z</time>
			</trkpt>
			<trkpt lat="59.930694586672324" lon="30.328711709462606">
				<ele>13.674924740567803</ele>
				<time>2022-09-08T15:32:33Z</time>
			</trkpt>
			<trkpt lat="59.93067186145158" lon="30.328747596924853">
				<ele>11.757343110628426</ele>
				<time>2022-09-08T15:32:35Z</time>
			</trkpt>
			<trkpt lat="59.93065295949991" lon="30.328793177195568">
				<ele>14.401002424769104</ele>
				<time>2022-09-08T15:32:37Z</time>
			</trkpt>
			<trkpt lat="59.93063778484326" lon="30.328848633909054">
				<ele>8.836420707404613</ele>
				<time>2022-09-08T15:32:39Z</time>
			</trkpt>
			<trkpt lat="59.93061946558742" lon="30.328894014439705">
				<ele>11.008250268176198</ele>
				<time>2022-09-08T15:32:41Z</time>
			</trkpt>
			<trkpt lat="59.930595770803734" lon="30.328921773008865">
				<ele>10.592677247710526</ele>
				<time>2022-09-08T15:32:43Z</time>
			</trkpt>
			<trkpt lat="59.930575192997836" lon="30.328973998280723">
				<ele>14.031637191772461</ele>
				<time>2022-09-08T15:32:45Z</time>
			</trkpt>
			<trkpt lat="59.93054433805133" lon="30.32901003133851">
				<ele>13.690982123836875</ele>
				<time>2022-09-08T15:32:47Z</time>
			</trkpt>
			<trkpt lat="59.93053819888702" lon="30.329044916222248">
				<ele>11.867815488949418</ele>
				<time>2022-09-08T15:32:48Z</time>
			</trkpt>
			<trkpt lat="59.930525482865974" lon="30.329101582255284">
				<ele>11.148102945648134</ele>
				<time>2022-09-08T15:32:50Z</time>
			</trkpt>
			<trkpt lat="59.93050194062824" lon="30.329111487906903">
				<ele>15.024148531258106</ele>
				<time>2022-09-08T15:32:52Z</time>
			</trkpt>
			<trkpt lat="59.930479338364364" lon="30.329100998927597">
				<ele>12.561931136064231</ele>
				<time>2022-09-08T15:32:53Z</time>
			</trkpt>
			<trkpt lat="59.93046988348627" lon="30.32914908569008">
				<ele>13.163014074787498</ele>
				<time>2022-09-08T15:32:55Z</time>
			</trkpt>
			<trkpt lat="59.93046727870604" lon="30.32920002288109">
				<ele>8.590073257684708</ele>
				<time>2022-09-08T15:32:59Z</time>
			</trkpt>
			<trkpt lat="59.93045759558142" lon="30.329232781085008">
				<ele>12.894202452152967</ele>
				<time>2022-09-08T15:33:01Z</time>
			</trkpt>
			<trkpt lat="59.930436604637116" lon="30.32926290703254">
				<ele>11.62099691387266</ele>
				<time>2022-09-08T15:33:04Z</time>
			</trkpt>
			<trkpt lat="59.93041343630847" lon="30.32927444910305">
				<ele>11.732840484939516</ele>
				<time>2022-09-08T15:33:06Z</time>
			</trkpt>
			<trkpt lat="59.93040892556199" lon="30.329319400789927">
				<ele>9.85951463971287</ele>
				<time>2022-09-08T15:33:09Z</time>
			</trkpt>
			<trkpt lat="59.93040243547502" lon="30.32937550107031">
				<ele>10.251612414605916</ele>
				<time>2022-09-08T15:33:12Z</time>
			</trkpt>
			<trkpt lat="59.93038790016722" lon="30.3294128841637">
				<ele>10.20142309833318</ele>
				<time>2022-09-08T15:33:14Z</time>
			</trkpt>
			<trkpt lat="59.93039537427748" lon="30.32945115452291">
				<ele>13.343900000676513</ele>
				<time>2022-09-08T15:33:15Z</time>
			</trkpt>
			<trkpt lat="59.930373337106275" lon="30.329475538439684">
				<ele>10.627217677421868</ele>
				<time>2022-09-08T15:33:17Z</time>
			</trkpt>
			<trkpt lat="59.9303571193559" lon="30.32949397497427">
				<ele>9.872420421801507</ele>
				<time>2022-09-08T15:33:18Z</time>
			</trkpt>
			<trkpt lat="59.930356426058424" lon="30.329551840943203">
				<ele>10.895401829853654</ele>
				<time>2022-09-08T15:33:22Z</time>
			</trkpt>
			<trkpt lat="59.93034000960191" lon="30.329574073513513">
				<ele>14.155256263911724</ele>
				<time>2022-09-08T15:33:24Z</time>
			</trkpt>
			<trkpt lat="59.93031237870191" lon="30.32959681162238">
				<ele>8.035646217875183</ele>
				<time>2022-09-08T15:33:26Z</time>
			</trkpt>
			<trkpt lat="59.930295297467495" lon="30.32961406020469">
				<ele>6.755837113596499</ele>
				<time>2022-09-08T15:33:27Z</time>
			</trkpt>
			<trkpt lat="59.930273370590164" lon="30.329652660865392">
				<ele>8.12925658468157</ele>
				<time>2022-09-08T15:33:29Z</time>
			</trkpt>
			<trkpt lat="59.93027454983254" lon="30.3296967076991">
				<ele>6.566582223400474</ele>
				<time>2022-09-08T15:33:31Z</time>
			</trkpt>
			<trkpt lat="59.930249352241766" lon="30.329730598949784">
				<ele>5.337263487279415</ele>
				<time>2022-09-08T15:33:33Z</time>
			</trkpt>
			<trkpt lat="59.93022792888315" lon="30.32975039247147">
				<ele>1.9523354955017567</ele>
				<time>2022-09-08T15:33:35Z</time>
			</trkpt>
			<trkpt lat="59.93020658385979" lon="30.329780160079363">
				<ele>3.702194600366056</ele>
				<time>2022-09-08T15:33:38Z</time>
			</trkpt>
			<trkpt lat="59.93019751672674" lon="30.329830755556277">
				<ele>1.711052450351417</ele>
				<time>2022-09-08T15:33:44Z</time>
			</trkpt>
			<trkpt lat="59.930188255266934" lon="30.329863841337623">
				<ele>0.6729590957984328</ele>
				<time>2022-09-08T15:33:46Z</time>
			</trkpt>
			<trkpt lat="59.930149836248106" lon="30.329934054975993">
				<ele>6.30049582850188</ele>
				<time>2022-09-08T15:33:49Z</time>
			</trkpt>
			<trkpt lat="59.930136833543656" lon="30.329975333935863">
				<ele>2.887960488907993</ele>
				<time>2022-09-08T15:33:50Z</time>
			</trkpt>
			<trkpt lat="59.930141353445805" lon="30.330013901435933">
				<ele>0.8425785815343261</ele>
				<time>2022-09-08T15:33:56Z</time>
			</trkpt>
			<trkpt lat="59.9301571705164" lon="30.3300509033361">
				<ele>-0.4195225667208433</ele>
				<time>2022-09-08T15:33:58Z</time>
			</trkpt>
			<trkpt lat="59.9301808192107" lon="30.330076993187227">
				<ele>2.4793863520026207</ele>
				<time>2022-09-08T15:33:59Z</time>
			</trkpt>
			<trkpt lat="59.93019658478157" lon="30.330114289263697">
				<ele>1.9014853099361062</ele>
				<time>2022-09-08T15:34:01Z</time>
			</trkpt>
			<trkpt lat="59.930216983748046" lon="30.33014213026006">
				<ele>2.1130794705823064</ele>
				<time>2022-09-08T15:34:04Z</time>
			</trkpt>
			<trkpt lat="59.93023546437984" lon="30.33017805746632">
				<ele>2.0416968297213316</ele>
				<time>2022-09-08T15:34:06Z</time>
			</trkpt>
			<trkpt lat="59.93025903256275" lon="30.330195957318356">
				<ele>3.0771502293646336</ele>
				<time>2022-09-08T15:34:08Z</time>
			</trkpt>
			<trkpt lat="59.93027274001651" lon="30.33023244195832">
				<ele>1.2244616309180856</ele>
				<time>2022-09-08T15:34:10Z</time>
			</trkpt>
			<trkpt lat="59.93029224911928" lon="30.330251489789745">
				<ele>0.3297745380550623</ele>
				<time>2022-09-08T15:34:12Z</time>
			</trkpt>
			<trkpt lat="59.930309786614515" lon="30.330262062589483">
				<ele>2.3422744888812304</ele>
				<time>2022-09-08T15:34:14Z</time>
			</trkpt>
			<trkpt lat="59.93032917548595" lon="30.330296269759124">
				<ele>2.0810855980962515</ele>
				<time>2022-09-08T15:34:17Z</time>
			</trkpt>
			<trkpt lat="59.93033767683613" lon="30.330343659519805">
				<ele>1.480426517315209</ele>
				<time>2022-09-08T15:34:19Z</time>
			</trkpt>
			<trkpt lat="59.93035389661724" lon="30.330387843369014">
				<ele>-2.702164987102151</ele>
				<time>2022-09-08T15:34:21Z</time>
			</trkpt>
			<trkpt lat="59.930372961390695" lon="30.33042696925715">
				<ele>-1.3194073997437954</ele>
				<time>2022-09-08T15:34:23Z</time>
			</trkpt>
			<trkpt lat="59.93039194840995" lon="30.330443850728354">
				<ele>-1.797076259739697</ele>
				<time>2022-09-08T15:34:25Z</time>
			</trkpt>
			<trkpt lat="59.93041656281581" lon="30.330475210314717">
				<ele>1.221756231971085</ele>
				<time>2022-09-08T15:34:27Z</time>
			</trkpt>
			<trkpt lat="59.930437977339736" lon="30.330477059452086">
				<ele>1.1057147728279233</ele>
				<time>2022-09-08T15:34:29Z</time>
			</trkpt>
			<trkpt lat="59.93046478454099" lon="30.330492031433863">
				<ele>-2.6970663890242577</ele>
				<time>2022-09-08T15:34:33Z</time>
			</trkpt>
			<trkpt lat="59.930480106902145" lon="30.330515717606758">
				<ele>-2.2994116758927703</ele>
				<time>2022-09-08T15:34:35Z</time>
			</trkpt>
			<trkpt lat="59.93049635638502" lon="30.3305381793446">
				<ele>-0.49124946165829897</ele>
				<time>2022-09-08T15:34:37Z</time>
			</trkpt>
			<trkpt lat="59.930511449177" lon="30.330562244716518">
				<ele>-2.9919117437675595</ele>
				<time>2022-09-08T15:34:39Z</time>
			</trkpt>
			<trkpt lat="59.93053290199073" lon="30.330582373191977">
				<ele>-1.818371162749827</ele>
				<time>2022-09-08T15:34:42Z</time>
			</trkpt>
			<trkpt lat="59.93053332692178" lon="30.33063652118239">
				<ele>0.33271645195782185</ele>
				<time>2022-09-08T15:34:47Z</time>
			</trkpt>
			<trkpt lat="59.93055113000165" lon="30.33065143500854">
				<ele>0.9940755357965827</ele>
				<time>2022-09-08T15:34:54Z</time>
			</trkpt>
			<trkpt lat="59.93057481009031" lon="30.33062305636477">
				<ele>4.064489703625441</ele>
				<time>2022-09-08T15:34:56Z</time>
			</trkpt>
			<trkpt lat="59.9305869585563" lon="30.330650566799555">
				<ele>-0.49183184932917356</ele>
				<time>2022-09-08T15:34:58Z</time>
			</trkpt>
			<trkpt lat="59.93058711284124" lon="30.330613759169488">
				<ele>0.026003465987741947</ele>
				<time>2022-09-08T15:35:05Z</time>
			</trkpt>
			<trkpt lat="59.930563871735764" lon="30.330614623249065">
				<ele>-0.300210265442729</ele>
				<time>2022-09-08T15:35:11Z</time>
			</trkpt>
			<trkpt lat="59.930542733582094" lon="30.330619907202156">
				<ele>1.0782874710857868</ele>
				<time>2022-09-08T15:35:13Z</time>
			</trkpt>
			<trkpt lat="59.93052607668482" lon="30.330663254852546">
				<ele>-1.9336216282099485</ele>
				<time>2022-09-08T15:35:17Z</time>
			</trkpt>
			<trkpt lat="59.930505041213145" lon="30.33066339500243">
				<ele>1.9295169236138463</ele>
				<time>2022-09-08T15:35:19Z</time>
			</trkpt>
			<trkpt lat="59.93046900308417" lon="30.330758505900906">
				<ele>0.6298150857910514</ele>
				<time>2022-09-08T15:35:22Z</time>
			</trkpt>
			<trkpt lat="59.93043815721304" lon="30.330801521865734">
				<ele>3.1500321393832564</ele>
				<time>2022-09-08T15:35:23Z</time>
			</trkpt>
			<trkpt lat="59.93043278134672" lon="30.330840495164665">
				<ele>5.179793984629214</ele>
				<time>2022-09-08T15:35:24Z</time>
			</trkpt>
			<trkpt lat="59.930425031095965" lon="30.330879466613197">
				<ele>7.097800764255226</ele>
				<time>2022-09-08T15:35:25Z</time>
			</trkpt>
			<trkpt lat="59.930409648847466" lon="30.33090355004524">
				<ele>5.159535922110081</ele>
				<time>2022-09-08T15:35:26Z</time>
			</trkpt>
			<trkpt lat="59.93040145344087" lon="30.330945758330728">
				<ele>6.218365574255586</ele>
				<time>2022-09-08T15:35:28Z</time>
			</trkpt>
			<trkpt lat="59.93038717495653" lon="30.330997163134633">
				<ele>9.296909740194678</ele>
				<time>2022-09-08T15:35:31Z</time>
			</trkpt>
			<trkpt lat="59.93037914515775" lon="30.331040132546683">
				<ele>10.930726094171405</ele>
				<time>2022-09-08T15:35:34Z</time>
			</trkpt>
			<trkpt lat="59.9303762601418" lon="30.331076566500293">
				<ele>12.557082587853074</ele>
				<time>2022-09-08T15:35:36Z</time>
			</trkpt>
			<trkpt lat="59.930355925445234" lon="30.331116595837766">
				<ele>8.673151526600122</ele>
				<time>2022-09-08T15:35:38Z</time>
			</trkpt>
			<trkpt lat="59.93034622030318" lon="30.33114897114673">
				<ele>7.607358344830573</ele>
				<time>2022-09-08T15:35:40Z</time>
			</trkpt>
			<trkpt lat="59.93032685867707" lon="30.33116834133914">
				<ele>10.577508389018476</ele>
				<time>2022-09-08T15:35:41Z</time>
			</trkpt>
			<trkpt lat="59.93030738806444" lon="30.331204698950565">
				<ele>11.257180593907833</ele>
				<time>2022-09-08T15:35:43Z</time>
			</trkpt>
			<trkpt lat="59.9302819280308" lon="30.33123943527647">
				<ele>12.08725442737341</ele>
				<time>2022-09-08T15:35:45Z</time>
			</trkpt>
			<trkpt lat="59.93025281040863" lon="30.33126620128204">
				<ele>13.459734722040594</ele>
				<time>2022-09-08T15:35:47Z</time>
			</trkpt>
			<trkpt lat="59.93021938571528" lon="30.331296049734213">
				<ele>9.939352345652878</ele>
				<time>2022-09-08T15:35:51Z</time>
			</trkpt>
			<trkpt lat="59.93020061748997" lon="30.33132481609323">
				<ele>9.485937224701047</ele>
				<time>2022-09-08T15:35:52Z</time>
			</trkpt>
			<trkpt lat="59.93018748072224" lon="30.3313493208033">
				<ele>8.360491956584156</ele>
				<time>2022-09-08T15:35:53Z</time>
			</trkpt>
			<trkpt lat="59.930167995150754" lon="30.331404160190026">
				<ele>11.411792961880565</ele>
				<time>2022-09-08T15:35:55Z</time>
			</trkpt>
			<trkpt lat="59.9301502473987" lon="30.33142349487565">
				<ele>11.362534958869219</ele>
				<time>2022-09-08T15:35:57Z</time>
			</trkpt>
			<trkpt lat="59.930139000740716" lon="30.331461205812996">
				<ele>11.064712100662291</ele>
				<time>2022-09-08T15:35:59Z</time>
			</trkpt>
			<trkpt lat="59.930127192962175" lon="30.331492963807268">
				<ele>12.239132112823427</ele>
				<time>2022-09-08T15:36:01Z</time>
			</trkpt>
			<trkpt lat="59.93011954321515" lon="30.331529458236652">
				<ele>7.254667937755585</ele>
				<time>2022-09-08T15:36:03Z</time>
			</trkpt>
			<trkpt lat="59.93010296440708" lon="30.331552130645154">
				<ele>6.768554231151938</ele>
				<time>2022-09-08T15:36:05Z</time>
			</trkpt>
			<trkpt lat="59.93011021406461" lon="30.331587920038714">
				<ele>7.446807696484029</ele>
				<time>2022-09-08T15:36:07Z</time>
			</trkpt>
			<trkpt lat="59.93009078157888" lon="30.331606406967733">
				<ele>7.738029484637082</ele>
				<time>2022-09-08T15:36:09Z</time>
			</trkpt>
			<trkpt lat="59.93007755625219" lon="30.331632567485304">
				<ele>7.52089617960155</ele>
				<time>2022-09-08T15:36:11Z</time>
			</trkpt>
			<trkpt lat="59.93006701302105" lon="30.331677491297615">
				<ele>6.650569647550583</ele>
				<time>2022-09-08T15:36:14Z</time>
			</trkpt>
			<trkpt lat="59.93004305374637" lon="30.33167475804798">
				<ele>5.175313429906964</ele>
				<time>2022-09-08T15:36:17Z</time>
			</trkpt>
			<trkpt lat="59.9300200499492" lon="30.33166079197028">
				<ele>4.554175063036382</ele>
				<time>2022-09-08T15:36:18Z</time>
			</trkpt>
			<trkpt lat="59.93000239142491" lon="30.331653214643268">
				<ele>5.583856062032282</ele>
				<time>2022-09-08T15:36:26Z</time>
			</trkpt>
			<trkpt lat="59.92997970867467" lon="30.331606698391855">
				<ele>5.839393354021013</ele>
				<time>2022-09-08T15:36:28Z</time>
			</trkpt>
			<trkpt lat="59.929961930544856" lon="30.331578435881763">
				<ele>5.58492960780859</ele>
				<time>2022-09-08T15:36:30Z</time>
			</trkpt>
			<trkpt lat="59.92994614454246" lon="30.331546723836023">
				<ele>3.0090985503047705</ele>
				<time>2022-09-08T15:36:32Z</time>
			</trkpt>
			<trkpt lat="59.92992558394649" lon="30.331509813500148">
				<ele>1.0803325939923525</ele>
				<time>2022-09-08T15:36:34Z</time>
			</trkpt>
			<trkpt lat="59.929907469362384" lon="30.331470652269783">
				<ele>1.8417575061321259</ele>
				<time>2022-09-08T15:36:36Z</time>
			</trkpt>
			<trkpt lat="59.92989316908739" lon="30.331445758238452">
				<ele>1.0861934712156653</ele>
				<time>2022-09-08T15:36:37Z</time>
			</trkpt>
			<trkpt lat="59.92987842595086" lon="30.331402262224856">
				<ele>2.2427008682861924</ele>
				<time>2022-09-08T15:36:40Z</time>
			</trkpt>
			<trkpt lat="59.92986303439122" lon="30.33137384077332">
				<ele>3.199413016438484</ele>
				<time>2022-09-08T15:36:42Z</time>
			</trkpt>
			<trkpt lat="59.929848917054635" lon="30.331336869580053">
				<ele>-0.996813727542758</ele>
				<time>2022-09-08T15:36:45Z</time>
			</trkpt>
			<trkpt lat="59.92984702073379" lon="30.331289007254227">
				<ele>2.2465088395401835</ele>
				<time>2022-09-08T15:36:47Z</time>
			</trkpt>
			<trkpt lat="59.92981489766147" lon="30.33128468249892">
				<ele>1.9837787728756666</ele>
				<time>2022-09-08T15:36:49Z</time>
			</trkpt>
			<trkpt lat="59.92979543813047" lon="30.331279124184775">
				<ele>1.9997298875823617</ele>
				<time>2022-09-08T15:36:50Z</time>
			</trkpt>
			<trkpt lat="59.929779389385594" lon="30.331253683773827">
				<ele>-0.4327417518943548</ele>
				<time>2022-09-08T15:36:52Z</time>
			</trkpt>
			<trkpt lat="59.92976293695813" lon="30.331223245153552">
				<ele>-2.299403265118599</ele>
				<time>2022-09-08T15:36:54Z</time>
			</trkpt>
			<trkpt lat="59.92974723250844" lon="30.331195158503135">
				<ele>0.2663541343063116</ele>
				<time>2022-09-08T15:36:56Z</time>
			</trkpt>
			<trkpt lat="59.929744259214715" lon="30.33113846681193">
				<ele>-3.020353271625936</ele>
				<time>2022-09-08T15:36:57Z</time>
			</trkpt>
			<trkpt lat="59.92972591490164" lon="30.33110727980644">
				<ele>-3.2578728571534157</ele>
				<time>2022-09-08T15:36:59Z</time>
			</trkpt>
			<trkpt lat="59.929706951403105" lon="30.331069428533617">
				<ele>-0.1538145923987031</ele>
				<time>2022-09-08T15:37:01Z</time>
			</trkpt>
			<trkpt lat="59.92971015988782" lon="30.331004362225467">
				<ele>0.3429307173937559</ele>
				<time>2022-09-08T15:37:03Z</time>
			</trkpt>
			<trkpt lat="59.929731196009676" lon="30.330940572644487">
				<ele>5.362236543558538</ele>
				<time>2022-09-08T15:37:04Z</time>
			</trkpt>
			<trkpt lat="59.929751598134445" lon="30.33086784889919">
				<ele>6.310579041019082</ele>
				<time>2022-09-08T15:37:05Z</time>
			</trkpt>
			<trkpt lat="59.92973534465059" lon="30.330823165727853">
				<ele>1.3352487701922655</ele>
				<time>2022-09-08T15:37:07Z</time>
			</trkpt>
			<trkpt lat="59.92970931161617" lon="30.330824913194636">
				<ele>0.8185793636366725</ele>
				<time>2022-09-08T15:37:08Z</time>
			</trkpt>
			<trkpt lat="59.92968546265364" lon="30.330807840607093">
				<ele>3.919595079496503</ele>
				<time>2022-09-08T15:37:09Z</time>
			</trkpt>
			<trkpt lat="59.92966447671634" lon="30.33079709691278">
				<ele>1.6345043871551752</ele>
				<time>2022-09-08T15:37:11Z</time>
			</trkpt>
			<trkpt lat="59.92963411764551" lon="30.33079805265268">
				<ele>4.851594842970371</ele>
				<time>2022-09-08T15:37:13Z</time>
			</trkpt>
			<trkpt lat="59.9296175890508" lon="30.330820902949572">
				<ele>0.8175961067900062</ele>
				<time>2022-09-08T15:37:15Z</time>
			</trkpt>
			<trkpt lat="59.929611274760894" lon="30.330856964514876">
				<ele>-1.4441376943141222</ele>
				<time>2022-09-08T15:37:17Z</time>
			</trkpt>
			<trkpt lat="59.92959602911465" lon="30.33092106503536">
				<ele>-2.8816072093322873</ele>
				<time>2022-09-08T15:37:19Z</time>
			</trkpt>
			<trkpt lat="59.92958262194733" lon="30.330973313513013">
				<ele>-1.3033429067581892</ele>
				<time>2022-09-08T15:37:21Z</time>
			</trkpt>
			<trkpt lat="59.92955857630869" lon="30.331024002303007">
				<ele>1.2212039334699512</ele>
				<time>2022-09-08T15:37:23Z</time>
			</trkpt>
			<trkpt lat="59.92954404546415" lon="30.33104672648353">
				<ele>2.3762972922995687</ele>
				<time>2022-09-08T15:37:24Z</time>
			</trkpt>
			<trkpt lat="59.92953179969166" lon="30.331083352449316">
				<ele>1.2320506880059838</ele>
				<time>2022-09-08T15:37:25Z</time>
			</trkpt>
			<trkpt lat="59.929509165400695" lon="30.331137598806123">
				<ele>-1.4858581461012363</ele>
				<time>2022-09-08T15:37:27Z</time>
			</trkpt>
			<trkpt lat="59.9295108247634" lon="30.331183253359853">
				<ele>-1.934270485304296</ele>
				<time>2022-09-08T15:37:28Z</time>
			</trkpt>
			<trkpt lat="59.929492508227256" lon="30.331226733513663">
				<ele>-1.6370314890518785</ele>
				<time>2022-09-08T15:37:29Z</time>
			</trkpt>
			<trkpt lat="59.9294835817005" lon="30.331267486171555">
				<ele>2.967881211079657</ele>
				<time>2022-09-08T15:37:30Z</time>
			</trkpt>
			<trkpt lat="59.92948102109824" lon="30.331310104661124">
				<ele>5.893240848556161</ele>
				<time>2022-09-08T15:37:31Z</time>
			</trkpt>
			<trkpt lat="59.92945461775119" lon="30.3313399668358">
				<ele>5.589479151181877</ele>
				<time>2022-09-08T15:37:32Z</time>
			</trkpt>
			<trkpt lat="59.92944173633602" lon="30.33137133195821">
				<ele>8.277025453746319</ele>
				<time>2022-09-08T15:37:35Z</time>
			</trkpt>
			<trkpt lat="59.9294154496916" lon="30.33138555640324">
				<ele>5.097258497029543</ele>
				<time>2022-09-08T15:37:38Z</time>
			</trkpt>
			<trkpt lat="59.92939170029422" lon="30.331410911866534">
				<ele>2.1447762427851558</ele>
				<time>2022-09-08T15:37:41Z</time>
			</trkpt>
			<trkpt lat="59.92937548650582" lon="30.331433991963042">
				<ele>1.2286863690242171</ele>
				<time>2022-09-08T15:37:43Z</time>
			</trkpt>
			<trkpt lat="59.929355074781206" lon="30.331471547649137">
				<ele>0.26764733996242285</ele>
				<time>2022-09-08T15:37:45Z</time>
			</trkpt>
			<trkpt lat="59.929332041899045" lon="30.331506996587617">
				<ele>2.526786543428898</ele>
				<time>2022-09-08T15:37:47Z</time>
			</trkpt>
			<trkpt lat="59.92930293913405" lon="30.33152021235628">
				<ele>5.169696940109134</ele>
				<time>2022-09-08T15:37:49Z</time>
			</trkpt>
			<trkpt lat="59.929283736781805" lon="30.33152765954619">
				<ele>5.259510075673461</ele>
				<time>2022-09-08T15:37:50Z</time>
			</trkpt>
			<trkpt lat="59.92927706444454" lon="30.331562891706227">
				<ele>1.893106953240931</ele>
				<time>2022-09-08T15:37:51Z</time>
			</trkpt>
			<trkpt lat="59.92926188847667" lon="30.3316086561373">
				<ele>1.3206995092332363</ele>
				<time>2022-09-08T15:37:53Z</time>
			</trkpt>
			<trkpt lat="59.92924756903178" lon="30.33165676761909">
				<ele>6.046665902249515</ele>
				<time>2022-09-08T15:37:55Z</time>
			</trkpt>
			<trkpt lat="59.92922958789207" lon="30.33168721084264">
				<ele>5.392029630020261</ele>
				<time>2022-09-08T15:37:57Z</time>
			</trkpt>
			<trkpt lat="59.929209120691276" lon="30.331715836127657">
				<ele>6.964549959637225</ele>
				<time>2022-09-08T15:38:00Z</time>
			</trkpt>
			<trkpt lat="59.92919057087663" lon="30.331753669476214">
				<ele>3.943526377901435</ele>
				<time>2022-09-08T15:38:02Z</time>
			</trkpt>
			<trkpt lat="59.92917361248631" lon="30.33178486591565">
				<ele>2.762058051303029</ele>
				<time>2022-09-08T15:38:04Z</time>
			</trkpt>
			<trkpt lat="59.929157341354326" lon="30.331804097335628">
				<ele>2.151842604391277</ele>
				<time>2022-09-08T15:38:06Z</time>
			</trkpt>
			<trkpt lat="59.929145754335735" lon="30.331840986077687">
				<ele>5.272631015628576</ele>
				<time>2022-09-08T15:38:09Z</time>
			</trkpt>
			<trkpt lat="59.92911790741747" lon="30.331850108742614">
				<ele>9.163670766167343</ele>
				<time>2022-09-08T15:38:12Z</time>
			</trkpt>
			<trkpt lat="59.92910885237428" lon="30.3318957445899">
				<ele>5.576187887229025</ele>
				<time>2022-09-08T15:38:16Z</time>
			</trkpt>
			<trkpt lat="59.92906626681859" lon="30.331920704592584">
				<ele>5.53821668587625</ele>
				<time>2022-09-08T15:38:17Z</time>
			</trkpt>
			<trkpt lat="59.92906321584287" lon="30.331980209888354">
				<ele>3.9640994714573026</ele>
				<time>2022-09-08T15:38:18Z</time>
			</trkpt>
			<trkpt lat="59.929042822827505" lon="30.332020562152533">
				<ele>7.44892936013639</ele>
				<time>2022-09-08T15:38:20Z</time>
			</trkpt>
			<trkpt lat="59.929038382225855" lon="30.332086308816358">
				<ele>8.881061437539756</ele>
				<time>2022-09-08T15:38:22Z</time>
			</trkpt>
			<trkpt lat="59.929042514516055" lon="30.33212479706531">
				<ele>8.126876802183688</ele>
				<time>2022-09-08T15:38:23Z</time>
			</trkpt>
			<trkpt lat="59.92901300459461" lon="30.332161731550457">
				<ele>7.81230029091239</ele>
				<time>2022-09-08T15:38:24Z</time>
			</trkpt>
			<trkpt lat="59.92900946697634" lon="30.332214979795285">
				<ele>8.226339540444314</ele>
				<time>2022-09-08T15:38:25Z</time>
			</trkpt>
			<trkpt lat="59.92899308468625" lon="30.33217585713935">
				<ele>10.604794410057366</ele>
				<time>2022-09-08T15:38:26Z</time>
			</trkpt>
			<trkpt lat="59.928965114242054" lon="30.332152090220283">
				<ele>10.76794408261776</ele>
				<time>2022-09-08T15:38:27Z</time>
			</trkpt>
			<trkpt lat="59.9289433149347" lon="30.332068863253156">
				<ele>5.658404448069632</ele>
				<time>2022-09-08T15:38:28Z</time>
			</trkpt>
			<trkpt lat="59.92892670778793" lon="30.332018834528775">
				<ele>5.266837020404637</ele>
				<time>2022-09-08T15:38:29Z</time>
			</trkpt>
			<trkpt lat="59.92892075264688" lon="30.331940873488215">
				<ele>3.8636074382811785</ele>
				<time>2022-09-08T15:38:31Z</time>
			</trkpt>
			<trkpt lat="59.92890764928639" lon="30.33188865067544">
				<ele>3.5180414905771613</ele>
				<time>2022-09-08T15:38:33Z</time>
			</trkpt>
			<trkpt lat="59.92888988157271" lon="30.331855324794578">
				<ele>3.8572318451479077</ele>
				<time>2022-09-08T15:38:34Z</time>
			</trkpt>
			<trkpt lat="59.92887644555227" lon="30.331813432894396">
				<ele>4.697172463871539</ele>
				<time>2022-09-08T15:38:36Z</time>
			</trkpt>
			<trkpt lat="59.92885590525756" lon="30.331790259652177">
				<ele>1.0046475548297167</ele>
				<time>2022-09-08T15:38:38Z</time>
			</trkpt>
			<trkpt lat="59.92884709523899" lon="30.331738343555564">
				<ele>0.7322974503040314</ele>
				<time>2022-09-08T15:38:41Z</time>
			</trkpt>
			<trkpt lat="59.92886139862378" lon="30.331715383751284">
				<ele>2.368328816257417</ele>
				<time>2022-09-08T15:38:42Z</time>
			</trkpt>
			<trkpt lat="59.92886170038907" lon="30.331661575828942">
				<ele>2.827075337059796</ele>
				<time>2022-09-08T15:38:44Z</time>
			</trkpt>
			<trkpt lat="59.92884736685764" lon="30.33163790060154">
				<ele>0.8957045935094357</ele>
				<time>2022-09-08T15:38:48Z</time>
			</trkpt>
			<trkpt lat="59.928831543375765" lon="30.331668151586598">
				<ele>-0.3593520252034068</ele>
				<time>2022-09-08T15:38:50Z</time>
			</trkpt>
			<trkpt lat="59.92883292183445" lon="30.331594614778314">
				<ele>2.8765122052282095</ele>
				<time>2022-09-08T15:38:52Z</time>
			</trkpt>
			<trkpt lat="59.92884965933493" lon="30.331566135452285">
				<ele>1.7655044719576836</ele>
				<time>2022-09-08T15:38:54Z</time>
			</trkpt>
			<trkpt lat="59.928857922216" lon="30.331532445043297">
				<ele>-0.8860522052273154</ele>
				<time>2022-09-08T15:38:56Z</time>
			</trkpt>
			<trkpt lat="59.92885931168818" lon="30.331491953566">
				<ele>0.3132899794727564</ele>
				<time>2022-09-08T15:38:58Z</time>
			</trkpt>
			<trkpt lat="59.92885815421796" lon="30.331451400209662">
				<ele>0.8121315501630306</ele>
				<time>2022-09-08T15:39:00Z</time>
			</trkpt>
			<trkpt lat="59.928847581176605" lon="30.331404650787704">
				<ele>2.4643461890518665</ele>
				<time>2022-09-08T15:39:02Z</time>
			</trkpt>
			<trkpt lat="59.9288515118932" lon="30.33134801589864">
				<ele>0.5833055945113301</ele>
				<time>2022-09-08T15:39:05Z</time>
			</trkpt>
			<trkpt lat="59.928846274178525" lon="30.33130585810155">
				<ele>0.3138266783207655</ele>
				<time>2022-09-08T15:39:07Z</time>
			</trkpt>
			<trkpt lat="59.92884670171313" lon="30.33126467980496">
				<ele>1.2307440266013145</ele>
				<time>2022-09-08T15:39:09Z</time>
			</trkpt>
			<trkpt lat="59.92884695284585" lon="30.33121120425123">
				<ele>2.204251098446548</ele>
				<time>2022-09-08T15:39:11Z</time>
			</trkpt>
			<trkpt lat="59.92884338194718" lon="30.331169376104782">
				<ele>2.0036611147224903</ele>
				<time>2022-09-08T15:39:13Z</time>
			</trkpt>
			<trkpt lat="59.92883240605752" lon="30.331134770856327">
				<ele>0.3604682991281152</ele>
				<time>2022-09-08T15:39:15Z</time>
			</trkpt>
			<trkpt lat="59.92883166726272" lon="30.331097377819106">
				<ele>1.275129409506917</ele>
				<time>2022-09-08T15:39:17Z</time>
			</trkpt>
			<trkpt lat="59.928829451825514" lon="30.331055827101547">
				<ele>1.1516566863283515</ele>
				<time>2022-09-08T15:39:20Z</time>
			</trkpt>
			<trkpt lat="59.92881397135052" lon="30.331033742498853">
				<ele>-1.1882591508328915</ele>
				<time>2022-09-08T15:39:22Z</time>
			</trkpt>
			<trkpt lat="59.928796389777354" lon="30.33100357677576">
				<ele>-2.023800104856491</ele>
				<time>2022-09-08T15:39:24Z</time>
			</trkpt>
			<trkpt lat="59.92879333897414" lon="30.33093243437171">
				<ele>1.189975630491972</ele>
				<time>2022-09-08T15:39:26Z</time>
			</trkpt>
			<trkpt lat="59.928783255652895" lon="30.330877766648136">
				<ele>1.9251361452043056</ele>
				<time>2022-09-08T15:39:28Z</time>
			</trkpt>
			<trkpt lat="59.928769795702664" lon="30.330849909800516">
				<ele>1.8923700908198953</ele>
				<time>2022-09-08T15:39:30Z</time>
			</trkpt>
			<trkpt lat="59.92875968472414" lon="30.330803363039934">
				<ele>1.6261716298758984</ele>
				<time>2022-09-08T15:39:32Z</time>
			</trkpt>
			<trkpt lat="59.92875019895275" lon="30.3307540781352">
				<ele>2.7725524296984076</ele>
				<time>2022-09-08T15:39:34Z</time>
			</trkpt>
			<trkpt lat="59.92873818526315" lon="30.330715732074378">
				<ele>4.105734382756054</ele>
				<time>2022-09-08T15:39:35Z</time>
			</trkpt>
			<trkpt lat="59.928730636953" lon="30.33066889877394">
				<ele>4.913967737928033</ele>
				<time>2022-09-08T15:39:37Z</time>
			</trkpt>
			<trkpt lat="59.928727155274686" lon="30.330633283126144">
				<ele>6.246886705979705</ele>
				<time>2022-09-08T15:39:38Z</time>
			</trkpt>
			<trkpt lat="59.92872025895064" lon="30.330584226531506">
				<ele>6.630182574503124</ele>
				<time>2022-09-08T15:39:41Z</time>
			</trkpt>
			<trkpt lat="59.92870904046645" lon="30.330551789714935">
				<ele>8.209031738340855</ele>
				<time>2022-09-08T15:39:42Z</time>
			</trkpt>
			<trkpt lat="59.92869085366862" lon="30.33051227231605">
				<ele>7.540887800976634</ele>
				<time>2022-09-08T15:39:44Z</time>
			</trkpt>
			<trkpt lat="59.92867770751674" lon="30.330472572306853">
				<ele>9.14536816906184</ele>
				<time>2022-09-08T15:39:46Z</time>
			</trkpt>
			<trkpt lat="59.92866705747753" lon="30.330415506376564">
				<ele>4.509184910915792</ele>
				<time>2022-09-08T15:39:51Z</time>
			</trkpt>
			<trkpt lat="59.928656317662586" lon="30.330384291020444">
				<ele>5.928884634748101</ele>
				<time>2022-09-08T15:39:53Z</time>
			</trkpt>
			<trkpt lat="59.92864404209798" lon="30.33034221551425">
				<ele>5.918838539160788</ele>
				<time>2022-09-08T15:39:55Z</time>
			</trkpt>
			<trkpt lat="59.92867693994074" lon="30.33029078506965">
				<ele>11.703349395655096</ele>
				<time>2022-09-08T15:39:57Z</time>
			</trkpt>
			<trkpt lat="59.92869697484727" lon="30.330261744000754">
				<ele>10.132835724391043</ele>
				<time>2022-09-08T15:39:59Z</time>
			</trkpt>
			<trkpt lat="59.928714261955484" lon="30.330239835211515">
				<ele>12.24246540106833</ele>
				<time>2022-09-08T15:40:00Z</time>
			</trkpt>
			<trkpt lat="59.92871908958323" lon="30.33020157649225">
				<ele>9.404488963074982</ele>
				<time>2022-09-08T15:40:02Z</time>
			</trkpt>
			<trkpt lat="59.92873994770269" lon="30.330161477955517">
				<ele>9.936034731566906</ele>
				<time>2022-09-08T15:40:04Z</time>
			</trkpt>
			<trkpt lat="59.92875966443889" lon="30.330123744477536">
				<ele>9.132527105510235</ele>
				<time>2022-09-08T15:40:06Z</time>
			</trkpt>
			<trkpt lat="59.92878271797081" lon="30.330078758049126">
				<ele>10.778546074405313</ele>
				<time>2022-09-08T15:40:08Z</time>
			</trkpt>
			<trkpt lat="59.92879271208428" lon="30.330040530044286">
				<ele>6.168844287283719</ele>
				<time>2022-09-08T15:40:11Z</time>
			</trkpt>
			<trkpt lat="59.92880522938236" lon="30.330008716636115">
				<ele>7.6567519614472985</ele>
				<time>2022-09-08T15:40:14Z</time>
			</trkpt>
			<trkpt lat="59.928822194632566" lon="30.329992444836286">
				<ele>6.882418489083648</ele>
				<time>2022-09-08T15:40:16Z</time>
			</trkpt>
			<trkpt lat="59.928845987586136" lon="30.32997160384222">
				<ele>9.660052022896707</ele>
				<time>2022-09-08T15:40:18Z</time>
			</trkpt>
			<trkpt lat="59.92885515769021" lon="30.329921023111712">
				<ele>4.14201785158366</ele>
				<time>2022-09-08T15:40:22Z</time>
			</trkpt>
			<trkpt lat="59.92887372951725" lon="30.329887260214754">
				<ele>5.576193161308765</ele>
				<time>2022-09-08T15:40:24Z</time>
			</trkpt>
			<trkpt lat="59.92889311084253" lon="30.329856911199197">
				<ele>7.503617625683546</ele>
				<time>2022-09-08T15:40:26Z</time>
			</trkpt>
			<trkpt lat="59.92890689909701" lon="30.32982278584314">
				<ele>4.685605944134295</ele>
				<time>2022-09-08T15:40:28Z</time>
			</trkpt>
			<trkpt lat="59.92890532411881" lon="30.329777198536156">
				<ele>6.004016547463834</ele>
				<time>2022-09-08T15:40:30Z</time>
			</trkpt>
			<trkpt lat="59.92890737706008" lon="30.329734027870973">
				<ele>4.651280124671757</ele>
				<time>2022-09-08T15:40:34Z</time>
			</trkpt>
			<trkpt lat="59.928899051853" lon="30.329690152990857">
				<ele>6.201002577319741</ele>
				<time>2022-09-08T15:40:36Z</time>
			</trkpt>
			<trkpt lat="59.92888095803107" lon="30.32964193882523">
				<ele>6.354110132902861</ele>
				<time>2022-09-08T15:40:38Z</time>
			</trkpt>
			<trkpt lat="59.92885794419419" lon="30.329611080576118">
				<ele>4.885810625739396</ele>
				<time>2022-09-08T15:40:40Z</time>
			</trkpt>
			<trkpt lat="59.92884295586737" lon="30.329589854539403">
				<ele>4.4591694148257375</ele>
				<time>2022-09-08T15:40:43Z</time>
			</trkpt>
			<trkpt lat="59.928824174709284" lon="30.32956714618863">
				<ele>1.3100685644894838</ele>
				<time>2022-09-08T15:40:45Z</time>
			</trkpt>
			<trkpt lat="59.92880743192415" lon="30.32953271499531">
				<ele>0.15529535990208387</ele>
				<time>2022-09-08T15:40:47Z</time>
			</trkpt>
			<trkpt lat="59.92878952992891" lon="30.329524607473587">
				<ele>1.5331412050873041</ele>
				<time>2022-09-08T15:40:49Z</time>
			</trkpt>
			<trkpt lat="59.92877284384745" lon="30.329507409453136">
				<ele>0.7528492044657469</ele>
				<time>2022-09-08T15:40:51Z</time>
			</trkpt>
			<trkpt lat="59.928757230511394" lon="30.32948641841899">
				<ele>0.23852405603975058</ele>
				<time>2022-09-08T15:40:53Z</time>
			</trkpt>
			<trkpt lat="59.92875722988938" lon="30.32944062591903">
				<ele>-0.06640547513961792</ele>
				<time>2022-09-08T15:40:55Z</time>
			</trkpt>
			<trkpt lat="59.92877461634399" lon="30.329431617938454">
				<ele>-2.5691723683848977</ele>
				<time>2022-09-08T15:40:57Z</time>
			</trkpt>
			<trkpt lat="59.92878497257066" lon="30.32939180497911">
				<ele>-4.918199644424021</ele>
				<time>2022-09-08T15:41:02Z</time>
			</trkpt>
			<trkpt lat="59.92876691432575" lon="30.329412554157603">
				<ele>-1.1157067073509097</ele>
				<time>2022-09-08T15:41:14Z</time>
			</trkpt>
			<trkpt lat="59.92875939130914" lon="30.32937861918705">
				<ele>-1.5329557433724403</ele>
				<time>2022-09-08T15:41:16Z</time>
			</trkpt>
			<trkpt lat="59.92875535959288" lon="30.329336697234886">
				<ele>-3.8905898286029696</ele>
				<time>2022-09-08T15:41:18Z</time>
			</trkpt>
			<trkpt lat="59.9287482801273" lon="30.329293420337">
				<ele>-2.3079119184985757</ele>
				<time>2022-09-08T15:41:19Z</time>
			</trkpt>
			<trkpt lat="59.9287258931398" lon="30.32926397254369">
				<ele>-0.5515972254797816</ele>
				<time>2022-09-08T15:41:21Z</time>
			</trkpt>
			<trkpt lat="59.92870161545924" lon="30.329245158650064">
				<ele>-1.0579613633453846</ele>
				<time>2022-09-08T15:41:23Z</time>
			</trkpt>
			<trkpt lat="59.928701893312294" lon="30.32919942041467">
				<ele>1.8833345081657171</ele>
				<time>2022-09-08T15:41:25Z</time>
			</trkpt>
			<trkpt lat="59.92871146313921" lon="30.329164259522923">
				<ele>-0.5267391530796885</ele>
				<time>2022-09-08T15:41:28Z</time>
			</trkpt>
			<trkpt lat="59.92872266225383" lon="30.329133909402607">
				<ele>1.4309471966698766</ele>
				<time>2022-09-08T15:41:30Z</time>
			</trkpt>
			<trkpt lat="59.92870468607314" lon="30.329100383792618">
				<ele>1.4416384967043996</ele>
				<time>2022-09-08T15:41:33Z</time>
			</trkpt>
			<trkpt lat="59.92867137500637" lon="30.32906240707914">
				<ele>2.7495260927826166</ele>
				<time>2022-09-08T15:41:36Z</time>
			</trkpt>
			<trkpt lat="59.92865390451156" lon="30.32909021753416">
				<ele>1.0921116527169943</ele>
				<time>2022-09-08T15:41:38Z</time>
			</trkpt>
			<trkpt lat="59.928638118582676" lon="30.329067767853445">
				<ele>3.54936246573925</ele>
				<time>2022-09-08T15:41:40Z</time>
			</trkpt>
			<trkpt lat="59.92861980458132" lon="30.32904454138311">
				<ele>2.8791465060785413</ele>
				<time>2022-09-08T15:41:42Z</time>
			</trkpt>
			<trkpt lat="59.92860810772107" lon="30.32901628759264">
				<ele>0.7234720028936863</ele>
				<time>2022-09-08T15:41:44Z</time>
			</trkpt>
			<trkpt lat="59.92858638020105" lon="30.328971121003274">
				<ele>4.039460432715714</ele>
				<time>2022-09-08T15:41:46Z</time>
			</trkpt>
			<trkpt lat="59.92856626655144" lon="30.328947523127894">
				<ele>1.6015092097222805</ele>
				<time>2022-09-08T15:41:48Z</time>
			</trkpt>
			<trkpt lat="59.9285497047527" lon="30.328907947459932">
				<ele>1.2199765937402844</ele>
				<time>2022-09-08T15:41:50Z</time>
			</trkpt>
			<trkpt lat="59.928542714030506" lon="30.328872226412056">
				<ele>5.059056305326521</ele>
				<time>2022-09-08T15:41:51Z</time>
			</trkpt>
			<trkpt lat="59.92851457142534" lon="30.328857043956397">
				<ele>1.8752858052030206</ele>
				<time>2022-09-08T15:41:53Z</time>
			</trkpt>
			<trkpt lat="59.928493794445124" lon="30.32882601808136">
				<ele>2.7192256543785334</ele>
				<time>2022-09-08T15:41:55Z</time>
			</trkpt>
			<trkpt lat="59.92848881227663" lon="30.328783149722042">
				<ele>2.2136671328917146</ele>
				<time>2022-09-08T15:41:57Z</time>
			</trkpt>
			<trkpt lat="59.92847136755702" lon="30.328736843890884">
				<ele>-1.6429750565439463</ele>
				<time>2022-09-08T15:42:01Z</time>
			</trkpt>
			<trkpt lat="59.92845155870497" lon="30.32870309411338">
				<ele>0.8047781679779291</ele>
				<time>2022-09-08T15:42:03Z</time>
			</trkpt>
			<trkpt lat="59.928429204567436" lon="30.32868670848389">
				<ele>0.2650019349530339</ele>
				<time>2022-09-08T15:42:05Z</time>
			</trkpt>
			<trkpt lat="59.92841135720408" lon="30.328670034553067">
				<ele>-0.43584438506513834</ele>
				<time>2022-09-08T15:42:07Z</time>
			</trkpt>
			<trkpt lat="59.92839391871095" lon="30.3286477085991">
				<ele>-3.1665340261533856</ele>
				<time>2022-09-08T15:42:10Z</time>
			</trkpt>
			<trkpt lat="59.92838186163036" lon="30.32861122669775">
				<ele>-2.679890939965844</ele>
				<time>2022-09-08T15:42:12Z</time>
			</trkpt>
			<trkpt lat="59.9283675346393" lon="30.32858641300312">
				<ele>-4.614530528895557</ele>
				<time>2022-09-08T15:42:15Z</time>
			</trkpt>
			<trkpt lat="59.92835932282528" lon="30.32854777289881">
				<ele>-7.1081349374726415</ele>
				<time>2022-09-08T15:42:17Z</time>
			</trkpt>
			<trkpt lat="59.92832948562592" lon="30.328537714483456">
				<ele>-9.444917700253427</ele>
				<time>2022-09-08T15:42:20Z</time>
			</trkpt>
			<trkpt lat="59.92830895121452" lon="30.328502110848344">
				<ele>-4.710334065370262</ele>
				<time>2022-09-08T15:42:22Z</time>
			</trkpt>
			<trkpt lat="59.92829921567329" lon="30.328466482300627">
				<ele>-3.145725166425109</ele>
				<time>2022-09-08T15:42:23Z</time>
			</trkpt>
			<trkpt lat="59.928278697618865" lon="30.32840135459192">
				<ele>-3.8287010453641415</ele>
				<time>2022-09-08T15:42:25Z</time>
			</trkpt>
			<trkpt lat="59.928253294591485" lon="30.328360427585164">
				<ele>2.3050783313810825</ele>
				<time>2022-09-08T15:42:27Z</time>
			</trkpt>
			<trkpt lat="59.9282340643355" lon="30.328323728149975">
				<ele>1.3609890453517437</ele>
				<time>2022-09-08T15:42:30Z</time>
			</trkpt>
			<trkpt lat="59.928229391965424" lon="30.328284783376">
				<ele>1.5678937137126923</ele>
				<time>2022-09-08T15:42:32Z</time>
			</trkpt>
			<trkpt lat="59.92820833037994" lon="30.328276659277027">
				<ele>2.8070986764505506</ele>
				<time>2022-09-08T15:42:34Z</time>
			</trkpt>
			<trkpt lat="59.92818820475416" lon="30.328243842167105">
				<ele>3.768368810415268</ele>
				<time>2022-09-08T15:42:37Z</time>
			</trkpt>
			<trkpt lat="59.928160108028905" lon="30.328236109910403">
				<ele>0.32095790933817625</ele>
				<time>2022-09-08T15:42:40Z</time>
			</trkpt>
			<trkpt lat="59.92814699460907" lon="30.32819570061189">
				<ele>1.169237058609724</ele>
				<time>2022-09-08T15:42:42Z</time>
			</trkpt>
			<trkpt lat="59.92813155568092" lon="30.328154696374106">
				<ele>2.6491619991138577</ele>
				<time>2022-09-08T15:42:44Z</time>
			</trkpt>
			<trkpt lat="59.928111653853584" lon="30.32814328283271">
				<ele>1.0581428660079837</ele>
				<time>2022-09-08T15:42:46Z</time>
			</trkpt>
			<trkpt lat="59.928098999261515" lon="30.328111576042637">
				<ele>-2.6903356416150928</ele>
				<time>2022-09-08T15:42:49Z</time>
			</trkpt>
			<trkpt lat="59.92809598541925" lon="30.328070557273946">
				<ele>-2.5160399936139584</ele>
				<time>2022-09-08T15:42:50Z</time>
			</trkpt>
			<trkpt lat="59.92807709713158" lon="30.32803350687862">
				<ele>-1.737959198653698</ele>
				<time>2022-09-08T15:42:52Z</time>
			</trkpt>
			<trkpt lat="59.92805465442721" lon="30.328007007091006">
				<ele>-1.6125322142615914</ele>
				<time>2022-09-08T15:42:54Z</time>
			</trkpt>
			<trkpt lat="59.92803237694141" lon="30.327978819565253">
				<ele>-0.18577001243829727</ele>
				<time>2022-09-08T15:42:57Z</time>
			</trkpt>
			<trkpt lat="59.92804050510624" lon="30.327920490789328">
				<ele>-0.26609924621880054</ele>
				<time>2022-09-08T15:42:59Z</time>
			</trkpt>
			<trkpt lat="59.92804861849845" lon="30.327867215359017">
				<ele>0.012779925018548965</ele>
				<time>2022-09-08T15:43:01Z</time>
			</trkpt>
			<trkpt lat="59.92805617066531" lon="30.327831212967677">
				<ele>-0.25388062559068203</ele>
				<time>2022-09-08T15:43:03Z</time>
			</trkpt>
			<trkpt lat="59.92807907374275" lon="30.327818110595913">
				<ele>-0.9328685766085982</ele>
				<time>2022-09-08T15:43:05Z</time>
			</trkpt>
			<trkpt lat="59.928109292634275" lon="30.32781190267375">
				<ele>1.3976872423663735</ele>
				<time>2022-09-08T15:43:07Z</time>
			</trkpt>
			<trkpt lat="59.92813344761882" lon="30.327786361966183">
				<ele>3.214471612125635</ele>
				<time>2022-09-08T15:43:09Z</time>
			</trkpt>
			<trkpt lat="59.92815649419226" lon="30.327762069240716">
				<ele>3.9828383093699813</ele>
				<time>2022-09-08T15:43:11Z</time>
			</trkpt>
			<trkpt lat="59.928187946919074" lon="30.327732444748797">
				<ele>7.6543649500235915</ele>
				<time>2022-09-08T15:43:13Z</time>
			</trkpt>
			<trkpt lat="59.92821767308203" lon="30.32771440530062">
				<ele>10.89508862607181</ele>
				<time>2022-09-08T15:43:15Z</time>
			</trkpt>
			<trkpt lat="59.92820808999093" lon="30.327681342054802">
				<ele>8.625326061621308</ele>
				<time>2022-09-08T15:43:17Z</time>
			</trkpt>
			<trkpt lat="59.92821579069311" lon="30.327638908315556">
				<ele>9.28553535696119</ele>
				<time>2022-09-08T15:43:20Z</time>
			</trkpt>
			<trkpt lat="59.92825694034887" lon="30.327607414946435">
				<ele>13.0156245585531</ele>
				<time>2022-09-08T15:43:22Z</time>
			</trkpt>
			<trkpt lat="59.92827241769948" lon="30.327582497188317">
				<ele>13.732428036630154</ele>
				<time>2022-09-08T15:43:23Z</time>
			</trkpt>
			<trkpt lat="59.9283012908331" lon="30.327561909264524">
				<ele>12.255099696107209</ele>
				<time>2022-09-08T15:43:26Z</time>
			</trkpt>
			<trkpt lat="59.92831066157828" lon="30.327525734448866">
				<ele>13.08068171609193</ele>
				<time>2022-09-08T15:43:29Z</time>
			</trkpt>
			<trkpt lat="59.9283293833928" lon="30.327511040800875">
				<ele>16.065659008920193</ele>
				<time>2022-09-08T15:43:31Z</time>
			</trkpt>
			<trkpt lat="59.928340857023" lon="30.32748156324243">
				<ele>15.841255641542375</ele>
				<time>2022-09-08T15:43:33Z</time>
			</trkpt>
			<trkpt lat="59.92835653064317" lon="30.327458411740096">
				<ele>17.10042210202664</ele>
				<time>2022-09-08T15:43:36Z</time>
			</trkpt>
			<trkpt lat="59.92837843715337" lon="30.32744939551439">
				<ele>17.932493552565575</ele>
				<time>2022-09-08T15:43:38Z</time>
			</trkpt>
			<trkpt lat="59.928422510344625" lon="30.32741851790654">
				<ele>19.414323503151536</ele>
				<time>2022-09-08T15:43:40Z</time>
			</trkpt>
			<trkpt lat="59.928443861497826" lon="30.327336739801467">
				<ele>19.568416060879827</ele>
				<time>2022-09-08T15:43:41Z</time>
			</trkpt>
			<trkpt lat="59.928426089925246" lon="30.327325154188582">
				<ele>15.638177399523556</ele>
				<time>2022-09-08T15:43:42Z</time>
			</trkpt>
			<trkpt lat="59.9284372981948" lon="30.327249754000277">
				<ele>13.173906871117651</ele>
				<time>2022-09-08T15:43:45Z</time>
			</trkpt>
			<trkpt lat="59.92846191348321" lon="30.327183919305554">
				<ele>18.054864581674337</ele>
				<time>2022-09-08T15:43:47Z</time>
			</trkpt>
			<trkpt lat="59.92845327536015" lon="30.327134928693074">
				<ele>15.25561744067818</ele>
				<time>2022-09-08T15:43:49Z</time>
			</trkpt>
			<trkpt lat="59.92845403715303" lon="30.327089579645595">
				<ele>12.74438212160021</ele>
				<time>2022-09-08T15:43:51Z</time>
			</trkpt>
			<trkpt lat="59.92849678326298" lon="30.32706851147031">
				<ele>20.490601422265172</ele>
				<time>2022-09-08T15:43:52Z</time>
			</trkpt>
			<trkpt lat="59.92849596576501" lon="30.327028979273724">
				<ele>18.56017810292542</ele>
				<time>2022-09-08T15:43:54Z</time>
			</trkpt>
			<trkpt lat="59.92852926882343" lon="30.327014187555214">
				<ele>22.629626167938113</ele>
				<time>2022-09-08T15:43:56Z</time>
			</trkpt>
			<trkpt lat="59.928533291073116" lon="30.326941636795564">
				<ele>18.578342177905142</ele>
				<time>2022-09-08T15:43:59Z</time>
			</trkpt>
			<trkpt lat="59.92856082631681" lon="30.32691202503621">
				<ele>15.936425202526152</ele>
				<time>2022-09-08T15:44:02Z</time>
			</trkpt>
			<trkpt lat="59.92860486062044" lon="30.326880027361256">
				<ele>21.155778863467276</ele>
				<time>2022-09-08T15:44:04Z</time>
			</trkpt>
			<trkpt lat="59.92860677590581" lon="30.326840789645885">
				<ele>16.049519677646458</ele>
				<time>2022-09-08T15:44:07Z</time>
			</trkpt>
			<trkpt lat="59.928654994665244" lon="30.326809588156646">
				<ele>21.957008817233145</ele>
				<time>2022-09-08T15:44:10Z</time>
			</trkpt>
			<trkpt lat="59.92868373052203" lon="30.32680482002965">
				<ele>21.013930970802903</ele>
				<time>2022-09-08T15:44:12Z</time>
			</trkpt>
			<trkpt lat="59.9287217071009" lon="30.32679438432703">
				<ele>23.92049496434629</ele>
				<time>2022-09-08T15:44:15Z</time>
			</trkpt>
			<trkpt lat="59.928738038843065" lon="30.32676533910363">
				<ele>17.218254329636693</ele>
				<time>2022-09-08T15:44:19Z</time>
			</trkpt>
			<trkpt lat="59.928765509882545" lon="30.326764483252695">
				<ele>21.459329711273313</ele>
				<time>2022-09-08T15:44:20Z</time>
			</trkpt>
			<trkpt lat="59.92876871808795" lon="30.326722185613843">
				<ele>19.652621255256236</ele>
				<time>2022-09-08T15:44:22Z</time>
			</trkpt>
			<trkpt lat="59.928758960560565" lon="30.32668815255918">
				<ele>19.353268154896796</ele>
				<time>2022-09-08T15:44:23Z</time>
			</trkpt>
			<trkpt lat="59.92878207490927" lon="30.326669492041756">
				<ele>20.743500609882176</ele>
				<time>2022-09-08T15:44:25Z</time>
			</trkpt>
			<trkpt lat="59.928799353839125" lon="30.326641335926748">
				<ele>17.664459254592657</ele>
				<time>2022-09-08T15:44:28Z</time>
			</trkpt>
			<trkpt lat="59.928822435037695" lon="30.32661412939376">
				<ele>16.599581949412823</ele>
				<time>2022-09-08T15:44:30Z</time>
			</trkpt>
			<trkpt lat="59.92882942348152" lon="30.326575276444515">
				<ele>16.00699452869594</ele>
				<time>2022-09-08T15:44:32Z</time>
			</trkpt>
			<trkpt lat="59.928851442582186" lon="30.32654735189386">
				<ele>17.383875974453986</ele>
				<time>2022-09-08T15:44:34Z</time>
			</trkpt>
			<trkpt lat="59.928876543542565" lon="30.32651281492353">
				<ele>20.303048688918352</ele>
				<time>2022-09-08T15:44:35Z</time>
			</trkpt>
			<trkpt lat="59.928899591434295" lon="30.32649002467843">
				<ele>19.768281782977283</ele>
				<time>2022-09-08T15:44:37Z</time>
			</trkpt>
			<trkpt lat="59.92892202531586" lon="30.326461901481952">
				<ele>22.785698323510587</ele>
				<time>2022-09-08T15:44:38Z</time>
			</trkpt>
			<trkpt lat="59.92890779499491" lon="30.326418368204557">
				<ele>18.43101885728538</ele>
				<time>2022-09-08T15:44:40Z</time>
			</trkpt>
			<trkpt lat="59.92891120579594" lon="30.326381495795385">
				<ele>15.97913283109665</ele>
				<time>2022-09-08T15:44:42Z</time>
			</trkpt>
			<trkpt lat="59.928930659454316" lon="30.326366600904954">
				<ele>17.11490076687187</ele>
				<time>2022-09-08T15:44:43Z</time>
			</trkpt>
			<trkpt lat="59.928959039230634" lon="30.32632434231835">
				<ele>22.59254843648523</ele>
				<time>2022-09-08T15:44:45Z</time>
			</trkpt>
			<trkpt lat="59.92898919061892" lon="30.326266622214828">
				<ele>22.5441668452695</ele>
				<time>2022-09-08T15:44:47Z</time>
			</trkpt>
			<trkpt lat="59.929006243361385" lon="30.326218818270423">
				<ele>23.026922799646854</ele>
				<time>2022-09-08T15:44:49Z</time>
			</trkpt>
			<trkpt lat="59.92900534307031" lon="30.32616844575506">
				<ele>24.839592807926238</ele>
				<time>2022-09-08T15:44:51Z</time>
			</trkpt>
			<trkpt lat="59.92902129821611" lon="30.32612752952293">
				<ele>25.25072011910379</ele>
				<time>2022-09-08T15:44:53Z</time>
			</trkpt>
			<trkpt lat="59.929027656242745" lon="30.326068856143397">
				<ele>22.023952547460794</ele>
				<time>2022-09-08T15:44:56Z</time>
			</trkpt>
			<trkpt lat="59.929040231570994" lon="30.3260148718351">
				<ele>22.11178659647703</ele>
				<time>2022-09-08T15:44:58Z</time>
			</trkpt>
			<trkpt lat="59.929061793330106" lon="30.325986879137695">
				<ele>27.531867563724518</ele>
				<time>2022-09-08T15:44:59Z</time>
			</trkpt>
			<trkpt lat="59.929076540603" lon="30.325944634589405">
				<ele>26.531815486960113</ele>
				<time>2022-09-08T15:45:01Z</time>
			</trkpt>
			<trkpt lat="59.92908927824269" lon="30.325907687724477">
				<ele>28.536393565125763</ele>
				<time>2022-09-08T15:45:03Z</time>
			</trkpt>
			<trkpt lat="59.9291101925078" lon="30.325906568602612">
				<ele>24.78821544814855</ele>
				<time>2022-09-08T15:45:05Z</time>
			</trkpt>
			<trkpt lat="59.92914912706192" lon="30.32589308877833">
				<ele>24.413832581602037</ele>
				<time>2022-09-08T15:45:09Z</time>
			</trkpt>
			<trkpt lat="59.92917195147478" lon="30.32585957330892">
				<ele>23.09931330382824</ele>
				<time>2022-09-08T15:45:11Z</time>
			</trkpt>
			<trkpt lat="59.92919190848316" lon="30.32586278516192">
				<ele>22.89757175836712</ele>
				<time>2022-09-08T15:45:12Z</time>
			</trkpt>
			<trkpt lat="59.9292127187106" lon="30.325851334614875">
				<ele>22.599744732491672</ele>
				<time>2022-09-08T15:45:14Z</time>
			</trkpt>
			<trkpt lat="59.92920202753947" lon="30.32580763572345">
				<ele>16.57048951368779</ele>
				<time>2022-09-08T15:45:18Z</time>
			</trkpt>
			<trkpt lat="59.92918427015175" lon="30.325760010607798">
				<ele>17.206127653829753</ele>
				<time>2022-09-08T15:45:20Z</time>
			</trkpt>
			<trkpt lat="59.92916934944367" lon="30.325710023005566">
				<ele>14.55360795930028</ele>
				<time>2022-09-08T15:45:22Z</time>
			</trkpt>
			<trkpt lat="59.92915094859224" lon="30.325680752585196">
				<ele>9.005176999606192</ele>
				<time>2022-09-08T15:45:24Z</time>
			</trkpt>
			<trkpt lat="59.92914689095433" lon="30.325634928840465">
				<ele>9.353241581469774</ele>
				<time>2022-09-08T15:45:26Z</time>
			</trkpt>
			<trkpt lat="59.92912813982218" lon="30.32559663570244">
				<ele>9.14814883749932</ele>
				<time>2022-09-08T15:45:28Z</time>
			</trkpt>
			<trkpt lat="59.92911167869525" lon="30.325574176317904">
				<ele>10.203663144260645</ele>
				<time>2022-09-08T15:45:30Z</time>
			</trkpt>
			<trkpt lat="59.92908781120458" lon="30.32558787563959">
				<ele>9.611247603781521</ele>
				<time>2022-09-08T15:45:31Z</time>
			</trkpt>
			<trkpt lat="59.92906771750516" lon="30.325593008779812">
				<ele>8.583142799325287</ele>
				<time>2022-09-08T15:45:32Z</time>
			</trkpt>
			<trkpt lat="59.92904670947615" lon="30.32557929861851">
				<ele>4.281866722740233</ele>
				<time>2022-09-08T15:45:34Z</time>
			</trkpt>
			<trkpt lat="59.929024025512916" lon="30.32555386927987">
				<ele>1.7859602700918913</ele>
				<time>2022-09-08T15:45:36Z</time>
			</trkpt>
			<trkpt lat="59.92900196392166" lon="30.325546663893494">
				<ele>0.8458278542384505</ele>
				<time>2022-09-08T15:45:38Z</time>
			</trkpt>
			<trkpt lat="59.92897649155995" lon="30.325500890398416">
				<ele>0.7844476457685232</ele>
				<time>2022-09-08T15:45:40Z</time>
			</trkpt>
			<trkpt lat="59.9289406971715" lon="30.32548685061875">
				<ele>1.5170583045110106</ele>
				<time>2022-09-08T15:45:42Z</time>
			</trkpt>
			<trkpt lat="59.92893174871304" lon="30.325424852877966">
				<ele>-1.2706946628168225</ele>
				<time>2022-09-08T15:45:45Z</time>
			</trkpt>
			<trkpt lat="59.92893976307256" lon="30.325352565042294">
				<ele>-1.4222424691542983</ele>
				<time>2022-09-08T15:45:47Z</time>
			</trkpt>
			<trkpt lat="59.92895166300891" lon="30.325300499619022">
				<ele>-3.1749060256406665</ele>
				<time>2022-09-08T15:45:49Z</time>
			</trkpt>
			<trkpt lat="59.92895378538496" lon="30.325262307778182">
				<ele>-4.442519593983889</ele>
				<time>2022-09-08T15:45:52Z</time>
			</trkpt>
			<trkpt lat="59.928962228748105" lon="30.32521076348446">
				<ele>-4.23499299865216</ele>
				<time>2022-09-08T15:45:55Z</time>
			</trkpt>
			<trkpt lat="59.92897286742328" lon="30.325180536065726">
				<ele>-4.628807643428445</ele>
				<time>2022-09-08T15:45:57Z</time>
			</trkpt>
			<trkpt lat="59.92895904974294" lon="30.325156119168867">
				<ele>-5.9851846834644675</ele>
				<time>2022-09-08T15:45:58Z</time>
			</trkpt>
			<trkpt lat="59.92897922210085" lon="30.32514670540104">
				<ele>-2.61754353903234</ele>
				<time>2022-09-08T15:45:59Z</time>
			</trkpt>
			<trkpt lat="59.92901969637274" lon="30.325133770546973">
				<ele>-0.2751786131411791</ele>
				<time>2022-09-08T15:46:00Z</time>
			</trkpt>
			<trkpt lat="59.9290358898597" lon="30.325110373921966">
				<ele>-0.3570915013551712</ele>
				<time>2022-09-08T15:46:01Z</time>
			</trkpt>
			<trkpt lat="59.929067741684335" lon="30.325061240305914">
				<ele>1.2771171992644668</ele>
				<time>2022-09-08T15:46:03Z</time>
			</trkpt>
			<trkpt lat="59.92909132328021" lon="30.325019897432608">
				<ele>3.229643728584051</ele>
				<time>2022-09-08T15:46:05Z</time>
			</trkpt>
			<trkpt lat="59.9291002592956" lon="30.324987037956323">
				<ele>1.971507933922112</ele>
				<time>2022-09-08T15:46:07Z</time>
			</trkpt>
			<trkpt lat="59.92911549921952" lon="30.324963753862402">
				<ele>0.3669672356918454</ele>
				<time>2022-09-08T15:46:09Z</time>
			</trkpt>
			<trkpt lat="59.929133138824525" lon="30.324950413581764">
				<ele>0.2309591555967927</ele>
				<time>2022-09-08T15:46:11Z</time>
			</trkpt>
			<trkpt lat="59.92915347075346" lon="30.32491730314008">
				<ele>3.760410106740892</ele>
				<time>2022-09-08T15:46:13Z</time>
			</trkpt>
			<trkpt lat="59.92916980281392" lon="30.32487729900552">
				<ele>5.1869259951636195</ele>
				<time>2022-09-08T15:46:15Z</time>
			</trkpt>
			<trkpt lat="59.929190204226586" lon="30.324835241970245">
				<ele>8.085479013621807</ele>
				<time>2022-09-08T15:46:17Z</time>
			</trkpt>
			<trkpt lat="59.92920560011978" lon="30.324793359463268">
				<ele>8.496050238609314</ele>
				<time>2022-09-08T15:46:19Z</time>
			</trkpt>
			<trkpt lat="59.92922313550552" lon="30.32476651697935">
				<ele>8.562265205197036</ele>
				<time>2022-09-08T15:46:21Z</time>
			</trkpt>
			<trkpt lat="59.92924320368344" lon="30.32473179625389">
				<ele>5.394920219667256</ele>
				<time>2022-09-08T15:46:25Z</time>
			</trkpt>
			<trkpt lat="59.92926099156847" lon="30.32471682708996">
				<ele>7.8296225275844336</ele>
				<time>2022-09-08T15:46:26Z</time>
			</trkpt>
			<trkpt lat="59.92927803446997" lon="30.32467003594994">
				<ele>7.327605398371816</ele>
				<time>2022-09-08T15:46:28Z</time>
			</trkpt>
			<trkpt lat="59.929294103106976" lon="30.324629638650855">
				<ele>7.593164699152112</ele>
				<time>2022-09-08T15:46:30Z</time>
			</trkpt>
			<trkpt lat="59.92929864486477" lon="30.324591103581458">
				<ele>6.564273253083229</ele>
				<time>2022-09-08T15:46:32Z</time>
			</trkpt>
			<trkpt lat="59.929311589602406" lon="30.324559574099872">
				<ele>3.5700263045728207</ele>
				<time>2022-09-08T15:46:36Z</time>
			</trkpt>
			<trkpt lat="59.9293433715053" lon="30.32453805458299">
				<ele>6.601035510189831</ele>
				<time>2022-09-08T15:46:38Z</time>
			</trkpt>
			<trkpt lat="59.92936182089838" lon="30.324490527118705">
				<ele>6.791924915276468</ele>
				<time>2022-09-08T15:46:40Z</time>
			</trkpt>
			<trkpt lat="59.9293905018876" lon="30.324472198559764">
				<ele>6.88347514718771</ele>
				<time>2022-09-08T15:46:42Z</time>
			</trkpt>
			<trkpt lat="59.92940457533921" lon="30.324424516456304">
				<ele>8.624470598064363</ele>
				<time>2022-09-08T15:46:44Z</time>
			</trkpt>
			<trkpt lat="59.92941555383741" lon="30.32438924901094">
				<ele>4.769625267013907</ele>
				<time>2022-09-08T15:46:47Z</time>
			</trkpt>
			<trkpt lat="59.92942550542752" lon="30.324347074336085">
				<ele>6.7369044264778495</ele>
				<time>2022-09-08T15:46:49Z</time>
			</trkpt>
			<trkpt lat="59.92944200988237" lon="30.32432026568194">
				<ele>7.3661304814741015</ele>
				<time>2022-09-08T15:46:51Z</time>
			</trkpt>
			<trkpt lat="59.929441944534176" lon="30.324407200517307">
				<ele>2.623454885557294</ele>
				<time>2022-09-08T15:47:02Z</time>
			</trkpt>
			<trkpt lat="59.92946012604018" lon="30.324452882315136">
				<ele>7.1304331896826625</ele>
				<time>2022-09-08T15:47:05Z</time>
			</trkpt>
			<trkpt lat="59.929483758479286" lon="30.324459225911383">
				<ele>6.8328378945589066</ele>
				<time>2022-09-08T15:47:07Z</time>
			</trkpt>
			<trkpt lat="59.92949499500064" lon="30.324489311083372">
				<ele>7.184810435399413</ele>
				<time>2022-09-08T15:47:09Z</time>
			</trkpt>
			<trkpt lat="59.929501804308806" lon="30.32453798252124">
				<ele>4.934433630667627</ele>
				<time>2022-09-08T15:47:11Z</time>
			</trkpt>
			<trkpt lat="59.92951826533695" lon="30.324561743087912">
				<ele>1.6555007826536894</ele>
				<time>2022-09-08T15:47:13Z</time>
			</trkpt>
			<trkpt lat="59.92952225371742" lon="30.324597143372795">
				<ele>5.358979475684464</ele>
				<time>2022-09-08T15:47:14Z</time>
			</trkpt>
			<trkpt lat="59.92953553436118" lon="30.324642025053063">
				<ele>6.099249085411429</ele>
				<time>2022-09-08T15:47:16Z</time>
			</trkpt>
			<trkpt lat="59.92953753523457" lon="30.324693582031188">
				<ele>5.823417426086962</ele>
				<time>2022-09-08T15:47:18Z</time>
			</trkpt>
			<trkpt lat="59.929525435981304" lon="30.324739897424884">
				<ele>8.911489115096629</ele>
				<time>2022-09-08T15:47:20Z</time>
			</trkpt>
			<trkpt lat="59.929520890353736" lon="30.324787311151972">
				<ele>6.001823500730097</ele>
				<time>2022-09-08T15:47:21Z</time>
			</trkpt>
			<trkpt lat="59.929518328519684" lon="30.324846397710104">
				<ele>3.335389585234225</ele>
				<time>2022-09-08T15:47:24Z</time>
			</trkpt>
			<trkpt lat="59.92954561428181" lon="30.32486563415892">
				<ele>3.0109550412744284</ele>
				<time>2022-09-08T15:47:26Z</time>
			</trkpt>
			<trkpt lat="59.929554766326206" lon="30.324914144066437">
				<ele>3.833866350352764</ele>
				<time>2022-09-08T15:47:28Z</time>
			</trkpt>
			<trkpt lat="59.929569032393935" lon="30.324943315194535">
				<ele>4.254627820104361</ele>
				<time>2022-09-08T15:47:30Z</time>
			</trkpt>
			<trkpt lat="59.92958451291576" lon="30.324977125232817">
				<ele>5.399636973626912</ele>
				<time>2022-09-08T15:47:32Z</time>
			</trkpt>
			<trkpt lat="59.929606269043994" lon="30.325018731482285">
				<ele>0.39360079914331436</ele>
				<time>2022-09-08T15:47:35Z</time>
			</trkpt>
			<trkpt lat="59.9296247168001" lon="30.325045869595332">
				<ele>1.726485488936305</ele>
				<time>2022-09-08T15:47:37Z</time>
			</trkpt>
			<trkpt lat="59.929631821479596" lon="30.325097585010184">
				<ele>4.454624325037003</ele>
				<time>2022-09-08T15:47:39Z</time>
			</trkpt>
			<trkpt lat="59.92965859401997" lon="30.325122094158175">
				<ele>3.580136001110077</ele>
				<time>2022-09-08T15:47:41Z</time>
			</trkpt>
			<trkpt lat="59.929675995398846" lon="30.325153059912143">
				<ele>3.112338948994875</ele>
				<time>2022-09-08T15:47:43Z</time>
			</trkpt>
			<trkpt lat="59.92969392879041" lon="30.32518268295972">
				<ele>2.9598616836592555</ele>
				<time>2022-09-08T15:47:45Z</time>
			</trkpt>
			<trkpt lat="59.929713232499196" lon="30.325207228130623">
				<ele>2.4404246481135488</ele>
				<time>2022-09-08T15:47:48Z</time>
			</trkpt>
			<trkpt lat="59.929724731030014" lon="30.325244697579432">
				<ele>1.5794507944956422</ele>
				<time>2022-09-08T15:47:50Z</time>
			</trkpt>
			<trkpt lat="59.92973959420053" lon="30.32526553454393">
				<ele>1.531630251556635</ele>
				<time>2022-09-08T15:47:52Z</time>
			</trkpt>
			<trkpt lat="59.92975138944523" lon="30.325303771373864">
				<ele>1.5416212938725948</ele>
				<time>2022-09-08T15:47:54Z</time>
			</trkpt>
			<trkpt lat="59.92976984201983" lon="30.325323670832958">
				<ele>3.971257652156055</ele>
				<time>2022-09-08T15:47:55Z</time>
			</trkpt>
			<trkpt lat="59.929784212009956" lon="30.325371542211204">
				<ele>3.5617520166561007</ele>
				<time>2022-09-08T15:47:57Z</time>
			</trkpt>
			<trkpt lat="59.92980275921201" lon="30.325404430955054">
				<ele>4.135970097966492</ele>
				<time>2022-09-08T15:47:59Z</time>
			</trkpt>
			<trkpt lat="59.92983081380322" lon="30.32542454710223">
				<ele>3.6158339884132147</ele>
				<time>2022-09-08T15:48:01Z</time>
			</trkpt>
			<trkpt lat="59.929841492838634" lon="30.325458080730215">
				<ele>2.4459538543596864</ele>
				<time>2022-09-08T15:48:04Z</time>
			</trkpt>
			<trkpt lat="59.92985219923554" lon="30.32549163270702">
				<ele>3.6815858744084835</ele>
				<time>2022-09-08T15:48:06Z</time>
			</trkpt>
			<trkpt lat="59.929868944013" lon="30.325521530980147">
				<ele>4.723179201595485</ele>
				<time>2022-09-08T15:48:08Z</time>
			</trkpt>
			<trkpt lat="59.92989159602676" lon="30.3255526220929">
				<ele>3.6066340589895844</ele>
				<time>2022-09-08T15:48:11Z</time>
			</trkpt>
			<trkpt lat="59.92991257854229" lon="30.325575186678336">
				<ele>4.263746364042163</ele>
				<time>2022-09-08T15:48:13Z</time>
			</trkpt>
			<trkpt lat="59.929929148164625" lon="30.325598565371592">
				<ele>4.540802206844091</ele>
				<time>2022-09-08T15:48:15Z</time>
			</trkpt>
			<trkpt lat="59.92994525825001" lon="30.3256328400494">
				<ele>5.3122283751145005</ele>
				<time>2022-09-08T15:48:17Z</time>
			</trkpt>
			<trkpt lat="59.92996386434507" lon="30.325670656108716">
				<ele>6.951912911608815</ele>
				<time>2022-09-08T15:48:19Z</time>
			</trkpt>
			<trkpt lat="59.9299788312913" lon="30.325700182062644">
				<ele>3.2633359422907233</ele>
				<time>2022-09-08T15:48:21Z</time>
			</trkpt>
			<trkpt lat="59.929993756856256" lon="30.32572917255005">
				<ele>3.9383292300626636</ele>
				<time>2022-09-08T15:48:23Z</time>
			</trkpt>
			<trkpt lat="59.930013482414935" lon="30.32575961271574">
				<ele>3.951896511949599</ele>
				<time>2022-09-08T15:48:25Z</time>
			</trkpt>
			<trkpt lat="59.930021015750825" lon="30.325797738953867">
				<ele>3.9241821775212884</ele>
				<time>2022-09-08T15:48:27Z</time>
			</trkpt>
			<trkpt lat="59.930028739544454" lon="30.325855958646507">
				<ele>6.0802453104406595</ele>
				<time>2022-09-08T15:48:29Z</time>
			</trkpt>
			<trkpt lat="59.93002713432423" lon="30.32591139992038">
				<ele>1.780438531190157</ele>
				<time>2022-09-08T15:48:32Z</time>
			</trkpt>
			<trkpt lat="59.93003893665452" lon="30.325946724389507">
				<ele>4.151859223842621</ele>
				<time>2022-09-08T15:48:34Z</time>
			</trkpt>
			<trkpt lat="59.93005359547249" lon="30.325984266212007">
				<ele>4.481875393539667</ele>
				<time>2022-09-08T15:48:36Z</time>
			</trkpt>
			<trkpt lat="59.930066822060304" lon="30.326015784942776">
				<ele>4.487904923968017</ele>
				<time>2022-09-08T15:48:38Z</time>
			</trkpt>
			<trkpt lat="59.930081533646494" lon="30.326043750739263">
				<ele>7.759629365988076</ele>
				<time>2022-09-08T15:48:39Z</time>
			</trkpt>
			<trkpt lat="59.9300953522035" lon="30.326069413213904">
				<ele>4.78502778057009</ele>
				<time>2022-09-08T15:48:43Z</time>
			</trkpt>
			<trkpt lat="59.93011725474726" lon="30.32610818876666">
				<ele>7.447726191021502</ele>
				<time>2022-09-08T15:48:45Z</time>
			</trkpt>
			<trkpt lat="59.93014926844545" lon="30.32610856761534">
				<ele>6.231714730150998</ele>
				<time>2022-09-08T15:48:47Z</time>
			</trkpt>
			<trkpt lat="59.9301818308661" lon="30.326141265525813">
				<ele>8.72569346614182</ele>
				<time>2022-09-08T15:48:49Z</time>
			</trkpt>
			<trkpt lat="59.93020285362712" lon="30.326170828168664">
				<ele>4.853636381216347</ele>
				<time>2022-09-08T15:48:51Z</time>
			</trkpt>
			<trkpt lat="59.93021743185721" lon="30.32619608074301">
				<ele>5.472865524701774</ele>
				<time>2022-09-08T15:48:53Z</time>
			</trkpt>
			<trkpt lat="59.93022428377778" lon="30.326232876328444">
				<ele>6.840009688399732</ele>
				<time>2022-09-08T15:48:55Z</time>
			</trkpt>
			<trkpt lat="59.93023518001022" lon="30.32627338036312">
				<ele>5.666383846662939</ele>
				<time>2022-09-08T15:48:57Z</time>
			</trkpt>
			<trkpt lat="59.93024032507776" lon="30.326328191247654">
				<ele>3.757734308950603</ele>
				<time>2022-09-08T15:49:00Z</time>
			</trkpt>
			<trkpt lat="59.93025101048669" lon="30.32627281852524">
				<ele>5.657192611135542</ele>
				<time>2022-09-08T15:49:04Z</time>
			</trkpt>
			<trkpt lat="59.93022651032583" lon="30.326257833180296">
				<ele>3.8939495887607336</ele>
				<time>2022-09-08T15:49:06Z</time>
			</trkpt>
			<trkpt lat="59.93022228366707" lon="30.326218513934307">
				<ele>3.4671201771125197</ele>
				<time>2022-09-08T15:49:08Z</time>
			</trkpt>
			<trkpt lat="59.93020490270123" lon="30.326177751999147">
				<ele>3.9097139220684767</ele>
				<time>2022-09-08T15:49:10Z</time>
			</trkpt>
			<trkpt lat="59.93018022774648" lon="30.3261460547596">
				<ele>6.202751511707902</ele>
				<time>2022-09-08T15:49:12Z</time>
			</trkpt>
			<trkpt lat="59.93016570841741" lon="30.326123757240833">
				<ele>5.592389573343098</ele>
				<time>2022-09-08T15:49:14Z</time>
			</trkpt>
			<trkpt lat="59.93014428023909" lon="30.32608769405187">
				<ele>4.700047612190247</ele>
				<time>2022-09-08T15:49:16Z</time>
			</trkpt>
			<trkpt lat="59.930137261009456" lon="30.326052181571395">
				<ele>5.480626436881721</ele>
				<time>2022-09-08T15:49:17Z</time>
			</trkpt>
			<trkpt lat="59.93011738437084" lon="30.32599526146172">
				<ele>7.48310018889606</ele>
				<time>2022-09-08T15:49:20Z</time>
			</trkpt>
			<trkpt lat="59.93010606574345" lon="30.325948871997397">
				<ele>7.4956289660185575</ele>
				<time>2022-09-08T15:49:21Z</time>
			</trkpt>
			<trkpt lat="59.93008881691662" lon="30.325921879305366">
				<ele>7.324951229617</ele>
				<time>2022-09-08T15:49:23Z</time>
			</trkpt>
			<trkpt lat="59.93007492849642" lon="30.325883305527082">
				<ele>6.378416628576815</ele>
				<time>2022-09-08T15:49:25Z</time>
			</trkpt>
			<trkpt lat="59.930061626625566" lon="30.325844265094272">
				<ele>6.243077107705176</ele>
				<time>2022-09-08T15:49:27Z</time>
			</trkpt>
			<trkpt lat="59.93004602630838" lon="30.325794985420163">
				<ele>5.754183699376881</ele>
				<time>2022-09-08T15:49:29Z</time>
			</trkpt>
			<trkpt lat="59.93002893642768" lon="30.325772845836624">
				<ele>5.351877260953188</ele>
				<time>2022-09-08T15:49:31Z</time>
			</trkpt>
			<trkpt lat="59.93001110619529" lon="30.325744761814324">
				<ele>5.629053996875882</ele>
				<time>2022-09-08T15:49:33Z</time>
			</trkpt>
			<trkpt lat="59.92999506118908" lon="30.32569157895877">
				<ele>5.405505890958011</ele>
				<time>2022-09-08T15:49:35Z</time>
			</trkpt>
			<trkpt lat="59.92998254577928" lon="30.325624080696254">
				<ele>6.830091644078493</ele>
				<time>2022-09-08T15:49:37Z</time>
			</trkpt>
			<trkpt lat="59.92996278401107" lon="30.32560635450707">
				<ele>3.274147318676114</ele>
				<time>2022-09-08T15:49:40Z</time>
			</trkpt>
			<trkpt lat="59.92995242540765" lon="30.325563188251742">
				<ele>3.418877739459276</ele>
				<time>2022-09-08T15:49:42Z</time>
			</trkpt>
			<trkpt lat="59.9299581614789" lon="30.32551016849023">
				<ele>6.5319326259195805</ele>
				<time>2022-09-08T15:49:44Z</time>
			</trkpt>
			<trkpt lat="59.92998365355343" lon="30.32546966795958">
				<ele>4.748543635942042</ele>
				<time>2022-09-08T15:49:46Z</time>
			</trkpt>
			<trkpt lat="59.929998181021936" lon="30.325446001969034">
				<ele>5.451694514602423</ele>
				<time>2022-09-08T15:49:48Z</time>
			</trkpt>
			<trkpt lat="59.93001004446982" lon="30.32541227464604">
				<ele>2.9270060444250703</ele>
				<time>2022-09-08T15:49:50Z</time>
			</trkpt>
			<trkpt lat="59.930048106400974" lon="30.32536392528097">
				<ele>1.9302669931203127</ele>
				<time>2022-09-08T15:49:52Z</time>
			</trkpt>
			<trkpt lat="59.9300518688834" lon="30.325323136912523">
				<ele>3.4062354508787394</ele>
				<time>2022-09-08T15:49:54Z</time>
			</trkpt>
			<trkpt lat="59.930059991272174" lon="30.325273378394098">
				<ele>2.473236771300435</ele>
				<time>2022-09-08T15:49:57Z</time>
			</trkpt>
			<trkpt lat="59.930056074817756" lon="30.325212071926803">
				<ele>5.006434227339923</ele>
				<time>2022-09-08T15:49:59Z</time>
			</trkpt>
			<trkpt lat="59.93006145743091" lon="30.325155484466816">
				<ele>4.387383164837956</ele>
				<time>2022-09-08T15:50:01Z</time>
			</trkpt>
			<trkpt lat="59.93007438960855" lon="30.325118498008198">
				<ele>4.276267491281033</ele>
				<time>2022-09-08T15:50:03Z</time>
			</trkpt>
			<trkpt lat="59.9300910617248" lon="30.325079708373472">
				<ele>4.838603102602065</ele>
				<time>2022-09-08T15:50:05Z</time>
			</trkpt>
			<trkpt lat="59.9301113201653" lon="30.3250641746351">
				<ele>7.242648587562144</ele>
				<time>2022-09-08T15:50:07Z</time>
			</trkpt>
			<trkpt lat="59.93013414583803" lon="30.325036277636126">
				<ele>8.097109194844961</ele>
				<time>2022-09-08T15:50:09Z</time>
			</trkpt>
			<trkpt lat="59.93016186134312" lon="30.32500567140039">
				<ele>9.96842481661588</ele>
				<time>2022-09-08T15:50:12Z</time>
			</trkpt>
			<trkpt lat="59.930182085046056" lon="30.32497583569447">
				<ele>9.365924749523401</ele>
				<time>2022-09-08T15:50:14Z</time>
			</trkpt>
			<trkpt lat="59.93020994215752" lon="30.324973717300566">
				<ele>9.422361427918077</ele>
				<time>2022-09-08T15:50:16Z</time>
			</trkpt>
			<trkpt lat="59.930229003312384" lon="30.32496259614497">
				<ele>10.734396322630346</ele>
				<time>2022-09-08T15:50:18Z</time>
			</trkpt>
			<trkpt lat="59.930250126463726" lon="30.32493548010504">
				<ele>7.386577721685171</ele>
				<time>2022-09-08T15:50:21Z</time>
			</trkpt>
			<trkpt lat="59.93026147141076" lon="30.32490317838196">
				<ele>6.916392359882593</ele>
				<time>2022-09-08T15:50:23Z</time>
			</trkpt>
			<trkpt lat="59.930284398692976" lon="30.324866129703537">
				<ele>8.377782010473311</ele>
				<time>2022-09-08T15:50:25Z</time>
			</trkpt>
			<trkpt lat="59.93029257640676" lon="30.32483263050788">
				<ele>7.770701636560261</ele>
				<time>2022-09-08T15:50:27Z</time>
			</trkpt>
			<trkpt lat="59.93031968435349" lon="30.324807087840618">
				<ele>11.197299881838262</ele>
				<time>2022-09-08T15:50:29Z</time>
			</trkpt>
			<trkpt lat="59.93033863362863" lon="30.324770937755552">
				<ele>9.889237015508115</ele>
				<time>2022-09-08T15:50:31Z</time>
			</trkpt>
			<trkpt lat="59.93034200934403" lon="30.324720350353935">
				<ele>8.279350162483752</ele>
				<time>2022-09-08T15:50:33Z</time>
			</trkpt>
			<trkpt lat="59.930363863370786" lon="30.32468315824454">
				<ele>11.225609929300845</ele>
				<time>2022-09-08T15:50:35Z</time>
			</trkpt>
			<trkpt lat="59.930383117233845" lon="30.324648521768758">
				<ele>9.229173408821225</ele>
				<time>2022-09-08T15:50:38Z</time>
			</trkpt>
			<trkpt lat="59.9303975151505" lon="30.32461674739675">
				<ele>8.575666738674045</ele>
				<time>2022-09-08T15:50:40Z</time>
			</trkpt>
			<trkpt lat="59.93042272014699" lon="30.32456662782159">
				<ele>11.90265544038266</ele>
				<time>2022-09-08T15:50:42Z</time>
			</trkpt>
			<trkpt lat="59.93043746386201" lon="30.324535737169782">
				<ele>8.41828747652471</ele>
				<time>2022-09-08T15:50:45Z</time>
			</trkpt>
			<trkpt lat="59.930445972982454" lon="30.324494875557164">
				<ele>8.38447676319629</ele>
				<time>2022-09-08T15:50:47Z</time>
			</trkpt>
			<trkpt lat="59.93047250356391" lon="30.324470524093943">
				<ele>9.518558135256171</ele>
				<time>2022-09-08T15:50:49Z</time>
			</trkpt>
			<trkpt lat="59.93048337902519" lon="30.32443992320181">
				<ele>8.74887481983751</ele>
				<time>2022-09-08T15:50:51Z</time>
			</trkpt>
			<trkpt lat="59.93049978688361" lon="30.324400921056675">
				<ele>8.43315234594047</ele>
				<time>2022-09-08T15:50:53Z</time>
			</trkpt>
			<trkpt lat="59.93052018589763" lon="30.324369914520645">
				<ele>8.424072697758675</ele>
				<time>2022-09-08T15:50:55Z</time>
			</trkpt>
			<trkpt lat="59.9305479358186" lon="30.32434731413187">
				<ele>9.387834343127906</ele>
				<time>2022-09-08T15:50:57Z</time>
			</trkpt>
			<trkpt lat="59.93056677802609" lon="30.324311835614377">
				<ele>7.221878946758807</ele>
				<time>2022-09-08T15:51:00Z</time>
			</trkpt>
			<trkpt lat="59.93058440731867" lon="30.32428904676016">
				<ele>5.911461080424488</ele>
				<time>2022-09-08T15:51:02Z</time>
			</trkpt>
			<trkpt lat="59.93060603815362" lon="30.324251910748252">
				<ele>7.630979465320706</ele>
				<time>2022-09-08T15:51:04Z</time>
			</trkpt>
			<trkpt lat="59.93061438833835" lon="30.324213285799456">
				<ele>8.214610974304378</ele>
				<time>2022-09-08T15:51:07Z</time>
			</trkpt>
			<trkpt lat="59.930641602407896" lon="30.324213745301645">
				<ele>8.070079344324768</ele>
				<time>2022-09-08T15:51:13Z</time>
			</trkpt>
			<trkpt lat="59.93067340001251" lon="30.324180372173426">
				<ele>10.389923766255379</ele>
				<time>2022-09-08T15:51:17Z</time>
			</trkpt>
			<trkpt lat="59.93066822953189" lon="30.324110276836098">
				<ele>10.201488600112498</ele>
				<time>2022-09-08T15:51:21Z</time>
			</trkpt>
			<trkpt lat="59.93065097651498" lon="30.32406912440742">
				<ele>8.598514398559928</ele>
				<time>2022-09-08T15:51:22Z</time>
			</trkpt>
			<trkpt lat="59.93064405186912" lon="30.324108769993384">
				<ele>10.847299162298441</ele>
				<time>2022-09-08T15:51:25Z</time>
			</trkpt>
			<trkpt lat="59.93062272493652" lon="30.324131923551207">
				<ele>11.347046901471913</ele>
				<time>2022-09-08T15:51:28Z</time>
			</trkpt>
			<trkpt lat="59.9306109579103" lon="30.324186123715286">
				<ele>11.521590940654278</ele>
				<time>2022-09-08T15:51:31Z</time>
			</trkpt>
			<trkpt lat="59.93060950812721" lon="30.324224161574698">
				<ele>11.257343972101808</ele>
				<time>2022-09-08T15:51:32Z</time>
			</trkpt>
			<trkpt lat="59.930611644260416" lon="30.324275934527655">
				<ele>10.976259650662541</ele>
				<time>2022-09-08T15:51:33Z</time>
			</trkpt>
			<trkpt lat="59.93062578918842" lon="30.324321092012884">
				<ele>10.289232878945768</ele>
				<time>2022-09-08T15:51:36Z</time>
			</trkpt>
			<trkpt lat="59.9306438388091" lon="30.32436190921857">
				<ele>8.941113303415477</ele>
				<time>2022-09-08T15:51:44Z</time>
			</trkpt>
			<trkpt lat="59.93066233781759" lon="30.324299348011017">
				<ele>7.738518675789237</ele>
				<time>2022-09-08T15:51:47Z</time>
			</trkpt>
			<trkpt lat="59.93068877626947" lon="30.324282376854942">
				<ele>6.957516361959279</ele>
				<time>2022-09-08T15:51:49Z</time>
			</trkpt>
			<trkpt lat="59.93069807996852" lon="30.324249524729428">
				<ele>7.715933911502361</ele>
				<time>2022-09-08T15:51:50Z</time>
			</trkpt>
			<trkpt lat="59.93070945375426" lon="30.32418965371765">
				<ele>10.18067794200033</ele>
				<time>2022-09-08T15:51:52Z</time>
			</trkpt>
			<trkpt lat="59.93070972058702" lon="30.324129126077672">
				<ele>7.342822123318911</ele>
				<time>2022-09-08T15:51:54Z</time>
			</trkpt>
			<trkpt lat="59.93071546680564" lon="30.324090982268352">
				<ele>6.792558501474559</ele>
				<time>2022-09-08T15:51:56Z</time>
			</trkpt>
			<trkpt lat="59.930742163049054" lon="30.324075859762722">
				<ele>7.822181920520961</ele>
				<time>2022-09-08T15:51:57Z</time>
			</trkpt>
			<trkpt lat="59.93075317490946" lon="30.324047471030173">
				<ele>9.176533752121031</ele>
				<time>2022-09-08T15:51:58Z</time>
			</trkpt>
			<trkpt lat="59.930772681569735" lon="30.32401010531426">
				<ele>8.654235731810331</ele>
				<time>2022-09-08T15:52:01Z</time>
			</trkpt>
			<trkpt lat="59.930791828995154" lon="30.323993375032927">
				<ele>8.693352956324816</ele>
				<time>2022-09-08T15:52:03Z</time>
			</trkpt>
			<trkpt lat="59.930818267718664" lon="30.32396192222083">
				<ele>9.88557006791234</ele>
				<time>2022-09-08T15:52:05Z</time>
			</trkpt>
			<trkpt lat="59.93083630806299" lon="30.323939707487252">
				<ele>13.167948772199452</ele>
				<time>2022-09-08T15:52:06Z</time>
			</trkpt>
			<trkpt lat="59.93082787482258" lon="30.32390428046492">
				<ele>6.887345816008747</ele>
				<time>2022-09-08T15:52:08Z</time>
			</trkpt>
			<trkpt lat="59.93084297171273" lon="30.32388082517228">
				<ele>5.508808456361294</ele>
				<time>2022-09-08T15:52:10Z</time>
			</trkpt>
			<trkpt lat="59.93086782624341" lon="30.323844724008808">
				<ele>8.297292911447585</ele>
				<time>2022-09-08T15:52:12Z</time>
			</trkpt>
			<trkpt lat="59.930889105870975" lon="30.323803702888643">
				<ele>9.904162776656449</ele>
				<time>2022-09-08T15:52:14Z</time>
			</trkpt>
			<trkpt lat="59.930907441687026" lon="30.32377229885109">
				<ele>8.964511261321604</ele>
				<time>2022-09-08T15:52:16Z</time>
			</trkpt>
			<trkpt lat="59.930919014848875" lon="30.32371426732178">
				<ele>12.459262751042843</ele>
				<time>2022-09-08T15:52:18Z</time>
			</trkpt>
			<trkpt lat="59.93093151392606" lon="30.323673541624764">
				<ele>9.475801658816636</ele>
				<time>2022-09-08T15:52:22Z</time>
			</trkpt>
			<trkpt lat="59.93095198365448" lon="30.323643209647624">
				<ele>9.822233440354466</ele>
				<time>2022-09-08T15:52:24Z</time>
			</trkpt>
			<trkpt lat="59.93098035056035" lon="30.323662786719677">
				<ele>9.803544475696981</ele>
				<time>2022-09-08T15:52:25Z</time>
			</trkpt>
			<trkpt lat="59.93100398215007" lon="30.323650911993372">
				<ele>9.683637296780944</ele>
				<time>2022-09-08T15:52:27Z</time>
			</trkpt>
			<trkpt lat="59.93102537547797" lon="30.323625600603712">
				<ele>11.57352522853762</ele>
				<time>2022-09-08T15:52:29Z</time>
			</trkpt>
			<trkpt lat="59.93103094750243" lon="30.323586307558966">
				<ele>12.406644485890865</ele>
				<time>2022-09-08T15:52:30Z</time>
			</trkpt>
			<trkpt lat="59.93101439388904" lon="30.32352952182094">
				<ele>11.173124330118299</ele>
				<time>2022-09-08T15:52:31Z</time>
			</trkpt>
			<trkpt lat="59.93101421583584" lon="30.323474383671876">
				<ele>7.652543350122869</ele>
				<time>2022-09-08T15:52:33Z</time>
			</trkpt>
			<trkpt lat="59.93102796156916" lon="30.32342473604219">
				<ele>7.04209188465029</ele>
				<time>2022-09-08T15:52:35Z</time>
			</trkpt>
			<trkpt lat="59.931028341440836" lon="30.323384642241532">
				<ele>7.320498732849956</ele>
				<time>2022-09-08T15:52:37Z</time>
			</trkpt>
			<trkpt lat="59.9310416936239" lon="30.32335268697071">
				<ele>6.925493550486863</ele>
				<time>2022-09-08T15:52:39Z</time>
			</trkpt>
			<trkpt lat="59.93106379568279" lon="30.32331455090854">
				<ele>4.513361225835979</ele>
				<time>2022-09-08T15:52:42Z</time>
			</trkpt>
			<trkpt lat="59.93107775907815" lon="30.3232825002037">
				<ele>3.947751257568598</ele>
				<time>2022-09-08T15:52:45Z</time>
			</trkpt>
			<trkpt lat="59.93109636262034" lon="30.323270604354562">
				<ele>5.655426139011979</ele>
				<time>2022-09-08T15:52:46Z</time>
			</trkpt>
			<trkpt lat="59.931113286131946" lon="30.32324820049782">
				<ele>5.66276535205543</ele>
				<time>2022-09-08T15:52:48Z</time>
			</trkpt>
			<trkpt lat="59.931130274825335" lon="30.323216585300617">
				<ele>5.941990793682635</ele>
				<time>2022-09-08T15:52:50Z</time>
			</trkpt>
			<trkpt lat="59.93115186715121" lon="30.323185773961903">
				<ele>7.259346854873002</ele>
				<time>2022-09-08T15:52:52Z</time>
			</trkpt>
			<trkpt lat="59.93114722379854" lon="30.32314198008769">
				<ele>5.229241585358977</ele>
				<time>2022-09-08T15:52:54Z</time>
			</trkpt>
			<trkpt lat="59.93115402519334" lon="30.323108069525286">
				<ele>1.6609338680282235</ele>
				<time>2022-09-08T15:52:57Z</time>
			</trkpt>
			<trkpt lat="59.93118007540307" lon="30.32309555347054">
				<ele>5.139205162413418</ele>
				<time>2022-09-08T15:52:59Z</time>
			</trkpt>
			<trkpt lat="59.931205014434624" lon="30.323087316378217">
				<ele>5.327471191063523</ele>
				<time>2022-09-08T15:53:00Z</time>
			</trkpt>
			<trkpt lat="59.93122473217122" lon="30.323074075449323">
				<ele>6.027268334291875</ele>
				<time>2022-09-08T15:53:01Z</time>
			</trkpt>
			<trkpt lat="59.93124455167163" lon="30.3230600662537">
				<ele>6.940392015501857</ele>
				<time>2022-09-08T15:53:02Z</time>
			</trkpt>
			<trkpt lat="59.93125941487208" lon="30.32302655320227">
				<ele>3.396807650104165</ele>
				<time>2022-09-08T15:53:05Z</time>
			</trkpt>
			<trkpt lat="59.93127558626512" lon="30.323007952881305">
				<ele>3.0251677269116044</ele>
				<time>2022-09-08T15:53:07Z</time>
			</trkpt>
			<trkpt lat="59.93130319551193" lon="30.323015729486887">
				<ele>8.311883158050478</ele>
				<time>2022-09-08T15:53:08Z</time>
			</trkpt>
			<trkpt lat="59.93131633576177" lon="30.322932117854087">
				<ele>7.365723759867251</ele>
				<time>2022-09-08T15:53:10Z</time>
			</trkpt>
			<trkpt lat="59.93132591498638" lon="30.3228666317813">
				<ele>7.316851862706244</ele>
				<time>2022-09-08T15:53:11Z</time>
			</trkpt>
			<trkpt lat="59.93135373185401" lon="30.322841610821815">
				<ele>7.718128990381956</ele>
				<time>2022-09-08T15:53:13Z</time>
			</trkpt>
			<trkpt lat="59.931365792263975" lon="30.322803088480065">
				<ele>10.643913565203547</ele>
				<time>2022-09-08T15:53:15Z</time>
			</trkpt>
			<trkpt lat="59.93138074549325" lon="30.322757088092143">
				<ele>14.746445980854332</ele>
				<time>2022-09-08T15:53:16Z</time>
			</trkpt>
			<trkpt lat="59.9313631251773" lon="30.32272973968435">
				<ele>11.060250877402723</ele>
				<time>2022-09-08T15:53:18Z</time>
			</trkpt>
			<trkpt lat="59.93134411023305" lon="30.322723666919636">
				<ele>9.163688839413226</ele>
				<time>2022-09-08T15:53:20Z</time>
			</trkpt>
			<trkpt lat="59.931332064533606" lon="30.32268542824516">
				<ele>9.26332920230925</ele>
				<time>2022-09-08T15:53:22Z</time>
			</trkpt>
			<trkpt lat="59.93131842289984" lon="30.322654664805366">
				<ele>7.956257237121463</ele>
				<time>2022-09-08T15:53:25Z</time>
			</trkpt>
			<trkpt lat="59.931299689525495" lon="30.322627489020356">
				<ele>8.833455176092684</ele>
				<time>2022-09-08T15:53:27Z</time>
			</trkpt>
			<trkpt lat="59.931319983422085" lon="30.322634630358763">
				<ele>4.1074261432513595</ele>
				<time>2022-09-08T15:53:49Z</time>
			</trkpt>
			<trkpt lat="59.9313295452417" lon="30.322675976669334">
				<ele>4.1808357601985335</ele>
				<time>2022-09-08T15:53:51Z</time>
			</trkpt>
			<trkpt lat="59.9313450370262" lon="30.322724445243107">
				<ele>3.592557568103075</ele>
				<time>2022-09-08T15:53:54Z</time>
			</trkpt>
			<trkpt lat="59.931361359453085" lon="30.322766171093384">
				<ele>4.101913216523826</ele>
				<time>2022-09-08T15:53:57Z</time>
			</trkpt>
			<trkpt lat="59.93136106866222" lon="30.322826818666858">
				<ele>5.058967686258256</ele>
				<time>2022-09-08T15:53:59Z</time>
			</trkpt>
			<trkpt lat="59.93135445405249" lon="30.322861231226835">
				<ele>2.4111235961318016</ele>
				<time>2022-09-08T15:54:01Z</time>
			</trkpt>
			<trkpt lat="59.93138109238914" lon="30.322866494028258">
				<ele>3.811983911320567</ele>
				<time>2022-09-08T15:54:03Z</time>
			</trkpt>
			<trkpt lat="59.93141548635529" lon="30.32281878025536">
				<ele>4.10069063026458</ele>
				<time>2022-09-08T15:54:05Z</time>
			</trkpt>
			<trkpt lat="59.93143377393086" lon="30.322799004714685">
				<ele>3.9417348373681307</ele>
				<time>2022-09-08T15:54:06Z</time>
			</trkpt>
			<trkpt lat="59.93146016518672" lon="30.322770546289032">
				<ele>5.496712515130639</ele>
				<time>2022-09-08T15:54:08Z</time>
			</trkpt>
			<trkpt lat="59.93148171702514" lon="30.32277860263117">
				<ele>7.774975609965622</ele>
				<time>2022-09-08T15:54:10Z</time>
			</trkpt>
			<trkpt lat="59.93150081893627" lon="30.322817096846336">
				<ele>8.559970488771796</ele>
				<time>2022-09-08T15:54:12Z</time>
			</trkpt>
			<trkpt lat="59.931494849653944" lon="30.32285240574221">
				<ele>7.309181549586356</ele>
				<time>2022-09-08T15:54:13Z</time>
			</trkpt>
			<trkpt lat="59.93150498502728" lon="30.32288704313006">
				<ele>4.784486207179725</ele>
				<time>2022-09-08T15:54:16Z</time>
			</trkpt>
			<trkpt lat="59.93152142080153" lon="30.32293216473898">
				<ele>6.46974638197571</ele>
				<time>2022-09-08T15:54:18Z</time>
			</trkpt>
			<trkpt lat="59.93153581868401" lon="30.322972578314648">
				<ele>6.51704091578722</ele>
				<time>2022-09-08T15:54:20Z</time>
			</trkpt>
			<trkpt lat="59.931550985114434" lon="30.323013163580807">
				<ele>7.744455026462674</ele>
				<time>2022-09-08T15:54:22Z</time>
			</trkpt>
			<trkpt lat="59.93155574218188" lon="30.323062029743827">
				<ele>5.440073954872787</ele>
				<time>2022-09-08T15:54:25Z</time>
			</trkpt>
			<trkpt lat="59.93156861679491" lon="30.323095683118183">
				<ele>5.704883251339197</ele>
				<time>2022-09-08T15:54:27Z</time>
			</trkpt>
			<trkpt lat="59.93157793558984" lon="30.323139882238223">
				<ele>5.653336803428829</ele>
				<time>2022-09-08T15:54:29Z</time>
			</trkpt>
			<trkpt lat="59.93158940384018" lon="30.323180544958408">
				<ele>6.156298610381782</ele>
				<time>2022-09-08T15:54:31Z</time>
			</trkpt>
			<trkpt lat="59.9315960035381" lon="30.323215408986044">
				<ele>3.994096003472805</ele>
				<time>2022-09-08T15:54:33Z</time>
			</trkpt>
			<trkpt lat="59.93160848126831" lon="30.323264410294655">
				<ele>5.229692484252155</ele>
				<time>2022-09-08T15:54:36Z</time>
			</trkpt>
			<trkpt lat="59.931621671432445" lon="30.323302409699302">
				<ele>5.041019485332072</ele>
				<time>2022-09-08T15:54:38Z</time>
			</trkpt>
			<trkpt lat="59.93163694750297" lon="30.323348199091214">
				<ele>6.408213708549738</ele>
				<time>2022-09-08T15:54:40Z</time>
			</trkpt>
			<trkpt lat="59.93162227082973" lon="30.323327355745853">
				<ele>2.156447152607143</ele>
				<time>2022-09-08T15:54:42Z</time>
			</trkpt>
			<trkpt lat="59.9316179036587" lon="30.32336417371917">
				<ele>1.2441901452839375</ele>
				<time>2022-09-08T15:54:44Z</time>
			</trkpt>
			<trkpt lat="59.931624071380156" lon="30.323407856576353">
				<ele>1.0896491650491953</ele>
				<time>2022-09-08T15:54:47Z</time>
			</trkpt>
			<trkpt lat="59.93163930115261" lon="30.323452824696666">
				<ele>4.505674791522324</ele>
				<time>2022-09-08T15:54:48Z</time>
			</trkpt>
			<trkpt lat="59.93164170666868" lon="30.323507155764037">
				<ele>2.355737630277872</ele>
				<time>2022-09-08T15:54:52Z</time>
			</trkpt>
			<trkpt lat="59.93164759465773" lon="30.323545583886165">
				<ele>4.100178657099605</ele>
				<time>2022-09-08T15:54:54Z</time>
			</trkpt>
			<trkpt lat="59.93166179261022" lon="30.323577425147562">
				<ele>4.249174821190536</ele>
				<time>2022-09-08T15:54:56Z</time>
			</trkpt>
			<trkpt lat="59.93166548609775" lon="30.323625448108583">
				<ele>7.167680555023253</ele>
				<time>2022-09-08T15:54:58Z</time>
			</trkpt>
			<trkpt lat="59.93167274789801" lon="30.323682925708283">
				<ele>9.324619924649596</ele>
				<time>2022-09-08T15:55:00Z</time>
			</trkpt>
			<trkpt lat="59.931687760276716" lon="30.323742617882715">
				<ele>6.331295374780893</ele>
				<time>2022-09-08T15:55:01Z</time>
			</trkpt>
			<trkpt lat="59.931698623717864" lon="30.32377893949451">
				<ele>8.692366553470492</ele>
				<time>2022-09-08T15:55:02Z</time>
			</trkpt>
			<trkpt lat="59.931705523163735" lon="30.32382045775541">
				<ele>8.531335117295384</ele>
				<time>2022-09-08T15:55:06Z</time>
			</trkpt>
			<trkpt lat="59.931723843883454" lon="30.32385938189174">
				<ele>8.08245396707207</ele>
				<time>2022-09-08T15:55:09Z</time>
			</trkpt>
			<trkpt lat="59.93170817548537" lon="30.323893143418598">
				<ele>8.113258853554726</ele>
				<time>2022-09-08T15:55:20Z</time>
			</trkpt>
			<trkpt lat="59.93173078147346" lon="30.323967735088114">
				<ele>9.233395145274699</ele>
				<time>2022-09-08T15:55:22Z</time>
			</trkpt>
			<trkpt lat="59.93174638595426" lon="30.32401426109996">
				<ele>6.904806992039084</ele>
				<time>2022-09-08T15:55:25Z</time>
			</trkpt>
			<trkpt lat="59.931756347413014" lon="30.324046053225757">
				<ele>9.14625918585807</ele>
				<time>2022-09-08T15:55:26Z</time>
			</trkpt>
			<trkpt lat="59.931771196928224" lon="30.32408002834021">
				<ele>9.183932460844517</ele>
				<time>2022-09-08T15:55:29Z</time>
			</trkpt>
			<trkpt lat="59.93178373174747" lon="30.324133449461595">
				<ele>10.86810718756169</ele>
				<time>2022-09-08T15:55:32Z</time>
			</trkpt>
			<trkpt lat="59.93179238241257" lon="30.324170560048586">
				<ele>7.199494676664472</ele>
				<time>2022-09-08T15:55:35Z</time>
			</trkpt>
			<trkpt lat="59.93179234649908" lon="30.324215556698718">
				<ele>5.533419717103243</ele>
				<time>2022-09-08T15:55:37Z</time>
			</trkpt>
			<trkpt lat="59.93180177237432" lon="30.324257094394692">
				<ele>7.482311942614615</ele>
				<time>2022-09-08T15:55:39Z</time>
			</trkpt>
			<trkpt lat="59.93181028053289" lon="30.32430004122841">
				<ele>8.010123448446393</ele>
				<time>2022-09-08T15:55:41Z</time>
			</trkpt>
			<trkpt lat="59.931829367494856" lon="30.324338948947087">
				<ele>7.0605098297819495</ele>
				<time>2022-09-08T15:55:43Z</time>
			</trkpt>
			<trkpt lat="59.931843256806026" lon="30.32438010649823">
				<ele>7.439554367214441</ele>
				<time>2022-09-08T15:55:45Z</time>
			</trkpt>
			<trkpt lat="59.93185112375048" lon="30.324414180078662">
				<ele>5.782758015207946</ele>
				<time>2022-09-08T15:55:47Z</time>
			</trkpt>
			<trkpt lat="59.931870688785736" lon="30.3244146234038">
				<ele>6.893047135323286</ele>
				<time>2022-09-08T15:55:50Z</time>
			</trkpt>
			<trkpt lat="59.93189660216973" lon="30.324429640733342">
				<ele>6.767650990746915</ele>
				<time>2022-09-08T15:55:52Z</time>
			</trkpt>
			<trkpt lat="59.931904421924344" lon="30.324463628110458">
				<ele>5.0012300703674555</ele>
				<time>2022-09-08T15:55:53Z</time>
			</trkpt>
			<trkpt lat="59.9319347637366" lon="30.324434457043605">
				<ele>2.506186974234879</ele>
				<time>2022-09-08T15:55:57Z</time>
			</trkpt>
			<trkpt lat="59.93195421871285" lon="30.32438675565353">
				<ele>3.8902065865695477</ele>
				<time>2022-09-08T15:55:59Z</time>
			</trkpt>
			<trkpt lat="59.93197538593948" lon="30.3243971123462">
				<ele>5.145264166407287</ele>
				<time>2022-09-08T15:56:00Z</time>
			</trkpt>
			<trkpt lat="59.93198775863318" lon="30.324424468232216">
				<ele>3.378994411788881</ele>
				<time>2022-09-08T15:56:02Z</time>
			</trkpt>
			<trkpt lat="59.931992526384676" lon="30.32447855331931">
				<ele>6.056004312820733</ele>
				<time>2022-09-08T15:56:04Z</time>
			</trkpt>
			<trkpt lat="59.93200274509868" lon="30.324516888891285">
				<ele>6.472989583387971</ele>
				<time>2022-09-08T15:56:06Z</time>
			</trkpt>
			<trkpt lat="59.93200334963509" lon="30.324591372986713">
				<ele>6.701792452484369</ele>
				<time>2022-09-08T15:56:09Z</time>
			</trkpt>
			<trkpt lat="59.93199904343885" lon="30.324627440757226">
				<ele>4.989114253781736</ele>
				<time>2022-09-08T15:56:12Z</time>
			</trkpt>
			<trkpt lat="59.93198085024507" lon="30.324646190975855">
				<ele>6.434854881837964</ele>
				<time>2022-09-08T15:56:20Z</time>
			</trkpt>
			<trkpt lat="59.932018244883054" lon="30.32461557700583">
				<ele>4.770986474119127</ele>
				<time>2022-09-08T15:57:03Z</time>
			</trkpt>
			<trkpt lat="59.93203146508638" lon="30.324679184927525">
				<ele>7.604090669192374</ele>
				<time>2022-09-08T15:57:05Z</time>
			</trkpt>
			<trkpt lat="59.93206006495284" lon="30.32471655082043">
				<ele>8.354777283966541</ele>
				<time>2022-09-08T15:57:10Z</time>
			</trkpt>
			<trkpt lat="59.93207334419202" lon="30.32475961989824">
				<ele>7.208487754687667</ele>
				<time>2022-09-08T15:57:12Z</time>
			</trkpt>
			<trkpt lat="59.93208297798925" lon="30.324816081779783">
				<ele>6.487313447520137</ele>
				<time>2022-09-08T15:57:14Z</time>
			</trkpt>
			<trkpt lat="59.93209246280488" lon="30.324846897205806">
				<ele>7.221801981329918</ele>
				<time>2022-09-08T15:57:15Z</time>
			</trkpt>
			<trkpt lat="59.932086321283734" lon="30.324885223339376">
				<ele>2.4698540242388844</ele>
				<time>2022-09-08T15:57:18Z</time>
			</trkpt>
			<trkpt lat="59.93208588483389" lon="30.324921571270835">
				<ele>0.9569704318419099</ele>
				<time>2022-09-08T15:57:20Z</time>
			</trkpt>
			<trkpt lat="59.932095998189226" lon="30.324974484011147">
				<ele>1.8649775255471468</ele>
				<time>2022-09-08T15:57:22Z</time>
			</trkpt>
			<trkpt lat="59.932096375586774" lon="30.325023265472158">
				<ele>4.972438921220601</ele>
				<time>2022-09-08T15:57:24Z</time>
			</trkpt>
			<trkpt lat="59.932098735771184" lon="30.32507890938408">
				<ele>4.261304698884487</ele>
				<time>2022-09-08T15:57:26Z</time>
			</trkpt>
			<trkpt lat="59.93212011532768" lon="30.32510568921889">
				<ele>3.6650751186534762</ele>
				<time>2022-09-08T15:57:29Z</time>
			</trkpt>
			<trkpt lat="59.93214115761678" lon="30.32515130656527">
				<ele>5.587089742533863</ele>
				<time>2022-09-08T15:57:31Z</time>
			</trkpt>
			<trkpt lat="59.93215925876133" lon="30.325165797158373">
				<ele>4.4491495825350285</ele>
				<time>2022-09-08T15:57:34Z</time>
			</trkpt>
			<trkpt lat="59.93218000900638" lon="30.325200033869454">
				<ele>4.872713766992092</ele>
				<time>2022-09-08T15:57:38Z</time>
			</trkpt>
			<trkpt lat="59.93220294389435" lon="30.325231849482698">
				<ele>7.709475452080369</ele>
				<time>2022-09-08T15:57:40Z</time>
			</trkpt>
			<trkpt lat="59.93223247171844" lon="30.325280096133014">
				<ele>9.25213414710015</ele>
				<time>2022-09-08T15:57:44Z</time>
			</trkpt>
			<trkpt lat="59.93225114509437" lon="30.325309036535945">
				<ele>3.1115464502945542</ele>
				<time>2022-09-08T15:57:49Z</time>
			</trkpt>
			<trkpt lat="59.93227429538717" lon="30.325333418305053">
				<ele>3.1310047237202525</ele>
				<time>2022-09-08T15:57:51Z</time>
			</trkpt>
			<trkpt lat="59.93230187001936" lon="30.32534319429909">
				<ele>7.914009898900986</ele>
				<time>2022-09-08T15:57:53Z</time>
			</trkpt>
			<trkpt lat="59.932320314129406" lon="30.32533891987066">
				<ele>5.939239295199513</ele>
				<time>2022-09-08T15:57:56Z</time>
			</trkpt>
			<trkpt lat="59.932353266622414" lon="30.32532968113461">
				<ele>7.1839500349015</ele>
				<time>2022-09-08T15:58:08Z</time>
			</trkpt>
			<trkpt lat="59.93238623311934" lon="30.325323129236384">
				<ele>10.871267173439264</ele>
				<time>2022-09-08T15:58:12Z</time>
			</trkpt>
			<trkpt lat="59.9324060848208" lon="30.325334250595002">
				<ele>8.827614851295948</ele>
				<time>2022-09-08T15:58:14Z</time>
			</trkpt>
			<trkpt lat="59.93242438808594" lon="30.32531624797983">
				<ele>11.73507132846862</ele>
				<time>2022-09-08T15:58:15Z</time>
			</trkpt>
			<trkpt lat="59.93244463193398" lon="30.325339098445834">
				<ele>8.113640939816833</ele>
				<time>2022-09-08T15:58:18Z</time>
			</trkpt>
			<trkpt lat="59.93245966848535" lon="30.325373968673834">
				<ele>4.866634770296514</ele>
				<time>2022-09-08T15:58:20Z</time>
			</trkpt>
			<trkpt lat="59.93248329264453" lon="30.325389861013914">
				<ele>4.898904230445623</ele>
				<time>2022-09-08T15:58:22Z</time>
			</trkpt>
			<trkpt lat="59.93250056708257" lon="30.325424222394535">
				<ele>5.16088617965579</ele>
				<time>2022-09-08T15:58:23Z</time>
			</trkpt>
			<trkpt lat="59.93253433946801" lon="30.325421127877146">
				<ele>7.130252848379314</ele>
				<time>2022-09-08T15:58:25Z</time>
			</trkpt>
			<trkpt lat="59.93255308511094" lon="30.325431489911768">
				<ele>6.460961903445423</ele>
				<time>2022-09-08T15:58:27Z</time>
			</trkpt>
			<trkpt lat="59.93257925204194" lon="30.325443454005338">
				<ele>5.404623792506754</ele>
				<time>2022-09-08T15:58:30Z</time>
			</trkpt>
			<trkpt lat="59.932605253207136" lon="30.325445112243315">
				<ele>5.969507149420679</ele>
				<time>2022-09-08T15:58:32Z</time>
			</trkpt>
			<trkpt lat="59.932625506093025" lon="30.325447171043802">
				<ele>7.522164073772728</ele>
				<time>2022-09-08T15:58:33Z</time>
			</trkpt>
			<trkpt lat="59.932645917794204" lon="30.32543843966542">
				<ele>4.881400236859918</ele>
				<time>2022-09-08T15:58:35Z</time>
			</trkpt>
			<trkpt lat="59.9326626896151" lon="30.32545415534965">
				<ele>3.503930976614356</ele>
				<time>2022-09-08T15:58:37Z</time>
			</trkpt>
			<trkpt lat="59.93268820015478" lon="30.325484405737967">
				<ele>3.102723211981356</ele>
				<time>2022-09-08T15:58:40Z</time>
			</trkpt>
			<trkpt lat="59.93271687962417" lon="30.325501519373518">
				<ele>5.999153587967157</ele>
				<time>2022-09-08T15:58:42Z</time>
			</trkpt>
			<trkpt lat="59.932746187483424" lon="30.325501192808602">
				<ele>6.386868629604578</ele>
				<time>2022-09-08T15:58:44Z</time>
			</trkpt>
			<trkpt lat="59.93277251597199" lon="30.325509845564703">
				<ele>5.534535842947662</ele>
				<time>2022-09-08T15:58:47Z</time>
			</trkpt>
			<trkpt lat="59.932792621331885" lon="30.325524580296765">
				<ele>6.295921226963401</ele>
				<time>2022-09-08T15:58:49Z</time>
			</trkpt>
			<trkpt lat="59.932811414874706" lon="30.32553793268985">
				<ele>8.319636448286474</ele>
				<time>2022-09-08T15:58:50Z</time>
			</trkpt>
			<trkpt lat="59.93283643069609" lon="30.32554864779954">
				<ele>5.9237432619556785</ele>
				<time>2022-09-08T15:58:52Z</time>
			</trkpt>
			<trkpt lat="59.93285391555342" lon="30.325538566730646">
				<ele>4.256979831494391</ele>
				<time>2022-09-08T15:58:54Z</time>
			</trkpt>
			<trkpt lat="59.93287701792763" lon="30.325549762506526">
				<ele>2.987031583674252</ele>
				<time>2022-09-08T15:58:57Z</time>
			</trkpt>
			<trkpt lat="59.932896053104656" lon="30.32555710696029">
				<ele>5.248609831556678</ele>
				<time>2022-09-08T15:59:00Z</time>
			</trkpt>
			<trkpt lat="59.93291668429212" lon="30.32558278703401">
				<ele>5.013112066313624</ele>
				<time>2022-09-08T15:59:02Z</time>
			</trkpt>
			<trkpt lat="59.932933228698566" lon="30.325599593934967">
				<ele>5.494913915172219</ele>
				<time>2022-09-08T15:59:04Z</time>
			</trkpt>
			<trkpt lat="59.93298410241155" lon="30.325659539918437">
				<ele>7.476057751104236</ele>
				<time>2022-09-08T15:59:06Z</time>
			</trkpt>
			<trkpt lat="59.93300463464571" lon="30.325623433683532">
				<ele>4.574630345217884</ele>
				<time>2022-09-08T15:59:08Z</time>
			</trkpt>
			<trkpt lat="59.933030955027775" lon="30.3256074023391">
				<ele>3.72446605283767</ele>
				<time>2022-09-08T15:59:10Z</time>
			</trkpt>
			<trkpt lat="59.93305499718519" lon="30.325612790162424">
				<ele>2.9060544427484274</ele>
				<time>2022-09-08T15:59:13Z</time>
			</trkpt>
			<trkpt lat="59.933072760925974" lon="30.325607021361215">
				<ele>5.502357262186706</ele>
				<time>2022-09-08T15:59:14Z</time>
			</trkpt>
			<trkpt lat="59.933094771713" lon="30.325614777142267">
				<ele>6.601411511190236</ele>
				<time>2022-09-08T15:59:16Z</time>
			</trkpt>
			<trkpt lat="59.93312321545967" lon="30.325624230545397">
				<ele>5.0998615035787225</ele>
				<time>2022-09-08T15:59:18Z</time>
			</trkpt>
			<trkpt lat="59.93314814850351" lon="30.325618009986496">
				<ele>5.242234937846661</ele>
				<time>2022-09-08T15:59:20Z</time>
			</trkpt>
			<trkpt lat="59.93317589071613" lon="30.325637424155804">
				<ele>5.190154412761331</ele>
				<time>2022-09-08T15:59:22Z</time>
			</trkpt>
			<trkpt lat="59.933208252123" lon="30.325641185645136">
				<ele>6.406830530613661</ele>
				<time>2022-09-08T15:59:24Z</time>
			</trkpt>
			<trkpt lat="59.93324185144327" lon="30.32566485310858">
				<ele>8.001755066215992</ele>
				<time>2022-09-08T15:59:26Z</time>
			</trkpt>
			<trkpt lat="59.93327092029733" lon="30.32568127083383">
				<ele>5.447552064433694</ele>
				<time>2022-09-08T15:59:30Z</time>
			</trkpt>
			<trkpt lat="59.93328936587912" lon="30.3257032645925">
				<ele>2.2884650621563196</ele>
				<time>2022-09-08T15:59:32Z</time>
			</trkpt>
			<trkpt lat="59.93331573236063" lon="30.325723052503992">
				<ele>4.124938737601042</ele>
				<time>2022-09-08T15:59:34Z</time>
			</trkpt>
			<trkpt lat="59.93334530088249" lon="30.325726698920075">
				<ele>5.954016650095582</ele>
				<time>2022-09-08T15:59:36Z</time>
			</trkpt>
			<trkpt lat="59.933363609629325" lon="30.325719426658743">
				<ele>4.857371239922941</ele>
				<time>2022-09-08T15:59:38Z</time>
			</trkpt>
			<trkpt lat="59.933387429913815" lon="30.32573023941496">
				<ele>7.614700051024556</ele>
				<time>2022-09-08T15:59:40Z</time>
			</trkpt>
			<trkpt lat="59.9334063010956" lon="30.325746968587893">
				<ele>5.671019773930311</ele>
				<time>2022-09-08T15:59:42Z</time>
			</trkpt>
			<trkpt lat="59.93343095295412" lon="30.325759465068842">
				<ele>6.553111136890948</ele>
				<time>2022-09-08T15:59:44Z</time>
			</trkpt>
			<trkpt lat="59.93345298546046" lon="30.325762439432026">
				<ele>8.650503986515105</ele>
				<time>2022-09-08T15:59:46Z</time>
			</trkpt>
			<trkpt lat="59.933472820314265" lon="30.325799656363493">
				<ele>4.5934719974175096</ele>
				<time>2022-09-08T15:59:49Z</time>
			</trkpt>
			<trkpt lat="59.93350097873795" lon="30.325809902604234">
				<ele>3.842358631081879</ele>
				<time>2022-09-08T15:59:51Z</time>
			</trkpt>
			<trkpt lat="59.933518616883276" lon="30.325799552669118">
				<ele>6.7132963091135025</ele>
				<time>2022-09-08T15:59:53Z</time>
			</trkpt>
			<trkpt lat="59.93353854619576" lon="30.32580087293111">
				<ele>9.087820312008262</ele>
				<time>2022-09-08T15:59:54Z</time>
			</trkpt>
			<trkpt lat="59.93356730718407" lon="30.32582432439139">
				<ele>7.531349712051451</ele>
				<time>2022-09-08T15:59:56Z</time>
			</trkpt>
			<trkpt lat="59.93358918085578" lon="30.325829058012495">
				<ele>6.9468941716477275</ele>
				<time>2022-09-08T15:59:59Z</time>
			</trkpt>
			<trkpt lat="59.93360919853817" lon="30.325836447783317">
				<ele>7.015985255129635</ele>
				<time>2022-09-08T16:00:01Z</time>
			</trkpt>
			<trkpt lat="59.933625576472494" lon="30.325853653672393">
				<ele>6.829301064833999</ele>
				<time>2022-09-08T16:00:02Z</time>
			</trkpt>
			<trkpt lat="59.933653891267085" lon="30.3258679223581">
				<ele>8.029263554140925</ele>
				<time>2022-09-08T16:00:04Z</time>
			</trkpt>
			<trkpt lat="59.93368094946433" lon="30.325884865880607">
				<ele>9.453827855177224</ele>
				<time>2022-09-08T16:00:06Z</time>
			</trkpt>
			<trkpt lat="59.933705952036746" lon="30.32590700830731">
				<ele>5.682424277998507</ele>
				<time>2022-09-08T16:00:08Z</time>
			</trkpt>
			<trkpt lat="59.93372812060646" lon="30.325912495996807">
				<ele>5.200653958134353</ele>
				<time>2022-09-08T16:00:10Z</time>
			</trkpt>
			<trkpt lat="59.93376102802831" lon="30.325942659436436">
				<ele>5.26464634295553</ele>
				<time>2022-09-08T16:00:11Z</time>
			</trkpt>
			<trkpt lat="59.933780592485036" lon="30.32591258679609">
				<ele>5.640388073399663</ele>
				<time>2022-09-08T16:00:13Z</time>
			</trkpt>
			<trkpt lat="59.93380042654683" lon="30.325917551363883">
				<ele>3.90851547755301</ele>
				<time>2022-09-08T16:00:15Z</time>
			</trkpt>
			<trkpt lat="59.93383143945016" lon="30.325925134580554">
				<ele>6.367798895575106</ele>
				<time>2022-09-08T16:00:17Z</time>
			</trkpt>
			<trkpt lat="59.93386037160347" lon="30.32591149053779">
				<ele>8.312785342335701</ele>
				<time>2022-09-08T16:00:19Z</time>
			</trkpt>
			<trkpt lat="59.933899631781216" lon="30.325929132088582">
				<ele>9.462566817179322</ele>
				<time>2022-09-08T16:00:21Z</time>
			</trkpt>
			<trkpt lat="59.933921261957835" lon="30.325926716928773">
				<ele>8.809142620302737</ele>
				<time>2022-09-08T16:00:23Z</time>
			</trkpt>
			<trkpt lat="59.93395167115845" lon="30.325938454692412">
				<ele>7.84155756700784</ele>
				<time>2022-09-08T16:00:26Z</time>
			</trkpt>
			<trkpt lat="59.93397670179923" lon="30.325943513313778">
				<ele>7.253604952245951</ele>
				<time>2022-09-08T16:00:28Z</time>
			</trkpt>
			<trkpt lat="59.93399617414782" lon="30.325964039213968">
				<ele>7.136017999611795</ele>
				<time>2022-09-08T16:00:29Z</time>
			</trkpt>
			<trkpt lat="59.934020321765374" lon="30.325970632820393">
				<ele>7.646371793933213</ele>
				<time>2022-09-08T16:00:31Z</time>
			</trkpt>
			<trkpt lat="59.934041872042634" lon="30.325986326674194">
				<ele>7.917635363526642</ele>
				<time>2022-09-08T16:00:33Z</time>
			</trkpt>
			<trkpt lat="59.93406821762134" lon="30.32599995588507">
				<ele>6.948544839397073</ele>
				<time>2022-09-08T16:00:35Z</time>
			</trkpt>
			<trkpt lat="59.93409534365407" lon="30.326021150390417">
				<ele>6.824731465429068</ele>
				<time>2022-09-08T16:00:37Z</time>
			</trkpt>
			<trkpt lat="59.93411988993958" lon="30.3260232008602">
				<ele>7.194989463314414</ele>
				<time>2022-09-08T16:00:39Z</time>
			</trkpt>
			<trkpt lat="59.93414770473824" lon="30.32602027503646">
				<ele>7.626325212419033</ele>
				<time>2022-09-08T16:00:41Z</time>
			</trkpt>
			<trkpt lat="59.93416845237476" lon="30.326030627763938">
				<ele>7.723384955897927</ele>
				<time>2022-09-08T16:00:44Z</time>
			</trkpt>
			<trkpt lat="59.93419077813616" lon="30.326034028380263">
				<ele>5.9625305738300085</ele>
				<time>2022-09-08T16:00:46Z</time>
			</trkpt>
			<trkpt lat="59.934219844030515" lon="30.326034866098304">
				<ele>4.67884273827076</ele>
				<time>2022-09-08T16:00:48Z</time>
			</trkpt>
			<trkpt lat="59.934246643277156" lon="30.326049158460627">
				<ele>5.075667986646295</ele>
				<time>2022-09-08T16:00:50Z</time>
			</trkpt>
			<trkpt lat="59.93426349434324" lon="30.326066769997862">
				<ele>5.590124631300569</ele>
				<time>2022-09-08T16:00:51Z</time>
			</trkpt>
			<trkpt lat="59.93428787866029" lon="30.326090198587504">
				<ele>5.865092581138015</ele>
				<time>2022-09-08T16:00:53Z</time>
			</trkpt>
			<trkpt lat="59.93431284845116" lon="30.32610417983195">
				<ele>4.033990761265159</ele>
				<time>2022-09-08T16:00:56Z</time>
			</trkpt>
			<trkpt lat="59.934342649016436" lon="30.32612784390233">
				<ele>4.824559921398759</ele>
				<time>2022-09-08T16:00:58Z</time>
			</trkpt>
			<trkpt lat="59.93437342169643" lon="30.326144733537276">
				<ele>4.93351761624217</ele>
				<time>2022-09-08T16:01:00Z</time>
			</trkpt>
			<trkpt lat="59.93439237733873" lon="30.32614580230589">
				<ele>5.536196573637426</ele>
				<time>2022-09-08T16:01:02Z</time>
			</trkpt>
			<trkpt lat="59.93441371331555" lon="30.326159987568982">
				<ele>7.645966810174286</ele>
				<time>2022-09-08T16:01:05Z</time>
			</trkpt>
			<trkpt lat="59.934431453953685" lon="30.326175762769985">
				<ele>7.898815377615392</ele>
				<time>2022-09-08T16:01:08Z</time>
			</trkpt>
			<trkpt lat="59.93445030719494" lon="30.326194861855345">
				<ele>6.365943263284862</ele>
				<time>2022-09-08T16:01:10Z</time>
			</trkpt>
			<trkpt lat="59.93447329818161" lon="30.326213454385176">
				<ele>4.650118918158114</ele>
				<time>2022-09-08T16:01:12Z</time>
			</trkpt>
			<trkpt lat="59.934507048396235" lon="30.326240596449267">
				<ele>4.865032891742885</ele>
				<time>2022-09-08T16:01:14Z</time>
			</trkpt>
			<trkpt lat="59.934538563913065" lon="30.326217764424506">
				<ele>5.9888548497110605</ele>
				<time>2022-09-08T16:01:15Z</time>
			</trkpt>
			<trkpt lat="59.93455636546558" lon="30.32622885183744">
				<ele>5.896633505821228</ele>
				<time>2022-09-08T16:01:16Z</time>
			</trkpt>
			<trkpt lat="59.93457442283758" lon="30.326229984012897">
				<ele>5.183954644948244</ele>
				<time>2022-09-08T16:01:17Z</time>
			</trkpt>
			<trkpt lat="59.934602063793726" lon="30.326228708478357">
				<ele>7.086190651170909</ele>
				<time>2022-09-08T16:01:20Z</time>
			</trkpt>
			<trkpt lat="59.934623477347195" lon="30.326232081406896">
				<ele>6.2805765606462955</ele>
				<time>2022-09-08T16:01:23Z</time>
			</trkpt>
			<trkpt lat="59.9346373824602" lon="30.326151491667744">
				<ele>13.110876433551311</ele>
				<time>2022-09-08T16:01:59Z</time>
			</trkpt>
			<trkpt lat="59.93464224787783" lon="30.326225065451286">
				<ele>13.889144574292004</ele>
				<time>2022-09-08T16:02:23Z</time>
			</trkpt>
			<trkpt lat="59.93466150584284" lon="30.326237462556122">
				<ele>12.067264779470861</ele>
				<time>2022-09-08T16:02:25Z</time>
			</trkpt>
			<trkpt lat="59.93468040156754" lon="30.326251003891976">
				<ele>11.89138130005449</ele>
				<time>2022-09-08T16:02:26Z</time>
			</trkpt>
			<trkpt lat="59.934701658306054" lon="30.32623031641796">
				<ele>14.261535483412445</ele>
				<time>2022-09-08T16:02:27Z</time>
			</trkpt>
			<trkpt lat="59.934726042929015" lon="30.326234715389592">
				<ele>12.172024793922901</ele>
				<time>2022-09-08T16:02:30Z</time>
			</trkpt>
			<trkpt lat="59.9347329328533" lon="30.32618933876085">
				<ele>11.990646508522332</ele>
				<time>2022-09-08T16:02:32Z</time>
			</trkpt>
			<trkpt lat="59.934734681497545" lon="30.326149724170698">
				<ele>8.368913876824081</ele>
				<time>2022-09-08T16:02:34Z</time>
			</trkpt>
			<trkpt lat="59.93473560745458" lon="30.326112712410232">
				<ele>7.328289970755577</ele>
				<time>2022-09-08T16:02:36Z</time>
			</trkpt>
			<trkpt lat="59.93473992122315" lon="30.326062962902157">
				<ele>4.815557872876525</ele>
				<time>2022-09-08T16:02:55Z</time>
			</trkpt>
			<trkpt lat="59.93474311488321" lon="30.32610154483514">
				<ele>4.143772443756461</ele>
				<time>2022-09-08T16:03:14Z</time>
			</trkpt>
			<trkpt lat="59.934765014545654" lon="30.326120511372963">
				<ele>3.628550760447979</ele>
				<time>2022-09-08T16:03:23Z</time>
			</trkpt>
			<trkpt lat="59.93475854281393" lon="30.326079894550922">
				<ele>5.010021425783634</ele>
				<time>2022-09-08T16:03:51Z</time>
			</trkpt>
			<trkpt lat="59.93477176008683" lon="30.326119813253808">
				<ele>3.536094304174185</ele>
				<time>2022-09-08T16:04:03Z</time>
			</trkpt>
			<trkpt lat="59.934763927881605" lon="30.326073038420862">
				<ele>2.1819340987131</ele>
				<time>2022-09-08T16:04:20Z</time>
			</trkpt>
			<trkpt lat="59.9347610717721" lon="30.326020286671323">
				<ele>3.9891016986221075</ele>
				<time>2022-09-08T16:04:22Z</time>
			</trkpt>
			<trkpt lat="59.93476665217694" lon="30.32597509855078">
				<ele>4.2801509434357285</ele>
				<time>2022-09-08T16:04:24Z</time>
			</trkpt>
			<trkpt lat="59.93477688087615" lon="30.32593901278687">
				<ele>4.0693220952525735</ele>
				<time>2022-09-08T16:04:27Z</time>
			</trkpt>
			<trkpt lat="59.93480265477342" lon="30.325952663892295">
				<ele>-2.380451198667288</ele>
				<time>2022-09-08T16:04:31Z</time>
			</trkpt>
			<trkpt lat="59.93482768072463" lon="30.32595754997884">
				<ele>-0.09600121900439262</ele>
				<time>2022-09-08T16:04:33Z</time>
			</trkpt>
			<trkpt lat="59.93484692669254" lon="30.325938377480753">
				<ele>0.9923395719379187</ele>
				<time>2022-09-08T16:04:35Z</time>
			</trkpt>
			<trkpt lat="59.93486429475869" lon="30.325949192674454">
				<ele>3.2051856284961104</ele>
				<time>2022-09-08T16:04:36Z</time>
			</trkpt>
			<trkpt lat="59.93487064241087" lon="30.32598570751731">
				<ele>3.521496013738215</ele>
				<time>2022-09-08T16:04:38Z</time>
			</trkpt>
			<trkpt lat="59.93491026931624" lon="30.32598900255804">
				<ele>4.153201092965901</ele>
				<time>2022-09-08T16:05:11Z</time>
			</trkpt>
			<trkpt lat="59.93491457676155" lon="30.325945435090503">
				<ele>4.275649908930063</ele>
				<time>2022-09-08T16:05:17Z</time>
			</trkpt>
			<trkpt lat="59.934925758906424" lon="30.325915353644426">
				<ele>3.836415158584714</ele>
				<time>2022-09-08T16:05:43Z</time>
			</trkpt>
			<trkpt lat="59.93490802755149" lon="30.325922054169194">
				<ele>1.2453561127185822</ele>
				<time>2022-09-08T16:06:02Z</time>
			</trkpt>
			<trkpt lat="59.9348958116481" lon="30.325892384693013">
				<ele>1.431569586507976</ele>
				<time>2022-09-08T16:06:25Z</time>
			</trkpt>
			<trkpt lat="59.93487848981663" lon="30.325874154525277">
				<ele>3.470310615375638</ele>
				<time>2022-09-08T16:06:26Z</time>
			</trkpt>
			<trkpt lat="59.93486742737408" lon="30.325823433522658">
				<ele>1.666888054460287</ele>
				<time>2022-09-08T16:06:29Z</time>
			</trkpt>
			<trkpt lat="59.93486074469012" lon="30.325787575385117">
				<ele>-0.3124117385596037</ele>
				<time>2022-09-08T16:06:31Z</time>
			</trkpt>
			<trkpt lat="59.93486132895675" lon="30.325747451099044">
				<ele>0.16046332567930222</ele>
				<time>2022-09-08T16:06:32Z</time>
			</trkpt>
			<trkpt lat="59.934835709210766" lon="30.325722473227373">
				<ele>-3.888959520496428</ele>
				<time>2022-09-08T16:06:34Z</time>
			</trkpt>
			<trkpt lat="59.93483193613486" lon="30.325675824892837">
				<ele>-2.109943212941289</ele>
				<time>2022-09-08T16:06:36Z</time>
			</trkpt>
			<trkpt lat="59.93482663368636" lon="30.325639269642284">
				<ele>-0.9052332984283566</ele>
				<time>2022-09-08T16:06:38Z</time>
			</trkpt>
			<trkpt lat="59.93481222384545" lon="30.32559500076988">
				<ele>-0.4485675832256675</ele>
				<time>2022-09-08T16:06:40Z</time>
			</trkpt>
			<trkpt lat="59.93480817252386" lon="30.325554433367554">
				<ele>0.015538821928203106</ele>
				<time>2022-09-08T16:06:42Z</time>
			</trkpt>
			<trkpt lat="59.93479890544816" lon="30.325487718506093">
				<ele>2.3093609930947423</ele>
				<time>2022-09-08T16:06:44Z</time>
			</trkpt>
			<trkpt lat="59.93478213416534" lon="30.32546131640515">
				<ele>2.377691987901926</ele>
				<time>2022-09-08T16:06:46Z</time>
			</trkpt>
			<trkpt lat="59.9347585888565" lon="30.32544525063428">
				<ele>-1.429609265178442</ele>
				<time>2022-09-08T16:06:48Z</time>
			</trkpt>
			<trkpt lat="59.93474251697793" lon="30.325425814405634">
				<ele>-0.687741257250309</ele>
				<time>2022-09-08T16:06:49Z</time>
			</trkpt>
			<trkpt lat="59.934726255137655" lon="30.325397013061078">
				<ele>-2.7260186094790697</ele>
				<time>2022-09-08T16:06:50Z</time>
			</trkpt>
			<trkpt lat="59.93470652916487" lon="30.325372290607394">
				<ele>-0.09048379492014647</ele>
				<time>2022-09-08T16:06:52Z</time>
			</trkpt>
			<trkpt lat="59.934689056030145" lon="30.325337707555406">
				<ele>-0.36215708684176207</ele>
				<time>2022-09-08T16:06:54Z</time>
			</trkpt>
			<trkpt lat="59.93467533791473" lon="30.325307356392273">
				<ele>-1.5360042797401547</ele>
				<time>2022-09-08T16:06:56Z</time>
			</trkpt>
			<trkpt lat="59.93466277678738" lon="30.325275062558052">
				<ele>-1.979717313311994</ele>
				<time>2022-09-08T16:06:58Z</time>
			</trkpt>
			<trkpt lat="59.93465861814852" lon="30.325239276703183">
				<ele>-2.314021564088762</ele>
				<time>2022-09-08T16:06:59Z</time>
			</trkpt>
			<trkpt lat="59.93465557936535" lon="30.325180537205668">
				<ele>-1.3075909623876214</ele>
				<time>2022-09-08T16:07:01Z</time>
			</trkpt>
			<trkpt lat="59.93465297648937" lon="30.325122584918567">
				<ele>2.489700570702553</ele>
				<time>2022-09-08T16:07:03Z</time>
			</trkpt>
			<trkpt lat="59.93464092942079" lon="30.325080111881636">
				<ele>2.362660249695182</ele>
				<time>2022-09-08T16:07:05Z</time>
			</trkpt>
			<trkpt lat="59.9346403249009" lon="30.32503253805734">
				<ele>0.9386145463213325</ele>
				<time>2022-09-08T16:07:07Z</time>
			</trkpt>
			<trkpt lat="59.93464168305704" lon="30.32497572337732">
				<ele>0.6373264314606786</ele>
				<time>2022-09-08T16:07:09Z</time>
			</trkpt>
			<trkpt lat="59.93464512011144" lon="30.324919152963446">
				<ele>1.4590075239539146</ele>
				<time>2022-09-08T16:07:11Z</time>
			</trkpt>
			<trkpt lat="59.93464319792017" lon="30.324881859471905">
				<ele>2.055833652615547</ele>
				<time>2022-09-08T16:07:12Z</time>
			</trkpt>
			<trkpt lat="59.93465793292244" lon="30.32483424099981">
				<ele>3.6395072173327208</ele>
				<time>2022-09-08T16:07:14Z</time>
			</trkpt>
			<trkpt lat="59.93466469690714" lon="30.324783750889946">
				<ele>2.908221094869077</ele>
				<time>2022-09-08T16:07:16Z</time>
			</trkpt>
			<trkpt lat="59.9346644314966" lon="30.32473622678514">
				<ele>3.274852934293449</ele>
				<time>2022-09-08T16:07:18Z</time>
			</trkpt>
			<trkpt lat="59.93466974263302" lon="30.324699946966515">
				<ele>3.604196248576045</ele>
				<time>2022-09-08T16:07:19Z</time>
			</trkpt>
			<trkpt lat="59.93467729833505" lon="30.32463968692546">
				<ele>3.6176714235916734</ele>
				<time>2022-09-08T16:07:21Z</time>
			</trkpt>
			<trkpt lat="59.93468818519629" lon="30.324591959094757">
				<ele>3.719445465132594</ele>
				<time>2022-09-08T16:07:23Z</time>
			</trkpt>
			<trkpt lat="59.9347169572676" lon="30.324560323423658">
				<ele>6.306970785371959</ele>
				<time>2022-09-08T16:07:25Z</time>
			</trkpt>
			<trkpt lat="59.934736700870005" lon="30.32453436643421">
				<ele>7.213572542183101</ele>
				<time>2022-09-08T16:07:27Z</time>
			</trkpt>
			<trkpt lat="59.93475705834713" lon="30.3245088762512">
				<ele>8.82106523681432</ele>
				<time>2022-09-08T16:07:29Z</time>
			</trkpt>
			<trkpt lat="59.93477378151976" lon="30.32448425245933">
				<ele>8.443867058493197</ele>
				<time>2022-09-08T16:07:31Z</time>
			</trkpt>
			<trkpt lat="59.93479351049654" lon="30.324464443100194">
				<ele>7.659042773768306</ele>
				<time>2022-09-08T16:07:33Z</time>
			</trkpt>
			<trkpt lat="59.93481292838384" lon="30.32444084012727">
				<ele>5.582766356877983</ele>
				<time>2022-09-08T16:07:35Z</time>
			</trkpt>
			<trkpt lat="59.93483961840387" lon="30.32442728228024">
				<ele>6.793074713088572</ele>
				<time>2022-09-08T16:07:37Z</time>
			</trkpt>
			<trkpt lat="59.934862257032506" lon="30.32440211150653">
				<ele>4.182357088662684</ele>
				<time>2022-09-08T16:07:39Z</time>
			</trkpt>
			<trkpt lat="59.93488950160241" lon="30.324391242179665">
				<ele>4.326459822244942</ele>
				<time>2022-09-08T16:07:41Z</time>
			</trkpt>
			<trkpt lat="59.934909955182576" lon="30.324366635457203">
				<ele>4.143101735971868</ele>
				<time>2022-09-08T16:07:43Z</time>
			</trkpt>
			<trkpt lat="59.93492449414664" lon="30.324337041110358">
				<ele>4.0044179353863</ele>
				<time>2022-09-08T16:07:45Z</time>
			</trkpt>
			<trkpt lat="59.93492635739823" lon="30.324405037270253">
				<ele>5.361120233312249</ele>
				<time>2022-09-08T16:07:49Z</time>
			</trkpt>
			<trkpt lat="59.93492368646124" lon="30.32445713481484">
				<ele>1.95181202609092</ele>
				<time>2022-09-08T16:07:51Z</time>
			</trkpt>
			<trkpt lat="59.934933723660286" lon="30.324496878678605">
				<ele>1.961840563453734</ele>
				<time>2022-09-08T16:07:53Z</time>
			</trkpt>
			<trkpt lat="59.93496617653879" lon="30.32450612514939">
				<ele>3.7887603333219886</ele>
				<time>2022-09-08T16:07:55Z</time>
			</trkpt>
			<trkpt lat="59.93498600127786" lon="30.324504988123103">
				<ele>2.907134125009179</ele>
				<time>2022-09-08T16:07:57Z</time>
			</trkpt>
			<trkpt lat="59.93501100461116" lon="30.32452400765878">
				<ele>-1.8559711780399084</ele>
				<time>2022-09-08T16:08:02Z</time>
			</trkpt>
			<trkpt lat="59.935040599396885" lon="30.324522203514995">
				<ele>-0.18807347025722265</ele>
				<time>2022-09-08T16:08:04Z</time>
			</trkpt>
			<trkpt lat="59.93507545256758" lon="30.32453008144678">
				<ele>2.244186899624765</ele>
				<time>2022-09-08T16:08:06Z</time>
			</trkpt>
			<trkpt lat="59.935101219625956" lon="30.324531672895496">
				<ele>2.1806071028113365</ele>
				<time>2022-09-08T16:08:08Z</time>
			</trkpt>
			<trkpt lat="59.93512653785396" lon="30.32453593726276">
				<ele>2.2686722986400127</ele>
				<time>2022-09-08T16:08:10Z</time>
			</trkpt>
			<trkpt lat="59.93514921790179" lon="30.324525349281565">
				<ele>2.0625582737848163</ele>
				<time>2022-09-08T16:08:12Z</time>
			</trkpt>
			<trkpt lat="59.93517294281042" lon="30.324514386154583">
				<ele>1.5877682901918888</ele>
				<time>2022-09-08T16:08:14Z</time>
			</trkpt>
			<trkpt lat="59.93519853088267" lon="30.324505746054175">
				<ele>1.7404749225825071</ele>
				<time>2022-09-08T16:08:16Z</time>
			</trkpt>
			<trkpt lat="59.93521777111765" lon="30.324488121239757">
				<ele>3.823548567481339</ele>
				<time>2022-09-08T16:08:18Z</time>
			</trkpt>
			<trkpt lat="59.93523237371651" lon="30.324457635487757">
				<ele>-2.705026344396174</ele>
				<time>2022-09-08T16:08:22Z</time>
			</trkpt>
			<trkpt lat="59.93524853554956" lon="30.32443727804427">
				<ele>-0.9374827472493052</ele>
				<time>2022-09-08T16:08:24Z</time>
			</trkpt>
			<trkpt lat="59.93527546944093" lon="30.324414667316653">
				<ele>1.8858339115977287</ele>
				<time>2022-09-08T16:08:26Z</time>
			</trkpt>
			<trkpt lat="59.93529596626302" lon="30.324433347034763">
				<ele>1.8988466616719961</ele>
				<time>2022-09-08T16:08:28Z</time>
			</trkpt>
			<trkpt lat="59.93530913727752" lon="30.32445985348577">
				<ele>5.126703073270619</ele>
				<time>2022-09-08T16:08:43Z</time>
			</trkpt>
			<trkpt lat="59.93531976307596" lon="30.324407512584386">
				<ele>1.8757489211857319</ele>
				<time>2022-09-08T16:08:45Z</time>
			</trkpt>
			<trkpt lat="59.935322435109704" lon="30.32435242366402">
				<ele>0.6619014656171203</ele>
				<time>2022-09-08T16:08:47Z</time>
			</trkpt>
			<trkpt lat="59.93532517854727" lon="30.324313071091336">
				<ele>1.2284251525998116</ele>
				<time>2022-09-08T16:08:49Z</time>
			</trkpt>
			<trkpt lat="59.935327985286406" lon="30.32427580852935">
				<ele>3.849115101620555</ele>
				<time>2022-09-08T16:08:50Z</time>
			</trkpt>
			<trkpt lat="59.93533385666073" lon="30.32422859550137">
				<ele>3.3040493493899703</ele>
				<time>2022-09-08T16:08:52Z</time>
			</trkpt>
			<trkpt lat="59.93533348384467" lon="30.324166559130692">
				<ele>1.5971522005274892</ele>
				<time>2022-09-08T16:08:54Z</time>
			</trkpt>
			<trkpt lat="59.93535209763473" lon="30.324144231133538">
				<ele>4.055665720254183</ele>
				<time>2022-09-08T16:08:56Z</time>
			</trkpt>
			<trkpt lat="59.935368836410035" lon="30.324096973350326">
				<ele>6.790268108248711</ele>
				<time>2022-09-08T16:08:59Z</time>
			</trkpt>
			<trkpt lat="59.935335178066026" lon="30.32407792228811">
				<ele>4.4867960922420025</ele>
				<time>2022-09-08T16:09:03Z</time>
			</trkpt>
			<trkpt lat="59.935312350541885" lon="30.324082181048272">
				<ele>2.900631074793637</ele>
				<time>2022-09-08T16:09:05Z</time>
			</trkpt>
			<trkpt lat="59.93529118122175" lon="30.324058273408635">
				<ele>2.369780826382339</ele>
				<time>2022-09-08T16:09:07Z</time>
			</trkpt>
			<trkpt lat="59.93526868283568" lon="30.32405717184537">
				<ele>3.3088790820911527</ele>
				<time>2022-09-08T16:09:09Z</time>
			</trkpt>
			<trkpt lat="59.93524618094945" lon="30.32404399897608">
				<ele>2.883934460580349</ele>
				<time>2022-09-08T16:09:11Z</time>
			</trkpt>
			<trkpt lat="59.93522953193011" lon="30.32402704060509">
				<ele>1.8082603700459003</ele>
				<time>2022-09-08T16:09:13Z</time>
			</trkpt>
			<trkpt lat="59.935207668228536" lon="30.32401392775976">
				<ele>1.2374562853947282</ele>
				<time>2022-09-08T16:09:15Z</time>
			</trkpt>
			<trkpt lat="59.93518939596028" lon="30.323996151117626">
				<ele>1.027119617909193</ele>
				<time>2022-09-08T16:09:17Z</time>
			</trkpt>
			<trkpt lat="59.935167063569786" lon="30.32399429407104">
				<ele>1.2158947037532926</ele>
				<time>2022-09-08T16:09:19Z</time>
			</trkpt>
			<trkpt lat="59.93514335949063" lon="30.32399295891436">
				<ele>2.7898140884935856</ele>
				<time>2022-09-08T16:09:22Z</time>
			</trkpt>
			<trkpt lat="59.93512872009479" lon="30.32401667981342">
				<ele>6.518907536752522</ele>
				<time>2022-09-08T16:09:25Z</time>
			</trkpt>
			<trkpt lat="59.93510611157631" lon="30.3240115260757">
				<ele>8.621100773103535</ele>
				<time>2022-09-08T16:09:28Z</time>
			</trkpt>
			<trkpt lat="59.935083715839426" lon="30.324041371207144">
				<ele>7.670762944966555</ele>
				<time>2022-09-08T16:09:31Z</time>
			</trkpt>
			<trkpt lat="59.9350498901069" lon="30.324015561981195">
				<ele>1.6078474503010511</ele>
				<time>2022-09-08T16:09:32Z</time>
			</trkpt>
			<trkpt lat="59.93502792142885" lon="30.32400044387683">
				<ele>-0.06367425806820393</ele>
				<time>2022-09-08T16:09:33Z</time>
			</trkpt>
			<trkpt lat="59.93500155095127" lon="30.323950661598754">
				<ele>-0.621598282828927</ele>
				<time>2022-09-08T16:09:34Z</time>
			</trkpt>
			<trkpt lat="59.93500613068464" lon="30.324001285753898">
				<ele>1.1759516550228</ele>
				<time>2022-09-08T16:09:35Z</time>
			</trkpt>
			<trkpt lat="59.93499205394799" lon="30.323945089045758">
				<ele>3.015514121390879</ele>
				<time>2022-09-08T16:09:37Z</time>
			</trkpt>
			<trkpt lat="59.9349787366979" lon="30.32389429651774">
				<ele>-2.404912294819951</ele>
				<time>2022-09-08T16:09:39Z</time>
			</trkpt>
			<trkpt lat="59.934950051249366" lon="30.323859324769792">
				<ele>-3.5415078857913613</ele>
				<time>2022-09-08T16:09:41Z</time>
			</trkpt>
			<trkpt lat="59.93492607323323" lon="30.323829081693823">
				<ele>-3.7420390835031867</ele>
				<time>2022-09-08T16:09:43Z</time>
			</trkpt>
			<trkpt lat="59.934902984769316" lon="30.32382675490626">
				<ele>-2.3064287081360817</ele>
				<time>2022-09-08T16:09:45Z</time>
			</trkpt>
			<trkpt lat="59.93488543464749" lon="30.323818298921662">
				<ele>-1.907074123620987</ele>
				<time>2022-09-08T16:09:47Z</time>
			</trkpt>
			<trkpt lat="59.934862134562174" lon="30.32380820036168">
				<ele>-1.1726538967341185</ele>
				<time>2022-09-08T16:09:49Z</time>
			</trkpt>
			<trkpt lat="59.93483734823232" lon="30.323790850721945">
				<ele>0.6181288678199053</ele>
				<time>2022-09-08T16:09:51Z</time>
			</trkpt>
			<trkpt lat="59.93480926386063" lon="30.323777801469255">
				<ele>-2.623356578871608</ele>
				<time>2022-09-08T16:09:54Z</time>
			</trkpt>
			<trkpt lat="59.934787583672595" lon="30.323771973023014">
				<ele>0.08127617370337248</ele>
				<time>2022-09-08T16:09:55Z</time>
			</trkpt>
			<trkpt lat="59.93476549410955" lon="30.323740072793107">
				<ele>-0.8461159206926823</ele>
				<time>2022-09-08T16:09:57Z</time>
			</trkpt>
			<trkpt lat="59.9347494706491" lon="30.323717203263232">
				<ele>1.0066346796229482</ele>
				<time>2022-09-08T16:09:58Z</time>
			</trkpt>
			<trkpt lat="59.93477345515014" lon="30.32375207626994">
				<ele>-1.4118764018639922</ele>
				<time>2022-09-08T16:10:04Z</time>
			</trkpt>
			<trkpt lat="59.93480328587705" lon="30.32378881944843">
				<ele>-1.4575979067012668</ele>
				<time>2022-09-08T16:10:06Z</time>
			</trkpt>
			<trkpt lat="59.93483009782676" lon="30.32382355964117">
				<ele>-3.3404812440276146</ele>
				<time>2022-09-08T16:10:08Z</time>
			</trkpt>
			<trkpt lat="59.93485476569562" lon="30.323855246607817">
				<ele>-0.7341417437419295</ele>
				<time>2022-09-08T16:10:10Z</time>
			</trkpt>
			<trkpt lat="59.934875080355916" lon="30.323885428054396">
				<ele>-2.21345554292202</ele>
				<time>2022-09-08T16:10:12Z</time>
			</trkpt>
			<trkpt lat="59.93490492293456" lon="30.32394314531054">
				<ele>1.0251696687191725</ele>
				<time>2022-09-08T16:10:14Z</time>
			</trkpt>
			<trkpt lat="59.93492163723878" lon="30.323972590382088">
				<ele>0.5551649378612638</ele>
				<time>2022-09-08T16:10:16Z</time>
			</trkpt>
			<trkpt lat="59.93494158493497" lon="30.32392468011261">
				<ele>0.26088361348956823</ele>
				<time>2022-09-08T16:10:17Z</time>
			</trkpt>
			<trkpt lat="59.934951422588526" lon="30.32400489533523">
				<ele>0.8004490630701184</ele>
				<time>2022-09-08T16:10:18Z</time>
			</trkpt>
			<trkpt lat="59.93496935725118" lon="30.32400768862911">
				<ele>0.13763071410357952</ele>
				<time>2022-09-08T16:10:19Z</time>
			</trkpt>
			<trkpt lat="59.93499919956081" lon="30.32399871780903">
				<ele>0.5090097179636359</ele>
				<time>2022-09-08T16:10:20Z</time>
			</trkpt>
			<trkpt lat="59.93502822491227" lon="30.324015018473062">
				<ele>1.3427430130541325</ele>
				<time>2022-09-08T16:10:22Z</time>
			</trkpt>
			<trkpt lat="59.93505796512216" lon="30.324034426835514">
				<ele>1.153126198798418</ele>
				<time>2022-09-08T16:10:24Z</time>
			</trkpt>
			<trkpt lat="59.9350747469008" lon="30.324080497302443">
				<ele>4.305940644815564</ele>
				<time>2022-09-08T16:10:26Z</time>
			</trkpt>
			<trkpt lat="59.93511770495417" lon="30.324160711396562">
				<ele>5.593350724317133</ele>
				<time>2022-09-08T16:10:27Z</time>
			</trkpt>
			<trkpt lat="59.93510115705424" lon="30.32412253157483">
				<ele>4.7002328941598535</ele>
				<time>2022-09-08T16:10:28Z</time>
			</trkpt>
			<trkpt lat="59.93511367373466" lon="30.324148410808636">
				<ele>0.8857405595481396</ele>
				<time>2022-09-08T16:10:29Z</time>
			</trkpt>
			<trkpt lat="59.935123607911095" lon="30.32410322725756">
				<ele>0.30453149415552616</ele>
				<time>2022-09-08T16:10:31Z</time>
			</trkpt>
			<trkpt lat="59.935148077005096" lon="30.324058203419714">
				<ele>1.5959109105169773</ele>
				<time>2022-09-08T16:10:32Z</time>
			</trkpt>
			<trkpt lat="59.9351734863005" lon="30.324045574875914">
				<ele>-1.0220106039196253</ele>
				<time>2022-09-08T16:10:34Z</time>
			</trkpt>
			<trkpt lat="59.93519296632831" lon="30.324039190227843">
				<ele>-2.798656136728823</ele>
				<time>2022-09-08T16:10:36Z</time>
			</trkpt>
			<trkpt lat="59.935216249638316" lon="30.32403869444994">
				<ele>-2.411201963201165</ele>
				<time>2022-09-08T16:10:38Z</time>
			</trkpt>
			<trkpt lat="59.93524627171234" lon="30.32402315680174">
				<ele>-1.4540061047300696</ele>
				<time>2022-09-08T16:10:40Z</time>
			</trkpt>
			<trkpt lat="59.93527315608394" lon="30.324040412144054">
				<ele>-0.04964256938546896</ele>
				<time>2022-09-08T16:10:42Z</time>
			</trkpt>
			<trkpt lat="59.935297190633484" lon="30.324043730110407">
				<ele>0.579561416991055</ele>
				<time>2022-09-08T16:10:44Z</time>
			</trkpt>
			<trkpt lat="59.93531730091984" lon="30.324081069379876">
				<ele>1.1874899892136455</ele>
				<time>2022-09-08T16:10:46Z</time>
			</trkpt>
			<trkpt lat="59.93533619092019" lon="30.32411026264176">
				<ele>2.2397140599787235</ele>
				<time>2022-09-08T16:10:48Z</time>
			</trkpt>
			<trkpt lat="59.93535858530856" lon="30.324130735720768">
				<ele>2.4027142645791173</ele>
				<time>2022-09-08T16:10:50Z</time>
			</trkpt>
			<trkpt lat="59.93538859828055" lon="30.32412807387343">
				<ele>1.6493236413225532</ele>
				<time>2022-09-08T16:10:52Z</time>
			</trkpt>
			<trkpt lat="59.93541346748597" lon="30.3241310817825">
				<ele>1.7058810889720917</ele>
				<time>2022-09-08T16:10:54Z</time>
			</trkpt>
			<trkpt lat="59.93544199888293" lon="30.324151698488667">
				<ele>2.2394798528403044</ele>
				<time>2022-09-08T16:10:56Z</time>
			</trkpt>
			<trkpt lat="59.9354808493053" lon="30.32416746692305">
				<ele>4.118161795660853</ele>
				<time>2022-09-08T16:10:58Z</time>
			</trkpt>
			<trkpt lat="59.93549002289691" lon="30.324216265584433">
				<ele>3.2590064126998186</ele>
				<time>2022-09-08T16:11:00Z</time>
			</trkpt>
			<trkpt lat="59.93549542915908" lon="30.32425897010364">
				<ele>3.4210758516564965</ele>
				<time>2022-09-08T16:11:01Z</time>
			</trkpt>
			<trkpt lat="59.93548974881085" lon="30.324310107725932">
				<ele>1.568972460925579</ele>
				<time>2022-09-08T16:11:03Z</time>
			</trkpt>
			<trkpt lat="59.93548232376992" lon="30.324367022455938">
				<ele>2.1015025032684207</ele>
				<time>2022-09-08T16:11:05Z</time>
			</trkpt>
			<trkpt lat="59.93548044652557" lon="30.32441495410513">
				<ele>1.229836693033576</ele>
				<time>2022-09-08T16:11:07Z</time>
			</trkpt>
			<trkpt lat="59.93547459846911" lon="30.324456236894655">
				<ele>3.423125119879842</ele>
				<time>2022-09-08T16:11:09Z</time>
			</trkpt>
			<trkpt lat="59.93546246236893" lon="30.324509789499732">
				<ele>2.4152377862483263</ele>
				<time>2022-09-08T16:11:11Z</time>
			</trkpt>
			<trkpt lat="59.935456507675745" lon="30.324545986727554">
				<ele>2.2020907644182444</ele>
				<time>2022-09-08T16:11:12Z</time>
			</trkpt>
			<trkpt lat="59.93545813120837" lon="30.32460040096692">
				<ele>1.7268564198166132</ele>
				<time>2022-09-08T16:11:14Z</time>
			</trkpt>
			<trkpt lat="59.93546592377952" lon="30.32464008129733">
				<ele>1.0163779770955443</ele>
				<time>2022-09-08T16:11:16Z</time>
			</trkpt>
			<trkpt lat="59.93547249738381" lon="30.324685709885504">
				<ele>0.572775392793119</ele>
				<time>2022-09-08T16:11:18Z</time>
			</trkpt>
			<trkpt lat="59.93545153508087" lon="30.324712600158122">
				<ele>1.7851692326366901</ele>
				<time>2022-09-08T16:11:20Z</time>
			</trkpt>
			<trkpt lat="59.93543106441872" lon="30.324707090899796">
				<ele>2.2876091860234737</ele>
				<time>2022-09-08T16:11:21Z</time>
			</trkpt>
			<trkpt lat="59.935406000620134" lon="30.324692939808497">
				<ele>-1.7295886240899563</ele>
				<time>2022-09-08T16:11:23Z</time>
			</trkpt>
			<trkpt lat="59.93538458854727" lon="30.324693374463823">
				<ele>-3.177915166132152</ele>
				<time>2022-09-08T16:11:25Z</time>
			</trkpt>
			<trkpt lat="59.93535465569914" lon="30.324693714341404">
				<ele>-1.555655162781477</ele>
				<time>2022-09-08T16:11:27Z</time>
			</trkpt>
			<trkpt lat="59.93533144273573" lon="30.3247019539556">
				<ele>-0.792665378190577</ele>
				<time>2022-09-08T16:11:29Z</time>
			</trkpt>
			<trkpt lat="59.93530749063649" lon="30.324712282030493">
				<ele>0.6924643106758595</ele>
				<time>2022-09-08T16:11:31Z</time>
			</trkpt>
			<trkpt lat="59.935290581219284" lon="30.32472852584767">
				<ele>-1.0859185103327036</ele>
				<time>2022-09-08T16:11:33Z</time>
			</trkpt>
			<trkpt lat="59.93526399556314" lon="30.324754910676635">
				<ele>1.3031880604103208</ele>
				<time>2022-09-08T16:11:35Z</time>
			</trkpt>
			<trkpt lat="59.935244215374524" lon="30.324775999071147">
				<ele>2.4925098828971386</ele>
				<time>2022-09-08T16:11:37Z</time>
			</trkpt>
			<trkpt lat="59.9352198692668" lon="30.32478536962054">
				<ele>0.7984434030950069</ele>
				<time>2022-09-08T16:11:39Z</time>
			</trkpt>
			<trkpt lat="59.93519885230556" lon="30.324806030766783">
				<ele>2.181977868080139</ele>
				<time>2022-09-08T16:11:41Z</time>
			</trkpt>
			<trkpt lat="59.93518214364772" lon="30.32483996692115">
				<ele>4.164164438843727</ele>
				<time>2022-09-08T16:11:43Z</time>
			</trkpt>
			<trkpt lat="59.93516840779553" lon="30.324863403824057">
				<ele>2.8891417998820543</ele>
				<time>2022-09-08T16:11:46Z</time>
			</trkpt>
			<trkpt lat="59.93518647447275" lon="30.324882561159335">
				<ele>3.3884870084002614</ele>
				<time>2022-09-08T16:11:54Z</time>
			</trkpt>
			<trkpt lat="59.935198387177095" lon="30.32490970108911">
				<ele>4.862658792175353</ele>
				<time>2022-09-08T16:13:02Z</time>
			</trkpt>
			<trkpt lat="59.935211063577704" lon="30.32487412619217">
				<ele>5.457446250133216</ele>
				<time>2022-09-08T16:13:30Z</time>
			</trkpt>
			<trkpt lat="59.9352279709784" lon="30.324824745925046">
				<ele>4.768527838401496</ele>
				<time>2022-09-08T16:13:32Z</time>
			</trkpt>
			<trkpt lat="59.93524971091426" lon="30.32477231552834">
				<ele>5.056358859874308</ele>
				<time>2022-09-08T16:13:34Z</time>
			</trkpt>
			<trkpt lat="59.935270861717676" lon="30.32476995411019">
				<ele>7.728701166808605</ele>
				<time>2022-09-08T16:13:35Z</time>
			</trkpt>
			<trkpt lat="59.93528440948971" lon="30.324733138706645">
				<ele>2.7953667230904102</ele>
				<time>2022-09-08T16:13:37Z</time>
			</trkpt>
			<trkpt lat="59.93530446409544" lon="30.324715671264688">
				<ele>2.5426390385255218</ele>
				<time>2022-09-08T16:13:39Z</time>
			</trkpt>
			<trkpt lat="59.93532597128429" lon="30.324697327860203">
				<ele>3.6470483597368</ele>
				<time>2022-09-08T16:13:41Z</time>
			</trkpt>
			<trkpt lat="59.9353493689681" lon="30.324689642571695">
				<ele>3.4304557470604777</ele>
				<time>2022-09-08T16:13:43Z</time>
			</trkpt>
			<trkpt lat="59.935382383368825" lon="30.324681780381567">
				<ele>6.791168081574142</ele>
				<time>2022-09-08T16:13:45Z</time>
			</trkpt>
			<trkpt lat="59.93541016201165" lon="30.324673873083814">
				<ele>5.811594375409186</ele>
				<time>2022-09-08T16:13:47Z</time>
			</trkpt>
			<trkpt lat="59.935424524353415" lon="30.324699635779513">
				<ele>5.819569966755807</ele>
				<time>2022-09-08T16:13:48Z</time>
			</trkpt>
			<trkpt lat="59.93542408525002" lon="30.324769129781725">
				<ele>2.0222313394770026</ele>
				<time>2022-09-08T16:13:50Z</time>
			</trkpt>
			<trkpt lat="59.9354120857809" lon="30.324806330279543">
				<ele>-0.00660213828086853</ele>
				<time>2022-09-08T16:13:52Z</time>
			</trkpt>
			<trkpt lat="59.93540457563495" lon="30.324843504706344">
				<ele>2.101338247768581</ele>
				<time>2022-09-08T16:13:54Z</time>
			</trkpt>
			<trkpt lat="59.93540687344491" lon="30.324904964297286">
				<ele>2.2715380927547812</ele>
				<time>2022-09-08T16:13:57Z</time>
			</trkpt>
			<trkpt lat="59.93541038338325" lon="30.324966677193814">
				<ele>4.6670290837064385</ele>
				<time>2022-09-08T16:13:59Z</time>
			</trkpt>
			<trkpt lat="59.93539499789732" lon="30.325024913013603">
				<ele>3.7498539788648486</ele>
				<time>2022-09-08T16:14:01Z</time>
			</trkpt>
			<trkpt lat="59.935378343992895" lon="30.325050270166432">
				<ele>3.2033596942201257</ele>
				<time>2022-09-08T16:14:03Z</time>
			</trkpt>
			<trkpt lat="59.93537162435654" lon="30.325088343528734">
				<ele>5.320315693505108</ele>
				<time>2022-09-08T16:14:05Z</time>
			</trkpt>
			<trkpt lat="59.93536277042523" lon="30.325125597320053">
				<ele>5.002004897221923</ele>
				<time>2022-09-08T16:14:07Z</time>
			</trkpt>
			<trkpt lat="59.935355429858696" lon="30.325163865432717">
				<ele>4.20440586283803</ele>
				<time>2022-09-08T16:14:09Z</time>
			</trkpt>
			<trkpt lat="59.93534904656488" lon="30.325216509683656">
				<ele>4.732391633093357</ele>
				<time>2022-09-08T16:14:11Z</time>
			</trkpt>
			<trkpt lat="59.93534399423567" lon="30.32526555752083">
				<ele>4.2123591704294086</ele>
				<time>2022-09-08T16:14:13Z</time>
			</trkpt>
			<trkpt lat="59.9353482981103" lon="30.325302855945864">
				<ele>3.1970162549987435</ele>
				<time>2022-09-08T16:14:15Z</time>
			</trkpt>
			<trkpt lat="59.935338409223476" lon="30.32533561477258">
				<ele>2.6732145976275206</ele>
				<time>2022-09-08T16:14:17Z</time>
			</trkpt>
			<trkpt lat="59.93533038472239" lon="30.325378174612606">
				<ele>2.2071855226531625</ele>
				<time>2022-09-08T16:14:19Z</time>
			</trkpt>
			<trkpt lat="59.93532516657524" lon="30.32542412327138">
				<ele>3.545707546174526</ele>
				<time>2022-09-08T16:14:21Z</time>
			</trkpt>
			<trkpt lat="59.93532596229126" lon="30.32546347238492">
				<ele>2.968525879085064</ele>
				<time>2022-09-08T16:14:24Z</time>
			</trkpt>
			<trkpt lat="59.935326705160605" lon="30.325524175217854">
				<ele>3.7646149108186364</ele>
				<time>2022-09-08T16:14:26Z</time>
			</trkpt>
			<trkpt lat="59.93532219984761" lon="30.32556082903887">
				<ele>2.8420164976269007</ele>
				<time>2022-09-08T16:14:28Z</time>
			</trkpt>
			<trkpt lat="59.93531061733066" lon="30.325596463499124">
				<ele>1.5825347732752562</ele>
				<time>2022-09-08T16:14:31Z</time>
			</trkpt>
			<trkpt lat="59.93530990291182" lon="30.32563232208213">
				<ele>3.3456181567162275</ele>
				<time>2022-09-08T16:14:33Z</time>
			</trkpt>
			<trkpt lat="59.9352936478269" lon="30.325657843107503">
				<ele>2.2264612652361393</ele>
				<time>2022-09-08T16:14:35Z</time>
			</trkpt>
			<trkpt lat="59.93528748410687" lon="30.32570616977926">
				<ele>2.756640600040555</ele>
				<time>2022-09-08T16:14:37Z</time>
			</trkpt>
			<trkpt lat="59.93528772984219" lon="30.325744301048356">
				<ele>2.5105725592002273</ele>
				<time>2022-09-08T16:14:39Z</time>
			</trkpt>
			<trkpt lat="59.935281423811674" lon="30.325787364886327">
				<ele>1.8347792141139507</ele>
				<time>2022-09-08T16:14:41Z</time>
			</trkpt>
			<trkpt lat="59.9352838319356" lon="30.32583236038723">
				<ele>4.253316122107208</ele>
				<time>2022-09-08T16:14:43Z</time>
			</trkpt>
			<trkpt lat="59.935275017597036" lon="30.325870466860895">
				<ele>3.2929492630064487</ele>
				<time>2022-09-08T16:14:45Z</time>
			</trkpt>
			<trkpt lat="59.935267232206115" lon="30.32591389335892">
				<ele>2.099453654140234</ele>
				<time>2022-09-08T16:14:47Z</time>
			</trkpt>
			<trkpt lat="59.93525747784243" lon="30.325964805009647">
				<ele>1.6135067967697978</ele>
				<time>2022-09-08T16:14:49Z</time>
			</trkpt>
			<trkpt lat="59.93525139350657" lon="30.32599877411376">
				<ele>4.5760228568688035</ele>
				<time>2022-09-08T16:14:50Z</time>
			</trkpt>
			<trkpt lat="59.935244034435925" lon="30.326032343463392">
				<ele>0.7277002166956663</ele>
				<time>2022-09-08T16:14:52Z</time>
			</trkpt>
			<trkpt lat="59.93523434146178" lon="30.326079220234035">
				<ele>-0.768550468608737</ele>
				<time>2022-09-08T16:14:54Z</time>
			</trkpt>
			<trkpt lat="59.93523118896993" lon="30.326126964406825">
				<ele>-0.2527405424043536</ele>
				<time>2022-09-08T16:14:56Z</time>
			</trkpt>
			<trkpt lat="59.93522890134927" lon="30.32618891374936">
				<ele>0.05700088199228048</ele>
				<time>2022-09-08T16:14:58Z</time>
			</trkpt>
			<trkpt lat="59.93521965626573" lon="30.326236236546197">
				<ele>-0.029795258305966854</ele>
				<time>2022-09-08T16:15:00Z</time>
			</trkpt>
			<trkpt lat="59.93520788445887" lon="30.326288419435688">
				<ele>-0.27298205625265837</ele>
				<time>2022-09-08T16:15:02Z</time>
			</trkpt>
			<trkpt lat="59.93520335436519" lon="30.326325877299283">
				<ele>-0.49527113512158394</ele>
				<time>2022-09-08T16:15:04Z</time>
			</trkpt>
			<trkpt lat="59.93520645219764" lon="30.32639193264942">
				<ele>1.0483664283528924</ele>
				<time>2022-09-08T16:15:07Z</time>
			</trkpt>
			<trkpt lat="59.935214339418245" lon="30.32643189745732">
				<ele>1.588605586439371</ele>
				<time>2022-09-08T16:15:09Z</time>
			</trkpt>
			<trkpt lat="59.93520832066632" lon="30.326480187033436">
				<ele>-0.4487920207902789</ele>
				<time>2022-09-08T16:15:33Z</time>
			</trkpt>
			<trkpt lat="59.935189609525466" lon="30.32648900749143">
				<ele>-0.3475505141541362</ele>
				<time>2022-09-08T16:15:36Z</time>
			</trkpt>
			<trkpt lat="59.93519858885397" lon="30.326453933380307">
				<ele>2.8182054506614804</ele>
				<time>2022-09-08T16:16:09Z</time>
			</trkpt>
			<trkpt lat="59.93520851169296" lon="30.326415484246773">
				<ele>10.235997651703656</ele>
				<time>2022-09-08T16:16:23Z</time>
			</trkpt>
			<trkpt lat="59.93521198065028" lon="30.326466657661292">
				<ele>9.744249926880002</ele>
				<time>2022-09-08T16:16:26Z</time>
			</trkpt>
			<trkpt lat="59.93520653958633" lon="30.326527095542748">
				<ele>8.34805915504694</ele>
				<time>2022-09-08T16:16:28Z</time>
			</trkpt>
			<trkpt lat="59.93520449687528" lon="30.326575065329074">
				<ele>6.989180746488273</ele>
				<time>2022-09-08T16:16:30Z</time>
			</trkpt>
			<trkpt lat="59.93520102284099" lon="30.326617209153998">
				<ele>5.691346010193229</ele>
				<time>2022-09-08T16:16:32Z</time>
			</trkpt>
			<trkpt lat="59.935191504300285" lon="30.326649174364277">
				<ele>5.841259949840605</ele>
				<time>2022-09-08T16:16:33Z</time>
			</trkpt>
			<trkpt lat="59.93519045928001" lon="30.3267047678189">
				<ele>8.86856353841722</ele>
				<time>2022-09-08T16:16:34Z</time>
			</trkpt>
			<trkpt lat="59.93517543265722" lon="30.32676564645555">
				<ele>8.682579308748245</ele>
				<time>2022-09-08T16:16:35Z</time>
			</trkpt>
			<trkpt lat="59.93516874443722" lon="30.326807441074084">
				<ele>5.643268392421305</ele>
				<time>2022-09-08T16:16:37Z</time>
			</trkpt>
			<trkpt lat="59.93517383105597" lon="30.326847334130555">
				<ele>7.271893627941608</ele>
				<time>2022-09-08T16:16:38Z</time>
			</trkpt>
			<trkpt lat="59.93518891046365" lon="30.326827315210124">
				<ele>4.872107737697661</ele>
				<time>2022-09-08T16:16:40Z</time>
			</trkpt>
			<trkpt lat="59.93520101828999" lon="30.326790234417015">
				<ele>3.976929686963558</ele>
				<time>2022-09-08T16:16:47Z</time>
			</trkpt>
			<trkpt lat="59.935233378564774" lon="30.32681108118425">
				<ele>1.8248147126287222</ele>
				<time>2022-09-08T16:17:03Z</time>
			</trkpt>
			<trkpt lat="59.93525673912859" lon="30.32682563856719">
				<ele>3.708335293456912</ele>
				<time>2022-09-08T16:17:04Z</time>
			</trkpt>
			<trkpt lat="59.93528572604604" lon="30.326847614645597">
				<ele>3.4224061090499163</ele>
				<time>2022-09-08T16:17:06Z</time>
			</trkpt>
			<trkpt lat="59.93530437179052" lon="30.326873106581843">
				<ele>2.9698877157643437</ele>
				<time>2022-09-08T16:17:08Z</time>
			</trkpt>
			<trkpt lat="59.93532765171588" lon="30.326909873536124">
				<ele>3.5108361076563597</ele>
				<time>2022-09-08T16:17:10Z</time>
			</trkpt>
			<trkpt lat="59.9353512216518" lon="30.32691561392845">
				<ele>3.0647052712738514</ele>
				<time>2022-09-08T16:17:12Z</time>
			</trkpt>
			<trkpt lat="59.935381609892055" lon="30.326905196591184">
				<ele>2.046249474398792</ele>
				<time>2022-09-08T16:17:15Z</time>
			</trkpt>
			<trkpt lat="59.93539770248348" lon="30.326932607739913">
				<ele>0.8397930385544896</ele>
				<time>2022-09-08T16:17:17Z</time>
			</trkpt>
			<trkpt lat="59.935429310488615" lon="30.326952524559278">
				<ele>2.404843873344362</ele>
				<time>2022-09-08T16:17:19Z</time>
			</trkpt>
			<trkpt lat="59.93545425401746" lon="30.326967693843983">
				<ele>5.358385964296758</ele>
				<time>2022-09-08T16:17:21Z</time>
			</trkpt>
			<trkpt lat="59.93546736968641" lon="30.32700045645558">
				<ele>4.987823307514191</ele>
				<time>2022-09-08T16:17:23Z</time>
			</trkpt>
		</trkseg>
	</trk>
</gpx>
