<?xml version="1.0" encoding="UTF-8"?>
<gpx xmlns:xsi="http://www.w3.org/2001/XMLSchema-instance" xmlns="http://www.topografix.com/GPX/1/1" xsi:schemaLocation="http://www.topografix.com/GPX/1/1 http://www.topografix.com/GPX/1/1/gpx.xsd" version="1.1" creator="Open GPX Tracker for iOS">
	<trk>
		<trkseg>
			<trkpt lat="59.93699967401096" lon="30.327591653941504">
				<ele>12.59808349609375</ele>
				<time>2022-08-16T15:15:35Z</time>
			</trkpt>
			<trkpt lat="59.93702155077824" lon="30.32764613631212">
				<ele>14.05072021484375</ele>
				<time>2022-08-16T15:15:36Z</time>
			</trkpt>
			<trkpt lat="59.93736319715151" lon="30.32809909435951">
				<ele>-8.94036865234375</ele>
				<time>2022-08-16T15:15:38Z</time>
			</trkpt>
			<trkpt lat="59.93721052078524" lon="30.327897090493074">
				<ele>4.3677978515625</ele>
				<time>2022-08-16T15:15:39Z</time>
			</trkpt>
			<trkpt lat="59.937181351762206" lon="30.32787437553548">
				<ele>5.13909912109375</ele>
				<time>2022-08-16T15:15:40Z</time>
			</trkpt>
			<trkpt lat="59.93715427821496" lon="30.327871693326465">
				<ele>6.5599365234375</ele>
				<time>2022-08-16T15:15:42Z</time>
			</trkpt>
			<trkpt lat="59.93712842004368" lon="30.32787973995351">
				<ele>4.08148193359375</ele>
				<time>2022-08-16T15:15:44Z</time>
			</trkpt>
			<trkpt lat="59.9371091835759" lon="30.327898683054677">
				<ele>3.19281005859375</ele>
				<time>2022-08-16T15:15:46Z</time>
			</trkpt>
			<trkpt lat="59.937100364115786" lon="30.327935584845985">
				<ele>2.6565019488334656</ele>
				<time>2022-08-16T15:15:48Z</time>
			</trkpt>
			<trkpt lat="59.937086922843605" lon="30.32796247333113">
				<ele>2.1165276942774653</ele>
				<time>2022-08-16T15:15:51Z</time>
			</trkpt>
			<trkpt lat="59.93707291713658" lon="30.32800122444186">
				<ele>1.6578484885394573</ele>
				<time>2022-08-16T15:15:54Z</time>
			</trkpt>
			<trkpt lat="59.937054966404524" lon="30.328027653811844">
				<ele>1.1010190220549703</ele>
				<time>2022-08-16T15:15:56Z</time>
			</trkpt>
			<trkpt lat="59.937023032340065" lon="30.328062029410855">
				<ele>-0.2475087083876133</ele>
				<time>2022-08-16T15:15:58Z</time>
			</trkpt>
			<trkpt lat="59.93701022242338" lon="30.328093585272168">
				<ele>-0.22705828305333853</ele>
				<time>2022-08-16T15:16:01Z</time>
			</trkpt>
			<trkpt lat="59.936998472583355" lon="30.328127563102875">
				<ele>0.045578133314847946</ele>
				<time>2022-08-16T15:16:03Z</time>
			</trkpt>
			<trkpt lat="59.93698922156502" lon="30.328160318353248">
				<ele>0.05571949016302824</ele>
				<time>2022-08-16T15:16:05Z</time>
			</trkpt>
			<trkpt lat="59.936979117728015" lon="30.32824682265646">
				<ele>1.2137601124122739</ele>
				<time>2022-08-16T15:16:07Z</time>
			</trkpt>
			<trkpt lat="59.93696547687094" lon="30.328289070204242">
				<ele>1.1490219281986356</ele>
				<time>2022-08-16T15:16:10Z</time>
			</trkpt>
			<trkpt lat="59.93696435859093" lon="30.328338481090107">
				<ele>1.9579013399779797</ele>
				<time>2022-08-16T15:16:12Z</time>
			</trkpt>
			<trkpt lat="59.93695672461207" lon="30.328370876282758">
				<ele>1.1666558291763067</ele>
				<time>2022-08-16T15:16:14Z</time>
			</trkpt>
			<trkpt lat="59.936962404622605" lon="30.328405547179084">
				<ele>2.938299225643277</ele>
				<time>2022-08-16T15:16:16Z</time>
			</trkpt>
			<trkpt lat="59.93695757155101" lon="30.32845382226562">
				<ele>1.1857466492801905</ele>
				<time>2022-08-16T15:16:18Z</time>
			</trkpt>
			<trkpt lat="59.936959298163806" lon="30.328495854754006">
				<ele>2.7620533974841237</ele>
				<time>2022-08-16T15:16:20Z</time>
			</trkpt>
			<trkpt lat="59.93695385822089" lon="30.32854410131313">
				<ele>1.9013934582471848</ele>
				<time>2022-08-16T15:16:23Z</time>
			</trkpt>
			<trkpt lat="59.93693251135078" lon="30.32857525435767">
				<ele>-1.1147529035806656</ele>
				<time>2022-08-16T15:16:25Z</time>
			</trkpt>
			<trkpt lat="59.936933162034485" lon="30.328618686951252">
				<ele>0.46942704170942307</ele>
				<time>2022-08-16T15:16:27Z</time>
			</trkpt>
			<trkpt lat="59.936936475887336" lon="30.328660404943378">
				<ele>0.17046104557812214</ele>
				<time>2022-08-16T15:16:29Z</time>
			</trkpt>
			<trkpt lat="59.936938088138746" lon="30.32870591343499">
				<ele>1.5360887246206403</ele>
				<time>2022-08-16T15:16:31Z</time>
			</trkpt>
			<trkpt lat="59.93693356289558" lon="30.328745958537926">
				<ele>0.33159178495407104</ele>
				<time>2022-08-16T15:16:34Z</time>
			</trkpt>
			<trkpt lat="59.936924952156545" lon="30.328795163730447">
				<ele>-0.556114018894732</ele>
				<time>2022-08-16T15:16:36Z</time>
			</trkpt>
			<trkpt lat="59.93691074515644" lon="30.328859124362335">
				<ele>-2.0528327459469438</ele>
				<time>2022-08-16T15:16:40Z</time>
			</trkpt>
			<trkpt lat="59.9369141698577" lon="30.32891010377838">
				<ele>0.375820379704237</ele>
				<time>2022-08-16T15:16:42Z</time>
			</trkpt>
			<trkpt lat="59.93690248712896" lon="30.32893946290074">
				<ele>-0.7340301927179098</ele>
				<time>2022-08-16T15:16:44Z</time>
			</trkpt>
			<trkpt lat="59.93690619610853" lon="30.32898702928594">
				<ele>0.41152955405414104</ele>
				<time>2022-08-16T15:16:46Z</time>
			</trkpt>
			<trkpt lat="59.93687103865647" lon="30.329015498227086">
				<ele>-4.414694396778941</ele>
				<time>2022-08-16T15:16:47Z</time>
			</trkpt>
			<trkpt lat="59.93687242902895" lon="30.329062841248664">
				<ele>-2.0114441188052297</ele>
				<time>2022-08-16T15:16:50Z</time>
			</trkpt>
			<trkpt lat="59.93686442568679" lon="30.329102942383066">
				<ele>-0.831914322450757</ele>
				<time>2022-08-16T15:16:52Z</time>
			</trkpt>
			<trkpt lat="59.936849850418554" lon="30.329151541696653">
				<ele>-1.7534459307789803</ele>
				<time>2022-08-16T15:16:54Z</time>
			</trkpt>
			<trkpt lat="59.93684934397324" lon="30.329200137768755">
				<ele>-0.243242627941072</ele>
				<time>2022-08-16T15:16:56Z</time>
			</trkpt>
			<trkpt lat="59.936853348414296" lon="30.329246884190525">
				<ele>-0.03273625671863556</ele>
				<time>2022-08-16T15:16:59Z</time>
			</trkpt>
			<trkpt lat="59.936841632463135" lon="30.329275541159177">
				<ele>1.12454648129642</ele>
				<time>2022-08-16T15:17:01Z</time>
			</trkpt>
			<trkpt lat="59.93683978420014" lon="30.329332164077833">
				<ele>4.244568518362939</ele>
				<time>2022-08-16T15:17:05Z</time>
			</trkpt>
			<trkpt lat="59.936841654233525" lon="30.329380715892096">
				<ele>4.684512807056308</ele>
				<time>2022-08-16T15:17:06Z</time>
			</trkpt>
			<trkpt lat="59.9368506052322" lon="30.329415792427394">
				<ele>5.829990749247372</ele>
				<time>2022-08-16T15:17:07Z</time>
			</trkpt>
			<trkpt lat="59.93684679636403" lon="30.329455797770443">
				<ele>6.284985462203622</ele>
				<time>2022-08-16T15:17:09Z</time>
			</trkpt>
			<trkpt lat="59.93684501047847" lon="30.329504273961383">
				<ele>5.283497651107609</ele>
				<time>2022-08-16T15:17:10Z</time>
			</trkpt>
			<trkpt lat="59.9368296695311" lon="30.329535093788706">
				<ele>4.316326782107353</ele>
				<time>2022-08-16T15:17:12Z</time>
			</trkpt>
			<trkpt lat="59.93684228483879" lon="30.329564334745356">
				<ele>6.661488811485469</ele>
				<time>2022-08-16T15:17:13Z</time>
			</trkpt>
			<trkpt lat="59.93683972652774" lon="30.329608447437924">
				<ele>5.695774947293103</ele>
				<time>2022-08-16T15:17:15Z</time>
			</trkpt>
			<trkpt lat="59.936836485796896" lon="30.32964871425397">
				<ele>6.2228572173044086</ele>
				<time>2022-08-16T15:17:17Z</time>
			</trkpt>
			<trkpt lat="59.936822404484296" lon="30.329698022455503">
				<ele>4.481487937271595</ele>
				<time>2022-08-16T15:17:20Z</time>
			</trkpt>
			<trkpt lat="59.93680531175938" lon="30.329740310009935">
				<ele>3.3514293180778623</ele>
				<time>2022-08-16T15:17:22Z</time>
			</trkpt>
			<trkpt lat="59.93679299615184" lon="30.3297726255561">
				<ele>0.6631368733942509</ele>
				<time>2022-08-16T15:17:24Z</time>
			</trkpt>
			<trkpt lat="59.9367781142568" lon="30.329817911062623">
				<ele>0.8026191592216492</ele>
				<time>2022-08-16T15:17:26Z</time>
			</trkpt>
			<trkpt lat="59.9367691313386" lon="30.32987860158599">
				<ele>0.3746766895055771</ele>
				<time>2022-08-16T15:17:28Z</time>
			</trkpt>
			<trkpt lat="59.93676570510728" lon="30.329922950519823">
				<ele>-0.20756858494132757</ele>
				<time>2022-08-16T15:17:31Z</time>
			</trkpt>
			<trkpt lat="59.9367636484352" lon="30.329977144842918">
				<ele>2.1064180247485638</ele>
				<time>2022-08-16T15:17:34Z</time>
			</trkpt>
			<trkpt lat="59.936759563435935" lon="30.330032698564043">
				<ele>1.4215788757428527</ele>
				<time>2022-08-16T15:17:36Z</time>
			</trkpt>
			<trkpt lat="59.936748427315514" lon="30.330074835681668">
				<ele>2.735976525582373</ele>
				<time>2022-08-16T15:17:38Z</time>
			</trkpt>
			<trkpt lat="59.936747200432" lon="30.33011541099039">
				<ele>1.8866349775344133</ele>
				<time>2022-08-16T15:17:39Z</time>
			</trkpt>
			<trkpt lat="59.93675022148922" lon="30.330184952976715">
				<ele>1.7276292024180293</ele>
				<time>2022-08-16T15:17:41Z</time>
			</trkpt>
			<trkpt lat="59.93675214322313" lon="30.330225501162037">
				<ele>2.4789300970733166</ele>
				<time>2022-08-16T15:17:42Z</time>
			</trkpt>
			<trkpt lat="59.936729614699765" lon="30.330209431727177">
				<ele>-0.4400782957673073</ele>
				<time>2022-08-16T15:17:44Z</time>
			</trkpt>
			<trkpt lat="59.936718175150574" lon="30.330245338875105">
				<ele>-0.5982378451153636</ele>
				<time>2022-08-16T15:17:46Z</time>
			</trkpt>
			<trkpt lat="59.93671352913768" lon="30.330308989057272">
				<ele>0.2986228670924902</ele>
				<time>2022-08-16T15:17:48Z</time>
			</trkpt>
			<trkpt lat="59.936710409408825" lon="30.33037391231006">
				<ele>-0.4765270622447133</ele>
				<time>2022-08-16T15:17:50Z</time>
			</trkpt>
			<trkpt lat="59.93669424837784" lon="30.33042336545959">
				<ele>-0.08851220831274986</ele>
				<time>2022-08-16T15:17:52Z</time>
			</trkpt>
			<trkpt lat="59.936684098376034" lon="30.33046361744198">
				<ele>-0.04696039855480194</ele>
				<time>2022-08-16T15:17:54Z</time>
			</trkpt>
			<trkpt lat="59.93668125205946" lon="30.33050198896173">
				<ele>1.0396325094625354</ele>
				<time>2022-08-16T15:17:56Z</time>
			</trkpt>
			<trkpt lat="59.936678381883965" lon="30.330553099974782">
				<ele>1.3566052922978997</ele>
				<time>2022-08-16T15:17:58Z</time>
			</trkpt>
			<trkpt lat="59.93668012546525" lon="30.330611403286312">
				<ele>1.398234175518155</ele>
				<time>2022-08-16T15:18:00Z</time>
			</trkpt>
			<trkpt lat="59.93668796370265" lon="30.330649552727763">
				<ele>1.921636157669127</ele>
				<time>2022-08-16T15:18:02Z</time>
			</trkpt>
			<trkpt lat="59.93667518980056" lon="30.33069268075698">
				<ele>0.3404527995735407</ele>
				<time>2022-08-16T15:18:05Z</time>
			</trkpt>
			<trkpt lat="59.936671627111664" lon="30.33074012211355">
				<ele>2.0493943728506565</ele>
				<time>2022-08-16T15:18:07Z</time>
			</trkpt>
			<trkpt lat="59.93665502604675" lon="30.3307558842246">
				<ele>-2.7388745611533523</ele>
				<time>2022-08-16T15:18:08Z</time>
			</trkpt>
			<trkpt lat="59.93664465893055" lon="30.33080170443325">
				<ele>-0.7649877592921257</ele>
				<time>2022-08-16T15:18:10Z</time>
			</trkpt>
			<trkpt lat="59.9366406767672" lon="30.330851865589867">
				<ele>0.4175618551671505</ele>
				<time>2022-08-16T15:18:12Z</time>
			</trkpt>
			<trkpt lat="59.93662524647699" lon="30.33091430789019">
				<ele>-1.319849736057222</ele>
				<time>2022-08-16T15:18:14Z</time>
			</trkpt>
			<trkpt lat="59.93662490010406" lon="30.330965189867133">
				<ele>-0.9942132821306586</ele>
				<time>2022-08-16T15:18:16Z</time>
			</trkpt>
			<trkpt lat="59.93661998995574" lon="30.33102073312999">
				<ele>-0.11130873300135136</ele>
				<time>2022-08-16T15:18:20Z</time>
			</trkpt>
			<trkpt lat="59.93662411870667" lon="30.331059796946622">
				<ele>2.0320212189108133</ele>
				<time>2022-08-16T15:18:21Z</time>
			</trkpt>
			<trkpt lat="59.93661344930926" lon="30.331092437992925">
				<ele>1.3312905440106988</ele>
				<time>2022-08-16T15:18:23Z</time>
			</trkpt>
			<trkpt lat="59.936594433718454" lon="30.331134309730864">
				<ele>-0.08157597202807665</ele>
				<time>2022-08-16T15:18:26Z</time>
			</trkpt>
			<trkpt lat="59.936598087300354" lon="30.331174191584562">
				<ele>-0.3311892757192254</ele>
				<time>2022-08-16T15:18:27Z</time>
			</trkpt>
			<trkpt lat="59.936588588084454" lon="30.3312314778807">
				<ele>-1.2358113331720233</ele>
				<time>2022-08-16T15:18:29Z</time>
			</trkpt>
			<trkpt lat="59.936586767186505" lon="30.331277876163167">
				<ele>-0.27882727794349194</ele>
				<time>2022-08-16T15:18:32Z</time>
			</trkpt>
			<trkpt lat="59.93657652230014" lon="30.331337876851105">
				<ele>-1.0157160116359591</ele>
				<time>2022-08-16T15:18:34Z</time>
			</trkpt>
			<trkpt lat="59.93657542084292" lon="30.33138016140421">
				<ele>-0.8555692387744784</ele>
				<time>2022-08-16T15:18:35Z</time>
			</trkpt>
			<trkpt lat="59.93657177993016" lon="30.33143434406213">
				<ele>-0.513726799748838</ele>
				<time>2022-08-16T15:18:37Z</time>
			</trkpt>
			<trkpt lat="59.93656992353561" lon="30.331483576265864">
				<ele>0.16633174754679203</ele>
				<time>2022-08-16T15:18:39Z</time>
			</trkpt>
			<trkpt lat="59.936562099415724" lon="30.331527449321456">
				<ele>-0.1549347285181284</ele>
				<time>2022-08-16T15:18:41Z</time>
			</trkpt>
			<trkpt lat="59.936562305677555" lon="30.331564968527413">
				<ele>0.5607755770906806</ele>
				<time>2022-08-16T15:18:43Z</time>
			</trkpt>
			<trkpt lat="59.93655970554832" lon="30.331602659194683">
				<ele>-0.3793555675074458</ele>
				<time>2022-08-16T15:18:45Z</time>
			</trkpt>
			<trkpt lat="59.936547350106885" lon="30.331653428957853">
				<ele>-1.327410045079887</ele>
				<time>2022-08-16T15:18:47Z</time>
			</trkpt>
			<trkpt lat="59.93653911141884" lon="30.331702938019813">
				<ele>-1.7188559165224433</ele>
				<time>2022-08-16T15:18:49Z</time>
			</trkpt>
			<trkpt lat="59.93654903181034" lon="30.33175732516761">
				<ele>0.2679446395486593</ele>
				<time>2022-08-16T15:18:51Z</time>
			</trkpt>
			<trkpt lat="59.93654017298894" lon="30.331796513234874">
				<ele>-0.23678978253155947</ele>
				<time>2022-08-16T15:18:53Z</time>
			</trkpt>
			<trkpt lat="59.936525791216106" lon="30.33182540661922">
				<ele>-0.6609251601621509</ele>
				<time>2022-08-16T15:18:55Z</time>
			</trkpt>
			<trkpt lat="59.9365180001602" lon="30.331882179714757">
				<ele>0.5750369625166059</ele>
				<time>2022-08-16T15:18:57Z</time>
			</trkpt>
			<trkpt lat="59.9365056653619" lon="30.331918329760246">
				<ele>-1.2129346365109086</ele>
				<time>2022-08-16T15:18:59Z</time>
			</trkpt>
			<trkpt lat="59.9365054938705" lon="30.331970327553737">
				<ele>-0.5757311573252082</ele>
				<time>2022-08-16T15:19:02Z</time>
			</trkpt>
			<trkpt lat="59.936497960474824" lon="30.33202257222995">
				<ele>-1.1429262245073915</ele>
				<time>2022-08-16T15:19:04Z</time>
			</trkpt>
			<trkpt lat="59.936483891013765" lon="30.33205960791952">
				<ele>-0.7581081856042147</ele>
				<time>2022-08-16T15:19:06Z</time>
			</trkpt>
			<trkpt lat="59.9364784454502" lon="30.33210924353016">
				<ele>1.8253276832401752</ele>
				<time>2022-08-16T15:19:08Z</time>
			</trkpt>
			<trkpt lat="59.93646820231814" lon="30.332154609798827">
				<ele>-0.1482407357543707</ele>
				<time>2022-08-16T15:19:10Z</time>
			</trkpt>
			<trkpt lat="59.936461473679856" lon="30.332211137061538">
				<ele>1.300708580762148</ele>
				<time>2022-08-16T15:19:12Z</time>
			</trkpt>
			<trkpt lat="59.93646172146872" lon="30.332264021538382">
				<ele>2.6434349343180656</ele>
				<time>2022-08-16T15:19:14Z</time>
			</trkpt>
			<trkpt lat="59.93645737806968" lon="30.33231662079754">
				<ele>2.2228513518348336</ele>
				<time>2022-08-16T15:19:16Z</time>
			</trkpt>
			<trkpt lat="59.93645096289568" lon="30.332375149144628">
				<ele>1.8144208323210478</ele>
				<time>2022-08-16T15:19:18Z</time>
			</trkpt>
			<trkpt lat="59.936472732953185" lon="30.33240276732759">
				<ele>-0.32516823057085276</ele>
				<time>2022-08-16T15:19:22Z</time>
			</trkpt>
			<trkpt lat="59.93646816789291" lon="30.33244046301127">
				<ele>-0.9328404162079096</ele>
				<time>2022-08-16T15:19:24Z</time>
			</trkpt>
			<trkpt lat="59.93646331362569" lon="30.332483354003273">
				<ele>0.06263783387839794</ele>
				<time>2022-08-16T15:19:26Z</time>
			</trkpt>
			<trkpt lat="59.93645609826382" lon="30.33251782071561">
				<ele>1.1581082670018077</ele>
				<time>2022-08-16T15:19:28Z</time>
			</trkpt>
			<trkpt lat="59.93645291434564" lon="30.33257054375081">
				<ele>3.028510719537735</ele>
				<time>2022-08-16T15:19:31Z</time>
			</trkpt>
			<trkpt lat="59.936451634263946" lon="30.332620036047803">
				<ele>2.5554874259978533</ele>
				<time>2022-08-16T15:19:34Z</time>
			</trkpt>
			<trkpt lat="59.936449826082914" lon="30.33266813459017">
				<ele>2.5994257805868983</ele>
				<time>2022-08-16T15:19:37Z</time>
			</trkpt>
			<trkpt lat="59.93645332505258" lon="30.332757427139686">
				<ele>-1.0349864400923252</ele>
				<time>2022-08-16T15:19:40Z</time>
			</trkpt>
			<trkpt lat="59.936450289936104" lon="30.332793327709453">
				<ele>1.7108002230525017</ele>
				<time>2022-08-16T15:19:41Z</time>
			</trkpt>
			<trkpt lat="59.93644578551982" lon="30.332828785392252">
				<ele>2.634718369692564</ele>
				<time>2022-08-16T15:19:42Z</time>
			</trkpt>
			<trkpt lat="59.93643592078966" lon="30.3328703338236">
				<ele>0.9305153843015432</ele>
				<time>2022-08-16T15:19:44Z</time>
			</trkpt>
			<trkpt lat="59.93642750617654" lon="30.332928387719747">
				<ele>2.7832928244024515</ele>
				<time>2022-08-16T15:19:46Z</time>
			</trkpt>
			<trkpt lat="59.93640768625115" lon="30.332938528909576">
				<ele>-1.1996029261499643</ele>
				<time>2022-08-16T15:19:48Z</time>
			</trkpt>
			<trkpt lat="59.93639581491277" lon="30.332968608410045">
				<ele>-1.3464040523394942</ele>
				<time>2022-08-16T15:19:50Z</time>
			</trkpt>
			<trkpt lat="59.93638980607044" lon="30.333023281849194">
				<ele>-0.11399400606751442</ele>
				<time>2022-08-16T15:19:52Z</time>
			</trkpt>
			<trkpt lat="59.93638351057397" lon="30.333086332018183">
				<ele>-0.3605544874444604</ele>
				<time>2022-08-16T15:19:54Z</time>
			</trkpt>
			<trkpt lat="59.93637561097672" lon="30.333134039656457">
				<ele>-0.10799745284020901</ele>
				<time>2022-08-16T15:19:56Z</time>
			</trkpt>
			<trkpt lat="59.936358262739105" lon="30.333148267844496">
				<ele>-2.176514937542379</ele>
				<time>2022-08-16T15:19:58Z</time>
			</trkpt>
			<trkpt lat="59.93636270178615" lon="30.333185331185977">
				<ele>-0.42528257239609957</ele>
				<time>2022-08-16T15:19:59Z</time>
			</trkpt>
			<trkpt lat="59.93635693563464" lon="30.333228175513717">
				<ele>-0.6215158775448799</ele>
				<time>2022-08-16T15:20:02Z</time>
			</trkpt>
			<trkpt lat="59.93636230378929" lon="30.33327177334069">
				<ele>2.2958870381116867</ele>
				<time>2022-08-16T15:20:04Z</time>
			</trkpt>
			<trkpt lat="59.93635953559841" lon="30.333320941454517">
				<ele>3.192585197277367</ele>
				<time>2022-08-16T15:20:06Z</time>
			</trkpt>
			<trkpt lat="59.93635696641425" lon="30.33335972789398">
				<ele>3.3421222306787968</ele>
				<time>2022-08-16T15:20:08Z</time>
			</trkpt>
			<trkpt lat="59.936347734235824" lon="30.333394140196898">
				<ele>2.4489873265847564</ele>
				<time>2022-08-16T15:20:10Z</time>
			</trkpt>
			<trkpt lat="59.93634528137357" lon="30.33343008459692">
				<ele>2.231684174388647</ele>
				<time>2022-08-16T15:20:11Z</time>
			</trkpt>
			<trkpt lat="59.936315655964705" lon="30.333457207625404">
				<ele>-1.944092863239348</ele>
				<time>2022-08-16T15:20:13Z</time>
			</trkpt>
			<trkpt lat="59.93631000766661" lon="30.333492695754103">
				<ele>-1.1304072858765721</ele>
				<time>2022-08-16T15:20:15Z</time>
			</trkpt>
			<trkpt lat="59.936308454941255" lon="30.333541021602052">
				<ele>0.011288009583950043</ele>
				<time>2022-08-16T15:20:17Z</time>
			</trkpt>
			<trkpt lat="59.93630098303386" lon="30.333578062651142">
				<ele>-0.40880037099123</ele>
				<time>2022-08-16T15:20:19Z</time>
			</trkpt>
			<trkpt lat="59.93630999663491" lon="30.333622771768983">
				<ele>3.270298627205193</ele>
				<time>2022-08-16T15:20:21Z</time>
			</trkpt>
			<trkpt lat="59.93631056686468" lon="30.33366435702342">
				<ele>1.3299890765920281</ele>
				<time>2022-08-16T15:20:23Z</time>
			</trkpt>
			<trkpt lat="59.93631374287668" lon="30.33371662394697">
				<ele>1.718737518414855</ele>
				<time>2022-08-16T15:20:25Z</time>
			</trkpt>
			<trkpt lat="59.93631476158485" lon="30.333767437012487">
				<ele>0.6055719675496221</ele>
				<time>2022-08-16T15:20:27Z</time>
			</trkpt>
			<trkpt lat="59.93634440552525" lon="30.333834333486614">
				<ele>1.538557511754334</ele>
				<time>2022-08-16T15:20:29Z</time>
			</trkpt>
			<trkpt lat="59.936345500572855" lon="30.33390461869822">
				<ele>3.90561790112406</ele>
				<time>2022-08-16T15:20:31Z</time>
			</trkpt>
			<trkpt lat="59.93636093812544" lon="30.333932118994166">
				<ele>5.799680302850902</ele>
				<time>2022-08-16T15:20:33Z</time>
			</trkpt>
			<trkpt lat="59.93633123282123" lon="30.333950849302287">
				<ele>0.7366895480081439</ele>
				<time>2022-08-16T15:20:37Z</time>
			</trkpt>
			<trkpt lat="59.936328722847485" lon="30.334002666110806">
				<ele>2.8537739738821983</ele>
				<time>2022-08-16T15:20:40Z</time>
			</trkpt>
			<trkpt lat="59.936320460634875" lon="30.334039526226857">
				<ele>4.657212406396866</ele>
				<time>2022-08-16T15:20:42Z</time>
			</trkpt>
			<trkpt lat="59.936313818556165" lon="30.334091311744665">
				<ele>2.7569347508251667</ele>
				<time>2022-08-16T15:20:45Z</time>
			</trkpt>
			<trkpt lat="59.93630726176163" lon="30.334161690372497">
				<ele>1.6850396553054452</ele>
				<time>2022-08-16T15:20:47Z</time>
			</trkpt>
			<trkpt lat="59.93629434198142" lon="30.334190529256194">
				<ele>1.6277788924053311</ele>
				<time>2022-08-16T15:20:49Z</time>
			</trkpt>
			<trkpt lat="59.93628639929222" lon="30.3342461796565">
				<ele>4.130953066982329</ele>
				<time>2022-08-16T15:20:52Z</time>
			</trkpt>
			<trkpt lat="59.93629299329135" lon="30.3342830929884">
				<ele>6.188273427076638</ele>
				<time>2022-08-16T15:20:53Z</time>
			</trkpt>
			<trkpt lat="59.93627627571508" lon="30.33432411222513">
				<ele>4.935690231621265</ele>
				<time>2022-08-16T15:20:56Z</time>
			</trkpt>
			<trkpt lat="59.936273297116145" lon="30.334402768619128">
				<ele>7.525721807032824</ele>
				<time>2022-08-16T15:20:59Z</time>
			</trkpt>
			<trkpt lat="59.936286638803146" lon="30.334454850231932">
				<ele>8.493676515296102</ele>
				<time>2022-08-16T15:21:01Z</time>
			</trkpt>
			<trkpt lat="59.9362968706652" lon="30.334511169597807">
				<ele>8.34296041354537</ele>
				<time>2022-08-16T15:21:05Z</time>
			</trkpt>
			<trkpt lat="59.936286073580796" lon="30.334547420838852">
				<ele>6.398847119882703</ele>
				<time>2022-08-16T15:21:07Z</time>
			</trkpt>
			<trkpt lat="59.93630763087035" lon="30.33456169094241">
				<ele>5.277642307803035</ele>
				<time>2022-08-16T15:21:11Z</time>
			</trkpt>
			<trkpt lat="59.93632222075474" lon="30.334598626692905">
				<ele>4.178011684678495</ele>
				<time>2022-08-16T15:21:12Z</time>
			</trkpt>
			<trkpt lat="59.93633672337736" lon="30.33456105820112">
				<ele>3.544953942298889</ele>
				<time>2022-08-16T15:21:18Z</time>
			</trkpt>
			<trkpt lat="59.93636203020305" lon="30.33455949933822">
				<ele>2.388196386396885</ele>
				<time>2022-08-16T15:21:37Z</time>
			</trkpt>
			<trkpt lat="59.93642163379306" lon="30.334584934286983">
				<ele>-3.5358537901192904</ele>
				<time>2022-08-16T15:21:47Z</time>
			</trkpt>
			<trkpt lat="59.936402973891134" lon="30.334585519035127">
				<ele>-8.877469935454428</ele>
				<time>2022-08-16T15:22:20Z</time>
			</trkpt>
			<trkpt lat="59.936418842549436" lon="30.334606702549827">
				<ele>-10.44015055987984</ele>
				<time>2022-08-16T15:22:27Z</time>
			</trkpt>
			<trkpt lat="59.93642218959062" lon="30.334653217099916">
				<ele>-9.904491787776351</ele>
				<time>2022-08-16T15:22:29Z</time>
			</trkpt>
			<trkpt lat="59.93641461916259" lon="30.334702026304207">
				<ele>-10.502908271737397</ele>
				<time>2022-08-16T15:22:31Z</time>
			</trkpt>
			<trkpt lat="59.93639276373415" lon="30.33469890202599">
				<ele>-10.802160651423037</ele>
				<time>2022-08-16T15:22:37Z</time>
			</trkpt>
			<trkpt lat="59.936376283526386" lon="30.334728981623766">
				<ele>-10.295340389944613</ele>
				<time>2022-08-16T15:22:39Z</time>
			</trkpt>
			<trkpt lat="59.9363533543682" lon="30.334732876302272">
				<ele>-10.984681781381369</ele>
				<time>2022-08-16T15:22:41Z</time>
			</trkpt>
			<trkpt lat="59.936339116495205" lon="30.334766819286383">
				<ele>-10.622986757196486</ele>
				<time>2022-08-16T15:22:43Z</time>
			</trkpt>
			<trkpt lat="59.93630446069499" lon="30.334748117477737">
				<ele>-7.589749583043158</ele>
				<time>2022-08-16T15:22:45Z</time>
			</trkpt>
			<trkpt lat="59.936273632883065" lon="30.33477333797977">
				<ele>-8.331477729603648</ele>
				<time>2022-08-16T15:22:47Z</time>
			</trkpt>
			<trkpt lat="59.936277117096864" lon="30.334850257555384">
				<ele>-8.59870186354965</ele>
				<time>2022-08-16T15:22:48Z</time>
			</trkpt>
			<trkpt lat="59.93625682113453" lon="30.33490698315326">
				<ele>-7.469603759236634</ele>
				<time>2022-08-16T15:22:49Z</time>
			</trkpt>
			<trkpt lat="59.936244895493374" lon="30.334940113904715">
				<ele>-7.141261035576463</ele>
				<time>2022-08-16T15:22:50Z</time>
			</trkpt>
			<trkpt lat="59.93623272729291" lon="30.334979122900954">
				<ele>-6.452106401324272</ele>
				<time>2022-08-16T15:22:51Z</time>
			</trkpt>
			<trkpt lat="59.936218111533066" lon="30.335023181237">
				<ele>-5.224542826414108</ele>
				<time>2022-08-16T15:22:52Z</time>
			</trkpt>
			<trkpt lat="59.93620140095555" lon="30.335057822641765">
				<ele>-5.01373986992985</ele>
				<time>2022-08-16T15:22:53Z</time>
			</trkpt>
			<trkpt lat="59.93619345904911" lon="30.33511131912159">
				<ele>-5.012517903000116</ele>
				<time>2022-08-16T15:22:55Z</time>
			</trkpt>
			<trkpt lat="59.93618768747809" lon="30.335168678460548">
				<ele>-5.109763299115002</ele>
				<time>2022-08-16T15:22:57Z</time>
			</trkpt>
			<trkpt lat="59.936179194824206" lon="30.335220551515327">
				<ele>-4.2166790729388595</ele>
				<time>2022-08-16T15:22:59Z</time>
			</trkpt>
			<trkpt lat="59.936171215614344" lon="30.33527841985841">
				<ele>-2.807091861963272</ele>
				<time>2022-08-16T15:23:01Z</time>
			</trkpt>
			<trkpt lat="59.93617139057916" lon="30.335337349357207">
				<ele>-6.609694906510413</ele>
				<time>2022-08-16T15:23:02Z</time>
			</trkpt>
			<trkpt lat="59.93616151924042" lon="30.335374677326758">
				<ele>-5.508345629088581</ele>
				<time>2022-08-16T15:23:03Z</time>
			</trkpt>
			<trkpt lat="59.93615156929805" lon="30.33543341999142">
				<ele>-2.9032133063301444</ele>
				<time>2022-08-16T15:23:05Z</time>
			</trkpt>
			<trkpt lat="59.93614824123531" lon="30.335482365063736">
				<ele>-1.5070893773809075</ele>
				<time>2022-08-16T15:23:07Z</time>
			</trkpt>
			<trkpt lat="59.93614081922817" lon="30.33552281577966">
				<ele>-2.72230420820415</ele>
				<time>2022-08-16T15:23:09Z</time>
			</trkpt>
			<trkpt lat="59.93613867937444" lon="30.335563526284695">
				<ele>-2.5789527371525764</ele>
				<time>2022-08-16T15:23:11Z</time>
			</trkpt>
			<trkpt lat="59.93613195843888" lon="30.335610702657146">
				<ele>0.9029281223192811</ele>
				<time>2022-08-16T15:23:14Z</time>
			</trkpt>
			<trkpt lat="59.936129827268076" lon="30.33567372942115">
				<ele>-0.5863240156322718</ele>
				<time>2022-08-16T15:23:18Z</time>
			</trkpt>
			<trkpt lat="59.93614050217047" lon="30.335709066509953">
				<ele>-1.0600073616951704</ele>
				<time>2022-08-16T15:23:20Z</time>
			</trkpt>
			<trkpt lat="59.93613656868861" lon="30.335747104383124">
				<ele>0.3099724967032671</ele>
				<time>2022-08-16T15:23:22Z</time>
			</trkpt>
			<trkpt lat="59.936109889756004" lon="30.33575665800811">
				<ele>-0.41297048330307007</ele>
				<time>2022-08-16T15:23:23Z</time>
			</trkpt>
			<trkpt lat="59.936051294546814" lon="30.3357419248427">
				<ele>-1.113992135040462</ele>
				<time>2022-08-16T15:23:24Z</time>
			</trkpt>
			<trkpt lat="59.9360382761054" lon="30.335766636046007">
				<ele>1.588786894455552</ele>
				<time>2022-08-16T15:23:26Z</time>
			</trkpt>
			<trkpt lat="59.93601524729644" lon="30.33580313453461">
				<ele>0.5729151042178273</ele>
				<time>2022-08-16T15:23:29Z</time>
			</trkpt>
			<trkpt lat="59.93602498346758" lon="30.335856771157665">
				<ele>0.6931606391444802</ele>
				<time>2022-08-16T15:23:35Z</time>
			</trkpt>
			<trkpt lat="59.93603666685358" lon="30.33590714426306">
				<ele>-0.12666852585971355</ele>
				<time>2022-08-16T15:23:43Z</time>
			</trkpt>
			<trkpt lat="59.93600305878763" lon="30.336036004452758">
				<ele>0.26029018871486187</ele>
				<time>2022-08-16T15:23:44Z</time>
			</trkpt>
			<trkpt lat="59.93598385717551" lon="30.336056462547816">
				<ele>1.0609061801806092</ele>
				<time>2022-08-16T15:23:45Z</time>
			</trkpt>
			<trkpt lat="59.936005402773645" lon="30.33611165564042">
				<ele>1.2829480497166514</ele>
				<time>2022-08-16T15:23:47Z</time>
			</trkpt>
			<trkpt lat="59.93602281876363" lon="30.33616514989277">
				<ele>2.1557271741330624</ele>
				<time>2022-08-16T15:23:49Z</time>
			</trkpt>
			<trkpt lat="59.936040138568714" lon="30.336191324824814">
				<ele>5.821027566678822</ele>
				<time>2022-08-16T15:23:51Z</time>
			</trkpt>
			<trkpt lat="59.93602360151208" lon="30.336246231223278">
				<ele>-0.23319696635007858</ele>
				<time>2022-08-16T15:23:53Z</time>
			</trkpt>
			<trkpt lat="59.93602311199481" lon="30.33628283155332">
				<ele>-0.2198300138115883</ele>
				<time>2022-08-16T15:23:54Z</time>
			</trkpt>
			<trkpt lat="59.936002849232224" lon="30.33631649638022">
				<ele>1.1763417283073068</ele>
				<time>2022-08-16T15:23:56Z</time>
			</trkpt>
			<trkpt lat="59.93600575962576" lon="30.336373149791505">
				<ele>2.0729747219011188</ele>
				<time>2022-08-16T15:23:59Z</time>
			</trkpt>
			<trkpt lat="59.936000640117655" lon="30.336417528955646">
				<ele>1.066870697773993</ele>
				<time>2022-08-16T15:24:01Z</time>
			</trkpt>
			<trkpt lat="59.93599659781265" lon="30.336457072093634">
				<ele>2.1272710962221026</ele>
				<time>2022-08-16T15:24:03Z</time>
			</trkpt>
			<trkpt lat="59.93599061377916" lon="30.33650061744092">
				<ele>4.115594819188118</ele>
				<time>2022-08-16T15:24:05Z</time>
			</trkpt>
			<trkpt lat="59.93598509968436" lon="30.33654504300669">
				<ele>0.5178116131573915</ele>
				<time>2022-08-16T15:24:07Z</time>
			</trkpt>
			<trkpt lat="59.935982888283775" lon="30.33661683942812">
				<ele>0.8870777087286115</ele>
				<time>2022-08-16T15:24:09Z</time>
			</trkpt>
			<trkpt lat="59.93598155506903" lon="30.33666119279612">
				<ele>3.1515554916113615</ele>
				<time>2022-08-16T15:24:11Z</time>
			</trkpt>
			<trkpt lat="59.9359793231943" lon="30.33670184260356">
				<ele>2.6239617504179478</ele>
				<time>2022-08-16T15:24:15Z</time>
			</trkpt>
			<trkpt lat="59.935965688932136" lon="30.336750325738972">
				<ele>-0.33770627062767744</ele>
				<time>2022-08-16T15:24:18Z</time>
			</trkpt>
			<trkpt lat="59.9359587451439" lon="30.336793031757374">
				<ele>0.8260841583833098</ele>
				<time>2022-08-16T15:24:20Z</time>
			</trkpt>
			<trkpt lat="59.93593344694607" lon="30.33682024322088">
				<ele>0.4753860319033265</ele>
				<time>2022-08-16T15:24:21Z</time>
			</trkpt>
			<trkpt lat="59.935927566291426" lon="30.3368666810018">
				<ele>2.4378472696989775</ele>
				<time>2022-08-16T15:24:23Z</time>
			</trkpt>
			<trkpt lat="59.93592520881968" lon="30.336921071449396">
				<ele>1.7158682914450765</ele>
				<time>2022-08-16T15:24:25Z</time>
			</trkpt>
			<trkpt lat="59.93591183316569" lon="30.336954654311878">
				<ele>1.5105334864929318</ele>
				<time>2022-08-16T15:24:26Z</time>
			</trkpt>
			<trkpt lat="59.93590815432974" lon="30.33700604166189">
				<ele>1.2784103574231267</ele>
				<time>2022-08-16T15:24:28Z</time>
			</trkpt>
			<trkpt lat="59.93590649991869" lon="30.337051008886217">
				<ele>-0.2949828403070569</ele>
				<time>2022-08-16T15:24:31Z</time>
			</trkpt>
			<trkpt lat="59.93589714560805" lon="30.337087138885718">
				<ele>1.2896308591589332</ele>
				<time>2022-08-16T15:24:33Z</time>
			</trkpt>
			<trkpt lat="59.935898342586604" lon="30.337140912329748">
				<ele>0.5832387767732143</ele>
				<time>2022-08-16T15:24:34Z</time>
			</trkpt>
			<trkpt lat="59.935883235426914" lon="30.337179300356553">
				<ele>0.27100323140621185</ele>
				<time>2022-08-16T15:24:35Z</time>
			</trkpt>
			<trkpt lat="59.9358900252339" lon="30.337236851862656">
				<ele>1.725539155304432</ele>
				<time>2022-08-16T15:24:38Z</time>
			</trkpt>
			<trkpt lat="59.9358989529504" lon="30.337273067325068">
				<ele>1.5930367084220052</ele>
				<time>2022-08-16T15:24:39Z</time>
			</trkpt>
			<trkpt lat="59.935907430206456" lon="30.33731759662032">
				<ele>-0.8149243369698524</ele>
				<time>2022-08-16T15:24:41Z</time>
			</trkpt>
			<trkpt lat="59.935899975982025" lon="30.33738556454106">
				<ele>0.002196991816163063</ele>
				<time>2022-08-16T15:24:45Z</time>
			</trkpt>
			<trkpt lat="59.93590835130809" lon="30.337419108334494">
				<ele>3.218120370991528</ele>
				<time>2022-08-16T15:24:46Z</time>
			</trkpt>
			<trkpt lat="59.9359014582554" lon="30.33746012916654">
				<ele>0.9860572507604957</ele>
				<time>2022-08-16T15:24:47Z</time>
			</trkpt>
			<trkpt lat="59.93588943718782" lon="30.33749997844197">
				<ele>-0.12005501613020897</ele>
				<time>2022-08-16T15:24:49Z</time>
			</trkpt>
			<trkpt lat="59.9358871188865" lon="30.33754196904976">
				<ele>3.268792965449393</ele>
				<time>2022-08-16T15:24:52Z</time>
			</trkpt>
			<trkpt lat="59.93588088636285" lon="30.337580994390326">
				<ele>2.1873404420912266</ele>
				<time>2022-08-16T15:24:54Z</time>
			</trkpt>
			<trkpt lat="59.9358770404358" lon="30.337625039377546">
				<ele>1.551261156797409</ele>
				<time>2022-08-16T15:24:56Z</time>
			</trkpt>
			<trkpt lat="59.93586964959467" lon="30.337679498467125">
				<ele>1.8308807015419006</ele>
				<time>2022-08-16T15:24:58Z</time>
			</trkpt>
			<trkpt lat="59.93586029374587" lon="30.337720363621578">
				<ele>2.210543598048389</ele>
				<time>2022-08-16T15:25:00Z</time>
			</trkpt>
			<trkpt lat="59.93586043496883" lon="30.33776090960049">
				<ele>0.3913575913757086</ele>
				<time>2022-08-16T15:25:02Z</time>
			</trkpt>
			<trkpt lat="59.93585244169327" lon="30.337807365984673">
				<ele>0.8331897612661123</ele>
				<time>2022-08-16T15:25:04Z</time>
			</trkpt>
			<trkpt lat="59.93586046602494" lon="30.3378427174053">
				<ele>2.8955800822004676</ele>
				<time>2022-08-16T15:25:06Z</time>
			</trkpt>
			<trkpt lat="59.93586600784184" lon="30.337881066472264">
				<ele>1.3465479835867882</ele>
				<time>2022-08-16T15:25:08Z</time>
			</trkpt>
			<trkpt lat="59.93585284824601" lon="30.337925658207208">
				<ele>1.4086153963580728</ele>
				<time>2022-08-16T15:25:10Z</time>
			</trkpt>
			<trkpt lat="59.935840921012826" lon="30.337965821254055">
				<ele>1.501892781816423</ele>
				<time>2022-08-16T15:25:12Z</time>
			</trkpt>
			<trkpt lat="59.93580444273824" lon="30.337997481765953">
				<ele>0.6040230877697468</ele>
				<time>2022-08-16T15:25:13Z</time>
			</trkpt>
			<trkpt lat="59.93579359055516" lon="30.338031838822257">
				<ele>0.8818535413593054</ele>
				<time>2022-08-16T15:25:15Z</time>
			</trkpt>
			<trkpt lat="59.935788744640455" lon="30.338068409230026">
				<ele>-1.1660329680889845</ele>
				<time>2022-08-16T15:25:19Z</time>
			</trkpt>
			<trkpt lat="59.93577209969641" lon="30.338114633757435">
				<ele>-0.3411845937371254</ele>
				<time>2022-08-16T15:25:21Z</time>
			</trkpt>
			<trkpt lat="59.93578916088985" lon="30.33814050001752">
				<ele>1.4754237262532115</ele>
				<time>2022-08-16T15:25:28Z</time>
			</trkpt>
			<trkpt lat="59.93578990400462" lon="30.33817813122951">
				<ele>4.601518148556352</ele>
				<time>2022-08-16T15:25:48Z</time>
			</trkpt>
			<trkpt lat="59.93573133923136" lon="30.338187609890394">
				<ele>3.993651032447815</ele>
				<time>2022-08-16T15:25:52Z</time>
			</trkpt>
			<trkpt lat="59.9357060193842" lon="30.338217434084093">
				<ele>4.235421972349286</ele>
				<time>2022-08-16T15:25:53Z</time>
			</trkpt>
			<trkpt lat="59.93575929232946" lon="30.338226007943547">
				<ele>4.834187852218747</ele>
				<time>2022-08-16T15:25:54Z</time>
			</trkpt>
			<trkpt lat="59.93576968532386" lon="30.33828054616623">
				<ele>4.3331304444000125</ele>
				<time>2022-08-16T15:25:55Z</time>
			</trkpt>
			<trkpt lat="59.93573531587267" lon="30.338301611733023">
				<ele>6.574470615014434</ele>
				<time>2022-08-16T15:25:56Z</time>
			</trkpt>
			<trkpt lat="59.93576000720826" lon="30.338350220676894">
				<ele>6.420326705090702</ele>
				<time>2022-08-16T15:25:57Z</time>
			</trkpt>
			<trkpt lat="59.935767331075176" lon="30.338415656733318">
				<ele>5.308980488218367</ele>
				<time>2022-08-16T15:25:59Z</time>
			</trkpt>
			<trkpt lat="59.93578395846886" lon="30.338471737013645">
				<ele>5.260916743427515</ele>
				<time>2022-08-16T15:26:01Z</time>
			</trkpt>
			<trkpt lat="59.935801022993616" lon="30.33845224312977">
				<ele>4.3489084197208285</ele>
				<time>2022-08-16T15:26:05Z</time>
			</trkpt>
			<trkpt lat="59.93584762057828" lon="30.338478029393205">
				<ele>1.6236077845096588</ele>
				<time>2022-08-16T15:26:07Z</time>
			</trkpt>
			<trkpt lat="59.93587794985653" lon="30.33848256119292">
				<ele>-0.7620238596573472</ele>
				<time>2022-08-16T15:26:09Z</time>
			</trkpt>
			<trkpt lat="59.93591126759195" lon="30.338498741866534">
				<ele>0.2540916856378317</ele>
				<time>2022-08-16T15:26:11Z</time>
			</trkpt>
			<trkpt lat="59.93593009305532" lon="30.338538656013803">
				<ele>0.7170551866292953</ele>
				<time>2022-08-16T15:26:13Z</time>
			</trkpt>
			<trkpt lat="59.935950450443144" lon="30.338569390150226">
				<ele>2.755942102521658</ele>
				<time>2022-08-16T15:26:15Z</time>
			</trkpt>
			<trkpt lat="59.935976056358264" lon="30.33858435836168">
				<ele>1.5507005145773292</ele>
				<time>2022-08-16T15:26:17Z</time>
			</trkpt>
			<trkpt lat="59.93599414519784" lon="30.338612240956028">
				<ele>1.5665866918861866</ele>
				<time>2022-08-16T15:26:19Z</time>
			</trkpt>
			<trkpt lat="59.935995601698444" lon="30.338650875752624">
				<ele>-0.7363189440220594</ele>
				<time>2022-08-16T15:26:21Z</time>
			</trkpt>
			<trkpt lat="59.936000540795106" lon="30.338690288711447">
				<ele>1.4393212888389826</ele>
				<time>2022-08-16T15:26:23Z</time>
			</trkpt>
			<trkpt lat="59.936014411184466" lon="30.33873546836674">
				<ele>0.14620542246848345</ele>
				<time>2022-08-16T15:26:26Z</time>
			</trkpt>
			<trkpt lat="59.93602367923547" lon="30.338778605381783">
				<ele>-2.4039901280775666</ele>
				<time>2022-08-16T15:26:29Z</time>
			</trkpt>
			<trkpt lat="59.93603423279511" lon="30.33881728682863">
				<ele>-0.4616268901154399</ele>
				<time>2022-08-16T15:26:31Z</time>
			</trkpt>
			<trkpt lat="59.93603417731595" lon="30.338872820092565">
				<ele>0.1221691258251667</ele>
				<time>2022-08-16T15:26:33Z</time>
			</trkpt>
			<trkpt lat="59.93604630211398" lon="30.33891023698485">
				<ele>1.0428364425897598</ele>
				<time>2022-08-16T15:26:35Z</time>
			</trkpt>
			<trkpt lat="59.936051439516724" lon="30.33895111948402">
				<ele>1.267448777332902</ele>
				<time>2022-08-16T15:26:37Z</time>
			</trkpt>
			<trkpt lat="59.93606016375544" lon="30.339005578324027">
				<ele>2.639665394090116</ele>
				<time>2022-08-16T15:26:39Z</time>
			</trkpt>
			<trkpt lat="59.93605924586516" lon="30.339050828738152">
				<ele>2.7090473994612694</ele>
				<time>2022-08-16T15:26:41Z</time>
			</trkpt>
			<trkpt lat="59.93606199314138" lon="30.339089632197787">
				<ele>5.691278469748795</ele>
				<time>2022-08-16T15:26:43Z</time>
			</trkpt>
			<trkpt lat="59.9360578013382" lon="30.339125250798286">
				<ele>5.707213715650141</ele>
				<time>2022-08-16T15:26:45Z</time>
			</trkpt>
			<trkpt lat="59.936074533433505" lon="30.339155848992498">
				<ele>4.075760222971439</ele>
				<time>2022-08-16T15:26:47Z</time>
			</trkpt>
			<trkpt lat="59.93608683816835" lon="30.33918783183497">
				<ele>3.2791174184530973</ele>
				<time>2022-08-16T15:26:49Z</time>
			</trkpt>
			<trkpt lat="59.93610198485338" lon="30.339244726196945">
				<ele>5.168079049326479</ele>
				<time>2022-08-16T15:26:51Z</time>
			</trkpt>
			<trkpt lat="59.93610603962605" lon="30.339281882596783">
				<ele>5.381445784121752</ele>
				<time>2022-08-16T15:26:53Z</time>
			</trkpt>
			<trkpt lat="59.93611543043439" lon="30.339323340538805">
				<ele>6.670172831043601</ele>
				<time>2022-08-16T15:26:55Z</time>
			</trkpt>
			<trkpt lat="59.93611617137385" lon="30.339372602644808">
				<ele>6.138330742716789</ele>
				<time>2022-08-16T15:26:58Z</time>
			</trkpt>
			<trkpt lat="59.93613082888473" lon="30.33940099058346">
				<ele>3.910656066611409</ele>
				<time>2022-08-16T15:27:00Z</time>
			</trkpt>
			<trkpt lat="59.93613862681758" lon="30.339439453140702">
				<ele>3.6838529789820313</ele>
				<time>2022-08-16T15:27:01Z</time>
			</trkpt>
			<trkpt lat="59.936158016398444" lon="30.339481002058324">
				<ele>6.156873991712928</ele>
				<time>2022-08-16T15:27:03Z</time>
			</trkpt>
			<trkpt lat="59.93618042120824" lon="30.33954052403161">
				<ele>6.452892677858472</ele>
				<time>2022-08-16T15:27:04Z</time>
			</trkpt>
			<trkpt lat="59.93617841987468" lon="30.33960302687569">
				<ele>6.859247907064855</ele>
				<time>2022-08-16T15:27:05Z</time>
			</trkpt>
			<trkpt lat="59.93618083854541" lon="30.339734966286564">
				<ele>8.800179434940219</ele>
				<time>2022-08-16T15:27:07Z</time>
			</trkpt>
			<trkpt lat="59.93617794534118" lon="30.33966810846639">
				<ele>6.423734528012574</ele>
				<time>2022-08-16T15:27:08Z</time>
			</trkpt>
			<trkpt lat="59.93616546347124" lon="30.339635709850075">
				<ele>5.263408984988928</ele>
				<time>2022-08-16T15:27:10Z</time>
			</trkpt>
			<trkpt lat="59.936183552042856" lon="30.339624363771556">
				<ele>2.008774232119322</ele>
				<time>2022-08-16T15:27:12Z</time>
			</trkpt>
			<trkpt lat="59.93618666729959" lon="30.33967621336391">
				<ele>3.7757680555805564</ele>
				<time>2022-08-16T15:27:15Z</time>
			</trkpt>
			<trkpt lat="59.93619354412952" lon="30.339709486880682">
				<ele>2.3488974822685122</ele>
				<time>2022-08-16T15:27:17Z</time>
			</trkpt>
			<trkpt lat="59.93620300886879" lon="30.339753302534188">
				<ele>4.98904228862375</ele>
				<time>2022-08-16T15:27:19Z</time>
			</trkpt>
			<trkpt lat="59.93620967547222" lon="30.339796244973595">
				<ele>1.5354720801115036</ele>
				<time>2022-08-16T15:27:23Z</time>
			</trkpt>
			<trkpt lat="59.93621649959388" lon="30.339837288135826">
				<ele>1.0295121017843485</ele>
				<time>2022-08-16T15:27:25Z</time>
			</trkpt>
			<trkpt lat="59.93622221443853" lon="30.33988196757413">
				<ele>2.059585482813418</ele>
				<time>2022-08-16T15:27:27Z</time>
			</trkpt>
			<trkpt lat="59.93623787792465" lon="30.339921834195096">
				<ele>1.2539841728284955</ele>
				<time>2022-08-16T15:27:29Z</time>
			</trkpt>
			<trkpt lat="59.93624494292818" lon="30.33996000600466">
				<ele>3.718745281919837</ele>
				<time>2022-08-16T15:27:31Z</time>
			</trkpt>
			<trkpt lat="59.936251620942905" lon="30.340025639084754">
				<ele>4.491736750118434</ele>
				<time>2022-08-16T15:27:35Z</time>
			</trkpt>
			<trkpt lat="59.93624626862365" lon="30.340059981897394">
				<ele>5.081198972649872</ele>
				<time>2022-08-16T15:27:36Z</time>
			</trkpt>
			<trkpt lat="59.93626349987631" lon="30.340074100925623">
				<ele>4.044456691481173</ele>
				<time>2022-08-16T15:27:38Z</time>
			</trkpt>
			<trkpt lat="59.936268550850585" lon="30.340114174870994">
				<ele>3.895559032447636</ele>
				<time>2022-08-16T15:27:39Z</time>
			</trkpt>
			<trkpt lat="59.936263410161246" lon="30.340174685448797">
				<ele>6.815816720016301</ele>
				<time>2022-08-16T15:27:41Z</time>
			</trkpt>
			<trkpt lat="59.936261132713945" lon="30.340217625412272">
				<ele>7.441285826265812</ele>
				<time>2022-08-16T15:27:42Z</time>
			</trkpt>
			<trkpt lat="59.9362782396391" lon="30.340232329592762">
				<ele>6.59735902864486</ele>
				<time>2022-08-16T15:27:43Z</time>
			</trkpt>
			<trkpt lat="59.93629422393163" lon="30.340249917690844">
				<ele>5.228269108571112</ele>
				<time>2022-08-16T15:27:44Z</time>
			</trkpt>
			<trkpt lat="59.936321733233925" lon="30.340272992923264">
				<ele>5.216188874095678</ele>
				<time>2022-08-16T15:27:46Z</time>
			</trkpt>
			<trkpt lat="59.936344614305405" lon="30.340249889574455">
				<ele>5.079889103770256</ele>
				<time>2022-08-16T15:27:48Z</time>
			</trkpt>
			<trkpt lat="59.93636768207399" lon="30.34022124742394">
				<ele>6.467498796060681</ele>
				<time>2022-08-16T15:27:50Z</time>
			</trkpt>
			<trkpt lat="59.93638671273748" lon="30.340183794916953">
				<ele>4.42532513756305</ele>
				<time>2022-08-16T15:27:52Z</time>
			</trkpt>
			<trkpt lat="59.93640482195295" lon="30.340174252322196">
				<ele>5.086462931707501</ele>
				<time>2022-08-16T15:27:53Z</time>
			</trkpt>
			<trkpt lat="59.936424122625226" lon="30.34016924169931">
				<ele>5.829240586608648</ele>
				<time>2022-08-16T15:27:54Z</time>
			</trkpt>
			<trkpt lat="59.93644048709085" lon="30.340150922601115">
				<ele>7.360250808298588</ele>
				<time>2022-08-16T15:27:55Z</time>
			</trkpt>
			<trkpt lat="59.936461556645504" lon="30.34012271108275">
				<ele>7.499999356456101</ele>
				<time>2022-08-16T15:27:57Z</time>
			</trkpt>
			<trkpt lat="59.93647887659963" lon="30.340089814813126">
				<ele>7.233392110094428</ele>
				<time>2022-08-16T15:27:59Z</time>
			</trkpt>
			<trkpt lat="59.93651111140167" lon="30.34006893803032">
				<ele>9.027426222339272</ele>
				<time>2022-08-16T15:28:01Z</time>
			</trkpt>
			<trkpt lat="59.93652675729796" lon="30.34004235154143">
				<ele>11.038193309679627</ele>
				<time>2022-08-16T15:28:02Z</time>
			</trkpt>
			<trkpt lat="59.93654806549999" lon="30.340031679176686">
				<ele>12.082173559814692</ele>
				<time>2022-08-16T15:28:03Z</time>
			</trkpt>
			<trkpt lat="59.936536444863286" lon="30.339981867549046">
				<ele>6.6828970136120915</ele>
				<time>2022-08-16T15:28:04Z</time>
			</trkpt>
			<trkpt lat="59.93657218770556" lon="30.33994883546505">
				<ele>10.947709423489869</ele>
				<time>2022-08-16T15:28:06Z</time>
			</trkpt>
			<trkpt lat="59.936591906626504" lon="30.33995031991786">
				<ele>11.061796561814845</ele>
				<time>2022-08-16T15:28:07Z</time>
			</trkpt>
			<trkpt lat="59.936617131836634" lon="30.340005274417617">
				<ele>12.852973986417055</ele>
				<time>2022-08-16T15:28:08Z</time>
			</trkpt>
			<trkpt lat="59.93663419938919" lon="30.34005428661419">
				<ele>11.885696326382458</ele>
				<time>2022-08-16T15:28:09Z</time>
			</trkpt>
			<trkpt lat="59.93663948269438" lon="30.34011357093729">
				<ele>10.89224573969841</ele>
				<time>2022-08-16T15:28:10Z</time>
			</trkpt>
			<trkpt lat="59.93664392918388" lon="30.340183642413077">
				<ele>9.905600251629949</ele>
				<time>2022-08-16T15:28:12Z</time>
			</trkpt>
			<trkpt lat="59.9366315729648" lon="30.34024916122514">
				<ele>8.797481525689363</ele>
				<time>2022-08-16T15:28:15Z</time>
			</trkpt>
			<trkpt lat="59.93663143914981" lon="30.340304891284653">
				<ele>8.192358081229031</ele>
				<time>2022-08-16T15:28:17Z</time>
			</trkpt>
			<trkpt lat="59.93663264528398" lon="30.34035103498174">
				<ele>9.72021905425936</ele>
				<time>2022-08-16T15:28:19Z</time>
			</trkpt>
			<trkpt lat="59.93663566895511" lon="30.340390838228164">
				<ele>7.481499381363392</ele>
				<time>2022-08-16T15:28:21Z</time>
			</trkpt>
			<trkpt lat="59.93664739489137" lon="30.34042103000256">
				<ele>7.460764182731509</ele>
				<time>2022-08-16T15:28:23Z</time>
			</trkpt>
			<trkpt lat="59.93665883025588" lon="30.340473791298304">
				<ele>6.771688331849873</ele>
				<time>2022-08-16T15:28:25Z</time>
			</trkpt>
			<trkpt lat="59.93666669903151" lon="30.340511055869985">
				<ele>5.0182880740612745</ele>
				<time>2022-08-16T15:28:27Z</time>
			</trkpt>
			<trkpt lat="59.93668836284071" lon="30.34052061254953">
				<ele>5.272560365498066</ele>
				<time>2022-08-16T15:28:29Z</time>
			</trkpt>
			<trkpt lat="59.93670866799275" lon="30.340530911197764">
				<ele>5.533216142095625</ele>
				<time>2022-08-16T15:28:31Z</time>
			</trkpt>
			<trkpt lat="59.9367401209596" lon="30.34053208623408">
				<ele>6.868052163161337</ele>
				<time>2022-08-16T15:28:33Z</time>
			</trkpt>
			<trkpt lat="59.936767423933794" lon="30.340547908599">
				<ele>5.1146447425708175</ele>
				<time>2022-08-16T15:28:35Z</time>
			</trkpt>
			<trkpt lat="59.936786978405834" lon="30.34055741480711">
				<ele>3.961311247199774</ele>
				<time>2022-08-16T15:28:37Z</time>
			</trkpt>
			<trkpt lat="59.9368047463087" lon="30.340519023476183">
				<ele>6.319616988301277</ele>
				<time>2022-08-16T15:28:40Z</time>
			</trkpt>
			<trkpt lat="59.936833761356326" lon="30.340512606988273">
				<ele>4.9586655693128705</ele>
				<time>2022-08-16T15:28:42Z</time>
			</trkpt>
			<trkpt lat="59.936864474743345" lon="30.340513763713464">
				<ele>5.238905071280897</ele>
				<time>2022-08-16T15:28:44Z</time>
			</trkpt>
			<trkpt lat="59.93688925503546" lon="30.34049500115334">
				<ele>4.722212106920779</ele>
				<time>2022-08-16T15:28:47Z</time>
			</trkpt>
			<trkpt lat="59.93691384737847" lon="30.340478028101998">
				<ele>4.713988887146115</ele>
				<time>2022-08-16T15:28:49Z</time>
			</trkpt>
			<trkpt lat="59.93694264089105" lon="30.340449942398795">
				<ele>6.570380717515945</ele>
				<time>2022-08-16T15:28:51Z</time>
			</trkpt>
			<trkpt lat="59.93696409843587" lon="30.340430329085386">
				<ele>7.780318950302899</ele>
				<time>2022-08-16T15:28:53Z</time>
			</trkpt>
			<trkpt lat="59.93698112281921" lon="30.340404685701486">
				<ele>6.557763006538153</ele>
				<time>2022-08-16T15:28:55Z</time>
			</trkpt>
			<trkpt lat="59.93701103046718" lon="30.34041099814531">
				<ele>5.248273133300245</ele>
				<time>2022-08-16T15:28:58Z</time>
			</trkpt>
			<trkpt lat="59.937034686826586" lon="30.340394272506487">
				<ele>4.165210301056504</ele>
				<time>2022-08-16T15:29:00Z</time>
			</trkpt>
			<trkpt lat="59.937052569857244" lon="30.340420588515396">
				<ele>-0.6356034930795431</ele>
				<time>2022-08-16T15:29:03Z</time>
			</trkpt>
			<trkpt lat="59.93706874234264" lon="30.34040371919392">
				<ele>-0.4966460298746824</ele>
				<time>2022-08-16T15:29:04Z</time>
			</trkpt>
			<trkpt lat="59.9370970244995" lon="30.340394377072545">
				<ele>0.2716287635266781</ele>
				<time>2022-08-16T15:29:06Z</time>
			</trkpt>
			<trkpt lat="59.937116029006894" lon="30.340377760931098">
				<ele>1.057655374519527</ele>
				<time>2022-08-16T15:29:08Z</time>
			</trkpt>
			<trkpt lat="59.93713782378799" lon="30.340339913948334">
				<ele>1.8328916588798165</ele>
				<time>2022-08-16T15:29:11Z</time>
			</trkpt>
			<trkpt lat="59.93715105546757" lon="30.340312636353367">
				<ele>5.006265055388212</ele>
				<time>2022-08-16T15:29:12Z</time>
			</trkpt>
			<trkpt lat="59.93717872918134" lon="30.340300015947438">
				<ele>4.042710619978607</ele>
				<time>2022-08-16T15:29:14Z</time>
			</trkpt>
			<trkpt lat="59.937197121281265" lon="30.340283059760644">
				<ele>4.567003037780523</ele>
				<time>2022-08-16T15:29:16Z</time>
			</trkpt>
			<trkpt lat="59.93721415463248" lon="30.340261162238132">
				<ele>5.021915887482464</ele>
				<time>2022-08-16T15:29:18Z</time>
			</trkpt>
			<trkpt lat="59.937235393492905" lon="30.34024973390547">
				<ele>4.076780538074672</ele>
				<time>2022-08-16T15:29:20Z</time>
			</trkpt>
			<trkpt lat="59.93725850632891" lon="30.340238104521983">
				<ele>6.447853487916291</ele>
				<time>2022-08-16T15:29:22Z</time>
			</trkpt>
			<trkpt lat="59.9372756739748" lon="30.34021256091314">
				<ele>7.420413794927299</ele>
				<time>2022-08-16T15:29:24Z</time>
			</trkpt>
			<trkpt lat="59.93729796124643" lon="30.34019623602278">
				<ele>6.936661668121815</ele>
				<time>2022-08-16T15:29:26Z</time>
			</trkpt>
			<trkpt lat="59.937324158205485" lon="30.340192753831914">
				<ele>6.243681418709457</ele>
				<time>2022-08-16T15:29:28Z</time>
			</trkpt>
			<trkpt lat="59.93734305789015" lon="30.34016583312561">
				<ele>6.018826329149306</ele>
				<time>2022-08-16T15:29:30Z</time>
			</trkpt>
			<trkpt lat="59.93736592537404" lon="30.34013324691509">
				<ele>8.145422667264938</ele>
				<time>2022-08-16T15:29:32Z</time>
			</trkpt>
			<trkpt lat="59.93738461173511" lon="30.340133793545625">
				<ele>8.434774523600936</ele>
				<time>2022-08-16T15:29:33Z</time>
			</trkpt>
			<trkpt lat="59.93740530996329" lon="30.34012373815685">
				<ele>9.28095799125731</ele>
				<time>2022-08-16T15:29:35Z</time>
			</trkpt>
			<trkpt lat="59.93742428740788" lon="30.340112591369984">
				<ele>7.491179519332945</ele>
				<time>2022-08-16T15:29:38Z</time>
			</trkpt>
			<trkpt lat="59.937448798439476" lon="30.340093266374662">
				<ele>9.277334733866155</ele>
				<time>2022-08-16T15:29:40Z</time>
			</trkpt>
			<trkpt lat="59.93747589655483" lon="30.34008707937639">
				<ele>8.334496950730681</ele>
				<time>2022-08-16T15:29:42Z</time>
			</trkpt>
			<trkpt lat="59.9375044238847" lon="30.340065581553596">
				<ele>9.813989102840424</ele>
				<time>2022-08-16T15:29:44Z</time>
			</trkpt>
			<trkpt lat="59.937542106621606" lon="30.340043460737494">
				<ele>9.286569916643202</ele>
				<time>2022-08-16T15:29:46Z</time>
			</trkpt>
			<trkpt lat="59.937560290751215" lon="30.340032179237404">
				<ele>12.127446106635034</ele>
				<time>2022-08-16T15:29:47Z</time>
			</trkpt>
			<trkpt lat="59.9375779978645" lon="30.340010794273176">
				<ele>13.44164017867297</ele>
				<time>2022-08-16T15:29:48Z</time>
			</trkpt>
			<trkpt lat="59.937585622346184" lon="30.339977962959463">
				<ele>9.588448624126613</ele>
				<time>2022-08-16T15:29:50Z</time>
			</trkpt>
			<trkpt lat="59.93761066234115" lon="30.339966122305597">
				<ele>11.074036709032953</ele>
				<time>2022-08-16T15:29:52Z</time>
			</trkpt>
			<trkpt lat="59.93763531494548" lon="30.33994987093782">
				<ele>9.763398200273514</ele>
				<time>2022-08-16T15:29:58Z</time>
			</trkpt>
			<trkpt lat="59.93765901348515" lon="30.339969015919586">
				<ele>7.218456867150962</ele>
				<time>2022-08-16T15:30:01Z</time>
			</trkpt>
			<trkpt lat="59.93768271670621" lon="30.339985930955518">
				<ele>4.031366646289825</ele>
				<time>2022-08-16T15:30:04Z</time>
			</trkpt>
			<trkpt lat="59.93770766873427" lon="30.339965834790483">
				<ele>6.030390974134207</ele>
				<time>2022-08-16T15:30:06Z</time>
			</trkpt>
			<trkpt lat="59.93771922968696" lon="30.339925261834647">
				<ele>6.105977606959641</ele>
				<time>2022-08-16T15:30:08Z</time>
			</trkpt>
			<trkpt lat="59.93775066816198" lon="30.33990140154518">
				<ele>4.425089822150767</ele>
				<time>2022-08-16T15:30:11Z</time>
			</trkpt>
			<trkpt lat="59.937768989703905" lon="30.339896698256904">
				<ele>5.791481399908662</ele>
				<time>2022-08-16T15:30:13Z</time>
			</trkpt>
			<trkpt lat="59.93779412815936" lon="30.339876511496957">
				<ele>6.467029333114624</ele>
				<time>2022-08-16T15:30:16Z</time>
			</trkpt>
			<trkpt lat="59.93781303824518" lon="30.339854558552084">
				<ele>4.71316884085536</ele>
				<time>2022-08-16T15:30:18Z</time>
			</trkpt>
			<trkpt lat="59.93783207235289" lon="30.339849294512554">
				<ele>4.47120451182127</ele>
				<time>2022-08-16T15:30:20Z</time>
			</trkpt>
			<trkpt lat="59.93785997930371" lon="30.339838565285813">
				<ele>0.38087788596749306</ele>
				<time>2022-08-16T15:30:23Z</time>
			</trkpt>
			<trkpt lat="59.937882369232995" lon="30.33982281412989">
				<ele>2.4529490061104298</ele>
				<time>2022-08-16T15:30:25Z</time>
			</trkpt>
			<trkpt lat="59.93790726016527" lon="30.339791771296237">
				<ele>1.3341641314327717</ele>
				<time>2022-08-16T15:30:28Z</time>
			</trkpt>
			<trkpt lat="59.93793771658844" lon="30.33977502104222">
				<ele>4.239692835137248</ele>
				<time>2022-08-16T15:30:30Z</time>
			</trkpt>
			<trkpt lat="59.9379590175794" lon="30.339776594483048">
				<ele>1.8985477946698666</ele>
				<time>2022-08-16T15:30:32Z</time>
			</trkpt>
			<trkpt lat="59.937991365643065" lon="30.33976272569828">
				<ele>3.529612327925861</ele>
				<time>2022-08-16T15:30:34Z</time>
			</trkpt>
			<trkpt lat="59.938019980052424" lon="30.33976107047077">
				<ele>0.6894699856638908</ele>
				<time>2022-08-16T15:30:36Z</time>
			</trkpt>
			<trkpt lat="59.93804098949379" lon="30.339755915392676">
				<ele>1.641089839860797</ele>
				<time>2022-08-16T15:30:38Z</time>
			</trkpt>
			<trkpt lat="59.93806833832987" lon="30.339740403611675">
				<ele>1.833216454833746</ele>
				<time>2022-08-16T15:30:40Z</time>
			</trkpt>
			<trkpt lat="59.9381029129742" lon="30.33973267689111">
				<ele>2.145495324395597</ele>
				<time>2022-08-16T15:30:42Z</time>
			</trkpt>
			<trkpt lat="59.93813954562055" lon="30.339719032920456">
				<ele>0.6380723370239139</ele>
				<time>2022-08-16T15:30:44Z</time>
			</trkpt>
			<trkpt lat="59.93816409018724" lon="30.339706137914394">
				<ele>0.2753258319571614</ele>
				<time>2022-08-16T15:30:46Z</time>
			</trkpt>
			<trkpt lat="59.938182811831176" lon="30.339687943249036">
				<ele>2.1797113800421357</ele>
				<time>2022-08-16T15:30:48Z</time>
			</trkpt>
			<trkpt lat="59.938199246342954" lon="30.339637763529414">
				<ele>5.126100023277104</ele>
				<time>2022-08-16T15:30:51Z</time>
			</trkpt>
			<trkpt lat="59.938221540782436" lon="30.339634825755255">
				<ele>1.436133517883718</ele>
				<time>2022-08-16T15:30:53Z</time>
			</trkpt>
			<trkpt lat="59.938240491847516" lon="30.339599910420297">
				<ele>1.412330647930503</ele>
				<time>2022-08-16T15:30:55Z</time>
			</trkpt>
			<trkpt lat="59.9382580053807" lon="30.339587774680375">
				<ele>3.2504810569807887</ele>
				<time>2022-08-16T15:30:57Z</time>
			</trkpt>
			<trkpt lat="59.93828225952051" lon="30.33957082400511">
				<ele>2.5641575772315264</ele>
				<time>2022-08-16T15:30:59Z</time>
			</trkpt>
			<trkpt lat="59.93830080565732" lon="30.339543756879213">
				<ele>0.06302271131426096</ele>
				<time>2022-08-16T15:31:02Z</time>
			</trkpt>
			<trkpt lat="59.93832449480349" lon="30.33953240457941">
				<ele>1.5845751762390137</ele>
				<time>2022-08-16T15:31:05Z</time>
			</trkpt>
			<trkpt lat="59.93834373010618" lon="30.33952540754101">
				<ele>1.519104577600956</ele>
				<time>2022-08-16T15:31:07Z</time>
			</trkpt>
			<trkpt lat="59.9383611813435" lon="30.33948735480861">
				<ele>4.925766601227224</ele>
				<time>2022-08-16T15:31:09Z</time>
			</trkpt>
			<trkpt lat="59.93838896488795" lon="30.33947259993432">
				<ele>1.8126063626259565</ele>
				<time>2022-08-16T15:31:11Z</time>
			</trkpt>
			<trkpt lat="59.93840364378515" lon="30.339444420480937">
				<ele>1.796260880306363</ele>
				<time>2022-08-16T15:31:12Z</time>
			</trkpt>
			<trkpt lat="59.93842262110296" lon="30.339431180500974">
				<ele>3.3090123012661934</ele>
				<time>2022-08-16T15:31:13Z</time>
			</trkpt>
			<trkpt lat="59.93844343515442" lon="30.339427541713277">
				<ele>2.568131416104734</ele>
				<time>2022-08-16T15:31:16Z</time>
			</trkpt>
			<trkpt lat="59.93847293367216" lon="30.33940329350924">
				<ele>5.5193564454093575</ele>
				<time>2022-08-16T15:31:18Z</time>
			</trkpt>
			<trkpt lat="59.938490060699635" lon="30.339415680448482">
				<ele>3.398140512406826</ele>
				<time>2022-08-16T15:31:20Z</time>
			</trkpt>
			<trkpt lat="59.9385081313862" lon="30.33939375061021">
				<ele>4.12910639680922</ele>
				<time>2022-08-16T15:31:22Z</time>
			</trkpt>
			<trkpt lat="59.93852569124586" lon="30.339379052182306">
				<ele>4.385864527896047</ele>
				<time>2022-08-16T15:31:24Z</time>
			</trkpt>
			<trkpt lat="59.93854919734954" lon="30.339349810266647">
				<ele>3.4982367008924484</ele>
				<time>2022-08-16T15:31:27Z</time>
			</trkpt>
			<trkpt lat="59.93857378261088" lon="30.33934697491191">
				<ele>2.8757582493126392</ele>
				<time>2022-08-16T15:31:29Z</time>
			</trkpt>
			<trkpt lat="59.93859165917318" lon="30.33933687714001">
				<ele>3.0395834129303694</ele>
				<time>2022-08-16T15:31:31Z</time>
			</trkpt>
			<trkpt lat="59.93861015123704" lon="30.33931734902568">
				<ele>2.571893675252795</ele>
				<time>2022-08-16T15:31:33Z</time>
			</trkpt>
			<trkpt lat="59.938629187021995" lon="30.33929953436149">
				<ele>2.080478485673666</ele>
				<time>2022-08-16T15:31:36Z</time>
			</trkpt>
			<trkpt lat="59.938609055963596" lon="30.33932756188303">
				<ele>1.1819969853386283</ele>
				<time>2022-08-16T15:31:41Z</time>
			</trkpt>
			<trkpt lat="59.93858872345075" lon="30.33934733488369">
				<ele>0.6849477691575885</ele>
				<time>2022-08-16T15:31:43Z</time>
			</trkpt>
			<trkpt lat="59.938566194026066" lon="30.339363676225062">
				<ele>0.45894064381718636</ele>
				<time>2022-08-16T15:31:45Z</time>
			</trkpt>
			<trkpt lat="59.938543667478534" lon="30.339369343152374">
				<ele>-0.04075865540653467</ele>
				<time>2022-08-16T15:31:47Z</time>
			</trkpt>
			<trkpt lat="59.93852247422464" lon="30.3393775345025">
				<ele>-0.11743297148495913</ele>
				<time>2022-08-16T15:31:49Z</time>
			</trkpt>
			<trkpt lat="59.93850195944349" lon="30.339380958767357">
				<ele>-0.014633553102612495</ele>
				<time>2022-08-16T15:31:50Z</time>
			</trkpt>
			<trkpt lat="59.9384677328793" lon="30.339401115594498">
				<ele>0.22462408151477575</ele>
				<time>2022-08-16T15:31:52Z</time>
			</trkpt>
			<trkpt lat="59.93844006760553" lon="30.339427585778544">
				<ele>2.1976847276091576</ele>
				<time>2022-08-16T15:31:54Z</time>
			</trkpt>
			<trkpt lat="59.93841237897495" lon="30.3394453423058">
				<ele>2.114981952123344</ele>
				<time>2022-08-16T15:31:56Z</time>
			</trkpt>
			<trkpt lat="59.93838509800374" lon="30.33945765588851">
				<ele>1.8337041372433305</ele>
				<time>2022-08-16T15:31:58Z</time>
			</trkpt>
			<trkpt lat="59.93835735974369" lon="30.339461752471678">
				<ele>2.2894542487338185</ele>
				<time>2022-08-16T15:32:00Z</time>
			</trkpt>
			<trkpt lat="59.93833119186843" lon="30.339478400164527">
				<ele>2.053173366934061</ele>
				<time>2022-08-16T15:32:02Z</time>
			</trkpt>
			<trkpt lat="59.93830981320449" lon="30.339507650091107">
				<ele>2.4683890463784337</ele>
				<time>2022-08-16T15:32:04Z</time>
			</trkpt>
			<trkpt lat="59.93828849590556" lon="30.339520068577375">
				<ele>3.985199616290629</ele>
				<time>2022-08-16T15:32:06Z</time>
			</trkpt>
			<trkpt lat="59.938268466200995" lon="30.339530279571093">
				<ele>-0.15776288695633411</ele>
				<time>2022-08-16T15:32:08Z</time>
			</trkpt>
			<trkpt lat="59.93824532070297" lon="30.339509836023506">
				<ele>-2.478308659978211</ele>
				<time>2022-08-16T15:32:10Z</time>
			</trkpt>
			<trkpt lat="59.93822061047157" lon="30.339549982426675">
				<ele>0.3569398270919919</ele>
				<time>2022-08-16T15:32:12Z</time>
			</trkpt>
			<trkpt lat="59.93820709154192" lon="30.33958189004824">
				<ele>0.31345259491354227</ele>
				<time>2022-08-16T15:32:13Z</time>
			</trkpt>
			<trkpt lat="59.938182625748624" lon="30.33960069050452">
				<ele>2.8002530466765165</ele>
				<time>2022-08-16T15:32:15Z</time>
			</trkpt>
			<trkpt lat="59.93816356179264" lon="30.339631085148373">
				<ele>3.6627133628353477</ele>
				<time>2022-08-16T15:32:17Z</time>
			</trkpt>
			<trkpt lat="59.938137927839705" lon="30.339662411907454">
				<ele>3.575248141773045</ele>
				<time>2022-08-16T15:32:19Z</time>
			</trkpt>
			<trkpt lat="59.93815116053275" lon="30.339691241319212">
				<ele>2.3958549723029137</ele>
				<time>2022-08-16T15:32:21Z</time>
			</trkpt>
			<trkpt lat="59.93814508556647" lon="30.339738975300495">
				<ele>2.348235978744924</ele>
				<time>2022-08-16T15:32:23Z</time>
			</trkpt>
			<trkpt lat="59.93815898258906" lon="30.33977959237407">
				<ele>-2.4972213190048933</ele>
				<time>2022-08-16T15:32:26Z</time>
			</trkpt>
			<trkpt lat="59.93815949792905" lon="30.33982197008263">
				<ele>-1.564522035419941</ele>
				<time>2022-08-16T15:32:27Z</time>
			</trkpt>
			<trkpt lat="59.93816332343753" lon="30.339867281004416">
				<ele>0.7495371047407389</ele>
				<time>2022-08-16T15:32:29Z</time>
			</trkpt>
			<trkpt lat="59.9381822716082" lon="30.339886221252783">
				<ele>-0.24860441032797098</ele>
				<time>2022-08-16T15:32:31Z</time>
			</trkpt>
			<trkpt lat="59.938188604041564" lon="30.339930504891154">
				<ele>-0.40678419545292854</ele>
				<time>2022-08-16T15:32:33Z</time>
			</trkpt>
			<trkpt lat="59.93820013984486" lon="30.3399833366461">
				<ele>1.582541967742145</ele>
				<time>2022-08-16T15:32:35Z</time>
			</trkpt>
			<trkpt lat="59.938203846487156" lon="30.340028274439344">
				<ele>-3.0702507765963674</ele>
				<time>2022-08-16T15:32:37Z</time>
			</trkpt>
			<trkpt lat="59.93821992613915" lon="30.34006111608051">
				<ele>-2.5203039022162557</ele>
				<time>2022-08-16T15:32:39Z</time>
			</trkpt>
			<trkpt lat="59.938226296831225" lon="30.340110147152146">
				<ele>-2.6397519689053297</ele>
				<time>2022-08-16T15:32:41Z</time>
			</trkpt>
			<trkpt lat="59.93824525592724" lon="30.340164644962282">
				<ele>-0.13624504301697016</ele>
				<time>2022-08-16T15:32:43Z</time>
			</trkpt>
			<trkpt lat="59.93826517553679" lon="30.340179931297477">
				<ele>-0.6109695974737406</ele>
				<time>2022-08-16T15:32:44Z</time>
			</trkpt>
			<trkpt lat="59.938282037270554" lon="30.340217274267687">
				<ele>-0.3647104976698756</ele>
				<time>2022-08-16T15:32:46Z</time>
			</trkpt>
			<trkpt lat="59.93829344099153" lon="30.340251949715476">
				<ele>-0.15881588123738766</ele>
				<time>2022-08-16T15:32:48Z</time>
			</trkpt>
			<trkpt lat="59.938306873178206" lon="30.340304316954644">
				<ele>-1.7203826671466231</ele>
				<time>2022-08-16T15:32:51Z</time>
			</trkpt>
			<trkpt lat="59.9383223096432" lon="30.34036023580205">
				<ele>0.315595431253314</ele>
				<time>2022-08-16T15:32:53Z</time>
			</trkpt>
			<trkpt lat="59.938344996280065" lon="30.340392643411473">
				<ele>1.7976564886048436</ele>
				<time>2022-08-16T15:32:55Z</time>
			</trkpt>
			<trkpt lat="59.938362726676786" lon="30.34040060148591">
				<ele>1.9263602932915092</ele>
				<time>2022-08-16T15:32:57Z</time>
			</trkpt>
			<trkpt lat="59.93838319254337" lon="30.340419025395537">
				<ele>5.2772140223532915</ele>
				<time>2022-08-16T15:32:59Z</time>
			</trkpt>
			<trkpt lat="59.93839791473361" lon="30.340460746173452">
				<ele>4.191380380652845</ele>
				<time>2022-08-16T15:33:01Z</time>
			</trkpt>
			<trkpt lat="59.93839579656939" lon="30.34050967440758">
				<ele>2.882192105986178</ele>
				<time>2022-08-16T15:33:03Z</time>
			</trkpt>
			<trkpt lat="59.938393157098695" lon="30.340554839229558">
				<ele>3.362646333873272</ele>
				<time>2022-08-16T15:33:05Z</time>
			</trkpt>
			<trkpt lat="59.938385024230264" lon="30.34060865493778">
				<ele>2.1063677547499537</ele>
				<time>2022-08-16T15:33:07Z</time>
			</trkpt>
			<trkpt lat="59.9383871446691" lon="30.34064846266544">
				<ele>3.741699908860028</ele>
				<time>2022-08-16T15:33:09Z</time>
			</trkpt>
			<trkpt lat="59.93838028837474" lon="30.340703469217164">
				<ele>-0.37806701473891735</ele>
				<time>2022-08-16T15:33:11Z</time>
			</trkpt>
			<trkpt lat="59.938376487785554" lon="30.340756346298">
				<ele>-1.0376961128786206</ele>
				<time>2022-08-16T15:33:13Z</time>
			</trkpt>
			<trkpt lat="59.93836899065319" lon="30.340823661957497">
				<ele>-1.8750808564946055</ele>
				<time>2022-08-16T15:33:15Z</time>
			</trkpt>
			<trkpt lat="59.93836794603163" lon="30.34087918025381">
				<ele>0.9649728210642934</ele>
				<time>2022-08-16T15:33:17Z</time>
			</trkpt>
			<trkpt lat="59.93837070549352" lon="30.340916195453588">
				<ele>0.7323929462581873</ele>
				<time>2022-08-16T15:33:19Z</time>
			</trkpt>
			<trkpt lat="59.938347747591784" lon="30.340966307728586">
				<ele>3.1862096628174186</ele>
				<time>2022-08-16T15:33:21Z</time>
			</trkpt>
			<trkpt lat="59.93833921569734" lon="30.341009416164088">
				<ele>2.0030601676553488</ele>
				<time>2022-08-16T15:33:23Z</time>
			</trkpt>
			<trkpt lat="59.93833140744997" lon="30.341050969559557">
				<ele>1.9812360908836126</ele>
				<time>2022-08-16T15:33:25Z</time>
			</trkpt>
			<trkpt lat="59.938308316745996" lon="30.341053751202086">
				<ele>4.261320789344609</ele>
				<time>2022-08-16T15:33:26Z</time>
			</trkpt>
			<trkpt lat="59.93830191848104" lon="30.341096658389567">
				<ele>3.891417173668742</ele>
				<time>2022-08-16T15:33:28Z</time>
			</trkpt>
			<trkpt lat="59.93828862055858" lon="30.341135649692916">
				<ele>4.207652731798589</ele>
				<time>2022-08-16T15:33:30Z</time>
			</trkpt>
			<trkpt lat="59.93827661169888" lon="30.34117557945294">
				<ele>8.21888635121286</ele>
				<time>2022-08-16T15:33:32Z</time>
			</trkpt>
			<trkpt lat="59.93826724611241" lon="30.34121563169168">
				<ele>4.843491769395769</ele>
				<time>2022-08-16T15:33:34Z</time>
			</trkpt>
			<trkpt lat="59.9382515899721" lon="30.341251326878396">
				<ele>6.4989060908555984</ele>
				<time>2022-08-16T15:33:36Z</time>
			</trkpt>
			<trkpt lat="59.93824230296165" lon="30.341286084862478">
				<ele>7.878245801664889</ele>
				<time>2022-08-16T15:33:38Z</time>
			</trkpt>
			<trkpt lat="59.93822303543957" lon="30.341294963917157">
				<ele>6.738973048515618</ele>
				<time>2022-08-16T15:33:40Z</time>
			</trkpt>
			<trkpt lat="59.93822056641713" lon="30.341353178019045">
				<ele>11.92580296099186</ele>
				<time>2022-08-16T15:33:42Z</time>
			</trkpt>
			<trkpt lat="59.938224522307586" lon="30.341398409148923">
				<ele>7.661633362062275</ele>
				<time>2022-08-16T15:33:44Z</time>
			</trkpt>
			<trkpt lat="59.93820083083652" lon="30.34137522152335">
				<ele>7.272213556803763</ele>
				<time>2022-08-16T15:33:45Z</time>
			</trkpt>
			<trkpt lat="59.9382002928875" lon="30.341420019812183">
				<ele>10.159834642894566</ele>
				<time>2022-08-16T15:33:47Z</time>
			</trkpt>
			<trkpt lat="59.93822064608344" lon="30.341481385307087">
				<ele>9.22536358423531</ele>
				<time>2022-08-16T15:33:48Z</time>
			</trkpt>
			<trkpt lat="59.93821279255474" lon="30.341536812468707">
				<ele>12.482005477882922</ele>
				<time>2022-08-16T15:33:50Z</time>
			</trkpt>
			<trkpt lat="59.93822892061589" lon="30.341589337235302">
				<ele>7.411683765240014</ele>
				<time>2022-08-16T15:33:54Z</time>
			</trkpt>
			<trkpt lat="59.938222843346765" lon="30.34162818132153">
				<ele>6.316229248419404</ele>
				<time>2022-08-16T15:33:55Z</time>
			</trkpt>
			<trkpt lat="59.93824504362711" lon="30.341650255489192">
				<ele>6.594996206462383</ele>
				<time>2022-08-16T15:33:57Z</time>
			</trkpt>
			<trkpt lat="59.938253983054544" lon="30.34169457941728">
				<ele>5.512004220858216</ele>
				<time>2022-08-16T15:34:01Z</time>
			</trkpt>
			<trkpt lat="59.93827791196502" lon="30.341719680269268">
				<ele>6.786580730229616</ele>
				<time>2022-08-16T15:34:04Z</time>
			</trkpt>
			<trkpt lat="59.938297891944686" lon="30.341733893420535">
				<ele>7.1190964402630925</ele>
				<time>2022-08-16T15:34:06Z</time>
			</trkpt>
			<trkpt lat="59.9383098432573" lon="30.341775905907145">
				<ele>6.034618452191353</ele>
				<time>2022-08-16T15:34:08Z</time>
			</trkpt>
			<trkpt lat="59.93831778639275" lon="30.34180935054356">
				<ele>8.24465618468821</ele>
				<time>2022-08-16T15:34:09Z</time>
			</trkpt>
			<trkpt lat="59.93830871254332" lon="30.341845652080934">
				<ele>3.2909195497632027</ele>
				<time>2022-08-16T15:34:10Z</time>
			</trkpt>
			<trkpt lat="59.938327210197144" lon="30.341863175203535">
				<ele>2.975900337100029</ele>
				<time>2022-08-16T15:34:11Z</time>
			</trkpt>
			<trkpt lat="59.938346002202046" lon="30.341868200955354">
				<ele>3.944642617367208</ele>
				<time>2022-08-16T15:34:13Z</time>
			</trkpt>
			<trkpt lat="59.93836403836541" lon="30.34190202234599">
				<ele>4.516878399066627</ele>
				<time>2022-08-16T15:34:15Z</time>
			</trkpt>
			<trkpt lat="59.93837362658316" lon="30.341944545429097">
				<ele>3.05430006980896</ele>
				<time>2022-08-16T15:34:17Z</time>
			</trkpt>
			<trkpt lat="59.938381633921594" lon="30.341990032057307">
				<ele>3.614755834452808</ele>
				<time>2022-08-16T15:34:19Z</time>
			</trkpt>
			<trkpt lat="59.93835495842034" lon="30.34200821631197">
				<ele>1.5220683878287673</ele>
				<time>2022-08-16T15:34:21Z</time>
			</trkpt>
			<trkpt lat="59.93833522500813" lon="30.34199385955811">
				<ele>0.8255238579586148</ele>
				<time>2022-08-16T15:34:22Z</time>
			</trkpt>
			<trkpt lat="59.93830226398845" lon="30.342020360382215">
				<ele>2.2446896228939295</ele>
				<time>2022-08-16T15:34:24Z</time>
			</trkpt>
			<trkpt lat="59.93827560896735" lon="30.3420528187375">
				<ele>1.711216882802546</ele>
				<time>2022-08-16T15:34:26Z</time>
			</trkpt>
			<trkpt lat="59.93825773226579" lon="30.34208970189052">
				<ele>1.0859638005495071</ele>
				<time>2022-08-16T15:34:28Z</time>
			</trkpt>
			<trkpt lat="59.93823900475784" lon="30.34211202149698">
				<ele>0.195442040450871</ele>
				<time>2022-08-16T15:34:30Z</time>
			</trkpt>
			<trkpt lat="59.93822204052765" lon="30.342138862071952">
				<ele>0.8088508052751422</ele>
				<time>2022-08-16T15:34:32Z</time>
			</trkpt>
			<trkpt lat="59.938201194747094" lon="30.342157827216543">
				<ele>2.9961346350610256</ele>
				<time>2022-08-16T15:34:35Z</time>
			</trkpt>
			<trkpt lat="59.93817890838263" lon="30.342175478965792">
				<ele>2.928619238547981</ele>
				<time>2022-08-16T15:34:38Z</time>
			</trkpt>
			<trkpt lat="59.93816396421099" lon="30.34219591110242">
				<ele>2.6234619980677962</ele>
				<time>2022-08-16T15:34:40Z</time>
			</trkpt>
			<trkpt lat="59.938163072000734" lon="30.342235496643625">
				<ele>2.1655825302004814</ele>
				<time>2022-08-16T15:34:42Z</time>
			</trkpt>
			<trkpt lat="59.93816881514018" lon="30.342285332531347">
				<ele>0.603711455129087</ele>
				<time>2022-08-16T15:34:45Z</time>
			</trkpt>
			<trkpt lat="59.93817282348274" lon="30.34238078620152">
				<ele>1.9617970017716289</ele>
				<time>2022-08-16T15:34:47Z</time>
			</trkpt>
			<trkpt lat="59.93816982459633" lon="30.342454662774593">
				<ele>1.5749592166393995</ele>
				<time>2022-08-16T15:34:48Z</time>
			</trkpt>
			<trkpt lat="59.93816913649023" lon="30.342500379372773">
				<ele>1.406441118568182</ele>
				<time>2022-08-16T15:34:49Z</time>
			</trkpt>
			<trkpt lat="59.938149969135004" lon="30.342542352068232">
				<ele>-0.4004203425720334</ele>
				<time>2022-08-16T15:34:51Z</time>
			</trkpt>
			<trkpt lat="59.93812570898321" lon="30.342580491978147">
				<ele>-2.501259216107428</ele>
				<time>2022-08-16T15:34:53Z</time>
			</trkpt>
			<trkpt lat="59.938099448524866" lon="30.342620072315547">
				<ele>0.49519155267626047</ele>
				<time>2022-08-16T15:34:55Z</time>
			</trkpt>
			<trkpt lat="59.93808252250108" lon="30.342653846500752">
				<ele>0.7387764826416969</ele>
				<time>2022-08-16T15:34:57Z</time>
			</trkpt>
			<trkpt lat="59.93808334076556" lon="30.342698158378063">
				<ele>1.6679998375475407</ele>
				<time>2022-08-16T15:34:59Z</time>
			</trkpt>
			<trkpt lat="59.93808919633868" lon="30.342739034717553">
				<ele>1.1595679624006152</ele>
				<time>2022-08-16T15:35:01Z</time>
			</trkpt>
			<trkpt lat="59.93809025246658" lon="30.342801137598876">
				<ele>1.3287427201867104</ele>
				<time>2022-08-16T15:35:03Z</time>
			</trkpt>
			<trkpt lat="59.938097785763" lon="30.342841207322017">
				<ele>-0.07386013586074114</ele>
				<time>2022-08-16T15:35:06Z</time>
			</trkpt>
			<trkpt lat="59.93810678198474" lon="30.342886863827673">
				<ele>1.0937404036521912</ele>
				<time>2022-08-16T15:35:08Z</time>
			</trkpt>
			<trkpt lat="59.938114965788444" lon="30.34294346320091">
				<ele>1.2225854471325874</ele>
				<time>2022-08-16T15:35:10Z</time>
			</trkpt>
			<trkpt lat="59.938121391047126" lon="30.34297790881101">
				<ele>1.5638651996850967</ele>
				<time>2022-08-16T15:35:12Z</time>
			</trkpt>
			<trkpt lat="59.93812679605707" lon="30.34301428498491">
				<ele>2.5319468891248107</ele>
				<time>2022-08-16T15:35:14Z</time>
			</trkpt>
			<trkpt lat="59.93813128224629" lon="30.343078759433773">
				<ele>3.2479401798918843</ele>
				<time>2022-08-16T15:35:16Z</time>
			</trkpt>
			<trkpt lat="59.93813571066048" lon="30.34312585015497">
				<ele>2.280749414116144</ele>
				<time>2022-08-16T15:35:19Z</time>
			</trkpt>
			<trkpt lat="59.93814009465318" lon="30.34316474828134">
				<ele>3.199170269072056</ele>
				<time>2022-08-16T15:35:21Z</time>
			</trkpt>
			<trkpt lat="59.93814322612084" lon="30.343214360975097">
				<ele>3.1073719523847103</ele>
				<time>2022-08-16T15:35:23Z</time>
			</trkpt>
			<trkpt lat="59.93815142163333" lon="30.34325632609298">
				<ele>4.042830280028284</ele>
				<time>2022-08-16T15:35:25Z</time>
			</trkpt>
			<trkpt lat="59.93815296768574" lon="30.3432957464559">
				<ele>3.8974212436005473</ele>
				<time>2022-08-16T15:35:27Z</time>
			</trkpt>
			<trkpt lat="59.938154438480396" lon="30.343336837377937">
				<ele>0.8837449830025434</ele>
				<time>2022-08-16T15:35:29Z</time>
			</trkpt>
			<trkpt lat="59.938159717770276" lon="30.34337656940974">
				<ele>1.5335853258147836</ele>
				<time>2022-08-16T15:35:31Z</time>
			</trkpt>
			<trkpt lat="59.938163546980675" lon="30.34341417534525">
				<ele>2.47137969173491</ele>
				<time>2022-08-16T15:35:33Z</time>
			</trkpt>
			<trkpt lat="59.938165615724515" lon="30.34346380917174">
				<ele>1.8355858949944377</ele>
				<time>2022-08-16T15:35:35Z</time>
			</trkpt>
			<trkpt lat="59.938168360058164" lon="30.343510843736244">
				<ele>1.8523351131007075</ele>
				<time>2022-08-16T15:35:37Z</time>
			</trkpt>
			<trkpt lat="59.938181685534026" lon="30.34355100196593">
				<ele>1.808355146087706</ele>
				<time>2022-08-16T15:35:39Z</time>
			</trkpt>
			<trkpt lat="59.93818534205263" lon="30.34359260083479">
				<ele>2.3673489140346646</ele>
				<time>2022-08-16T15:35:41Z</time>
			</trkpt>
			<trkpt lat="59.93818601195464" lon="30.343655708148045">
				<ele>1.4576116362586617</ele>
				<time>2022-08-16T15:35:43Z</time>
			</trkpt>
			<trkpt lat="59.93819537440631" lon="30.343692184759682">
				<ele>1.481542969122529</ele>
				<time>2022-08-16T15:35:45Z</time>
			</trkpt>
			<trkpt lat="59.93822318598074" lon="30.34372576794745">
				<ele>1.399247970432043</ele>
				<time>2022-08-16T15:35:48Z</time>
			</trkpt>
			<trkpt lat="59.93823182249264" lon="30.343778577840506">
				<ele>1.4707358814775944</ele>
				<time>2022-08-16T15:35:50Z</time>
			</trkpt>
			<trkpt lat="59.93824273225069" lon="30.34384096293103">
				<ele>2.0377497570589185</ele>
				<time>2022-08-16T15:35:52Z</time>
			</trkpt>
			<trkpt lat="59.938251677367965" lon="30.343892603655377">
				<ele>1.1201103944331408</ele>
				<time>2022-08-16T15:35:54Z</time>
			</trkpt>
			<trkpt lat="59.93825488509631" lon="30.343931999416576">
				<ele>-1.6853653145954013</ele>
				<time>2022-08-16T15:35:57Z</time>
			</trkpt>
			<trkpt lat="59.938271291049894" lon="30.343981931166006">
				<ele>-0.5694770468398929</ele>
				<time>2022-08-16T15:35:58Z</time>
			</trkpt>
			<trkpt lat="59.93828509840267" lon="30.344047016738852">
				<ele>-0.8611754504963756</ele>
				<time>2022-08-16T15:36:00Z</time>
			</trkpt>
			<trkpt lat="59.938288139470515" lon="30.344111033943648">
				<ele>0.02416048478335142</ele>
				<time>2022-08-16T15:36:03Z</time>
			</trkpt>
			<trkpt lat="59.93830825699246" lon="30.34413185278576">
				<ele>0.005845127627253532</ele>
				<time>2022-08-16T15:36:06Z</time>
			</trkpt>
			<trkpt lat="59.93830898716028" lon="30.344182376591508">
				<ele>0.30553488805890083</ele>
				<time>2022-08-16T15:36:09Z</time>
			</trkpt>
			<trkpt lat="59.93832303074357" lon="30.344209851119828">
				<ele>0.2758908625692129</ele>
				<time>2022-08-16T15:36:12Z</time>
			</trkpt>
			<trkpt lat="59.938340073386144" lon="30.34417586046709">
				<ele>0.5934140160679817</ele>
				<time>2022-08-16T15:36:20Z</time>
			</trkpt>
			<trkpt lat="59.93837919613397" lon="30.34415387102628">
				<ele>0.5277190282940865</ele>
				<time>2022-08-16T15:36:22Z</time>
			</trkpt>
			<trkpt lat="59.93835032673646" lon="30.344162381643766">
				<ele>1.3499388135969639</ele>
				<time>2022-08-16T15:36:23Z</time>
			</trkpt>
			<trkpt lat="59.93832950474672" lon="30.344169593509765">
				<ele>2.2628308506682515</ele>
				<time>2022-08-16T15:36:24Z</time>
			</trkpt>
			<trkpt lat="59.93830505464441" lon="30.344180100681427">
				<ele>2.3488394170999527</ele>
				<time>2022-08-16T15:36:25Z</time>
			</trkpt>
			<trkpt lat="59.93829604061473" lon="30.344216291467678">
				<ele>2.016707746312022</ele>
				<time>2022-08-16T15:36:26Z</time>
			</trkpt>
			<trkpt lat="59.93831781422227" lon="30.344215423076463">
				<ele>1.3439838262274861</ele>
				<time>2022-08-16T15:36:27Z</time>
			</trkpt>
			<trkpt lat="59.93832339216594" lon="30.344255872816436">
				<ele>1.55124631524086</ele>
				<time>2022-08-16T15:36:30Z</time>
			</trkpt>
			<trkpt lat="59.93832311573267" lon="30.344308791640024">
				<ele>1.62594626378268</ele>
				<time>2022-08-16T15:36:33Z</time>
			</trkpt>
			<trkpt lat="59.938325993387174" lon="30.344357998367396">
				<ele>1.858828173018992</ele>
				<time>2022-08-16T15:36:36Z</time>
			</trkpt>
			<trkpt lat="59.93832278918992" lon="30.34440520162649">
				<ele>1.4458394031971693</ele>
				<time>2022-08-16T15:36:38Z</time>
			</trkpt>
			<trkpt lat="59.93832047105241" lon="30.344443120983364">
				<ele>1.517814072780311</ele>
				<time>2022-08-16T15:36:40Z</time>
			</trkpt>
			<trkpt lat="59.93832218576012" lon="30.34450303488613">
				<ele>1.1940924311056733</ele>
				<time>2022-08-16T15:36:43Z</time>
			</trkpt>
			<trkpt lat="59.9383251710378" lon="30.34454659799817">
				<ele>1.2267770320177078</ele>
				<time>2022-08-16T15:36:45Z</time>
			</trkpt>
			<trkpt lat="59.93832577319934" lon="30.344589159056188">
				<ele>3.0338704586029053</ele>
				<time>2022-08-16T15:36:49Z</time>
			</trkpt>
			<trkpt lat="59.938306642438704" lon="30.34465574996441">
				<ele>-3.3844896852970123</ele>
				<time>2022-08-16T15:36:52Z</time>
			</trkpt>
			<trkpt lat="59.938312575802016" lon="30.34471470469698">
				<ele>-2.0925267776474357</ele>
				<time>2022-08-16T15:36:54Z</time>
			</trkpt>
			<trkpt lat="59.93831287573365" lon="30.344754011067565">
				<ele>-1.0743525829166174</ele>
				<time>2022-08-16T15:36:56Z</time>
			</trkpt>
			<trkpt lat="59.93830994819876" lon="30.344807633291662">
				<ele>-0.09336856473237276</ele>
				<time>2022-08-16T15:36:59Z</time>
			</trkpt>
			<trkpt lat="59.93831822867357" lon="30.344867537420356">
				<ele>-0.49783959332853556</ele>
				<time>2022-08-16T15:37:01Z</time>
			</trkpt>
			<trkpt lat="59.93833083369853" lon="30.344918120946325">
				<ele>1.5295065641403198</ele>
				<time>2022-08-16T15:37:03Z</time>
			</trkpt>
			<trkpt lat="59.93834361736236" lon="30.344961164834714">
				<ele>3.225056583993137</ele>
				<time>2022-08-16T15:37:06Z</time>
			</trkpt>
			<trkpt lat="59.9383403578682" lon="30.345012476569355">
				<ele>1.2020301930606365</ele>
				<time>2022-08-16T15:37:10Z</time>
			</trkpt>
			<trkpt lat="59.93833420970298" lon="30.345047528137417">
				<ele>2.33211244083941</ele>
				<time>2022-08-16T15:37:12Z</time>
			</trkpt>
			<trkpt lat="59.938347232478385" lon="30.345092485877622">
				<ele>5.539479799568653</ele>
				<time>2022-08-16T15:37:14Z</time>
			</trkpt>
			<trkpt lat="59.93839583721497" lon="30.345182503483272">
				<ele>5.9514524675905704</ele>
				<time>2022-08-16T15:37:17Z</time>
			</trkpt>
			<trkpt lat="59.9384107799439" lon="30.34520910994506">
				<ele>5.075126677751541</ele>
				<time>2022-08-16T15:37:19Z</time>
			</trkpt>
			<trkpt lat="59.93842976654201" lon="30.345214965891603">
				<ele>7.889903639443219</ele>
				<time>2022-08-16T15:37:21Z</time>
			</trkpt>
			<trkpt lat="59.93846936245595" lon="30.345215609844452">
				<ele>10.232769158668816</ele>
				<time>2022-08-16T15:37:23Z</time>
			</trkpt>
			<trkpt lat="59.93848439632488" lon="30.3452533272175">
				<ele>6.123064891435206</ele>
				<time>2022-08-16T15:37:25Z</time>
			</trkpt>
			<trkpt lat="59.9385158956534" lon="30.34525878525832">
				<ele>7.816452742554247</ele>
				<time>2022-08-16T15:37:27Z</time>
			</trkpt>
			<trkpt lat="59.938534558668515" lon="30.345259472004006">
				<ele>10.098816853016615</ele>
				<time>2022-08-16T15:37:29Z</time>
			</trkpt>
			<trkpt lat="59.938552487087584" lon="30.34526684822118">
				<ele>8.503579234704375</ele>
				<time>2022-08-16T15:37:31Z</time>
			</trkpt>
			<trkpt lat="59.93857807059903" lon="30.345273330403558">
				<ele>9.983451033942401</ele>
				<time>2022-08-16T15:37:33Z</time>
			</trkpt>
			<trkpt lat="59.93859716079247" lon="30.345273463578692">
				<ele>11.206388796679676</ele>
				<time>2022-08-16T15:37:35Z</time>
			</trkpt>
			<trkpt lat="59.93861703020838" lon="30.34527645390617">
				<ele>10.328861678950489</ele>
				<time>2022-08-16T15:37:40Z</time>
			</trkpt>
			<trkpt lat="59.93863622868856" lon="30.34525122350546">
				<ele>15.65141061320901</ele>
				<time>2022-08-16T15:37:43Z</time>
			</trkpt>
			<trkpt lat="59.93865943006196" lon="30.34521358002142">
				<ele>16.35222834907472</ele>
				<time>2022-08-16T15:37:45Z</time>
			</trkpt>
			<trkpt lat="59.93868022676187" lon="30.345179285989094">
				<ele>16.42368480656296</ele>
				<time>2022-08-16T15:37:47Z</time>
			</trkpt>
			<trkpt lat="59.938714401383855" lon="30.345174214844626">
				<ele>15.598528247326612</ele>
				<time>2022-08-16T15:37:48Z</time>
			</trkpt>
			<trkpt lat="59.93871142851194" lon="30.345111099400434">
				<ele>13.358144277706742</ele>
				<time>2022-08-16T15:37:49Z</time>
			</trkpt>
			<trkpt lat="59.93873687447092" lon="30.34513026191177">
				<ele>13.414176573976874</ele>
				<time>2022-08-16T15:37:50Z</time>
			</trkpt>
			<trkpt lat="59.938763391028886" lon="30.3451369902304">
				<ele>11.690661608241498</ele>
				<time>2022-08-16T15:37:53Z</time>
			</trkpt>
			<trkpt lat="59.93878777756108" lon="30.345133587359275">
				<ele>10.092866962775588</ele>
				<time>2022-08-16T15:37:55Z</time>
			</trkpt>
			<trkpt lat="59.938809081476904" lon="30.345116905392455">
				<ele>12.934106627479196</ele>
				<time>2022-08-16T15:37:57Z</time>
			</trkpt>
			<trkpt lat="59.93883290389456" lon="30.345114816391654">
				<ele>11.420117488130927</ele>
				<time>2022-08-16T15:37:59Z</time>
			</trkpt>
			<trkpt lat="59.93885265116177" lon="30.345065005723146">
				<ele>12.487696820870042</ele>
				<time>2022-08-16T15:38:01Z</time>
			</trkpt>
			<trkpt lat="59.938871731888305" lon="30.345032846974803">
				<ele>12.398206268437207</ele>
				<time>2022-08-16T15:38:03Z</time>
			</trkpt>
			<trkpt lat="59.93889316175508" lon="30.345011679905507">
				<ele>15.420191902667284</ele>
				<time>2022-08-16T15:38:05Z</time>
			</trkpt>
			<trkpt lat="59.93891749175551" lon="30.344998396580934">
				<ele>14.268208691850305</ele>
				<time>2022-08-16T15:38:07Z</time>
			</trkpt>
			<trkpt lat="59.938941316393866" lon="30.344984734991698">
				<ele>16.616552321240306</ele>
				<time>2022-08-16T15:38:08Z</time>
			</trkpt>
			<trkpt lat="59.93896890730956" lon="30.34499822369372">
				<ele>15.801104821264744</ele>
				<time>2022-08-16T15:38:10Z</time>
			</trkpt>
			<trkpt lat="59.93900265441678" lon="30.344989079642517">
				<ele>18.516211427748203</ele>
				<time>2022-08-16T15:38:13Z</time>
			</trkpt>
			<trkpt lat="59.93891089038045" lon="30.34508342488967">
				<ele>19.98866632860154</ele>
				<time>2022-08-16T15:38:17Z</time>
			</trkpt>
			<trkpt lat="59.93887270950007" lon="30.345136023560904">
				<ele>17.294242915697396</ele>
				<time>2022-08-16T15:38:18Z</time>
			</trkpt>
			<trkpt lat="59.93889981243436" lon="30.34517630831119">
				<ele>14.579069684259593</ele>
				<time>2022-08-16T15:38:19Z</time>
			</trkpt>
			<trkpt lat="59.9389143608157" lon="30.345221829006753">
				<ele>15.950642358511686</ele>
				<time>2022-08-16T15:38:20Z</time>
			</trkpt>
			<trkpt lat="59.93886355781953" lon="30.345305884285228">
				<ele>3.1141892233863473</ele>
				<time>2022-08-16T15:38:27Z</time>
			</trkpt>
			<trkpt lat="59.93892600164015" lon="30.34518064311761">
				<ele>21.16329533047974</ele>
				<time>2022-08-16T15:38:35Z</time>
			</trkpt>
			<trkpt lat="59.93893918362215" lon="30.34515622698946">
				<ele>20.717019559815526</ele>
				<time>2022-08-16T15:38:44Z</time>
			</trkpt>
			<trkpt lat="59.938963283820925" lon="30.345128738564878">
				<ele>16.20483230892569</ele>
				<time>2022-08-16T15:38:46Z</time>
			</trkpt>
			<trkpt lat="59.93898512597881" lon="30.345116694508906">
				<ele>17.29682329762727</ele>
				<time>2022-08-16T15:38:47Z</time>
			</trkpt>
			<trkpt lat="59.938897034621526" lon="30.345292695494777">
				<ele>19.02768491860479</ele>
				<time>2022-08-16T15:38:49Z</time>
			</trkpt>
			<trkpt lat="59.93887985941999" lon="30.34567745138857">
				<ele>17.354394023306668</ele>
				<time>2022-08-16T15:38:50Z</time>
			</trkpt>
			<trkpt lat="59.9388608128748" lon="30.345921927748265">
				<ele>18.006720053963363</ele>
				<time>2022-08-16T15:38:51Z</time>
			</trkpt>
			<trkpt lat="59.9388508641055" lon="30.34598344037444">
				<ele>23.19454554002732</ele>
				<time>2022-08-16T15:38:53Z</time>
			</trkpt>
			<trkpt lat="59.93884405742954" lon="30.346052661435735">
				<ele>23.00820256769657</ele>
				<time>2022-08-16T15:38:55Z</time>
			</trkpt>
			<trkpt lat="59.938839195575106" lon="30.346091795604384">
				<ele>24.538032623007894</ele>
				<time>2022-08-16T15:38:56Z</time>
			</trkpt>
			<trkpt lat="59.93883743645717" lon="30.346128141879994">
				<ele>23.687429275363684</ele>
				<time>2022-08-16T15:38:57Z</time>
			</trkpt>
			<trkpt lat="59.938836162439976" lon="30.34616768532827">
				<ele>23.92054724227637</ele>
				<time>2022-08-16T15:38:58Z</time>
			</trkpt>
			<trkpt lat="59.93883693621271" lon="30.346209491717765">
				<ele>27.277340532280505</ele>
				<time>2022-08-16T15:38:59Z</time>
			</trkpt>
			<trkpt lat="59.93883810796021" lon="30.346248859886654">
				<ele>29.521400664933026</ele>
				<time>2022-08-16T15:39:00Z</time>
			</trkpt>
			<trkpt lat="59.938840548680524" lon="30.34629817269966">
				<ele>31.634671011939645</ele>
				<time>2022-08-16T15:39:01Z</time>
			</trkpt>
			<trkpt lat="59.938836046361686" lon="30.346347816272615">
				<ele>29.223885843530297</ele>
				<time>2022-08-16T15:39:02Z</time>
			</trkpt>
			<trkpt lat="59.93883401478978" lon="30.34640264067846">
				<ele>30.751878259703517</ele>
				<time>2022-08-16T15:39:03Z</time>
			</trkpt>
			<trkpt lat="59.93883405731976" lon="30.346451899614873">
				<ele>31.06765280570835</ele>
				<time>2022-08-16T15:39:04Z</time>
			</trkpt>
			<trkpt lat="59.938841769979554" lon="30.34668820225061">
				<ele>35.516706234775484</ele>
				<time>2022-08-16T15:39:09Z</time>
			</trkpt>
			<trkpt lat="59.9388421773715" lon="30.34674501979088">
				<ele>36.40317378100008</ele>
				<time>2022-08-16T15:39:10Z</time>
			</trkpt>
			<trkpt lat="59.938852053911994" lon="30.346790198341992">
				<ele>37.982471383176744</ele>
				<time>2022-08-16T15:39:11Z</time>
			</trkpt>
			<trkpt lat="59.938848845560244" lon="30.34682998257117">
				<ele>36.159926230087876</ele>
				<time>2022-08-16T15:39:12Z</time>
			</trkpt>
			<trkpt lat="59.93879979729718" lon="30.34682553393022">
				<ele>36.51456439495087</ele>
				<time>2022-08-16T15:39:13Z</time>
			</trkpt>
			<trkpt lat="59.93879892216544" lon="30.34687728995472">
				<ele>35.06863240059465</ele>
				<time>2022-08-16T15:39:14Z</time>
			</trkpt>
			<trkpt lat="59.93879845518745" lon="30.346920949713475">
				<ele>33.591996158473194</ele>
				<time>2022-08-16T15:39:15Z</time>
			</trkpt>
			<trkpt lat="59.938830106805895" lon="30.346860807948318">
				<ele>36.948950053192675</ele>
				<time>2022-08-16T15:39:16Z</time>
			</trkpt>
			<trkpt lat="59.93905217005088" lon="30.34662742610289">
				<ele>34.82186705712229</ele>
				<time>2022-08-16T15:39:17Z</time>
			</trkpt>
			<trkpt lat="59.9390903512528" lon="30.346593942516492">
				<ele>34.270619347691536</ele>
				<time>2022-08-16T15:39:18Z</time>
			</trkpt>
			<trkpt lat="59.93911690007301" lon="30.346592860947833">
				<ele>35.18761970940977</ele>
				<time>2022-08-16T15:39:19Z</time>
			</trkpt>
			<trkpt lat="59.93911793024626" lon="30.34663715995996">
				<ele>34.07417093310505</ele>
				<time>2022-08-16T15:39:21Z</time>
			</trkpt>
			<trkpt lat="59.93911891608932" lon="30.346675809206516">
				<ele>35.17458577733487</ele>
				<time>2022-08-16T15:39:23Z</time>
			</trkpt>
			<trkpt lat="59.939112449322266" lon="30.346718522693376">
				<ele>39.87563382089138</ele>
				<time>2022-08-16T15:39:26Z</time>
			</trkpt>
			<trkpt lat="59.93911089130199" lon="30.346757295591537">
				<ele>40.23306803684682</ele>
				<time>2022-08-16T15:39:28Z</time>
			</trkpt>
			<trkpt lat="59.939100571356725" lon="30.346794152590434">
				<ele>34.631025589071214</ele>
				<time>2022-08-16T15:39:32Z</time>
			</trkpt>
			<trkpt lat="59.939098216113905" lon="30.346797088516517">
				<ele>34.70641961414367</ele>
				<time>2022-08-16T15:39:33Z</time>
			</trkpt>
			<trkpt lat="59.93909951623383" lon="30.346905294044383">
				<ele>39.87912260834128</ele>
				<time>2022-08-16T15:39:44Z</time>
			</trkpt>
			<trkpt lat="59.93909304883242" lon="30.346911768118837">
				<ele>40.44641625974327</ele>
				<time>2022-08-16T15:39:45Z</time>
			</trkpt>
			<trkpt lat="59.939104258832145" lon="30.34684005465042">
				<ele>39.86999989114702</ele>
				<time>2022-08-16T15:39:47Z</time>
			</trkpt>
			<trkpt lat="59.93885135723673" lon="30.346905177105608">
				<ele>36.62213029153645</ele>
				<time>2022-08-16T15:39:48Z</time>
			</trkpt>
			<trkpt lat="59.93886222899466" lon="30.346811805339026">
				<ele>39.042499175295234</ele>
				<time>2022-08-16T15:39:49Z</time>
			</trkpt>
			<trkpt lat="59.93888648871748" lon="30.34674374566036">
				<ele>40.19676602259278</ele>
				<time>2022-08-16T15:39:50Z</time>
			</trkpt>
			<trkpt lat="59.938902874225434" lon="30.346698928568937">
				<ele>41.40045211557299</ele>
				<time>2022-08-16T15:39:51Z</time>
			</trkpt>
			<trkpt lat="59.93892813498461" lon="30.346631175553984">
				<ele>37.71139068715274</ele>
				<time>2022-08-16T15:39:52Z</time>
			</trkpt>
			<trkpt lat="59.9389341675856" lon="30.3465958178024">
				<ele>39.8853934109211</ele>
				<time>2022-08-16T15:39:57Z</time>
			</trkpt>
			<trkpt lat="59.938961134503316" lon="30.34654851545081">
				<ele>37.87881391495466</ele>
				<time>2022-08-16T15:40:02Z</time>
			</trkpt>
			<trkpt lat="59.93898541668312" lon="30.34642960257426">
				<ele>41.46049201488495</ele>
				<time>2022-08-16T15:40:09Z</time>
			</trkpt>
			<trkpt lat="59.93911416392292" lon="30.346379465562848">
				<ele>50.1498098205775</ele>
				<time>2022-08-16T15:40:24Z</time>
			</trkpt>
			<trkpt lat="59.938982171928835" lon="30.346373102432967">
				<ele>52.2626946605742</ele>
				<time>2022-08-16T15:40:25Z</time>
			</trkpt>
			<trkpt lat="59.9389720384836" lon="30.346010708954577">
				<ele>51.59150494914502</ele>
				<time>2022-08-16T15:40:26Z</time>
			</trkpt>
			<trkpt lat="59.93898656117531" lon="30.345994963444173">
				<ele>52.329594002105296</ele>
				<time>2022-08-16T15:40:27Z</time>
			</trkpt>
			<trkpt lat="59.939059071561736" lon="30.34580017150772">
				<ele>53.27251631487161</ele>
				<time>2022-08-16T15:40:28Z</time>
			</trkpt>
			<trkpt lat="59.93909689863244" lon="30.345674936877344">
				<ele>52.73806097358465</ele>
				<time>2022-08-16T15:40:29Z</time>
			</trkpt>
			<trkpt lat="59.939125735355475" lon="30.345584142130804">
				<ele>52.08327163755894</ele>
				<time>2022-08-16T15:40:30Z</time>
			</trkpt>
			<trkpt lat="59.939148539705094" lon="30.345481826796703">
				<ele>49.36063876841217</ele>
				<time>2022-08-16T15:40:32Z</time>
			</trkpt>
			<trkpt lat="59.93914063692817" lon="30.34552428918105">
				<ele>45.302140039391816</ele>
				<time>2022-08-16T15:40:34Z</time>
			</trkpt>
			<trkpt lat="59.93913073678489" lon="30.345554309921745">
				<ele>41.75678969733417</ele>
				<time>2022-08-16T15:40:35Z</time>
			</trkpt>
			<trkpt lat="59.939143477019726" lon="30.345588366446417">
				<ele>32.15416917204857</ele>
				<time>2022-08-16T15:40:40Z</time>
			</trkpt>
			<trkpt lat="59.9391667190277" lon="30.34558154070917">
				<ele>30.556895731016994</ele>
				<time>2022-08-16T15:40:43Z</time>
			</trkpt>
			<trkpt lat="59.939191151470375" lon="30.345582220638843">
				<ele>26.200639284215868</ele>
				<time>2022-08-16T15:40:46Z</time>
			</trkpt>
			<trkpt lat="59.93921011106964" lon="30.345560228227015">
				<ele>22.811526554636657</ele>
				<time>2022-08-16T15:40:48Z</time>
			</trkpt>
			<trkpt lat="59.93922802161023" lon="30.34554003185188">
				<ele>19.663239227607846</ele>
				<time>2022-08-16T15:40:50Z</time>
			</trkpt>
			<trkpt lat="59.93924752823339" lon="30.345512727187753">
				<ele>19.48908360209316</ele>
				<time>2022-08-16T15:40:52Z</time>
			</trkpt>
			<trkpt lat="59.939268428983944" lon="30.3453506812824">
				<ele>12.215905181132257</ele>
				<time>2022-08-16T15:40:53Z</time>
			</trkpt>
			<trkpt lat="59.939284504555275" lon="30.345312073909604">
				<ele>11.277293975465</ele>
				<time>2022-08-16T15:40:54Z</time>
			</trkpt>
			<trkpt lat="59.939292022507956" lon="30.345275464754618">
				<ele>5.733060568571091</ele>
				<time>2022-08-16T15:40:56Z</time>
			</trkpt>
			<trkpt lat="59.93931605239949" lon="30.3452643728004">
				<ele>5.205018486827612</ele>
				<time>2022-08-16T15:40:58Z</time>
			</trkpt>
			<trkpt lat="59.939333154340126" lon="30.345251579911523">
				<ele>6.5508635975420475</ele>
				<time>2022-08-16T15:40:59Z</time>
			</trkpt>
			<trkpt lat="59.93935331945813" lon="30.345235606057305">
				<ele>5.809696548618376</ele>
				<time>2022-08-16T15:41:01Z</time>
			</trkpt>
			<trkpt lat="59.93937212331023" lon="30.3452439433278">
				<ele>5.824998113326728</ele>
				<time>2022-08-16T15:41:03Z</time>
			</trkpt>
			<trkpt lat="59.93939526300279" lon="30.34525222704819">
				<ele>6.1508970614522696</ele>
				<time>2022-08-16T15:41:05Z</time>
			</trkpt>
			<trkpt lat="59.93942050998531" lon="30.34526210959047">
				<ele>6.8728280402719975</ele>
				<time>2022-08-16T15:41:07Z</time>
			</trkpt>
			<trkpt lat="59.939441324493" lon="30.34526314001372">
				<ele>7.0786996353417635</ele>
				<time>2022-08-16T15:41:09Z</time>
			</trkpt>
			<trkpt lat="59.939466327472864" lon="30.345275737786135">
				<ele>10.37835433986038</ele>
				<time>2022-08-16T15:41:11Z</time>
			</trkpt>
			<trkpt lat="59.93949071518836" lon="30.3452820743523">
				<ele>11.311536971479654</ele>
				<time>2022-08-16T15:41:16Z</time>
			</trkpt>
			<trkpt lat="59.93954600735422" lon="30.34529648423534">
				<ele>10.718837327323854</ele>
				<time>2022-08-16T15:41:18Z</time>
			</trkpt>
			<trkpt lat="59.939571863997955" lon="30.345270895375613">
				<ele>12.421833015978336</ele>
				<time>2022-08-16T15:41:21Z</time>
			</trkpt>
			<trkpt lat="59.9395998388793" lon="30.345267987047055">
				<ele>14.185877196490765</ele>
				<time>2022-08-16T15:41:23Z</time>
			</trkpt>
			<trkpt lat="59.939621366518345" lon="30.345246159747546">
				<ele>13.754450056701899</ele>
				<time>2022-08-16T15:41:24Z</time>
			</trkpt>
			<trkpt lat="59.93964551365309" lon="30.345237415573727">
				<ele>14.939760223031044</ele>
				<time>2022-08-16T15:41:26Z</time>
			</trkpt>
			<trkpt lat="59.93967088915563" lon="30.34527685993401">
				<ele>15.556530489586294</ele>
				<time>2022-08-16T15:41:28Z</time>
			</trkpt>
			<trkpt lat="59.93969833762084" lon="30.345283989348072">
				<ele>15.961219436489046</ele>
				<time>2022-08-16T15:41:31Z</time>
			</trkpt>
			<trkpt lat="59.93972791645414" lon="30.345259555458803">
				<ele>17.984767536632717</ele>
				<time>2022-08-16T15:41:34Z</time>
			</trkpt>
			<trkpt lat="59.93976191915632" lon="30.345275351794896">
				<ele>22.646123819984496</ele>
				<time>2022-08-16T15:41:36Z</time>
			</trkpt>
			<trkpt lat="59.93978877805502" lon="30.3452869382152">
				<ele>21.01954872533679</ele>
				<time>2022-08-16T15:41:38Z</time>
			</trkpt>
			<trkpt lat="59.9398071940943" lon="30.345302336421344">
				<ele>23.643347426317632</ele>
				<time>2022-08-16T15:41:39Z</time>
			</trkpt>
			<trkpt lat="59.93982429484713" lon="30.3453351230255">
				<ele>22.14496607054025</ele>
				<time>2022-08-16T15:41:40Z</time>
			</trkpt>
			<trkpt lat="59.93979968009315" lon="30.345307219188875">
				<ele>21.291969440877438</ele>
				<time>2022-08-16T15:41:41Z</time>
			</trkpt>
			<trkpt lat="59.93982111808385" lon="30.345254519205312">
				<ele>23.345497134141624</ele>
				<time>2022-08-16T15:41:43Z</time>
			</trkpt>
			<trkpt lat="59.939824712558156" lon="30.345187467426744">
				<ele>18.17496664915234</ele>
				<time>2022-08-16T15:41:44Z</time>
			</trkpt>
			<trkpt lat="59.93985215535056" lon="30.34518080319551">
				<ele>14.82503573410213</ele>
				<time>2022-08-16T15:41:46Z</time>
			</trkpt>
			<trkpt lat="59.93982811009025" lon="30.345283614147025">
				<ele>8.197275086306036</ele>
				<time>2022-08-16T15:41:48Z</time>
			</trkpt>
			<trkpt lat="59.9398553305766" lon="30.34530265252098">
				<ele>5.986667420715094</ele>
				<time>2022-08-16T15:41:50Z</time>
			</trkpt>
			<trkpt lat="59.93987781787349" lon="30.345296521667724">
				<ele>5.681921724230051</ele>
				<time>2022-08-16T15:41:52Z</time>
			</trkpt>
			<trkpt lat="59.93990588865459" lon="30.345300815438968">
				<ele>5.535194982774556</ele>
				<time>2022-08-16T15:41:54Z</time>
			</trkpt>
			<trkpt lat="59.939929579149236" lon="30.34529312671671">
				<ele>2.597976357676089</ele>
				<time>2022-08-16T15:41:56Z</time>
			</trkpt>
			<trkpt lat="59.9399504066738" lon="30.345283006150893">
				<ele>6.364506763406098</ele>
				<time>2022-08-16T15:41:58Z</time>
			</trkpt>
			<trkpt lat="59.93996800527651" lon="30.345238674384436">
				<ele>5.260801776312292</ele>
				<time>2022-08-16T15:42:00Z</time>
			</trkpt>
			<trkpt lat="59.9400030959566" lon="30.34530956398574">
				<ele>8.96613448485732</ele>
				<time>2022-08-16T15:42:02Z</time>
			</trkpt>
			<trkpt lat="59.940020778245554" lon="30.345340682049848">
				<ele>10.432635793462396</ele>
				<time>2022-08-16T15:42:03Z</time>
			</trkpt>
			<trkpt lat="59.940014750415536" lon="30.34528670100731">
				<ele>9.836914257146418</ele>
				<time>2022-08-16T15:42:05Z</time>
			</trkpt>
			<trkpt lat="59.9400450056133" lon="30.34529442214302">
				<ele>11.361212279647589</ele>
				<time>2022-08-16T15:42:07Z</time>
			</trkpt>
			<trkpt lat="59.940055094326496" lon="30.345259858608593">
				<ele>10.359657092951238</ele>
				<time>2022-08-16T15:42:08Z</time>
			</trkpt>
			<trkpt lat="59.94007173502804" lon="30.345276628739853">
				<ele>10.076977871358395</ele>
				<time>2022-08-16T15:42:09Z</time>
			</trkpt>
			<trkpt lat="59.94009687045414" lon="30.345262669539814">
				<ele>13.049401300027966</ele>
				<time>2022-08-16T15:42:11Z</time>
			</trkpt>
			<trkpt lat="59.940114975994454" lon="30.34525596174753">
				<ele>13.492851838469505</ele>
				<time>2022-08-16T15:42:12Z</time>
			</trkpt>
			<trkpt lat="59.94013495580707" lon="30.345250164242778">
				<ele>13.56992887146771</ele>
				<time>2022-08-16T15:42:14Z</time>
			</trkpt>
			<trkpt lat="59.94011852273463" lon="30.345301555074116">
				<ele>9.07097175810486</ele>
				<time>2022-08-16T15:42:15Z</time>
			</trkpt>
			<trkpt lat="59.940137915915265" lon="30.345308000024698">
				<ele>8.298643147572875</ele>
				<time>2022-08-16T15:42:17Z</time>
			</trkpt>
			<trkpt lat="59.9401682518049" lon="30.345290361816804">
				<ele>11.184282121248543</ele>
				<time>2022-08-16T15:42:19Z</time>
			</trkpt>
			<trkpt lat="59.940190137782" lon="30.34528751680205">
				<ele>11.278863959945738</ele>
				<time>2022-08-16T15:42:21Z</time>
			</trkpt>
			<trkpt lat="59.94020805330761" lon="30.345284134135152">
				<ele>9.795466578565538</ele>
				<time>2022-08-16T15:42:23Z</time>
			</trkpt>
			<trkpt lat="59.94023111994826" lon="30.3452925972144">
				<ele>7.601479125209153</ele>
				<time>2022-08-16T15:42:26Z</time>
			</trkpt>
			<trkpt lat="59.94023870738094" lon="30.34534777471882">
				<ele>5.8960831025615335</ele>
				<time>2022-08-16T15:42:28Z</time>
			</trkpt>
			<trkpt lat="59.940264931132" lon="30.34535344347714">
				<ele>4.20118032861501</ele>
				<time>2022-08-16T15:42:31Z</time>
			</trkpt>
			<trkpt lat="59.94029086822555" lon="30.34535527340092">
				<ele>-0.00866541638970375</ele>
				<time>2022-08-16T15:42:34Z</time>
			</trkpt>
			<trkpt lat="59.940316592317615" lon="30.345353072650923">
				<ele>1.398332460783422</ele>
				<time>2022-08-16T15:42:36Z</time>
			</trkpt>
			<trkpt lat="59.94033697477382" lon="30.345361757017475">
				<ele>0.7069475492462516</ele>
				<time>2022-08-16T15:42:38Z</time>
			</trkpt>
			<trkpt lat="59.940365662526375" lon="30.345372071583792">
				<ele>0.3512196447700262</ele>
				<time>2022-08-16T15:42:41Z</time>
			</trkpt>
			<trkpt lat="59.94038779290871" lon="30.345381055292766">
				<ele>-0.003925437107682228</ele>
				<time>2022-08-16T15:42:43Z</time>
			</trkpt>
			<trkpt lat="59.94041881828914" lon="30.34537344747872">
				<ele>0.790798113681376</ele>
				<time>2022-08-16T15:42:46Z</time>
			</trkpt>
			<trkpt lat="59.94043805123969" lon="30.34537869705354">
				<ele>0.8222949542105198</ele>
				<time>2022-08-16T15:42:48Z</time>
			</trkpt>
			<trkpt lat="59.94045869602698" lon="30.345357565523468">
				<ele>3.3722855607047677</ele>
				<time>2022-08-16T15:42:51Z</time>
			</trkpt>
			<trkpt lat="59.940479844327704" lon="30.345351863329345">
				<ele>1.8289653211832047</ele>
				<time>2022-08-16T15:42:53Z</time>
			</trkpt>
			<trkpt lat="59.94050464345676" lon="30.345342854202958">
				<ele>1.2201903089880943</ele>
				<time>2022-08-16T15:42:56Z</time>
			</trkpt>
			<trkpt lat="59.94051880783777" lon="30.34537013935946">
				<ele>0.9824937134981155</ele>
				<time>2022-08-16T15:42:57Z</time>
			</trkpt>
			<trkpt lat="59.940539575854594" lon="30.345375476065318">
				<ele>3.3798914877697825</ele>
				<time>2022-08-16T15:42:58Z</time>
			</trkpt>
			<trkpt lat="59.94056023354552" lon="30.345376871353277">
				<ele>4.417304101400077</ele>
				<time>2022-08-16T15:42:59Z</time>
			</trkpt>
			<trkpt lat="59.94057229636241" lon="30.34533922736884">
				<ele>2.8651736974716187</ele>
				<time>2022-08-16T15:43:01Z</time>
			</trkpt>
			<trkpt lat="59.94059145379524" lon="30.345325833673485">
				<ele>2.907236554659903</ele>
				<time>2022-08-16T15:43:03Z</time>
			</trkpt>
			<trkpt lat="59.9406094292104" lon="30.345307220109802">
				<ele>2.349984811618924</ele>
				<time>2022-08-16T15:43:06Z</time>
			</trkpt>
			<trkpt lat="59.940631727879726" lon="30.34531426057741">
				<ele>5.429973867721856</ele>
				<time>2022-08-16T15:43:09Z</time>
			</trkpt>
			<trkpt lat="59.94063655903702" lon="30.345272298691082">
				<ele>5.650598879903555</ele>
				<time>2022-08-16T15:43:11Z</time>
			</trkpt>
			<trkpt lat="59.94066604282361" lon="30.34535533710968">
				<ele>4.6647370755672455</ele>
				<time>2022-08-16T15:43:15Z</time>
			</trkpt>
			<trkpt lat="59.94076773611032" lon="30.345307819167203">
				<ele>5.483662823215127</ele>
				<time>2022-08-16T15:43:17Z</time>
			</trkpt>
			<trkpt lat="59.94074158095249" lon="30.345428876625824">
				<ele>3.4263148168101907</ele>
				<time>2022-08-16T15:43:19Z</time>
			</trkpt>
			<trkpt lat="59.94074856620659" lon="30.345394949913736">
				<ele>0.546481347642839</ele>
				<time>2022-08-16T15:43:21Z</time>
			</trkpt>
			<trkpt lat="59.9407737736692" lon="30.345415856161576">
				<ele>-1.1838753130286932</ele>
				<time>2022-08-16T15:43:25Z</time>
			</trkpt>
			<trkpt lat="59.94079636932451" lon="30.34539862672683">
				<ele>-3.5132558289915323</ele>
				<time>2022-08-16T15:43:29Z</time>
			</trkpt>
			<trkpt lat="59.94081925491015" lon="30.345422666115162">
				<ele>-3.4459930043667555</ele>
				<time>2022-08-16T15:43:31Z</time>
			</trkpt>
			<trkpt lat="59.940836814356814" lon="30.345440400649846">
				<ele>-3.48255636356771</ele>
				<time>2022-08-16T15:43:33Z</time>
			</trkpt>
			<trkpt lat="59.94087613342864" lon="30.345433579325913">
				<ele>1.2114481823518872</ele>
				<time>2022-08-16T15:43:35Z</time>
			</trkpt>
			<trkpt lat="59.940902556927256" lon="30.34542900415652">
				<ele>2.089910107664764</ele>
				<time>2022-08-16T15:43:38Z</time>
			</trkpt>
			<trkpt lat="59.9409281458219" lon="30.345426779725646">
				<ele>1.9998550359159708</ele>
				<time>2022-08-16T15:43:40Z</time>
			</trkpt>
			<trkpt lat="59.94094651676692" lon="30.34543180797256">
				<ele>2.7365905502811074</ele>
				<time>2022-08-16T15:43:41Z</time>
			</trkpt>
			<trkpt lat="59.94098392176531" lon="30.34543415430596">
				<ele>2.0943353325128555</ele>
				<time>2022-08-16T15:43:43Z</time>
			</trkpt>
			<trkpt lat="59.94100586281015" lon="30.345454090244548">
				<ele>5.464351205155253</ele>
				<time>2022-08-16T15:43:44Z</time>
			</trkpt>
			<trkpt lat="59.94102103831688" lon="30.34542305096781">
				<ele>-2.6090829744935036</ele>
				<time>2022-08-16T15:43:46Z</time>
			</trkpt>
			<trkpt lat="59.941042071768756" lon="30.345450811993697">
				<ele>1.1005259798839688</ele>
				<time>2022-08-16T15:43:49Z</time>
			</trkpt>
			<trkpt lat="59.94106920929587" lon="30.3454218546617">
				<ele>2.755447966977954</ele>
				<time>2022-08-16T15:43:53Z</time>
			</trkpt>
			<trkpt lat="59.94108153226824" lon="30.345452811636786">
				<ele>3.058886972256005</ele>
				<time>2022-08-16T15:43:55Z</time>
			</trkpt>
			<trkpt lat="59.941099714818044" lon="30.345464372716837">
				<ele>2.166101395152509</ele>
				<time>2022-08-16T15:43:57Z</time>
			</trkpt>
			<trkpt lat="59.94112112060313" lon="30.345477383585383">
				<ele>3.4923395765945315</ele>
				<time>2022-08-16T15:43:59Z</time>
			</trkpt>
			<trkpt lat="59.94114370327487" lon="30.345494953136747">
				<ele>3.5321378437802196</ele>
				<time>2022-08-16T15:44:02Z</time>
			</trkpt>
			<trkpt lat="59.94116219756606" lon="30.345474011738116">
				<ele>1.2336483020335436</ele>
				<time>2022-08-16T15:44:04Z</time>
			</trkpt>
			<trkpt lat="59.941189416221384" lon="30.345470998399318">
				<ele>1.667626808397472</ele>
				<time>2022-08-16T15:44:06Z</time>
			</trkpt>
			<trkpt lat="59.941215674551074" lon="30.345507420567102">
				<ele>-2.3087333580479026</ele>
				<time>2022-08-16T15:44:10Z</time>
			</trkpt>
			<trkpt lat="59.94123865010689" lon="30.34551547591044">
				<ele>-1.3460419410839677</ele>
				<time>2022-08-16T15:44:11Z</time>
			</trkpt>
			<trkpt lat="59.941266609456974" lon="30.3455297018594">
				<ele>-2.033116852864623</ele>
				<time>2022-08-16T15:44:13Z</time>
			</trkpt>
			<trkpt lat="59.94128601631105" lon="30.345531727450062">
				<ele>0.46073674969375134</ele>
				<time>2022-08-16T15:44:14Z</time>
			</trkpt>
			<trkpt lat="59.94130794552106" lon="30.3455001661394">
				<ele>0.46246185153722763</ele>
				<time>2022-08-16T15:44:16Z</time>
			</trkpt>
			<trkpt lat="59.94132690629493" lon="30.345500230257706">
				<ele>3.3169560553506017</ele>
				<time>2022-08-16T15:44:17Z</time>
			</trkpt>
			<trkpt lat="59.941345658853464" lon="30.34549666045193">
				<ele>3.309863210655749</ele>
				<time>2022-08-16T15:44:18Z</time>
			</trkpt>
			<trkpt lat="59.94136701996474" lon="30.345495742487426">
				<ele>3.656550418585539</ele>
				<time>2022-08-16T15:44:20Z</time>
			</trkpt>
			<trkpt lat="59.941384663131174" lon="30.3454674430511">
				<ele>2.640684454701841</ele>
				<time>2022-08-16T15:44:22Z</time>
			</trkpt>
			<trkpt lat="59.941417673109406" lon="30.345449331720424">
				<ele>5.7967327907681465</ele>
				<time>2022-08-16T15:44:24Z</time>
			</trkpt>
			<trkpt lat="59.941436667039824" lon="30.34546868358642">
				<ele>2.475227439776063</ele>
				<time>2022-08-16T15:44:27Z</time>
			</trkpt>
			<trkpt lat="59.9414588567738" lon="30.345465893547292">
				<ele>2.644386355765164</ele>
				<time>2022-08-16T15:44:29Z</time>
			</trkpt>
			<trkpt lat="59.941478196510246" lon="30.345471797949767">
				<ele>0.40508130472153425</ele>
				<time>2022-08-16T15:44:32Z</time>
			</trkpt>
			<trkpt lat="59.941501469445384" lon="30.34546933148509">
				<ele>0.5841337693855166</ele>
				<time>2022-08-16T15:44:34Z</time>
			</trkpt>
			<trkpt lat="59.941522251097744" lon="30.345482088826525">
				<ele>1.0535025084391236</ele>
				<time>2022-08-16T15:44:36Z</time>
			</trkpt>
			<trkpt lat="59.941549958806355" lon="30.345454960513486">
				<ele>1.0885650273412466</ele>
				<time>2022-08-16T15:44:38Z</time>
			</trkpt>
			<trkpt lat="59.94157810636696" lon="30.345446106155553">
				<ele>0.8559870822355151</ele>
				<time>2022-08-16T15:44:41Z</time>
			</trkpt>
			<trkpt lat="59.94160040604058" lon="30.34545971430366">
				<ele>1.7412900133058429</ele>
				<time>2022-08-16T15:44:43Z</time>
			</trkpt>
			<trkpt lat="59.94161885496757" lon="30.345457380981006">
				<ele>1.3512080293148756</ele>
				<time>2022-08-16T15:44:45Z</time>
			</trkpt>
			<trkpt lat="59.94164043509424" lon="30.345487969539494">
				<ele>4.0246819499880075</ele>
				<time>2022-08-16T15:44:47Z</time>
			</trkpt>
			<trkpt lat="59.94167956862891" lon="30.345487750117307">
				<ele>2.535111567005515</ele>
				<time>2022-08-16T15:44:49Z</time>
			</trkpt>
			<trkpt lat="59.94170310404541" lon="30.34548496249995">
				<ele>2.8381568612530828</ele>
				<time>2022-08-16T15:44:51Z</time>
			</trkpt>
			<trkpt lat="59.94169263220173" lon="30.34544511837049">
				<ele>-2.0552861681208014</ele>
				<time>2022-08-16T15:44:52Z</time>
			</trkpt>
			<trkpt lat="59.94170688230266" lon="30.345490062880323">
				<ele>0.43535982072353363</ele>
				<time>2022-08-16T15:44:54Z</time>
			</trkpt>
			<trkpt lat="59.94173384142758" lon="30.345472366955814">
				<ele>0.539477963000536</ele>
				<time>2022-08-16T15:44:56Z</time>
			</trkpt>
			<trkpt lat="59.94176315437659" lon="30.34547509946596">
				<ele>0.6833724677562714</ele>
				<time>2022-08-16T15:44:58Z</time>
			</trkpt>
			<trkpt lat="59.94177855076726" lon="30.345495867624575">
				<ele>0.6621725214645267</ele>
				<time>2022-08-16T15:44:59Z</time>
			</trkpt>
			<trkpt lat="59.941799817970576" lon="30.345512013141974">
				<ele>0.9114943835884333</ele>
				<time>2022-08-16T15:45:02Z</time>
			</trkpt>
			<trkpt lat="59.94181706038316" lon="30.345524228055407">
				<ele>0.8461076822131872</ele>
				<time>2022-08-16T15:45:04Z</time>
			</trkpt>
			<trkpt lat="59.94184549676736" lon="30.345521445195363">
				<ele>0.09918371867388487</ele>
				<time>2022-08-16T15:45:07Z</time>
			</trkpt>
			<trkpt lat="59.9418801339709" lon="30.34554269239175">
				<ele>-1.7612430257722735</ele>
				<time>2022-08-16T15:45:11Z</time>
			</trkpt>
			<trkpt lat="59.94190515322349" lon="30.34554251349876">
				<ele>-1.6363659482449293</ele>
				<time>2022-08-16T15:45:13Z</time>
			</trkpt>
			<trkpt lat="59.94192330717373" lon="30.3455432767674">
				<ele>-1.4814192447811365</ele>
				<time>2022-08-16T15:45:15Z</time>
			</trkpt>
			<trkpt lat="59.94194769926705" lon="30.34554343740594">
				<ele>1.5610830169171095</ele>
				<time>2022-08-16T15:45:16Z</time>
			</trkpt>
			<trkpt lat="59.94197725167562" lon="30.34555660775407">
				<ele>1.4890064438804984</ele>
				<time>2022-08-16T15:45:19Z</time>
			</trkpt>
			<trkpt lat="59.94200623974742" lon="30.34553873727362">
				<ele>2.5683636739850044</ele>
				<time>2022-08-16T15:45:21Z</time>
			</trkpt>
			<trkpt lat="59.942021781490645" lon="30.34551358698365">
				<ele>1.333953034132719</ele>
				<time>2022-08-16T15:45:23Z</time>
			</trkpt>
			<trkpt lat="59.94205214582311" lon="30.345512840302035">
				<ele>4.397723760455847</ele>
				<time>2022-08-16T15:45:25Z</time>
			</trkpt>
			<trkpt lat="59.94207588497411" lon="30.345513272730333">
				<ele>2.3641315875574946</ele>
				<time>2022-08-16T15:45:29Z</time>
			</trkpt>
			<trkpt lat="59.942098305184516" lon="30.345514804477865">
				<ele>1.6192731754854321</ele>
				<time>2022-08-16T15:45:31Z</time>
			</trkpt>
			<trkpt lat="59.9421152509921" lon="30.34552803237188">
				<ele>1.4717107992619276</ele>
				<time>2022-08-16T15:45:32Z</time>
			</trkpt>
			<trkpt lat="59.942138351558086" lon="30.34552802945674">
				<ele>0.6944052204489708</ele>
				<time>2022-08-16T15:45:34Z</time>
			</trkpt>
			<trkpt lat="59.94216798929653" lon="30.345529568942744">
				<ele>2.8335036570206285</ele>
				<time>2022-08-16T15:45:36Z</time>
			</trkpt>
			<trkpt lat="59.942194322548836" lon="30.34552563342131">
				<ele>3.195090224966407</ele>
				<time>2022-08-16T15:45:38Z</time>
			</trkpt>
			<trkpt lat="59.94220248098132" lon="30.345559095796354">
				<ele>0.7298951558768749</ele>
				<time>2022-08-16T15:45:40Z</time>
			</trkpt>
			<trkpt lat="59.94222864233643" lon="30.345559886768903">
				<ele>1.5817346023395658</ele>
				<time>2022-08-16T15:45:42Z</time>
			</trkpt>
			<trkpt lat="59.94224675232128" lon="30.345570740291624">
				<ele>5.826441087760031</ele>
				<time>2022-08-16T15:45:43Z</time>
			</trkpt>
			<trkpt lat="59.94226683326435" lon="30.34558706528226">
				<ele>1.4753857962787151</ele>
				<time>2022-08-16T15:45:45Z</time>
			</trkpt>
			<trkpt lat="59.942289303438166" lon="30.3455839062426">
				<ele>1.1825662748888135</ele>
				<time>2022-08-16T15:45:47Z</time>
			</trkpt>
			<trkpt lat="59.942318183215846" lon="30.345570794468117">
				<ele>1.5901648718863726</ele>
				<time>2022-08-16T15:45:49Z</time>
			</trkpt>
			<trkpt lat="59.94234355883056" lon="30.345555672130715">
				<ele>1.2266921363770962</ele>
				<time>2022-08-16T15:45:51Z</time>
			</trkpt>
			<trkpt lat="59.94236991057047" lon="30.34554506564757">
				<ele>0.836292827501893</ele>
				<time>2022-08-16T15:45:53Z</time>
			</trkpt>
			<trkpt lat="59.94238845802146" lon="30.345533872738056">
				<ele>-2.0543172359466553</ele>
				<time>2022-08-16T15:45:55Z</time>
			</trkpt>
			<trkpt lat="59.94240773505649" lon="30.345550099239134">
				<ele>-3.2562221428379416</ele>
				<time>2022-08-16T15:45:58Z</time>
			</trkpt>
			<trkpt lat="59.94244898636379" lon="30.34554747411281">
				<ele>-2.083693567663431</ele>
				<time>2022-08-16T15:46:00Z</time>
			</trkpt>
			<trkpt lat="59.94247360422786" lon="30.34552341795385">
				<ele>-2.448440811596811</ele>
				<time>2022-08-16T15:46:02Z</time>
			</trkpt>
			<trkpt lat="59.94251593625918" lon="30.34549620975009">
				<ele>2.6600175108760595</ele>
				<time>2022-08-16T15:46:04Z</time>
			</trkpt>
			<trkpt lat="59.9425384996852" lon="30.345511676004683">
				<ele>2.516270221211016</ele>
				<time>2022-08-16T15:46:07Z</time>
			</trkpt>
			<trkpt lat="59.94256280755239" lon="30.34551076779541">
				<ele>2.8840059423819184</ele>
				<time>2022-08-16T15:46:09Z</time>
			</trkpt>
			<trkpt lat="59.94258391355031" lon="30.345523349537633">
				<ele>1.9543160442262888</ele>
				<time>2022-08-16T15:46:11Z</time>
			</trkpt>
			<trkpt lat="59.942612676809425" lon="30.345519517785473">
				<ele>1.9575559319928288</ele>
				<time>2022-08-16T15:46:13Z</time>
			</trkpt>
			<trkpt lat="59.942642900731826" lon="30.34551934775845">
				<ele>5.233072592876852</ele>
				<time>2022-08-16T15:46:15Z</time>
			</trkpt>
			<trkpt lat="59.94267040427071" lon="30.345502641731844">
				<ele>5.856518214568496</ele>
				<time>2022-08-16T15:46:17Z</time>
			</trkpt>
			<trkpt lat="59.94268662862739" lon="30.345525869148606">
				<ele>4.8971046814695</ele>
				<time>2022-08-16T15:46:19Z</time>
			</trkpt>
			<trkpt lat="59.94271793153884" lon="30.345521743401065">
				<ele>9.670200332067907</ele>
				<time>2022-08-16T15:46:21Z</time>
			</trkpt>
			<trkpt lat="59.942720387801536" lon="30.345575456607992">
				<ele>8.77685105893761</ele>
				<time>2022-08-16T15:46:23Z</time>
			</trkpt>
			<trkpt lat="59.94271152039578" lon="30.3456112483189">
				<ele>9.047561904415488</ele>
				<time>2022-08-16T15:46:25Z</time>
			</trkpt>
			<trkpt lat="59.942717256578796" lon="30.34564706430583">
				<ele>15.95749708544463</ele>
				<time>2022-08-16T15:46:28Z</time>
			</trkpt>
			<trkpt lat="59.94272378326154" lon="30.345691444565077">
				<ele>10.736755713820457</ele>
				<time>2022-08-16T15:46:30Z</time>
			</trkpt>
			<trkpt lat="59.94272828869183" lon="30.34574306596773">
				<ele>11.526710176840425</ele>
				<time>2022-08-16T15:46:33Z</time>
			</trkpt>
			<trkpt lat="59.94273216804729" lon="30.345778721481608">
				<ele>16.113939041271806</ele>
				<time>2022-08-16T15:46:35Z</time>
			</trkpt>
			<trkpt lat="59.942743024162375" lon="30.345833096487286">
				<ele>16.79858047887683</ele>
				<time>2022-08-16T15:46:37Z</time>
			</trkpt>
			<trkpt lat="59.94275714475349" lon="30.345884056068623">
				<ele>17.642869154922664</ele>
				<time>2022-08-16T15:46:39Z</time>
			</trkpt>
			<trkpt lat="59.94276619428137" lon="30.34592094744933">
				<ele>17.686930431984365</ele>
				<time>2022-08-16T15:46:41Z</time>
			</trkpt>
			<trkpt lat="59.94277771498084" lon="30.345955331749835">
				<ele>19.649031315930188</ele>
				<time>2022-08-16T15:46:43Z</time>
			</trkpt>
			<trkpt lat="59.9427847361958" lon="30.345997773798562">
				<ele>18.073109790682793</ele>
				<time>2022-08-16T15:46:45Z</time>
			</trkpt>
			<trkpt lat="59.94278833332691" lon="30.346055879205007">
				<ele>21.58393200300634</ele>
				<time>2022-08-16T15:46:48Z</time>
			</trkpt>
			<trkpt lat="59.94281405974048" lon="30.346079530939445">
				<ele>21.590996586717665</ele>
				<time>2022-08-16T15:46:50Z</time>
			</trkpt>
			<trkpt lat="59.94280772446349" lon="30.346126633751208">
				<ele>20.781632899306715</ele>
				<time>2022-08-16T15:46:52Z</time>
			</trkpt>
			<trkpt lat="59.942797516064545" lon="30.34618477497856">
				<ele>24.255059953778982</ele>
				<time>2022-08-16T15:46:54Z</time>
			</trkpt>
			<trkpt lat="59.94278680720421" lon="30.346215124170055">
				<ele>17.608367204666138</ele>
				<time>2022-08-16T15:46:55Z</time>
			</trkpt>
			<trkpt lat="59.942795411098736" lon="30.34625017363121">
				<ele>19.58444297593087</ele>
				<time>2022-08-16T15:46:57Z</time>
			</trkpt>
			<trkpt lat="59.942782545864254" lon="30.346300796183076">
				<ele>21.36866047885269</ele>
				<time>2022-08-16T15:46:59Z</time>
			</trkpt>
			<trkpt lat="59.94280198096521" lon="30.346348152340923">
				<ele>20.64433602243662</ele>
				<time>2022-08-16T15:47:01Z</time>
			</trkpt>
			<trkpt lat="59.94283069474644" lon="30.34635283207925">
				<ele>24.2773821298033</ele>
				<time>2022-08-16T15:47:02Z</time>
			</trkpt>
			<trkpt lat="59.942764706734174" lon="30.346427294343634">
				<ele>18.81738008838147</ele>
				<time>2022-08-16T15:47:03Z</time>
			</trkpt>
			<trkpt lat="59.9427443926402" lon="30.346435438626365">
				<ele>12.619724187999964</ele>
				<time>2022-08-16T15:47:05Z</time>
			</trkpt>
			<trkpt lat="59.94276236601872" lon="30.346468733415662">
				<ele>13.055373742245138</ele>
				<time>2022-08-16T15:47:07Z</time>
			</trkpt>
			<trkpt lat="59.94275175782112" lon="30.346519525493576">
				<ele>11.70526507962495</ele>
				<time>2022-08-16T15:47:09Z</time>
			</trkpt>
			<trkpt lat="59.94275107746835" lon="30.346562139002657">
				<ele>10.013284949585795</ele>
				<time>2022-08-16T15:47:11Z</time>
			</trkpt>
			<trkpt lat="59.94274921102446" lon="30.346598129142915">
				<ele>8.854458945803344</ele>
				<time>2022-08-16T15:47:13Z</time>
			</trkpt>
			<trkpt lat="59.94273383010935" lon="30.34663377906068">
				<ele>5.530412309803069</ele>
				<time>2022-08-16T15:47:15Z</time>
			</trkpt>
			<trkpt lat="59.94273242532016" lon="30.3466868108569">
				<ele>4.420369311235845</ele>
				<time>2022-08-16T15:47:17Z</time>
			</trkpt>
			<trkpt lat="59.942744536595285" lon="30.346716428320452">
				<ele>8.079004935920238</ele>
				<time>2022-08-16T15:47:18Z</time>
			</trkpt>
			<trkpt lat="59.942742050953086" lon="30.346769339903936">
				<ele>6.460208463482559</ele>
				<time>2022-08-16T15:47:20Z</time>
			</trkpt>
			<trkpt lat="59.94274548103631" lon="30.34681370372266">
				<ele>9.037797319702804</ele>
				<time>2022-08-16T15:47:22Z</time>
			</trkpt>
			<trkpt lat="59.94273245072415" lon="30.346843125560856">
				<ele>7.158493122085929</ele>
				<time>2022-08-16T15:47:23Z</time>
			</trkpt>
			<trkpt lat="59.942743229772184" lon="30.34688970360778">
				<ele>7.416281051002443</ele>
				<time>2022-08-16T15:47:26Z</time>
			</trkpt>
			<trkpt lat="59.94273825691366" lon="30.346947996019242">
				<ele>6.531502150930464</ele>
				<time>2022-08-16T15:47:29Z</time>
			</trkpt>
			<trkpt lat="59.94274077559343" lon="30.347000510407955">
				<ele>8.259136710315943</ele>
				<time>2022-08-16T15:47:31Z</time>
			</trkpt>
			<trkpt lat="59.94274280722596" lon="30.347066346724425">
				<ele>7.416250066831708</ele>
				<time>2022-08-16T15:47:33Z</time>
			</trkpt>
			<trkpt lat="59.94274166668544" lon="30.34710280498883">
				<ele>0.13041429687291384</ele>
				<time>2022-08-16T15:47:35Z</time>
			</trkpt>
			<trkpt lat="59.94274975048585" lon="30.347147916802133">
				<ele>3.447098740376532</ele>
				<time>2022-08-16T15:47:37Z</time>
			</trkpt>
			<trkpt lat="59.94274688475945" lon="30.347196003702543">
				<ele>4.564442088827491</ele>
				<time>2022-08-16T15:47:39Z</time>
			</trkpt>
			<trkpt lat="59.942764277724926" lon="30.34722470241619">
				<ele>3.7567810965701938</ele>
				<time>2022-08-16T15:47:41Z</time>
			</trkpt>
			<trkpt lat="59.942762156698635" lon="30.347264180387377">
				<ele>5.526925406418741</ele>
				<time>2022-08-16T15:47:43Z</time>
			</trkpt>
			<trkpt lat="59.94275491397099" lon="30.347317282494874">
				<ele>3.4461515303701162</ele>
				<time>2022-08-16T15:47:45Z</time>
			</trkpt>
			<trkpt lat="59.94275090996786" lon="30.347368265994273">
				<ele>3.1091973995789886</ele>
				<time>2022-08-16T15:47:47Z</time>
			</trkpt>
			<trkpt lat="59.94274622409812" lon="30.34740758359351">
				<ele>2.932401250116527</ele>
				<time>2022-08-16T15:47:49Z</time>
			</trkpt>
			<trkpt lat="59.94275490768431" lon="30.34745201753639">
				<ele>4.738094966858625</ele>
				<time>2022-08-16T15:47:51Z</time>
			</trkpt>
			<trkpt lat="59.942753671441935" lon="30.34749872613805">
				<ele>2.9634530367329717</ele>
				<time>2022-08-16T15:47:53Z</time>
			</trkpt>
			<trkpt lat="59.94276028370799" lon="30.347537952348883">
				<ele>3.6777993319556117</ele>
				<time>2022-08-16T15:47:55Z</time>
			</trkpt>
			<trkpt lat="59.94276509619938" lon="30.34758661275081">
				<ele>3.298738569021225</ele>
				<time>2022-08-16T15:47:57Z</time>
			</trkpt>
			<trkpt lat="59.94275251206835" lon="30.347617252522436">
				<ele>0.2529770862311125</ele>
				<time>2022-08-16T15:47:58Z</time>
			</trkpt>
			<trkpt lat="59.94275304092188" lon="30.347662830898717">
				<ele>-0.25859408266842365</ele>
				<time>2022-08-16T15:48:00Z</time>
			</trkpt>
			<trkpt lat="59.94275704709263" lon="30.347710066011018">
				<ele>0.540371973067522</ele>
				<time>2022-08-16T15:48:02Z</time>
			</trkpt>
			<trkpt lat="59.942760541753835" lon="30.34776793681447">
				<ele>2.206700013950467</ele>
				<time>2022-08-16T15:48:04Z</time>
			</trkpt>
			<trkpt lat="59.9427744693893" lon="30.34781770871577">
				<ele>2.0985023761168122</ele>
				<time>2022-08-16T15:48:06Z</time>
			</trkpt>
			<trkpt lat="59.94277142044502" lon="30.34787503798101">
				<ele>1.6007149973884225</ele>
				<time>2022-08-16T15:48:08Z</time>
			</trkpt>
			<trkpt lat="59.94277937400319" lon="30.347912620117896">
				<ele>2.515861500054598</ele>
				<time>2022-08-16T15:48:10Z</time>
			</trkpt>
			<trkpt lat="59.94278430777231" lon="30.347956345629115">
				<ele>5.1601113164797425</ele>
				<time>2022-08-16T15:48:13Z</time>
			</trkpt>
			<trkpt lat="59.94277110317664" lon="30.34798370017203">
				<ele>1.713313752785325</ele>
				<time>2022-08-16T15:48:14Z</time>
			</trkpt>
			<trkpt lat="59.94276262412915" lon="30.348032117298143">
				<ele>-0.8690224876627326</ele>
				<time>2022-08-16T15:48:16Z</time>
			</trkpt>
			<trkpt lat="59.94274642890581" lon="30.34809211395147">
				<ele>-0.21405196283012629</ele>
				<time>2022-08-16T15:48:18Z</time>
			</trkpt>
			<trkpt lat="59.94276448709998" lon="30.34810566405073">
				<ele>-3.163548782467842</ele>
				<time>2022-08-16T15:48:19Z</time>
			</trkpt>
			<trkpt lat="59.9427563752794" lon="30.348160160213116">
				<ele>-0.5834717536345124</ele>
				<time>2022-08-16T15:48:21Z</time>
			</trkpt>
			<trkpt lat="59.94274542595065" lon="30.348207051666314">
				<ele>-1.5498555805534124</ele>
				<time>2022-08-16T15:48:23Z</time>
			</trkpt>
			<trkpt lat="59.94274914230481" lon="30.348246675884784">
				<ele>-0.6476902328431606</ele>
				<time>2022-08-16T15:48:25Z</time>
			</trkpt>
			<trkpt lat="59.94274498219452" lon="30.348282260382366">
				<ele>-2.9196222499012947</ele>
				<time>2022-08-16T15:48:27Z</time>
			</trkpt>
			<trkpt lat="59.94272010500528" lon="30.348297921950863">
				<ele>-2.406789709813893</ele>
				<time>2022-08-16T15:48:28Z</time>
			</trkpt>
			<trkpt lat="59.94269767764873" lon="30.348315439038068">
				<ele>-1.9776695789769292</ele>
				<time>2022-08-16T15:48:29Z</time>
			</trkpt>
			<trkpt lat="59.94268116606879" lon="30.348342305879054">
				<ele>-2.1317249750718474</ele>
				<time>2022-08-16T15:48:31Z</time>
			</trkpt>
			<trkpt lat="59.942660786928194" lon="30.348365652593422">
				<ele>0.3927725600078702</ele>
				<time>2022-08-16T15:48:33Z</time>
			</trkpt>
			<trkpt lat="59.94264508153343" lon="30.34834758410428">
				<ele>-2.6373438956215978</ele>
				<time>2022-08-16T15:48:35Z</time>
			</trkpt>
			<trkpt lat="59.942631320543306" lon="30.348321544155155">
				<ele>-0.12063220795243979</ele>
				<time>2022-08-16T15:48:43Z</time>
			</trkpt>
			<trkpt lat="59.942615210572626" lon="30.3482881336246">
				<ele>1.8586585773155093</ele>
				<time>2022-08-16T15:48:46Z</time>
			</trkpt>
			<trkpt lat="59.94258472539319" lon="30.34826831364858">
				<ele>1.63576490432024</ele>
				<time>2022-08-16T15:48:50Z</time>
			</trkpt>
			<trkpt lat="59.94256681762211" lon="30.348285244536516">
				<ele>3.9809168186038733</ele>
				<time>2022-08-16T15:48:52Z</time>
			</trkpt>
			<trkpt lat="59.94254794573644" lon="30.348278736193794">
				<ele>1.1085732756182551</ele>
				<time>2022-08-16T15:48:54Z</time>
			</trkpt>
			<trkpt lat="59.942527256528535" lon="30.348249874619018">
				<ele>-6.387448512017727</ele>
				<time>2022-08-16T15:48:55Z</time>
			</trkpt>
			<trkpt lat="59.94251165787128" lon="30.34821789765891">
				<ele>-6.746538973413408</ele>
				<time>2022-08-16T15:48:56Z</time>
			</trkpt>
			<trkpt lat="59.942478281813315" lon="30.34822058152256">
				<ele>-1.5496313711628318</ele>
				<time>2022-08-16T15:48:58Z</time>
			</trkpt>
			<trkpt lat="59.94245587467829" lon="30.348240977445343">
				<ele>-2.030573908239603</ele>
				<time>2022-08-16T15:48:59Z</time>
			</trkpt>
			<trkpt lat="59.942427204836875" lon="30.348250138917464">
				<ele>-0.18043582141399384</ele>
				<time>2022-08-16T15:49:01Z</time>
			</trkpt>
			<trkpt lat="59.942403913455685" lon="30.34824754752718">
				<ele>-1.7004176238551736</ele>
				<time>2022-08-16T15:49:03Z</time>
			</trkpt>
			<trkpt lat="59.94237248621141" lon="30.348249166549994">
				<ele>-0.7659479277208447</ele>
				<time>2022-08-16T15:49:05Z</time>
			</trkpt>
			<trkpt lat="59.94234856670504" lon="30.348249482360014">
				<ele>-2.4827235266566277</ele>
				<time>2022-08-16T15:49:07Z</time>
			</trkpt>
			<trkpt lat="59.942330257065436" lon="30.348254447041196">
				<ele>-3.853858469054103</ele>
				<time>2022-08-16T15:49:09Z</time>
			</trkpt>
			<trkpt lat="59.94231159289743" lon="30.34825527483698">
				<ele>-1.8786043468862772</ele>
				<time>2022-08-16T15:49:11Z</time>
			</trkpt>
			<trkpt lat="59.942288735063" lon="30.348231486768498">
				<ele>-1.9036594862118363</ele>
				<time>2022-08-16T15:49:13Z</time>
			</trkpt>
			<trkpt lat="59.94227012935406" lon="30.348225394687987">
				<ele>-2.186132307164371</ele>
				<time>2022-08-16T15:49:14Z</time>
			</trkpt>
			<trkpt lat="59.94224241229445" lon="30.348215606282498">
				<ele>-2.012694419361651</ele>
				<time>2022-08-16T15:49:16Z</time>
			</trkpt>
			<trkpt lat="59.94222043780885" lon="30.348247254556256">
				<ele>0.16836997773498297</ele>
				<time>2022-08-16T15:49:18Z</time>
			</trkpt>
			<trkpt lat="59.94219764219021" lon="30.34821205476053">
				<ele>-8.046697150915861</ele>
				<time>2022-08-16T15:49:20Z</time>
			</trkpt>
			<trkpt lat="59.9421693022481" lon="30.348212561275854">
				<ele>-4.339584832079709</ele>
				<time>2022-08-16T15:49:23Z</time>
			</trkpt>
			<trkpt lat="59.942140129011975" lon="30.348211208031852">
				<ele>-4.698525334708393</ele>
				<time>2022-08-16T15:49:25Z</time>
			</trkpt>
			<trkpt lat="59.94211615648191" lon="30.34820143629941">
				<ele>-4.941765780560672</ele>
				<time>2022-08-16T15:49:27Z</time>
			</trkpt>
			<trkpt lat="59.94209407668112" lon="30.348211272548724">
				<ele>-2.7398240184411407</ele>
				<time>2022-08-16T15:49:29Z</time>
			</trkpt>
			<trkpt lat="59.942068681625635" lon="30.348194720397384">
				<ele>-4.990334804169834</ele>
				<time>2022-08-16T15:49:32Z</time>
			</trkpt>
			<trkpt lat="59.94204837896999" lon="30.348209055594054">
				<ele>-5.326497895643115</ele>
				<time>2022-08-16T15:49:34Z</time>
			</trkpt>
			<trkpt lat="59.94202199239731" lon="30.348202049055224">
				<ele>-2.990353441797197</ele>
				<time>2022-08-16T15:49:37Z</time>
			</trkpt>
			<trkpt lat="59.94200246570159" lon="30.348198655823246">
				<ele>-3.2678117360919714</ele>
				<time>2022-08-16T15:49:39Z</time>
			</trkpt>
			<trkpt lat="59.94197318137883" lon="30.34818873043063">
				<ele>-0.9546952582895756</ele>
				<time>2022-08-16T15:49:41Z</time>
			</trkpt>
			<trkpt lat="59.94195412924609" lon="30.348194427972725">
				<ele>-0.18431593291461468</ele>
				<time>2022-08-16T15:49:42Z</time>
			</trkpt>
			<trkpt lat="59.941931673369204" lon="30.348189278921183">
				<ele>-2.9149995893239975</ele>
				<time>2022-08-16T15:49:44Z</time>
			</trkpt>
			<trkpt lat="59.941902944191895" lon="30.3482005308026">
				<ele>-3.1957047088071704</ele>
				<time>2022-08-16T15:49:46Z</time>
			</trkpt>
			<trkpt lat="59.941876213478274" lon="30.348214772408934">
				<ele>-0.3365062391385436</ele>
				<time>2022-08-16T15:49:48Z</time>
			</trkpt>
			<trkpt lat="59.94185721478971" lon="30.348220668593992">
				<ele>-0.962444718927145</ele>
				<time>2022-08-16T15:49:50Z</time>
			</trkpt>
			<trkpt lat="59.941836829959605" lon="30.348225984074915">
				<ele>-1.5195691920816898</ele>
				<time>2022-08-16T15:49:52Z</time>
			</trkpt>
			<trkpt lat="59.94181076772358" lon="30.348205602808953">
				<ele>2.8106791395694017</ele>
				<time>2022-08-16T15:49:54Z</time>
			</trkpt>
			<trkpt lat="59.941793837814" lon="30.348235844504888">
				<ele>0.557560944929719</ele>
				<time>2022-08-16T15:49:56Z</time>
			</trkpt>
			<trkpt lat="59.94176695801215" lon="30.34821227514546">
				<ele>2.268546089529991</ele>
				<time>2022-08-16T15:49:58Z</time>
			</trkpt>
			<trkpt lat="59.94174397519254" lon="30.348211260219436">
				<ele>1.354663866572082</ele>
				<time>2022-08-16T15:50:00Z</time>
			</trkpt>
			<trkpt lat="59.9417179237849" lon="30.348214714681717">
				<ele>2.1915440587326884</ele>
				<time>2022-08-16T15:50:02Z</time>
			</trkpt>
			<trkpt lat="59.94168651916101" lon="30.348236592016164">
				<ele>2.615011083893478</ele>
				<time>2022-08-16T15:50:04Z</time>
			</trkpt>
			<trkpt lat="59.941665076922675" lon="30.348241690370873">
				<ele>3.7415797328576446</ele>
				<time>2022-08-16T15:50:07Z</time>
			</trkpt>
			<trkpt lat="59.9416405011588" lon="30.348223004055242">
				<ele>2.7769661815837026</ele>
				<time>2022-08-16T15:50:10Z</time>
			</trkpt>
			<trkpt lat="59.94162443055825" lon="30.348247791848067">
				<ele>2.7061741715297103</ele>
				<time>2022-08-16T15:50:12Z</time>
			</trkpt>
			<trkpt lat="59.941599945027356" lon="30.348235313470322">
				<ele>5.796306968666613</ele>
				<time>2022-08-16T15:50:15Z</time>
			</trkpt>
			<trkpt lat="59.941577500459545" lon="30.348227177784402">
				<ele>5.491904585622251</ele>
				<time>2022-08-16T15:50:17Z</time>
			</trkpt>
			<trkpt lat="59.94155719040173" lon="30.348225356720114">
				<ele>5.3182972660288215</ele>
				<time>2022-08-16T15:50:19Z</time>
			</trkpt>
			<trkpt lat="59.94153670908238" lon="30.348213388133217">
				<ele>5.351021544076502</ele>
				<time>2022-08-16T15:50:21Z</time>
			</trkpt>
			<trkpt lat="59.94150356217487" lon="30.348188094375523">
				<ele>6.701824842952192</ele>
				<time>2022-08-16T15:50:23Z</time>
			</trkpt>
			<trkpt lat="59.94148651768242" lon="30.348223589733568">
				<ele>1.7826898787170649</ele>
				<time>2022-08-16T15:50:25Z</time>
			</trkpt>
			<trkpt lat="59.94146677918564" lon="30.348213601443522">
				<ele>1.1354968575760722</ele>
				<time>2022-08-16T15:50:27Z</time>
			</trkpt>
			<trkpt lat="59.94144607200503" lon="30.348198670028328">
				<ele>0.051885683089494705</ele>
				<time>2022-08-16T15:50:29Z</time>
			</trkpt>
			<trkpt lat="59.9414246000456" lon="30.348198187328048">
				<ele>1.5583161190152168</ele>
				<time>2022-08-16T15:50:31Z</time>
			</trkpt>
			<trkpt lat="59.941413486588466" lon="30.34815870821737">
				<ele>-1.329295457340777</ele>
				<time>2022-08-16T15:50:33Z</time>
			</trkpt>
			<trkpt lat="59.94139322820848" lon="30.348148327504592">
				<ele>-1.3940901784226298</ele>
				<time>2022-08-16T15:50:35Z</time>
			</trkpt>
			<trkpt lat="59.94136678738263" lon="30.34814637138171">
				<ele>1.3725540777668357</ele>
				<time>2022-08-16T15:50:37Z</time>
			</trkpt>
			<trkpt lat="59.941347512212324" lon="30.348131167327814">
				<ele>0.1381543790921569</ele>
				<time>2022-08-16T15:50:39Z</time>
			</trkpt>
			<trkpt lat="59.94132543799701" lon="30.348153276877948">
				<ele>0.8482167022302747</ele>
				<time>2022-08-16T15:50:41Z</time>
			</trkpt>
			<trkpt lat="59.94130603868119" lon="30.348126137291693">
				<ele>-3.3391069564968348</ele>
				<time>2022-08-16T15:50:43Z</time>
			</trkpt>
			<trkpt lat="59.94128792037287" lon="30.34813550628619">
				<ele>-1.8701109159737825</ele>
				<time>2022-08-16T15:50:45Z</time>
			</trkpt>
			<trkpt lat="59.941259392154606" lon="30.348140222560186">
				<ele>0.37769648246467113</ele>
				<time>2022-08-16T15:50:47Z</time>
			</trkpt>
			<trkpt lat="59.9412323894547" lon="30.34815021269567">
				<ele>0.9263581903651357</ele>
				<time>2022-08-16T15:50:49Z</time>
			</trkpt>
			<trkpt lat="59.94120561945118" lon="30.348172178809">
				<ele>2.0208443887531757</ele>
				<time>2022-08-16T15:50:51Z</time>
			</trkpt>
			<trkpt lat="59.94119580738218" lon="30.34814211771172">
				<ele>-2.7601801734417677</ele>
				<time>2022-08-16T15:50:52Z</time>
			</trkpt>
			<trkpt lat="59.94117351727652" lon="30.348145266301167">
				<ele>-1.030567585490644</ele>
				<time>2022-08-16T15:50:55Z</time>
			</trkpt>
			<trkpt lat="59.9411504145828" lon="30.348150866647924">
				<ele>0.8806914407759905</ele>
				<time>2022-08-16T15:50:57Z</time>
			</trkpt>
			<trkpt lat="59.941122679965666" lon="30.34814299405288">
				<ele>0.04425954632461071</ele>
				<time>2022-08-16T15:50:59Z</time>
			</trkpt>
			<trkpt lat="59.94110120973127" lon="30.348147999915046">
				<ele>0.6186365280300379</ele>
				<time>2022-08-16T15:51:01Z</time>
			</trkpt>
			<trkpt lat="59.9410770986156" lon="30.34817117406936">
				<ele>2.096873008646071</ele>
				<time>2022-08-16T15:51:04Z</time>
			</trkpt>
			<trkpt lat="59.941060245175656" lon="30.34814423429306">
				<ele>1.5643274281173944</ele>
				<time>2022-08-16T15:51:06Z</time>
			</trkpt>
			<trkpt lat="59.941040549094296" lon="30.34815847079624">
				<ele>3.380445414222777</ele>
				<time>2022-08-16T15:51:08Z</time>
			</trkpt>
			<trkpt lat="59.94102226546288" lon="30.348145889850723">
				<ele>2.6207921719178557</ele>
				<time>2022-08-16T15:51:10Z</time>
			</trkpt>
			<trkpt lat="59.94099627235033" lon="30.348126908642797">
				<ele>2.2055427441373467</ele>
				<time>2022-08-16T15:51:12Z</time>
			</trkpt>
			<trkpt lat="59.94097893189774" lon="30.348169329680022">
				<ele>7.157857476733625</ele>
				<time>2022-08-16T15:51:14Z</time>
			</trkpt>
			<trkpt lat="59.94096066120568" lon="30.348184680267316">
				<ele>6.933080319315195</ele>
				<time>2022-08-16T15:51:16Z</time>
			</trkpt>
			<trkpt lat="59.940931592309056" lon="30.34819108906991">
				<ele>6.6193355321884155</ele>
				<time>2022-08-16T15:51:18Z</time>
			</trkpt>
			<trkpt lat="59.94090865190728" lon="30.3481861108482">
				<ele>4.557006718590856</ele>
				<time>2022-08-16T15:51:20Z</time>
			</trkpt>
			<trkpt lat="59.94088406179505" lon="30.34817661212978">
				<ele>6.075212646275759</ele>
				<time>2022-08-16T15:51:22Z</time>
			</trkpt>
			<trkpt lat="59.94085894952719" lon="30.348185019802504">
				<ele>6.6584087600931525</ele>
				<time>2022-08-16T15:51:24Z</time>
			</trkpt>
			<trkpt lat="59.94083457856511" lon="30.34818861654377">
				<ele>5.264993873424828</ele>
				<time>2022-08-16T15:51:26Z</time>
			</trkpt>
			<trkpt lat="59.94080945837255" lon="30.348210071929557">
				<ele>5.408223081380129</ele>
				<time>2022-08-16T15:51:28Z</time>
			</trkpt>
			<trkpt lat="59.940784272240194" lon="30.348215435627438">
				<ele>5.2186268931254745</ele>
				<time>2022-08-16T15:51:30Z</time>
			</trkpt>
			<trkpt lat="59.940764705904066" lon="30.34821642746993">
				<ele>4.225235746242106</ele>
				<time>2022-08-16T15:51:32Z</time>
			</trkpt>
			<trkpt lat="59.94073866581444" lon="30.348210109025803">
				<ele>4.663041505031288</ele>
				<time>2022-08-16T15:51:34Z</time>
			</trkpt>
			<trkpt lat="59.94071640755365" lon="30.34819960157966">
				<ele>8.183781863190234</ele>
				<time>2022-08-16T15:51:36Z</time>
			</trkpt>
			<trkpt lat="59.940698375871" lon="30.348201183817352">
				<ele>4.562684484757483</ele>
				<time>2022-08-16T15:51:38Z</time>
			</trkpt>
			<trkpt lat="59.9406798360045" lon="30.34820384547308">
				<ele>5.386648076586425</ele>
				<time>2022-08-16T15:51:40Z</time>
			</trkpt>
			<trkpt lat="59.94065750797813" lon="30.34820089206389">
				<ele>6.239284356124699</ele>
				<time>2022-08-16T15:51:42Z</time>
			</trkpt>
			<trkpt lat="59.940619368427" lon="30.34816929108144">
				<ele>4.270887705497444</ele>
				<time>2022-08-16T15:51:44Z</time>
			</trkpt>
			<trkpt lat="59.94059386365308" lon="30.348183374668576">
				<ele>4.147968312725425</ele>
				<time>2022-08-16T15:51:46Z</time>
			</trkpt>
			<trkpt lat="59.940565805098124" lon="30.34819704326112">
				<ele>5.788571547716856</ele>
				<time>2022-08-16T15:51:48Z</time>
			</trkpt>
			<trkpt lat="59.9405445117929" lon="30.348198291559974">
				<ele>4.980039427056909</ele>
				<time>2022-08-16T15:51:50Z</time>
			</trkpt>
			<trkpt lat="59.94052496169111" lon="30.348199492772306">
				<ele>7.257440442219377</ele>
				<time>2022-08-16T15:51:52Z</time>
			</trkpt>
			<trkpt lat="59.94049979905163" lon="30.34822265424123">
				<ele>7.732921325601637</ele>
				<time>2022-08-16T15:51:54Z</time>
			</trkpt>
			<trkpt lat="59.94047109569811" lon="30.348219975116077">
				<ele>6.080755390226841</ele>
				<time>2022-08-16T15:51:56Z</time>
			</trkpt>
			<trkpt lat="59.94044963311706" lon="30.34820018373075">
				<ele>5.2963945381343365</ele>
				<time>2022-08-16T15:51:57Z</time>
			</trkpt>
			<trkpt lat="59.94043191059682" lon="30.348189441573755">
				<ele>6.8020703215152025</ele>
				<time>2022-08-16T15:51:58Z</time>
			</trkpt>
			<trkpt lat="59.94041008283744" lon="30.34818621607406">
				<ele>2.287009379826486</ele>
				<time>2022-08-16T15:52:01Z</time>
			</trkpt>
			<trkpt lat="59.940387362472975" lon="30.34816545590377">
				<ele>3.8837852058932185</ele>
				<time>2022-08-16T15:52:04Z</time>
			</trkpt>
			<trkpt lat="59.94036171773882" lon="30.34816721991906">
				<ele>7.913516824133694</ele>
				<time>2022-08-16T15:52:07Z</time>
			</trkpt>
			<trkpt lat="59.94034007977728" lon="30.348152166920578">
				<ele>6.563377519138157</ele>
				<time>2022-08-16T15:52:09Z</time>
			</trkpt>
			<trkpt lat="59.940318496193946" lon="30.34817060704761">
				<ele>7.5207634633407</ele>
				<time>2022-08-16T15:52:11Z</time>
			</trkpt>
			<trkpt lat="59.94030318605468" lon="30.348196841270916">
				<ele>7.58815916441381</ele>
				<time>2022-08-16T15:52:13Z</time>
			</trkpt>
			<trkpt lat="59.94028279355586" lon="30.34817629195474">
				<ele>4.6890870202332735</ele>
				<time>2022-08-16T15:52:15Z</time>
			</trkpt>
			<trkpt lat="59.94026374621044" lon="30.348167286259233">
				<ele>6.192082577385008</ele>
				<time>2022-08-16T15:52:17Z</time>
			</trkpt>
			<trkpt lat="59.94024395311927" lon="30.348172229425234">
				<ele>6.8050229689106345</ele>
				<time>2022-08-16T15:52:20Z</time>
			</trkpt>
			<trkpt lat="59.940225335256734" lon="30.348169042426775">
				<ele>6.256271389313042</ele>
				<time>2022-08-16T15:52:22Z</time>
			</trkpt>
			<trkpt lat="59.94019750909592" lon="30.348166288124343">
				<ele>7.533664713613689</ele>
				<time>2022-08-16T15:52:24Z</time>
			</trkpt>
			<trkpt lat="59.94017854090038" lon="30.34816690992713">
				<ele>7.9210598934441805</ele>
				<time>2022-08-16T15:52:27Z</time>
			</trkpt>
			<trkpt lat="59.94016065787645" lon="30.34818047369581">
				<ele>8.472803783603013</ele>
				<time>2022-08-16T15:52:30Z</time>
			</trkpt>
			<trkpt lat="59.94014177169228" lon="30.348195531735694">
				<ele>6.907912015914917</ele>
				<time>2022-08-16T15:52:33Z</time>
			</trkpt>
			<trkpt lat="59.940122980852365" lon="30.34817742524048">
				<ele>5.6168831354007125</ele>
				<time>2022-08-16T15:52:35Z</time>
			</trkpt>
			<trkpt lat="59.940103004185836" lon="30.34817122559523">
				<ele>3.5304067293182015</ele>
				<time>2022-08-16T15:52:37Z</time>
			</trkpt>
			<trkpt lat="59.94008074721022" lon="30.348156820162735">
				<ele>2.749620385468006</ele>
				<time>2022-08-16T15:52:39Z</time>
			</trkpt>
			<trkpt lat="59.94005106583819" lon="30.34814781491915">
				<ele>4.145562340505421</ele>
				<time>2022-08-16T15:52:41Z</time>
			</trkpt>
			<trkpt lat="59.94002987288144" lon="30.34815687894937">
				<ele>2.855592142790556</ele>
				<time>2022-08-16T15:52:43Z</time>
			</trkpt>
			<trkpt lat="59.94000843379137" lon="30.348164665215226">
				<ele>9.098331955261528</ele>
				<time>2022-08-16T15:52:45Z</time>
			</trkpt>
			<trkpt lat="59.93998663024197" lon="30.348173548714087">
				<ele>9.144117425195873</ele>
				<time>2022-08-16T15:52:47Z</time>
			</trkpt>
			<trkpt lat="59.939970200884744" lon="30.34819080248473">
				<ele>9.904757802374661</ele>
				<time>2022-08-16T15:52:49Z</time>
			</trkpt>
			<trkpt lat="59.939948869286404" lon="30.34817573952786">
				<ele>6.828995746560395</ele>
				<time>2022-08-16T15:52:51Z</time>
			</trkpt>
			<trkpt lat="59.93992426560599" lon="30.348191761599598">
				<ele>9.12537653464824</ele>
				<time>2022-08-16T15:52:53Z</time>
			</trkpt>
			<trkpt lat="59.939905560761105" lon="30.348193680818955">
				<ele>8.820585473440588</ele>
				<time>2022-08-16T15:52:55Z</time>
			</trkpt>
			<trkpt lat="59.93987750843917" lon="30.348199321582168">
				<ele>9.190404972992837</ele>
				<time>2022-08-16T15:52:57Z</time>
			</trkpt>
			<trkpt lat="59.93985250446172" lon="30.34818906766887">
				<ele>9.329857781529427</ele>
				<time>2022-08-16T15:52:59Z</time>
			</trkpt>
			<trkpt lat="59.93982428529592" lon="30.34817648384188">
				<ele>8.932580196298659</ele>
				<time>2022-08-16T15:53:01Z</time>
			</trkpt>
			<trkpt lat="59.939805787150725" lon="30.34818638999965">
				<ele>9.160572848282754</ele>
				<time>2022-08-16T15:53:03Z</time>
			</trkpt>
			<trkpt lat="59.939780007132605" lon="30.348189903005295">
				<ele>11.693275841884315</ele>
				<time>2022-08-16T15:53:05Z</time>
			</trkpt>
			<trkpt lat="59.93975963021897" lon="30.348191961690596">
				<ele>8.146027178503573</ele>
				<time>2022-08-16T15:53:07Z</time>
			</trkpt>
			<trkpt lat="59.93972761314656" lon="30.34818148101681">
				<ele>7.906586170196533</ele>
				<time>2022-08-16T15:53:09Z</time>
			</trkpt>
			<trkpt lat="59.9397003336419" lon="30.34818469572109">
				<ele>9.728731715120375</ele>
				<time>2022-08-16T15:53:11Z</time>
			</trkpt>
			<trkpt lat="59.9396748805381" lon="30.348191165732235">
				<ele>8.855355009436607</ele>
				<time>2022-08-16T15:53:13Z</time>
			</trkpt>
			<trkpt lat="59.9396486832125" lon="30.348176791390735">
				<ele>8.384727787226439</ele>
				<time>2022-08-16T15:53:15Z</time>
			</trkpt>
			<trkpt lat="59.939617145233754" lon="30.34816317681906">
				<ele>10.19341597147286</ele>
				<time>2022-08-16T15:53:17Z</time>
			</trkpt>
			<trkpt lat="59.93959045296799" lon="30.348173660362836">
				<ele>11.89348341152072</ele>
				<time>2022-08-16T15:53:19Z</time>
			</trkpt>
			<trkpt lat="59.939564845613354" lon="30.34814833458092">
				<ele>6.979441279545426</ele>
				<time>2022-08-16T15:53:21Z</time>
			</trkpt>
			<trkpt lat="59.93954039758721" lon="30.34813162866498">
				<ele>7.627942788414657</ele>
				<time>2022-08-16T15:53:25Z</time>
			</trkpt>
			<trkpt lat="59.939511520020076" lon="30.34813063712286">
				<ele>6.031274848617613</ele>
				<time>2022-08-16T15:53:28Z</time>
			</trkpt>
			<trkpt lat="59.93949124021032" lon="30.348126586030446">
				<ele>5.172830465249717</ele>
				<time>2022-08-16T15:53:30Z</time>
			</trkpt>
			<trkpt lat="59.93947067042626" lon="30.348110943868942">
				<ele>4.733567973598838</ele>
				<time>2022-08-16T15:53:32Z</time>
			</trkpt>
			<trkpt lat="59.93944382188848" lon="30.34811156996739">
				<ele>5.239151455461979</ele>
				<time>2022-08-16T15:53:34Z</time>
			</trkpt>
			<trkpt lat="59.939416418940176" lon="30.348082943090034">
				<ele>2.098571584559977</ele>
				<time>2022-08-16T15:53:36Z</time>
			</trkpt>
			<trkpt lat="59.93940090688516" lon="30.34805152556628">
				<ele>-1.7321498226374388</ele>
				<time>2022-08-16T15:53:37Z</time>
			</trkpt>
			<trkpt lat="59.93938103771531" lon="30.348070689128228">
				<ele>0.11583730578422546</ele>
				<time>2022-08-16T15:53:39Z</time>
			</trkpt>
			<trkpt lat="59.939358670709375" lon="30.34806860012006">
				<ele>-0.714461425319314</ele>
				<time>2022-08-16T15:53:41Z</time>
			</trkpt>
			<trkpt lat="59.9393357117572" lon="30.34805764683943">
				<ele>0.925736628472805</ele>
				<time>2022-08-16T15:53:43Z</time>
			</trkpt>
			<trkpt lat="59.939316415567134" lon="30.34803932343604">
				<ele>0.7713831840083003</ele>
				<time>2022-08-16T15:53:45Z</time>
			</trkpt>
			<trkpt lat="59.93929333414493" lon="30.34803645594403">
				<ele>1.5619677770882845</ele>
				<time>2022-08-16T15:53:47Z</time>
			</trkpt>
			<trkpt lat="59.93927031421767" lon="30.348028982125463">
				<ele>3.348372172564268</ele>
				<time>2022-08-16T15:53:49Z</time>
			</trkpt>
			<trkpt lat="59.93924858350025" lon="30.3480316337695">
				<ele>0.11795321479439735</ele>
				<time>2022-08-16T15:53:51Z</time>
			</trkpt>
			<trkpt lat="59.939230532582805" lon="30.348030940411775">
				<ele>-2.972379192709923</ele>
				<time>2022-08-16T15:53:53Z</time>
			</trkpt>
			<trkpt lat="59.9392108159083" lon="30.34802104834403">
				<ele>0.4133319016546011</ele>
				<time>2022-08-16T15:53:55Z</time>
			</trkpt>
			<trkpt lat="59.93919272516286" lon="30.348006190262815">
				<ele>1.6694089695811272</ele>
				<time>2022-08-16T15:53:57Z</time>
			</trkpt>
			<trkpt lat="59.93916704704844" lon="30.347997236079962">
				<ele>0.31842208933085203</ele>
				<time>2022-08-16T15:53:59Z</time>
			</trkpt>
			<trkpt lat="59.93915276450411" lon="30.347955876398746">
				<ele>-0.31652854941785336</ele>
				<time>2022-08-16T15:54:00Z</time>
			</trkpt>
			<trkpt lat="59.939136335933576" lon="30.347939248816854">
				<ele>2.015787704847753</ele>
				<time>2022-08-16T15:54:02Z</time>
			</trkpt>
			<trkpt lat="59.939114263136865" lon="30.347977457468623">
				<ele>-1.1086627524346113</ele>
				<time>2022-08-16T15:54:05Z</time>
			</trkpt>
			<trkpt lat="59.939094108594865" lon="30.347999119310224">
				<ele>-1.4686488760635257</ele>
				<time>2022-08-16T15:54:06Z</time>
			</trkpt>
			<trkpt lat="59.93907798145101" lon="30.348022329033125">
				<ele>-1.461252523586154</ele>
				<time>2022-08-16T15:54:07Z</time>
			</trkpt>
			<trkpt lat="59.93904534199542" lon="30.34801516650066">
				<ele>-1.4514372190460563</ele>
				<time>2022-08-16T15:54:09Z</time>
			</trkpt>
			<trkpt lat="59.93902854428921" lon="30.347993497657647">
				<ele>-2.1012563928961754</ele>
				<time>2022-08-16T15:54:11Z</time>
			</trkpt>
		</trkseg>
	</trk>
</gpx>
