<?xml version="1.0" encoding="UTF-8"?>
<gpx xmlns:xsi="http://www.w3.org/2001/XMLSchema-instance" xmlns="http://www.topografix.com/GPX/1/1" xsi:schemaLocation="http://www.topografix.com/GPX/1/1 http://www.topografix.com/GPX/1/1/gpx.xsd" version="1.1" creator="Open GPX Tracker for iOS">
	<trk>
		<trkseg>
			<trkpt lat="59.94825543841342" lon="30.281888572527357">
				<ele>0.11236572265625</ele>
				<time>2026-08-03T16:39:16Z</time>
			</trkpt>
			<trkpt lat="59.94828305678437" lon="30.28208420614738">
				<ele>13.38250732421875</ele>
				<time>2026-08-03T16:39:17Z</time>
			</trkpt>
			<trkpt lat="59.94829751556734" lon="30.28212510983486">
				<ele>12.0794677734375</ele>
				<time>2026-08-03T16:39:18Z</time>
			</trkpt>
			<trkpt lat="59.948334186393716" lon="30.282189901946374">
				<ele>16.86260986328125</ele>
				<time>2026-08-03T16:39:20Z</time>
			</trkpt>
			<trkpt lat="59.948299401495554" lon="30.282082445947715">
				<ele>17.239990234375</ele>
				<time>2026-08-03T16:39:20Z</time>
			</trkpt>
			<trkpt lat="59.948282092865504" lon="30.282115051551052">
				<ele>17.721923828125</ele>
				<time>2026-08-03T16:39:21Z</time>
			</trkpt>
			<trkpt lat="59.948292318787374" lon="30.282173389597126">
				<ele>19.7030029296875</ele>
				<time>2026-08-03T16:39:23Z</time>
			</trkpt>
			<trkpt lat="59.94828079367051" lon="30.282210940523335">
				<ele>20.8231201171875</ele>
				<time>2026-08-03T16:39:24Z</time>
			</trkpt>
			<trkpt lat="59.94828549750281" lon="30.282247594210517">
				<ele>22.978952795267105</ele>
				<time>2026-08-03T16:39:26Z</time>
			</trkpt>
			<trkpt lat="59.94827190884498" lon="30.282282882969486">
				<ele>22.837843334302306</ele>
				<time>2026-08-03T16:39:27Z</time>
			</trkpt>
			<trkpt lat="59.948271431868925" lon="30.282325005460745">
				<ele>25.078821578994393</ele>
				<time>2026-08-03T16:39:28Z</time>
			</trkpt>
			<trkpt lat="59.948263021071355" lon="30.28236417500138">
				<ele>25.02878416609019</ele>
				<time>2026-08-03T16:39:30Z</time>
			</trkpt>
			<trkpt lat="59.94826279164324" lon="30.28240163680911">
				<ele>26.509390245191753</ele>
				<time>2026-08-03T16:39:31Z</time>
			</trkpt>
			<trkpt lat="59.948260046693356" lon="30.2824422967567">
				<ele>26.934696572832763</ele>
				<time>2026-08-03T16:39:32Z</time>
			</trkpt>
			<trkpt lat="59.94825644117199" lon="30.282509152593832">
				<ele>26.888944992795587</ele>
				<time>2026-08-03T16:39:34Z</time>
			</trkpt>
			<trkpt lat="59.948251010426844" lon="30.28255654062955">
				<ele>27.915567699819803</ele>
				<time>2026-08-03T16:39:36Z</time>
			</trkpt>
			<trkpt lat="59.94823995386376" lon="30.282594256653837">
				<ele>28.669355654157698</ele>
				<time>2026-08-03T16:39:38Z</time>
			</trkpt>
			<trkpt lat="59.94822193931487" lon="30.282630226045036">
				<ele>28.187847401946783</ele>
				<time>2026-08-03T16:39:40Z</time>
			</trkpt>
			<trkpt lat="59.94819975375191" lon="30.28265770093846">
				<ele>26.139188996516168</ele>
				<time>2026-08-03T16:39:42Z</time>
			</trkpt>
			<trkpt lat="59.948194366597804" lon="30.282714180787295">
				<ele>27.9670889377594</ele>
				<time>2026-08-03T16:39:44Z</time>
			</trkpt>
			<trkpt lat="59.948104054093164" lon="30.28280156359932">
				<ele>17.795437466353178</ele>
				<time>2026-08-03T16:39:45Z</time>
			</trkpt>
			<trkpt lat="59.94808177736071" lon="30.282828585132272">
				<ele>17.790753067471087</ele>
				<time>2026-08-03T16:39:46Z</time>
			</trkpt>
			<trkpt lat="59.94807010297027" lon="30.28288074685315">
				<ele>18.93697765376419</ele>
				<time>2026-08-03T16:39:50Z</time>
			</trkpt>
			<trkpt lat="59.948070169112285" lon="30.282917332350884">
				<ele>19.190217909403145</ele>
				<time>2026-08-03T16:39:51Z</time>
			</trkpt>
			<trkpt lat="59.948072080213265" lon="30.282962829974732">
				<ele>18.521137098781765</ele>
				<time>2026-08-03T16:39:53Z</time>
			</trkpt>
			<trkpt lat="59.94805822634989" lon="30.283019289839945">
				<ele>18.270915346220136</ele>
				<time>2026-08-03T16:39:55Z</time>
			</trkpt>
			<trkpt lat="59.94805143726429" lon="30.283064113776295">
				<ele>18.526005162857473</ele>
				<time>2026-08-03T16:39:57Z</time>
			</trkpt>
			<trkpt lat="59.948031972051616" lon="30.283094695419706">
				<ele>17.64540183916688</ele>
				<time>2026-08-03T16:39:59Z</time>
			</trkpt>
			<trkpt lat="59.94801164230247" lon="30.283182368198762">
				<ele>18.221357873640954</ele>
				<time>2026-08-03T16:40:01Z</time>
			</trkpt>
			<trkpt lat="59.94798130047298" lon="30.283223661100447">
				<ele>19.350211499258876</ele>
				<time>2026-08-03T16:40:03Z</time>
			</trkpt>
			<trkpt lat="59.947959541896196" lon="30.283242550342298">
				<ele>17.873428719118237</ele>
				<time>2026-08-03T16:40:05Z</time>
			</trkpt>
			<trkpt lat="59.94792539819599" lon="30.28324561584578">
				<ele>15.0586505709216</ele>
				<time>2026-08-03T16:40:07Z</time>
			</trkpt>
			<trkpt lat="59.947895765648234" lon="30.283266197168246">
				<ele>14.781593035906553</ele>
				<time>2026-08-03T16:40:09Z</time>
			</trkpt>
			<trkpt lat="59.94786515563458" lon="30.283302026647963">
				<ele>14.749775364995003</ele>
				<time>2026-08-03T16:40:10Z</time>
			</trkpt>
			<trkpt lat="59.947840243803164" lon="30.283296380119264">
				<ele>13.844555333256721</ele>
				<time>2026-08-03T16:40:12Z</time>
			</trkpt>
			<trkpt lat="59.9478197911951" lon="30.283341079581135">
				<ele>14.703761751763523</ele>
				<time>2026-08-03T16:40:14Z</time>
			</trkpt>
			<trkpt lat="59.94780428089406" lon="30.283362731864848">
				<ele>14.050880178809166</ele>
				<time>2026-08-03T16:40:15Z</time>
			</trkpt>
			<trkpt lat="59.94777882885085" lon="30.283369316048766">
				<ele>12.241867892444134</ele>
				<time>2026-08-03T16:40:16Z</time>
			</trkpt>
			<trkpt lat="59.947767417397" lon="30.283397041786632">
				<ele>12.065617388114333</ele>
				<time>2026-08-03T16:40:17Z</time>
			</trkpt>
			<trkpt lat="59.947734092521834" lon="30.283406857339976">
				<ele>10.827967421151698</ele>
				<time>2026-08-03T16:40:19Z</time>
			</trkpt>
			<trkpt lat="59.94771599232624" lon="30.283422762463676">
				<ele>11.052306081168354</ele>
				<time>2026-08-03T16:40:21Z</time>
			</trkpt>
			<trkpt lat="59.94768155283324" lon="30.28343561970891">
				<ele>10.978453477844596</ele>
				<time>2026-08-03T16:40:23Z</time>
			</trkpt>
			<trkpt lat="59.94766217722287" lon="30.283443664353626">
				<ele>10.24578798096627</ele>
				<time>2026-08-03T16:40:24Z</time>
			</trkpt>
			<trkpt lat="59.94764777297744" lon="30.283473250848832">
				<ele>8.792297043837607</ele>
				<time>2026-08-03T16:40:26Z</time>
			</trkpt>
			<trkpt lat="59.94762576465462" lon="30.283508484341873">
				<ele>9.054244629107416</ele>
				<time>2026-08-03T16:40:28Z</time>
			</trkpt>
			<trkpt lat="59.94762029526303" lon="30.283556116206153">
				<ele>10.53785116225481</ele>
				<time>2026-08-03T16:40:29Z</time>
			</trkpt>
			<trkpt lat="59.94763948830363" lon="30.283579604558387">
				<ele>7.017326491884887</ele>
				<time>2026-08-03T16:40:32Z</time>
			</trkpt>
			<trkpt lat="59.94767103521814" lon="30.283566635016506">
				<ele>9.135344829410315</ele>
				<time>2026-08-03T16:40:33Z</time>
			</trkpt>
			<trkpt lat="59.947692587561825" lon="30.283515958273657">
				<ele>5.593817881308496</ele>
				<time>2026-08-03T16:40:34Z</time>
			</trkpt>
			<trkpt lat="59.94771465033099" lon="30.283516978312417">
				<ele>6.427660228684545</ele>
				<time>2026-08-03T16:40:36Z</time>
			</trkpt>
			<trkpt lat="59.94773134576999" lon="30.283489697317872">
				<ele>5.873571367003024</ele>
				<time>2026-08-03T16:40:37Z</time>
			</trkpt>
			<trkpt lat="59.94774603242176" lon="30.28343634096249">
				<ele>5.206778597086668</ele>
				<time>2026-08-03T16:40:38Z</time>
			</trkpt>
			<trkpt lat="59.94775417619639" lon="30.283396634784236">
				<ele>3.897913372144103</ele>
				<time>2026-08-03T16:40:39Z</time>
			</trkpt>
			<trkpt lat="59.94777651531317" lon="30.28338558112151">
				<ele>2.706363981589675</ele>
				<time>2026-08-03T16:40:42Z</time>
			</trkpt>
			<trkpt lat="59.94779520303789" lon="30.283379184842257">
				<ele>1.6631589839234948</ele>
				<time>2026-08-03T16:40:45Z</time>
			</trkpt>
			<trkpt lat="59.94776145095032" lon="30.2834004164024">
				<ele>5.950347974896431</ele>
				<time>2026-08-03T16:40:46Z</time>
			</trkpt>
			<trkpt lat="59.94778131606083" lon="30.283422125531622">
				<ele>5.6076012421399355</ele>
				<time>2026-08-03T16:40:49Z</time>
			</trkpt>
			<trkpt lat="59.947802815642454" lon="30.283401003135626">
				<ele>5.446113660000265</ele>
				<time>2026-08-03T16:40:50Z</time>
			</trkpt>
			<trkpt lat="59.947840978700434" lon="30.283363608636524">
				<ele>5.425688058137894</ele>
				<time>2026-08-03T16:40:51Z</time>
			</trkpt>
			<trkpt lat="59.9478578076269" lon="30.28333050323359">
				<ele>5.423013959079981</ele>
				<time>2026-08-03T16:40:52Z</time>
			</trkpt>
			<trkpt lat="59.947874397095546" lon="30.28329304422278">
				<ele>5.412025526165962</ele>
				<time>2026-08-03T16:40:54Z</time>
			</trkpt>
			<trkpt lat="59.94789987808119" lon="30.283250045059503">
				<ele>5.401043014600873</ele>
				<time>2026-08-03T16:40:56Z</time>
			</trkpt>
			<trkpt lat="59.94776617023775" lon="30.283158283996205">
				<ele>4.4574889151721555</ele>
				<time>2026-08-03T16:41:16Z</time>
			</trkpt>
			<trkpt lat="59.947576939230245" lon="30.282165440783224">
				<ele>13.783470167233556</ele>
				<time>2026-08-03T16:42:00Z</time>
			</trkpt>
			<trkpt lat="59.94763273207928" lon="30.28450418875562">
				<ele>7.827338081784546</ele>
				<time>2026-08-03T16:42:01Z</time>
			</trkpt>
			<trkpt lat="59.9476998657813" lon="30.28473681496716">
				<ele>7.924483075737953</ele>
				<time>2026-08-03T16:42:02Z</time>
			</trkpt>
			<trkpt lat="59.94770845086929" lon="30.28488540338815">
				<ele>9.335557125508785</ele>
				<time>2026-08-03T16:42:03Z</time>
			</trkpt>
			<trkpt lat="59.947771655325646" lon="30.284887479796215">
				<ele>6.343173152767122</ele>
				<time>2026-08-03T16:42:04Z</time>
			</trkpt>
			<trkpt lat="59.947806360809146" lon="30.284921071079875">
				<ele>5.996751409955323</ele>
				<time>2026-08-03T16:42:05Z</time>
			</trkpt>
			<trkpt lat="59.94783477339049" lon="30.284874872399765">
				<ele>0.8202582001686096</ele>
				<time>2026-08-03T16:42:08Z</time>
			</trkpt>
			<trkpt lat="59.94786528566025" lon="30.28490279658658">
				<ele>4.433136091567576</ele>
				<time>2026-08-03T16:42:10Z</time>
			</trkpt>
			<trkpt lat="59.94788718637486" lon="30.284891537639698">
				<ele>4.075110768899322</ele>
				<time>2026-08-03T16:42:11Z</time>
			</trkpt>
			<trkpt lat="59.94790305197456" lon="30.284909201690063">
				<ele>6.047643659636378</ele>
				<time>2026-08-03T16:42:13Z</time>
			</trkpt>
			<trkpt lat="59.94792481336316" lon="30.28485734380466">
				<ele>6.461199178360403</ele>
				<time>2026-08-03T16:42:15Z</time>
			</trkpt>
			<trkpt lat="59.947911063726835" lon="30.284801996011456">
				<ele>5.554523601196706</ele>
				<time>2026-08-03T16:42:16Z</time>
			</trkpt>
			<trkpt lat="59.9479161762988" lon="30.28474481226166">
				<ele>5.006060214713216</ele>
				<time>2026-08-03T16:42:18Z</time>
			</trkpt>
			<trkpt lat="59.94793104552255" lon="30.284707044745083">
				<ele>6.635452177375555</ele>
				<time>2026-08-03T16:42:19Z</time>
			</trkpt>
			<trkpt lat="59.94793256863047" lon="30.284652060160678">
				<ele>6.837594105862081</ele>
				<time>2026-08-03T16:42:20Z</time>
			</trkpt>
			<trkpt lat="59.94795362402536" lon="30.28461527154608">
				<ele>6.8665373381227255</ele>
				<time>2026-08-03T16:42:22Z</time>
			</trkpt>
			<trkpt lat="59.947963593626824" lon="30.28455863718748">
				<ele>7.2147984355688095</ele>
				<time>2026-08-03T16:42:24Z</time>
			</trkpt>
			<trkpt lat="59.94798667100274" lon="30.284530530792566">
				<ele>6.182267296127975</ele>
				<time>2026-08-03T16:42:26Z</time>
			</trkpt>
			<trkpt lat="59.94800991057104" lon="30.284546668748153">
				<ele>6.196562696248293</ele>
				<time>2026-08-03T16:42:27Z</time>
			</trkpt>
			<trkpt lat="59.94802762669827" lon="30.28453224950307">
				<ele>6.941095783375204</ele>
				<time>2026-08-03T16:42:28Z</time>
			</trkpt>
			<trkpt lat="59.94805282117562" lon="30.284563630644403">
				<ele>7.156727720052004</ele>
				<time>2026-08-03T16:42:30Z</time>
			</trkpt>
			<trkpt lat="59.948078331716935" lon="30.284607337881766">
				<ele>8.13977884221822</ele>
				<time>2026-08-03T16:42:32Z</time>
			</trkpt>
			<trkpt lat="59.9480971071707" lon="30.28462904724279">
				<ele>8.130091832019389</ele>
				<time>2026-08-03T16:42:34Z</time>
			</trkpt>
			<trkpt lat="59.948110984918046" lon="30.284657456485427">
				<ele>7.7845324240624905</ele>
				<time>2026-08-03T16:42:35Z</time>
			</trkpt>
			<trkpt lat="59.94813357840225" lon="30.28468434686088">
				<ele>9.968442271463573</ele>
				<time>2026-08-03T16:42:36Z</time>
			</trkpt>
			<trkpt lat="59.94813881710567" lon="30.28472550247238">
				<ele>8.316545376554132</ele>
				<time>2026-08-03T16:42:37Z</time>
			</trkpt>
			<trkpt lat="59.948156835608515" lon="30.284736779495017">
				<ele>7.7062517972663045</ele>
				<time>2026-08-03T16:42:38Z</time>
			</trkpt>
			<trkpt lat="59.94818467395028" lon="30.28476068018205">
				<ele>8.263716654852033</ele>
				<time>2026-08-03T16:42:40Z</time>
			</trkpt>
			<trkpt lat="59.948203535574585" lon="30.284796197171154">
				<ele>7.5616844687610865</ele>
				<time>2026-08-03T16:42:42Z</time>
			</trkpt>
			<trkpt lat="59.94822748691192" lon="30.284820278545684">
				<ele>7.872997705824673</ele>
				<time>2026-08-03T16:42:44Z</time>
			</trkpt>
			<trkpt lat="59.94823780088692" lon="30.28488183328942">
				<ele>8.505602510645986</ele>
				<time>2026-08-03T16:42:49Z</time>
			</trkpt>
			<trkpt lat="59.9482591618235" lon="30.284888761678346">
				<ele>8.308929306454957</ele>
				<time>2026-08-03T16:42:50Z</time>
			</trkpt>
			<trkpt lat="59.94827869341529" lon="30.284913673562617">
				<ele>8.572302497923374</ele>
				<time>2026-08-03T16:42:51Z</time>
			</trkpt>
			<trkpt lat="59.948300660883305" lon="30.284981535599822">
				<ele>8.70773149933666</ele>
				<time>2026-08-03T16:42:53Z</time>
			</trkpt>
			<trkpt lat="59.94831974135197" lon="30.285004072569247">
				<ele>9.564112911000848</ele>
				<time>2026-08-03T16:42:54Z</time>
			</trkpt>
			<trkpt lat="59.94835627524123" lon="30.285034135843265">
				<ele>9.080297796055675</ele>
				<time>2026-08-03T16:42:55Z</time>
			</trkpt>
			<trkpt lat="59.948380305768914" lon="30.28506477048063">
				<ele>9.196590112522244</ele>
				<time>2026-08-03T16:42:58Z</time>
			</trkpt>
			<trkpt lat="59.94840300693358" lon="30.285086787144444">
				<ele>8.948773358017206</ele>
				<time>2026-08-03T16:43:00Z</time>
			</trkpt>
			<trkpt lat="59.94841765967036" lon="30.28512791311674">
				<ele>8.929976363666356</ele>
				<time>2026-08-03T16:43:01Z</time>
			</trkpt>
			<trkpt lat="59.9484405912434" lon="30.285151710532478">
				<ele>7.703251115977764</ele>
				<time>2026-08-03T16:43:05Z</time>
			</trkpt>
			<trkpt lat="59.9484596032834" lon="30.28515446537387">
				<ele>8.293575284071267</ele>
				<time>2026-08-03T16:43:06Z</time>
			</trkpt>
			<trkpt lat="59.948479128460924" lon="30.2851666779188">
				<ele>9.395781313069165</ele>
				<time>2026-08-03T16:43:07Z</time>
			</trkpt>
			<trkpt lat="59.948509449460765" lon="30.285189480636596">
				<ele>10.11148251593113</ele>
				<time>2026-08-03T16:43:09Z</time>
			</trkpt>
			<trkpt lat="59.948542302397605" lon="30.28521948982808">
				<ele>11.005398659035563</ele>
				<time>2026-08-03T16:43:11Z</time>
			</trkpt>
			<trkpt lat="59.94856076816122" lon="30.28524265183508">
				<ele>11.549953202717006</ele>
				<time>2026-08-03T16:43:13Z</time>
			</trkpt>
			<trkpt lat="59.94858464062578" lon="30.285267301654677">
				<ele>12.455554138869047</ele>
				<time>2026-08-03T16:43:15Z</time>
			</trkpt>
			<trkpt lat="59.948607068224554" lon="30.285287637358312">
				<ele>13.042197464965284</ele>
				<time>2026-08-03T16:43:17Z</time>
			</trkpt>
			<trkpt lat="59.94862353909333" lon="30.285313101255657">
				<ele>13.118143339641392</ele>
				<time>2026-08-03T16:43:19Z</time>
			</trkpt>
			<trkpt lat="59.94864048390711" lon="30.285338899321054">
				<ele>13.662941235117614</ele>
				<time>2026-08-03T16:43:21Z</time>
			</trkpt>
			<trkpt lat="59.94866641699108" lon="30.285365051633136">
				<ele>14.154078130610287</ele>
				<time>2026-08-03T16:43:23Z</time>
			</trkpt>
			<trkpt lat="59.94868576296624" lon="30.285390181454023">
				<ele>14.112572961486876</ele>
				<time>2026-08-03T16:43:25Z</time>
			</trkpt>
			<trkpt lat="59.94870873864295" lon="30.28542620129964">
				<ele>14.710972911678255</ele>
				<time>2026-08-03T16:43:27Z</time>
			</trkpt>
			<trkpt lat="59.94872835902382" lon="30.285458527840966">
				<ele>14.980577879585326</ele>
				<time>2026-08-03T16:43:29Z</time>
			</trkpt>
			<trkpt lat="59.9487399975502" lon="30.285487900965354">
				<ele>14.531961887143552</ele>
				<time>2026-08-03T16:43:31Z</time>
			</trkpt>
			<trkpt lat="59.94877175300799" lon="30.28550395999454">
				<ele>14.991639049723744</ele>
				<time>2026-08-03T16:43:34Z</time>
			</trkpt>
			<trkpt lat="59.94879209909255" lon="30.285528772178495">
				<ele>14.872085241600871</ele>
				<time>2026-08-03T16:43:36Z</time>
			</trkpt>
			<trkpt lat="59.948810891592245" lon="30.285560774136716">
				<ele>14.751529478468001</ele>
				<time>2026-08-03T16:43:38Z</time>
			</trkpt>
			<trkpt lat="59.948828480891336" lon="30.28559693598617">
				<ele>15.406529899686575</ele>
				<time>2026-08-03T16:43:40Z</time>
			</trkpt>
			<trkpt lat="59.94885809250903" lon="30.28562705231478">
				<ele>14.427546864375472</ele>
				<time>2026-08-03T16:43:42Z</time>
			</trkpt>
			<trkpt lat="59.94887291054683" lon="30.285647384884655">
				<ele>14.357498463243246</ele>
				<time>2026-08-03T16:43:44Z</time>
			</trkpt>
			<trkpt lat="59.948887399758895" lon="30.285683416288588">
				<ele>13.949226436205208</ele>
				<time>2026-08-03T16:43:46Z</time>
			</trkpt>
			<trkpt lat="59.9488991294164" lon="30.285712761437274">
				<ele>14.038698370568454</ele>
				<time>2026-08-03T16:43:49Z</time>
			</trkpt>
			<trkpt lat="59.948918277262216" lon="30.285744582122454">
				<ele>13.929752714000642</ele>
				<time>2026-08-03T16:43:51Z</time>
			</trkpt>
			<trkpt lat="59.94893609571386" lon="30.285775543770352">
				<ele>13.899717275984585</ele>
				<time>2026-08-03T16:43:53Z</time>
			</trkpt>
			<trkpt lat="59.94895269382878" lon="30.285820604607125">
				<ele>14.080255392938852</ele>
				<time>2026-08-03T16:43:55Z</time>
			</trkpt>
			<trkpt lat="59.94897472833345" lon="30.285853551444877">
				<ele>14.41657992079854</ele>
				<time>2026-08-03T16:43:56Z</time>
			</trkpt>
			<trkpt lat="59.94899038595349" lon="30.285876101419895">
				<ele>14.681258245371282</ele>
				<time>2026-08-03T16:43:58Z</time>
			</trkpt>
			<trkpt lat="59.94899808525636" lon="30.28591288122792">
				<ele>13.63963314704597</ele>
				<time>2026-08-03T16:44:00Z</time>
			</trkpt>
			<trkpt lat="59.94901225732958" lon="30.28596176414334">
				<ele>11.968520091846585</ele>
				<time>2026-08-03T16:44:11Z</time>
			</trkpt>
			<trkpt lat="59.94903810525909" lon="30.28595752320975">
				<ele>12.67952936142683</ele>
				<time>2026-08-03T16:44:13Z</time>
			</trkpt>
			<trkpt lat="59.94905911394924" lon="30.285973059112592">
				<ele>11.768277092836797</ele>
				<time>2026-08-03T16:44:16Z</time>
			</trkpt>
			<trkpt lat="59.94908589606891" lon="30.285992486744757">
				<ele>10.816389788873494</ele>
				<time>2026-08-03T16:44:18Z</time>
			</trkpt>
			<trkpt lat="59.94910908728223" lon="30.28600419149305">
				<ele>10.64045683760196</ele>
				<time>2026-08-03T16:44:20Z</time>
			</trkpt>
			<trkpt lat="59.94912583624519" lon="30.286022223032436">
				<ele>10.698327063582838</ele>
				<time>2026-08-03T16:44:22Z</time>
			</trkpt>
			<trkpt lat="59.94913683000274" lon="30.2860525159023">
				<ele>10.468539483845234</ele>
				<time>2026-08-03T16:44:23Z</time>
			</trkpt>
			<trkpt lat="59.94914836135815" lon="30.28608133612033">
				<ele>10.253290191292763</ele>
				<time>2026-08-03T16:44:25Z</time>
			</trkpt>
			<trkpt lat="59.94916656367766" lon="30.286104344714452">
				<ele>10.036948824301362</ele>
				<time>2026-08-03T16:44:27Z</time>
			</trkpt>
			<trkpt lat="59.9492001983343" lon="30.28615569123141">
				<ele>11.301674589514732</ele>
				<time>2026-08-03T16:44:29Z</time>
			</trkpt>
			<trkpt lat="59.9492299757165" lon="30.286172956359138">
				<ele>11.105289496481419</ele>
				<time>2026-08-03T16:44:32Z</time>
			</trkpt>
			<trkpt lat="59.94925417990393" lon="30.286214135558513">
				<ele>10.075645523145795</ele>
				<time>2026-08-03T16:44:34Z</time>
			</trkpt>
			<trkpt lat="59.94926920407034" lon="30.28624267105787">
				<ele>9.696837014518678</ele>
				<time>2026-08-03T16:44:37Z</time>
			</trkpt>
			<trkpt lat="59.94927809532552" lon="30.28629871586001">
				<ele>9.58780368231237</ele>
				<time>2026-08-03T16:44:39Z</time>
			</trkpt>
			<trkpt lat="59.94929818280044" lon="30.286331177670593">
				<ele>9.627984546124935</ele>
				<time>2026-08-03T16:44:41Z</time>
			</trkpt>
			<trkpt lat="59.9493228673672" lon="30.286365461122614">
				<ele>8.47928873077035</ele>
				<time>2026-08-03T16:44:43Z</time>
			</trkpt>
			<trkpt lat="59.94933859998166" lon="30.28641197606881">
				<ele>8.742843450978398</ele>
				<time>2026-08-03T16:44:46Z</time>
			</trkpt>
			<trkpt lat="59.949359074931" lon="30.286422251351482">
				<ele>8.115524713881314</ele>
				<time>2026-08-03T16:44:49Z</time>
			</trkpt>
			<trkpt lat="59.94937278049528" lon="30.286452029585988">
				<ele>8.006374273449183</ele>
				<time>2026-08-03T16:44:51Z</time>
			</trkpt>
			<trkpt lat="59.94939263558724" lon="30.286443838078867">
				<ele>7.6114629581570625</ele>
				<time>2026-08-03T16:44:52Z</time>
			</trkpt>
			<trkpt lat="59.94941736181561" lon="30.286472601781753">
				<ele>7.552715448662639</ele>
				<time>2026-08-03T16:44:54Z</time>
			</trkpt>
			<trkpt lat="59.94943524280338" lon="30.286489264992603">
				<ele>7.172196400351822</ele>
				<time>2026-08-03T16:44:56Z</time>
			</trkpt>
			<trkpt lat="59.949467021647784" lon="30.28652069266913">
				<ele>7.271655032411218</ele>
				<time>2026-08-03T16:44:57Z</time>
			</trkpt>
			<trkpt lat="59.94948312209265" lon="30.286550211964435">
				<ele>6.805634350515902</ele>
				<time>2026-08-03T16:44:59Z</time>
			</trkpt>
			<trkpt lat="59.94950845942565" lon="30.286599818699614">
				<ele>6.2274243561550975</ele>
				<time>2026-08-03T16:45:01Z</time>
			</trkpt>
			<trkpt lat="59.949530671749606" lon="30.286610720102093">
				<ele>6.417957957834005</ele>
				<time>2026-08-03T16:45:04Z</time>
			</trkpt>
			<trkpt lat="59.94955121933973" lon="30.286661714375185">
				<ele>6.798954430967569</ele>
				<time>2026-08-03T16:45:06Z</time>
			</trkpt>
			<trkpt lat="59.94956874903885" lon="30.28668454415058">
				<ele>7.124107337556779</ele>
				<time>2026-08-03T16:45:08Z</time>
			</trkpt>
			<trkpt lat="59.94958518145843" lon="30.286704541089925">
				<ele>6.761038389056921</ele>
				<time>2026-08-03T16:45:10Z</time>
			</trkpt>
			<trkpt lat="59.949607559974346" lon="30.286721648248346">
				<ele>7.424028142355382</ele>
				<time>2026-08-03T16:45:12Z</time>
			</trkpt>
			<trkpt lat="59.94962774084631" lon="30.286748833639155">
				<ele>7.268333620391786</ele>
				<time>2026-08-03T16:45:14Z</time>
			</trkpt>
			<trkpt lat="59.949643254175335" lon="30.286781416895046">
				<ele>7.65527662448585</ele>
				<time>2026-08-03T16:45:17Z</time>
			</trkpt>
			<trkpt lat="59.949659186237426" lon="30.286804066140927">
				<ele>6.036985568702221</ele>
				<time>2026-08-03T16:45:20Z</time>
			</trkpt>
			<trkpt lat="59.949672085433754" lon="30.286834148365255">
				<ele>5.768493498675525</ele>
				<time>2026-08-03T16:45:21Z</time>
			</trkpt>
			<trkpt lat="59.94967885783239" lon="30.2868859661968">
				<ele>5.025121179409325</ele>
				<time>2026-08-03T16:45:24Z</time>
			</trkpt>
			<trkpt lat="59.94968329520002" lon="30.286953358469038">
				<ele>4.9022258799523115</ele>
				<time>2026-08-03T16:45:26Z</time>
			</trkpt>
			<trkpt lat="59.9496773699346" lon="30.287012895568328">
				<ele>4.451726026833057</ele>
				<time>2026-08-03T16:45:27Z</time>
			</trkpt>
			<trkpt lat="59.94967554596941" lon="30.287049244934906">
				<ele>4.095018658787012</ele>
				<time>2026-08-03T16:45:29Z</time>
			</trkpt>
			<trkpt lat="59.94967920718911" lon="30.287118051230493">
				<ele>4.622420009225607</ele>
				<time>2026-08-03T16:45:31Z</time>
			</trkpt>
			<trkpt lat="59.949699082533705" lon="30.287150244310823">
				<ele>4.8628109293058515</ele>
				<time>2026-08-03T16:45:32Z</time>
			</trkpt>
			<trkpt lat="59.949724379025305" lon="30.287191021959547">
				<ele>5.015758162364364</ele>
				<time>2026-08-03T16:45:34Z</time>
			</trkpt>
			<trkpt lat="59.94975916002117" lon="30.287199291642175">
				<ele>4.664259364828467</ele>
				<time>2026-08-03T16:45:36Z</time>
			</trkpt>
			<trkpt lat="59.9497898565871" lon="30.28722050159143">
				<ele>4.246536604128778</ele>
				<time>2026-08-03T16:45:38Z</time>
			</trkpt>
			<trkpt lat="59.949804645380674" lon="30.287240992495843">
				<ele>4.61864335462451</ele>
				<time>2026-08-03T16:45:39Z</time>
			</trkpt>
			<trkpt lat="59.94981675553084" lon="30.28726901154446">
				<ele>5.163399119861424</ele>
				<time>2026-08-03T16:45:40Z</time>
			</trkpt>
			<trkpt lat="59.94983148932931" lon="30.287293268645197">
				<ele>5.348267356865108</ele>
				<time>2026-08-03T16:45:41Z</time>
			</trkpt>
			<trkpt lat="59.94985252364359" lon="30.287292342802285">
				<ele>4.833219114691019</ele>
				<time>2026-08-03T16:45:42Z</time>
			</trkpt>
			<trkpt lat="59.94988051200216" lon="30.287321382877632">
				<ele>4.882103045471013</ele>
				<time>2026-08-03T16:45:44Z</time>
			</trkpt>
			<trkpt lat="59.94990970685906" lon="30.287333778956473">
				<ele>5.040101671591401</ele>
				<time>2026-08-03T16:45:46Z</time>
			</trkpt>
			<trkpt lat="59.949927762989674" lon="30.28732350478722">
				<ele>5.575657876208425</ele>
				<time>2026-08-03T16:45:47Z</time>
			</trkpt>
			<trkpt lat="59.94995505163253" lon="30.28735433510027">
				<ele>5.930775639601052</ele>
				<time>2026-08-03T16:45:49Z</time>
			</trkpt>
			<trkpt lat="59.949980353429176" lon="30.287391808807122">
				<ele>5.627351948060095</ele>
				<time>2026-08-03T16:45:51Z</time>
			</trkpt>
			<trkpt lat="59.95000624612456" lon="30.287423486003856">
				<ele>5.40111246984452</ele>
				<time>2026-08-03T16:45:53Z</time>
			</trkpt>
			<trkpt lat="59.95003232807549" lon="30.2874627599074">
				<ele>5.228893853724003</ele>
				<time>2026-08-03T16:45:55Z</time>
			</trkpt>
			<trkpt lat="59.950061998068364" lon="30.28748992813427">
				<ele>5.693385764956474</ele>
				<time>2026-08-03T16:45:57Z</time>
			</trkpt>
			<trkpt lat="59.95007220644716" lon="30.287521203486946">
				<ele>5.862678246572614</ele>
				<time>2026-08-03T16:45:58Z</time>
			</trkpt>
			<trkpt lat="59.95010199224264" lon="30.287546310168082">
				<ele>6.738451178185642</ele>
				<time>2026-08-03T16:46:00Z</time>
			</trkpt>
			<trkpt lat="59.95011991207986" lon="30.287618327932943">
				<ele>6.180366603657603</ele>
				<time>2026-08-03T16:46:02Z</time>
			</trkpt>
			<trkpt lat="59.950141865375215" lon="30.287662493675153">
				<ele>5.442475434392691</ele>
				<time>2026-08-03T16:46:04Z</time>
			</trkpt>
			<trkpt lat="59.950179718924026" lon="30.28766157742829">
				<ele>5.197926534339786</ele>
				<time>2026-08-03T16:46:06Z</time>
			</trkpt>
			<trkpt lat="59.95020564248345" lon="30.28769619420388">
				<ele>5.0618044305592775</ele>
				<time>2026-08-03T16:46:08Z</time>
			</trkpt>
			<trkpt lat="59.950232952102546" lon="30.28772243395554">
				<ele>7.225436779670417</ele>
				<time>2026-08-03T16:46:10Z</time>
			</trkpt>
			<trkpt lat="59.95025645170765" lon="30.28777011099067">
				<ele>6.570158110931516</ele>
				<time>2026-08-03T16:46:12Z</time>
			</trkpt>
			<trkpt lat="59.9502878901625" lon="30.287793450362567">
				<ele>6.327005062252283</ele>
				<time>2026-08-03T16:46:14Z</time>
			</trkpt>
			<trkpt lat="59.95031794591736" lon="30.287818540710553">
				<ele>6.7154884692281485</ele>
				<time>2026-08-03T16:46:16Z</time>
			</trkpt>
			<trkpt lat="59.95034521597245" lon="30.287846605886195">
				<ele>6.4930084040388465</ele>
				<time>2026-08-03T16:46:18Z</time>
			</trkpt>
			<trkpt lat="59.95037192154954" lon="30.2878802828703">
				<ele>7.459238791838288</ele>
				<time>2026-08-03T16:46:20Z</time>
			</trkpt>
			<trkpt lat="59.95039431577215" lon="30.287915787206984">
				<ele>7.870544446632266</ele>
				<time>2026-08-03T16:46:22Z</time>
			</trkpt>
			<trkpt lat="59.95041133045651" lon="30.287951892861308">
				<ele>8.790813460946083</ele>
				<time>2026-08-03T16:46:24Z</time>
			</trkpt>
			<trkpt lat="59.95043264704582" lon="30.287977371138084">
				<ele>9.369012569077313</ele>
				<time>2026-08-03T16:46:26Z</time>
			</trkpt>
			<trkpt lat="59.950459738461" lon="30.288007233369225">
				<ele>9.410294181667268</ele>
				<time>2026-08-03T16:46:28Z</time>
			</trkpt>
			<trkpt lat="59.95048597548787" lon="30.288036245719784">
				<ele>10.244150185026228</ele>
				<time>2026-08-03T16:46:30Z</time>
			</trkpt>
			<trkpt lat="59.95051628744619" lon="30.288059051761543">
				<ele>11.168713891878724</ele>
				<time>2026-08-03T16:46:32Z</time>
			</trkpt>
			<trkpt lat="59.95054432285951" lon="30.288080519897715">
				<ele>11.489224139600992</ele>
				<time>2026-08-03T16:46:34Z</time>
			</trkpt>
			<trkpt lat="59.95056789306281" lon="30.288104109808383">
				<ele>12.33833753876388</ele>
				<time>2026-08-03T16:46:36Z</time>
			</trkpt>
			<trkpt lat="59.950590113799954" lon="30.288140413387918">
				<ele>12.80535272974521</ele>
				<time>2026-08-03T16:46:38Z</time>
			</trkpt>
			<trkpt lat="59.95061324713577" lon="30.28816870270999">
				<ele>12.319801985286176</ele>
				<time>2026-08-03T16:46:40Z</time>
			</trkpt>
			<trkpt lat="59.95063626151674" lon="30.288208626265007">
				<ele>12.226904808543622</ele>
				<time>2026-08-03T16:46:42Z</time>
			</trkpt>
			<trkpt lat="59.95066252343341" lon="30.28824522006406">
				<ele>12.182770892046392</ele>
				<time>2026-08-03T16:46:44Z</time>
			</trkpt>
			<trkpt lat="59.95068912506149" lon="30.288283484576656">
				<ele>11.115289038978517</ele>
				<time>2026-08-03T16:46:46Z</time>
			</trkpt>
			<trkpt lat="59.95072063570998" lon="30.288299594256316">
				<ele>11.138889916241169</ele>
				<time>2026-08-03T16:46:48Z</time>
			</trkpt>
			<trkpt lat="59.950727907078836" lon="30.288334614991907">
				<ele>10.93040784727782</ele>
				<time>2026-08-03T16:46:49Z</time>
			</trkpt>
			<trkpt lat="59.95074966644125" lon="30.28838415235191">
				<ele>11.357320988550782</ele>
				<time>2026-08-03T16:46:51Z</time>
			</trkpt>
			<trkpt lat="59.95077585449217" lon="30.288422469303388">
				<ele>11.852364278398454</ele>
				<time>2026-08-03T16:46:53Z</time>
			</trkpt>
			<trkpt lat="59.95079243588599" lon="30.288471171079678">
				<ele>12.121188363060355</ele>
				<time>2026-08-03T16:46:55Z</time>
			</trkpt>
			<trkpt lat="59.95081165940911" lon="30.288510730011193">
				<ele>11.338504646904767</ele>
				<time>2026-08-03T16:46:57Z</time>
			</trkpt>
			<trkpt lat="59.95083638894041" lon="30.28854651222402">
				<ele>11.55096760392189</ele>
				<time>2026-08-03T16:46:59Z</time>
			</trkpt>
			<trkpt lat="59.950854111709745" lon="30.288580572912533">
				<ele>12.863287938758731</ele>
				<time>2026-08-03T16:47:01Z</time>
			</trkpt>
			<trkpt lat="59.95088800498582" lon="30.288566130559044">
				<ele>11.925989075563848</ele>
				<time>2026-08-03T16:47:03Z</time>
			</trkpt>
			<trkpt lat="59.95090874092412" lon="30.288599243856638">
				<ele>11.229465939104557</ele>
				<time>2026-08-03T16:47:05Z</time>
			</trkpt>
			<trkpt lat="59.95093413272306" lon="30.2886251505991">
				<ele>11.351710765622556</ele>
				<time>2026-08-03T16:47:07Z</time>
			</trkpt>
			<trkpt lat="59.95095156113358" lon="30.288663874418976">
				<ele>11.484898471273482</ele>
				<time>2026-08-03T16:47:09Z</time>
			</trkpt>
			<trkpt lat="59.950977500109175" lon="30.28869141209894">
				<ele>11.202006634324789</ele>
				<time>2026-08-03T16:47:11Z</time>
			</trkpt>
			<trkpt lat="59.95099114752756" lon="30.288736950092222">
				<ele>11.696408359333873</ele>
				<time>2026-08-03T16:47:14Z</time>
			</trkpt>
			<trkpt lat="59.95100987093445" lon="30.288757595707796">
				<ele>11.715439643710852</ele>
				<time>2026-08-03T16:47:16Z</time>
			</trkpt>
			<trkpt lat="59.951031551661245" lon="30.288776743002533">
				<ele>12.689535107463598</ele>
				<time>2026-08-03T16:47:18Z</time>
			</trkpt>
			<trkpt lat="59.95104770782869" lon="30.288819511462865">
				<ele>11.419716770760715</ele>
				<time>2026-08-03T16:47:20Z</time>
			</trkpt>
			<trkpt lat="59.95106442993414" lon="30.288841295280154">
				<ele>10.143194106407464</ele>
				<time>2026-08-03T16:47:22Z</time>
			</trkpt>
			<trkpt lat="59.951080739835334" lon="30.288871709149806">
				<ele>9.757670256309211</ele>
				<time>2026-08-03T16:47:24Z</time>
			</trkpt>
			<trkpt lat="59.95110400344205" lon="30.28890322982097">
				<ele>10.138613344170153</ele>
				<time>2026-08-03T16:47:26Z</time>
			</trkpt>
			<trkpt lat="59.95113162246398" lon="30.288944613914275">
				<ele>9.727213569916785</ele>
				<time>2026-08-03T16:47:28Z</time>
			</trkpt>
			<trkpt lat="59.95114676499547" lon="30.288966254271422">
				<ele>10.170250931754708</ele>
				<time>2026-08-03T16:47:30Z</time>
			</trkpt>
			<trkpt lat="59.951169046172026" lon="30.288999535146306">
				<ele>9.214499214664102</ele>
				<time>2026-08-03T16:47:32Z</time>
			</trkpt>
			<trkpt lat="59.951181363205194" lon="30.289033025405466">
				<ele>9.256993843242526</ele>
				<time>2026-08-03T16:47:34Z</time>
			</trkpt>
			<trkpt lat="59.951203367652205" lon="30.289049344354545">
				<ele>8.65116891078651</ele>
				<time>2026-08-03T16:47:36Z</time>
			</trkpt>
			<trkpt lat="59.95123331474814" lon="30.28908012453699">
				<ele>8.602700018323958</ele>
				<time>2026-08-03T16:47:38Z</time>
			</trkpt>
			<trkpt lat="59.95124844402788" lon="30.289105708633183">
				<ele>8.53106964379549</ele>
				<time>2026-08-03T16:47:40Z</time>
			</trkpt>
			<trkpt lat="59.95126990272208" lon="30.289142067892136">
				<ele>8.140638986602426</ele>
				<time>2026-08-03T16:47:42Z</time>
			</trkpt>
			<trkpt lat="59.95129891792252" lon="30.28915167452751">
				<ele>7.723910986445844</ele>
				<time>2026-08-03T16:47:44Z</time>
			</trkpt>
			<trkpt lat="59.95133082059494" lon="30.289175257298616">
				<ele>8.657125102356076</ele>
				<time>2026-08-03T16:47:46Z</time>
			</trkpt>
			<trkpt lat="59.95134967176118" lon="30.289186912289235">
				<ele>8.784316354431212</ele>
				<time>2026-08-03T16:47:47Z</time>
			</trkpt>
			<trkpt lat="59.95138810163297" lon="30.289216443862845">
				<ele>9.78329298272729</ele>
				<time>2026-08-03T16:47:49Z</time>
			</trkpt>
			<trkpt lat="59.9514077582555" lon="30.289243778791175">
				<ele>8.909025978296995</ele>
				<time>2026-08-03T16:47:50Z</time>
			</trkpt>
			<trkpt lat="59.95143966530287" lon="30.289297196436934">
				<ele>9.828928456641734</ele>
				<time>2026-08-03T16:47:52Z</time>
			</trkpt>
			<trkpt lat="59.951455941210604" lon="30.289320716202997">
				<ele>9.179210088215768</ele>
				<time>2026-08-03T16:47:53Z</time>
			</trkpt>
			<trkpt lat="59.95147436293386" lon="30.289365912854198">
				<ele>9.531901255249977</ele>
				<time>2026-08-03T16:47:55Z</time>
			</trkpt>
			<trkpt lat="59.95149713764026" lon="30.28938493059738">
				<ele>9.244277652353048</ele>
				<time>2026-08-03T16:47:57Z</time>
			</trkpt>
			<trkpt lat="59.95153035033449" lon="30.289426068770958">
				<ele>10.54054558929056</ele>
				<time>2026-08-03T16:47:59Z</time>
			</trkpt>
			<trkpt lat="59.951550402140064" lon="30.289447450543744">
				<ele>12.159120541065931</ele>
				<time>2026-08-03T16:48:00Z</time>
			</trkpt>
			<trkpt lat="59.95156942228113" lon="30.289481018902553">
				<ele>12.496450210921466</ele>
				<time>2026-08-03T16:48:02Z</time>
			</trkpt>
			<trkpt lat="59.95159197812848" lon="30.289528911852045">
				<ele>12.449369337409735</ele>
				<time>2026-08-03T16:48:04Z</time>
			</trkpt>
			<trkpt lat="59.951622064388715" lon="30.289539231270258">
				<ele>12.56031063105911</ele>
				<time>2026-08-03T16:48:06Z</time>
			</trkpt>
			<trkpt lat="59.95164692170634" lon="30.289569742291114">
				<ele>13.434771685861051</ele>
				<time>2026-08-03T16:48:08Z</time>
			</trkpt>
			<trkpt lat="59.95166599033741" lon="30.289612153027388">
				<ele>13.725044004619122</ele>
				<time>2026-08-03T16:48:10Z</time>
			</trkpt>
			<trkpt lat="59.951686113691956" lon="30.289633481256576">
				<ele>14.570664859376848</ele>
				<time>2026-08-03T16:48:12Z</time>
			</trkpt>
			<trkpt lat="59.951706250627545" lon="30.289659582632027">
				<ele>14.996243698522449</ele>
				<time>2026-08-03T16:48:14Z</time>
			</trkpt>
			<trkpt lat="59.95172229523589" lon="30.289692093234116">
				<ele>15.162263797596097</ele>
				<time>2026-08-03T16:48:16Z</time>
			</trkpt>
			<trkpt lat="59.95173755208173" lon="30.289728036324476">
				<ele>15.950698123313487</ele>
				<time>2026-08-03T16:48:18Z</time>
			</trkpt>
			<trkpt lat="59.95175473044202" lon="30.289768292091082">
				<ele>16.299294353462756</ele>
				<time>2026-08-03T16:48:20Z</time>
			</trkpt>
			<trkpt lat="59.95177215488459" lon="30.289783780483585">
				<ele>16.51342429406941</ele>
				<time>2026-08-03T16:48:22Z</time>
			</trkpt>
			<trkpt lat="59.95179432705656" lon="30.28981407067262">
				<ele>16.39372146129608</ele>
				<time>2026-08-03T16:48:24Z</time>
			</trkpt>
			<trkpt lat="59.951817766987105" lon="30.289848679799164">
				<ele>15.832605098374188</ele>
				<time>2026-08-03T16:48:26Z</time>
			</trkpt>
			<trkpt lat="59.951832446687156" lon="30.289872471533595">
				<ele>15.752041613683105</ele>
				<time>2026-08-03T16:48:28Z</time>
			</trkpt>
			<trkpt lat="59.95185704818553" lon="30.2898888173641">
				<ele>15.457467048428953</ele>
				<time>2026-08-03T16:48:30Z</time>
			</trkpt>
			<trkpt lat="59.95186690145877" lon="30.28992111132221">
				<ele>14.231116440147161</ele>
				<time>2026-08-03T16:48:32Z</time>
			</trkpt>
			<trkpt lat="59.951881158653265" lon="30.289943416444913">
				<ele>14.759003077633679</ele>
				<time>2026-08-03T16:48:34Z</time>
			</trkpt>
			<trkpt lat="59.951897026475315" lon="30.28996689145025">
				<ele>14.580850128084421</ele>
				<time>2026-08-03T16:48:35Z</time>
			</trkpt>
			<trkpt lat="59.95191942342884" lon="30.289999409562718">
				<ele>14.254153777845204</ele>
				<time>2026-08-03T16:48:37Z</time>
			</trkpt>
			<trkpt lat="59.951950855407674" lon="30.29001973679528">
				<ele>14.896922091022134</ele>
				<time>2026-08-03T16:48:39Z</time>
			</trkpt>
			<trkpt lat="59.95194851272324" lon="30.290066030935225">
				<ele>12.644236824475229</ele>
				<time>2026-08-03T16:48:41Z</time>
			</trkpt>
			<trkpt lat="59.951951995399476" lon="30.290113874023106">
				<ele>12.79297643713653</ele>
				<time>2026-08-03T16:48:43Z</time>
			</trkpt>
			<trkpt lat="59.95196619714346" lon="30.2901738768866">
				<ele>12.274888954125345</ele>
				<time>2026-08-03T16:48:45Z</time>
			</trkpt>
			<trkpt lat="59.95198730534346" lon="30.290168632821736">
				<ele>11.677323335781693</ele>
				<time>2026-08-03T16:48:47Z</time>
			</trkpt>
			<trkpt lat="59.95198637621056" lon="30.290217748353275">
				<ele>10.11416354868561</ele>
				<time>2026-08-03T16:48:50Z</time>
			</trkpt>
			<trkpt lat="59.951958954053424" lon="30.290251639627396">
				<ele>9.639051157981157</ele>
				<time>2026-08-03T16:48:52Z</time>
			</trkpt>
			<trkpt lat="59.95193096022621" lon="30.290277069506825">
				<ele>7.739819842390716</ele>
				<time>2026-08-03T16:48:54Z</time>
			</trkpt>
			<trkpt lat="59.951912926986516" lon="30.290299817129053">
				<ele>7.465343558229506</ele>
				<time>2026-08-03T16:48:55Z</time>
			</trkpt>
			<trkpt lat="59.95189661192715" lon="30.29034696306795">
				<ele>6.946478492580354</ele>
				<time>2026-08-03T16:48:57Z</time>
			</trkpt>
			<trkpt lat="59.95188345705521" lon="30.29038367659391">
				<ele>6.874873059801757</ele>
				<time>2026-08-03T16:48:59Z</time>
			</trkpt>
			<trkpt lat="59.95186372942206" lon="30.29042906763766">
				<ele>6.514775146730244</ele>
				<time>2026-08-03T16:49:01Z</time>
			</trkpt>
			<trkpt lat="59.951841070911385" lon="30.290457769404682">
				<ele>5.885404446162283</ele>
				<time>2026-08-03T16:49:03Z</time>
			</trkpt>
			<trkpt lat="59.95182731937328" lon="30.290480805019257">
				<ele>5.188146535307169</ele>
				<time>2026-08-03T16:49:04Z</time>
			</trkpt>
			<trkpt lat="59.9518184174981" lon="30.29052279806038">
				<ele>5.385423419997096</ele>
				<time>2026-08-03T16:49:06Z</time>
			</trkpt>
			<trkpt lat="59.95180744013698" lon="30.290582357973907">
				<ele>5.441871573217213</ele>
				<time>2026-08-03T16:49:08Z</time>
			</trkpt>
			<trkpt lat="59.95179222997084" lon="30.2906247288145">
				<ele>5.648415009491146</ele>
				<time>2026-08-03T16:49:10Z</time>
			</trkpt>
			<trkpt lat="59.95177582440039" lon="30.29065514720438">
				<ele>5.311385245993733</ele>
				<time>2026-08-03T16:49:12Z</time>
			</trkpt>
			<trkpt lat="59.95176223193822" lon="30.290713001357524">
				<ele>4.802525079809129</ele>
				<time>2026-08-03T16:49:14Z</time>
			</trkpt>
			<trkpt lat="59.951747768994075" lon="30.290749858070356">
				<ele>4.782388718798757</ele>
				<time>2026-08-03T16:49:16Z</time>
			</trkpt>
			<trkpt lat="59.95173694322327" lon="30.29077906435669">
				<ele>4.860827353782952</ele>
				<time>2026-08-03T16:49:17Z</time>
			</trkpt>
			<trkpt lat="59.95175101020018" lon="30.29082791495125">
				<ele>4.51125948317349</ele>
				<time>2026-08-03T16:49:20Z</time>
			</trkpt>
			<trkpt lat="59.95176389721147" lon="30.29086199803242">
				<ele>5.087920788675547</ele>
				<time>2026-08-03T16:49:21Z</time>
			</trkpt>
			<trkpt lat="59.951786268527364" lon="30.290895902586026">
				<ele>4.714419919066131</ele>
				<time>2026-08-03T16:49:23Z</time>
			</trkpt>
			<trkpt lat="59.95179702155774" lon="30.290928260327394">
				<ele>4.431805039756</ele>
				<time>2026-08-03T16:49:24Z</time>
			</trkpt>
			<trkpt lat="59.951799792817894" lon="30.290987273005484">
				<ele>4.058283299207687</ele>
				<time>2026-08-03T16:49:26Z</time>
			</trkpt>
			<trkpt lat="59.95179728317596" lon="30.29102362177099">
				<ele>4.183673011139035</ele>
				<time>2026-08-03T16:49:27Z</time>
			</trkpt>
			<trkpt lat="59.95179153255024" lon="30.291071250999195">
				<ele>4.135432889685035</ele>
				<time>2026-08-03T16:49:29Z</time>
			</trkpt>
			<trkpt lat="59.951788359267624" lon="30.2911380607969">
				<ele>4.128532082773745</ele>
				<time>2026-08-03T16:49:31Z</time>
			</trkpt>
			<trkpt lat="59.95179082631465" lon="30.29117526136053">
				<ele>4.001514329575002</ele>
				<time>2026-08-03T16:49:33Z</time>
			</trkpt>
			<trkpt lat="59.95178548947782" lon="30.29122042675746">
				<ele>4.011954112909734</ele>
				<time>2026-08-03T16:49:35Z</time>
			</trkpt>
			<trkpt lat="59.9517785956499" lon="30.2912686138887">
				<ele>3.6199019150808454</ele>
				<time>2026-08-03T16:49:37Z</time>
			</trkpt>
			<trkpt lat="59.95177520468544" lon="30.29130421711884">
				<ele>4.096522452309728</ele>
				<time>2026-08-03T16:49:38Z</time>
			</trkpt>
			<trkpt lat="59.95177533855648" lon="30.29135049823475">
				<ele>3.64109228271991</ele>
				<time>2026-08-03T16:49:40Z</time>
			</trkpt>
			<trkpt lat="59.95177392774579" lon="30.291407930069532">
				<ele>3.7400536816567183</ele>
				<time>2026-08-03T16:49:42Z</time>
			</trkpt>
			<trkpt lat="59.951776597377226" lon="30.29145516042042">
				<ele>3.184630357660353</ele>
				<time>2026-08-03T16:49:44Z</time>
			</trkpt>
			<trkpt lat="59.951773760179435" lon="30.29149617919337">
				<ele>2.945859736762941</ele>
				<time>2026-08-03T16:49:46Z</time>
			</trkpt>
			<trkpt lat="59.951758323895696" lon="30.291547156627633">
				<ele>2.471546065993607</ele>
				<time>2026-08-03T16:49:48Z</time>
			</trkpt>
			<trkpt lat="59.95174157704293" lon="30.29159181350795">
				<ele>2.3074371330440044</ele>
				<time>2026-08-03T16:49:50Z</time>
			</trkpt>
			<trkpt lat="59.95173287337357" lon="30.29162438980655">
				<ele>1.9831058662384748</ele>
				<time>2026-08-03T16:49:51Z</time>
			</trkpt>
			<trkpt lat="59.951723292278096" lon="30.29166209803138">
				<ele>2.655199399217963</ele>
				<time>2026-08-03T16:49:53Z</time>
			</trkpt>
			<trkpt lat="59.951709233742555" lon="30.291697104061384">
				<ele>2.5262948274612427</ele>
				<time>2026-08-03T16:49:55Z</time>
			</trkpt>
			<trkpt lat="59.95170006168154" lon="30.291728018862354">
				<ele>2.7920683613047004</ele>
				<time>2026-08-03T16:49:56Z</time>
			</trkpt>
			<trkpt lat="59.95168020037192" lon="30.29177156796157">
				<ele>1.7061312245205045</ele>
				<time>2026-08-03T16:49:58Z</time>
			</trkpt>
			<trkpt lat="59.95166069688661" lon="30.29181160116253">
				<ele>2.2405275106430054</ele>
				<time>2026-08-03T16:50:00Z</time>
			</trkpt>
			<trkpt lat="59.951645926502856" lon="30.291853220360327">
				<ele>1.6972097558900714</ele>
				<time>2026-08-03T16:50:02Z</time>
			</trkpt>
			<trkpt lat="59.95161861475085" lon="30.29191596370442">
				<ele>1.845901569351554</ele>
				<time>2026-08-03T16:50:04Z</time>
			</trkpt>
			<trkpt lat="59.951604756222544" lon="30.29196805184537">
				<ele>1.818264340981841</ele>
				<time>2026-08-03T16:50:07Z</time>
			</trkpt>
			<trkpt lat="59.95159342549506" lon="30.291997597454973">
				<ele>2.0004843454807997</ele>
				<time>2026-08-03T16:50:08Z</time>
			</trkpt>
			<trkpt lat="59.951582878363794" lon="30.292042808714537">
				<ele>1.8239995036274195</ele>
				<time>2026-08-03T16:50:11Z</time>
			</trkpt>
			<trkpt lat="59.95157300345556" lon="30.292072891595044">
				<ele>1.7499430114403367</ele>
				<time>2026-08-03T16:50:12Z</time>
			</trkpt>
			<trkpt lat="59.95155971165405" lon="30.292132248796943">
				<ele>1.723734843544662</ele>
				<time>2026-08-03T16:50:13Z</time>
			</trkpt>
			<trkpt lat="59.95154761586692" lon="30.292162847805695">
				<ele>1.5037687253206968</ele>
				<time>2026-08-03T16:50:16Z</time>
			</trkpt>
			<trkpt lat="59.951523393222935" lon="30.29221182521369">
				<ele>0.7205300582572818</ele>
				<time>2026-08-03T16:50:19Z</time>
			</trkpt>
			<trkpt lat="59.95150740261365" lon="30.292229075400858">
				<ele>0.8358549876138568</ele>
				<time>2026-08-03T16:50:21Z</time>
			</trkpt>
			<trkpt lat="59.95147682447491" lon="30.29231783433032">
				<ele>1.5967920860275626</ele>
				<time>2026-08-03T16:50:23Z</time>
			</trkpt>
			<trkpt lat="59.95147106672174" lon="30.292357780591704">
				<ele>1.2361493855714798</ele>
				<time>2026-08-03T16:50:26Z</time>
			</trkpt>
			<trkpt lat="59.951459550168714" lon="30.29239327207545">
				<ele>1.7538844151422381</ele>
				<time>2026-08-03T16:50:28Z</time>
			</trkpt>
			<trkpt lat="59.95145116227746" lon="30.292432768953567">
				<ele>1.3545127287507057</ele>
				<time>2026-08-03T16:50:29Z</time>
			</trkpt>
			<trkpt lat="59.95143730431283" lon="30.292475860619206">
				<ele>0.8791895871981978</ele>
				<time>2026-08-03T16:50:32Z</time>
			</trkpt>
			<trkpt lat="59.95142368414788" lon="30.2925086476739">
				<ele>0.39239819906651974</ele>
				<time>2026-08-03T16:50:34Z</time>
			</trkpt>
			<trkpt lat="59.951408445178366" lon="30.29256093078506">
				<ele>1.2746783308684826</ele>
				<time>2026-08-03T16:50:36Z</time>
			</trkpt>
			<trkpt lat="59.95139896294082" lon="30.292599860309032">
				<ele>1.2431717850267887</ele>
				<time>2026-08-03T16:50:38Z</time>
			</trkpt>
			<trkpt lat="59.951387883597214" lon="30.292643643845864">
				<ele>1.650928908959031</ele>
				<time>2026-08-03T16:50:41Z</time>
			</trkpt>
			<trkpt lat="59.95136924271672" lon="30.292688515093552">
				<ele>1.1450646929442883</ele>
				<time>2026-08-03T16:50:43Z</time>
			</trkpt>
			<trkpt lat="59.95135177143653" lon="30.292721034516486">
				<ele>1.0582514014095068</ele>
				<time>2026-08-03T16:50:45Z</time>
			</trkpt>
			<trkpt lat="59.95133861843953" lon="30.292761480142648">
				<ele>1.2993619460612535</ele>
				<time>2026-08-03T16:50:47Z</time>
			</trkpt>
			<trkpt lat="59.951322031085034" lon="30.292814791600417">
				<ele>1.8975266059860587</ele>
				<time>2026-08-03T16:50:49Z</time>
			</trkpt>
			<trkpt lat="59.951322261086474" lon="30.292854799800136">
				<ele>2.292245448566973</ele>
				<time>2026-08-03T16:50:51Z</time>
			</trkpt>
			<trkpt lat="59.95130985789441" lon="30.292900027021957">
				<ele>2.325071357190609</ele>
				<time>2026-08-03T16:50:53Z</time>
			</trkpt>
			<trkpt lat="59.95129577556422" lon="30.29294146595713">
				<ele>2.715860152617097</ele>
				<time>2026-08-03T16:50:55Z</time>
			</trkpt>
			<trkpt lat="59.95127824082326" lon="30.292974619638446">
				<ele>2.509354521520436</ele>
				<time>2026-08-03T16:50:58Z</time>
			</trkpt>
			<trkpt lat="59.95125998450718" lon="30.293019305358666">
				<ele>2.509726310148835</ele>
				<time>2026-08-03T16:51:00Z</time>
			</trkpt>
			<trkpt lat="59.95124289274406" lon="30.29306208700755">
				<ele>2.0911386851221323</ele>
				<time>2026-08-03T16:51:03Z</time>
			</trkpt>
			<trkpt lat="59.95125538136337" lon="30.29308827392334">
				<ele>1.8097297921776772</ele>
				<time>2026-08-03T16:51:04Z</time>
			</trkpt>
			<trkpt lat="59.951252783557074" lon="30.293128164183752">
				<ele>1.9622207442298532</ele>
				<time>2026-08-03T16:51:05Z</time>
			</trkpt>
			<trkpt lat="59.95124141373044" lon="30.29315928811152">
				<ele>2.917875923216343</ele>
				<time>2026-08-03T16:51:08Z</time>
			</trkpt>
			<trkpt lat="59.951232400120865" lon="30.293193509074108">
				<ele>2.37839687615633</ele>
				<time>2026-08-03T16:51:10Z</time>
			</trkpt>
			<trkpt lat="59.951217542168436" lon="30.29321891150513">
				<ele>2.522188574075699</ele>
				<time>2026-08-03T16:51:12Z</time>
			</trkpt>
			<trkpt lat="59.951204517409224" lon="30.29324937145544">
				<ele>2.1770754493772984</ele>
				<time>2026-08-03T16:51:14Z</time>
			</trkpt>
			<trkpt lat="59.95119037157354" lon="30.293294075824853">
				<ele>2.89620609767735</ele>
				<time>2026-08-03T16:51:16Z</time>
			</trkpt>
			<trkpt lat="59.951186628671636" lon="30.293345658718064">
				<ele>1.8241070061922073</ele>
				<time>2026-08-03T16:51:18Z</time>
			</trkpt>
			<trkpt lat="59.9511745234219" lon="30.29337538894498">
				<ele>1.3545432090759277</ele>
				<time>2026-08-03T16:51:19Z</time>
			</trkpt>
			<trkpt lat="59.95116163959136" lon="30.29340848373412">
				<ele>2.6058628875762224</ele>
				<time>2026-08-03T16:51:21Z</time>
			</trkpt>
			<trkpt lat="59.951144645096136" lon="30.293444302575534">
				<ele>2.0841417042538524</ele>
				<time>2026-08-03T16:51:23Z</time>
			</trkpt>
			<trkpt lat="59.95112718562266" lon="30.293504945203466">
				<ele>2.2918784832581878</ele>
				<time>2026-08-03T16:51:25Z</time>
			</trkpt>
			<trkpt lat="59.951114463635385" lon="30.293543163389185">
				<ele>2.1226319996640086</ele>
				<time>2026-08-03T16:51:27Z</time>
			</trkpt>
			<trkpt lat="59.95108640080909" lon="30.293591193793606">
				<ele>2.2693884996697307</ele>
				<time>2026-08-03T16:51:29Z</time>
			</trkpt>
			<trkpt lat="59.951072578380234" lon="30.293644970280734">
				<ele>2.5272813057526946</ele>
				<time>2026-08-03T16:51:31Z</time>
			</trkpt>
			<trkpt lat="59.95106023609955" lon="30.2936920228785">
				<ele>2.6230593007057905</ele>
				<time>2026-08-03T16:51:33Z</time>
			</trkpt>
			<trkpt lat="59.95103942998762" lon="30.2937356726097">
				<ele>2.6356220869347453</ele>
				<time>2026-08-03T16:51:35Z</time>
			</trkpt>
			<trkpt lat="59.95102612629887" lon="30.29377195866161">
				<ele>2.7007584515959024</ele>
				<time>2026-08-03T16:51:36Z</time>
			</trkpt>
			<trkpt lat="59.9510124411072" lon="30.293822158918815">
				<ele>2.405428689904511</ele>
				<time>2026-08-03T16:51:40Z</time>
			</trkpt>
			<trkpt lat="59.95099471391468" lon="30.29385118080693">
				<ele>2.513769577257335</ele>
				<time>2026-08-03T16:51:41Z</time>
			</trkpt>
			<trkpt lat="59.95098605273284" lon="30.29390082411314">
				<ele>2.2330596931278706</ele>
				<time>2026-08-03T16:51:43Z</time>
			</trkpt>
			<trkpt lat="59.95097503527655" lon="30.2939433401849">
				<ele>2.774931608699262</ele>
				<time>2026-08-03T16:51:45Z</time>
			</trkpt>
			<trkpt lat="59.95095518890476" lon="30.29398523740288">
				<ele>2.215320346876979</ele>
				<time>2026-08-03T16:51:47Z</time>
			</trkpt>
			<trkpt lat="59.95093587566495" lon="30.29403534784322">
				<ele>3.3765884917229414</ele>
				<time>2026-08-03T16:51:51Z</time>
			</trkpt>
			<trkpt lat="59.9509231903457" lon="30.294076836294483">
				<ele>3.911012434400618</ele>
				<time>2026-08-03T16:51:53Z</time>
			</trkpt>
			<trkpt lat="59.95091480771036" lon="30.294123701045095">
				<ele>5.1253167279064655</ele>
				<time>2026-08-03T16:51:56Z</time>
			</trkpt>
			<trkpt lat="59.950901179496284" lon="30.294167363836383">
				<ele>3.855904689989984</ele>
				<time>2026-08-03T16:51:58Z</time>
			</trkpt>
			<trkpt lat="59.950892740607976" lon="30.294201006258138">
				<ele>3.8119259532541037</ele>
				<time>2026-08-03T16:51:59Z</time>
			</trkpt>
			<trkpt lat="59.95088590311883" lon="30.2942469671733">
				<ele>4.786406119354069</ele>
				<time>2026-08-03T16:52:00Z</time>
			</trkpt>
			<trkpt lat="59.950900179084435" lon="30.2942725846782">
				<ele>4.170158693566918</ele>
				<time>2026-08-03T16:52:03Z</time>
			</trkpt>
			<trkpt lat="59.95090966732151" lon="30.294312507854027">
				<ele>4.60895162820816</ele>
				<time>2026-08-03T16:52:05Z</time>
			</trkpt>
			<trkpt lat="59.95090393939659" lon="30.294352998295558">
				<ele>5.223504167981446</ele>
				<time>2026-08-03T16:52:07Z</time>
			</trkpt>
			<trkpt lat="59.950900565674914" lon="30.2943986335174">
				<ele>6.3950539492070675</ele>
				<time>2026-08-03T16:52:10Z</time>
			</trkpt>
			<trkpt lat="59.95088416216269" lon="30.29443890064683">
				<ele>6.41430239379406</ele>
				<time>2026-08-03T16:52:12Z</time>
			</trkpt>
			<trkpt lat="59.950870656710805" lon="30.2944712622367">
				<ele>6.3295432180166245</ele>
				<time>2026-08-03T16:52:14Z</time>
			</trkpt>
			<trkpt lat="59.950853222960596" lon="30.29445005049015">
				<ele>6.524270263500512</ele>
				<time>2026-08-03T16:52:15Z</time>
			</trkpt>
			<trkpt lat="59.95085637979315" lon="30.294508754803715">
				<ele>7.702322011813521</ele>
				<time>2026-08-03T16:52:18Z</time>
			</trkpt>
			<trkpt lat="59.95083981665984" lon="30.29454234437134">
				<ele>8.060387318953872</ele>
				<time>2026-08-03T16:52:20Z</time>
			</trkpt>
			<trkpt lat="59.950806709936884" lon="30.294579587927046">
				<ele>7.968753493390977</ele>
				<time>2026-08-03T16:52:22Z</time>
			</trkpt>
			<trkpt lat="59.950766258584615" lon="30.294629005520115">
				<ele>7.597243539057672</ele>
				<time>2026-08-03T16:52:24Z</time>
			</trkpt>
			<trkpt lat="59.95074846384903" lon="30.294687334342996">
				<ele>8.026177702471614</ele>
				<time>2026-08-03T16:52:26Z</time>
			</trkpt>
			<trkpt lat="59.95073166613625" lon="30.294717649918574">
				<ele>9.417349063791335</ele>
				<time>2026-08-03T16:52:28Z</time>
			</trkpt>
			<trkpt lat="59.95072454974595" lon="30.294757304633233">
				<ele>8.117439765483141</ele>
				<time>2026-08-03T16:52:29Z</time>
			</trkpt>
			<trkpt lat="59.95071295298644" lon="30.294802933330615">
				<ele>8.204636912792921</ele>
				<time>2026-08-03T16:52:30Z</time>
			</trkpt>
			<trkpt lat="59.95069196218398" lon="30.294860458995814">
				<ele>8.614078494720161</ele>
				<time>2026-08-03T16:52:32Z</time>
			</trkpt>
			<trkpt lat="59.950672204658936" lon="30.29491880061692">
				<ele>9.533641556277871</ele>
				<time>2026-08-03T16:52:34Z</time>
			</trkpt>
			<trkpt lat="59.95066586006442" lon="30.2949567259991">
				<ele>9.377123509533703</ele>
				<time>2026-08-03T16:52:35Z</time>
			</trkpt>
			<trkpt lat="59.95065207122088" lon="30.29499537983748">
				<ele>8.99037616327405</ele>
				<time>2026-08-03T16:52:36Z</time>
			</trkpt>
			<trkpt lat="59.950637579912566" lon="30.295055005771168">
				<ele>9.096391059458256</ele>
				<time>2026-08-03T16:52:38Z</time>
			</trkpt>
			<trkpt lat="59.950632845573466" lon="30.29509915205309">
				<ele>9.552893346175551</ele>
				<time>2026-08-03T16:52:40Z</time>
			</trkpt>
			<trkpt lat="59.950637821961585" lon="30.295135188243854">
				<ele>9.943149285390973</ele>
				<time>2026-08-03T16:52:42Z</time>
			</trkpt>
			<trkpt lat="59.95063018255637" lon="30.295170596583667">
				<ele>10.297800973057747</ele>
				<time>2026-08-03T16:52:43Z</time>
			</trkpt>
			<trkpt lat="59.95061601548843" lon="30.295217663043065">
				<ele>9.321672273799777</ele>
				<time>2026-08-03T16:52:46Z</time>
			</trkpt>
			<trkpt lat="59.95059549583543" lon="30.295259216313802">
				<ele>9.930666990578175</ele>
				<time>2026-08-03T16:52:49Z</time>
			</trkpt>
			<trkpt lat="59.95057917888807" lon="30.295297808802616">
				<ele>9.426612548530102</ele>
				<time>2026-08-03T16:52:51Z</time>
			</trkpt>
			<trkpt lat="59.95056171211269" lon="30.295332637664544">
				<ele>10.047910518944263</ele>
				<time>2026-08-03T16:52:52Z</time>
			</trkpt>
			<trkpt lat="59.95055555093167" lon="30.295375445258557">
				<ele>9.202003697864711</ele>
				<time>2026-08-03T16:52:54Z</time>
			</trkpt>
			<trkpt lat="59.95053842804587" lon="30.295415840643248">
				<ele>9.659236405976117</ele>
				<time>2026-08-03T16:52:56Z</time>
			</trkpt>
			<trkpt lat="59.95052237017379" lon="30.2954587244498">
				<ele>9.72417420707643</ele>
				<time>2026-08-03T16:52:58Z</time>
			</trkpt>
			<trkpt lat="59.95051008280902" lon="30.295486887557626">
				<ele>11.344258372671902</ele>
				<time>2026-08-03T16:52:59Z</time>
			</trkpt>
			<trkpt lat="59.950490858252124" lon="30.295503477158704">
				<ele>9.817975657060742</ele>
				<time>2026-08-03T16:53:00Z</time>
			</trkpt>
			<trkpt lat="59.95049106578622" lon="30.295466022443957">
				<ele>9.272034044377506</ele>
				<time>2026-08-03T16:53:02Z</time>
			</trkpt>
			<trkpt lat="59.9504525773292" lon="30.295519641973318">
				<ele>10.852571016177535</ele>
				<time>2026-08-03T16:53:05Z</time>
			</trkpt>
			<trkpt lat="59.95041567206079" lon="30.295542616773385">
				<ele>9.908851330168545</ele>
				<time>2026-08-03T16:53:07Z</time>
			</trkpt>
			<trkpt lat="59.95038592090254" lon="30.29555772436188">
				<ele>10.594053405337036</ele>
				<time>2026-08-03T16:53:09Z</time>
			</trkpt>
			<trkpt lat="59.95036138092448" lon="30.295589187696432">
				<ele>9.118885300122201</ele>
				<time>2026-08-03T16:53:12Z</time>
			</trkpt>
			<trkpt lat="59.95031680226154" lon="30.295624865002974">
				<ele>7.609498877078295</ele>
				<time>2026-08-03T16:53:15Z</time>
			</trkpt>
			<trkpt lat="59.9503060558133" lon="30.295673239908673">
				<ele>6.582842871546745</ele>
				<time>2026-08-03T16:53:16Z</time>
			</trkpt>
			<trkpt lat="59.95029582915635" lon="30.2956330745384">
				<ele>4.774597755633295</ele>
				<time>2026-08-03T16:53:18Z</time>
			</trkpt>
			<trkpt lat="59.95028001980179" lon="30.29558800215583">
				<ele>3.6925500435754657</ele>
				<time>2026-08-03T16:53:20Z</time>
			</trkpt>
			<trkpt lat="59.95025741698919" lon="30.29556139352101">
				<ele>2.4851011503487825</ele>
				<time>2026-08-03T16:53:22Z</time>
			</trkpt>
			<trkpt lat="59.95023812397581" lon="30.295526838379818">
				<ele>2.3312117513269186</ele>
				<time>2026-08-03T16:53:24Z</time>
			</trkpt>
			<trkpt lat="59.95021536436482" lon="30.295504859948764">
				<ele>1.7534961588680744</ele>
				<time>2026-08-03T16:53:27Z</time>
			</trkpt>
			<trkpt lat="59.95018031413998" lon="30.295481305514787">
				<ele>0.7710218960419297</ele>
				<time>2026-08-03T16:53:31Z</time>
			</trkpt>
			<trkpt lat="59.95015690694642" lon="30.295422230768104">
				<ele>0.18211326096206903</ele>
				<time>2026-08-03T16:53:32Z</time>
			</trkpt>
			<trkpt lat="59.950114430117964" lon="30.29545143330814">
				<ele>-0.06429749727249146</ele>
				<time>2026-08-03T16:53:33Z</time>
			</trkpt>
			<trkpt lat="59.95008279960023" lon="30.295446039821066">
				<ele>-0.20558187272399664</ele>
				<time>2026-08-03T16:53:35Z</time>
			</trkpt>
			<trkpt lat="59.950052631658224" lon="30.295453715797134">
				<ele>0.32435058429837227</ele>
				<time>2026-08-03T16:53:37Z</time>
			</trkpt>
			<trkpt lat="59.95001903856341" lon="30.295457397173312">
				<ele>1.1374888615682721</ele>
				<time>2026-08-03T16:53:39Z</time>
			</trkpt>
			<trkpt lat="59.949996513505255" lon="30.295433430392016">
				<ele>2.042602766305208</ele>
				<time>2026-08-03T16:53:40Z</time>
			</trkpt>
			<trkpt lat="59.949969381860086" lon="30.295402930254802">
				<ele>1.29948690533638</ele>
				<time>2026-08-03T16:53:43Z</time>
			</trkpt>
			<trkpt lat="59.949960064884785" lon="30.2953689485727">
				<ele>2.0302895111963153</ele>
				<time>2026-08-03T16:53:44Z</time>
			</trkpt>
			<trkpt lat="59.949928275034935" lon="30.2953699151339">
				<ele>2.1641115928068757</ele>
				<time>2026-08-03T16:53:46Z</time>
			</trkpt>
			<trkpt lat="59.949907768771084" lon="30.29535399100915">
				<ele>1.8940407084301114</ele>
				<time>2026-08-03T16:53:51Z</time>
			</trkpt>
			<trkpt lat="59.94989398642918" lon="30.295320265832018">
				<ele>2.2997949440032244</ele>
				<time>2026-08-03T16:53:52Z</time>
			</trkpt>
			<trkpt lat="59.949892804600736" lon="30.29527125485575">
				<ele>2.539747655391693</ele>
				<time>2026-08-03T16:53:54Z</time>
			</trkpt>
			<trkpt lat="59.949879381229586" lon="30.29522845287474">
				<ele>3.0912667103111744</ele>
				<time>2026-08-03T16:53:56Z</time>
			</trkpt>
			<trkpt lat="59.94985762337105" lon="30.295209464818903">
				<ele>3.8580012572929263</ele>
				<time>2026-08-03T16:53:57Z</time>
			</trkpt>
			<trkpt lat="59.94982895344557" lon="30.29517013239258">
				<ele>4.182778864167631</ele>
				<time>2026-08-03T16:53:59Z</time>
			</trkpt>
			<trkpt lat="59.94980976816746" lon="30.29515214046346">
				<ele>5.557442775927484</ele>
				<time>2026-08-03T16:54:00Z</time>
			</trkpt>
			<trkpt lat="59.949791190955295" lon="30.29512411811353">
				<ele>6.267011909745634</ele>
				<time>2026-08-03T16:54:03Z</time>
			</trkpt>
			<trkpt lat="59.94975861390884" lon="30.295108874024525">
				<ele>7.669933048076928</ele>
				<time>2026-08-03T16:54:05Z</time>
			</trkpt>
			<trkpt lat="59.949736580956525" lon="30.295098715117184">
				<ele>8.604801026172936</ele>
				<time>2026-08-03T16:54:07Z</time>
			</trkpt>
			<trkpt lat="59.94972996369795" lon="30.29505469634954">
				<ele>8.321715977974236</ele>
				<time>2026-08-03T16:54:09Z</time>
			</trkpt>
			<trkpt lat="59.94971559424971" lon="30.295021625466603">
				<ele>7.6478206012398005</ele>
				<time>2026-08-03T16:54:10Z</time>
			</trkpt>
			<trkpt lat="59.94970475102184" lon="30.294986778761036">
				<ele>8.344625640660524</ele>
				<time>2026-08-03T16:54:13Z</time>
			</trkpt>
			<trkpt lat="59.94966682660025" lon="30.295029165157576">
				<ele>8.03029138315469</ele>
				<time>2026-08-03T16:54:16Z</time>
			</trkpt>
			<trkpt lat="59.94964213241486" lon="30.29501257910084">
				<ele>9.472395359538496</ele>
				<time>2026-08-03T16:54:19Z</time>
			</trkpt>
			<trkpt lat="59.94961966508606" lon="30.29497939946305">
				<ele>8.393630689010024</ele>
				<time>2026-08-03T16:54:21Z</time>
			</trkpt>
			<trkpt lat="59.94960919980106" lon="30.29494495628906">
				<ele>8.460234388709068</ele>
				<time>2026-08-03T16:54:23Z</time>
			</trkpt>
			<trkpt lat="59.949605620241144" lon="30.294882200103686">
				<ele>8.423073471523821</ele>
				<time>2026-08-03T16:54:25Z</time>
			</trkpt>
			<trkpt lat="59.94958793207079" lon="30.29483950740993">
				<ele>7.421719594858587</ele>
				<time>2026-08-03T16:54:27Z</time>
			</trkpt>
			<trkpt lat="59.94959661933311" lon="30.2947911279551">
				<ele>8.97406731825322</ele>
				<time>2026-08-03T16:54:29Z</time>
			</trkpt>
			<trkpt lat="59.94960228565653" lon="30.29483646464898">
				<ele>8.350367777049541</ele>
				<time>2026-08-03T16:54:32Z</time>
			</trkpt>
			<trkpt lat="59.94962643202913" lon="30.294828869330953">
				<ele>7.820756623521447</ele>
				<time>2026-08-03T16:54:33Z</time>
			</trkpt>
			<trkpt lat="59.94964568793058" lon="30.294852898538306">
				<ele>6.895472944714129</ele>
				<time>2026-08-03T16:54:34Z</time>
			</trkpt>
			<trkpt lat="59.94968409886375" lon="30.294847175397862">
				<ele>6.1217308677732944</ele>
				<time>2026-08-03T16:54:36Z</time>
			</trkpt>
			<trkpt lat="59.94972515080727" lon="30.294850924940512">
				<ele>6.383995082229376</ele>
				<time>2026-08-03T16:54:38Z</time>
			</trkpt>
			<trkpt lat="59.94974226226052" lon="30.2949012831008">
				<ele>5.325032232329249</ele>
				<time>2026-08-03T16:54:40Z</time>
			</trkpt>
			<trkpt lat="59.94976183517928" lon="30.294923545524252">
				<ele>5.308831317350268</ele>
				<time>2026-08-03T16:54:41Z</time>
			</trkpt>
			<trkpt lat="59.94978054162606" lon="30.29493871606923">
				<ele>5.268081835471094</ele>
				<time>2026-08-03T16:54:42Z</time>
			</trkpt>
			<trkpt lat="59.949807194396236" lon="30.294962093547777">
				<ele>5.616115759126842</ele>
				<time>2026-08-03T16:54:44Z</time>
			</trkpt>
			<trkpt lat="59.94981303188921" lon="30.294997943422185">
				<ele>5.780544529668987</ele>
				<time>2026-08-03T16:54:45Z</time>
			</trkpt>
			<trkpt lat="59.949826789999264" lon="30.295028545815175">
				<ele>6.045362046919763</ele>
				<time>2026-08-03T16:54:46Z</time>
			</trkpt>
			<trkpt lat="59.94985155327588" lon="30.29500216087813">
				<ele>5.6905857073143125</ele>
				<time>2026-08-03T16:54:48Z</time>
			</trkpt>
			<trkpt lat="59.949860791213844" lon="30.295034613777233">
				<ele>5.690262722782791</ele>
				<time>2026-08-03T16:54:49Z</time>
			</trkpt>
			<trkpt lat="59.94986498354751" lon="30.295144071755413">
				<ele>4.663450331427157</ele>
				<time>2026-08-03T16:54:51Z</time>
			</trkpt>
			<trkpt lat="59.94986079236177" lon="30.295186547132353">
				<ele>4.847193336114287</ele>
				<time>2026-08-03T16:54:52Z</time>
			</trkpt>
			<trkpt lat="59.94986957206986" lon="30.295223546660605">
				<ele>5.556663880124688</ele>
				<time>2026-08-03T16:54:53Z</time>
			</trkpt>
			<trkpt lat="59.94991100575461" lon="30.295211688336444">
				<ele>4.678112587891519</ele>
				<time>2026-08-03T16:54:57Z</time>
			</trkpt>
			<trkpt lat="59.94993746073439" lon="30.295223769242952">
				<ele>4.7472249222919345</ele>
				<time>2026-08-03T16:54:58Z</time>
			</trkpt>
			<trkpt lat="59.94995569508998" lon="30.295236853354222">
				<ele>5.397651970386505</ele>
				<time>2026-08-03T16:54:59Z</time>
			</trkpt>
			<trkpt lat="59.949977382366306" lon="30.295246321305193">
				<ele>5.447210569866002</ele>
				<time>2026-08-03T16:55:01Z</time>
			</trkpt>
			<trkpt lat="59.950007467939436" lon="30.29525334088488">
				<ele>5.065526050515473</ele>
				<time>2026-08-03T16:55:02Z</time>
			</trkpt>
			<trkpt lat="59.95003801444613" lon="30.295265104074794">
				<ele>5.469487756490707</ele>
				<time>2026-08-03T16:55:04Z</time>
			</trkpt>
			<trkpt lat="59.95005960235844" lon="30.29531315474087">
				<ele>6.57809619512409</ele>
				<time>2026-08-03T16:55:06Z</time>
			</trkpt>
			<trkpt lat="59.95007960773295" lon="30.295285987772022">
				<ele>7.6530872490257025</ele>
				<time>2026-08-03T16:55:07Z</time>
			</trkpt>
			<trkpt lat="59.95008482711865" lon="30.29532370830422">
				<ele>7.187537281773984</ele>
				<time>2026-08-03T16:55:08Z</time>
			</trkpt>
			<trkpt lat="59.950083739647745" lon="30.29540419227236">
				<ele>7.986775360070169</ele>
				<time>2026-08-03T16:55:09Z</time>
			</trkpt>
			<trkpt lat="59.95009658763816" lon="30.29543006380232">
				<ele>8.590375925414264</ele>
				<time>2026-08-03T16:55:10Z</time>
			</trkpt>
			<trkpt lat="59.95010588524679" lon="30.295464563472322">
				<ele>9.042714421637356</ele>
				<time>2026-08-03T16:55:11Z</time>
			</trkpt>
			<trkpt lat="59.95010255225577" lon="30.295522804702713">
				<ele>7.767944201827049</ele>
				<time>2026-08-03T16:55:13Z</time>
			</trkpt>
			<trkpt lat="59.95009984871792" lon="30.29558747094777">
				<ele>7.222113631665707</ele>
				<time>2026-08-03T16:55:15Z</time>
			</trkpt>
			<trkpt lat="59.95009737251258" lon="30.29562867166338">
				<ele>4.248741569928825</ele>
				<time>2026-08-03T16:55:18Z</time>
			</trkpt>
			<trkpt lat="59.95009975559613" lon="30.29567428257924">
				<ele>2.8493307661265135</ele>
				<time>2026-08-03T16:55:20Z</time>
			</trkpt>
			<trkpt lat="59.95011856317987" lon="30.295669982606903">
				<ele>0.9808806860819459</ele>
				<time>2026-08-03T16:55:25Z</time>
			</trkpt>
			<trkpt lat="59.95013809422281" lon="30.295707448023467">
				<ele>1.3571953075006604</ele>
				<time>2026-08-03T16:55:28Z</time>
			</trkpt>
			<trkpt lat="59.95015386559444" lon="30.295725551560352">
				<ele>0.9770771665498614</ele>
				<time>2026-08-03T16:55:30Z</time>
			</trkpt>
			<trkpt lat="59.950175438594066" lon="30.29573084196017">
				<ele>2.158456956036389</ele>
				<time>2026-08-03T16:55:32Z</time>
			</trkpt>
			<trkpt lat="59.950192216981634" lon="30.29575654532005">
				<ele>2.4217326547950506</ele>
				<time>2026-08-03T16:55:34Z</time>
			</trkpt>
			<trkpt lat="59.95021921606601" lon="30.295772394544283">
				<ele>3.1233494030311704</ele>
				<time>2026-08-03T16:55:37Z</time>
			</trkpt>
			<trkpt lat="59.95024072314601" lon="30.295790736622983">
				<ele>3.688495601527393</ele>
				<time>2026-08-03T16:55:39Z</time>
			</trkpt>
			<trkpt lat="59.95026113543276" lon="30.295797286311657">
				<ele>4.177603444084525</ele>
				<time>2026-08-03T16:55:41Z</time>
			</trkpt>
			<trkpt lat="59.950284452431575" lon="30.295812082621286">
				<ele>4.165707277134061</ele>
				<time>2026-08-03T16:55:43Z</time>
			</trkpt>
			<trkpt lat="59.95030739133105" lon="30.295826300761075">
				<ele>3.5408680299296975</ele>
				<time>2026-08-03T16:55:46Z</time>
			</trkpt>
			<trkpt lat="59.95032551227651" lon="30.295820053005112">
				<ele>3.2724774591624737</ele>
				<time>2026-08-03T16:55:47Z</time>
			</trkpt>
			<trkpt lat="59.950360011256365" lon="30.295760032782486">
				<ele>3.757886530831456</ele>
				<time>2026-08-03T16:55:49Z</time>
			</trkpt>
			<trkpt lat="59.95037200830662" lon="30.295722948203785">
				<ele>4.4257637690752745</ele>
				<time>2026-08-03T16:55:50Z</time>
			</trkpt>
			<trkpt lat="59.95038462269961" lon="30.29568582739353">
				<ele>3.5363203156739473</ele>
				<time>2026-08-03T16:55:52Z</time>
			</trkpt>
			<trkpt lat="59.950405442624955" lon="30.295661293606187">
				<ele>3.4098827643319964</ele>
				<time>2026-08-03T16:55:54Z</time>
			</trkpt>
			<trkpt lat="59.95041652536757" lon="30.29560391053926">
				<ele>5.992912637069821</ele>
				<time>2026-08-03T16:55:59Z</time>
			</trkpt>
			<trkpt lat="59.95044152433823" lon="30.29564914067961">
				<ele>6.292651068419218</ele>
				<time>2026-08-03T16:56:02Z</time>
			</trkpt>
			<trkpt lat="59.95046327781604" lon="30.29569238629351">
				<ele>6.619558854959905</ele>
				<time>2026-08-03T16:56:04Z</time>
			</trkpt>
			<trkpt lat="59.95049231215184" lon="30.295730370995276">
				<ele>6.929813677445054</ele>
				<time>2026-08-03T16:56:06Z</time>
			</trkpt>
			<trkpt lat="59.950508069482105" lon="30.295767194720387">
				<ele>7.575522190891206</ele>
				<time>2026-08-03T16:56:08Z</time>
			</trkpt>
			<trkpt lat="59.95052970273729" lon="30.295827451587957">
				<ele>6.385265802033246</ele>
				<time>2026-08-03T16:56:10Z</time>
			</trkpt>
			<trkpt lat="59.95054888256602" lon="30.295871925305168">
				<ele>7.797068734653294</ele>
				<time>2026-08-03T16:56:11Z</time>
			</trkpt>
			<trkpt lat="59.95057671778281" lon="30.29589602342564">
				<ele>6.69497808534652</ele>
				<time>2026-08-03T16:56:13Z</time>
			</trkpt>
			<trkpt lat="59.950592539742836" lon="30.295924213525826">
				<ele>7.642156943678856</ele>
				<time>2026-08-03T16:56:16Z</time>
			</trkpt>
			<trkpt lat="59.95061682404282" lon="30.29595263524025">
				<ele>7.610542508773506</ele>
				<time>2026-08-03T16:56:17Z</time>
			</trkpt>
			<trkpt lat="59.95060245177399" lon="30.295979962402352">
				<ele>5.77762111928314</ele>
				<time>2026-08-03T16:56:19Z</time>
			</trkpt>
			<trkpt lat="59.95057698299845" lon="30.296007560581508">
				<ele>5.706175908446312</ele>
				<time>2026-08-03T16:56:21Z</time>
			</trkpt>
			<trkpt lat="59.950556080478904" lon="30.296042372164372">
				<ele>5.609845816157758</ele>
				<time>2026-08-03T16:56:22Z</time>
			</trkpt>
			<trkpt lat="59.950538648289616" lon="30.29607527414744">
				<ele>5.84548030141741</ele>
				<time>2026-08-03T16:56:23Z</time>
			</trkpt>
			<trkpt lat="59.950524813676864" lon="30.296115074815283">
				<ele>6.3613155744969845</ele>
				<time>2026-08-03T16:56:25Z</time>
			</trkpt>
			<trkpt lat="59.95051720168541" lon="30.296161719031975">
				<ele>6.299585364758968</ele>
				<time>2026-08-03T16:56:27Z</time>
			</trkpt>
			<trkpt lat="59.95051797291936" lon="30.296199148350677">
				<ele>6.512265330180526</ele>
				<time>2026-08-03T16:56:29Z</time>
			</trkpt>
			<trkpt lat="59.950528397845545" lon="30.296238726915696">
				<ele>5.672335778363049</ele>
				<time>2026-08-03T16:56:31Z</time>
			</trkpt>
			<trkpt lat="59.9505305382028" lon="30.296282139260125">
				<ele>5.096124137751758</ele>
				<time>2026-08-03T16:56:33Z</time>
			</trkpt>
			<trkpt lat="59.950532276987396" lon="30.29631888525017">
				<ele>5.715165078639984</ele>
				<time>2026-08-03T16:56:34Z</time>
			</trkpt>
			<trkpt lat="59.95052327003916" lon="30.29634989019082">
				<ele>4.686457545496523</ele>
				<time>2026-08-03T16:56:36Z</time>
			</trkpt>
			<trkpt lat="59.95052371684183" lon="30.296407825981696">
				<ele>5.174678238108754</ele>
				<time>2026-08-03T16:56:38Z</time>
			</trkpt>
			<trkpt lat="59.950509573594836" lon="30.296444687413953">
				<ele>5.542041301727295</ele>
				<time>2026-08-03T16:56:41Z</time>
			</trkpt>
			<trkpt lat="59.95050148950405" lon="30.29651747401772">
				<ele>5.879358291625977</ele>
				<time>2026-08-03T16:56:44Z</time>
			</trkpt>
			<trkpt lat="59.9504877763106" lon="30.296567813018207">
				<ele>4.405290717259049</ele>
				<time>2026-08-03T16:56:47Z</time>
			</trkpt>
			<trkpt lat="59.95047895240782" lon="30.296608227923258">
				<ele>4.407930061221123</ele>
				<time>2026-08-03T16:56:49Z</time>
			</trkpt>
			<trkpt lat="59.950462448127006" lon="30.29664431583793">
				<ele>4.072471849620342</ele>
				<time>2026-08-03T16:56:52Z</time>
			</trkpt>
			<trkpt lat="59.95044407668518" lon="30.296671325963285">
				<ele>4.4656208055093884</ele>
				<time>2026-08-03T16:56:53Z</time>
			</trkpt>
			<trkpt lat="59.95042791932169" lon="30.296704464081394">
				<ele>3.9497758876532316</ele>
				<time>2026-08-03T16:56:54Z</time>
			</trkpt>
			<trkpt lat="59.950407718800506" lon="30.296759274187515">
				<ele>3.2277688710018992</ele>
				<time>2026-08-03T16:56:56Z</time>
			</trkpt>
			<trkpt lat="59.950408691348926" lon="30.296801889086158">
				<ele>3.0979413632303476</ele>
				<time>2026-08-03T16:57:00Z</time>
			</trkpt>
			<trkpt lat="59.95038295705905" lon="30.29683839860983">
				<ele>3.3232928784564137</ele>
				<time>2026-08-03T16:57:02Z</time>
			</trkpt>
			<trkpt lat="59.95033491704532" lon="30.296892912535824">
				<ele>3.064311260357499</ele>
				<time>2026-08-03T16:57:03Z</time>
			</trkpt>
			<trkpt lat="59.95035358802373" lon="30.296890054461926">
				<ele>3.5710105067119002</ele>
				<time>2026-08-03T16:57:04Z</time>
			</trkpt>
			<trkpt lat="59.95034672407585" lon="30.296936711142912">
				<ele>2.787510920315981</ele>
				<time>2026-08-03T16:57:06Z</time>
			</trkpt>
			<trkpt lat="59.95033064906523" lon="30.296965908006957">
				<ele>2.8643308198079467</ele>
				<time>2026-08-03T16:57:07Z</time>
			</trkpt>
			<trkpt lat="59.950305561793314" lon="30.297037308931202">
				<ele>3.010611250065267</ele>
				<time>2026-08-03T16:57:09Z</time>
			</trkpt>
			<trkpt lat="59.9502743308656" lon="30.29708143564833">
				<ele>2.0423663165420294</ele>
				<time>2026-08-03T16:57:12Z</time>
			</trkpt>
			<trkpt lat="59.950263063113944" lon="30.297127860353438">
				<ele>1.1966825937852263</ele>
				<time>2026-08-03T16:57:14Z</time>
			</trkpt>
			<trkpt lat="59.950245865343206" lon="30.297153733248685">
				<ele>1.0721141379326582</ele>
				<time>2026-08-03T16:57:15Z</time>
			</trkpt>
			<trkpt lat="59.95022623677269" lon="30.297207134490655">
				<ele>0.8067113747820258</ele>
				<time>2026-08-03T16:57:17Z</time>
			</trkpt>
			<trkpt lat="59.950231351893535" lon="30.29724299539271">
				<ele>1.5604674452915788</ele>
				<time>2026-08-03T16:57:20Z</time>
			</trkpt>
			<trkpt lat="59.95021379725618" lon="30.297276823207387">
				<ele>1.5535434372723103</ele>
				<time>2026-08-03T16:57:22Z</time>
			</trkpt>
			<trkpt lat="59.950201072429515" lon="30.29732268180681">
				<ele>1.1840285044163465</ele>
				<time>2026-08-03T16:57:25Z</time>
			</trkpt>
			<trkpt lat="59.95018628929858" lon="30.29734595640861">
				<ele>1.461468349210918</ele>
				<time>2026-08-03T16:57:30Z</time>
			</trkpt>
			<trkpt lat="59.95015693302587" lon="30.29743438362398">
				<ele>1.666148236952722</ele>
				<time>2026-08-03T16:57:32Z</time>
			</trkpt>
			<trkpt lat="59.95017015408108" lon="30.29740541130914">
				<ele>1.887562831863761</ele>
				<time>2026-08-03T16:57:33Z</time>
			</trkpt>
			<trkpt lat="59.95019120357141" lon="30.29744151980305">
				<ele>1.335864994674921</ele>
				<time>2026-08-03T16:57:34Z</time>
			</trkpt>
			<trkpt lat="59.95022423931787" lon="30.297328452137787">
				<ele>0.897192525677383</ele>
				<time>2026-08-03T16:57:36Z</time>
			</trkpt>
			<trkpt lat="59.950237370909" lon="30.297357387135627">
				<ele>1.2036223905161023</ele>
				<time>2026-08-03T16:57:40Z</time>
			</trkpt>
			<trkpt lat="59.9502553351442" lon="30.297423995007982">
				<ele>1.0354120740666986</ele>
				<time>2026-08-03T16:57:42Z</time>
			</trkpt>
			<trkpt lat="59.95023862790897" lon="30.29747717851383">
				<ele>0.23619669396430254</ele>
				<time>2026-08-03T16:57:44Z</time>
			</trkpt>
			<trkpt lat="59.95020583547294" lon="30.29753110227306">
				<ele>1.443821782246232</ele>
				<time>2026-08-03T16:57:47Z</time>
			</trkpt>
			<trkpt lat="59.95018971782145" lon="30.29755693160413">
				<ele>0.7226181225851178</ele>
				<time>2026-08-03T16:57:49Z</time>
			</trkpt>
			<trkpt lat="59.95022299493843" lon="30.29667319073866">
				<ele>-8.83006261754781</ele>
				<time>2026-08-03T16:57:50Z</time>
			</trkpt>
			<trkpt lat="59.95019006011154" lon="30.296658089691963">
				<ele>-9.55727740097791</ele>
				<time>2026-08-03T16:57:53Z</time>
			</trkpt>
			<trkpt lat="59.950216803755865" lon="30.296663772342995">
				<ele>-10.186910553835332</ele>
				<time>2026-08-03T16:57:56Z</time>
			</trkpt>
			<trkpt lat="59.95139123411876" lon="30.29794964010855">
				<ele>-22.50716011133045</ele>
				<time>2026-08-03T16:57:57Z</time>
			</trkpt>
			<trkpt lat="59.95017028913337" lon="30.297561435088486">
				<ele>1.1081715319305658</ele>
				<time>2026-08-03T16:57:58Z</time>
			</trkpt>
			<trkpt lat="59.950083240369565" lon="30.297536645108153">
				<ele>0.5369915580376983</ele>
				<time>2026-08-03T16:57:59Z</time>
			</trkpt>
			<trkpt lat="59.950047326859824" lon="30.29763604481141">
				<ele>0.8539494071155787</ele>
				<time>2026-08-03T16:58:00Z</time>
			</trkpt>
			<trkpt lat="59.95012684010299" lon="30.29756055780014">
				<ele>1.1871066661551595</ele>
				<time>2026-08-03T16:58:01Z</time>
			</trkpt>
			<trkpt lat="59.95011409145379" lon="30.297615799115633">
				<ele>0.9907722724601626</ele>
				<time>2026-08-03T16:58:02Z</time>
			</trkpt>
			<trkpt lat="59.95013333423047" lon="30.297679134900935">
				<ele>0.6859252508729696</ele>
				<time>2026-08-03T16:58:03Z</time>
			</trkpt>
			<trkpt lat="59.950119285749" lon="30.297724956338488">
				<ele>0.19446907751262188</ele>
				<time>2026-08-03T16:58:04Z</time>
			</trkpt>
			<trkpt lat="59.9500653697405" lon="30.297754281205783">
				<ele>0.2519176360219717</ele>
				<time>2026-08-03T16:58:05Z</time>
			</trkpt>
			<trkpt lat="59.95000179609407" lon="30.29777876137589">
				<ele>0.3525737011805177</ele>
				<time>2026-08-03T16:58:06Z</time>
			</trkpt>
			<trkpt lat="59.949955774003016" lon="30.29780188437789">
				<ele>0.3605710221454501</ele>
				<time>2026-08-03T16:58:07Z</time>
			</trkpt>
			<trkpt lat="59.9499608467861" lon="30.297808983194813">
				<ele>2.4042247692123055</ele>
				<time>2026-08-03T16:58:13Z</time>
			</trkpt>
			<trkpt lat="59.949848487068614" lon="30.29784729197835">
				<ele>0.8040368212386966</ele>
				<time>2026-08-03T16:58:15Z</time>
			</trkpt>
			<trkpt lat="59.94983667462773" lon="30.297883189966356">
				<ele>2.6467757942155004</ele>
				<time>2026-08-03T16:58:19Z</time>
			</trkpt>
			<trkpt lat="59.94986329817249" lon="30.297925575754242">
				<ele>2.4413720620796084</ele>
				<time>2026-08-03T16:58:20Z</time>
			</trkpt>
			<trkpt lat="59.94989503326007" lon="30.297973071153947">
				<ele>2.3430641889572144</ele>
				<time>2026-08-03T16:58:21Z</time>
			</trkpt>
			<trkpt lat="59.949908273923874" lon="30.298027730161962">
				<ele>4.310776778496802</ele>
				<time>2026-08-03T16:58:22Z</time>
			</trkpt>
			<trkpt lat="59.94990627865819" lon="30.298128388350136">
				<ele>2.064676602371037</ele>
				<time>2026-08-03T16:58:25Z</time>
			</trkpt>
			<trkpt lat="59.94989129805578" lon="30.298162629155954">
				<ele>2.2602397613227367</ele>
				<time>2026-08-03T16:58:26Z</time>
			</trkpt>
			<trkpt lat="59.94986761902466" lon="30.298220109609264">
				<ele>2.149366909638047</ele>
				<time>2026-08-03T16:58:27Z</time>
			</trkpt>
			<trkpt lat="59.94986106763583" lon="30.298278578475795">
				<ele>1.9351097559556365</ele>
				<time>2026-08-03T16:58:29Z</time>
			</trkpt>
			<trkpt lat="59.94985548702719" lon="30.29832046326941">
				<ele>1.6407431699335575</ele>
				<time>2026-08-03T16:58:32Z</time>
			</trkpt>
			<trkpt lat="59.949838968117035" lon="30.29835319073565">
				<ele>1.0115308500826359</ele>
				<time>2026-08-03T16:58:33Z</time>
			</trkpt>
			<trkpt lat="59.949848375534906" lon="30.29838959602825">
				<ele>1.2238079514354467</ele>
				<time>2026-08-03T16:58:35Z</time>
			</trkpt>
			<trkpt lat="59.94983536502941" lon="30.298363082889104">
				<ele>1.9562939051538706</ele>
				<time>2026-08-03T16:58:37Z</time>
			</trkpt>
			<trkpt lat="59.949823854708434" lon="30.29839378032426">
				<ele>1.7426292607560754</ele>
				<time>2026-08-03T16:58:38Z</time>
			</trkpt>
			<trkpt lat="59.949804775390696" lon="30.298431509218073">
				<ele>1.3118084287270904</ele>
				<time>2026-08-03T16:58:40Z</time>
			</trkpt>
			<trkpt lat="59.94979332819802" lon="30.298463686241085">
				<ele>2.6351941768079996</ele>
				<time>2026-08-03T16:58:41Z</time>
			</trkpt>
			<trkpt lat="59.9497791124566" lon="30.298503476519095">
				<ele>1.3365583857521415</ele>
				<time>2026-08-03T16:58:44Z</time>
			</trkpt>
			<trkpt lat="59.949773508485805" lon="30.2985561956692">
				<ele>0.5949522685259581</ele>
				<time>2026-08-03T16:58:46Z</time>
			</trkpt>
			<trkpt lat="59.94975686456615" lon="30.298617809711928">
				<ele>1.3110305350273848</ele>
				<time>2026-08-03T16:58:48Z</time>
			</trkpt>
			<trkpt lat="59.94974025484884" lon="30.298644325271518">
				<ele>1.0774512263014913</ele>
				<time>2026-08-03T16:58:50Z</time>
			</trkpt>
			<trkpt lat="59.94972297119234" lon="30.29867892067804">
				<ele>1.7825280809774995</ele>
				<time>2026-08-03T16:58:51Z</time>
			</trkpt>
			<trkpt lat="59.94976106147524" lon="30.2986494394589">
				<ele>0.06160977575927973</ele>
				<time>2026-08-03T16:58:52Z</time>
			</trkpt>
			<trkpt lat="59.94975628623148" lon="30.29870229529997">
				<ele>0.19094976224005222</ele>
				<time>2026-08-03T16:58:54Z</time>
			</trkpt>
			<trkpt lat="59.94973324800351" lon="30.29872753548519">
				<ele>-0.2986683500930667</ele>
				<time>2026-08-03T16:58:58Z</time>
			</trkpt>
			<trkpt lat="59.94972286231698" lon="30.298762148384366">
				<ele>0.9281660169363022</ele>
				<time>2026-08-03T16:59:01Z</time>
			</trkpt>
			<trkpt lat="59.94971180392316" lon="30.298803610235353">
				<ele>0.8364081121981144</ele>
				<time>2026-08-03T16:59:04Z</time>
			</trkpt>
			<trkpt lat="59.94969522514818" lon="30.29884845164983">
				<ele>1.572435169480741</ele>
				<time>2026-08-03T16:59:05Z</time>
			</trkpt>
			<trkpt lat="59.94967462213809" lon="30.298895634713748">
				<ele>0.88399613276124</ele>
				<time>2026-08-03T16:59:06Z</time>
			</trkpt>
			<trkpt lat="59.94965903968182" lon="30.29893840222031">
				<ele>0.3648988539353013</ele>
				<time>2026-08-03T16:59:08Z</time>
			</trkpt>
			<trkpt lat="59.94964797911043" lon="30.298997109863535">
				<ele>0.7686886982992291</ele>
				<time>2026-08-03T16:59:10Z</time>
			</trkpt>
			<trkpt lat="59.94962070993896" lon="30.29904907739684">
				<ele>1.4685580534860492</ele>
				<time>2026-08-03T16:59:12Z</time>
			</trkpt>
			<trkpt lat="59.94961900461349" lon="30.29911560310492">
				<ele>0.6958742821589112</ele>
				<time>2026-08-03T16:59:14Z</time>
			</trkpt>
			<trkpt lat="59.949635799743994" lon="30.29914060724966">
				<ele>1.5301776127889752</ele>
				<time>2026-08-03T16:59:16Z</time>
			</trkpt>
			<trkpt lat="59.94962789706513" lon="30.29919128682735">
				<ele>2.543463945388794</ele>
				<time>2026-08-03T16:59:18Z</time>
			</trkpt>
			<trkpt lat="59.949629082018475" lon="30.29925847436475">
				<ele>2.7435468742623925</ele>
				<time>2026-08-03T16:59:21Z</time>
			</trkpt>
			<trkpt lat="59.94962319051245" lon="30.299292632217032">
				<ele>3.4064497565850616</ele>
				<time>2026-08-03T16:59:23Z</time>
			</trkpt>
			<trkpt lat="59.949644142161304" lon="30.299330403759328">
				<ele>5.311201776377857</ele>
				<time>2026-08-03T16:59:24Z</time>
			</trkpt>
			<trkpt lat="59.94962732726924" lon="30.2993670240708">
				<ele>6.067540632560849</ele>
				<time>2026-08-03T16:59:26Z</time>
			</trkpt>
			<trkpt lat="59.9496133559025" lon="30.299428178008483">
				<ele>7.555818264372647</ele>
				<time>2026-08-03T16:59:28Z</time>
			</trkpt>
			<trkpt lat="59.94960402295426" lon="30.299471446632754">
				<ele>7.390736253000796</ele>
				<time>2026-08-03T16:59:30Z</time>
			</trkpt>
			<trkpt lat="59.94959074734219" lon="30.299512552924046">
				<ele>7.610331179574132</ele>
				<time>2026-08-03T16:59:31Z</time>
			</trkpt>
			<trkpt lat="59.949575927619115" lon="30.299587181734758">
				<ele>9.28441533446312</ele>
				<time>2026-08-03T16:59:32Z</time>
			</trkpt>
			<trkpt lat="59.94955888947874" lon="30.299615499193912">
				<ele>9.817582143470645</ele>
				<time>2026-08-03T16:59:36Z</time>
			</trkpt>
			<trkpt lat="59.94955506669066" lon="30.29967179709601">
				<ele>8.94302680902183</ele>
				<time>2026-08-03T16:59:39Z</time>
			</trkpt>
			<trkpt lat="59.94953219907094" lon="30.29971770807307">
				<ele>8.478034511208534</ele>
				<time>2026-08-03T16:59:41Z</time>
			</trkpt>
			<trkpt lat="59.9495337056795" lon="30.299761434956807">
				<ele>7.583397510461509</ele>
				<time>2026-08-03T16:59:43Z</time>
			</trkpt>
			<trkpt lat="59.94952601392998" lon="30.29980404902608">
				<ele>6.786294909194112</ele>
				<time>2026-08-03T16:59:46Z</time>
			</trkpt>
			<trkpt lat="59.949521103799704" lon="30.299857348219028">
				<ele>6.300669811666012</ele>
				<time>2026-08-03T16:59:48Z</time>
			</trkpt>
			<trkpt lat="59.94949714362224" lon="30.299896722511868">
				<ele>5.938051789067686</ele>
				<time>2026-08-03T16:59:49Z</time>
			</trkpt>
			<trkpt lat="59.94947439283618" lon="30.299926480305686">
				<ele>4.8865962298586965</ele>
				<time>2026-08-03T16:59:52Z</time>
			</trkpt>
			<trkpt lat="59.9494597702627" lon="30.29997457356432">
				<ele>5.97607462387532</ele>
				<time>2026-08-03T16:59:55Z</time>
			</trkpt>
			<trkpt lat="59.94946005302611" lon="30.30004147976705">
				<ele>4.9312763419002295</ele>
				<time>2026-08-03T16:59:58Z</time>
			</trkpt>
			<trkpt lat="59.9494444180206" lon="30.30008371692924">
				<ele>6.212434726767242</ele>
				<time>2026-08-03T17:00:00Z</time>
			</trkpt>
			<trkpt lat="59.94943430075479" lon="30.300135323756265">
				<ele>5.72420846670866</ele>
				<time>2026-08-03T17:00:04Z</time>
			</trkpt>
			<trkpt lat="59.94941194185992" lon="30.300183128308266">
				<ele>4.967144388705492</ele>
				<time>2026-08-03T17:00:06Z</time>
			</trkpt>
			<trkpt lat="59.949404594186234" lon="30.300228448714407">
				<ele>4.793051082640886</ele>
				<time>2026-08-03T17:00:08Z</time>
			</trkpt>
			<trkpt lat="59.94939515515214" lon="30.300276189515795">
				<ele>4.643267215229571</ele>
				<time>2026-08-03T17:00:10Z</time>
			</trkpt>
			<trkpt lat="59.94939002873003" lon="30.30031281552666">
				<ele>5.895215981639922</ele>
				<time>2026-08-03T17:00:12Z</time>
			</trkpt>
			<trkpt lat="59.94937476838977" lon="30.30037845706824">
				<ele>5.932264148257673</ele>
				<time>2026-08-03T17:00:13Z</time>
			</trkpt>
			<trkpt lat="59.9493603377067" lon="30.30041457258502">
				<ele>4.945310262031853</ele>
				<time>2026-08-03T17:00:15Z</time>
			</trkpt>
			<trkpt lat="59.949357248429514" lon="30.300450936384866">
				<ele>4.696488604880869</ele>
				<time>2026-08-03T17:00:16Z</time>
			</trkpt>
			<trkpt lat="59.94934451416817" lon="30.30049750683176">
				<ele>5.061756004579365</ele>
				<time>2026-08-03T17:00:18Z</time>
			</trkpt>
			<trkpt lat="59.94933088081374" lon="30.300539094880875">
				<ele>4.468267783522606</ele>
				<time>2026-08-03T17:00:20Z</time>
			</trkpt>
			<trkpt lat="59.94932873348648" lon="30.300576635615762">
				<ele>4.660028759390116</ele>
				<time>2026-08-03T17:00:21Z</time>
			</trkpt>
			<trkpt lat="59.94932859646611" lon="30.300620021267008">
				<ele>4.801164603792131</ele>
				<time>2026-08-03T17:00:23Z</time>
			</trkpt>
			<trkpt lat="59.94931258771914" lon="30.300659539571207">
				<ele>4.712496034801006</ele>
				<time>2026-08-03T17:00:25Z</time>
			</trkpt>
			<trkpt lat="59.94930695250299" lon="30.300729810675527">
				<ele>5.218353755772114</ele>
				<time>2026-08-03T17:00:27Z</time>
			</trkpt>
			<trkpt lat="59.949282944344354" lon="30.300801997273478">
				<ele>6.065307631157339</ele>
				<time>2026-08-03T17:00:29Z</time>
			</trkpt>
			<trkpt lat="59.94927122386772" lon="30.30083882180216">
				<ele>6.625256973318756</ele>
				<time>2026-08-03T17:00:30Z</time>
			</trkpt>
			<trkpt lat="59.94924213930914" lon="30.30088365659571">
				<ele>5.6278667245060205</ele>
				<time>2026-08-03T17:00:32Z</time>
			</trkpt>
			<trkpt lat="59.949237883418" lon="30.300921751237258">
				<ele>5.734737114980817</ele>
				<time>2026-08-03T17:00:35Z</time>
			</trkpt>
			<trkpt lat="59.94922027705024" lon="30.300971683436625">
				<ele>5.960396513342857</ele>
				<time>2026-08-03T17:00:37Z</time>
			</trkpt>
			<trkpt lat="59.94920658627451" lon="30.30101246828478">
				<ele>5.72769570350647</ele>
				<time>2026-08-03T17:00:38Z</time>
			</trkpt>
			<trkpt lat="59.9491946633715" lon="30.301046865586226">
				<ele>6.559936788864434</ele>
				<time>2026-08-03T17:00:39Z</time>
			</trkpt>
			<trkpt lat="59.94915749823316" lon="30.301061002412084">
				<ele>6.174987433478236</ele>
				<time>2026-08-03T17:00:40Z</time>
			</trkpt>
			<trkpt lat="59.949138798720995" lon="30.301109074972196">
				<ele>5.180564420297742</ele>
				<time>2026-08-03T17:00:43Z</time>
			</trkpt>
			<trkpt lat="59.94913178535907" lon="30.30115877924775">
				<ele>6.972100079059601</ele>
				<time>2026-08-03T17:00:44Z</time>
			</trkpt>
			<trkpt lat="59.949113488736934" lon="30.30120078880378">
				<ele>7.186161593534052</ele>
				<time>2026-08-03T17:00:46Z</time>
			</trkpt>
			<trkpt lat="59.94909017415095" lon="30.30124640831603">
				<ele>6.801049032248557</ele>
				<time>2026-08-03T17:00:48Z</time>
			</trkpt>
			<trkpt lat="59.949072654238414" lon="30.30127541680683">
				<ele>5.130675726570189</ele>
				<time>2026-08-03T17:00:56Z</time>
			</trkpt>
			<trkpt lat="59.94907249612847" lon="30.301317986596654">
				<ele>5.208597398363054</ele>
				<time>2026-08-03T17:01:00Z</time>
			</trkpt>
			<trkpt lat="59.949066549338454" lon="30.30135414223561">
				<ele>5.39287357032299</ele>
				<time>2026-08-03T17:01:02Z</time>
			</trkpt>
			<trkpt lat="59.949078577329" lon="30.30138494901836">
				<ele>5.313156350515783</ele>
				<time>2026-08-03T17:01:04Z</time>
			</trkpt>
			<trkpt lat="59.949072597252275" lon="30.301420076400394">
				<ele>4.5759673696011305</ele>
				<time>2026-08-03T17:01:08Z</time>
			</trkpt>
			<trkpt lat="59.949057129694815" lon="30.301466065501806">
				<ele>4.055102244019508</ele>
				<time>2026-08-03T17:01:10Z</time>
			</trkpt>
			<trkpt lat="59.94906649916485" lon="30.30150979630632">
				<ele>4.042054513469338</ele>
				<time>2026-08-03T17:01:15Z</time>
			</trkpt>
			<trkpt lat="59.94907283718314" lon="30.301476116170335">
				<ele>4.09194147028029</ele>
				<time>2026-08-03T17:01:22Z</time>
			</trkpt>
			<trkpt lat="59.949065503601815" lon="30.3014294195762">
				<ele>3.3622101647779346</ele>
				<time>2026-08-03T17:01:27Z</time>
			</trkpt>
			<trkpt lat="59.94906540968533" lon="30.30138018615234">
				<ele>3.101635661907494</ele>
				<time>2026-08-03T17:01:28Z</time>
			</trkpt>
			<trkpt lat="59.94906844704284" lon="30.301341018119846">
				<ele>-2.3465300323441625</ele>
				<time>2026-08-03T17:02:01Z</time>
			</trkpt>
			<trkpt lat="59.94909302728713" lon="30.30132216433158">
				<ele>-1.7585954749956727</ele>
				<time>2026-08-03T17:02:11Z</time>
			</trkpt>
			<trkpt lat="59.949113189924965" lon="30.301333648690164">
				<ele>-1.5632133344188333</ele>
				<time>2026-08-03T17:02:12Z</time>
			</trkpt>
			<trkpt lat="59.9491288867281" lon="30.301360711401262">
				<ele>-1.4306267742067575</ele>
				<time>2026-08-03T17:02:16Z</time>
			</trkpt>
			<trkpt lat="59.94914571452034" lon="30.30138370320699">
				<ele>-1.6005474859848619</ele>
				<time>2026-08-03T17:02:17Z</time>
			</trkpt>
			<trkpt lat="59.94915059568355" lon="30.30142301559323">
				<ele>-1.0864072488620877</ele>
				<time>2026-08-03T17:02:18Z</time>
			</trkpt>
			<trkpt lat="59.94915968202959" lon="30.301492391336765">
				<ele>-0.9141110181808472</ele>
				<time>2026-08-03T17:02:22Z</time>
			</trkpt>
			<trkpt lat="59.94915752734378" lon="30.30154953757523">
				<ele>-1.119226710870862</ele>
				<time>2026-08-03T17:02:26Z</time>
			</trkpt>
			<trkpt lat="59.949132559123655" lon="30.30162413435562">
				<ele>-1.6401995727792382</ele>
				<time>2026-08-03T17:02:27Z</time>
			</trkpt>
			<trkpt lat="59.9491187511967" lon="30.30165623262989">
				<ele>-2.7542570950463414</ele>
				<time>2026-08-03T17:02:29Z</time>
			</trkpt>
			<trkpt lat="59.94909555621442" lon="30.301720107494962">
				<ele>-1.8657571272924542</ele>
				<time>2026-08-03T17:02:31Z</time>
			</trkpt>
			<trkpt lat="59.949083113847585" lon="30.301777719416382">
				<ele>-1.207479259930551</ele>
				<time>2026-08-03T17:02:33Z</time>
			</trkpt>
			<trkpt lat="59.94905801846765" lon="30.301830111947314">
				<ele>-1.7866602158173919</ele>
				<time>2026-08-03T17:02:36Z</time>
			</trkpt>
			<trkpt lat="59.94903290518024" lon="30.301871510813474">
				<ele>-1.6940978989005089</ele>
				<time>2026-08-03T17:02:38Z</time>
			</trkpt>
			<trkpt lat="59.94901725848723" lon="30.301896618975434">
				<ele>-1.4976562270894647</ele>
				<time>2026-08-03T17:02:39Z</time>
			</trkpt>
			<trkpt lat="59.94900111511292" lon="30.30193111599817">
				<ele>-1.764420677907765</ele>
				<time>2026-08-03T17:02:40Z</time>
			</trkpt>
			<trkpt lat="59.94898621643124" lon="30.30196801138863">
				<ele>-0.6786212278530002</ele>
				<time>2026-08-03T17:02:43Z</time>
			</trkpt>
			<trkpt lat="59.948969411628475" lon="30.30201839321835">
				<ele>-1.3309039380401373</ele>
				<time>2026-08-03T17:02:45Z</time>
			</trkpt>
			<trkpt lat="59.94895099870194" lon="30.302079568251298">
				<ele>-0.13839448243379593</ele>
				<time>2026-08-03T17:02:48Z</time>
			</trkpt>
			<trkpt lat="59.94891999625875" lon="30.302172716974624">
				<ele>0.30602915305644274</ele>
				<time>2026-08-03T17:02:49Z</time>
			</trkpt>
			<trkpt lat="59.94890791258087" lon="30.302206327923226">
				<ele>1.1478428021073341</ele>
				<time>2026-08-03T17:02:51Z</time>
			</trkpt>
			<trkpt lat="59.94889169589748" lon="30.302233634496837">
				<ele>0.828176187351346</ele>
				<time>2026-08-03T17:02:53Z</time>
			</trkpt>
			<trkpt lat="59.948899877703575" lon="30.302303806781982">
				<ele>-0.201911773532629</ele>
				<time>2026-08-03T17:02:56Z</time>
			</trkpt>
			<trkpt lat="59.94889030913909" lon="30.30234921696723">
				<ele>0.3095624865964055</ele>
				<time>2026-08-03T17:02:58Z</time>
			</trkpt>
			<trkpt lat="59.94888152993614" lon="30.302415874846787">
				<ele>0.6772826565429568</ele>
				<time>2026-08-03T17:03:00Z</time>
			</trkpt>
			<trkpt lat="59.948879980324236" lon="30.302458086087217">
				<ele>1.2505676355212927</ele>
				<time>2026-08-03T17:03:01Z</time>
			</trkpt>
			<trkpt lat="59.948877729683836" lon="30.30250082217169">
				<ele>1.7380437981337309</ele>
				<time>2026-08-03T17:03:03Z</time>
			</trkpt>
			<trkpt lat="59.94888605599711" lon="30.30254779223418">
				<ele>0.7229928281158209</ele>
				<time>2026-08-03T17:03:07Z</time>
			</trkpt>
			<trkpt lat="59.948882956037735" lon="30.302591407964485">
				<ele>0.9087342862039804</ele>
				<time>2026-08-03T17:03:09Z</time>
			</trkpt>
			<trkpt lat="59.9488721663751" lon="30.30262180733457">
				<ele>2.0123172448948026</ele>
				<time>2026-08-03T17:03:11Z</time>
			</trkpt>
			<trkpt lat="59.948848405684316" lon="30.302651101436485">
				<ele>1.5400183405727148</ele>
				<time>2026-08-03T17:03:13Z</time>
			</trkpt>
			<trkpt lat="59.94883905594672" lon="30.30268204925662">
				<ele>1.8744466984644532</ele>
				<time>2026-08-03T17:03:16Z</time>
			</trkpt>
			<trkpt lat="59.948832283329025" lon="30.30272322008459">
				<ele>2.204651835374534</ele>
				<time>2026-08-03T17:03:19Z</time>
			</trkpt>
			<trkpt lat="59.94882130589585" lon="30.30276087398556">
				<ele>2.146976978518069</ele>
				<time>2026-08-03T17:03:21Z</time>
			</trkpt>
			<trkpt lat="59.94880655321493" lon="30.302804720325042">
				<ele>2.3944071158766747</ele>
				<time>2026-08-03T17:03:24Z</time>
			</trkpt>
			<trkpt lat="59.948794446460184" lon="30.302849594745663">
				<ele>2.0746189691126347</ele>
				<time>2026-08-03T17:03:25Z</time>
			</trkpt>
			<trkpt lat="59.94878441451586" lon="30.302882935413532">
				<ele>2.218956687487662</ele>
				<time>2026-08-03T17:03:27Z</time>
			</trkpt>
			<trkpt lat="59.94877522406255" lon="30.302937193825116">
				<ele>1.870189038105309</ele>
				<time>2026-08-03T17:03:29Z</time>
			</trkpt>
			<trkpt lat="59.94877576591542" lon="30.302989266668522">
				<ele>1.5901168175041676</ele>
				<time>2026-08-03T17:03:32Z</time>
			</trkpt>
			<trkpt lat="59.94876047262462" lon="30.30302472218486">
				<ele>1.279371039941907</ele>
				<time>2026-08-03T17:03:33Z</time>
			</trkpt>
			<trkpt lat="59.94874479724456" lon="30.30306812732925">
				<ele>0.921843783929944</ele>
				<time>2026-08-03T17:03:35Z</time>
			</trkpt>
			<trkpt lat="59.94873102215307" lon="30.30310998065247">
				<ele>1.601164654828608</ele>
				<time>2026-08-03T17:03:37Z</time>
			</trkpt>
			<trkpt lat="59.94871656222414" lon="30.303137348811177">
				<ele>1.338929956778884</ele>
				<time>2026-08-03T17:03:38Z</time>
			</trkpt>
			<trkpt lat="59.94869514388298" lon="30.303183822062692">
				<ele>1.7304336102679372</ele>
				<time>2026-08-03T17:03:40Z</time>
			</trkpt>
			<trkpt lat="59.94868339623857" lon="30.303217696322363">
				<ele>1.7272337367758155</ele>
				<time>2026-08-03T17:03:41Z</time>
			</trkpt>
			<trkpt lat="59.9486700951664" lon="30.303252883128977">
				<ele>1.2441800544038415</ele>
				<time>2026-08-03T17:03:42Z</time>
			</trkpt>
			<trkpt lat="59.948658999522536" lon="30.30329562944357">
				<ele>0.870777815580368</ele>
				<time>2026-08-03T17:03:45Z</time>
			</trkpt>
			<trkpt lat="59.948640467327365" lon="30.303315939985758">
				<ele>0.7605997528880835</ele>
				<time>2026-08-03T17:03:48Z</time>
			</trkpt>
			<trkpt lat="59.94863209098022" lon="30.303374156294836">
				<ele>0.7819610508158803</ele>
				<time>2026-08-03T17:03:51Z</time>
			</trkpt>
			<trkpt lat="59.948617264450746" lon="30.303418666033178">
				<ele>0.8605144890025258</ele>
				<time>2026-08-03T17:03:53Z</time>
			</trkpt>
			<trkpt lat="59.94859989598505" lon="30.30345585438357">
				<ele>0.46160395815968513</ele>
				<time>2026-08-03T17:03:55Z</time>
			</trkpt>
			<trkpt lat="59.9485823220296" lon="30.30351682363204">
				<ele>-0.05309591442346573</ele>
				<time>2026-08-03T17:03:57Z</time>
			</trkpt>
			<trkpt lat="59.94857086022139" lon="30.303564313677867">
				<ele>-0.0458968561142683</ele>
				<time>2026-08-03T17:03:59Z</time>
			</trkpt>
			<trkpt lat="59.9485710768002" lon="30.30360489134596">
				<ele>0.561141605488956</ele>
				<time>2026-08-03T17:04:01Z</time>
			</trkpt>
			<trkpt lat="59.94856184765082" lon="30.30364280130495">
				<ele>0.21799223590642214</ele>
				<time>2026-08-03T17:04:02Z</time>
			</trkpt>
			<trkpt lat="59.948552576546604" lon="30.30367755332484">
				<ele>-0.26193054113537073</ele>
				<time>2026-08-03T17:04:03Z</time>
			</trkpt>
			<trkpt lat="59.94853270445405" lon="30.303703528417792">
				<ele>0.421631071716547</ele>
				<time>2026-08-03T17:04:05Z</time>
			</trkpt>
			<trkpt lat="59.94852394683107" lon="30.303739616893637">
				<ele>-0.0444850567728281</ele>
				<time>2026-08-03T17:04:07Z</time>
			</trkpt>
			<trkpt lat="59.94851335247053" lon="30.303775127441455">
				<ele>0.2576593505218625</ele>
				<time>2026-08-03T17:04:08Z</time>
			</trkpt>
			<trkpt lat="59.94848936270657" lon="30.303802683889096">
				<ele>0.31424752064049244</ele>
				<time>2026-08-03T17:04:13Z</time>
			</trkpt>
			<trkpt lat="59.948472010624975" lon="30.30385024126788">
				<ele>0.10647808853536844</ele>
				<time>2026-08-03T17:04:14Z</time>
			</trkpt>
			<trkpt lat="59.94845858623747" lon="30.303884592051006">
				<ele>-0.2611363884061575</ele>
				<time>2026-08-03T17:04:15Z</time>
			</trkpt>
			<trkpt lat="59.94844604894174" lon="30.30391645800721">
				<ele>0.40402957145124674</ele>
				<time>2026-08-03T17:04:21Z</time>
			</trkpt>
			<trkpt lat="59.9484747509099" lon="30.30414378273329">
				<ele>-9.7208251953125</ele>
				<time>2026-08-03T17:04:31Z</time>
			</trkpt>
			<trkpt lat="59.9484122359692" lon="30.303999258451526">
				<ele>0.5524856327101588</ele>
				<time>2026-08-03T17:04:32Z</time>
			</trkpt>
			<trkpt lat="59.948444124243615" lon="30.30400072300925">
				<ele>0.6955297831445932</ele>
				<time>2026-08-03T17:04:33Z</time>
			</trkpt>
			<trkpt lat="59.94846847200551" lon="30.303982543446594">
				<ele>-0.12715449929237366</ele>
				<time>2026-08-03T17:04:35Z</time>
			</trkpt>
			<trkpt lat="59.948473483140766" lon="30.303959769803704">
				<ele>0.2446426646783948</ele>
				<time>2026-08-03T17:04:37Z</time>
			</trkpt>
			<trkpt lat="59.94849822160142" lon="30.303976423822647">
				<ele>0.5291544646024704</ele>
				<time>2026-08-03T17:04:39Z</time>
			</trkpt>
			<trkpt lat="59.94849229209716" lon="30.3039315583618">
				<ele>-0.15676085837185383</ele>
				<time>2026-08-03T17:04:40Z</time>
			</trkpt>
			<trkpt lat="59.94849754149659" lon="30.303874529487157">
				<ele>-0.16826505679637194</ele>
				<time>2026-08-03T17:04:42Z</time>
			</trkpt>
			<trkpt lat="59.948488794933816" lon="30.303840168429158">
				<ele>-0.22653782833367586</ele>
				<time>2026-08-03T17:04:45Z</time>
			</trkpt>
			<trkpt lat="59.94850624711701" lon="30.30379941171786">
				<ele>-0.6773894829675555</ele>
				<time>2026-08-03T17:04:50Z</time>
			</trkpt>
			<trkpt lat="59.94853099943039" lon="30.303790342658345">
				<ele>1.1414051223546267</ele>
				<time>2026-08-03T17:04:58Z</time>
			</trkpt>
			<trkpt lat="59.94853828822235" lon="30.303814805346054">
				<ele>1.0017970353364944</ele>
				<time>2026-08-03T17:04:59Z</time>
			</trkpt>
			<trkpt lat="59.948555047776736" lon="30.303845672068093">
				<ele>0.9843809148296714</ele>
				<time>2026-08-03T17:05:00Z</time>
			</trkpt>
			<trkpt lat="59.948535395981" lon="30.303867438877493">
				<ele>0.6728445934131742</ele>
				<time>2026-08-03T17:05:01Z</time>
			</trkpt>
			<trkpt lat="59.9486453739739" lon="30.30393284987258">
				<ele>0.9906616052612662</ele>
				<time>2026-08-03T17:05:02Z</time>
			</trkpt>
			<trkpt lat="59.94866525835002" lon="30.303948456821832">
				<ele>0.7548060733824968</ele>
				<time>2026-08-03T17:05:03Z</time>
			</trkpt>
			<trkpt lat="59.94869053695219" lon="30.30396173143975">
				<ele>1.1006736308336258</ele>
				<time>2026-08-03T17:05:04Z</time>
			</trkpt>
			<trkpt lat="59.94872262659506" lon="30.30399811527045">
				<ele>1.1390259200707078</ele>
				<time>2026-08-03T17:05:05Z</time>
			</trkpt>
			<trkpt lat="59.948803181804145" lon="30.304023199596728">
				<ele>1.3655783897265792</ele>
				<time>2026-08-03T17:05:06Z</time>
			</trkpt>
			<trkpt lat="59.948841551604076" lon="30.304010409439968">
				<ele>1.139751455746591</ele>
				<time>2026-08-03T17:05:07Z</time>
			</trkpt>
			<trkpt lat="59.94892126971193" lon="30.303868565171793">
				<ele>1.2758042067289352</ele>
				<time>2026-08-03T17:05:08Z</time>
			</trkpt>
			<trkpt lat="59.94891204741423" lon="30.303917127799682">
				<ele>1.5568597316741943</ele>
				<time>2026-08-03T17:05:09Z</time>
			</trkpt>
			<trkpt lat="59.948934296547776" lon="30.303923540640024">
				<ele>1.1078961621969938</ele>
				<time>2026-08-03T17:05:12Z</time>
			</trkpt>
			<trkpt lat="59.94899294858015" lon="30.30390471544313">
				<ele>2.5074645346030593</ele>
				<time>2026-08-03T17:05:13Z</time>
			</trkpt>
			<trkpt lat="59.94901972652782" lon="30.30394367538659">
				<ele>4.060904320329428</ele>
				<time>2026-08-03T17:05:14Z</time>
			</trkpt>
			<trkpt lat="59.949005214390866" lon="30.30396555636744">
				<ele>5.802870043553412</ele>
				<time>2026-08-03T17:05:18Z</time>
			</trkpt>
			<trkpt lat="59.94900024347291" lon="30.304004449210105">
				<ele>6.808688371442258</ele>
				<time>2026-08-03T17:05:20Z</time>
			</trkpt>
			<trkpt lat="59.94899239668594" lon="30.304045020325812">
				<ele>6.939602725207806</ele>
				<time>2026-08-03T17:05:21Z</time>
			</trkpt>
			<trkpt lat="59.94897784534688" lon="30.30407693561217">
				<ele>6.619761829264462</ele>
				<time>2026-08-03T17:05:25Z</time>
			</trkpt>
			<trkpt lat="59.94892760543406" lon="30.304060450876825">
				<ele>7.302004746161401</ele>
				<time>2026-08-03T17:05:26Z</time>
			</trkpt>
			<trkpt lat="59.948916764943995" lon="30.3041230209576">
				<ele>6.377524900250137</ele>
				<time>2026-08-03T17:05:28Z</time>
			</trkpt>
			<trkpt lat="59.94891659225099" lon="30.30417751247634">
				<ele>6.432771580293775</ele>
				<time>2026-08-03T17:05:30Z</time>
			</trkpt>
			<trkpt lat="59.94890890840037" lon="30.304220868607402">
				<ele>5.285528618842363</ele>
				<time>2026-08-03T17:05:32Z</time>
			</trkpt>
			<trkpt lat="59.948886840618144" lon="30.3042371920519">
				<ele>2.5621838001534343</ele>
				<time>2026-08-03T17:05:38Z</time>
			</trkpt>
			<trkpt lat="59.9488616777016" lon="30.30426105969242">
				<ele>2.32460614759475</ele>
				<time>2026-08-03T17:05:40Z</time>
			</trkpt>
			<trkpt lat="59.94884668741567" lon="30.304300081681717">
				<ele>2.3499245597049594</ele>
				<time>2026-08-03T17:05:42Z</time>
			</trkpt>
			<trkpt lat="59.948819971896036" lon="30.30432247081466">
				<ele>3.339035418815911</ele>
				<time>2026-08-03T17:05:44Z</time>
			</trkpt>
			<trkpt lat="59.9488014374752" lon="30.304343367621623">
				<ele>1.9770264253020287</ele>
				<time>2026-08-03T17:05:46Z</time>
			</trkpt>
			<trkpt lat="59.948780376847914" lon="30.304360265308908">
				<ele>1.9995020478963852</ele>
				<time>2026-08-03T17:05:47Z</time>
			</trkpt>
			<trkpt lat="59.94877795629545" lon="30.304400439857943">
				<ele>2.3614362673833966</ele>
				<time>2026-08-03T17:05:51Z</time>
			</trkpt>
			<trkpt lat="59.94876466276562" lon="30.30443946957045">
				<ele>2.0037740636616945</ele>
				<time>2026-08-03T17:05:55Z</time>
			</trkpt>
			<trkpt lat="59.94868023326646" lon="30.304125594003406">
				<ele>21.26611335668713</ele>
				<time>2026-08-03T17:05:57Z</time>
			</trkpt>
			<trkpt lat="59.948512553293206" lon="30.30529537241003">
				<ele>35.3404541015625</ele>
				<time>2026-08-03T17:06:03Z</time>
			</trkpt>
			<trkpt lat="59.94848182061471" lon="30.305337960993636">
				<ele>35.4129633968696</ele>
				<time>2026-08-03T17:06:04Z</time>
			</trkpt>
			<trkpt lat="59.948597731050235" lon="30.305406953964464">
				<ele>38.28938055410981</ele>
				<time>2026-08-03T17:06:05Z</time>
			</trkpt>
			<trkpt lat="59.94876494434024" lon="30.30456528129477">
				<ele>2.0605719657614827</ele>
				<time>2026-08-03T17:06:06Z</time>
			</trkpt>
			<trkpt lat="59.94866462574745" lon="30.30474739075007">
				<ele>2.131186888553202</ele>
				<time>2026-08-03T17:06:07Z</time>
			</trkpt>
			<trkpt lat="59.94866876199893" lon="30.304795243306963">
				<ele>2.7076500225812197</ele>
				<time>2026-08-03T17:06:08Z</time>
			</trkpt>
			<trkpt lat="59.948677857276884" lon="30.304858445987648">
				<ele>2.4714780235663056</ele>
				<time>2026-08-03T17:06:10Z</time>
			</trkpt>
			<trkpt lat="59.94870719189373" lon="30.304766158633704">
				<ele>2.3064529402181506</ele>
				<time>2026-08-03T17:06:11Z</time>
			</trkpt>
			<trkpt lat="59.94872920630369" lon="30.30473012672798">
				<ele>2.0955499801784754</ele>
				<time>2026-08-03T17:06:13Z</time>
			</trkpt>
			<trkpt lat="59.94874731605595" lon="30.30467424780648">
				<ele>2.188946234062314</ele>
				<time>2026-08-03T17:06:14Z</time>
			</trkpt>
			<trkpt lat="59.94876932777399" lon="30.30472228548192">
				<ele>2.1729978285729885</ele>
				<time>2026-08-03T17:06:18Z</time>
			</trkpt>
			<trkpt lat="59.94879399620258" lon="30.304696271621303">
				<ele>1.6863732170313597</ele>
				<time>2026-08-03T17:06:20Z</time>
			</trkpt>
			<trkpt lat="59.948827454759055" lon="30.304671799843696">
				<ele>1.4046020610257983</ele>
				<time>2026-08-03T17:06:24Z</time>
			</trkpt>
			<trkpt lat="59.94883870040475" lon="30.30470824894991">
				<ele>1.9772022822871804</ele>
				<time>2026-08-03T17:06:27Z</time>
			</trkpt>
			<trkpt lat="59.94883513840901" lon="30.304756165138553">
				<ele>0.8452143678441644</ele>
				<time>2026-08-03T17:06:30Z</time>
			</trkpt>
			<trkpt lat="59.948830641566886" lon="30.304799748895743">
				<ele>1.487432693131268</ele>
				<time>2026-08-03T17:06:32Z</time>
			</trkpt>
			<trkpt lat="59.948863340806476" lon="30.30480445653832">
				<ele>1.2130481889471412</ele>
				<time>2026-08-03T17:06:34Z</time>
			</trkpt>
			<trkpt lat="59.94892800373133" lon="30.30479030649309">
				<ele>0.7896239357069135</ele>
				<time>2026-08-03T17:06:38Z</time>
			</trkpt>
			<trkpt lat="59.94897870345725" lon="30.30479121441535">
				<ele>1.3161253910511732</ele>
				<time>2026-08-03T17:06:39Z</time>
			</trkpt>
			<trkpt lat="59.949030270152655" lon="30.304755585646777">
				<ele>0.5820241086184978</ele>
				<time>2026-08-03T17:06:40Z</time>
			</trkpt>
			<trkpt lat="59.94905781739789" lon="30.304726983051676">
				<ele>0.7880029948428273</ele>
				<time>2026-08-03T17:06:42Z</time>
			</trkpt>
			<trkpt lat="59.94909375561113" lon="30.30470535579966">
				<ele>0.9173099314793944</ele>
				<time>2026-08-03T17:06:43Z</time>
			</trkpt>
			<trkpt lat="59.94911422449314" lon="30.304696168697376">
				<ele>0.6509419437497854</ele>
				<time>2026-08-03T17:06:45Z</time>
			</trkpt>
			<trkpt lat="59.9491426133359" lon="30.304670923824176">
				<ele>0.9863761058077216</ele>
				<time>2026-08-03T17:06:48Z</time>
			</trkpt>
			<trkpt lat="59.949164727750784" lon="30.30464217219186">
				<ele>1.2924368157982826</ele>
				<time>2026-08-03T17:06:51Z</time>
			</trkpt>
			<trkpt lat="59.94921061428077" lon="30.304584432260473">
				<ele>1.7661981470882893</ele>
				<time>2026-08-03T17:06:53Z</time>
			</trkpt>
			<trkpt lat="59.94920303660798" lon="30.304710839382828">
				<ele>1.7644880395382643</ele>
				<time>2026-08-03T17:06:54Z</time>
			</trkpt>
			<trkpt lat="59.94922473109831" lon="30.304553146607184">
				<ele>3.2767892871052027</ele>
				<time>2026-08-03T17:06:55Z</time>
			</trkpt>
			<trkpt lat="59.949234530210106" lon="30.304489787814312">
				<ele>3.66067514475435</ele>
				<time>2026-08-03T17:06:56Z</time>
			</trkpt>
			<trkpt lat="59.949238830208685" lon="30.30454948996409">
				<ele>3.082000563852489</ele>
				<time>2026-08-03T17:06:58Z</time>
			</trkpt>
			<trkpt lat="59.949261659684794" lon="30.304568420851105">
				<ele>3.747239745222032</ele>
				<time>2026-08-03T17:07:02Z</time>
			</trkpt>
			<trkpt lat="59.94924092240388" lon="30.30457417217423">
				<ele>0.3938398817554116</ele>
				<time>2026-08-03T17:07:09Z</time>
			</trkpt>
			<trkpt lat="59.94923067090186" lon="30.304631609544636">
				<ele>0.9594982508569956</ele>
				<time>2026-08-03T17:07:11Z</time>
			</trkpt>
			<trkpt lat="59.94925646008051" lon="30.304607817526737">
				<ele>2.9076567497104406</ele>
				<time>2026-08-03T17:07:14Z</time>
			</trkpt>
			<trkpt lat="59.949274342640024" lon="30.304613582927132">
				<ele>4.838306690566242</ele>
				<time>2026-08-03T17:07:16Z</time>
			</trkpt>
			<trkpt lat="59.949274385121676" lon="30.30465173511416">
				<ele>5.600497409701347</ele>
				<time>2026-08-03T17:07:18Z</time>
			</trkpt>
			<trkpt lat="59.94927190419389" lon="30.304725386751034">
				<ele>5.653170650824904</ele>
				<time>2026-08-03T17:07:20Z</time>
			</trkpt>
			<trkpt lat="59.94927925251558" lon="30.304783019919775">
				<ele>5.6001882972195745</ele>
				<time>2026-08-03T17:07:22Z</time>
			</trkpt>
			<trkpt lat="59.94928715817574" lon="30.304832837917736">
				<ele>5.768053923733532</ele>
				<time>2026-08-03T17:07:24Z</time>
			</trkpt>
			<trkpt lat="59.94929440808171" lon="30.304870149378107">
				<ele>5.903197857551277</ele>
				<time>2026-08-03T17:07:26Z</time>
			</trkpt>
			<trkpt lat="59.949293840406234" lon="30.30492400925919">
				<ele>5.782421956770122</ele>
				<time>2026-08-03T17:07:29Z</time>
			</trkpt>
			<trkpt lat="59.949309085179074" lon="30.304958613710625">
				<ele>4.255054721608758</ele>
				<time>2026-08-03T17:07:33Z</time>
			</trkpt>
			<trkpt lat="59.94932238168061" lon="30.304997004043496">
				<ele>2.6441150829195976</ele>
				<time>2026-08-03T17:07:39Z</time>
			</trkpt>
			<trkpt lat="59.949354959158086" lon="30.305007401284435">
				<ele>3.295436733402312</ele>
				<time>2026-08-03T17:07:42Z</time>
			</trkpt>
			<trkpt lat="59.949380595581566" lon="30.30500462205017">
				<ele>1.7361163450405002</ele>
				<time>2026-08-03T17:07:45Z</time>
			</trkpt>
			<trkpt lat="59.9494060505474" lon="30.304997109057286">
				<ele>2.2710546907037497</ele>
				<time>2026-08-03T17:07:48Z</time>
			</trkpt>
			<trkpt lat="59.94942869085941" lon="30.304981736218302">
				<ele>1.4679021332412958</ele>
				<time>2026-08-03T17:07:49Z</time>
			</trkpt>
			<trkpt lat="59.949449122144514" lon="30.3049897190437">
				<ele>2.063208343461156</ele>
				<time>2026-08-03T17:07:55Z</time>
			</trkpt>
			<trkpt lat="59.94946765666267" lon="30.30497502465974">
				<ele>2.997786025516689</ele>
				<time>2026-08-03T17:07:56Z</time>
			</trkpt>
			<trkpt lat="59.94943078199377" lon="30.30499571913982">
				<ele>2.7028643460944295</ele>
				<time>2026-08-03T17:07:57Z</time>
			</trkpt>
			<trkpt lat="59.94944403769689" lon="30.30500097651359">
				<ele>2.474320919252932</ele>
				<time>2026-08-03T17:07:58Z</time>
			</trkpt>
			<trkpt lat="59.94946867483668" lon="30.30487819765872">
				<ele>2.4268241599202156</ele>
				<time>2026-08-03T17:07:59Z</time>
			</trkpt>
			<trkpt lat="59.949515186719836" lon="30.304822595117614">
				<ele>2.1256108470261097</ele>
				<time>2026-08-03T17:08:00Z</time>
			</trkpt>
			<trkpt lat="59.949506572321326" lon="30.304762366333335">
				<ele>1.5238256808370352</ele>
				<time>2026-08-03T17:08:01Z</time>
			</trkpt>
			<trkpt lat="59.94950901659094" lon="30.304706254412473">
				<ele>1.4555369718000293</ele>
				<time>2026-08-03T17:08:02Z</time>
			</trkpt>
			<trkpt lat="59.94949805835587" lon="30.304663932387907">
				<ele>1.4474736796692014</ele>
				<time>2026-08-03T17:08:04Z</time>
			</trkpt>
			<trkpt lat="59.9494852327185" lon="30.30462326911859">
				<ele>1.8193439664319158</ele>
				<time>2026-08-03T17:08:07Z</time>
			</trkpt>
			<trkpt lat="59.949466387791944" lon="30.304574265487705">
				<ele>2.1936977421864867</ele>
				<time>2026-08-03T17:08:08Z</time>
			</trkpt>
			<trkpt lat="59.949476353968116" lon="30.304542163720615">
				<ele>2.1586770955473185</ele>
				<time>2026-08-03T17:08:10Z</time>
			</trkpt>
			<trkpt lat="59.94946658487039" lon="30.30449054760653">
				<ele>1.9331237571313977</ele>
				<time>2026-08-03T17:08:13Z</time>
			</trkpt>
			<trkpt lat="59.94948713323574" lon="30.304467975713017">
				<ele>0.6883019730448723</ele>
				<time>2026-08-03T17:08:15Z</time>
			</trkpt>
			<trkpt lat="59.949479208188116" lon="30.30442888321959">
				<ele>1.2587658809497952</ele>
				<time>2026-08-03T17:08:17Z</time>
			</trkpt>
			<trkpt lat="59.949477391174234" lon="30.30439147034989">
				<ele>1.7413911940529943</ele>
				<time>2026-08-03T17:08:18Z</time>
			</trkpt>
			<trkpt lat="59.94948131538942" lon="30.30435545180862">
				<ele>0.9350427929311991</ele>
				<time>2026-08-03T17:08:20Z</time>
			</trkpt>
			<trkpt lat="59.94946717240185" lon="30.3042684022339">
				<ele>1.22311488725245</ele>
				<time>2026-08-03T17:08:22Z</time>
			</trkpt>
			<trkpt lat="59.94946366105478" lon="30.304226178479972">
				<ele>0.8005262007936835</ele>
				<time>2026-08-03T17:08:23Z</time>
			</trkpt>
			<trkpt lat="59.949456146143255" lon="30.304169979745176">
				<ele>1.4752669828012586</ele>
				<time>2026-08-03T17:08:25Z</time>
			</trkpt>
			<trkpt lat="59.94945227462307" lon="30.304133518258045">
				<ele>1.9973527323454618</ele>
				<time>2026-08-03T17:08:27Z</time>
			</trkpt>
			<trkpt lat="59.9494342427902" lon="30.304083021169788">
				<ele>1.9603802394121885</ele>
				<time>2026-08-03T17:08:28Z</time>
			</trkpt>
			<trkpt lat="59.94943178451848" lon="30.30403908272516">
				<ele>2.251739149913192</ele>
				<time>2026-08-03T17:08:30Z</time>
			</trkpt>
			<trkpt lat="59.94943381544581" lon="30.304002176573242">
				<ele>2.2579057589173317</ele>
				<time>2026-08-03T17:08:32Z</time>
			</trkpt>
			<trkpt lat="59.94942526461774" lon="30.303958019397662">
				<ele>2.478008506819606</ele>
				<time>2026-08-03T17:08:34Z</time>
			</trkpt>
			<trkpt lat="59.94941481954268" lon="30.303911865960632">
				<ele>2.2454234967008233</ele>
				<time>2026-08-03T17:08:36Z</time>
			</trkpt>
			<trkpt lat="59.949418634312295" lon="30.303853883249314">
				<ele>3.606375101953745</ele>
				<time>2026-08-03T17:08:38Z</time>
			</trkpt>
			<trkpt lat="59.94940451997414" lon="30.303810068136926">
				<ele>5.054218324832618</ele>
				<time>2026-08-03T17:08:40Z</time>
			</trkpt>
			<trkpt lat="59.94939542793822" lon="30.303748726093087">
				<ele>5.095304328016937</ele>
				<time>2026-08-03T17:08:43Z</time>
			</trkpt>
			<trkpt lat="59.94939068753631" lon="30.3036875947932">
				<ele>5.631714538671076</ele>
				<time>2026-08-03T17:08:45Z</time>
			</trkpt>
			<trkpt lat="59.94938919480386" lon="30.303650243727805">
				<ele>5.946725596673787</ele>
				<time>2026-08-03T17:08:47Z</time>
			</trkpt>
			<trkpt lat="59.949384732558094" lon="30.303599324005248">
				<ele>6.109462186694145</ele>
				<time>2026-08-03T17:08:50Z</time>
			</trkpt>
			<trkpt lat="59.949384077623975" lon="30.303538984817955">
				<ele>5.976527074351907</ele>
				<time>2026-08-03T17:08:52Z</time>
			</trkpt>
			<trkpt lat="59.94937948316447" lon="30.303502686534124">
				<ele>5.864414765499532</ele>
				<time>2026-08-03T17:08:53Z</time>
			</trkpt>
			<trkpt lat="59.94940301044229" lon="30.303465299265333">
				<ele>5.295562996529043</ele>
				<time>2026-08-03T17:08:55Z</time>
			</trkpt>
			<trkpt lat="59.94944174197814" lon="30.303467584698737">
				<ele>3.6807172438129783</ele>
				<time>2026-08-03T17:08:56Z</time>
			</trkpt>
			<trkpt lat="59.9494718755089" lon="30.303465124390065">
				<ele>2.4205793822184205</ele>
				<time>2026-08-03T17:08:58Z</time>
			</trkpt>
			<trkpt lat="59.949499834043536" lon="30.303459023162674">
				<ele>2.7465834449976683</ele>
				<time>2026-08-03T17:09:00Z</time>
			</trkpt>
			<trkpt lat="59.94952127274088" lon="30.303440416362992">
				<ele>2.145277806557715</ele>
				<time>2026-08-03T17:09:02Z</time>
			</trkpt>
			<trkpt lat="59.94954402526699" lon="30.303440489604423">
				<ele>2.5055620577186346</ele>
				<time>2026-08-03T17:09:03Z</time>
			</trkpt>
			<trkpt lat="59.94956478312418" lon="30.303427005732964">
				<ele>2.689327104948461</ele>
				<time>2026-08-03T17:09:04Z</time>
			</trkpt>
			<trkpt lat="59.94958400845966" lon="30.30343395324642">
				<ele>2.3689016280695796</ele>
				<time>2026-08-03T17:09:05Z</time>
			</trkpt>
			<trkpt lat="59.94960951351616" lon="30.30343583710626">
				<ele>1.8632929055020213</ele>
				<time>2026-08-03T17:09:07Z</time>
			</trkpt>
			<trkpt lat="59.949628345773" lon="30.303424585365498">
				<ele>1.7512015076354146</ele>
				<time>2026-08-03T17:09:08Z</time>
			</trkpt>
			<trkpt lat="59.94964759970567" lon="30.303428144089175">
				<ele>1.6124081322923303</ele>
				<time>2026-08-03T17:09:10Z</time>
			</trkpt>
			<trkpt lat="59.9496642922217" lon="30.303409026951382">
				<ele>3.337169848382473</ele>
				<time>2026-08-03T17:09:12Z</time>
			</trkpt>
			<trkpt lat="59.94968636674623" lon="30.303391478668686">
				<ele>3.2929285932332277</ele>
				<time>2026-08-03T17:09:13Z</time>
			</trkpt>
			<trkpt lat="59.949710535857065" lon="30.303402896728667">
				<ele>2.513934910297394</ele>
				<time>2026-08-03T17:09:15Z</time>
			</trkpt>
			<trkpt lat="59.94973171095158" lon="30.303389935900856">
				<ele>3.5628346474841237</ele>
				<time>2026-08-03T17:09:17Z</time>
			</trkpt>
			<trkpt lat="59.94975286633713" lon="30.303390284265173">
				<ele>3.600767203606665</ele>
				<time>2026-08-03T17:09:19Z</time>
			</trkpt>
			<trkpt lat="59.949782945302445" lon="30.30338420226195">
				<ele>4.446343977935612</ele>
				<time>2026-08-03T17:09:21Z</time>
			</trkpt>
			<trkpt lat="59.94981704966946" lon="30.303378072489654">
				<ele>3.973556154407561</ele>
				<time>2026-08-03T17:09:23Z</time>
			</trkpt>
			<trkpt lat="59.949840329144116" lon="30.303368938011822">
				<ele>3.5001203576102853</ele>
				<time>2026-08-03T17:09:25Z</time>
			</trkpt>
			<trkpt lat="59.94986512336096" lon="30.303359258692925">
				<ele>3.5229340866208076</ele>
				<time>2026-08-03T17:09:27Z</time>
			</trkpt>
			<trkpt lat="59.94989997825494" lon="30.303339541749377">
				<ele>3.6395642664283514</ele>
				<time>2026-08-03T17:09:29Z</time>
			</trkpt>
			<trkpt lat="59.949922035043954" lon="30.30331970758782">
				<ele>3.2159404987469316</ele>
				<time>2026-08-03T17:09:31Z</time>
			</trkpt>
			<trkpt lat="59.949948195018045" lon="30.30331441810508">
				<ele>3.404311270453036</ele>
				<time>2026-08-03T17:09:33Z</time>
			</trkpt>
			<trkpt lat="59.94997417600799" lon="30.303307396334272">
				<ele>2.4399000154808164</ele>
				<time>2026-08-03T17:09:35Z</time>
			</trkpt>
			<trkpt lat="59.94999727141207" lon="30.303316123325118">
				<ele>2.7927482025697827</ele>
				<time>2026-08-03T17:09:37Z</time>
			</trkpt>
			<trkpt lat="59.950022850368235" lon="30.303289668060614">
				<ele>3.3438582131639123</ele>
				<time>2026-08-03T17:09:39Z</time>
			</trkpt>
			<trkpt lat="59.950047739128614" lon="30.30329187917547">
				<ele>2.983801652677357</ele>
				<time>2026-08-03T17:09:41Z</time>
			</trkpt>
			<trkpt lat="59.9500681585612" lon="30.303283891321993">
				<ele>2.677412858232856</ele>
				<time>2026-08-03T17:09:43Z</time>
			</trkpt>
			<trkpt lat="59.95008778429285" lon="30.30330418910245">
				<ele>2.901903036981821</ele>
				<time>2026-08-03T17:09:44Z</time>
			</trkpt>
			<trkpt lat="59.950118764445676" lon="30.303301298024014">
				<ele>3.365956042893231</ele>
				<time>2026-08-03T17:09:46Z</time>
			</trkpt>
			<trkpt lat="59.95013755200822" lon="30.303290722896808">
				<ele>3.6987487468868494</ele>
				<time>2026-08-03T17:09:48Z</time>
			</trkpt>
			<trkpt lat="59.950161457562906" lon="30.303277356364866">
				<ele>3.6902054706588387</ele>
				<time>2026-08-03T17:09:50Z</time>
			</trkpt>
			<trkpt lat="59.95018324887495" lon="30.303280503071303">
				<ele>3.2236669091507792</ele>
				<time>2026-08-03T17:09:52Z</time>
			</trkpt>
			<trkpt lat="59.95020398037088" lon="30.3032732557296">
				<ele>3.6675149127840996</ele>
				<time>2026-08-03T17:09:54Z</time>
			</trkpt>
			<trkpt lat="59.95022308351301" lon="30.303257009461063">
				<ele>2.773687794804573</ele>
				<time>2026-08-03T17:09:56Z</time>
			</trkpt>
			<trkpt lat="59.95024359955273" lon="30.303251763073916">
				<ele>3.191106915473938</ele>
				<time>2026-08-03T17:09:58Z</time>
			</trkpt>
			<trkpt lat="59.95026525368975" lon="30.30323277233463">
				<ele>3.3999103466048837</ele>
				<time>2026-08-03T17:10:00Z</time>
			</trkpt>
			<trkpt lat="59.950294504942676" lon="30.30322446971455">
				<ele>3.282102049328387</ele>
				<time>2026-08-03T17:10:02Z</time>
			</trkpt>
			<trkpt lat="59.95032663298472" lon="30.303244488222447">
				<ele>3.494775121100247</ele>
				<time>2026-08-03T17:10:04Z</time>
			</trkpt>
			<trkpt lat="59.950340653246904" lon="30.303221353013733">
				<ele>2.97185146715492</ele>
				<time>2026-08-03T17:10:06Z</time>
			</trkpt>
			<trkpt lat="59.95036649229971" lon="30.30321520395776">
				<ele>3.5275634881109</ele>
				<time>2026-08-03T17:10:08Z</time>
			</trkpt>
			<trkpt lat="59.9503838801927" lon="30.30318932729004">
				<ele>3.1026846934109926</ele>
				<time>2026-08-03T17:10:10Z</time>
			</trkpt>
			<trkpt lat="59.95040261151682" lon="30.303238514228145">
				<ele>1.973669738508761</ele>
				<time>2026-08-03T17:10:11Z</time>
			</trkpt>
			<trkpt lat="59.95041937465932" lon="30.303224700715678">
				<ele>2.5197803555056453</ele>
				<time>2026-08-03T17:10:12Z</time>
			</trkpt>
			<trkpt lat="59.9504432681768" lon="30.303223328424146">
				<ele>3.0174091923981905</ele>
				<time>2026-08-03T17:10:14Z</time>
			</trkpt>
			<trkpt lat="59.950455688264874" lon="30.303155151760738">
				<ele>3.239930348470807</ele>
				<time>2026-08-03T17:10:15Z</time>
			</trkpt>
			<trkpt lat="59.95047230704172" lon="30.303139133705944">
				<ele>3.4900018582120538</ele>
				<time>2026-08-03T17:10:16Z</time>
			</trkpt>
			<trkpt lat="59.95050039710291" lon="30.3031147345342">
				<ele>3.653657487593591</ele>
				<time>2026-08-03T17:10:19Z</time>
			</trkpt>
			<trkpt lat="59.95051513107212" lon="30.30305850334883">
				<ele>3.776113391853869</ele>
				<time>2026-08-03T17:10:21Z</time>
			</trkpt>
			<trkpt lat="59.95053333473839" lon="30.303052751535173">
				<ele>5.167546140961349</ele>
				<time>2026-08-03T17:10:22Z</time>
			</trkpt>
			<trkpt lat="59.95055225968531" lon="30.30303682370933">
				<ele>4.231857992708683</ele>
				<time>2026-08-03T17:10:24Z</time>
			</trkpt>
			<trkpt lat="59.95057095481063" lon="30.303027868101015">
				<ele>4.184974668547511</ele>
				<time>2026-08-03T17:10:26Z</time>
			</trkpt>
			<trkpt lat="59.95059209016596" lon="30.302990237280518">
				<ele>4.20761642139405</ele>
				<time>2026-08-03T17:10:29Z</time>
			</trkpt>
			<trkpt lat="59.95061814072343" lon="30.303002015431005">
				<ele>4.858848528005183</ele>
				<time>2026-08-03T17:10:31Z</time>
			</trkpt>
			<trkpt lat="59.95064241798479" lon="30.302980779945027">
				<ele>4.7072903495281935</ele>
				<time>2026-08-03T17:10:33Z</time>
			</trkpt>
			<trkpt lat="59.950669710370235" lon="30.302956530903423">
				<ele>4.438314211554825</ele>
				<time>2026-08-03T17:10:36Z</time>
			</trkpt>
			<trkpt lat="59.95069558630046" lon="30.3029798020712">
				<ele>4.5705511858686805</ele>
				<time>2026-08-03T17:10:39Z</time>
			</trkpt>
			<trkpt lat="59.950713310567636" lon="30.30301736511685">
				<ele>4.896741311065853</ele>
				<time>2026-08-03T17:10:41Z</time>
			</trkpt>
			<trkpt lat="59.950734881111586" lon="30.30305089815483">
				<ele>4.829348086379468</ele>
				<time>2026-08-03T17:10:43Z</time>
			</trkpt>
			<trkpt lat="59.95075017115132" lon="30.303085240254255">
				<ele>5.331352028995752</ele>
				<time>2026-08-03T17:10:45Z</time>
			</trkpt>
			<trkpt lat="59.9507630890366" lon="30.303113441117347">
				<ele>5.027429376728833</ele>
				<time>2026-08-03T17:10:46Z</time>
			</trkpt>
			<trkpt lat="59.95078156458183" lon="30.30313058577266">
				<ele>5.426457134075463</ele>
				<time>2026-08-03T17:10:48Z</time>
			</trkpt>
			<trkpt lat="59.95080825601961" lon="30.303155526699282">
				<ele>4.968614410609007</ele>
				<time>2026-08-03T17:10:50Z</time>
			</trkpt>
			<trkpt lat="59.95083800691844" lon="30.3031757687799">
				<ele>6.199558585882187</ele>
				<time>2026-08-03T17:10:52Z</time>
			</trkpt>
			<trkpt lat="59.95085705440675" lon="30.30317995955528">
				<ele>6.0561781991273165</ele>
				<time>2026-08-03T17:10:53Z</time>
			</trkpt>
			<trkpt lat="59.9508651562758" lon="30.30313084261227">
				<ele>6.230540723539889</ele>
				<time>2026-08-03T17:10:56Z</time>
			</trkpt>
			<trkpt lat="59.95088696176577" lon="30.30309684837368">
				<ele>5.809501616284251</ele>
				<time>2026-08-03T17:10:58Z</time>
			</trkpt>
			<trkpt lat="59.95089328512393" lon="30.30306041083953">
				<ele>5.435005120001733</ele>
				<time>2026-08-03T17:10:59Z</time>
			</trkpt>
			<trkpt lat="59.950909854419955" lon="30.303018245348348">
				<ele>3.5429154224693775</ele>
				<time>2026-08-03T17:11:01Z</time>
			</trkpt>
			<trkpt lat="59.95092624197447" lon="30.302999669931413">
				<ele>2.445668657310307</ele>
				<time>2026-08-03T17:11:03Z</time>
			</trkpt>
			<trkpt lat="59.950948138899896" lon="30.302999295972633">
				<ele>3.0777837336063385</ele>
				<time>2026-08-03T17:11:05Z</time>
			</trkpt>
			<trkpt lat="59.950971761904896" lon="30.30297610356112">
				<ele>3.625842746347189</ele>
				<time>2026-08-03T17:11:07Z</time>
			</trkpt>
			<trkpt lat="59.95099895328293" lon="30.30294493825679">
				<ele>2.890403263270855</ele>
				<time>2026-08-03T17:11:09Z</time>
			</trkpt>
			<trkpt lat="59.951018542003006" lon="30.30290655206628">
				<ele>2.9663268011063337</ele>
				<time>2026-08-03T17:11:11Z</time>
			</trkpt>
			<trkpt lat="59.95102751192428" lon="30.302856962938552">
				<ele>3.674767568707466</ele>
				<time>2026-08-03T17:11:13Z</time>
			</trkpt>
			<trkpt lat="59.95104197447541" lon="30.302828470798378">
				<ele>4.713616064749658</ele>
				<time>2026-08-03T17:11:15Z</time>
			</trkpt>
			<trkpt lat="59.95106071179988" lon="30.302813606617807">
				<ele>4.711181974038482</ele>
				<time>2026-08-03T17:11:18Z</time>
			</trkpt>
			<trkpt lat="59.951051981900925" lon="30.302861669160613">
				<ele>3.54493891261518</ele>
				<time>2026-08-03T17:11:23Z</time>
			</trkpt>
			<trkpt lat="59.951050197781065" lon="30.302812222732722">
				<ele>2.0698151756078005</ele>
				<time>2026-08-03T17:11:27Z</time>
			</trkpt>
			<trkpt lat="59.95103827391792" lon="30.30276647189979">
				<ele>2.723207355476916</ele>
				<time>2026-08-03T17:11:29Z</time>
			</trkpt>
			<trkpt lat="59.951071986296775" lon="30.302693773698326">
				<ele>2.4292586408555508</ele>
				<time>2026-08-03T17:11:32Z</time>
			</trkpt>
			<trkpt lat="59.9510624851212" lon="30.302631198539174">
				<ele>3.1063607800751925</ele>
				<time>2026-08-03T17:11:34Z</time>
			</trkpt>
			<trkpt lat="59.95105518304089" lon="30.302561728552227">
				<ele>2.561868831515312</ele>
				<time>2026-08-03T17:11:36Z</time>
			</trkpt>
			<trkpt lat="59.95104474761166" lon="30.30244536119149">
				<ele>2.563807914033532</ele>
				<time>2026-08-03T17:11:37Z</time>
			</trkpt>
			<trkpt lat="59.95103582160132" lon="30.30248381874304">
				<ele>2.7246308298781514</ele>
				<time>2026-08-03T17:11:38Z</time>
			</trkpt>
			<trkpt lat="59.95103663512102" lon="30.302437908830058">
				<ele>2.679142002016306</ele>
				<time>2026-08-03T17:11:41Z</time>
			</trkpt>
			<trkpt lat="59.95103321079359" lon="30.302381768236906">
				<ele>2.776297281496227</ele>
				<time>2026-08-03T17:11:43Z</time>
			</trkpt>
			<trkpt lat="59.951029050544186" lon="30.302267276444663">
				<ele>2.5694543458521366</ele>
				<time>2026-08-03T17:11:45Z</time>
			</trkpt>
			<trkpt lat="59.951046304528035" lon="30.30229351934873">
				<ele>2.2874899366870522</ele>
				<time>2026-08-03T17:11:46Z</time>
			</trkpt>
			<trkpt lat="59.95105949681764" lon="30.302258097628535">
				<ele>2.432508474215865</ele>
				<time>2026-08-03T17:11:47Z</time>
			</trkpt>
			<trkpt lat="59.951044120616764" lon="30.302207955233765">
				<ele>2.3040190571919084</ele>
				<time>2026-08-03T17:11:49Z</time>
			</trkpt>
			<trkpt lat="59.95106360560685" lon="30.302180971229443">
				<ele>2.4899610364809632</ele>
				<time>2026-08-03T17:11:55Z</time>
			</trkpt>
			<trkpt lat="59.9510655924331" lon="30.30214258517665">
				<ele>1.86396508757025</ele>
				<time>2026-08-03T17:11:58Z</time>
			</trkpt>
			<trkpt lat="59.95108736013307" lon="30.302172938786093">
				<ele>3.487181296572089</ele>
				<time>2026-08-03T17:12:01Z</time>
			</trkpt>
			<trkpt lat="59.95112014016515" lon="30.30216146513705">
				<ele>3.405272106640041</ele>
				<time>2026-08-03T17:12:02Z</time>
			</trkpt>
			<trkpt lat="59.95114169504244" lon="30.302102324248512">
				<ele>3.2843482233583927</ele>
				<time>2026-08-03T17:12:05Z</time>
			</trkpt>
			<trkpt lat="59.9511305330365" lon="30.302071107834365">
				<ele>2.8740541068837047</ele>
				<time>2026-08-03T17:12:06Z</time>
			</trkpt>
			<trkpt lat="59.95116376369388" lon="30.302064966532487">
				<ele>3.063791250810027</ele>
				<time>2026-08-03T17:12:08Z</time>
			</trkpt>
			<trkpt lat="59.95116542463939" lon="30.30202795573931">
				<ele>2.9183497009798884</ele>
				<time>2026-08-03T17:12:10Z</time>
			</trkpt>
			<trkpt lat="59.951183693703065" lon="30.302032542541422">
				<ele>2.9218585854396224</ele>
				<time>2026-08-03T17:12:14Z</time>
			</trkpt>
			<trkpt lat="59.951172685706496" lon="30.30198457683698">
				<ele>2.7648736983537674</ele>
				<time>2026-08-03T17:12:16Z</time>
			</trkpt>
			<trkpt lat="59.95119983991206" lon="30.30194193418999">
				<ele>2.045773238874972</ele>
				<time>2026-08-03T17:12:19Z</time>
			</trkpt>
			<trkpt lat="59.95121831651906" lon="30.301861773530696">
				<ele>2.7124072117730975</ele>
				<time>2026-08-03T17:12:20Z</time>
			</trkpt>
			<trkpt lat="59.95124753436208" lon="30.30182597057378">
				<ele>3.2337243016809225</ele>
				<time>2026-08-03T17:12:22Z</time>
			</trkpt>
			<trkpt lat="59.9512579631492" lon="30.301862311762964">
				<ele>2.059501528739929</ele>
				<time>2026-08-03T17:12:23Z</time>
			</trkpt>
			<trkpt lat="59.951275323630526" lon="30.30185119970853">
				<ele>2.847250508144498</ele>
				<time>2026-08-03T17:12:24Z</time>
			</trkpt>
			<trkpt lat="59.95128963082533" lon="30.301794012242837">
				<ele>2.1280481070280075</ele>
				<time>2026-08-03T17:12:26Z</time>
			</trkpt>
			<trkpt lat="59.95129228142256" lon="30.30167925784383">
				<ele>3.889825894497335</ele>
				<time>2026-08-03T17:12:28Z</time>
			</trkpt>
			<trkpt lat="59.951281152876895" lon="30.301574498320967">
				<ele>4.236904107034206</ele>
				<time>2026-08-03T17:12:29Z</time>
			</trkpt>
			<trkpt lat="59.95127334939101" lon="30.301537358955983">
				<ele>4.980640973895788</ele>
				<time>2026-08-03T17:12:30Z</time>
			</trkpt>
			<trkpt lat="59.95127532954011" lon="30.301484546561987">
				<ele>6.0437131049111485</ele>
				<time>2026-08-03T17:12:31Z</time>
			</trkpt>
			<trkpt lat="59.95125729691252" lon="30.301445363913672">
				<ele>6.780816957354546</ele>
				<time>2026-08-03T17:12:33Z</time>
			</trkpt>
			<trkpt lat="59.951256462744944" lon="30.301498084313067">
				<ele>6.747941383160651</ele>
				<time>2026-08-03T17:12:36Z</time>
			</trkpt>
			<trkpt lat="59.95125537394089" lon="30.301537769398784">
				<ele>6.410431768745184</ele>
				<time>2026-08-03T17:12:37Z</time>
			</trkpt>
			<trkpt lat="59.95123373438117" lon="30.301479404443157">
				<ele>6.200032678432763</ele>
				<time>2026-08-03T17:12:38Z</time>
			</trkpt>
			<trkpt lat="59.95126661693553" lon="30.301454450595113">
				<ele>6.675251831300557</ele>
				<time>2026-08-03T17:12:40Z</time>
			</trkpt>
			<trkpt lat="59.95126908149862" lon="30.30139624015881">
				<ele>7.7838668106123805</ele>
				<time>2026-08-03T17:12:41Z</time>
			</trkpt>
			<trkpt lat="59.951256043156285" lon="30.3013499405869">
				<ele>6.993406632915139</ele>
				<time>2026-08-03T17:12:42Z</time>
			</trkpt>
			<trkpt lat="59.9512416404515" lon="30.301319700032632">
				<ele>7.076047945767641</ele>
				<time>2026-08-03T17:12:44Z</time>
			</trkpt>
			<trkpt lat="59.95122312008118" lon="30.301306305905484">
				<ele>7.300537658855319</ele>
				<time>2026-08-03T17:12:48Z</time>
			</trkpt>
			<trkpt lat="59.95144508784664" lon="30.301296031130757">
				<ele>24.388725356198847</ele>
				<time>2026-08-03T17:12:53Z</time>
			</trkpt>
			<trkpt lat="59.951141537222966" lon="30.301301144091692">
				<ele>27.773681640625</ele>
				<time>2026-08-03T17:12:58Z</time>
			</trkpt>
			<trkpt lat="59.95112295772956" lon="30.301297495814193">
				<ele>27.8470901818946</ele>
				<time>2026-08-03T17:12:59Z</time>
			</trkpt>
			<trkpt lat="59.95106913780136" lon="30.301305605355378">
				<ele>28.036129591055214</ele>
				<time>2026-08-03T17:13:00Z</time>
			</trkpt>
			<trkpt lat="59.951035311512136" lon="30.301325798914984">
				<ele>28.130953405983746</ele>
				<time>2026-08-03T17:13:01Z</time>
			</trkpt>
			<trkpt lat="59.95098001636656" lon="30.301327780580028">
				<ele>26.80716955382377</ele>
				<time>2026-08-03T17:13:02Z</time>
			</trkpt>
			<trkpt lat="59.95113949338578" lon="30.301391256785525">
				<ele>7.636605418287218</ele>
				<time>2026-08-03T17:13:03Z</time>
			</trkpt>
			<trkpt lat="59.950921030448775" lon="30.301078894828983">
				<ele>7.167366610839963</ele>
				<time>2026-08-03T17:13:04Z</time>
			</trkpt>
			<trkpt lat="59.95099094273587" lon="30.30115774613003">
				<ele>7.413279680535197</ele>
				<time>2026-08-03T17:13:05Z</time>
			</trkpt>
			<trkpt lat="59.95102678316534" lon="30.30108475519369">
				<ele>6.759673206135631</ele>
				<time>2026-08-03T17:13:07Z</time>
			</trkpt>
			<trkpt lat="59.95102844649483" lon="30.301043426457195">
				<ele>5.161651307716966</ele>
				<time>2026-08-03T17:13:08Z</time>
			</trkpt>
			<trkpt lat="59.95104007524182" lon="30.300993734433963">
				<ele>5.389482486993074</ele>
				<time>2026-08-03T17:13:10Z</time>
			</trkpt>
			<trkpt lat="59.95106714478125" lon="30.30100227367324">
				<ele>6.083363230340183</ele>
				<time>2026-08-03T17:13:12Z</time>
			</trkpt>
			<trkpt lat="59.951047025795994" lon="30.300982501822595">
				<ele>4.7099646450951695</ele>
				<time>2026-08-03T17:13:14Z</time>
			</trkpt>
			<trkpt lat="59.951035093286016" lon="30.30091779775544">
				<ele>5.356512363068759</ele>
				<time>2026-08-03T17:13:16Z</time>
			</trkpt>
			<trkpt lat="59.951039218967026" lon="30.300851047178252">
				<ele>3.6334266355261207</ele>
				<time>2026-08-03T17:13:18Z</time>
			</trkpt>
			<trkpt lat="59.95104606417513" lon="30.30081440900686">
				<ele>3.733700916171074</ele>
				<time>2026-08-03T17:13:20Z</time>
			</trkpt>
			<trkpt lat="59.95104566130451" lon="30.300762764920574">
				<ele>3.2706457283347845</ele>
				<time>2026-08-03T17:13:23Z</time>
			</trkpt>
			<trkpt lat="59.951037648890875" lon="30.300715464662375">
				<ele>1.440395088866353</ele>
				<time>2026-08-03T17:13:25Z</time>
			</trkpt>
			<trkpt lat="59.9510360597497" lon="30.300679298927808">
				<ele>0.3904931787401438</ele>
				<time>2026-08-03T17:13:26Z</time>
			</trkpt>
			<trkpt lat="59.95105365788351" lon="30.300636680306308">
				<ele>-0.5214422773569822</ele>
				<time>2026-08-03T17:13:28Z</time>
			</trkpt>
			<trkpt lat="59.951066670704435" lon="30.300591524277735">
				<ele>0.21237559337168932</ele>
				<time>2026-08-03T17:13:31Z</time>
			</trkpt>
			<trkpt lat="59.95106767950167" lon="30.300546693555443">
				<ele>1.0967038152739406</ele>
				<time>2026-08-03T17:13:33Z</time>
			</trkpt>
			<trkpt lat="59.95107090995155" lon="30.300474387582103">
				<ele>0.7334135249257088</ele>
				<time>2026-08-03T17:13:36Z</time>
			</trkpt>
			<trkpt lat="59.95108906387942" lon="30.300463952619513">
				<ele>0.7940858695656061</ele>
				<time>2026-08-03T17:13:39Z</time>
			</trkpt>
			<trkpt lat="59.95109086824121" lon="30.300425577416064">
				<ele>-0.2345658801496029</ele>
				<time>2026-08-03T17:13:40Z</time>
			</trkpt>
			<trkpt lat="59.95110482376209" lon="30.300380260591623">
				<ele>0.19770394079387188</ele>
				<time>2026-08-03T17:13:42Z</time>
			</trkpt>
			<trkpt lat="59.95111400811043" lon="30.300328917075124">
				<ele>-0.8559467690065503</ele>
				<time>2026-08-03T17:13:44Z</time>
			</trkpt>
			<trkpt lat="59.95113445680535" lon="30.300298417858425">
				<ele>-1.2472413992509246</ele>
				<time>2026-08-03T17:13:46Z</time>
			</trkpt>
			<trkpt lat="59.95113240437162" lon="30.30025227049871">
				<ele>-2.036234057508409</ele>
				<time>2026-08-03T17:13:48Z</time>
			</trkpt>
			<trkpt lat="59.95113605087781" lon="30.30021598592223">
				<ele>-1.9966972880065441</ele>
				<time>2026-08-03T17:13:50Z</time>
			</trkpt>
			<trkpt lat="59.95113031648627" lon="30.30015945409719">
				<ele>-2.7690359158441424</ele>
				<time>2026-08-03T17:13:53Z</time>
			</trkpt>
			<trkpt lat="59.9511360978511" lon="30.30009606150987">
				<ele>-3.563988876529038</ele>
				<time>2026-08-03T17:13:55Z</time>
			</trkpt>
			<trkpt lat="59.95114057598563" lon="30.300036816347756">
				<ele>-3.2454038998112082</ele>
				<time>2026-08-03T17:13:58Z</time>
			</trkpt>
			<trkpt lat="59.951132441774675" lon="30.29998079828262">
				<ele>-3.023513958789408</ele>
				<time>2026-08-03T17:14:01Z</time>
			</trkpt>
			<trkpt lat="59.95112841790233" lon="30.299922238768197">
				<ele>-3.5418939674273133</ele>
				<time>2026-08-03T17:14:03Z</time>
			</trkpt>
			<trkpt lat="59.951122900610464" lon="30.299886171229936">
				<ele>-3.967959128320217</ele>
				<time>2026-08-03T17:14:05Z</time>
			</trkpt>
			<trkpt lat="59.95112112657519" lon="30.299832863039455">
				<ele>-3.7103382563218474</ele>
				<time>2026-08-03T17:14:06Z</time>
			</trkpt>
			<trkpt lat="59.9511321015512" lon="30.299776520001846">
				<ele>-3.6145911449566483</ele>
				<time>2026-08-03T17:14:08Z</time>
			</trkpt>
			<trkpt lat="59.95115514387581" lon="30.299784416558598">
				<ele>-3.797036205418408</ele>
				<time>2026-08-03T17:14:09Z</time>
			</trkpt>
			<trkpt lat="59.95115861598549" lon="30.299748568064796">
				<ele>-3.504182228818536</ele>
				<time>2026-08-03T17:14:11Z</time>
			</trkpt>
			<trkpt lat="59.951148829906884" lon="30.29969635881409">
				<ele>-3.322858026251197</ele>
				<time>2026-08-03T17:14:13Z</time>
			</trkpt>
			<trkpt lat="59.95114100722058" lon="30.299656357018026">
				<ele>-3.1610983507707715</ele>
				<time>2026-08-03T17:14:14Z</time>
			</trkpt>
			<trkpt lat="59.95113705824352" lon="30.299595527786632">
				<ele>-2.8262624945491552</ele>
				<time>2026-08-03T17:14:16Z</time>
			</trkpt>
			<trkpt lat="59.951147979722535" lon="30.29956657817263">
				<ele>-3.239222048781812</ele>
				<time>2026-08-03T17:14:18Z</time>
			</trkpt>
			<trkpt lat="59.951154509015595" lon="30.299510250278892">
				<ele>-3.5473681008443236</ele>
				<time>2026-08-03T17:14:21Z</time>
			</trkpt>
			<trkpt lat="59.9511520731078" lon="30.299449592581645">
				<ele>-3.8954252023249865</ele>
				<time>2026-08-03T17:14:23Z</time>
			</trkpt>
			<trkpt lat="59.95115884674499" lon="30.299394247660995">
				<ele>-3.7693516993895173</ele>
				<time>2026-08-03T17:14:26Z</time>
			</trkpt>
			<trkpt lat="59.95116589935832" lon="30.299343344212073">
				<ele>-4.020015179179609</ele>
				<time>2026-08-03T17:14:29Z</time>
			</trkpt>
			<trkpt lat="59.9511648760038" lon="30.299295774651156">
				<ele>-4.164582274854183</ele>
				<time>2026-08-03T17:14:31Z</time>
			</trkpt>
			<trkpt lat="59.95115830923955" lon="30.299255045021933">
				<ele>-3.778565709479153</ele>
				<time>2026-08-03T17:14:32Z</time>
			</trkpt>
			<trkpt lat="59.951164736802546" lon="30.299193374791706">
				<ele>-4.536047711037099</ele>
				<time>2026-08-03T17:14:35Z</time>
			</trkpt>
			<trkpt lat="59.95117656467601" lon="30.29913096982187">
				<ele>-3.650417926721275</ele>
				<time>2026-08-03T17:14:37Z</time>
			</trkpt>
			<trkpt lat="59.95119611106644" lon="30.299079824263075">
				<ele>-3.875014115124941</ele>
				<time>2026-08-03T17:14:39Z</time>
			</trkpt>
			<trkpt lat="59.95122741880182" lon="30.299090465668225">
				<ele>-3.4322123248130083</ele>
				<time>2026-08-03T17:14:40Z</time>
			</trkpt>
			<trkpt lat="59.95123387192186" lon="30.299054548202758">
				<ele>-3.1876306971535087</ele>
				<time>2026-08-03T17:14:41Z</time>
			</trkpt>
			<trkpt lat="59.95124400536404" lon="30.299006644942434">
				<ele>-3.858018161728978</ele>
				<time>2026-08-03T17:14:43Z</time>
			</trkpt>
			<trkpt lat="59.95124493168373" lon="30.298928760480116">
				<ele>-3.2214837418869138</ele>
				<time>2026-08-03T17:14:46Z</time>
			</trkpt>
			<trkpt lat="59.95125428178694" lon="30.298882840994125">
				<ele>-3.285945159383118</ele>
				<time>2026-08-03T17:14:49Z</time>
			</trkpt>
			<trkpt lat="59.951254768347695" lon="30.29884662820781">
				<ele>-2.9815360410138965</ele>
				<time>2026-08-03T17:14:50Z</time>
			</trkpt>
			<trkpt lat="59.951241144453334" lon="30.298772826552064">
				<ele>-3.9355015167966485</ele>
				<time>2026-08-03T17:14:53Z</time>
			</trkpt>
			<trkpt lat="59.95123726844906" lon="30.29873666463677">
				<ele>-3.4567044684663415</ele>
				<time>2026-08-03T17:14:54Z</time>
			</trkpt>
			<trkpt lat="59.95121723560203" lon="30.298710138391797">
				<ele>-3.5984454080462456</ele>
				<time>2026-08-03T17:14:55Z</time>
			</trkpt>
			<trkpt lat="59.951196078122614" lon="30.298676542848757">
				<ele>-4.051961090415716</ele>
				<time>2026-08-03T17:14:56Z</time>
			</trkpt>
			<trkpt lat="59.95120880933933" lon="30.298627511597005">
				<ele>-3.748006393201649</ele>
				<time>2026-08-03T17:14:58Z</time>
			</trkpt>
			<trkpt lat="59.95120791710344" lon="30.298583705193053">
				<ele>-3.419227922335267</ele>
				<time>2026-08-03T17:15:00Z</time>
			</trkpt>
			<trkpt lat="59.95122002203024" lon="30.298517014767825">
				<ele>-2.3406577818095684</ele>
				<time>2026-08-03T17:15:03Z</time>
			</trkpt>
			<trkpt lat="59.95122542356931" lon="30.298477071158125">
				<ele>-2.939101878553629</ele>
				<time>2026-08-03T17:15:06Z</time>
			</trkpt>
			<trkpt lat="59.95123266446619" lon="30.29842621601198">
				<ele>-1.8198255896568298</ele>
				<time>2026-08-03T17:15:08Z</time>
			</trkpt>
			<trkpt lat="59.951243165117646" lon="30.29839349426906">
				<ele>-1.5411568526178598</ele>
				<time>2026-08-03T17:15:10Z</time>
			</trkpt>
			<trkpt lat="59.9512380595012" lon="30.29835695780296">
				<ele>-1.6208755476400256</ele>
				<time>2026-08-03T17:15:11Z</time>
			</trkpt>
			<trkpt lat="59.951237195936635" lon="30.298320620858945">
				<ele>-2.1192923337221146</ele>
				<time>2026-08-03T17:15:12Z</time>
			</trkpt>
			<trkpt lat="59.95124544669562" lon="30.29826301828419">
				<ele>-2.0994402645155787</ele>
				<time>2026-08-03T17:15:15Z</time>
			</trkpt>
			<trkpt lat="59.951232461038686" lon="30.298228635783342">
				<ele>-1.82684953417629</ele>
				<time>2026-08-03T17:15:16Z</time>
			</trkpt>
			<trkpt lat="59.95122704457586" lon="30.298187735795853">
				<ele>-0.7372247902676463</ele>
				<time>2026-08-03T17:15:18Z</time>
			</trkpt>
			<trkpt lat="59.95121840357491" lon="30.29815083773123">
				<ele>-0.07689329702407122</ele>
				<time>2026-08-03T17:15:19Z</time>
			</trkpt>
			<trkpt lat="59.95121953646423" lon="30.298112018189848">
				<ele>0.5301646897569299</ele>
				<time>2026-08-03T17:15:20Z</time>
			</trkpt>
			<trkpt lat="59.95121901908371" lon="30.298073792224116">
				<ele>0.609638774767518</ele>
				<time>2026-08-03T17:15:21Z</time>
			</trkpt>
			<trkpt lat="59.95123502873795" lon="30.298039365992093">
				<ele>0.4793866388499737</ele>
				<time>2026-08-03T17:15:24Z</time>
			</trkpt>
			<trkpt lat="59.951245971125225" lon="30.297982785568013">
				<ele>0.8181577390059829</ele>
				<time>2026-08-03T17:15:26Z</time>
			</trkpt>
			<trkpt lat="59.95125680949829" lon="30.29792723636364">
				<ele>0.1942527135834098</ele>
				<time>2026-08-03T17:15:28Z</time>
			</trkpt>
			<trkpt lat="59.95126399726048" lon="30.297871897485372">
				<ele>0.17567416559904814</ele>
				<time>2026-08-03T17:15:30Z</time>
			</trkpt>
			<trkpt lat="59.951265199688656" lon="30.297829769836966">
				<ele>-0.36419088393449783</ele>
				<time>2026-08-03T17:15:32Z</time>
			</trkpt>
			<trkpt lat="59.9512758755042" lon="30.297779754701295">
				<ele>-1.2582114357501268</ele>
				<time>2026-08-03T17:15:34Z</time>
			</trkpt>
			<trkpt lat="59.95128676534211" lon="30.29771486261948">
				<ele>0.05338603723794222</ele>
				<time>2026-08-03T17:15:37Z</time>
			</trkpt>
			<trkpt lat="59.9512952940187" lon="30.297675635649792">
				<ele>-1.3505801558494568</ele>
				<time>2026-08-03T17:15:39Z</time>
			</trkpt>
			<trkpt lat="59.95128868266211" lon="30.297612229065606">
				<ele>-1.2463501747697592</ele>
				<time>2026-08-03T17:15:41Z</time>
			</trkpt>
			<trkpt lat="59.95129678253339" lon="30.297559053490367">
				<ele>-1.8018784895539284</ele>
				<time>2026-08-03T17:15:44Z</time>
			</trkpt>
			<trkpt lat="59.95130781456351" lon="30.297506788730907">
				<ele>-0.8394796950742602</ele>
				<time>2026-08-03T17:15:46Z</time>
			</trkpt>
			<trkpt lat="59.95130731598072" lon="30.297470774011263">
				<ele>-0.7157602375373244</ele>
				<time>2026-08-03T17:15:47Z</time>
			</trkpt>
			<trkpt lat="59.951325677463004" lon="30.297432132467733">
				<ele>-1.3741703936830163</ele>
				<time>2026-08-03T17:15:49Z</time>
			</trkpt>
			<trkpt lat="59.95132443756307" lon="30.297385177098885">
				<ele>-1.4292293395847082</ele>
				<time>2026-08-03T17:15:52Z</time>
			</trkpt>
			<trkpt lat="59.951316794659284" lon="30.297351617535913">
				<ele>-1.051942117512226</ele>
				<time>2026-08-03T17:15:53Z</time>
			</trkpt>
			<trkpt lat="59.95130535996676" lon="30.297285558914798">
				<ele>-0.7634570598602295</ele>
				<time>2026-08-03T17:15:55Z</time>
			</trkpt>
			<trkpt lat="59.95130361755486" lon="30.297220797515358">
				<ele>-0.9753646366298199</ele>
				<time>2026-08-03T17:15:57Z</time>
			</trkpt>
			<trkpt lat="59.951317933775734" lon="30.297172978206863">
				<ele>-0.6339045716449618</ele>
				<time>2026-08-03T17:16:00Z</time>
			</trkpt>
			<trkpt lat="59.95135493778367" lon="30.297141396922378">
				<ele>-1.1273974273353815</ele>
				<time>2026-08-03T17:16:02Z</time>
			</trkpt>
			<trkpt lat="59.95137060945473" lon="30.297121025236137">
				<ele>-1.4227844504639506</ele>
				<time>2026-08-03T17:16:03Z</time>
			</trkpt>
			<trkpt lat="59.95139374365449" lon="30.297118545364015">
				<ele>-1.8473157370463014</ele>
				<time>2026-08-03T17:16:05Z</time>
			</trkpt>
			<trkpt lat="59.95141532746404" lon="30.29712400010862">
				<ele>-1.0629538726061583</ele>
				<time>2026-08-03T17:16:07Z</time>
			</trkpt>
			<trkpt lat="59.95143535710277" lon="30.297175971685768">
				<ele>-1.130390452221036</ele>
				<time>2026-08-03T17:16:09Z</time>
			</trkpt>
			<trkpt lat="59.951451458368446" lon="30.29720336805786">
				<ele>-0.39785522129386663</ele>
				<time>2026-08-03T17:16:11Z</time>
			</trkpt>
			<trkpt lat="59.95147251802289" lon="30.297223634674094">
				<ele>-0.022762121632695198</ele>
				<time>2026-08-03T17:16:13Z</time>
			</trkpt>
			<trkpt lat="59.95150143747342" lon="30.297232281123097">
				<ele>0.14528497122228146</ele>
				<time>2026-08-03T17:16:15Z</time>
			</trkpt>
			<trkpt lat="59.95152803455157" lon="30.297254262410238">
				<ele>0.9192636050283909</ele>
				<time>2026-08-03T17:16:17Z</time>
			</trkpt>
			<trkpt lat="59.95154407054623" lon="30.29728923320732">
				<ele>1.3120658714324236</ele>
				<time>2026-08-03T17:16:19Z</time>
			</trkpt>
			<trkpt lat="59.95156054134281" lon="30.297325458657646">
				<ele>0.797221134416759</ele>
				<time>2026-08-03T17:16:21Z</time>
			</trkpt>
			<trkpt lat="59.95157220072756" lon="30.29735340190022">
				<ele>0.7315802024677396</ele>
				<time>2026-08-03T17:16:23Z</time>
			</trkpt>
			<trkpt lat="59.951593409388465" lon="30.29736993769473">
				<ele>1.3006291585043073</ele>
				<time>2026-08-03T17:16:25Z</time>
			</trkpt>
			<trkpt lat="59.95161403936922" lon="30.297387370809552">
				<ele>2.591567740775645</ele>
				<time>2026-08-03T17:16:26Z</time>
			</trkpt>
			<trkpt lat="59.951638376839526" lon="30.297412896064007">
				<ele>3.0374957798048854</ele>
				<time>2026-08-03T17:16:28Z</time>
			</trkpt>
			<trkpt lat="59.951670490667844" lon="30.297421536560535">
				<ele>4.544109733775258</ele>
				<time>2026-08-03T17:16:30Z</time>
			</trkpt>
			<trkpt lat="59.95169281796548" lon="30.297459193308924">
				<ele>4.155176059342921</ele>
				<time>2026-08-03T17:16:32Z</time>
			</trkpt>
			<trkpt lat="59.95172063336152" lon="30.297477874117156">
				<ele>4.292901359498501</ele>
				<time>2026-08-03T17:16:34Z</time>
			</trkpt>
			<trkpt lat="59.951753925718734" lon="30.29748823294204">
				<ele>4.6453703083097935</ele>
				<time>2026-08-03T17:16:36Z</time>
			</trkpt>
			<trkpt lat="59.951774688765376" lon="30.297505596698514">
				<ele>4.887793556787074</ele>
				<time>2026-08-03T17:16:38Z</time>
			</trkpt>
			<trkpt lat="59.951800212576806" lon="30.297531303682568">
				<ele>6.073982233181596</ele>
				<time>2026-08-03T17:16:40Z</time>
			</trkpt>
			<trkpt lat="59.95181843282882" lon="30.297566835943734">
				<ele>6.168259329162538</ele>
				<time>2026-08-03T17:16:43Z</time>
			</trkpt>
			<trkpt lat="59.9518226042149" lon="30.297607440937032">
				<ele>6.743401659652591</ele>
				<time>2026-08-03T17:16:45Z</time>
			</trkpt>
			<trkpt lat="59.95184731621829" lon="30.297629496204873">
				<ele>7.625941256992519</ele>
				<time>2026-08-03T17:16:47Z</time>
			</trkpt>
			<trkpt lat="59.9518659026902" lon="30.297649104243465">
				<ele>7.4793305695056915</ele>
				<time>2026-08-03T17:16:49Z</time>
			</trkpt>
			<trkpt lat="59.951883341386555" lon="30.297660342309108">
				<ele>8.08101876359433</ele>
				<time>2026-08-03T17:16:50Z</time>
			</trkpt>
			<trkpt lat="59.951905101065854" lon="30.297709204872227">
				<ele>8.25122695043683</ele>
				<time>2026-08-03T17:16:52Z</time>
			</trkpt>
			<trkpt lat="59.951945563235086" lon="30.297706736614362">
				<ele>9.853443216532469</ele>
				<time>2026-08-03T17:16:54Z</time>
			</trkpt>
			<trkpt lat="59.95196612861083" lon="30.297710147497607">
				<ele>10.841373921371996</ele>
				<time>2026-08-03T17:16:55Z</time>
			</trkpt>
			<trkpt lat="59.95199652932052" lon="30.297714687635253">
				<ele>12.389798071235418</ele>
				<time>2026-08-03T17:16:56Z</time>
			</trkpt>
			<trkpt lat="59.95201457095303" lon="30.2977164865205">
				<ele>12.379711508750916</ele>
				<time>2026-08-03T17:16:57Z</time>
			</trkpt>
			<trkpt lat="59.95204414580547" lon="30.29773230593177">
				<ele>13.670254973694682</ele>
				<time>2026-08-03T17:16:59Z</time>
			</trkpt>
			<trkpt lat="59.95206152514622" lon="30.29774148918455">
				<ele>13.706254232674837</ele>
				<time>2026-08-03T17:17:01Z</time>
			</trkpt>
			<trkpt lat="59.95208412333641" lon="30.297751833058182">
				<ele>14.666193814016879</ele>
				<time>2026-08-03T17:17:03Z</time>
			</trkpt>
			<trkpt lat="59.95211443596991" lon="30.297763729655607">
				<ele>16.391907875426114</ele>
				<time>2026-08-03T17:17:05Z</time>
			</trkpt>
			<trkpt lat="59.95212928441189" lon="30.297795776988842">
				<ele>15.419217196293175</ele>
				<time>2026-08-03T17:17:07Z</time>
			</trkpt>
			<trkpt lat="59.95214846477772" lon="30.29780280409293">
				<ele>15.169832256622612</ele>
				<time>2026-08-03T17:17:08Z</time>
			</trkpt>
			<trkpt lat="59.95216753770837" lon="30.29782345219235">
				<ele>15.644299231469631</ele>
				<time>2026-08-03T17:17:11Z</time>
			</trkpt>
			<trkpt lat="59.952178471761535" lon="30.29786803582598">
				<ele>16.220177624374628</ele>
				<time>2026-08-03T17:17:14Z</time>
			</trkpt>
			<trkpt lat="59.95219467000888" lon="30.29790392697076">
				<ele>15.981175975874066</ele>
				<time>2026-08-03T17:17:17Z</time>
			</trkpt>
			<trkpt lat="59.952206655349784" lon="30.298025673340558">
				<ele>14.636890642344952</ele>
				<time>2026-08-03T17:17:18Z</time>
			</trkpt>
			<trkpt lat="59.952207695038204" lon="30.298095195901258">
				<ele>11.773560632951558</ele>
				<time>2026-08-03T17:17:19Z</time>
			</trkpt>
			<trkpt lat="59.952200462937085" lon="30.298141056065866">
				<ele>12.481163084506989</ele>
				<time>2026-08-03T17:17:20Z</time>
			</trkpt>
			<trkpt lat="59.95218580068806" lon="30.298180495191197">
				<ele>11.338087148033082</ele>
				<time>2026-08-03T17:17:21Z</time>
			</trkpt>
			<trkpt lat="59.95217445321434" lon="30.298252360921317">
				<ele>11.034844283945858</ele>
				<time>2026-08-03T17:17:23Z</time>
			</trkpt>
			<trkpt lat="59.952165320872204" lon="30.29830253294697">
				<ele>10.173795678652823</ele>
				<time>2026-08-03T17:17:24Z</time>
			</trkpt>
			<trkpt lat="59.952160268535586" lon="30.298360106149104">
				<ele>9.954078843817115</ele>
				<time>2026-08-03T17:17:26Z</time>
			</trkpt>
			<trkpt lat="59.95215484829112" lon="30.298439595718275">
				<ele>8.904967926442623</ele>
				<time>2026-08-03T17:17:29Z</time>
			</trkpt>
			<trkpt lat="59.9521477078586" lon="30.298511998620686">
				<ele>8.534229824319482</ele>
				<time>2026-08-03T17:17:31Z</time>
			</trkpt>
			<trkpt lat="59.95213703716845" lon="30.2985516529242">
				<ele>7.237317928113043</ele>
				<time>2026-08-03T17:17:32Z</time>
			</trkpt>
			<trkpt lat="59.95213805216717" lon="30.298591756572975">
				<ele>6.928250721655786</ele>
				<time>2026-08-03T17:17:35Z</time>
			</trkpt>
			<trkpt lat="59.95217004853513" lon="30.298578408409384">
				<ele>5.885119448415935</ele>
				<time>2026-08-03T17:17:37Z</time>
			</trkpt>
			<trkpt lat="59.95218635208445" lon="30.298622570488075">
				<ele>6.91149530466646</ele>
				<time>2026-08-03T17:17:38Z</time>
			</trkpt>
			<trkpt lat="59.95218788849336" lon="30.298661618624745">
				<ele>5.918250099755824</ele>
				<time>2026-08-03T17:17:40Z</time>
			</trkpt>
			<trkpt lat="59.952184143928406" lon="30.298716095627693">
				<ele>5.280380006879568</ele>
				<time>2026-08-03T17:17:42Z</time>
			</trkpt>
			<trkpt lat="59.95215059251412" lon="30.298763639789506">
				<ele>5.475550541654229</ele>
				<time>2026-08-03T17:17:44Z</time>
			</trkpt>
			<trkpt lat="59.952143972517035" lon="30.298797745850397">
				<ele>5.722692064940929</ele>
				<time>2026-08-03T17:17:46Z</time>
			</trkpt>
			<trkpt lat="59.952122519320696" lon="30.298859016470665">
				<ele>5.920586397871375</ele>
				<time>2026-08-03T17:17:48Z</time>
			</trkpt>
			<trkpt lat="59.95214792098776" lon="30.298855494030455">
				<ele>6.624567528255284</ele>
				<time>2026-08-03T17:17:49Z</time>
			</trkpt>
			<trkpt lat="59.952145275518575" lon="30.298913106829513">
				<ele>7.603253881447017</ele>
				<time>2026-08-03T17:17:51Z</time>
			</trkpt>
			<trkpt lat="59.95213025157121" lon="30.298962185208136">
				<ele>7.730411489494145</ele>
				<time>2026-08-03T17:17:53Z</time>
			</trkpt>
			<trkpt lat="59.95212516966124" lon="30.29901075902514">
				<ele>7.274550066329539</ele>
				<time>2026-08-03T17:17:56Z</time>
			</trkpt>
			<trkpt lat="59.952111684370244" lon="30.29905669510104">
				<ele>7.046689187176526</ele>
				<time>2026-08-03T17:17:57Z</time>
			</trkpt>
			<trkpt lat="59.95210556695218" lon="30.299101373913757">
				<ele>7.922307747416198</ele>
				<time>2026-08-03T17:17:58Z</time>
			</trkpt>
			<trkpt lat="59.952097132886735" lon="30.299142987992756">
				<ele>7.826203184202313</ele>
				<time>2026-08-03T17:18:00Z</time>
			</trkpt>
			<trkpt lat="59.95208750084484" lon="30.299174132886655">
				<ele>6.750159438699484</ele>
				<time>2026-08-03T17:18:02Z</time>
			</trkpt>
			<trkpt lat="59.952076831265686" lon="30.299221358370243">
				<ele>7.2840803088620305</ele>
				<time>2026-08-03T17:18:04Z</time>
			</trkpt>
			<trkpt lat="59.952079229127236" lon="30.299282895974088">
				<ele>7.488949499092996</ele>
				<time>2026-08-03T17:18:06Z</time>
			</trkpt>
			<trkpt lat="59.952089824194296" lon="30.29931743336276">
				<ele>7.742184084840119</ele>
				<time>2026-08-03T17:18:08Z</time>
			</trkpt>
			<trkpt lat="59.95208259616118" lon="30.29935666349534">
				<ele>6.536476037465036</ele>
				<time>2026-08-03T17:18:10Z</time>
			</trkpt>
			<trkpt lat="59.95207481499502" lon="30.299401574385953">
				<ele>6.505958342924714</ele>
				<time>2026-08-03T17:18:12Z</time>
			</trkpt>
			<trkpt lat="59.95206201412658" lon="30.299438431764358">
				<ele>6.661193805746734</ele>
				<time>2026-08-03T17:18:13Z</time>
			</trkpt>
			<trkpt lat="59.95206418774072" lon="30.29948013653025">
				<ele>6.899062490090728</ele>
				<time>2026-08-03T17:18:15Z</time>
			</trkpt>
			<trkpt lat="59.95206687097502" lon="30.29952153941669">
				<ele>7.269524806179106</ele>
				<time>2026-08-03T17:18:17Z</time>
			</trkpt>
			<trkpt lat="59.95203532296874" lon="30.299564993712057">
				<ele>5.913181052543223</ele>
				<time>2026-08-03T17:18:21Z</time>
			</trkpt>
			<trkpt lat="59.95203350900229" lon="30.299611257202233">
				<ele>6.432690478861332</ele>
				<time>2026-08-03T17:18:23Z</time>
			</trkpt>
			<trkpt lat="59.95201901732917" lon="30.299668482365284">
				<ele>7.21925731934607</ele>
				<time>2026-08-03T17:18:27Z</time>
			</trkpt>
			<trkpt lat="59.952019066353955" lon="30.29971779283126">
				<ele>7.750142061151564</ele>
				<time>2026-08-03T17:18:30Z</time>
			</trkpt>
			<trkpt lat="59.95202138517319" lon="30.299763637620817">
				<ele>10.265953891910613</ele>
				<time>2026-08-03T17:18:34Z</time>
			</trkpt>
			<trkpt lat="59.95202543597245" lon="30.299799404829244">
				<ele>9.60437488462776</ele>
				<time>2026-08-03T17:18:35Z</time>
			</trkpt>
			<trkpt lat="59.95202984568881" lon="30.2998696206872">
				<ele>11.974381674081087</ele>
				<time>2026-08-03T17:18:37Z</time>
			</trkpt>
			<trkpt lat="59.952037456513764" lon="30.299909811877143">
				<ele>13.890337689779699</ele>
				<time>2026-08-03T17:18:39Z</time>
			</trkpt>
			<trkpt lat="59.95204216389417" lon="30.29995519726732">
				<ele>15.324900289066136</ele>
				<time>2026-08-03T17:18:41Z</time>
			</trkpt>
			<trkpt lat="59.95203424946727" lon="30.300021076696236">
				<ele>16.058437338098884</ele>
				<time>2026-08-03T17:18:43Z</time>
			</trkpt>
			<trkpt lat="59.9520167399822" lon="30.30007902762557">
				<ele>16.50026777945459</ele>
				<time>2026-08-03T17:18:46Z</time>
			</trkpt>
			<trkpt lat="59.952003627331095" lon="30.300114040353538">
				<ele>15.62874208856374</ele>
				<time>2026-08-03T17:18:48Z</time>
			</trkpt>
			<trkpt lat="59.95200106891145" lon="30.30015337922263">
				<ele>15.426657813601196</ele>
				<time>2026-08-03T17:18:50Z</time>
			</trkpt>
			<trkpt lat="59.95198377870495" lon="30.300188477989213">
				<ele>14.40372540615499</ele>
				<time>2026-08-03T17:18:53Z</time>
			</trkpt>
			<trkpt lat="59.95197674771212" lon="30.300245204861962">
				<ele>14.099339910782874</ele>
				<time>2026-08-03T17:18:57Z</time>
			</trkpt>
			<trkpt lat="59.95196688975802" lon="30.300283933369514">
				<ele>13.900136546231806</ele>
				<time>2026-08-03T17:18:59Z</time>
			</trkpt>
			<trkpt lat="59.951942964081354" lon="30.30031606115621">
				<ele>14.289467895403504</ele>
				<time>2026-08-03T17:19:01Z</time>
			</trkpt>
			<trkpt lat="59.95192860847857" lon="30.300342257739118">
				<ele>13.85213002935052</ele>
				<time>2026-08-03T17:19:02Z</time>
			</trkpt>
			<trkpt lat="59.95192009254304" lon="30.300375593626434">
				<ele>13.748257216066122</ele>
				<time>2026-08-03T17:19:04Z</time>
			</trkpt>
			<trkpt lat="59.951905423520145" lon="30.300403953754092">
				<ele>13.251601724885404</ele>
				<time>2026-08-03T17:19:05Z</time>
			</trkpt>
			<trkpt lat="59.95189862147367" lon="30.300449519427733">
				<ele>12.630440020002425</ele>
				<time>2026-08-03T17:19:07Z</time>
			</trkpt>
			<trkpt lat="59.95187852071028" lon="30.300499027270106">
				<ele>12.895889143459499</ele>
				<time>2026-08-03T17:19:09Z</time>
			</trkpt>
			<trkpt lat="59.951899369389466" lon="30.300495747243495">
				<ele>12.727539452724159</ele>
				<time>2026-08-03T17:19:13Z</time>
			</trkpt>
			<trkpt lat="59.95188729140424" lon="30.300524336831035">
				<ele>12.57647317275405</ele>
				<time>2026-08-03T17:19:14Z</time>
			</trkpt>
			<trkpt lat="59.9518736093177" lon="30.300498446352886">
				<ele>12.600868587382138</ele>
				<time>2026-08-03T17:19:15Z</time>
			</trkpt>
			<trkpt lat="59.951906401246305" lon="30.300469796409896">
				<ele>12.438938742503524</ele>
				<time>2026-08-03T17:19:16Z</time>
			</trkpt>
			<trkpt lat="59.95192711653641" lon="30.300522377835698">
				<ele>12.588021494448185</ele>
				<time>2026-08-03T17:19:18Z</time>
			</trkpt>
			<trkpt lat="59.95195882027843" lon="30.300574987249636">
				<ele>12.863927158527076</ele>
				<time>2026-08-03T17:19:19Z</time>
			</trkpt>
			<trkpt lat="59.95198423134831" lon="30.30057373465742">
				<ele>12.211410524323583</ele>
				<time>2026-08-03T17:19:21Z</time>
			</trkpt>
			<trkpt lat="59.952001326967434" lon="30.300546966942825">
				<ele>11.716197495348752</ele>
				<time>2026-08-03T17:19:25Z</time>
			</trkpt>
			<trkpt lat="59.95201111263386" lon="30.300611317156406">
				<ele>12.595836900174618</ele>
				<time>2026-08-03T17:19:26Z</time>
			</trkpt>
			<trkpt lat="59.952006305649945" lon="30.300622492681292">
				<ele>13.171324032358825</ele>
				<time>2026-08-03T17:19:27Z</time>
			</trkpt>
			<trkpt lat="59.95204210409179" lon="30.300741170704125">
				<ele>11.852049870416522</ele>
				<time>2026-08-03T17:19:29Z</time>
			</trkpt>
			<trkpt lat="59.952052338175015" lon="30.300772195195535">
				<ele>12.184270049445331</ele>
				<time>2026-08-03T17:19:30Z</time>
			</trkpt>
			<trkpt lat="59.95209842433926" lon="30.300859533048285">
				<ele>12.219354316592216</ele>
				<time>2026-08-03T17:19:31Z</time>
			</trkpt>
			<trkpt lat="59.95211939492939" lon="30.30085487551465">
				<ele>12.39169082697481</ele>
				<time>2026-08-03T17:19:32Z</time>
			</trkpt>
			<trkpt lat="59.95214238328485" lon="30.30085494762296">
				<ele>11.0538893295452</ele>
				<time>2026-08-03T17:19:34Z</time>
			</trkpt>
			<trkpt lat="59.952167780163236" lon="30.30091746455424">
				<ele>11.713423830457032</ele>
				<time>2026-08-03T17:19:35Z</time>
			</trkpt>
			<trkpt lat="59.9521969701139" lon="30.300884895554354">
				<ele>11.243241645395756</ele>
				<time>2026-08-03T17:19:37Z</time>
			</trkpt>
			<trkpt lat="59.95222210567229" lon="30.300827884289845">
				<ele>12.12921263370663</ele>
				<time>2026-08-03T17:19:38Z</time>
			</trkpt>
			<trkpt lat="59.95224121030437" lon="30.300807169470637">
				<ele>11.91091888397932</ele>
				<time>2026-08-03T17:19:40Z</time>
			</trkpt>
			<trkpt lat="59.95226469498914" lon="30.300808370744505">
				<ele>11.550483052618802</ele>
				<time>2026-08-03T17:19:42Z</time>
			</trkpt>
			<trkpt lat="59.95228438462435" lon="30.30078825119184">
				<ele>11.158483737148345</ele>
				<time>2026-08-03T17:19:45Z</time>
			</trkpt>
			<trkpt lat="59.952312522470564" lon="30.300777967044322">
				<ele>11.625649219378829</ele>
				<time>2026-08-03T17:19:47Z</time>
			</trkpt>
			<trkpt lat="59.9523407642133" lon="30.300796229496054">
				<ele>11.51068945787847</ele>
				<time>2026-08-03T17:19:48Z</time>
			</trkpt>
			<trkpt lat="59.95235283810085" lon="30.300767423096037">
				<ele>10.832886321470141</ele>
				<time>2026-08-03T17:19:52Z</time>
			</trkpt>
			<trkpt lat="59.952363961168054" lon="30.300795899634732">
				<ele>10.566625833511353</ele>
				<time>2026-08-03T17:19:53Z</time>
			</trkpt>
			<trkpt lat="59.952388917536986" lon="30.300793873544105">
				<ele>10.666362103074789</ele>
				<time>2026-08-03T17:19:55Z</time>
			</trkpt>
			<trkpt lat="59.952419109830835" lon="30.300769954499845">
				<ele>10.740418308414519</ele>
				<time>2026-08-03T17:19:57Z</time>
			</trkpt>
			<trkpt lat="59.95245449737016" lon="30.300791013109237">
				<ele>10.374827637337148</ele>
				<time>2026-08-03T17:19:59Z</time>
			</trkpt>
			<trkpt lat="59.95247455754969" lon="30.300799187833366">
				<ele>10.939014399424195</ele>
				<time>2026-08-03T17:20:01Z</time>
			</trkpt>
			<trkpt lat="59.95249691361545" lon="30.300816300902152">
				<ele>10.100514349527657</ele>
				<time>2026-08-03T17:20:03Z</time>
			</trkpt>
			<trkpt lat="59.952529904515465" lon="30.300839321950754">
				<ele>10.622419999912381</ele>
				<time>2026-08-03T17:20:08Z</time>
			</trkpt>
			<trkpt lat="59.95257128018775" lon="30.300859897533638">
				<ele>10.741052346304059</ele>
				<time>2026-08-03T17:20:10Z</time>
			</trkpt>
			<trkpt lat="59.95261349076777" lon="30.300943898134623">
				<ele>11.10286091081798</ele>
				<time>2026-08-03T17:20:12Z</time>
			</trkpt>
			<trkpt lat="59.952622054895286" lon="30.30088641904501">
				<ele>10.8604139611125</ele>
				<time>2026-08-03T17:20:14Z</time>
			</trkpt>
			<trkpt lat="59.9526466741843" lon="30.30090605681915">
				<ele>10.671027700416744</ele>
				<time>2026-08-03T17:20:15Z</time>
			</trkpt>
			<trkpt lat="59.95269392871427" lon="30.300935538999656">
				<ele>11.568424369208515</ele>
				<time>2026-08-03T17:20:19Z</time>
			</trkpt>
			<trkpt lat="59.95271711339886" lon="30.30089472108845">
				<ele>11.885431735776365</ele>
				<time>2026-08-03T17:20:21Z</time>
			</trkpt>
			<trkpt lat="59.9527402298476" lon="30.300878975694552">
				<ele>9.094272493384778</ele>
				<time>2026-08-03T17:20:26Z</time>
			</trkpt>
			<trkpt lat="59.95274127514729" lon="30.300950134969117">
				<ele>10.643594926223159</ele>
				<time>2026-08-03T17:20:28Z</time>
			</trkpt>
			<trkpt lat="59.952757476146324" lon="30.30092403451001">
				<ele>10.262298993766308</ele>
				<time>2026-08-03T17:20:29Z</time>
			</trkpt>
			<trkpt lat="59.95273424424775" lon="30.300877975047204">
				<ele>4.917368095368147</ele>
				<time>2026-08-03T17:20:32Z</time>
			</trkpt>
			<trkpt lat="59.952718702012966" lon="30.30084739590628">
				<ele>2.0976732103154063</ele>
				<time>2026-08-03T17:20:35Z</time>
			</trkpt>
			<trkpt lat="59.95269716220323" lon="30.30083210805563">
				<ele>2.1707766503095627</ele>
				<time>2026-08-03T17:20:41Z</time>
			</trkpt>
			<trkpt lat="59.9526879390035" lon="30.30079747849997">
				<ele>3.726000393740833</ele>
				<time>2026-08-03T17:20:50Z</time>
			</trkpt>
			<trkpt lat="59.952680257949204" lon="30.300744504454872">
				<ele>3.261954389512539</ele>
				<time>2026-08-03T17:20:53Z</time>
			</trkpt>
			<trkpt lat="59.95266856809147" lon="30.30069634042636">
				<ele>3.254607241600752</ele>
				<time>2026-08-03T17:20:55Z</time>
			</trkpt>
			<trkpt lat="59.95263901536259" lon="30.300659176907033">
				<ele>4.039794321171939</ele>
				<time>2026-08-03T17:20:58Z</time>
			</trkpt>
			<trkpt lat="59.95264675633992" lon="30.30062351950881">
				<ele>4.388535097241402</ele>
				<time>2026-08-03T17:20:59Z</time>
			</trkpt>
			<trkpt lat="59.952626131756006" lon="30.300602209030863">
				<ele>3.513914156705141</ele>
				<time>2026-08-03T17:21:01Z</time>
			</trkpt>
			<trkpt lat="59.95261064259262" lon="30.300583160893186">
				<ele>4.696751644834876</ele>
				<time>2026-08-03T17:21:02Z</time>
			</trkpt>
			<trkpt lat="59.95258979508171" lon="30.3005734975624">
				<ele>3.9188419869169593</ele>
				<time>2026-08-03T17:21:04Z</time>
			</trkpt>
			<trkpt lat="59.95257614130185" lon="30.3006125356186">
				<ele>5.11889364477247</ele>
				<time>2026-08-03T17:21:06Z</time>
			</trkpt>
			<trkpt lat="59.95254823696591" lon="30.300650889329052">
				<ele>5.423207987099886</ele>
				<time>2026-08-03T17:21:12Z</time>
			</trkpt>
			<trkpt lat="59.952521823152786" lon="30.300633468757336">
				<ele>4.774211226031184</ele>
				<time>2026-08-03T17:21:13Z</time>
			</trkpt>
			<trkpt lat="59.95249514522108" lon="30.300621230041305">
				<ele>5.528994096443057</ele>
				<time>2026-08-03T17:21:14Z</time>
			</trkpt>
			<trkpt lat="59.952477402067515" lon="30.300609521232584">
				<ele>5.214771598577499</ele>
				<time>2026-08-03T17:21:15Z</time>
			</trkpt>
			<trkpt lat="59.95245184804138" lon="30.30058474611303">
				<ele>5.749467920511961</ele>
				<time>2026-08-03T17:21:17Z</time>
			</trkpt>
			<trkpt lat="59.952493963046614" lon="30.300613382837437">
				<ele>4.986860669218004</ele>
				<time>2026-08-03T17:21:24Z</time>
			</trkpt>
			<trkpt lat="59.952510272705375" lon="30.300629368856196">
				<ele>3.3159345062449574</ele>
				<time>2026-08-03T17:21:25Z</time>
			</trkpt>
			<trkpt lat="59.95253202519763" lon="30.300649713448223">
				<ele>3.3085646517574787</ele>
				<time>2026-08-03T17:21:27Z</time>
			</trkpt>
			<trkpt lat="59.9525571262613" lon="30.300655949711846">
				<ele>2.1141665996983647</ele>
				<time>2026-08-03T17:21:29Z</time>
			</trkpt>
			<trkpt lat="59.95257774361688" lon="30.300664607990345">
				<ele>1.0544578740373254</ele>
				<time>2026-08-03T17:21:31Z</time>
			</trkpt>
			<trkpt lat="59.95261065136824" lon="30.30066239518955">
				<ele>0.14544574078172445</ele>
				<time>2026-08-03T17:21:35Z</time>
			</trkpt>
			<trkpt lat="59.95262184703984" lon="30.30072533023081">
				<ele>0.05224032327532768</ele>
				<time>2026-08-03T17:21:37Z</time>
			</trkpt>
			<trkpt lat="59.952645682635264" lon="30.300754899441547">
				<ele>0.08224827237427235</ele>
				<time>2026-08-03T17:21:39Z</time>
			</trkpt>
			<trkpt lat="59.95264684388378" lon="30.300800739084536">
				<ele>-0.8453674465417862</ele>
				<time>2026-08-03T17:21:41Z</time>
			</trkpt>
			<trkpt lat="59.952665590828666" lon="30.300848673765813">
				<ele>-0.8683240534737706</ele>
				<time>2026-08-03T17:21:44Z</time>
			</trkpt>
			<trkpt lat="59.95265217913908" lon="30.30089069234582">
				<ele>-0.7758255340158939</ele>
				<time>2026-08-03T17:21:45Z</time>
			</trkpt>
			<trkpt lat="59.952665684232244" lon="30.300926597306013">
				<ele>-1.0537168234586716</ele>
				<time>2026-08-03T17:21:48Z</time>
			</trkpt>
			<trkpt lat="59.95269923747952" lon="30.30091937539137">
				<ele>-1.4439667789265513</ele>
				<time>2026-08-03T17:21:49Z</time>
			</trkpt>
			<trkpt lat="59.952687999507084" lon="30.30096330077787">
				<ele>-1.7343332804739475</ele>
				<time>2026-08-03T17:21:51Z</time>
			</trkpt>
			<trkpt lat="59.95268042716452" lon="30.3010077854681">
				<ele>-0.26208594255149364</ele>
				<time>2026-08-03T17:21:52Z</time>
			</trkpt>
			<trkpt lat="59.9526746465496" lon="30.30104413733053">
				<ele>-0.4914684696123004</ele>
				<time>2026-08-03T17:21:53Z</time>
			</trkpt>
			<trkpt lat="59.95270130294187" lon="30.301048893098375">
				<ele>-0.7900707488879561</ele>
				<time>2026-08-03T17:21:55Z</time>
			</trkpt>
			<trkpt lat="59.95271544897803" lon="30.30108662412328">
				<ele>-1.5038475319743156</ele>
				<time>2026-08-03T17:21:59Z</time>
			</trkpt>
			<trkpt lat="59.95266917206946" lon="30.301071173018602">
				<ele>-2.005402497947216</ele>
				<time>2026-08-03T17:22:00Z</time>
			</trkpt>
			<trkpt lat="59.95266526317757" lon="30.301117077443028">
				<ele>-2.00625510327518</ele>
				<time>2026-08-03T17:22:02Z</time>
			</trkpt>
			<trkpt lat="59.95264302554916" lon="30.30116258890735">
				<ele>-1.493332639336586</ele>
				<time>2026-08-03T17:22:03Z</time>
			</trkpt>
			<trkpt lat="59.95263752971009" lon="30.30123077610065">
				<ele>-2.235238393768668</ele>
				<time>2026-08-03T17:22:05Z</time>
			</trkpt>
			<trkpt lat="59.95265088814722" lon="30.30125814790367">
				<ele>-1.209191613830626</ele>
				<time>2026-08-03T17:22:06Z</time>
			</trkpt>
			<trkpt lat="59.95264473620674" lon="30.301292011738376">
				<ele>-1.1957073267549276</ele>
				<time>2026-08-03T17:22:07Z</time>
			</trkpt>
			<trkpt lat="59.952633128367125" lon="30.301321360404312">
				<ele>-1.69083690084517</ele>
				<time>2026-08-03T17:22:09Z</time>
			</trkpt>
			<trkpt lat="59.9526159316799" lon="30.301383159320316">
				<ele>-1.7013690900057554</ele>
				<time>2026-08-03T17:22:12Z</time>
			</trkpt>
			<trkpt lat="59.95262052196499" lon="30.30144481748453">
				<ele>-1.513858431018889</ele>
				<time>2026-08-03T17:22:14Z</time>
			</trkpt>
			<trkpt lat="59.95260854740467" lon="30.30147697486155">
				<ele>-2.6389765609055758</ele>
				<time>2026-08-03T17:22:15Z</time>
			</trkpt>
			<trkpt lat="59.952612229664005" lon="30.301521572503038">
				<ele>-2.3235091660171747</ele>
				<time>2026-08-03T17:22:17Z</time>
			</trkpt>
			<trkpt lat="59.95260481980189" lon="30.301591026063697">
				<ele>-2.692258202470839</ele>
				<time>2026-08-03T17:22:19Z</time>
			</trkpt>
			<trkpt lat="59.95259278371842" lon="30.301622982095587">
				<ele>-1.2220388539135456</ele>
				<time>2026-08-03T17:22:21Z</time>
			</trkpt>
			<trkpt lat="59.95258641024133" lon="30.30166775383032">
				<ele>-1.2301699314266443</ele>
				<time>2026-08-03T17:22:23Z</time>
			</trkpt>
			<trkpt lat="59.952569349312476" lon="30.30167962370773">
				<ele>-0.596366292797029</ele>
				<time>2026-08-03T17:22:25Z</time>
			</trkpt>
			<trkpt lat="59.95255933507679" lon="30.301713966040587">
				<ele>-0.5773492837324739</ele>
				<time>2026-08-03T17:22:27Z</time>
			</trkpt>
			<trkpt lat="59.95254328022001" lon="30.301751491465716">
				<ele>-0.9257539780810475</ele>
				<time>2026-08-03T17:22:29Z</time>
			</trkpt>
			<trkpt lat="59.95253101956245" lon="30.301793160062637">
				<ele>-0.781253389082849</ele>
				<time>2026-08-03T17:22:31Z</time>
			</trkpt>
			<trkpt lat="59.95250750681217" lon="30.3018289340603">
				<ele>-1.2573585025966167</ele>
				<time>2026-08-03T17:22:32Z</time>
			</trkpt>
			<trkpt lat="59.95249173222521" lon="30.301855709244933">
				<ele>-1.1250649420544505</ele>
				<time>2026-08-03T17:22:35Z</time>
			</trkpt>
			<trkpt lat="59.95247515671649" lon="30.301887261542912">
				<ele>-0.8923839321359992</ele>
				<time>2026-08-03T17:22:37Z</time>
			</trkpt>
			<trkpt lat="59.95247557330681" lon="30.301923794149225">
				<ele>-1.7833195319399238</ele>
				<time>2026-08-03T17:22:39Z</time>
			</trkpt>
			<trkpt lat="59.95245492173851" lon="30.301940051194357">
				<ele>-0.4024169584736228</ele>
				<time>2026-08-03T17:22:40Z</time>
			</trkpt>
			<trkpt lat="59.95243991653164" lon="30.30196672086483">
				<ele>-1.420546643435955</ele>
				<time>2026-08-03T17:22:42Z</time>
			</trkpt>
			<trkpt lat="59.95242178365658" lon="30.301987297796153">
				<ele>-1.4805684415623546</ele>
				<time>2026-08-03T17:22:43Z</time>
			</trkpt>
			<trkpt lat="59.95247393666611" lon="30.302049990034547">
				<ele>-0.25598684418946505</ele>
				<time>2026-08-03T17:22:45Z</time>
			</trkpt>
			<trkpt lat="59.95246791980449" lon="30.30210359671651">
				<ele>-0.15932372584939003</ele>
				<time>2026-08-03T17:22:47Z</time>
			</trkpt>
			<trkpt lat="59.952456705905604" lon="30.302147409966306">
				<ele>0.6247267294675112</ele>
				<time>2026-08-03T17:22:48Z</time>
			</trkpt>
			<trkpt lat="59.952442882234784" lon="30.302189020507353">
				<ele>0.5020938506349921</ele>
				<time>2026-08-03T17:22:49Z</time>
			</trkpt>
			<trkpt lat="59.95241800912059" lon="30.302205687554434">
				<ele>1.409981733188033</ele>
				<time>2026-08-03T17:22:52Z</time>
			</trkpt>
			<trkpt lat="59.952399971346544" lon="30.302257817634597">
				<ele>0.7171931937336922</ele>
				<time>2026-08-03T17:22:54Z</time>
			</trkpt>
			<trkpt lat="59.95240675280575" lon="30.302295385358672">
				<ele>0.814771912060678</ele>
				<time>2026-08-03T17:22:55Z</time>
			</trkpt>
			<trkpt lat="59.952402348271306" lon="30.302333523400208">
				<ele>0.9008293300867081</ele>
				<time>2026-08-03T17:22:57Z</time>
			</trkpt>
			<trkpt lat="59.952386110451776" lon="30.302360378137077">
				<ele>1.2505061561241746</ele>
				<time>2026-08-03T17:22:58Z</time>
			</trkpt>
			<trkpt lat="59.95237209434747" lon="30.302388960541254">
				<ele>1.3639408396556973</ele>
				<time>2026-08-03T17:22:59Z</time>
			</trkpt>
			<trkpt lat="59.95237791599127" lon="30.30242562516867">
				<ele>1.183017946779728</ele>
				<time>2026-08-03T17:23:01Z</time>
			</trkpt>
			<trkpt lat="59.95237081616586" lon="30.30246208701415">
				<ele>1.2267113653942943</ele>
				<time>2026-08-03T17:23:02Z</time>
			</trkpt>
			<trkpt lat="59.9523646743739" lon="30.302500461007874">
				<ele>0.7478844448924065</ele>
				<time>2026-08-03T17:23:03Z</time>
			</trkpt>
			<trkpt lat="59.952355449867945" lon="30.302548279978925">
				<ele>1.5440334286540747</ele>
				<time>2026-08-03T17:23:05Z</time>
			</trkpt>
			<trkpt lat="59.95236195669477" lon="30.302584745452663">
				<ele>1.2935080751776695</ele>
				<time>2026-08-03T17:23:08Z</time>
			</trkpt>
			<trkpt lat="59.9523517867734" lon="30.302618866462318">
				<ele>1.2873635292053223</ele>
				<time>2026-08-03T17:23:09Z</time>
			</trkpt>
			<trkpt lat="59.95233579199098" lon="30.3026420240353">
				<ele>1.1770504470914602</ele>
				<time>2026-08-03T17:23:11Z</time>
			</trkpt>
			<trkpt lat="59.952317233860654" lon="30.302668638656634">
				<ele>1.6374505087733269</ele>
				<time>2026-08-03T17:23:13Z</time>
			</trkpt>
			<trkpt lat="59.95230943056785" lon="30.302715436434095">
				<ele>2.0674868673086166</ele>
				<time>2026-08-03T17:23:17Z</time>
			</trkpt>
			<trkpt lat="59.95229643022319" lon="30.302744056819385">
				<ele>1.1044653560966253</ele>
				<time>2026-08-03T17:23:19Z</time>
			</trkpt>
			<trkpt lat="59.95227852557321" lon="30.30275188216869">
				<ele>1.380159986205399</ele>
				<time>2026-08-03T17:23:20Z</time>
			</trkpt>
			<trkpt lat="59.9522971624647" lon="30.302764211649368">
				<ele>1.8065712489187717</ele>
				<time>2026-08-03T17:23:21Z</time>
			</trkpt>
			<trkpt lat="59.952294277384084" lon="30.30280716046444">
				<ele>1.9885943960398436</ele>
				<time>2026-08-03T17:23:23Z</time>
			</trkpt>
			<trkpt lat="59.9522805803799" lon="30.302833769930597">
				<ele>2.0538896089419723</ele>
				<time>2026-08-03T17:23:24Z</time>
			</trkpt>
			<trkpt lat="59.95227518842208" lon="30.30286813968556">
				<ele>1.2272422015666962</ele>
				<time>2026-08-03T17:23:25Z</time>
			</trkpt>
			<trkpt lat="59.95224805338692" lon="30.3029647498407">
				<ele>1.7766650635749102</ele>
				<time>2026-08-03T17:23:27Z</time>
			</trkpt>
			<trkpt lat="59.95223388741852" lon="30.303021143973567">
				<ele>2.3934800680726767</ele>
				<time>2026-08-03T17:23:30Z</time>
			</trkpt>
			<trkpt lat="59.95221252549662" lon="30.303041535304708">
				<ele>0.4455441627651453</ele>
				<time>2026-08-03T17:23:31Z</time>
			</trkpt>
			<trkpt lat="59.95220610310572" lon="30.303091910841584">
				<ele>1.9486004617065191</ele>
				<time>2026-08-03T17:23:34Z</time>
			</trkpt>
			<trkpt lat="59.9521883114729" lon="30.30315802659026">
				<ele>2.902882353402674</ele>
				<time>2026-08-03T17:23:37Z</time>
			</trkpt>
			<trkpt lat="59.95219127230325" lon="30.30320115037058">
				<ele>3.652623279951513</ele>
				<time>2026-08-03T17:23:40Z</time>
			</trkpt>
			<trkpt lat="59.952176557233756" lon="30.303222109043716">
				<ele>3.196492590010166</ele>
				<time>2026-08-03T17:23:42Z</time>
			</trkpt>
			<trkpt lat="59.952174795815566" lon="30.30326489866616">
				<ele>3.8349703028798103</ele>
				<time>2026-08-03T17:23:44Z</time>
			</trkpt>
			<trkpt lat="59.95216177162812" lon="30.303331466507714">
				<ele>2.816984205506742</ele>
				<time>2026-08-03T17:23:46Z</time>
			</trkpt>
			<trkpt lat="59.952144597183086" lon="30.30337018776212">
				<ele>2.3671735236421227</ele>
				<time>2026-08-03T17:23:47Z</time>
			</trkpt>
			<trkpt lat="59.95213059507323" lon="30.303410282069326">
				<ele>2.1866494324058294</ele>
				<time>2026-08-03T17:23:48Z</time>
			</trkpt>
			<trkpt lat="59.95210433552717" lon="30.30343636660807">
				<ele>1.3475806172937155</ele>
				<time>2026-08-03T17:23:49Z</time>
			</trkpt>
			<trkpt lat="59.95208811647737" lon="30.303475123717824">
				<ele>1.9341593580320477</ele>
				<time>2026-08-03T17:23:50Z</time>
			</trkpt>
			<trkpt lat="59.952075662012" lon="30.303532878842766">
				<ele>1.7980751553550363</ele>
				<time>2026-08-03T17:23:53Z</time>
			</trkpt>
			<trkpt lat="59.95208370213782" lon="30.303569342076894">
				<ele>1.7927615167573094</ele>
				<time>2026-08-03T17:23:54Z</time>
			</trkpt>
			<trkpt lat="59.952071621061386" lon="30.303614290813954">
				<ele>3.140248356387019</ele>
				<time>2026-08-03T17:23:57Z</time>
			</trkpt>
			<trkpt lat="59.95206548727475" lon="30.30366150752149">
				<ele>2.3970274282619357</ele>
				<time>2026-08-03T17:24:00Z</time>
			</trkpt>
			<trkpt lat="59.952055739752815" lon="30.303733199767624">
				<ele>3.230525881052017</ele>
				<time>2026-08-03T17:24:02Z</time>
			</trkpt>
			<trkpt lat="59.952041494196024" lon="30.303763582542167">
				<ele>2.6661737570539117</ele>
				<time>2026-08-03T17:24:03Z</time>
			</trkpt>
			<trkpt lat="59.952031837097074" lon="30.30379730103929">
				<ele>2.7964599821716547</ele>
				<time>2026-08-03T17:24:05Z</time>
			</trkpt>
			<trkpt lat="59.95201990051774" lon="30.303830964727528">
				<ele>1.6411369442939758</ele>
				<time>2026-08-03T17:24:06Z</time>
			</trkpt>
			<trkpt lat="59.95200255190763" lon="30.30388136409348">
				<ele>1.8129191314801574</ele>
				<time>2026-08-03T17:24:09Z</time>
			</trkpt>
			<trkpt lat="59.95197947069783" lon="30.303933893377145">
				<ele>2.0690743029117584</ele>
				<time>2026-08-03T17:24:11Z</time>
			</trkpt>
			<trkpt lat="59.95197311186533" lon="30.303991046412705">
				<ele>2.268694903701544</ele>
				<time>2026-08-03T17:24:15Z</time>
			</trkpt>
			<trkpt lat="59.95198141276854" lon="30.30405731423979">
				<ele>2.657038136385381</ele>
				<time>2026-08-03T17:24:18Z</time>
			</trkpt>
			<trkpt lat="59.951959395972565" lon="30.30410621558091">
				<ele>3.260291213169694</ele>
				<time>2026-08-03T17:24:21Z</time>
			</trkpt>
			<trkpt lat="59.95196230253933" lon="30.304143100516264">
				<ele>4.561972388066351</ele>
				<time>2026-08-03T17:24:22Z</time>
			</trkpt>
			<trkpt lat="59.95194751655009" lon="30.30418343772191">
				<ele>4.888516169041395</ele>
				<time>2026-08-03T17:24:24Z</time>
			</trkpt>
			<trkpt lat="59.951949343483996" lon="30.30421953183518">
				<ele>2.676858295686543</ele>
				<time>2026-08-03T17:24:26Z</time>
			</trkpt>
			<trkpt lat="59.95193007346541" lon="30.304252037219797">
				<ele>3.938701383769512</ele>
				<time>2026-08-03T17:24:28Z</time>
			</trkpt>
			<trkpt lat="59.95192388059372" lon="30.30430412902939">
				<ele>4.122632500715554</ele>
				<time>2026-08-03T17:24:29Z</time>
			</trkpt>
			<trkpt lat="59.9519200768588" lon="30.30434840097164">
				<ele>4.5376245668157935</ele>
				<time>2026-08-03T17:24:30Z</time>
			</trkpt>
			<trkpt lat="59.951924266403516" lon="30.304387853116452">
				<ele>4.608462252654135</ele>
				<time>2026-08-03T17:24:32Z</time>
			</trkpt>
			<trkpt lat="59.951904726103784" lon="30.304358254014744">
				<ele>3.846766977570951</ele>
				<time>2026-08-03T17:24:36Z</time>
			</trkpt>
			<trkpt lat="59.951878216710526" lon="30.304363249643746">
				<ele>4.542648047208786</ele>
				<time>2026-08-03T17:24:37Z</time>
			</trkpt>
			<trkpt lat="59.95185949668885" lon="30.304348357781056">
				<ele>2.669225577265024</ele>
				<time>2026-08-03T17:24:38Z</time>
			</trkpt>
			<trkpt lat="59.95182307713503" lon="30.304351570453615">
				<ele>3.5251387087628245</ele>
				<time>2026-08-03T17:24:39Z</time>
			</trkpt>
			<trkpt lat="59.951803353329716" lon="30.304340325888127">
				<ele>3.7803620314225554</ele>
				<time>2026-08-03T17:24:41Z</time>
			</trkpt>
			<trkpt lat="59.951787236518605" lon="30.304361735821093">
				<ele>3.884247905574739</ele>
				<time>2026-08-03T17:24:42Z</time>
			</trkpt>
			<trkpt lat="59.95177122590639" lon="30.304394967579967">
				<ele>3.965687131509185</ele>
				<time>2026-08-03T17:24:43Z</time>
			</trkpt>
			<trkpt lat="59.95175035075329" lon="30.30436976124487">
				<ele>3.2197761703282595</ele>
				<time>2026-08-03T17:24:45Z</time>
			</trkpt>
			<trkpt lat="59.95171909651403" lon="30.304358079676174">
				<ele>3.2211571829393506</ele>
				<time>2026-08-03T17:24:48Z</time>
			</trkpt>
			<trkpt lat="59.95168020368265" lon="30.30435486028701">
				<ele>4.386336983181536</ele>
				<time>2026-08-03T17:24:54Z</time>
			</trkpt>
			<trkpt lat="59.95166217834647" lon="30.304373006573794">
				<ele>4.000319733284414</ele>
				<time>2026-08-03T17:24:55Z</time>
			</trkpt>
			<trkpt lat="59.951639004762605" lon="30.304365225216042">
				<ele>4.18906136136502</ele>
				<time>2026-08-03T17:24:56Z</time>
			</trkpt>
			<trkpt lat="59.95160460941855" lon="30.304349021684665">
				<ele>3.565699467435479</ele>
				<time>2026-08-03T17:24:57Z</time>
			</trkpt>
			<trkpt lat="59.95159391666653" lon="30.30431566415425">
				<ele>2.4233917202800512</ele>
				<time>2026-08-03T17:25:00Z</time>
			</trkpt>
			<trkpt lat="59.95157035207421" lon="30.3042804379903">
				<ele>2.1852749418467283</ele>
				<time>2026-08-03T17:25:01Z</time>
			</trkpt>
			<trkpt lat="59.9515577106349" lon="30.30433054863994">
				<ele>2.8002168647944927</ele>
				<time>2026-08-03T17:25:03Z</time>
			</trkpt>
			<trkpt lat="59.95152447560274" lon="30.304385276913997">
				<ele>3.2929947189986706</ele>
				<time>2026-08-03T17:25:05Z</time>
			</trkpt>
			<trkpt lat="59.95147026481772" lon="30.304423045889934">
				<ele>3.7447916995733976</ele>
				<time>2026-08-03T17:25:07Z</time>
			</trkpt>
			<trkpt lat="59.95145018855581" lon="30.304433703758047">
				<ele>4.2569265346974134</ele>
				<time>2026-08-03T17:25:09Z</time>
			</trkpt>
			<trkpt lat="59.951423059979184" lon="30.30442858666258">
				<ele>4.785757050849497</ele>
				<time>2026-08-03T17:25:11Z</time>
			</trkpt>
			<trkpt lat="59.95139724593485" lon="30.304420494010465">
				<ele>5.47678870242089</ele>
				<time>2026-08-03T17:25:12Z</time>
			</trkpt>
			<trkpt lat="59.951406134939994" lon="30.304375096021673">
				<ele>4.598154427483678</ele>
				<time>2026-08-03T17:25:14Z</time>
			</trkpt>
			<trkpt lat="59.95137802491092" lon="30.304351550545455">
				<ele>5.029085168614984</ele>
				<time>2026-08-03T17:25:18Z</time>
			</trkpt>
			<trkpt lat="59.95135654294579" lon="30.30435590002429">
				<ele>4.589222968555987</ele>
				<time>2026-08-03T17:25:21Z</time>
			</trkpt>
			<trkpt lat="59.95130841758182" lon="30.304346975055953">
				<ele>5.54996692109853</ele>
				<time>2026-08-03T17:25:23Z</time>
			</trkpt>
			<trkpt lat="59.9512769473817" lon="30.30434067958456">
				<ele>5.470105703920126</ele>
				<time>2026-08-03T17:25:25Z</time>
			</trkpt>
			<trkpt lat="59.9512580470495" lon="30.30434477649866">
				<ele>5.773403220809996</ele>
				<time>2026-08-03T17:25:27Z</time>
			</trkpt>
			<trkpt lat="59.95123643188767" lon="30.304341870185855">
				<ele>6.07182592432946</ele>
				<time>2026-08-03T17:25:29Z</time>
			</trkpt>
			<trkpt lat="59.95121653968681" lon="30.304350756634797">
				<ele>6.486732850782573</ele>
				<time>2026-08-03T17:25:31Z</time>
			</trkpt>
			<trkpt lat="59.95118451157406" lon="30.304352828115437">
				<ele>6.396518480964005</ele>
				<time>2026-08-03T17:25:33Z</time>
			</trkpt>
			<trkpt lat="59.951164185952244" lon="30.304347122991512">
				<ele>6.403727306984365</ele>
				<time>2026-08-03T17:25:34Z</time>
			</trkpt>
			<trkpt lat="59.95114601954614" lon="30.304341147050053">
				<ele>6.58529788069427</ele>
				<time>2026-08-03T17:25:35Z</time>
			</trkpt>
			<trkpt lat="59.95112258760634" lon="30.304339075545094">
				<ele>6.056600647978485</ele>
				<time>2026-08-03T17:25:37Z</time>
			</trkpt>
			<trkpt lat="59.95109509906517" lon="30.304326051201453">
				<ele>6.230363434180617</ele>
				<time>2026-08-03T17:25:41Z</time>
			</trkpt>
			<trkpt lat="59.95104695636547" lon="30.304287000280574">
				<ele>6.452063538134098</ele>
				<time>2026-08-03T17:25:43Z</time>
			</trkpt>
			<trkpt lat="59.95102677884508" lon="30.304269091349756">
				<ele>6.337538451887667</ele>
				<time>2026-08-03T17:25:47Z</time>
			</trkpt>
			<trkpt lat="59.95099808663125" lon="30.30424107990646">
				<ele>5.811477591283619</ele>
				<time>2026-08-03T17:25:50Z</time>
			</trkpt>
			<trkpt lat="59.95097234762189" lon="30.30419563581589">
				<ele>6.60987517144531</ele>
				<time>2026-08-03T17:25:51Z</time>
			</trkpt>
			<trkpt lat="59.95097750887435" lon="30.304143550069522">
				<ele>5.62922483868897</ele>
				<time>2026-08-03T17:25:54Z</time>
			</trkpt>
			<trkpt lat="59.950989240885065" lon="30.304099794856853">
				<ele>5.151183387264609</ele>
				<time>2026-08-03T17:25:55Z</time>
			</trkpt>
			<trkpt lat="59.95098616261132" lon="30.30404891958399">
				<ele>5.1061635464429855</ele>
				<time>2026-08-03T17:25:56Z</time>
			</trkpt>
			<trkpt lat="59.95098825947305" lon="30.303995287113473">
				<ele>5.2468913067132235</ele>
				<time>2026-08-03T17:25:57Z</time>
			</trkpt>
			<trkpt lat="59.95102828685137" lon="30.303960363211733">
				<ele>5.662652618251741</ele>
				<time>2026-08-03T17:26:00Z</time>
			</trkpt>
			<trkpt lat="59.95103212941262" lon="30.30389983571255">
				<ele>5.647082247771323</ele>
				<time>2026-08-03T17:26:02Z</time>
			</trkpt>
			<trkpt lat="59.951062458051986" lon="30.30385447271969">
				<ele>5.5822589145973325</ele>
				<time>2026-08-03T17:26:05Z</time>
			</trkpt>
			<trkpt lat="59.95109966100741" lon="30.30381891704229">
				<ele>5.337933674454689</ele>
				<time>2026-08-03T17:26:07Z</time>
			</trkpt>
			<trkpt lat="59.9510871173848" lon="30.303785675479272">
				<ele>4.652926214039326</ele>
				<time>2026-08-03T17:26:08Z</time>
			</trkpt>
			<trkpt lat="59.95108220314843" lon="30.303737514454742">
				<ele>4.893188348039985</ele>
				<time>2026-08-03T17:26:09Z</time>
			</trkpt>
			<trkpt lat="59.951104789303194" lon="30.30370248396134">
				<ele>4.584154551848769</ele>
				<time>2026-08-03T17:26:10Z</time>
			</trkpt>
			<trkpt lat="59.95112311691796" lon="30.303668259534373">
				<ele>3.8443283485248685</ele>
				<time>2026-08-03T17:26:12Z</time>
			</trkpt>
			<trkpt lat="59.95114140045259" lon="30.303620109933068">
				<ele>4.208863768726587</ele>
				<time>2026-08-03T17:26:14Z</time>
			</trkpt>
			<trkpt lat="59.9511527252865" lon="30.303589987819386">
				<ele>3.9904172476381063</ele>
				<time>2026-08-03T17:26:15Z</time>
			</trkpt>
			<trkpt lat="59.95116148167929" lon="30.303534390428705">
				<ele>5.355774592608213</ele>
				<time>2026-08-03T17:26:18Z</time>
			</trkpt>
			<trkpt lat="59.951160448414576" lon="30.303492586722644">
				<ele>4.666315173730254</ele>
				<time>2026-08-03T17:26:21Z</time>
			</trkpt>
			<trkpt lat="59.95117460241775" lon="30.303428346166772">
				<ele>5.134802648797631</ele>
				<time>2026-08-03T17:26:22Z</time>
			</trkpt>
			<trkpt lat="59.9511898022692" lon="30.30338969312764">
				<ele>4.34590348880738</ele>
				<time>2026-08-03T17:26:24Z</time>
			</trkpt>
			<trkpt lat="59.95119953815168" lon="30.303328329372366">
				<ele>4.583136091008782</ele>
				<time>2026-08-03T17:26:26Z</time>
			</trkpt>
			<trkpt lat="59.951211375678994" lon="30.303293012073098">
				<ele>5.603128135204315</ele>
				<time>2026-08-03T17:26:28Z</time>
			</trkpt>
			<trkpt lat="59.95121692346032" lon="30.303256176382263">
				<ele>4.168462058529258</ele>
				<time>2026-08-03T17:26:30Z</time>
			</trkpt>
			<trkpt lat="59.951216842789684" lon="30.303219198140457">
				<ele>4.697755748406053</ele>
				<time>2026-08-03T17:26:32Z</time>
			</trkpt>
			<trkpt lat="59.95122668340952" lon="30.303162398546434">
				<ele>4.915831432677805</ele>
				<time>2026-08-03T17:26:34Z</time>
			</trkpt>
			<trkpt lat="59.951231601508226" lon="30.303108218238552">
				<ele>5.7972579300403595</ele>
				<time>2026-08-03T17:26:37Z</time>
			</trkpt>
			<trkpt lat="59.95123364068265" lon="30.303060614561424">
				<ele>5.705144866369665</ele>
				<time>2026-08-03T17:26:38Z</time>
			</trkpt>
			<trkpt lat="59.95123866415845" lon="30.30299762501088">
				<ele>6.003498777747154</ele>
				<time>2026-08-03T17:26:40Z</time>
			</trkpt>
			<trkpt lat="59.95124818455911" lon="30.30294390399304">
				<ele>7.064339404925704</ele>
				<time>2026-08-03T17:26:42Z</time>
			</trkpt>
			<trkpt lat="59.95124745071707" lon="30.302905006536438">
				<ele>6.93638857267797</ele>
				<time>2026-08-03T17:26:44Z</time>
			</trkpt>
			<trkpt lat="59.95126336620117" lon="30.302869382924026">
				<ele>7.28751578181982</ele>
				<time>2026-08-03T17:26:45Z</time>
			</trkpt>
			<trkpt lat="59.95127120956778" lon="30.302792622681935">
				<ele>6.627476633526385</ele>
				<time>2026-08-03T17:26:47Z</time>
			</trkpt>
			<trkpt lat="59.95126577498711" lon="30.302746472066964">
				<ele>6.882283898070455</ele>
				<time>2026-08-03T17:26:49Z</time>
			</trkpt>
			<trkpt lat="59.951266347346056" lon="30.302880021018918">
				<ele>5.7608209596946836</ele>
				<time>2026-08-03T17:26:50Z</time>
			</trkpt>
			<trkpt lat="59.95124580796762" lon="30.302840431060392">
				<ele>5.802447066642344</ele>
				<time>2026-08-03T17:26:51Z</time>
			</trkpt>
			<trkpt lat="59.951235662348815" lon="30.302779975190838">
				<ele>0.9765380518510938</ele>
				<time>2026-08-03T17:26:56Z</time>
			</trkpt>
			<trkpt lat="59.95124740369289" lon="30.30272689319355">
				<ele>3.1196606094017625</ele>
				<time>2026-08-03T17:27:03Z</time>
			</trkpt>
			<trkpt lat="59.95126448691126" lon="30.30268810115498">
				<ele>3.4986955169588327</ele>
				<time>2026-08-03T17:27:05Z</time>
			</trkpt>
			<trkpt lat="59.95127525408152" lon="30.302637794237267">
				<ele>4.057474287226796</ele>
				<time>2026-08-03T17:27:07Z</time>
			</trkpt>
			<trkpt lat="59.951310307771486" lon="30.30261715702757">
				<ele>3.888926259241998</ele>
				<time>2026-08-03T17:27:10Z</time>
			</trkpt>
			<trkpt lat="59.951337185578524" lon="30.302576078749013">
				<ele>4.338627458550036</ele>
				<time>2026-08-03T17:27:12Z</time>
			</trkpt>
			<trkpt lat="59.95135027265356" lon="30.302538048081114">
				<ele>5.376583891920745</ele>
				<time>2026-08-03T17:27:14Z</time>
			</trkpt>
			<trkpt lat="59.951381566692824" lon="30.30250730399982">
				<ele>4.168066849000752</ele>
				<time>2026-08-03T17:27:16Z</time>
			</trkpt>
			<trkpt lat="59.95139660256701" lon="30.302486056509423">
				<ele>5.206678913906217</ele>
				<time>2026-08-03T17:27:18Z</time>
			</trkpt>
			<trkpt lat="59.95140246758443" lon="30.302450512821345">
				<ele>5.46699289791286</ele>
				<time>2026-08-03T17:27:20Z</time>
			</trkpt>
			<trkpt lat="59.95141186745557" lon="30.30240459646521">
				<ele>5.6721062725409865</ele>
				<time>2026-08-03T17:27:22Z</time>
			</trkpt>
			<trkpt lat="59.9514143551326" lon="30.302354306084847">
				<ele>5.431866958737373</ele>
				<time>2026-08-03T17:27:27Z</time>
			</trkpt>
			<trkpt lat="59.95138360144312" lon="30.30236430754662">
				<ele>6.226199544966221</ele>
				<time>2026-08-03T17:27:30Z</time>
			</trkpt>
			<trkpt lat="59.951375131507874" lon="30.302410909185134">
				<ele>6.377955966629088</ele>
				<time>2026-08-03T17:27:31Z</time>
			</trkpt>
			<trkpt lat="59.95136568115698" lon="30.302369499196423">
				<ele>5.787339119240642</ele>
				<time>2026-08-03T17:27:36Z</time>
			</trkpt>
			<trkpt lat="59.95134207246489" lon="30.30237297992461">
				<ele>5.624883351847529</ele>
				<time>2026-08-03T17:27:39Z</time>
			</trkpt>
			<trkpt lat="59.95134749495785" lon="30.302332722713302">
				<ele>5.679599097929895</ele>
				<time>2026-08-03T17:27:45Z</time>
			</trkpt>
			<trkpt lat="59.951279985299955" lon="30.302087897310884">
				<ele>5.479839542880654</ele>
				<time>2026-08-03T17:27:46Z</time>
			</trkpt>
			<trkpt lat="59.95124661014831" lon="30.302022199512198">
				<ele>6.009504538029432</ele>
				<time>2026-08-03T17:27:47Z</time>
			</trkpt>
			<trkpt lat="59.95131298495411" lon="30.302122690822575">
				<ele>5.41222904343158</ele>
				<time>2026-08-03T17:27:48Z</time>
			</trkpt>
			<trkpt lat="59.95126293905732" lon="30.30220923041405">
				<ele>4.8528324803337455</ele>
				<time>2026-08-03T17:27:49Z</time>
			</trkpt>
			<trkpt lat="59.95115429327242" lon="30.302299936441457">
				<ele>4.331987540237606</ele>
				<time>2026-08-03T17:27:50Z</time>
			</trkpt>
			<trkpt lat="59.95108913622984" lon="30.302400760879532">
				<ele>3.999592585489154</ele>
				<time>2026-08-03T17:27:51Z</time>
			</trkpt>
			<trkpt lat="59.951077502307655" lon="30.302451552058443">
				<ele>3.4886401193216443</ele>
				<time>2026-08-03T17:27:52Z</time>
			</trkpt>
			<trkpt lat="59.951067245446424" lon="30.302528620299743">
				<ele>3.6271621948108077</ele>
				<time>2026-08-03T17:27:55Z</time>
			</trkpt>
			<trkpt lat="59.95105342015911" lon="30.30255854431437">
				<ele>3.4525391655042768</ele>
				<time>2026-08-03T17:27:57Z</time>
			</trkpt>
			<trkpt lat="59.95104002949695" lon="30.30258678179956">
				<ele>3.2356996051967144</ele>
				<time>2026-08-03T17:27:58Z</time>
			</trkpt>
			<trkpt lat="59.95106558078038" lon="30.302600516393902">
				<ele>3.033565509133041</ele>
				<time>2026-08-03T17:27:59Z</time>
			</trkpt>
			<trkpt lat="59.951052302098404" lon="30.302640086450516">
				<ele>3.2561305118724704</ele>
				<time>2026-08-03T17:28:00Z</time>
			</trkpt>
			<trkpt lat="59.95104507200493" lon="30.302686606416078">
				<ele>3.2196400240063667</ele>
				<time>2026-08-03T17:28:02Z</time>
			</trkpt>
			<trkpt lat="59.95105211474112" lon="30.302728023568644">
				<ele>3.5621193414554</ele>
				<time>2026-08-03T17:28:04Z</time>
			</trkpt>
			<trkpt lat="59.95105183753026" lon="30.30277082354184">
				<ele>2.773106106556952</ele>
				<time>2026-08-03T17:28:06Z</time>
			</trkpt>
			<trkpt lat="59.95104136068997" lon="30.30283723790231">
				<ele>1.9879826633259654</ele>
				<time>2026-08-03T17:28:08Z</time>
			</trkpt>
			<trkpt lat="59.951039959325996" lon="30.302886694309393">
				<ele>2.3143636118620634</ele>
				<time>2026-08-03T17:28:10Z</time>
			</trkpt>
			<trkpt lat="59.95104954978262" lon="30.302940761191408">
				<ele>1.7506074160337448</ele>
				<time>2026-08-03T17:28:12Z</time>
			</trkpt>
			<trkpt lat="59.95104893311362" lon="30.302993154137198">
				<ele>1.1995908739045262</ele>
				<time>2026-08-03T17:28:14Z</time>
			</trkpt>
			<trkpt lat="59.951045628198095" lon="30.30302926594267">
				<ele>1.3202115278691053</ele>
				<time>2026-08-03T17:28:15Z</time>
			</trkpt>
			<trkpt lat="59.951054071052845" lon="30.303066008161046">
				<ele>1.3867578273639083</ele>
				<time>2026-08-03T17:28:17Z</time>
			</trkpt>
			<trkpt lat="59.95104206124384" lon="30.30311020136624">
				<ele>1.493574645370245</ele>
				<time>2026-08-03T17:28:19Z</time>
			</trkpt>
			<trkpt lat="59.951038762407435" lon="30.303175129784044">
				<ele>1.720574276521802</ele>
				<time>2026-08-03T17:28:21Z</time>
			</trkpt>
			<trkpt lat="59.95103568843332" lon="30.3032228374583">
				<ele>1.1862489795312285</ele>
				<time>2026-08-03T17:28:23Z</time>
			</trkpt>
			<trkpt lat="59.95102283456245" lon="30.303255300071243">
				<ele>1.3002658858895302</ele>
				<time>2026-08-03T17:28:24Z</time>
			</trkpt>
			<trkpt lat="59.95101167993323" lon="30.303299067955557">
				<ele>0.8592586414888501</ele>
				<time>2026-08-03T17:28:26Z</time>
			</trkpt>
			<trkpt lat="59.95100955863232" lon="30.303341303577465">
				<ele>0.9589530471712351</ele>
				<time>2026-08-03T17:28:28Z</time>
			</trkpt>
			<trkpt lat="59.95100919188119" lon="30.303395590034036">
				<ele>0.9851363822817802</ele>
				<time>2026-08-03T17:28:30Z</time>
			</trkpt>
			<trkpt lat="59.950999587566734" lon="30.303442451287417">
				<ele>0.42536694649606943</ele>
				<time>2026-08-03T17:28:32Z</time>
			</trkpt>
			<trkpt lat="59.95098308834944" lon="30.303501815056997">
				<ele>0.3896060148254037</ele>
				<time>2026-08-03T17:28:35Z</time>
			</trkpt>
			<trkpt lat="59.95097713654589" lon="30.30354148062429">
				<ele>0.4055606070905924</ele>
				<time>2026-08-03T17:28:36Z</time>
			</trkpt>
			<trkpt lat="59.95097054170579" lon="30.30359784358903">
				<ele>0.868810648098588</ele>
				<time>2026-08-03T17:28:38Z</time>
			</trkpt>
			<trkpt lat="59.9509620738945" lon="30.303632446333406">
				<ele>1.5140690775588155</ele>
				<time>2026-08-03T17:28:39Z</time>
			</trkpt>
			<trkpt lat="59.950957522993114" lon="30.303678957631973">
				<ele>0.6967020062729716</ele>
				<time>2026-08-03T17:28:42Z</time>
			</trkpt>
			<trkpt lat="59.95095051784709" lon="30.303715171549737">
				<ele>1.4327430026605725</ele>
				<time>2026-08-03T17:28:44Z</time>
			</trkpt>
			<trkpt lat="59.950940918733295" lon="30.303747277226254">
				<ele>1.4206667291000485</ele>
				<time>2026-08-03T17:28:47Z</time>
			</trkpt>
			<trkpt lat="59.950927556819366" lon="30.303772683885903">
				<ele>2.243091367185116</ele>
				<time>2026-08-03T17:28:51Z</time>
			</trkpt>
			<trkpt lat="59.95092037810509" lon="30.303808007796054">
				<ele>2.212795981206</ele>
				<time>2026-08-03T17:28:52Z</time>
			</trkpt>
			<trkpt lat="59.95091231159083" lon="30.30386205362134">
				<ele>2.3877537390217185</ele>
				<time>2026-08-03T17:28:53Z</time>
			</trkpt>
			<trkpt lat="59.9508846366902" lon="30.3039127483087">
				<ele>2.554077485576272</ele>
				<time>2026-08-03T17:28:55Z</time>
			</trkpt>
			<trkpt lat="59.950866603011384" lon="30.30397025276741">
				<ele>3.1374728474766016</ele>
				<time>2026-08-03T17:28:56Z</time>
			</trkpt>
			<trkpt lat="59.950872730276764" lon="30.304015310589353">
				<ele>3.139120316132903</ele>
				<time>2026-08-03T17:28:57Z</time>
			</trkpt>
			<trkpt lat="59.95085271885683" lon="30.304070961164914">
				<ele>2.969771008938551</ele>
				<time>2026-08-03T17:28:59Z</time>
			</trkpt>
			<trkpt lat="59.950852086027425" lon="30.304108320052748">
				<ele>2.039107677526772</ele>
				<time>2026-08-03T17:29:01Z</time>
			</trkpt>
			<trkpt lat="59.95085589959625" lon="30.304146886121202">
				<ele>3.0609549563378096</ele>
				<time>2026-08-03T17:29:03Z</time>
			</trkpt>
			<trkpt lat="59.95084710124194" lon="30.304208681904935">
				<ele>3.4479897022247314</ele>
				<time>2026-08-03T17:29:05Z</time>
			</trkpt>
			<trkpt lat="59.95083871582574" lon="30.304265518047778">
				<ele>2.513545141555369</ele>
				<time>2026-08-03T17:29:07Z</time>
			</trkpt>
			<trkpt lat="59.95084540386218" lon="30.304330439762587">
				<ele>1.9485650695860386</ele>
				<time>2026-08-03T17:29:09Z</time>
			</trkpt>
			<trkpt lat="59.950852103733276" lon="30.30436775883025">
				<ele>1.7212751265615225</ele>
				<time>2026-08-03T17:29:10Z</time>
			</trkpt>
			<trkpt lat="59.95083970006238" lon="30.304442231424265">
				<ele>0.14708802197128534</ele>
				<time>2026-08-03T17:29:14Z</time>
			</trkpt>
			<trkpt lat="59.950836133914045" lon="30.304491027813405">
				<ele>-0.25115735456347466</ele>
				<time>2026-08-03T17:29:16Z</time>
			</trkpt>
			<trkpt lat="59.95083699374422" lon="30.304548499348343">
				<ele>-0.3228341732174158</ele>
				<time>2026-08-03T17:29:18Z</time>
			</trkpt>
			<trkpt lat="59.9508422100102" lon="30.304588848168102">
				<ele>-0.6702062971889973</ele>
				<time>2026-08-03T17:29:20Z</time>
			</trkpt>
			<trkpt lat="59.95083432458514" lon="30.30465317462172">
				<ele>0.5538328578695655</ele>
				<time>2026-08-03T17:29:22Z</time>
			</trkpt>
			<trkpt lat="59.95083699963462" lon="30.304688651944">
				<ele>-0.13092074636369944</ele>
				<time>2026-08-03T17:29:24Z</time>
			</trkpt>
			<trkpt lat="59.950829370740614" lon="30.304732353184633">
				<ele>0.5979701168835163</ele>
				<time>2026-08-03T17:29:26Z</time>
			</trkpt>
			<trkpt lat="59.950828085655345" lon="30.30476860372849">
				<ele>0.2595958346500993</ele>
				<time>2026-08-03T17:29:28Z</time>
			</trkpt>
			<trkpt lat="59.95082357345656" lon="30.304822396856412">
				<ele>-0.2615972328931093</ele>
				<time>2026-08-03T17:29:30Z</time>
			</trkpt>
			<trkpt lat="59.95085468789106" lon="30.304767568664282">
				<ele>-0.004674207419157028</ele>
				<time>2026-08-03T17:29:34Z</time>
			</trkpt>
			<trkpt lat="59.950825694018306" lon="30.304858150256557">
				<ele>0.12119984440505505</ele>
				<time>2026-08-03T17:29:36Z</time>
			</trkpt>
			<trkpt lat="59.950802886390846" lon="30.304929722696237">
				<ele>0.07905024010688066</ele>
				<time>2026-08-03T17:29:37Z</time>
			</trkpt>
			<trkpt lat="59.95079882020659" lon="30.304969111085857">
				<ele>0.24492013920098543</ele>
				<time>2026-08-03T17:29:38Z</time>
			</trkpt>
			<trkpt lat="59.9507756427212" lon="30.305008496057074">
				<ele>0.12030996102839708</ele>
				<time>2026-08-03T17:29:39Z</time>
			</trkpt>
			<trkpt lat="59.95078480740365" lon="30.305049299450758">
				<ele>-0.05492613650858402</ele>
				<time>2026-08-03T17:29:41Z</time>
			</trkpt>
			<trkpt lat="59.950769910483814" lon="30.3050901021648">
				<ele>0.235049101524055</ele>
				<time>2026-08-03T17:29:42Z</time>
			</trkpt>
			<trkpt lat="59.95077520889085" lon="30.3051509648396">
				<ele>0.5999809913337231</ele>
				<time>2026-08-03T17:29:45Z</time>
			</trkpt>
			<trkpt lat="59.95078030272847" lon="30.30519441333633">
				<ele>0.20907941088080406</ele>
				<time>2026-08-03T17:29:47Z</time>
			</trkpt>
			<trkpt lat="59.95078312811028" lon="30.305231549652547">
				<ele>-0.2843146938830614</ele>
				<time>2026-08-03T17:29:48Z</time>
			</trkpt>
			<trkpt lat="59.95078549811692" lon="30.305288230209804">
				<ele>1.0162264686077833</ele>
				<time>2026-08-03T17:29:50Z</time>
			</trkpt>
			<trkpt lat="59.95078383410385" lon="30.305326445681455">
				<ele>1.3667664276435971</ele>
				<time>2026-08-03T17:29:51Z</time>
			</trkpt>
			<trkpt lat="59.95077805815528" lon="30.305417719079838">
				<ele>1.006026423536241</ele>
				<time>2026-08-03T17:29:54Z</time>
			</trkpt>
			<trkpt lat="59.950750818150546" lon="30.305500366908046">
				<ele>0.9386056428775191</ele>
				<time>2026-08-03T17:29:55Z</time>
			</trkpt>
			<trkpt lat="59.9507708639279" lon="30.305493730232925">
				<ele>1.4760782700031996</ele>
				<time>2026-08-03T17:29:56Z</time>
			</trkpt>
			<trkpt lat="59.950750134682956" lon="30.305539587082837">
				<ele>1.7616698294878006</ele>
				<time>2026-08-03T17:29:57Z</time>
			</trkpt>
			<trkpt lat="59.95078331546446" lon="30.305537696434712">
				<ele>1.4438631236553192</ele>
				<time>2026-08-03T17:29:58Z</time>
			</trkpt>
			<trkpt lat="59.95076929769213" lon="30.305590681275806">
				<ele>1.8391026435419917</ele>
				<time>2026-08-03T17:29:59Z</time>
			</trkpt>
			<trkpt lat="59.950765184571246" lon="30.305643526175206">
				<ele>2.9062924534082413</ele>
				<time>2026-08-03T17:30:00Z</time>
			</trkpt>
			<trkpt lat="59.95078402782666" lon="30.3056301615629">
				<ele>2.072116238065064</ele>
				<time>2026-08-03T17:30:01Z</time>
			</trkpt>
			<trkpt lat="59.950797760598334" lon="30.305684652607333">
				<ele>1.748758072964847</ele>
				<time>2026-08-03T17:30:03Z</time>
			</trkpt>
			<trkpt lat="59.950803953504156" lon="30.305719228384497">
				<ele>1.6186018399894238</ele>
				<time>2026-08-03T17:30:05Z</time>
			</trkpt>
			<trkpt lat="59.950786721914824" lon="30.305752345584022">
				<ele>1.3902220176532865</ele>
				<time>2026-08-03T17:30:07Z</time>
			</trkpt>
			<trkpt lat="59.95077697024744" lon="30.305787186332186">
				<ele>1.5421348214149475</ele>
				<time>2026-08-03T17:30:09Z</time>
			</trkpt>
			<trkpt lat="59.95075634293375" lon="30.305816937383813">
				<ele>1.928440042771399</ele>
				<time>2026-08-03T17:30:11Z</time>
			</trkpt>
			<trkpt lat="59.95074012685678" lon="30.305833975184676">
				<ele>2.3313833978027105</ele>
				<time>2026-08-03T17:30:12Z</time>
			</trkpt>
			<trkpt lat="59.950719477188585" lon="30.30585913249207">
				<ele>2.0315486136823893</ele>
				<time>2026-08-03T17:30:13Z</time>
			</trkpt>
			<trkpt lat="59.95070048769883" lon="30.305883393089484">
				<ele>1.5132615761831403</ele>
				<time>2026-08-03T17:30:15Z</time>
			</trkpt>
			<trkpt lat="59.950686407573315" lon="30.305924563886226">
				<ele>0.7443408155813813</ele>
				<time>2026-08-03T17:30:17Z</time>
			</trkpt>
			<trkpt lat="59.95067875905237" lon="30.305970171762322">
				<ele>1.625432820059359</ele>
				<time>2026-08-03T17:30:19Z</time>
			</trkpt>
			<trkpt lat="59.950676702813475" lon="30.306012603682152">
				<ele>1.6153722256422043</ele>
				<time>2026-08-03T17:30:22Z</time>
			</trkpt>
			<trkpt lat="59.95069786434537" lon="30.306016905966867">
				<ele>0.820620346814394</ele>
				<time>2026-08-03T17:30:25Z</time>
			</trkpt>
			<trkpt lat="59.95071649167585" lon="30.305990310714723">
				<ele>0.7648161221295595</ele>
				<time>2026-08-03T17:30:28Z</time>
			</trkpt>
			<trkpt lat="59.95074411530053" lon="30.30597593512369">
				<ele>1.0553480982780457</ele>
				<time>2026-08-03T17:30:30Z</time>
			</trkpt>
			<trkpt lat="59.9507473207974" lon="30.305971360387336">
				<ele>2.1027605468407273</ele>
				<time>2026-08-03T17:30:40Z</time>
			</trkpt>
			<trkpt lat="59.95073468720964" lon="30.305943373337286">
				<ele>0.9737102650105953</ele>
				<time>2026-08-03T17:30:46Z</time>
			</trkpt>
			<trkpt lat="59.95074202826693" lon="30.30591024924384">
				<ele>2.5527322087436914</ele>
				<time>2026-08-03T17:30:54Z</time>
			</trkpt>
			<trkpt lat="59.950758253420815" lon="30.3058907248198">
				<ele>3.9486242150887847</ele>
				<time>2026-08-03T17:30:57Z</time>
			</trkpt>
			<trkpt lat="59.95078188967077" lon="30.305891026938838">
				<ele>3.7201624838635325</ele>
				<time>2026-08-03T17:31:00Z</time>
			</trkpt>
			<trkpt lat="59.95080791725193" lon="30.305875002050183">
				<ele>3.289216878823936</ele>
				<time>2026-08-03T17:31:05Z</time>
			</trkpt>
			<trkpt lat="59.9508295334861" lon="30.305875559344113">
				<ele>3.03071818780154</ele>
				<time>2026-08-03T17:31:07Z</time>
			</trkpt>
			<trkpt lat="59.95084854269267" lon="30.305866766623158">
				<ele>2.8990071285516024</ele>
				<time>2026-08-03T17:31:09Z</time>
			</trkpt>
			<trkpt lat="59.950876250826" lon="30.305882112754073">
				<ele>3.3149794237688184</ele>
				<time>2026-08-03T17:31:11Z</time>
			</trkpt>
			<trkpt lat="59.95089067411259" lon="30.305852706652722">
				<ele>2.9837921326979995</ele>
				<time>2026-08-03T17:31:13Z</time>
			</trkpt>
			<trkpt lat="59.950931015924915" lon="30.30582362795074">
				<ele>2.899150660261512</ele>
				<time>2026-08-03T17:31:14Z</time>
			</trkpt>
			<trkpt lat="59.950951723233736" lon="30.305837702618497">
				<ele>3.6590808164328337</ele>
				<time>2026-08-03T17:31:16Z</time>
			</trkpt>
			<trkpt lat="59.95093450298372" lon="30.30581466893833">
				<ele>3.1874630637466908</ele>
				<time>2026-08-03T17:31:17Z</time>
			</trkpt>
			<trkpt lat="59.95095155791227" lon="30.305754638391644">
				<ele>3.4284857138991356</ele>
				<time>2026-08-03T17:31:19Z</time>
			</trkpt>
			<trkpt lat="59.95097979467817" lon="30.30579989303048">
				<ele>2.3987409062683582</ele>
				<time>2026-08-03T17:31:20Z</time>
			</trkpt>
			<trkpt lat="59.951003224109854" lon="30.305781958298024">
				<ele>3.1562531795352697</ele>
				<time>2026-08-03T17:31:21Z</time>
			</trkpt>
			<trkpt lat="59.95104034095341" lon="30.30578204779222">
				<ele>3.0944012850522995</ele>
				<time>2026-08-03T17:31:23Z</time>
			</trkpt>
			<trkpt lat="59.95108022993825" lon="30.305786147960294">
				<ele>3.0199979413300753</ele>
				<time>2026-08-03T17:31:25Z</time>
			</trkpt>
			<trkpt lat="59.951113597039104" lon="30.305793033996196">
				<ele>3.096172579564154</ele>
				<time>2026-08-03T17:31:27Z</time>
			</trkpt>
			<trkpt lat="59.95111741323228" lon="30.305755197241208">
				<ele>2.6925104232504964</ele>
				<time>2026-08-03T17:31:28Z</time>
			</trkpt>
			<trkpt lat="59.95113753421323" lon="30.305722861244497">
				<ele>3.7354291463270783</ele>
				<time>2026-08-03T17:31:32Z</time>
			</trkpt>
			<trkpt lat="59.95110944435228" lon="30.30571076216112">
				<ele>2.4548337971791625</ele>
				<time>2026-08-03T17:31:33Z</time>
			</trkpt>
			<trkpt lat="59.951125136509845" lon="30.305688734064887">
				<ele>2.2720367470756173</ele>
				<time>2026-08-03T17:31:36Z</time>
			</trkpt>
			<trkpt lat="59.95114456960099" lon="30.305698344302744">
				<ele>3.137711947783828</ele>
				<time>2026-08-03T17:31:37Z</time>
			</trkpt>
			<trkpt lat="59.95116467931186" lon="30.305699592755843">
				<ele>2.8163718841969967</ele>
				<time>2026-08-03T17:31:38Z</time>
			</trkpt>
			<trkpt lat="59.9511819092269" lon="30.30566337363212">
				<ele>1.9274324923753738</ele>
				<time>2026-08-03T17:31:40Z</time>
			</trkpt>
			<trkpt lat="59.95120330668062" lon="30.305668525653694">
				<ele>1.9564975164830685</ele>
				<time>2026-08-03T17:31:41Z</time>
			</trkpt>
			<trkpt lat="59.951226828366536" lon="30.305682798362483">
				<ele>2.4714681021869183</ele>
				<time>2026-08-03T17:31:43Z</time>
			</trkpt>
			<trkpt lat="59.95124452641311" lon="30.30565597892764">
				<ele>2.5867825662717223</ele>
				<time>2026-08-03T17:31:46Z</time>
			</trkpt>
			<trkpt lat="59.95126696445961" lon="30.30565823399191">
				<ele>2.091580042615533</ele>
				<time>2026-08-03T17:31:48Z</time>
			</trkpt>
			<trkpt lat="59.9512879087434" lon="30.30566589177069">
				<ele>2.1110717626288533</ele>
				<time>2026-08-03T17:31:50Z</time>
			</trkpt>
			<trkpt lat="59.95132909910383" lon="30.30569500076216">
				<ele>2.908804605714977</ele>
				<time>2026-08-03T17:31:53Z</time>
			</trkpt>
			<trkpt lat="59.95136232707645" lon="30.305707987279032">
				<ele>3.062617462128401</ele>
				<time>2026-08-03T17:31:54Z</time>
			</trkpt>
			<trkpt lat="59.951374955444756" lon="30.30564100882146">
				<ele>2.9510234873741865</ele>
				<time>2026-08-03T17:31:55Z</time>
			</trkpt>
			<trkpt lat="59.95140747366337" lon="30.305632608882906">
				<ele>3.5634188298135996</ele>
				<time>2026-08-03T17:31:57Z</time>
			</trkpt>
			<trkpt lat="59.95143408386831" lon="30.30563276512411">
				<ele>3.665422626771033</ele>
				<time>2026-08-03T17:31:59Z</time>
			</trkpt>
			<trkpt lat="59.95145307952955" lon="30.30564771159446">
				<ele>3.4762300038710237</ele>
				<time>2026-08-03T17:32:00Z</time>
			</trkpt>
			<trkpt lat="59.951473524293135" lon="30.30563791916945">
				<ele>3.4569584662094712</ele>
				<time>2026-08-03T17:32:03Z</time>
			</trkpt>
			<trkpt lat="59.9514951671414" lon="30.305652745043382">
				<ele>4.064091051928699</ele>
				<time>2026-08-03T17:32:04Z</time>
			</trkpt>
			<trkpt lat="59.95151557165853" lon="30.305659915956934">
				<ele>3.5759033989161253</ele>
				<time>2026-08-03T17:32:05Z</time>
			</trkpt>
			<trkpt lat="59.951537850988416" lon="30.30566102185341">
				<ele>3.993320034816861</ele>
				<time>2026-08-03T17:32:07Z</time>
			</trkpt>
			<trkpt lat="59.95155736601131" lon="30.305678348203255">
				<ele>3.733824936673045</ele>
				<time>2026-08-03T17:32:09Z</time>
			</trkpt>
			<trkpt lat="59.95158541022874" lon="30.305655361878575">
				<ele>4.458071194589138</ele>
				<time>2026-08-03T17:32:11Z</time>
			</trkpt>
			<trkpt lat="59.951629602754515" lon="30.3056349957658">
				<ele>3.2744118440896273</ele>
				<time>2026-08-03T17:32:14Z</time>
			</trkpt>
			<trkpt lat="59.95165042849669" lon="30.305637619857638">
				<ele>3.081282556988299</ele>
				<time>2026-08-03T17:32:15Z</time>
			</trkpt>
			<trkpt lat="59.951640879198514" lon="30.30559754728717">
				<ele>3.2532273260876536</ele>
				<time>2026-08-03T17:32:17Z</time>
			</trkpt>
			<trkpt lat="59.95164059135489" lon="30.305553852487794">
				<ele>4.2728829849511385</ele>
				<time>2026-08-03T17:32:19Z</time>
			</trkpt>
			<trkpt lat="59.951640960926476" lon="30.305510729973822">
				<ele>4.6188305066898465</ele>
				<time>2026-08-03T17:32:21Z</time>
			</trkpt>
			<trkpt lat="59.951628207847705" lon="30.305542030642684">
				<ele>1.865003782324493</ele>
				<time>2026-08-03T17:32:26Z</time>
			</trkpt>
			<trkpt lat="59.95163562889302" lon="30.305581199032698">
				<ele>1.55558614525944</ele>
				<time>2026-08-03T17:32:27Z</time>
			</trkpt>
			<trkpt lat="59.951663563304585" lon="30.30557262360069">
				<ele>1.9285828694701195</ele>
				<time>2026-08-03T17:32:31Z</time>
			</trkpt>
			<trkpt lat="59.95166534915094" lon="30.30561414073629">
				<ele>1.703931998461485</ele>
				<time>2026-08-03T17:32:33Z</time>
			</trkpt>
			<trkpt lat="59.95165923335959" lon="30.305687407287834">
				<ele>1.8401224743574858</ele>
				<time>2026-08-03T17:32:35Z</time>
			</trkpt>
			<trkpt lat="59.95164876932772" lon="30.305734307248255">
				<ele>1.1766086015850306</ele>
				<time>2026-08-03T17:32:36Z</time>
			</trkpt>
			<trkpt lat="59.95164903598726" lon="30.305785424974918">
				<ele>0.6499908966943622</ele>
				<time>2026-08-03T17:32:38Z</time>
			</trkpt>
			<trkpt lat="59.95164624854929" lon="30.305825893719636">
				<ele>1.513367592357099</ele>
				<time>2026-08-03T17:32:39Z</time>
			</trkpt>
			<trkpt lat="59.95162090686043" lon="30.305832594981396">
				<ele>-0.35623721219599247</ele>
				<time>2026-08-03T17:32:41Z</time>
			</trkpt>
			<trkpt lat="59.95159746772435" lon="30.305800082682964">
				<ele>0.4835066320374608</ele>
				<time>2026-08-03T17:32:43Z</time>
			</trkpt>
			<trkpt lat="59.95160216658143" lon="30.305853794850357">
				<ele>1.7829471165314317</ele>
				<time>2026-08-03T17:32:46Z</time>
			</trkpt>
			<trkpt lat="59.95158672078734" lon="30.305926970573754">
				<ele>1.0866436567157507</ele>
				<time>2026-08-03T17:32:47Z</time>
			</trkpt>
			<trkpt lat="59.95161074639455" lon="30.305951433026806">
				<ele>3.406905436888337</ele>
				<time>2026-08-03T17:32:49Z</time>
			</trkpt>
			<trkpt lat="59.951593881140134" lon="30.305973672971806">
				<ele>3.3985574040561914</ele>
				<time>2026-08-03T17:32:51Z</time>
			</trkpt>
			<trkpt lat="59.95157547717733" lon="30.305993740086887">
				<ele>3.7706401282921433</ele>
				<time>2026-08-03T17:32:53Z</time>
			</trkpt>
			<trkpt lat="59.951550299921415" lon="30.30600190042146">
				<ele>4.622708183713257</ele>
				<time>2026-08-03T17:32:56Z</time>
			</trkpt>
			<trkpt lat="59.95153452711985" lon="30.30602038425498">
				<ele>4.6065052803605795</ele>
				<time>2026-08-03T17:32:58Z</time>
			</trkpt>
			<trkpt lat="59.95152210446884" lon="30.306052112184993">
				<ele>4.410780613310635</ele>
				<time>2026-08-03T17:32:59Z</time>
			</trkpt>
			<trkpt lat="59.95150286537811" lon="30.306067242107726">
				<ele>4.415910122916102</ele>
				<time>2026-08-03T17:33:02Z</time>
			</trkpt>
			<trkpt lat="59.95147941219452" lon="30.306076621734253">
				<ele>3.524764185771346</ele>
				<time>2026-08-03T17:33:03Z</time>
			</trkpt>
			<trkpt lat="59.95148406951596" lon="30.306115158797308">
				<ele>3.770889123901725</ele>
				<time>2026-08-03T17:33:07Z</time>
			</trkpt>
			<trkpt lat="59.951482188877236" lon="30.306060442991686">
				<ele>2.87506590411067</ele>
				<time>2026-08-03T17:33:09Z</time>
			</trkpt>
			<trkpt lat="59.95145490995238" lon="30.305999665425425">
				<ele>3.83411499671638</ele>
				<time>2026-08-03T17:33:11Z</time>
			</trkpt>
			<trkpt lat="59.951436269679206" lon="30.306019245296802">
				<ele>3.8375482158735394</ele>
				<time>2026-08-03T17:33:12Z</time>
			</trkpt>
			<trkpt lat="59.951416914039406" lon="30.30602813002812">
				<ele>4.335081662982702</ele>
				<time>2026-08-03T17:33:13Z</time>
			</trkpt>
			<trkpt lat="59.95140248685604" lon="30.3059906025633">
				<ele>5.527542693540454</ele>
				<time>2026-08-03T17:33:29Z</time>
			</trkpt>
			<trkpt lat="59.95139579902958" lon="30.305942535720305">
				<ele>5.977829392068088</ele>
				<time>2026-08-03T17:33:31Z</time>
			</trkpt>
			<trkpt lat="59.95139828135568" lon="30.305903429855857">
				<ele>7.8046453427523375</ele>
				<time>2026-08-03T17:33:34Z</time>
			</trkpt>
			<trkpt lat="59.95132745225171" lon="30.305883022272983">
				<ele>6.601546210236847</ele>
				<time>2026-08-03T17:33:37Z</time>
			</trkpt>
			<trkpt lat="59.951307708898106" lon="30.305927447245363">
				<ele>6.755260793492198</ele>
				<time>2026-08-03T17:33:38Z</time>
			</trkpt>
			<trkpt lat="59.95127609305217" lon="30.305932470384885">
				<ele>6.849547052755952</ele>
				<time>2026-08-03T17:33:39Z</time>
			</trkpt>
			<trkpt lat="59.951255002995396" lon="30.305942356017756">
				<ele>6.565089408308268</ele>
				<time>2026-08-03T17:33:40Z</time>
			</trkpt>
			<trkpt lat="59.95122617093033" lon="30.30588522492844">
				<ele>6.80614142678678</ele>
				<time>2026-08-03T17:33:41Z</time>
			</trkpt>
			<trkpt lat="59.95120053066962" lon="30.305916330317835">
				<ele>6.506192925386131</ele>
				<time>2026-08-03T17:33:42Z</time>
			</trkpt>
			<trkpt lat="59.9511630499412" lon="30.305948573798254">
				<ele>6.534031519666314</ele>
				<time>2026-08-03T17:33:43Z</time>
			</trkpt>
			<trkpt lat="59.951144679931254" lon="30.305925798322633">
				<ele>7.107071006670594</ele>
				<time>2026-08-03T17:33:44Z</time>
			</trkpt>
			<trkpt lat="59.95115389196716" lon="30.30597926083944">
				<ele>7.164097496308386</ele>
				<time>2026-08-03T17:33:45Z</time>
			</trkpt>
			<trkpt lat="59.95112120839987" lon="30.30598356927963">
				<ele>6.513762274757028</ele>
				<time>2026-08-03T17:33:46Z</time>
			</trkpt>
			<trkpt lat="59.95109822154338" lon="30.30597583005838">
				<ele>6.56154034473002</ele>
				<time>2026-08-03T17:33:48Z</time>
			</trkpt>
			<trkpt lat="59.95108090059222" lon="30.306017056680236">
				<ele>6.755882843397558</ele>
				<time>2026-08-03T17:33:50Z</time>
			</trkpt>
			<trkpt lat="59.95107100399222" lon="30.3060513514246">
				<ele>7.998067270964384</ele>
				<time>2026-08-03T17:33:54Z</time>
			</trkpt>
			<trkpt lat="59.95103856405694" lon="30.306036218614526">
				<ele>7.527602586895227</ele>
				<time>2026-08-03T17:33:57Z</time>
			</trkpt>
			<trkpt lat="59.95101993103831" lon="30.306079538256377">
				<ele>7.642494325526059</ele>
				<time>2026-08-03T17:33:59Z</time>
			</trkpt>
			<trkpt lat="59.950999246103514" lon="30.306078941752297">
				<ele>7.660575553774834</ele>
				<time>2026-08-03T17:34:00Z</time>
			</trkpt>
			<trkpt lat="59.950944150572184" lon="30.30609150769039">
				<ele>7.255023458972573</ele>
				<time>2026-08-03T17:34:02Z</time>
			</trkpt>
			<trkpt lat="59.9509276902369" lon="30.306058366975105">
				<ele>7.9656252190470695</ele>
				<time>2026-08-03T17:34:04Z</time>
			</trkpt>
			<trkpt lat="59.95090874670415" lon="30.30608243736971">
				<ele>8.39112848136574</ele>
				<time>2026-08-03T17:34:05Z</time>
			</trkpt>
			<trkpt lat="59.95088789728186" lon="30.30609505227708">
				<ele>8.110975817777216</ele>
				<time>2026-08-03T17:34:06Z</time>
			</trkpt>
			<trkpt lat="59.95086881068788" lon="30.306107388248662">
				<ele>8.030184341594577</ele>
				<time>2026-08-03T17:34:07Z</time>
			</trkpt>
			<trkpt lat="59.950848348414745" lon="30.30610525315491">
				<ele>8.544452766887844</ele>
				<time>2026-08-03T17:34:08Z</time>
			</trkpt>
			<trkpt lat="59.95082424988417" lon="30.306123538885746">
				<ele>8.217144053429365</ele>
				<time>2026-08-03T17:34:12Z</time>
			</trkpt>
			<trkpt lat="59.95080437871509" lon="30.306148927663983">
				<ele>8.149185311980546</ele>
				<time>2026-08-03T17:34:14Z</time>
			</trkpt>
			<trkpt lat="59.95078451161316" lon="30.306165590266833">
				<ele>8.115013501606882</ele>
				<time>2026-08-03T17:34:15Z</time>
			</trkpt>
			<trkpt lat="59.950764220804494" lon="30.306168515598916">
				<ele>8.356512885540724</ele>
				<time>2026-08-03T17:34:16Z</time>
			</trkpt>
			<trkpt lat="59.95071564492412" lon="30.30615264350505">
				<ele>9.46182360034436</ele>
				<time>2026-08-03T17:34:18Z</time>
			</trkpt>
			<trkpt lat="59.95069362920226" lon="30.306188465924176">
				<ele>6.111649636179209</ele>
				<time>2026-08-03T17:34:21Z</time>
			</trkpt>
			<trkpt lat="59.950654403818895" lon="30.306269634869224">
				<ele>7.881930190138519</ele>
				<time>2026-08-03T17:34:22Z</time>
			</trkpt>
			<trkpt lat="59.9506454182955" lon="30.306232574858868">
				<ele>6.519159234128892</ele>
				<time>2026-08-03T17:34:23Z</time>
			</trkpt>
			<trkpt lat="59.950618526389306" lon="30.30623009777707">
				<ele>7.125110352411866</ele>
				<time>2026-08-03T17:34:24Z</time>
			</trkpt>
			<trkpt lat="59.950585082473395" lon="30.306239152013376">
				<ele>5.327365334145725</ele>
				<time>2026-08-03T17:34:25Z</time>
			</trkpt>
			<trkpt lat="59.95054729385394" lon="30.306262029600774">
				<ele>7.23441194742918</ele>
				<time>2026-08-03T17:34:26Z</time>
			</trkpt>
			<trkpt lat="59.950506991759724" lon="30.306306819203392">
				<ele>7.411925273016095</ele>
				<time>2026-08-03T17:34:27Z</time>
			</trkpt>
			<trkpt lat="59.95044743153741" lon="30.306368092162565">
				<ele>6.432791521772742</ele>
				<time>2026-08-03T17:34:28Z</time>
			</trkpt>
			<trkpt lat="59.950403324099874" lon="30.306387459387665">
				<ele>4.129326633177698</ele>
				<time>2026-08-03T17:34:29Z</time>
			</trkpt>
			<trkpt lat="59.95036192425096" lon="30.306413714658934">
				<ele>5.4875672329217196</ele>
				<time>2026-08-03T17:34:30Z</time>
			</trkpt>
			<trkpt lat="59.95033314668165" lon="30.306427231420948">
				<ele>5.070818698965013</ele>
				<time>2026-08-03T17:34:31Z</time>
			</trkpt>
			<trkpt lat="59.95029017092479" lon="30.30644052584516">
				<ele>5.815661976113915</ele>
				<time>2026-08-03T17:34:32Z</time>
			</trkpt>
			<trkpt lat="59.95027269805524" lon="30.306464658442685">
				<ele>5.782359030097723</ele>
				<time>2026-08-03T17:34:33Z</time>
			</trkpt>
			<trkpt lat="59.95023078374205" lon="30.306472581358562">
				<ele>7.242517109960318</ele>
				<time>2026-08-03T17:34:34Z</time>
			</trkpt>
			<trkpt lat="59.9501913272424" lon="30.306526024298332">
				<ele>7.553014752455056</ele>
				<time>2026-08-03T17:34:35Z</time>
			</trkpt>
			<trkpt lat="59.95014143496376" lon="30.30656386772606">
				<ele>8.104378025978804</ele>
				<time>2026-08-03T17:34:36Z</time>
			</trkpt>
			<trkpt lat="59.95011069917818" lon="30.306616884138847">
				<ele>6.885727006942034</ele>
				<time>2026-08-03T17:34:37Z</time>
			</trkpt>
			<trkpt lat="59.95007862701436" lon="30.306613437323687">
				<ele>5.113935265690088</ele>
				<time>2026-08-03T17:34:38Z</time>
			</trkpt>
			<trkpt lat="59.950032284886646" lon="30.30666284410135">
				<ele>8.098342516459525</ele>
				<time>2026-08-03T17:34:39Z</time>
			</trkpt>
			<trkpt lat="59.94997990375186" lon="30.30669131697053">
				<ele>5.326275235041976</ele>
				<time>2026-08-03T17:34:41Z</time>
			</trkpt>
			<trkpt lat="59.94994768085841" lon="30.30672972212799">
				<ele>4.509533670730889</ele>
				<time>2026-08-03T17:34:42Z</time>
			</trkpt>
			<trkpt lat="59.949912049429415" lon="30.306708444333772">
				<ele>6.623754536733031</ele>
				<time>2026-08-03T17:34:43Z</time>
			</trkpt>
			<trkpt lat="59.94987770791847" lon="30.306724981711824">
				<ele>5.053320690058172</ele>
				<time>2026-08-03T17:34:45Z</time>
			</trkpt>
			<trkpt lat="59.94985728043627" lon="30.30674898883113">
				<ele>4.481759619899094</ele>
				<time>2026-08-03T17:34:46Z</time>
			</trkpt>
			<trkpt lat="59.94983125907548" lon="30.306778530852597">
				<ele>4.4864992294460535</ele>
				<time>2026-08-03T17:34:47Z</time>
			</trkpt>
			<trkpt lat="59.94980972344886" lon="30.306789961814147">
				<ele>4.117846027947962</ele>
				<time>2026-08-03T17:34:48Z</time>
			</trkpt>
			<trkpt lat="59.94978201814008" lon="30.306810531840718">
				<ele>3.7045820858329535</ele>
				<time>2026-08-03T17:34:49Z</time>
			</trkpt>
			<trkpt lat="59.9497517796487" lon="30.306845758424227">
				<ele>4.222582217305899</ele>
				<time>2026-08-03T17:34:51Z</time>
			</trkpt>
			<trkpt lat="59.94973391702892" lon="30.306850617649264">
				<ele>3.729371358640492</ele>
				<time>2026-08-03T17:34:52Z</time>
			</trkpt>
			<trkpt lat="59.949724625809324" lon="30.30688257593624">
				<ele>4.3505433751270175</ele>
				<time>2026-08-03T17:34:53Z</time>
			</trkpt>
			<trkpt lat="59.94970424965812" lon="30.306869629351922">
				<ele>3.371059337630868</ele>
				<time>2026-08-03T17:34:54Z</time>
			</trkpt>
			<trkpt lat="59.94968601130747" lon="30.306876705532297">
				<ele>3.3644069377332926</ele>
				<time>2026-08-03T17:34:55Z</time>
			</trkpt>
			<trkpt lat="59.94966756002136" lon="30.306877334186588">
				<ele>3.737596506252885</ele>
				<time>2026-08-03T17:34:56Z</time>
			</trkpt>
			<trkpt lat="59.94965826123516" lon="30.306909337599805">
				<ele>3.7686737310141325</ele>
				<time>2026-08-03T17:34:59Z</time>
			</trkpt>
			<trkpt lat="59.949652283005214" lon="30.306781820246897">
				<ele>3.5677764415740967</ele>
				<time>2026-08-03T17:35:00Z</time>
			</trkpt>
			<trkpt lat="59.949703032950175" lon="30.30673671753601">
				<ele>2.850125334225595</ele>
				<time>2026-08-03T17:35:02Z</time>
			</trkpt>
			<trkpt lat="59.94973078265387" lon="30.306753270205576">
				<ele>2.497441615909338</ele>
				<time>2026-08-03T17:35:09Z</time>
			</trkpt>
			<trkpt lat="59.949702135581134" lon="30.306764483015574">
				<ele>3.24638485442847</ele>
				<time>2026-08-03T17:35:13Z</time>
			</trkpt>
			<trkpt lat="59.949730854280844" lon="30.306760339704496">
				<ele>2.73403244279325</ele>
				<time>2026-08-03T17:35:18Z</time>
			</trkpt>
			<trkpt lat="59.94973205715674" lon="30.306713881225047">
				<ele>2.6935807494446635</ele>
				<time>2026-08-03T17:35:30Z</time>
			</trkpt>
			<trkpt lat="59.94972585234945" lon="30.306748426956325">
				<ele>2.3596626752987504</ele>
				<time>2026-08-03T17:35:41Z</time>
			</trkpt>
			<trkpt lat="59.9495883162154" lon="30.306829777220567">
				<ele>2.197626853361726</ele>
				<time>2026-08-03T17:35:42Z</time>
			</trkpt>
			<trkpt lat="59.94956616243957" lon="30.306869228098954">
				<ele>2.841588036157191</ele>
				<time>2026-08-03T17:35:43Z</time>
			</trkpt>
			<trkpt lat="59.94954381107615" lon="30.306865287282506">
				<ele>3.1844915617257357</ele>
				<time>2026-08-03T17:35:44Z</time>
			</trkpt>
		</trkseg>
	</trk>
</gpx>
