<?xml version="1.0" encoding="UTF-8"?>
<gpx xmlns:xsi="http://www.w3.org/2001/XMLSchema-instance" xmlns="http://www.topografix.com/GPX/1/1" xsi:schemaLocation="http://www.topografix.com/GPX/1/1 http://www.topografix.com/GPX/1/1/gpx.xsd" version="1.1" creator="Open GPX Tracker for iOS">
	<trk>
		<trkseg>
			<trkpt lat="59.94912054077563" lon="30.27469482225153">
				<ele>10.32316644817529</ele>
				<time>2026-08-21T15:17:45Z</time>
			</trkpt>
			<trkpt lat="59.949362366300676" lon="30.274778039966932">
				<ele>20.85052490234375</ele>
				<time>2026-08-21T15:17:51Z</time>
			</trkpt>
			<trkpt lat="59.94943058486748" lon="30.27504239293399">
				<ele>9.81146240234375</ele>
				<time>2026-08-21T15:17:52Z</time>
			</trkpt>
			<trkpt lat="59.94939594990854" lon="30.27510976298095">
				<ele>2.671875</ele>
				<time>2026-08-21T15:17:53Z</time>
			</trkpt>
			<trkpt lat="59.9494595033299" lon="30.274942002393622">
				<ele>7.7545166015625</ele>
				<time>2026-08-21T15:17:54Z</time>
			</trkpt>
			<trkpt lat="59.94948051020723" lon="30.274887358723813">
				<ele>6.7828369140625</ele>
				<time>2026-08-21T15:17:55Z</time>
			</trkpt>
			<trkpt lat="59.949502433967645" lon="30.27487803615282">
				<ele>7.8076171875</ele>
				<time>2026-08-21T15:17:57Z</time>
			</trkpt>
			<trkpt lat="59.9495318207596" lon="30.274858508076395">
				<ele>8.4312744140625</ele>
				<time>2026-08-21T15:17:58Z</time>
			</trkpt>
			<trkpt lat="59.94955206218731" lon="30.27483638626512">
				<ele>8.4969482421875</ele>
				<time>2026-08-21T15:17:59Z</time>
			</trkpt>
			<trkpt lat="59.94953135149707" lon="30.274780663577985">
				<ele>8.69647216796875</ele>
				<time>2026-08-21T15:18:00Z</time>
			</trkpt>
			<trkpt lat="59.94961006125986" lon="30.274835791813796">
				<ele>6.75030517578125</ele>
				<time>2026-08-21T15:18:01Z</time>
			</trkpt>
			<trkpt lat="59.94964992216979" lon="30.27481839845572">
				<ele>6.8070068359375</ele>
				<time>2026-08-21T15:18:02Z</time>
			</trkpt>
			<trkpt lat="59.949653410259174" lon="30.274777524849863">
				<ele>6.868219673633575</ele>
				<time>2026-08-21T15:18:03Z</time>
			</trkpt>
			<trkpt lat="59.94967110100543" lon="30.274744050236343">
				<ele>46.56111577991396</ele>
				<time>2026-08-21T15:18:06Z</time>
			</trkpt>
			<trkpt lat="59.94969661474413" lon="30.27475762724305">
				<ele>48.71699955780059</ele>
				<time>2026-08-21T15:18:08Z</time>
			</trkpt>
			<trkpt lat="59.94972521434954" lon="30.274836476112267">
				<ele>40.74943822063506</ele>
				<time>2026-08-21T15:18:09Z</time>
			</trkpt>
			<trkpt lat="59.94976070046505" lon="30.274919324985387">
				<ele>37.68374620284885</ele>
				<time>2026-08-21T15:18:10Z</time>
			</trkpt>
			<trkpt lat="59.94981307758852" lon="30.27490561253103">
				<ele>41.30624565947801</ele>
				<time>2026-08-21T15:18:11Z</time>
			</trkpt>
			<trkpt lat="59.949820074883185" lon="30.27486260536872">
				<ele>49.61903848126531</ele>
				<time>2026-08-21T15:18:12Z</time>
			</trkpt>
			<trkpt lat="59.94982357109748" lon="30.274815574767494">
				<ele>48.085020378232</ele>
				<time>2026-08-21T15:18:13Z</time>
			</trkpt>
			<trkpt lat="59.949758852932675" lon="30.27484836878753">
				<ele>40.6693880725652</ele>
				<time>2026-08-21T15:18:14Z</time>
			</trkpt>
			<trkpt lat="59.94975885273431" lon="30.274884980804355">
				<ele>38.42208903841674</ele>
				<time>2026-08-21T15:18:15Z</time>
			</trkpt>
			<trkpt lat="59.94977565938284" lon="30.27490378360097">
				<ele>41.34685567393899</ele>
				<time>2026-08-21T15:18:16Z</time>
			</trkpt>
			<trkpt lat="59.94979386372286" lon="30.274956056953027">
				<ele>40.1345562748611</ele>
				<time>2026-08-21T15:18:18Z</time>
			</trkpt>
			<trkpt lat="59.949802189477616" lon="30.274997283634214">
				<ele>39.79095301963389</ele>
				<time>2026-08-21T15:18:21Z</time>
			</trkpt>
			<trkpt lat="59.94981681470548" lon="30.275030534348602">
				<ele>40.08962859213352</ele>
				<time>2026-08-21T15:18:23Z</time>
			</trkpt>
			<trkpt lat="59.9496851710091" lon="30.27493839935915">
				<ele>16.657045206986368</ele>
				<time>2026-08-21T15:18:24Z</time>
			</trkpt>
			<trkpt lat="59.94967073018663" lon="30.2749165826187">
				<ele>16.13948219269514</ele>
				<time>2026-08-21T15:18:25Z</time>
			</trkpt>
			<trkpt lat="59.94966435126081" lon="30.274964848190955">
				<ele>14.333993342705071</ele>
				<time>2026-08-21T15:18:26Z</time>
			</trkpt>
			<trkpt lat="59.94966164068751" lon="30.27500636831094">
				<ele>15.815522657707334</ele>
				<time>2026-08-21T15:18:27Z</time>
			</trkpt>
			<trkpt lat="59.949678072614375" lon="30.2750383858185">
				<ele>15.16085606534034</ele>
				<time>2026-08-21T15:18:29Z</time>
			</trkpt>
			<trkpt lat="59.94969472970547" lon="30.275085785210944">
				<ele>15.405970341525972</ele>
				<time>2026-08-21T15:18:32Z</time>
			</trkpt>
			<trkpt lat="59.94971801971566" lon="30.275126400104188">
				<ele>15.022476194426417</ele>
				<time>2026-08-21T15:18:35Z</time>
			</trkpt>
			<trkpt lat="59.94973199298701" lon="30.275161471834586">
				<ele>13.978253851644695</ele>
				<time>2026-08-21T15:18:37Z</time>
			</trkpt>
			<trkpt lat="59.94974747291333" lon="30.275189614059958">
				<ele>14.747114374302328</ele>
				<time>2026-08-21T15:18:38Z</time>
			</trkpt>
			<trkpt lat="59.94975309731877" lon="30.275241093547663">
				<ele>14.526229228824377</ele>
				<time>2026-08-21T15:18:40Z</time>
			</trkpt>
			<trkpt lat="59.949747457082616" lon="30.275294883250236">
				<ele>14.455790085718036</ele>
				<time>2026-08-21T15:18:42Z</time>
			</trkpt>
			<trkpt lat="59.94974115290829" lon="30.275331500531184">
				<ele>14.27550068218261</ele>
				<time>2026-08-21T15:18:43Z</time>
			</trkpt>
			<trkpt lat="59.94973913392806" lon="30.27539800211689">
				<ele>13.637374987825751</ele>
				<time>2026-08-21T15:18:45Z</time>
			</trkpt>
			<trkpt lat="59.94972981542619" lon="30.27544473060759">
				<ele>12.003710039891303</ele>
				<time>2026-08-21T15:18:48Z</time>
			</trkpt>
			<trkpt lat="59.94972746872127" lon="30.275490258779296">
				<ele>12.743404673412442</ele>
				<time>2026-08-21T15:18:51Z</time>
			</trkpt>
			<trkpt lat="59.949736909813176" lon="30.275530386413116">
				<ele>12.029986289329827</ele>
				<time>2026-08-21T15:18:53Z</time>
			</trkpt>
			<trkpt lat="59.949727924512196" lon="30.275583406498043">
				<ele>12.987532119266689</ele>
				<time>2026-08-21T15:18:55Z</time>
			</trkpt>
			<trkpt lat="59.949727501172454" lon="30.275629914284785">
				<ele>13.634428465738893</ele>
				<time>2026-08-21T15:18:57Z</time>
			</trkpt>
			<trkpt lat="59.9496932770997" lon="30.275674162874303">
				<ele>13.18547979556024</ele>
				<time>2026-08-21T15:18:59Z</time>
			</trkpt>
			<trkpt lat="59.949687397804745" lon="30.27571844773706">
				<ele>12.321397726424038</ele>
				<time>2026-08-21T15:19:00Z</time>
			</trkpt>
			<trkpt lat="59.9496818253085" lon="30.27578127492564">
				<ele>11.908090536482632</ele>
				<time>2026-08-21T15:19:02Z</time>
			</trkpt>
			<trkpt lat="59.94967430746521" lon="30.27581556790126">
				<ele>10.526726219803095</ele>
				<time>2026-08-21T15:19:04Z</time>
			</trkpt>
			<trkpt lat="59.949681435879064" lon="30.275852361885047">
				<ele>10.911030172370374</ele>
				<time>2026-08-21T15:19:05Z</time>
			</trkpt>
			<trkpt lat="59.949700433148465" lon="30.275869786391286">
				<ele>11.096196097321808</ele>
				<time>2026-08-21T15:19:08Z</time>
			</trkpt>
			<trkpt lat="59.94973236340412" lon="30.275949306463815">
				<ele>10.539418041706085</ele>
				<time>2026-08-21T15:19:09Z</time>
			</trkpt>
			<trkpt lat="59.949757065891745" lon="30.27596364247217">
				<ele>9.667487868107855</ele>
				<time>2026-08-21T15:19:11Z</time>
			</trkpt>
			<trkpt lat="59.9497699682871" lon="30.27599999528932">
				<ele>8.57021997217089</ele>
				<time>2026-08-21T15:19:12Z</time>
			</trkpt>
			<trkpt lat="59.949778797892684" lon="30.27603991785323">
				<ele>8.017528879456222</ele>
				<time>2026-08-21T15:19:13Z</time>
			</trkpt>
			<trkpt lat="59.9497981106661" lon="30.2760826466196">
				<ele>6.915395696647465</ele>
				<time>2026-08-21T15:19:15Z</time>
			</trkpt>
			<trkpt lat="59.94980976462855" lon="30.27611045992603">
				<ele>8.491371802985668</ele>
				<time>2026-08-21T15:19:16Z</time>
			</trkpt>
			<trkpt lat="59.949804910746" lon="30.27617330392212">
				<ele>7.825187887065113</ele>
				<time>2026-08-21T15:19:18Z</time>
			</trkpt>
			<trkpt lat="59.949790855445265" lon="30.276253694345282">
				<ele>8.227259687148035</ele>
				<time>2026-08-21T15:19:20Z</time>
			</trkpt>
			<trkpt lat="59.94978570791735" lon="30.27629522430014">
				<ele>8.093812105245888</ele>
				<time>2026-08-21T15:19:21Z</time>
			</trkpt>
			<trkpt lat="59.94978148311918" lon="30.276343035234515">
				<ele>7.134658250957727</ele>
				<time>2026-08-21T15:19:22Z</time>
			</trkpt>
			<trkpt lat="59.949774039042346" lon="30.276380508814476">
				<ele>7.315453436225653</ele>
				<time>2026-08-21T15:19:23Z</time>
			</trkpt>
			<trkpt lat="59.94977934049431" lon="30.2764151932133">
				<ele>7.4105693669989705</ele>
				<time>2026-08-21T15:19:24Z</time>
			</trkpt>
			<trkpt lat="59.9497780865835" lon="30.276457349591396">
				<ele>7.0132583528757095</ele>
				<time>2026-08-21T15:19:25Z</time>
			</trkpt>
			<trkpt lat="59.94979127078227" lon="30.276487772851826">
				<ele>7.291042088530958</ele>
				<time>2026-08-21T15:19:28Z</time>
			</trkpt>
			<trkpt lat="59.94979207457788" lon="30.276540669484326">
				<ele>6.398722121492028</ele>
				<time>2026-08-21T15:19:30Z</time>
			</trkpt>
			<trkpt lat="59.949789223177525" lon="30.276576091708844">
				<ele>7.702313428744674</ele>
				<time>2026-08-21T15:19:31Z</time>
			</trkpt>
			<trkpt lat="59.94978760502076" lon="30.27661265205842">
				<ele>7.411560976877809</ele>
				<time>2026-08-21T15:19:32Z</time>
			</trkpt>
			<trkpt lat="59.949799234013504" lon="30.276643866527316">
				<ele>6.241829114034772</ele>
				<time>2026-08-21T15:19:35Z</time>
			</trkpt>
			<trkpt lat="59.9498032943788" lon="30.2766894321904">
				<ele>5.125059021636844</ele>
				<time>2026-08-21T15:19:38Z</time>
			</trkpt>
			<trkpt lat="59.94979477982738" lon="30.276749162249256">
				<ele>5.561086659319699</ele>
				<time>2026-08-21T15:19:40Z</time>
			</trkpt>
			<trkpt lat="59.94979443923634" lon="30.27680687095013">
				<ele>6.824130794964731</ele>
				<time>2026-08-21T15:19:42Z</time>
			</trkpt>
			<trkpt lat="59.94978846483617" lon="30.276851334704688">
				<ele>6.137181314639747</ele>
				<time>2026-08-21T15:19:43Z</time>
			</trkpt>
			<trkpt lat="59.949804476803315" lon="30.276891714838438">
				<ele>5.860106056556106</ele>
				<time>2026-08-21T15:19:45Z</time>
			</trkpt>
			<trkpt lat="59.94980906177744" lon="30.276943485261864">
				<ele>5.249809879809618</ele>
				<time>2026-08-21T15:19:47Z</time>
			</trkpt>
			<trkpt lat="59.949803249649534" lon="30.276985822033236">
				<ele>3.457362518645823</ele>
				<time>2026-08-21T15:19:49Z</time>
			</trkpt>
			<trkpt lat="59.94980739634332" lon="30.27703789597794">
				<ele>3.7602068427950144</ele>
				<time>2026-08-21T15:19:51Z</time>
			</trkpt>
			<trkpt lat="59.949803030483196" lon="30.277087566473558">
				<ele>4.7579606948420405</ele>
				<time>2026-08-21T15:19:53Z</time>
			</trkpt>
			<trkpt lat="59.94979475905496" lon="30.277130777366747">
				<ele>4.302496041171253</ele>
				<time>2026-08-21T15:19:54Z</time>
			</trkpt>
			<trkpt lat="59.94980411329239" lon="30.277207710713675">
				<ele>4.478993619792163</ele>
				<time>2026-08-21T15:19:56Z</time>
			</trkpt>
			<trkpt lat="59.94979761777445" lon="30.277254122555792">
				<ele>3.8744179885834455</ele>
				<time>2026-08-21T15:19:59Z</time>
			</trkpt>
			<trkpt lat="59.949790240450184" lon="30.277289210775702">
				<ele>4.123007036745548</ele>
				<time>2026-08-21T15:20:01Z</time>
			</trkpt>
			<trkpt lat="59.94979127579158" lon="30.277340987407403">
				<ele>4.07063917722553</ele>
				<time>2026-08-21T15:20:03Z</time>
			</trkpt>
			<trkpt lat="59.94978143810652" lon="30.27740352469857">
				<ele>4.743125243112445</ele>
				<time>2026-08-21T15:20:05Z</time>
			</trkpt>
			<trkpt lat="59.949775461157095" lon="30.27746241520144">
				<ele>5.368355599232018</ele>
				<time>2026-08-21T15:20:07Z</time>
			</trkpt>
			<trkpt lat="59.9497593090179" lon="30.277494476921497">
				<ele>5.470250526443124</ele>
				<time>2026-08-21T15:20:08Z</time>
			</trkpt>
			<trkpt lat="59.94975404095535" lon="30.27753252996183">
				<ele>4.242815608158708</ele>
				<time>2026-08-21T15:20:12Z</time>
			</trkpt>
			<trkpt lat="59.94973010743389" lon="30.27758284906035">
				<ele>3.7468434534966946</ele>
				<time>2026-08-21T15:20:14Z</time>
			</trkpt>
			<trkpt lat="59.94971085567738" lon="30.277623153502834">
				<ele>1.287195066921413</ele>
				<time>2026-08-21T15:20:16Z</time>
			</trkpt>
			<trkpt lat="59.94969336033276" lon="30.27763454246906">
				<ele>-0.37462201435118914</ele>
				<time>2026-08-21T15:20:17Z</time>
			</trkpt>
			<trkpt lat="59.94971993045431" lon="30.277620312671417">
				<ele>-0.020867937244474888</ele>
				<time>2026-08-21T15:20:18Z</time>
			</trkpt>
			<trkpt lat="59.94971048833604" lon="30.277652639627075">
				<ele>0.33239265717566013</ele>
				<time>2026-08-21T15:20:19Z</time>
			</trkpt>
			<trkpt lat="59.94970653826014" lon="30.27769255957776">
				<ele>1.632709151133895</ele>
				<time>2026-08-21T15:20:21Z</time>
			</trkpt>
			<trkpt lat="59.94970783360343" lon="30.277752438988482">
				<ele>0.4215601636096835</ele>
				<time>2026-08-21T15:20:23Z</time>
			</trkpt>
			<trkpt lat="59.94969567745545" lon="30.277799776733875">
				<ele>0.870368629693985</ele>
				<time>2026-08-21T15:20:25Z</time>
			</trkpt>
			<trkpt lat="59.949683643648854" lon="30.277852103783896">
				<ele>0.630446127615869</ele>
				<time>2026-08-21T15:20:27Z</time>
			</trkpt>
			<trkpt lat="59.949669396216635" lon="30.27791860381233">
				<ele>1.182912377640605</ele>
				<time>2026-08-21T15:20:29Z</time>
			</trkpt>
			<trkpt lat="59.94965926388828" lon="30.27796754112467">
				<ele>1.4573058020323515</ele>
				<time>2026-08-21T15:20:31Z</time>
			</trkpt>
			<trkpt lat="59.94964070867057" lon="30.278019337092807">
				<ele>0.026174070313572884</ele>
				<time>2026-08-21T15:20:33Z</time>
			</trkpt>
			<trkpt lat="59.94963121667548" lon="30.278070934138054">
				<ele>0.6324315201491117</ele>
				<time>2026-08-21T15:20:35Z</time>
			</trkpt>
			<trkpt lat="59.949628581614924" lon="30.278108686520653">
				<ele>1.1970643233507872</ele>
				<time>2026-08-21T15:20:37Z</time>
			</trkpt>
			<trkpt lat="59.94961832560291" lon="30.278141571016956">
				<ele>1.0191711317747831</ele>
				<time>2026-08-21T15:20:39Z</time>
			</trkpt>
			<trkpt lat="59.949608843687294" lon="30.27818588939912">
				<ele>0.6921310825273395</ele>
				<time>2026-08-21T15:20:41Z</time>
			</trkpt>
			<trkpt lat="59.94959931373235" lon="30.27824315949156">
				<ele>1.4549399660900235</ele>
				<time>2026-08-21T15:20:43Z</time>
			</trkpt>
			<trkpt lat="59.94959085169291" lon="30.278295826953137">
				<ele>1.5843612849712372</ele>
				<time>2026-08-21T15:20:45Z</time>
			</trkpt>
			<trkpt lat="59.94959478265373" lon="30.278345793244576">
				<ele>1.9843664849177003</ele>
				<time>2026-08-21T15:20:47Z</time>
			</trkpt>
			<trkpt lat="59.949597889727826" lon="30.27840165706569">
				<ele>1.9482064619660378</ele>
				<time>2026-08-21T15:20:51Z</time>
			</trkpt>
			<trkpt lat="59.94958938902961" lon="30.278436147022823">
				<ele>2.8200564505532384</ele>
				<time>2026-08-21T15:20:53Z</time>
			</trkpt>
			<trkpt lat="59.949572183145065" lon="30.27848363467136">
				<ele>2.210740467533469</ele>
				<time>2026-08-21T15:20:55Z</time>
			</trkpt>
			<trkpt lat="59.94956930338037" lon="30.278538154684657">
				<ele>2.1114576077088714</ele>
				<time>2026-08-21T15:21:02Z</time>
			</trkpt>
			<trkpt lat="59.94955064007579" lon="30.278578630820746">
				<ele>3.3110019490122795</ele>
				<time>2026-08-21T15:21:03Z</time>
			</trkpt>
			<trkpt lat="59.949563369648125" lon="30.27854946564707">
				<ele>2.651522352360189</ele>
				<time>2026-08-21T15:21:06Z</time>
			</trkpt>
			<trkpt lat="59.94956619844608" lon="30.278511533335028">
				<ele>2.5738287791609764</ele>
				<time>2026-08-21T15:21:14Z</time>
			</trkpt>
			<trkpt lat="59.94957088869278" lon="30.278472260737765">
				<ele>2.644712462089956</ele>
				<time>2026-08-21T15:21:16Z</time>
			</trkpt>
			<trkpt lat="59.94960217445056" lon="30.27850492943685">
				<ele>2.9057474490255117</ele>
				<time>2026-08-21T15:21:29Z</time>
			</trkpt>
			<trkpt lat="59.94958196076973" lon="30.278517175556548">
				<ele>2.9975414825603366</ele>
				<time>2026-08-21T15:21:30Z</time>
			</trkpt>
			<trkpt lat="59.949565771764455" lon="30.278545111419845">
				<ele>2.7183331474661827</ele>
				<time>2026-08-21T15:21:32Z</time>
			</trkpt>
			<trkpt lat="59.949542235686835" lon="30.27856565039695">
				<ele>3.5466240597888827</ele>
				<time>2026-08-21T15:21:34Z</time>
			</trkpt>
			<trkpt lat="59.94952894021596" lon="30.278611510593606">
				<ele>2.8797480640932918</ele>
				<time>2026-08-21T15:21:36Z</time>
			</trkpt>
			<trkpt lat="59.94951141203448" lon="30.278658439024316">
				<ele>2.6728904647752643</ele>
				<time>2026-08-21T15:21:38Z</time>
			</trkpt>
			<trkpt lat="59.94948680813324" lon="30.278724190243974">
				<ele>2.8055534409359097</ele>
				<time>2026-08-21T15:21:41Z</time>
			</trkpt>
			<trkpt lat="59.9494707673843" lon="30.2787654425418">
				<ele>3.3348264135420322</ele>
				<time>2026-08-21T15:21:43Z</time>
			</trkpt>
			<trkpt lat="59.94945582490049" lon="30.2788023626979">
				<ele>4.109568742103875</ele>
				<time>2026-08-21T15:21:45Z</time>
			</trkpt>
			<trkpt lat="59.9494500650778" lon="30.278839564616796">
				<ele>3.0514262467622757</ele>
				<time>2026-08-21T15:21:47Z</time>
			</trkpt>
			<trkpt lat="59.949435847095" lon="30.278875506759615">
				<ele>3.8440252812579274</ele>
				<time>2026-08-21T15:21:48Z</time>
			</trkpt>
			<trkpt lat="59.94941497296269" lon="30.278878225431313">
				<ele>3.2178405513986945</ele>
				<time>2026-08-21T15:21:50Z</time>
			</trkpt>
			<trkpt lat="59.9494144064206" lon="30.278933216958748">
				<ele>3.5315590417012572</ele>
				<time>2026-08-21T15:21:51Z</time>
			</trkpt>
			<trkpt lat="59.94939897399903" lon="30.27897756835857">
				<ele>3.7073318334296346</ele>
				<time>2026-08-21T15:21:53Z</time>
			</trkpt>
			<trkpt lat="59.94939223068918" lon="30.27907437729439">
				<ele>3.1415658621117473</ele>
				<time>2026-08-21T15:21:57Z</time>
			</trkpt>
			<trkpt lat="59.94938261989125" lon="30.279136812712995">
				<ele>4.156458265148103</ele>
				<time>2026-08-21T15:21:58Z</time>
			</trkpt>
			<trkpt lat="59.949352736078794" lon="30.279171749500463">
				<ele>4.5464780535548925</ele>
				<time>2026-08-21T15:22:01Z</time>
			</trkpt>
			<trkpt lat="59.9493364453387" lon="30.27920982213046">
				<ele>5.2510134391486645</ele>
				<time>2026-08-21T15:22:02Z</time>
			</trkpt>
			<trkpt lat="59.94931852278618" lon="30.279242239719665">
				<ele>5.931603311561048</ele>
				<time>2026-08-21T15:22:04Z</time>
			</trkpt>
			<trkpt lat="59.94929799205924" lon="30.27927121573802">
				<ele>7.042108681984246</ele>
				<time>2026-08-21T15:22:05Z</time>
			</trkpt>
			<trkpt lat="59.94929936883652" lon="30.279316927376502">
				<ele>6.733486442826688</ele>
				<time>2026-08-21T15:22:08Z</time>
			</trkpt>
			<trkpt lat="59.94930122666668" lon="30.279372232336005">
				<ele>6.465962230227888</ele>
				<time>2026-08-21T15:22:10Z</time>
			</trkpt>
			<trkpt lat="59.94930591550699" lon="30.279423339176045">
				<ele>7.369070967659354</ele>
				<time>2026-08-21T15:22:12Z</time>
			</trkpt>
			<trkpt lat="59.949282649067214" lon="30.279478066057905">
				<ele>9.087388146668673</ele>
				<time>2026-08-21T15:22:14Z</time>
			</trkpt>
			<trkpt lat="59.94926492744246" lon="30.279525012797887">
				<ele>8.525241259485483</ele>
				<time>2026-08-21T15:22:16Z</time>
			</trkpt>
			<trkpt lat="59.94926100261528" lon="30.27956997656137">
				<ele>9.183777226135135</ele>
				<time>2026-08-21T15:22:17Z</time>
			</trkpt>
			<trkpt lat="59.94924936977002" lon="30.279608465512702">
				<ele>9.394330902956426</ele>
				<time>2026-08-21T15:22:18Z</time>
			</trkpt>
			<trkpt lat="59.94923528532827" lon="30.27963216747644">
				<ele>10.569853614084423</ele>
				<time>2026-08-21T15:22:19Z</time>
			</trkpt>
			<trkpt lat="59.94921731064449" lon="30.279642847638907">
				<ele>11.38377081695944</ele>
				<time>2026-08-21T15:22:21Z</time>
			</trkpt>
			<trkpt lat="59.94920071134139" lon="30.279667072851648">
				<ele>10.750566461123526</ele>
				<time>2026-08-21T15:22:23Z</time>
			</trkpt>
			<trkpt lat="59.94918535822395" lon="30.279691905714387">
				<ele>10.041037262417376</ele>
				<time>2026-08-21T15:22:25Z</time>
			</trkpt>
			<trkpt lat="59.949170793105175" lon="30.279740738313826">
				<ele>11.070180035196245</ele>
				<time>2026-08-21T15:22:28Z</time>
			</trkpt>
			<trkpt lat="59.94916023970995" lon="30.279782478389993">
				<ele>11.50480370875448</ele>
				<time>2026-08-21T15:22:29Z</time>
			</trkpt>
			<trkpt lat="59.949136296384154" lon="30.2798753730771">
				<ele>12.103169248439372</ele>
				<time>2026-08-21T15:22:32Z</time>
			</trkpt>
			<trkpt lat="59.94910574092169" lon="30.279905280064497">
				<ele>10.66475819516927</ele>
				<time>2026-08-21T15:22:36Z</time>
			</trkpt>
			<trkpt lat="59.94909969222987" lon="30.279947367748626">
				<ele>12.037040702998638</ele>
				<time>2026-08-21T15:22:37Z</time>
			</trkpt>
			<trkpt lat="59.94908012029429" lon="30.279987049747824">
				<ele>11.808921853080392</ele>
				<time>2026-08-21T15:22:39Z</time>
			</trkpt>
			<trkpt lat="59.94907298108007" lon="30.280040180992756">
				<ele>11.225112746469676</ele>
				<time>2026-08-21T15:22:41Z</time>
			</trkpt>
			<trkpt lat="59.94906488402452" lon="30.280078024652827">
				<ele>11.502234113402665</ele>
				<time>2026-08-21T15:22:42Z</time>
			</trkpt>
			<trkpt lat="59.94904323558542" lon="30.280097227425188">
				<ele>10.765699896030128</ele>
				<time>2026-08-21T15:22:45Z</time>
			</trkpt>
			<trkpt lat="59.94904499784421" lon="30.280142274114617">
				<ele>10.082378474064171</ele>
				<time>2026-08-21T15:22:47Z</time>
			</trkpt>
			<trkpt lat="59.949037761389505" lon="30.280175631038503">
				<ele>9.195354937575758</ele>
				<time>2026-08-21T15:22:49Z</time>
			</trkpt>
			<trkpt lat="59.949020596377274" lon="30.28019979146542">
				<ele>9.929512640461326</ele>
				<time>2026-08-21T15:22:50Z</time>
			</trkpt>
			<trkpt lat="59.94900148442421" lon="30.280240442099743">
				<ele>9.93119799811393</ele>
				<time>2026-08-21T15:22:52Z</time>
			</trkpt>
			<trkpt lat="59.94899391036692" lon="30.28027953267795">
				<ele>9.977875171229243</ele>
				<time>2026-08-21T15:22:53Z</time>
			</trkpt>
			<trkpt lat="59.94898650008407" lon="30.28031387320825">
				<ele>10.881577756255865</ele>
				<time>2026-08-21T15:22:55Z</time>
			</trkpt>
			<trkpt lat="59.948981887729886" lon="30.280359136070434">
				<ele>10.648222333751619</ele>
				<time>2026-08-21T15:22:56Z</time>
			</trkpt>
			<trkpt lat="59.94896067356686" lon="30.280387496440905">
				<ele>8.991045749746263</ele>
				<time>2026-08-21T15:22:58Z</time>
			</trkpt>
			<trkpt lat="59.94894842210076" lon="30.280421620522482">
				<ele>9.24791032448411</ele>
				<time>2026-08-21T15:23:00Z</time>
			</trkpt>
			<trkpt lat="59.948926552702204" lon="30.280461722184935">
				<ele>9.546109857968986</ele>
				<time>2026-08-21T15:23:02Z</time>
			</trkpt>
			<trkpt lat="59.94891403444298" lon="30.280509339601018">
				<ele>9.531953262165189</ele>
				<time>2026-08-21T15:23:04Z</time>
			</trkpt>
			<trkpt lat="59.94889914167739" lon="30.280532231606095">
				<ele>8.644872243516147</ele>
				<time>2026-08-21T15:23:06Z</time>
			</trkpt>
			<trkpt lat="59.94889997660473" lon="30.28057207999365">
				<ele>8.742880865931511</ele>
				<time>2026-08-21T15:23:09Z</time>
			</trkpt>
			<trkpt lat="59.94888456311101" lon="30.2806094604169">
				<ele>6.692797630093992</ele>
				<time>2026-08-21T15:23:15Z</time>
			</trkpt>
			<trkpt lat="59.94887658561834" lon="30.28064715745686">
				<ele>7.2493684040382504</ele>
				<time>2026-08-21T15:23:19Z</time>
			</trkpt>
			<trkpt lat="59.94885797729149" lon="30.280667716949235">
				<ele>7.621315076947212</ele>
				<time>2026-08-21T15:23:22Z</time>
			</trkpt>
			<trkpt lat="59.948855547104294" lon="30.280708461846967">
				<ele>7.224691042676568</ele>
				<time>2026-08-21T15:23:24Z</time>
			</trkpt>
			<trkpt lat="59.94886115494712" lon="30.280762799078058">
				<ele>8.203234263695776</ele>
				<time>2026-08-21T15:23:26Z</time>
			</trkpt>
			<trkpt lat="59.94885682123931" lon="30.280798103894416">
				<ele>8.975277020595968</ele>
				<time>2026-08-21T15:23:28Z</time>
			</trkpt>
			<trkpt lat="59.948840417291066" lon="30.28083326870692">
				<ele>9.37408976815641</ele>
				<time>2026-08-21T15:23:31Z</time>
			</trkpt>
			<trkpt lat="59.94883107879281" lon="30.28087378187391">
				<ele>9.025155459530652</ele>
				<time>2026-08-21T15:23:34Z</time>
			</trkpt>
			<trkpt lat="59.94881900581954" lon="30.280922991603912">
				<ele>9.99174599442631</ele>
				<time>2026-08-21T15:23:37Z</time>
			</trkpt>
			<trkpt lat="59.94880803467352" lon="30.280972422235987">
				<ele>9.899647156707942</ele>
				<time>2026-08-21T15:23:41Z</time>
			</trkpt>
			<trkpt lat="59.948799801052154" lon="30.28100690449565">
				<ele>10.010320612229407</ele>
				<time>2026-08-21T15:23:43Z</time>
			</trkpt>
			<trkpt lat="59.9487854115305" lon="30.281044835341792">
				<ele>10.19529509730637</ele>
				<time>2026-08-21T15:23:46Z</time>
			</trkpt>
			<trkpt lat="59.94878147208" lon="30.281081399848368">
				<ele>10.243990155868232</ele>
				<time>2026-08-21T15:23:48Z</time>
			</trkpt>
			<trkpt lat="59.94875892265185" lon="30.28112289729331">
				<ele>10.583131768740714</ele>
				<time>2026-08-21T15:23:50Z</time>
			</trkpt>
			<trkpt lat="59.94873949825309" lon="30.28112851157789">
				<ele>10.1536435931921</ele>
				<time>2026-08-21T15:23:53Z</time>
			</trkpt>
			<trkpt lat="59.94873817161596" lon="30.281173440355264">
				<ele>10.552311659790576</ele>
				<time>2026-08-21T15:23:55Z</time>
			</trkpt>
			<trkpt lat="59.948725473907" lon="30.281201598731005">
				<ele>10.522622749209404</ele>
				<time>2026-08-21T15:23:58Z</time>
			</trkpt>
			<trkpt lat="59.9487094776337" lon="30.28124043915022">
				<ele>10.700592704117298</ele>
				<time>2026-08-21T15:24:01Z</time>
			</trkpt>
			<trkpt lat="59.94870449480266" lon="30.28128096400013">
				<ele>11.228802484460175</ele>
				<time>2026-08-21T15:24:04Z</time>
			</trkpt>
			<trkpt lat="59.94869985156749" lon="30.281326041294072">
				<ele>10.937759906053543</ele>
				<time>2026-08-21T15:24:07Z</time>
			</trkpt>
			<trkpt lat="59.94867856539852" lon="30.281348320016882">
				<ele>10.194090973585844</ele>
				<time>2026-08-21T15:24:08Z</time>
			</trkpt>
			<trkpt lat="59.948669825609876" lon="30.28139274487789">
				<ele>9.222358076833189</ele>
				<time>2026-08-21T15:24:10Z</time>
			</trkpt>
			<trkpt lat="59.94864951449198" lon="30.281449049319757">
				<ele>9.233585067093372</ele>
				<time>2026-08-21T15:24:12Z</time>
			</trkpt>
			<trkpt lat="59.948643183255626" lon="30.281487218559004">
				<ele>9.647360320203006</ele>
				<time>2026-08-21T15:24:13Z</time>
			</trkpt>
			<trkpt lat="59.94863672254728" lon="30.2815256350334">
				<ele>9.588105638511479</ele>
				<time>2026-08-21T15:24:16Z</time>
			</trkpt>
			<trkpt lat="59.948616065932605" lon="30.28153682013031">
				<ele>8.492264998145401</ele>
				<time>2026-08-21T15:24:19Z</time>
			</trkpt>
			<trkpt lat="59.948597138922075" lon="30.28157397746038">
				<ele>9.574404960498214</ele>
				<time>2026-08-21T15:24:22Z</time>
			</trkpt>
			<trkpt lat="59.94858951471213" lon="30.28162060510271">
				<ele>9.646797880530357</ele>
				<time>2026-08-21T15:24:24Z</time>
			</trkpt>
			<trkpt lat="59.948574928055955" lon="30.28164786839108">
				<ele>10.358720882795751</ele>
				<time>2026-08-21T15:24:25Z</time>
			</trkpt>
			<trkpt lat="59.94856580102788" lon="30.28168565362028">
				<ele>10.145741501823068</ele>
				<time>2026-08-21T15:24:26Z</time>
			</trkpt>
			<trkpt lat="59.94855121038215" lon="30.28171981422234">
				<ele>8.677866336889565</ele>
				<time>2026-08-21T15:24:28Z</time>
			</trkpt>
			<trkpt lat="59.94854240941139" lon="30.28177263037956">
				<ele>9.170043583959341</ele>
				<time>2026-08-21T15:24:30Z</time>
			</trkpt>
			<trkpt lat="59.94852878131736" lon="30.281819709225537">
				<ele>9.147597464732826</ele>
				<time>2026-08-21T15:24:32Z</time>
			</trkpt>
			<trkpt lat="59.948524594956204" lon="30.281870919240138">
				<ele>9.043347890488803</ele>
				<time>2026-08-21T15:24:34Z</time>
			</trkpt>
			<trkpt lat="59.94851425826983" lon="30.281908471134322">
				<ele>9.626178985461593</ele>
				<time>2026-08-21T15:24:36Z</time>
			</trkpt>
			<trkpt lat="59.94850081497999" lon="30.281958621623286">
				<ele>9.790384018793702</ele>
				<time>2026-08-21T15:24:38Z</time>
			</trkpt>
			<trkpt lat="59.948494590470446" lon="30.281997759964963">
				<ele>9.578694636933506</ele>
				<time>2026-08-21T15:24:40Z</time>
			</trkpt>
			<trkpt lat="59.94848389537744" lon="30.282039846835517">
				<ele>9.704450237564743</ele>
				<time>2026-08-21T15:24:43Z</time>
			</trkpt>
			<trkpt lat="59.94846919455854" lon="30.2820710712401">
				<ele>10.305176252499223</ele>
				<time>2026-08-21T15:24:45Z</time>
			</trkpt>
			<trkpt lat="59.948464372463924" lon="30.2821183699712">
				<ele>8.863267802633345</ele>
				<time>2026-08-21T15:24:47Z</time>
			</trkpt>
			<trkpt lat="59.94844807392973" lon="30.282167351997074">
				<ele>9.515383176505566</ele>
				<time>2026-08-21T15:24:49Z</time>
			</trkpt>
			<trkpt lat="59.94843270036536" lon="30.282219939246875">
				<ele>10.27360867522657</ele>
				<time>2026-08-21T15:24:51Z</time>
			</trkpt>
			<trkpt lat="59.948415356970465" lon="30.282248545320332">
				<ele>8.319615670479834</ele>
				<time>2026-08-21T15:24:54Z</time>
			</trkpt>
			<trkpt lat="59.9484010486839" lon="30.28229213072568">
				<ele>8.719968313351274</ele>
				<time>2026-08-21T15:24:56Z</time>
			</trkpt>
			<trkpt lat="59.94838692008281" lon="30.282343159026787">
				<ele>9.424335958436131</ele>
				<time>2026-08-21T15:24:58Z</time>
			</trkpt>
			<trkpt lat="59.94837637534614" lon="30.282381807579906">
				<ele>8.444079337641597</ele>
				<time>2026-08-21T15:25:00Z</time>
			</trkpt>
			<trkpt lat="59.94836955112261" lon="30.28243109563532">
				<ele>9.593056154437363</ele>
				<time>2026-08-21T15:25:02Z</time>
			</trkpt>
			<trkpt lat="59.94836127286147" lon="30.282487044949626">
				<ele>10.644760485738516</ele>
				<time>2026-08-21T15:25:04Z</time>
			</trkpt>
			<trkpt lat="59.94835064098113" lon="30.282537362585675">
				<ele>9.885672424919903</ele>
				<time>2026-08-21T15:25:08Z</time>
			</trkpt>
			<trkpt lat="59.948353900392604" lon="30.282594840873987">
				<ele>11.192863814532757</ele>
				<time>2026-08-21T15:25:10Z</time>
			</trkpt>
			<trkpt lat="59.94836289639609" lon="30.28262740161477">
				<ele>9.969863269478083</ele>
				<time>2026-08-21T15:25:12Z</time>
			</trkpt>
			<trkpt lat="59.94837814768483" lon="30.282660260109143">
				<ele>9.017114312388003</ele>
				<time>2026-08-21T15:25:14Z</time>
			</trkpt>
			<trkpt lat="59.948379445331405" lon="30.28271422918479">
				<ele>10.255318353883922</ele>
				<time>2026-08-21T15:25:16Z</time>
			</trkpt>
			<trkpt lat="59.94838024346241" lon="30.28279623767488">
				<ele>7.7194423619657755</ele>
				<time>2026-08-21T15:25:19Z</time>
			</trkpt>
			<trkpt lat="59.94837501945839" lon="30.28283828810627">
				<ele>9.033716189675033</ele>
				<time>2026-08-21T15:25:21Z</time>
			</trkpt>
			<trkpt lat="59.94836612469875" lon="30.28287554374112">
				<ele>7.8888141345232725</ele>
				<time>2026-08-21T15:25:23Z</time>
			</trkpt>
			<trkpt lat="59.948364682123135" lon="30.28292399928915">
				<ele>8.48861158452928</ele>
				<time>2026-08-21T15:25:24Z</time>
			</trkpt>
			<trkpt lat="59.9483550096719" lon="30.282977712618724">
				<ele>9.201433323323727</ele>
				<time>2026-08-21T15:25:26Z</time>
			</trkpt>
			<trkpt lat="59.948342434028994" lon="30.283033936333226">
				<ele>10.6648970535025</ele>
				<time>2026-08-21T15:25:28Z</time>
			</trkpt>
			<trkpt lat="59.948331939066556" lon="30.28307992209857">
				<ele>8.82041516713798</ele>
				<time>2026-08-21T15:25:31Z</time>
			</trkpt>
			<trkpt lat="59.94832422768427" lon="30.28312339966012">
				<ele>9.310895591042936</ele>
				<time>2026-08-21T15:25:33Z</time>
			</trkpt>
			<trkpt lat="59.94831013844482" lon="30.283202815793977">
				<ele>9.560335186310112</ele>
				<time>2026-08-21T15:25:35Z</time>
			</trkpt>
			<trkpt lat="59.94829435814311" lon="30.28323083334062">
				<ele>9.959272952750325</ele>
				<time>2026-08-21T15:25:38Z</time>
			</trkpt>
			<trkpt lat="59.948324892209364" lon="30.283238660217116">
				<ele>10.22912685573101</ele>
				<time>2026-08-21T15:25:41Z</time>
			</trkpt>
			<trkpt lat="59.94831565740811" lon="30.28328571103693">
				<ele>9.08890581317246</ele>
				<time>2026-08-21T15:25:43Z</time>
			</trkpt>
			<trkpt lat="59.94829231049945" lon="30.28335167163717">
				<ele>7.165562438778579</ele>
				<time>2026-08-21T15:25:45Z</time>
			</trkpt>
			<trkpt lat="59.948302717594025" lon="30.2833212225811">
				<ele>6.848341004922986</ele>
				<time>2026-08-21T15:25:46Z</time>
			</trkpt>
			<trkpt lat="59.948284503173376" lon="30.28333738559818">
				<ele>5.812069661915302</ele>
				<time>2026-08-21T15:25:52Z</time>
			</trkpt>
			<trkpt lat="59.9480354209344" lon="30.283781981298144">
				<ele>-4.446632049977779</ele>
				<time>2026-08-21T15:25:53Z</time>
			</trkpt>
			<trkpt lat="59.948001264793334" lon="30.28386973948635">
				<ele>-5.4712845319882035</ele>
				<time>2026-08-21T15:25:54Z</time>
			</trkpt>
			<trkpt lat="59.9479678209483" lon="30.283953977659788">
				<ele>-6.495975163765252</ele>
				<time>2026-08-21T15:25:55Z</time>
			</trkpt>
			<trkpt lat="59.94793446108226" lon="30.284036695491647">
				<ele>-7.520656178705394</ele>
				<time>2026-08-21T15:25:56Z</time>
			</trkpt>
			<trkpt lat="59.9479701376529" lon="30.283216651672294">
				<ele>-8.679921444663215</ele>
				<time>2026-08-21T15:26:37Z</time>
			</trkpt>
			<trkpt lat="59.948022457003624" lon="30.28315876812289">
				<ele>-4.867675034903447</ele>
				<time>2026-08-21T15:27:05Z</time>
			</trkpt>
			<trkpt lat="59.94803918501086" lon="30.283181143915648">
				<ele>-2.7569451323993075</ele>
				<time>2026-08-21T15:27:15Z</time>
			</trkpt>
			<trkpt lat="59.94806305233202" lon="30.283925802010124">
				<ele>11.374107445590198</ele>
				<time>2026-08-21T15:27:23Z</time>
			</trkpt>
			<trkpt lat="59.94803175007736" lon="30.283995838022243">
				<ele>10.096349307335913</ele>
				<time>2026-08-21T15:27:24Z</time>
			</trkpt>
			<trkpt lat="59.94799184005796" lon="30.284194044687652">
				<ele>11.512518838047981</ele>
				<time>2026-08-21T15:27:25Z</time>
			</trkpt>
			<trkpt lat="59.94792107167685" lon="30.284393744651858">
				<ele>11.308740828186274</ele>
				<time>2026-08-21T15:27:26Z</time>
			</trkpt>
			<trkpt lat="59.947966280862175" lon="30.28433804701902">
				<ele>9.922981187701225</ele>
				<time>2026-08-21T15:27:27Z</time>
			</trkpt>
			<trkpt lat="59.947888370706174" lon="30.284685151986572">
				<ele>12.007596284151077</ele>
				<time>2026-08-21T15:27:28Z</time>
			</trkpt>
			<trkpt lat="59.94786475347823" lon="30.284744674971307">
				<ele>12.324308544397354</ele>
				<time>2026-08-21T15:27:29Z</time>
			</trkpt>
			<trkpt lat="59.94782871731683" lon="30.28492149772799">
				<ele>12.67971612047404</ele>
				<time>2026-08-21T15:27:31Z</time>
			</trkpt>
			<trkpt lat="59.947815912382424" lon="30.284970988698596">
				<ele>13.248862634412944</ele>
				<time>2026-08-21T15:27:32Z</time>
			</trkpt>
			<trkpt lat="59.947811006366614" lon="30.28503854448949">
				<ele>14.795580824837089</ele>
				<time>2026-08-21T15:27:33Z</time>
			</trkpt>
			<trkpt lat="59.94780428856903" lon="30.285075668883323">
				<ele>14.128443021327257</ele>
				<time>2026-08-21T15:27:34Z</time>
			</trkpt>
			<trkpt lat="59.947791746421174" lon="30.28510434533266">
				<ele>13.345743197016418</ele>
				<time>2026-08-21T15:27:38Z</time>
			</trkpt>
			<trkpt lat="59.947777983206855" lon="30.285151966420948">
				<ele>12.974928452633321</ele>
				<time>2026-08-21T15:27:39Z</time>
			</trkpt>
			<trkpt lat="59.947762994993" lon="30.285219811893004">
				<ele>13.27923777140677</ele>
				<time>2026-08-21T15:27:41Z</time>
			</trkpt>
			<trkpt lat="59.94773213809312" lon="30.285242878135413">
				<ele>10.737972119823098</ele>
				<time>2026-08-21T15:27:44Z</time>
			</trkpt>
			<trkpt lat="59.947713531255495" lon="30.285282881312646">
				<ele>10.637085643596947</ele>
				<time>2026-08-21T15:27:47Z</time>
			</trkpt>
			<trkpt lat="59.947711223025514" lon="30.2853217990924">
				<ele>10.41576798260212</ele>
				<time>2026-08-21T15:27:49Z</time>
			</trkpt>
			<trkpt lat="59.947691034764965" lon="30.285370548500165">
				<ele>11.679373390972614</ele>
				<time>2026-08-21T15:27:50Z</time>
			</trkpt>
			<trkpt lat="59.9476794306615" lon="30.28541846551553">
				<ele>11.199952453374863</ele>
				<time>2026-08-21T15:27:52Z</time>
			</trkpt>
			<trkpt lat="59.947669829204386" lon="30.285449323609047">
				<ele>10.811965104192495</ele>
				<time>2026-08-21T15:27:53Z</time>
			</trkpt>
			<trkpt lat="59.947650121701194" lon="30.285484434885625">
				<ele>11.071242392994463</ele>
				<time>2026-08-21T15:27:55Z</time>
			</trkpt>
			<trkpt lat="59.94765053260043" lon="30.28555378670334">
				<ele>11.501540746539831</ele>
				<time>2026-08-21T15:27:57Z</time>
			</trkpt>
			<trkpt lat="59.94765344028196" lon="30.285589903861307">
				<ele>11.6590277235955</ele>
				<time>2026-08-21T15:27:59Z</time>
			</trkpt>
			<trkpt lat="59.94765653259377" lon="30.28562937835089">
				<ele>13.078994034789503</ele>
				<time>2026-08-21T15:28:01Z</time>
			</trkpt>
			<trkpt lat="59.94763767130599" lon="30.28563899457828">
				<ele>11.494442492723465</ele>
				<time>2026-08-21T15:28:05Z</time>
			</trkpt>
			<trkpt lat="59.94761704452738" lon="30.285684269675517">
				<ele>12.801614668220282</ele>
				<time>2026-08-21T15:28:07Z</time>
			</trkpt>
			<trkpt lat="59.94759698471649" lon="30.285694629309845">
				<ele>11.589362090453506</ele>
				<time>2026-08-21T15:28:10Z</time>
			</trkpt>
			<trkpt lat="59.94758068653126" lon="30.285730203822542">
				<ele>11.698188011534512</ele>
				<time>2026-08-21T15:28:12Z</time>
			</trkpt>
			<trkpt lat="59.94756089617683" lon="30.285771595192738">
				<ele>11.53037855308503</ele>
				<time>2026-08-21T15:28:14Z</time>
			</trkpt>
			<trkpt lat="59.94755639422805" lon="30.285810365428535">
				<ele>12.107758725062013</ele>
				<time>2026-08-21T15:28:15Z</time>
			</trkpt>
			<trkpt lat="59.94754141134452" lon="30.285842148086665">
				<ele>12.207421959377825</ele>
				<time>2026-08-21T15:28:17Z</time>
			</trkpt>
			<trkpt lat="59.94752671586631" lon="30.285902794544565">
				<ele>13.098112219944596</ele>
				<time>2026-08-21T15:28:19Z</time>
			</trkpt>
			<trkpt lat="59.94750611342378" lon="30.285946102616315">
				<ele>12.80079806689173</ele>
				<time>2026-08-21T15:28:21Z</time>
			</trkpt>
			<trkpt lat="59.94749147400482" lon="30.285986098744353">
				<ele>12.725169983692467</ele>
				<time>2026-08-21T15:28:23Z</time>
			</trkpt>
			<trkpt lat="59.94747116915108" lon="30.286029824195133">
				<ele>12.582372643053532</ele>
				<time>2026-08-21T15:28:25Z</time>
			</trkpt>
			<trkpt lat="59.947460801602695" lon="30.286061829641376">
				<ele>11.09084164723754</ele>
				<time>2026-08-21T15:28:27Z</time>
			</trkpt>
			<trkpt lat="59.947439137243734" lon="30.286092582159167">
				<ele>11.308815938420594</ele>
				<time>2026-08-21T15:28:29Z</time>
			</trkpt>
			<trkpt lat="59.94742643819973" lon="30.286118455961162">
				<ele>11.995347880758345</ele>
				<time>2026-08-21T15:28:30Z</time>
			</trkpt>
			<trkpt lat="59.947414646365466" lon="30.286155746246852">
				<ele>11.348237094469368</ele>
				<time>2026-08-21T15:28:32Z</time>
			</trkpt>
			<trkpt lat="59.94739823981082" lon="30.286201789356266">
				<ele>12.03655400685966</ele>
				<time>2026-08-21T15:28:34Z</time>
			</trkpt>
			<trkpt lat="59.94738277080595" lon="30.28623645225617">
				<ele>12.971359375864267</ele>
				<time>2026-08-21T15:28:35Z</time>
			</trkpt>
			<trkpt lat="59.947359706528964" lon="30.28627513676327">
				<ele>13.459034097380936</ele>
				<time>2026-08-21T15:28:37Z</time>
			</trkpt>
			<trkpt lat="59.94734127455353" lon="30.286304714376968">
				<ele>13.175009380094707</ele>
				<time>2026-08-21T15:28:39Z</time>
			</trkpt>
			<trkpt lat="59.94731935384561" lon="30.286298906213275">
				<ele>12.637857465073466</ele>
				<time>2026-08-21T15:28:41Z</time>
			</trkpt>
			<trkpt lat="59.94727575684857" lon="30.28631029446567">
				<ele>13.689261601306498</ele>
				<time>2026-08-21T15:28:43Z</time>
			</trkpt>
			<trkpt lat="59.94724734932722" lon="30.286346079285632">
				<ele>13.9275908395648</ele>
				<time>2026-08-21T15:28:45Z</time>
			</trkpt>
			<trkpt lat="59.947226466649354" lon="30.2863923673769">
				<ele>13.602459047921002</ele>
				<time>2026-08-21T15:28:48Z</time>
			</trkpt>
			<trkpt lat="59.94721607456759" lon="30.286447700301064">
				<ele>13.194218426011503</ele>
				<time>2026-08-21T15:28:50Z</time>
			</trkpt>
			<trkpt lat="59.94720650702901" lon="30.286502943288273">
				<ele>12.956061957404017</ele>
				<time>2026-08-21T15:28:53Z</time>
			</trkpt>
			<trkpt lat="59.94720577894618" lon="30.286551913970218">
				<ele>12.348577780649066</ele>
				<time>2026-08-21T15:28:55Z</time>
			</trkpt>
			<trkpt lat="59.94719965097782" lon="30.286591592610513">
				<ele>13.678871626034379</ele>
				<time>2026-08-21T15:28:56Z</time>
			</trkpt>
			<trkpt lat="59.94718395921492" lon="30.286624683170032">
				<ele>13.02595837507397</ele>
				<time>2026-08-21T15:28:58Z</time>
			</trkpt>
			<trkpt lat="59.947170460213414" lon="30.28666195315858">
				<ele>13.84141946118325</ele>
				<time>2026-08-21T15:29:00Z</time>
			</trkpt>
			<trkpt lat="59.9471534112301" lon="30.28670089838892">
				<ele>14.337754780426621</ele>
				<time>2026-08-21T15:29:02Z</time>
			</trkpt>
			<trkpt lat="59.94714207210528" lon="30.286756211786855">
				<ele>15.085493152961135</ele>
				<time>2026-08-21T15:29:04Z</time>
			</trkpt>
			<trkpt lat="59.947137394099464" lon="30.28681519924693">
				<ele>14.257706575095654</ele>
				<time>2026-08-21T15:29:07Z</time>
			</trkpt>
			<trkpt lat="59.94712949584614" lon="30.286855632591937">
				<ele>13.487072017043829</ele>
				<time>2026-08-21T15:29:09Z</time>
			</trkpt>
			<trkpt lat="59.947118252577006" lon="30.286902170712462">
				<ele>13.26779613737017</ele>
				<time>2026-08-21T15:29:11Z</time>
			</trkpt>
			<trkpt lat="59.947110488050804" lon="30.28694495191584">
				<ele>13.833173808641732</ele>
				<time>2026-08-21T15:29:13Z</time>
			</trkpt>
			<trkpt lat="59.94709388413166" lon="30.28700013781811">
				<ele>13.806164313107729</ele>
				<time>2026-08-21T15:29:15Z</time>
			</trkpt>
			<trkpt lat="59.947092679603976" lon="30.287040449101898">
				<ele>12.691192095167935</ele>
				<time>2026-08-21T15:29:17Z</time>
			</trkpt>
			<trkpt lat="59.947086704167724" lon="30.287084726408406">
				<ele>13.104012904688716</ele>
				<time>2026-08-21T15:29:19Z</time>
			</trkpt>
			<trkpt lat="59.94708395155511" lon="30.287136138160378">
				<ele>12.24526621773839</ele>
				<time>2026-08-21T15:29:22Z</time>
			</trkpt>
			<trkpt lat="59.947063927190506" lon="30.28719047505175">
				<ele>12.15515863057226</ele>
				<time>2026-08-21T15:29:24Z</time>
			</trkpt>
			<trkpt lat="59.94704678695963" lon="30.28721321923614">
				<ele>10.854143709875643</ele>
				<time>2026-08-21T15:29:26Z</time>
			</trkpt>
			<trkpt lat="59.94703384396864" lon="30.287240541260562">
				<ele>11.347418897785246</ele>
				<time>2026-08-21T15:29:27Z</time>
			</trkpt>
			<trkpt lat="59.94702470202676" lon="30.28728125730392">
				<ele>11.052084796130657</ele>
				<time>2026-08-21T15:29:29Z</time>
			</trkpt>
			<trkpt lat="59.94700659727805" lon="30.28734284257815">
				<ele>11.079233056865633</ele>
				<time>2026-08-21T15:29:31Z</time>
			</trkpt>
			<trkpt lat="59.946999023159755" lon="30.28738765522585">
				<ele>11.235161776654422</ele>
				<time>2026-08-21T15:29:33Z</time>
			</trkpt>
			<trkpt lat="59.94698391502878" lon="30.28742508949793">
				<ele>10.944263307377696</ele>
				<time>2026-08-21T15:29:35Z</time>
			</trkpt>
			<trkpt lat="59.946973850368025" lon="30.287461841351963">
				<ele>11.751876861788332</ele>
				<time>2026-08-21T15:29:36Z</time>
			</trkpt>
			<trkpt lat="59.94695861485817" lon="30.28751208757765">
				<ele>12.204415793530643</ele>
				<time>2026-08-21T15:29:38Z</time>
			</trkpt>
			<trkpt lat="59.94694629948209" lon="30.2875568166164">
				<ele>12.351239520125091</ele>
				<time>2026-08-21T15:29:40Z</time>
			</trkpt>
			<trkpt lat="59.94692651747208" lon="30.287608566235225">
				<ele>12.419475705362856</ele>
				<time>2026-08-21T15:29:42Z</time>
			</trkpt>
			<trkpt lat="59.946924700414904" lon="30.287647429247578">
				<ele>11.653156213462353</ele>
				<time>2026-08-21T15:29:44Z</time>
			</trkpt>
			<trkpt lat="59.94691485640381" lon="30.28769265181152">
				<ele>12.469037065282464</ele>
				<time>2026-08-21T15:29:46Z</time>
			</trkpt>
			<trkpt lat="59.946901140972585" lon="30.287718307713885">
				<ele>12.03959548752755</ele>
				<time>2026-08-21T15:29:47Z</time>
			</trkpt>
			<trkpt lat="59.946894755619525" lon="30.287777426254713">
				<ele>12.683394274674356</ele>
				<time>2026-08-21T15:29:49Z</time>
			</trkpt>
			<trkpt lat="59.946885292417996" lon="30.287833666233034">
				<ele>13.087190078571439</ele>
				<time>2026-08-21T15:29:51Z</time>
			</trkpt>
			<trkpt lat="59.94687470202785" lon="30.287886251842146">
				<ele>13.087942921556532</ele>
				<time>2026-08-21T15:29:53Z</time>
			</trkpt>
			<trkpt lat="59.94686044309628" lon="30.28794174739357">
				<ele>13.156604294665158</ele>
				<time>2026-08-21T15:29:56Z</time>
			</trkpt>
			<trkpt lat="59.946849924111746" lon="30.287982942101138">
				<ele>13.470470322296023</ele>
				<time>2026-08-21T15:29:57Z</time>
			</trkpt>
			<trkpt lat="59.94684367285022" lon="30.288024018514694">
				<ele>12.443057953380048</ele>
				<time>2026-08-21T15:30:00Z</time>
			</trkpt>
			<trkpt lat="59.9468266377389" lon="30.28806981028953">
				<ele>11.920131547376513</ele>
				<time>2026-08-21T15:30:02Z</time>
			</trkpt>
			<trkpt lat="59.946808971902705" lon="30.288092314177472">
				<ele>12.539758058264852</ele>
				<time>2026-08-21T15:30:03Z</time>
			</trkpt>
			<trkpt lat="59.946806065493334" lon="30.288133586664184">
				<ele>13.284796901978552</ele>
				<time>2026-08-21T15:30:05Z</time>
			</trkpt>
			<trkpt lat="59.946796198097466" lon="30.288171784615233">
				<ele>12.480656186118722</ele>
				<time>2026-08-21T15:30:07Z</time>
			</trkpt>
			<trkpt lat="59.946784648379676" lon="30.288205655187756">
				<ele>11.841609040275216</ele>
				<time>2026-08-21T15:30:09Z</time>
			</trkpt>
			<trkpt lat="59.94678585426399" lon="30.28824742463776">
				<ele>11.112209073267877</ele>
				<time>2026-08-21T15:30:11Z</time>
			</trkpt>
			<trkpt lat="59.946776756313724" lon="30.288287999855367">
				<ele>10.295532097108662</ele>
				<time>2026-08-21T15:30:13Z</time>
			</trkpt>
			<trkpt lat="59.94677110812291" lon="30.2883322238252">
				<ele>10.492876710370183</ele>
				<time>2026-08-21T15:30:15Z</time>
			</trkpt>
			<trkpt lat="59.94675796795684" lon="30.2883690185907">
				<ele>10.272156418301165</ele>
				<time>2026-08-21T15:30:18Z</time>
			</trkpt>
			<trkpt lat="59.94674572367436" lon="30.288427463469556">
				<ele>10.507062395103276</ele>
				<time>2026-08-21T15:30:20Z</time>
			</trkpt>
			<trkpt lat="59.94673617874821" lon="30.288467085855913">
				<ele>10.124663835391402</ele>
				<time>2026-08-21T15:30:22Z</time>
			</trkpt>
			<trkpt lat="59.946730852102284" lon="30.288504877039287">
				<ele>10.95330754853785</ele>
				<time>2026-08-21T15:30:23Z</time>
			</trkpt>
			<trkpt lat="59.946716081083856" lon="30.28857695169941">
				<ele>11.612403250299394</ele>
				<time>2026-08-21T15:30:25Z</time>
			</trkpt>
			<trkpt lat="59.94670434468919" lon="30.288611931100114">
				<ele>11.224006375297904</ele>
				<time>2026-08-21T15:30:27Z</time>
			</trkpt>
			<trkpt lat="59.946694062317654" lon="30.288650180737054">
				<ele>11.152079473249614</ele>
				<time>2026-08-21T15:30:29Z</time>
			</trkpt>
			<trkpt lat="59.94668109406571" lon="30.288689681437614">
				<ele>10.757468681782484</ele>
				<time>2026-08-21T15:30:31Z</time>
			</trkpt>
			<trkpt lat="59.946678983546924" lon="30.28872811754798">
				<ele>10.145604904741049</ele>
				<time>2026-08-21T15:30:33Z</time>
			</trkpt>
			<trkpt lat="59.94666622541505" lon="30.288784565845983">
				<ele>10.956978598609567</ele>
				<time>2026-08-21T15:30:35Z</time>
			</trkpt>
			<trkpt lat="59.946657759716246" lon="30.28881835196608">
				<ele>11.554969925433397</ele>
				<time>2026-08-21T15:30:37Z</time>
			</trkpt>
			<trkpt lat="59.946646289691095" lon="30.28885747073647">
				<ele>10.405381311662495</ele>
				<time>2026-08-21T15:30:39Z</time>
			</trkpt>
			<trkpt lat="59.946634916982205" lon="30.28889829794288">
				<ele>10.121946526691318</ele>
				<time>2026-08-21T15:30:41Z</time>
			</trkpt>
			<trkpt lat="59.94661857089044" lon="30.288930704417957">
				<ele>10.872836123220623</ele>
				<time>2026-08-21T15:30:42Z</time>
			</trkpt>
			<trkpt lat="59.94660645887499" lon="30.288977462862356">
				<ele>11.004469417966902</ele>
				<time>2026-08-21T15:30:44Z</time>
			</trkpt>
			<trkpt lat="59.94659353133114" lon="30.289028131417407">
				<ele>8.95235222298652</ele>
				<time>2026-08-21T15:30:47Z</time>
			</trkpt>
			<trkpt lat="59.946587924433146" lon="30.28907238828997">
				<ele>10.810863267630339</ele>
				<time>2026-08-21T15:30:49Z</time>
			</trkpt>
			<trkpt lat="59.94658897338967" lon="30.289120614976582">
				<ele>10.57599604781717</ele>
				<time>2026-08-21T15:30:52Z</time>
			</trkpt>
			<trkpt lat="59.9466093983383" lon="30.289115579424525">
				<ele>8.190586985088885</ele>
				<time>2026-08-21T15:30:55Z</time>
			</trkpt>
			<trkpt lat="59.946619391323246" lon="30.28908580675267">
				<ele>6.355733759701252</ele>
				<time>2026-08-21T15:31:00Z</time>
			</trkpt>
			<trkpt lat="59.94660143460015" lon="30.289097257876858">
				<ele>6.432594388723373</ele>
				<time>2026-08-21T15:31:03Z</time>
			</trkpt>
			<trkpt lat="59.9465799298827" lon="30.28914297575407">
				<ele>6.816782183013856</ele>
				<time>2026-08-21T15:31:05Z</time>
			</trkpt>
			<trkpt lat="59.946570363028016" lon="30.28919682003146">
				<ele>6.444254261441529</ele>
				<time>2026-08-21T15:31:08Z</time>
			</trkpt>
			<trkpt lat="59.94655598608046" lon="30.28922999561254">
				<ele>5.885020803660154</ele>
				<time>2026-08-21T15:31:10Z</time>
			</trkpt>
			<trkpt lat="59.94654870927163" lon="30.28926640012788">
				<ele>6.856113128364086</ele>
				<time>2026-08-21T15:31:11Z</time>
			</trkpt>
			<trkpt lat="59.94653474546651" lon="30.289359434790057">
				<ele>7.412256984040141</ele>
				<time>2026-08-21T15:31:13Z</time>
			</trkpt>
			<trkpt lat="59.94653337788367" lon="30.28940022191782">
				<ele>8.649427847005427</ele>
				<time>2026-08-21T15:31:14Z</time>
			</trkpt>
			<trkpt lat="59.94651362920449" lon="30.28943435915078">
				<ele>7.067398537881672</ele>
				<time>2026-08-21T15:31:19Z</time>
			</trkpt>
			<trkpt lat="59.94650346738065" lon="30.28948569937557">
				<ele>7.376336582005024</ele>
				<time>2026-08-21T15:31:21Z</time>
			</trkpt>
			<trkpt lat="59.94649112120344" lon="30.28954547196146">
				<ele>7.6877487525343895</ele>
				<time>2026-08-21T15:31:23Z</time>
			</trkpt>
			<trkpt lat="59.94647941751974" lon="30.289588031834246">
				<ele>8.072531431913376</ele>
				<time>2026-08-21T15:31:26Z</time>
			</trkpt>
			<trkpt lat="59.94646635753402" lon="30.289638052248222">
				<ele>8.138700753450394</ele>
				<time>2026-08-21T15:31:28Z</time>
			</trkpt>
			<trkpt lat="59.9464587320662" lon="30.28968738007593">
				<ele>9.01169716566801</ele>
				<time>2026-08-21T15:31:30Z</time>
			</trkpt>
			<trkpt lat="59.94645477212916" lon="30.289733978484772">
				<ele>8.69110953155905</ele>
				<time>2026-08-21T15:31:32Z</time>
			</trkpt>
			<trkpt lat="59.94644823347607" lon="30.289777601057956">
				<ele>7.563874837942421</ele>
				<time>2026-08-21T15:31:35Z</time>
			</trkpt>
			<trkpt lat="59.94643586030666" lon="30.289821971958368">
				<ele>7.419182267040014</ele>
				<time>2026-08-21T15:31:37Z</time>
			</trkpt>
			<trkpt lat="59.94643011780826" lon="30.289856168766963">
				<ele>8.193878351710737</ele>
				<time>2026-08-21T15:31:38Z</time>
			</trkpt>
			<trkpt lat="59.94641758837735" lon="30.289917299130074">
				<ele>8.636329707689583</ele>
				<time>2026-08-21T15:31:40Z</time>
			</trkpt>
			<trkpt lat="59.94640954434795" lon="30.289964223136383">
				<ele>7.881998982280493</ele>
				<time>2026-08-21T15:31:42Z</time>
			</trkpt>
			<trkpt lat="59.946396353601486" lon="30.29001064787091">
				<ele>8.84453349467367</ele>
				<time>2026-08-21T15:31:44Z</time>
			</trkpt>
			<trkpt lat="59.94637747738521" lon="30.290060253110966">
				<ele>9.86827258951962</ele>
				<time>2026-08-21T15:31:46Z</time>
			</trkpt>
			<trkpt lat="59.94636955393347" lon="30.290092526440098">
				<ele>9.188440783880651</ele>
				<time>2026-08-21T15:31:48Z</time>
			</trkpt>
			<trkpt lat="59.94635404102067" lon="30.290132235918083">
				<ele>7.901154459454119</ele>
				<time>2026-08-21T15:31:50Z</time>
			</trkpt>
			<trkpt lat="59.946346056368185" lon="30.29018099284596">
				<ele>9.633526554331183</ele>
				<time>2026-08-21T15:31:52Z</time>
			</trkpt>
			<trkpt lat="59.946338556370904" lon="30.29023237204908">
				<ele>10.168389505706728</ele>
				<time>2026-08-21T15:31:54Z</time>
			</trkpt>
			<trkpt lat="59.94632739406305" lon="30.2902815582789">
				<ele>9.41115739196539</ele>
				<time>2026-08-21T15:31:56Z</time>
			</trkpt>
			<trkpt lat="59.94631819153796" lon="30.290313051913245">
				<ele>9.245957223698497</ele>
				<time>2026-08-21T15:31:58Z</time>
			</trkpt>
			<trkpt lat="59.94630840618959" lon="30.2903497244577">
				<ele>10.54510775115341</ele>
				<time>2026-08-21T15:31:59Z</time>
			</trkpt>
			<trkpt lat="59.94629991287292" lon="30.290387267125546">
				<ele>8.944053244777024</ele>
				<time>2026-08-21T15:32:01Z</time>
			</trkpt>
			<trkpt lat="59.9462838733894" lon="30.290425252080784">
				<ele>9.647139295004308</ele>
				<time>2026-08-21T15:32:03Z</time>
			</trkpt>
			<trkpt lat="59.946276456688395" lon="30.290470322937733">
				<ele>9.731574512086809</ele>
				<time>2026-08-21T15:32:05Z</time>
			</trkpt>
			<trkpt lat="59.946277307245005" lon="30.29052839776108">
				<ele>9.781517235562205</ele>
				<time>2026-08-21T15:32:08Z</time>
			</trkpt>
			<trkpt lat="59.94627409304368" lon="30.290578145608446">
				<ele>9.42017338052392</ele>
				<time>2026-08-21T15:32:11Z</time>
			</trkpt>
			<trkpt lat="59.946265721513726" lon="30.29062508684772">
				<ele>10.82112897746265</ele>
				<time>2026-08-21T15:32:13Z</time>
			</trkpt>
			<trkpt lat="59.946258791105194" lon="30.290666133614362">
				<ele>10.78791260626167</ele>
				<time>2026-08-21T15:32:15Z</time>
			</trkpt>
			<trkpt lat="59.946244701714946" lon="30.290717093740128">
				<ele>9.37608624715358</ele>
				<time>2026-08-21T15:32:18Z</time>
			</trkpt>
			<trkpt lat="59.94622721964248" lon="30.290769488457">
				<ele>10.116017419844866</ele>
				<time>2026-08-21T15:32:20Z</time>
			</trkpt>
			<trkpt lat="59.946212064937065" lon="30.290830943760092">
				<ele>10.040527765639126</ele>
				<time>2026-08-21T15:32:22Z</time>
			</trkpt>
			<trkpt lat="59.946196331489666" lon="30.290875771583384">
				<ele>7.221057236194611</ele>
				<time>2026-08-21T15:32:25Z</time>
			</trkpt>
			<trkpt lat="59.94618666217571" lon="30.29092420846555">
				<ele>7.470675512216985</ele>
				<time>2026-08-21T15:32:27Z</time>
			</trkpt>
			<trkpt lat="59.94617757969771" lon="30.290965002707686">
				<ele>7.841697636991739</ele>
				<time>2026-08-21T15:32:29Z</time>
			</trkpt>
			<trkpt lat="59.94618098864345" lon="30.291012854718787">
				<ele>8.901393805630505</ele>
				<time>2026-08-21T15:32:31Z</time>
			</trkpt>
			<trkpt lat="59.9461617456566" lon="30.291055719780054">
				<ele>8.120777593925595</ele>
				<time>2026-08-21T15:32:33Z</time>
			</trkpt>
			<trkpt lat="59.94615163694179" lon="30.291105096887275">
				<ele>7.544953464530408</ele>
				<time>2026-08-21T15:32:36Z</time>
			</trkpt>
			<trkpt lat="59.94614405334487" lon="30.29116523206864">
				<ele>7.295922440476716</ele>
				<time>2026-08-21T15:32:38Z</time>
			</trkpt>
			<trkpt lat="59.94613453218586" lon="30.291218960973307">
				<ele>7.201170781627297</ele>
				<time>2026-08-21T15:32:42Z</time>
			</trkpt>
			<trkpt lat="59.94612593031996" lon="30.291274487099276">
				<ele>7.6883808663114905</ele>
				<time>2026-08-21T15:32:44Z</time>
			</trkpt>
			<trkpt lat="59.94611266448705" lon="30.29131135640423">
				<ele>9.022143298760056</ele>
				<time>2026-08-21T15:32:45Z</time>
			</trkpt>
			<trkpt lat="59.946108168281256" lon="30.291347023826923">
				<ele>9.493481799960136</ele>
				<time>2026-08-21T15:32:47Z</time>
			</trkpt>
			<trkpt lat="59.946098372482915" lon="30.291390315521806">
				<ele>9.589199416339397</ele>
				<time>2026-08-21T15:32:49Z</time>
			</trkpt>
			<trkpt lat="59.94608458671187" lon="30.29143379439244">
				<ele>8.679885223507881</ele>
				<time>2026-08-21T15:32:51Z</time>
			</trkpt>
			<trkpt lat="59.94607858241904" lon="30.29147044975485">
				<ele>8.946830468252301</ele>
				<time>2026-08-21T15:32:52Z</time>
			</trkpt>
			<trkpt lat="59.946070796750355" lon="30.291520424637355">
				<ele>9.250692656263709</ele>
				<time>2026-08-21T15:32:54Z</time>
			</trkpt>
			<trkpt lat="59.946064122432354" lon="30.291557746766777">
				<ele>9.631160001270473</ele>
				<time>2026-08-21T15:32:55Z</time>
			</trkpt>
			<trkpt lat="59.94605381959093" lon="30.291612639734858">
				<ele>9.06803699862212</ele>
				<time>2026-08-21T15:32:58Z</time>
			</trkpt>
			<trkpt lat="59.94605251567877" lon="30.291654696184317">
				<ele>10.072531952522695</ele>
				<time>2026-08-21T15:32:59Z</time>
			</trkpt>
			<trkpt lat="59.94604704307085" lon="30.291700907251077">
				<ele>9.461969810537994</ele>
				<time>2026-08-21T15:33:02Z</time>
			</trkpt>
			<trkpt lat="59.94604004106259" lon="30.29173507607279">
				<ele>9.758727703243494</ele>
				<time>2026-08-21T15:33:03Z</time>
			</trkpt>
			<trkpt lat="59.94603052947814" lon="30.29177870521473">
				<ele>7.748621528968215</ele>
				<time>2026-08-21T15:33:08Z</time>
			</trkpt>
			<trkpt lat="59.94601956196832" lon="30.291833906426596">
				<ele>7.5964271184057</ele>
				<time>2026-08-21T15:33:11Z</time>
			</trkpt>
			<trkpt lat="59.94601864292073" lon="30.291870111802968">
				<ele>7.656058990396559</ele>
				<time>2026-08-21T15:33:13Z</time>
			</trkpt>
			<trkpt lat="59.946014770684975" lon="30.291914481800667">
				<ele>7.624100487679243</ele>
				<time>2026-08-21T15:33:15Z</time>
			</trkpt>
			<trkpt lat="59.94600910589158" lon="30.29195485084163">
				<ele>7.620676665566862</ele>
				<time>2026-08-21T15:33:17Z</time>
			</trkpt>
			<trkpt lat="59.94600393199951" lon="30.291998593783962">
				<ele>7.171788834966719</ele>
				<time>2026-08-21T15:33:19Z</time>
			</trkpt>
			<trkpt lat="59.94599487419279" lon="30.292031820110267">
				<ele>7.240477097220719</ele>
				<time>2026-08-21T15:33:21Z</time>
			</trkpt>
			<trkpt lat="59.94599146098957" lon="30.292078531771946">
				<ele>7.511111888103187</ele>
				<time>2026-08-21T15:33:23Z</time>
			</trkpt>
			<trkpt lat="59.94598361731563" lon="30.2921116915271">
				<ele>6.794535296037793</ele>
				<time>2026-08-21T15:33:25Z</time>
			</trkpt>
			<trkpt lat="59.94597995076639" lon="30.292152836576996">
				<ele>7.38563984259963</ele>
				<time>2026-08-21T15:33:27Z</time>
			</trkpt>
			<trkpt lat="59.94597388623284" lon="30.292195432791505">
				<ele>7.03085364960134</ele>
				<time>2026-08-21T15:33:29Z</time>
			</trkpt>
			<trkpt lat="59.94596784314178" lon="30.29223161529484">
				<ele>6.9999778820201755</ele>
				<time>2026-08-21T15:33:31Z</time>
			</trkpt>
			<trkpt lat="59.94596406300163" lon="30.292273680651867">
				<ele>7.794912224635482</ele>
				<time>2026-08-21T15:33:33Z</time>
			</trkpt>
			<trkpt lat="59.9459612160931" lon="30.292315426079675">
				<ele>8.409719125367701</ele>
				<time>2026-08-21T15:33:35Z</time>
			</trkpt>
			<trkpt lat="59.945953551381585" lon="30.292352936283518">
				<ele>8.366363752633333</ele>
				<time>2026-08-21T15:33:37Z</time>
			</trkpt>
			<trkpt lat="59.94594337558863" lon="30.292399339250068">
				<ele>8.284742308780551</ele>
				<time>2026-08-21T15:33:40Z</time>
			</trkpt>
			<trkpt lat="59.945933203670215" lon="30.292441902676575">
				<ele>8.366421733051538</ele>
				<time>2026-08-21T15:33:43Z</time>
			</trkpt>
			<trkpt lat="59.94593048798097" lon="30.292478754437127">
				<ele>8.852191134355962</ele>
				<time>2026-08-21T15:33:45Z</time>
			</trkpt>
			<trkpt lat="59.945927191913285" lon="30.292524635773415">
				<ele>8.878924472257495</ele>
				<time>2026-08-21T15:33:47Z</time>
			</trkpt>
			<trkpt lat="59.94592348843609" lon="30.292565931201224">
				<ele>9.153396554291248</ele>
				<time>2026-08-21T15:33:49Z</time>
			</trkpt>
			<trkpt lat="59.9459174549056" lon="30.292611854497146">
				<ele>9.319845071993768</ele>
				<time>2026-08-21T15:33:51Z</time>
			</trkpt>
			<trkpt lat="59.945917648464835" lon="30.292653923345494">
				<ele>9.858111152425408</ele>
				<time>2026-08-21T15:33:53Z</time>
			</trkpt>
			<trkpt lat="59.94591206704611" lon="30.292693596515942">
				<ele>10.190243440680206</ele>
				<time>2026-08-21T15:33:55Z</time>
			</trkpt>
			<trkpt lat="59.945903173819715" lon="30.292728343183036">
				<ele>10.177391938865185</ele>
				<time>2026-08-21T15:33:57Z</time>
			</trkpt>
			<trkpt lat="59.94590350610365" lon="30.29276487437874">
				<ele>9.936570403166115</ele>
				<time>2026-08-21T15:33:59Z</time>
			</trkpt>
			<trkpt lat="59.94589158702285" lon="30.292815459430148">
				<ele>9.306776233948767</ele>
				<time>2026-08-21T15:34:02Z</time>
			</trkpt>
			<trkpt lat="59.945880932948576" lon="30.292844597081945">
				<ele>9.523462349548936</ele>
				<time>2026-08-21T15:34:05Z</time>
			</trkpt>
			<trkpt lat="59.94587951435298" lon="30.29289685528534">
				<ele>9.290577641688287</ele>
				<time>2026-08-21T15:34:06Z</time>
			</trkpt>
			<trkpt lat="59.94588104550259" lon="30.292937686328273">
				<ele>9.116599419154227</ele>
				<time>2026-08-21T15:34:08Z</time>
			</trkpt>
			<trkpt lat="59.94586026337082" lon="30.293002748073405">
				<ele>9.365258353762329</ele>
				<time>2026-08-21T15:34:10Z</time>
			</trkpt>
			<trkpt lat="59.945850381908286" lon="30.29303957007402">
				<ele>8.796747710555792</ele>
				<time>2026-08-21T15:34:12Z</time>
			</trkpt>
			<trkpt lat="59.94583682438491" lon="30.29308875164107">
				<ele>8.153526660054922</ele>
				<time>2026-08-21T15:34:14Z</time>
			</trkpt>
			<trkpt lat="59.945827386125764" lon="30.293147113400615">
				<ele>8.351246663369238</ele>
				<time>2026-08-21T15:34:16Z</time>
			</trkpt>
			<trkpt lat="59.94581753203974" lon="30.293179527066325">
				<ele>8.500569642521441</ele>
				<time>2026-08-21T15:34:18Z</time>
			</trkpt>
			<trkpt lat="59.945804589039234" lon="30.293209851137973">
				<ele>8.470470418222249</ele>
				<time>2026-08-21T15:34:20Z</time>
			</trkpt>
			<trkpt lat="59.945797365939924" lon="30.293258905844727">
				<ele>8.924976660870016</ele>
				<time>2026-08-21T15:34:22Z</time>
			</trkpt>
			<trkpt lat="59.94579551947072" lon="30.29330097438695">
				<ele>7.505916283465922</ele>
				<time>2026-08-21T15:34:24Z</time>
			</trkpt>
			<trkpt lat="59.9457814148302" lon="30.29334678065087">
				<ele>8.557427189312875</ele>
				<time>2026-08-21T15:34:26Z</time>
			</trkpt>
			<trkpt lat="59.945764052739946" lon="30.293404957008597">
				<ele>7.926465776748955</ele>
				<time>2026-08-21T15:34:28Z</time>
			</trkpt>
			<trkpt lat="59.94574654997692" lon="30.293466713684182">
				<ele>8.596515231765807</ele>
				<time>2026-08-21T15:34:31Z</time>
			</trkpt>
			<trkpt lat="59.9457344625275" lon="30.293494078909394">
				<ele>8.82954693492502</ele>
				<time>2026-08-21T15:34:33Z</time>
			</trkpt>
			<trkpt lat="59.945726149589404" lon="30.293544675293308">
				<ele>9.425178073346615</ele>
				<time>2026-08-21T15:34:35Z</time>
			</trkpt>
			<trkpt lat="59.94574273870061" lon="30.293596609685043">
				<ele>9.558312339708209</ele>
				<time>2026-08-21T15:34:38Z</time>
			</trkpt>
			<trkpt lat="59.94573062061165" lon="30.293643196829073">
				<ele>9.202322986908257</ele>
				<time>2026-08-21T15:34:40Z</time>
			</trkpt>
			<trkpt lat="59.94573074094701" lon="30.293697188839072">
				<ele>9.917860617861152</ele>
				<time>2026-08-21T15:34:42Z</time>
			</trkpt>
			<trkpt lat="59.94572366238202" lon="30.29375431694358">
				<ele>9.81352009344846</ele>
				<time>2026-08-21T15:34:44Z</time>
			</trkpt>
			<trkpt lat="59.94571572878515" lon="30.293806258822443">
				<ele>9.650763288140297</ele>
				<time>2026-08-21T15:34:46Z</time>
			</trkpt>
			<trkpt lat="59.94571162746489" lon="30.293859534411833">
				<ele>9.584949711337686</ele>
				<time>2026-08-21T15:34:48Z</time>
			</trkpt>
			<trkpt lat="59.945707030001685" lon="30.29389998802158">
				<ele>10.473457544110715</ele>
				<time>2026-08-21T15:34:50Z</time>
			</trkpt>
			<trkpt lat="59.94570143797314" lon="30.29396077634036">
				<ele>10.33296652790159</ele>
				<time>2026-08-21T15:34:52Z</time>
			</trkpt>
			<trkpt lat="59.945682670543505" lon="30.293977714342663">
				<ele>8.842633207328618</ele>
				<time>2026-08-21T15:34:54Z</time>
			</trkpt>
			<trkpt lat="59.94568425218698" lon="30.294044127188634">
				<ele>9.52754163555801</ele>
				<time>2026-08-21T15:34:58Z</time>
			</trkpt>
			<trkpt lat="59.945685101216796" lon="30.294102616254374">
				<ele>7.033842647448182</ele>
				<time>2026-08-21T15:35:01Z</time>
			</trkpt>
			<trkpt lat="59.94568175033984" lon="30.294156329877488">
				<ele>7.398640798404813</ele>
				<time>2026-08-21T15:35:03Z</time>
			</trkpt>
			<trkpt lat="59.945677946195936" lon="30.294195991529268">
				<ele>7.443189234472811</ele>
				<time>2026-08-21T15:35:05Z</time>
			</trkpt>
			<trkpt lat="59.9456720681795" lon="30.29424636924051">
				<ele>8.4312638733536</ele>
				<time>2026-08-21T15:35:07Z</time>
			</trkpt>
			<trkpt lat="59.945671097275884" lon="30.294287086703108">
				<ele>7.685091613791883</ele>
				<time>2026-08-21T15:35:11Z</time>
			</trkpt>
			<trkpt lat="59.94568166086313" lon="30.294321656395418">
				<ele>8.425840550102293</ele>
				<time>2026-08-21T15:35:13Z</time>
			</trkpt>
			<trkpt lat="59.94567368353169" lon="30.294371219854543">
				<ele>7.533291796222329</ele>
				<time>2026-08-21T15:35:15Z</time>
			</trkpt>
			<trkpt lat="59.94567959790657" lon="30.294410389663547">
				<ele>7.913343790918589</ele>
				<time>2026-08-21T15:35:16Z</time>
			</trkpt>
			<trkpt lat="59.94567697389488" lon="30.29447041359067">
				<ele>8.229744439013302</ele>
				<time>2026-08-21T15:35:19Z</time>
			</trkpt>
			<trkpt lat="59.94566987791469" lon="30.29451052994357">
				<ele>7.935897228308022</ele>
				<time>2026-08-21T15:35:20Z</time>
			</trkpt>
			<trkpt lat="59.94565814769047" lon="30.29456590983226">
				<ele>9.89486653637141</ele>
				<time>2026-08-21T15:35:22Z</time>
			</trkpt>
			<trkpt lat="59.945644297943055" lon="30.294600048148318">
				<ele>7.747286111116409</ele>
				<time>2026-08-21T15:35:24Z</time>
			</trkpt>
			<trkpt lat="59.94562650789586" lon="30.294622332870993">
				<ele>5.789333259686828</ele>
				<time>2026-08-21T15:35:26Z</time>
			</trkpt>
			<trkpt lat="59.945612023548165" lon="30.29468290736146">
				<ele>5.982069863937795</ele>
				<time>2026-08-21T15:35:28Z</time>
			</trkpt>
			<trkpt lat="59.94562073747432" lon="30.294730208315894">
				<ele>5.897159180603921</ele>
				<time>2026-08-21T15:35:30Z</time>
			</trkpt>
			<trkpt lat="59.945615035347195" lon="30.294765905656455">
				<ele>6.04645364638418</ele>
				<time>2026-08-21T15:35:31Z</time>
			</trkpt>
			<trkpt lat="59.94561273176325" lon="30.294802247170082">
				<ele>6.995544323697686</ele>
				<time>2026-08-21T15:35:32Z</time>
			</trkpt>
			<trkpt lat="59.9455993095418" lon="30.294828527176964">
				<ele>5.957241243682802</ele>
				<time>2026-08-21T15:35:33Z</time>
			</trkpt>
			<trkpt lat="59.94560132442216" lon="30.294880227867775">
				<ele>6.017894963733852</ele>
				<time>2026-08-21T15:35:35Z</time>
			</trkpt>
			<trkpt lat="59.945600227051926" lon="30.294935569271754">
				<ele>6.438908599317074</ele>
				<time>2026-08-21T15:35:36Z</time>
			</trkpt>
			<trkpt lat="59.94559565210258" lon="30.294974024788853">
				<ele>6.739125424996018</ele>
				<time>2026-08-21T15:35:38Z</time>
			</trkpt>
			<trkpt lat="59.94558437712061" lon="30.29501710401692">
				<ele>7.240932720713317</ele>
				<time>2026-08-21T15:35:39Z</time>
			</trkpt>
			<trkpt lat="59.94558172468001" lon="30.295085149158655">
				<ele>7.507404504343867</ele>
				<time>2026-08-21T15:35:42Z</time>
			</trkpt>
			<trkpt lat="59.94558483174214" lon="30.29512792628578">
				<ele>7.164276113733649</ele>
				<time>2026-08-21T15:35:43Z</time>
			</trkpt>
			<trkpt lat="59.94558640886448" lon="30.295169864599902">
				<ele>6.811581146903336</ele>
				<time>2026-08-21T15:35:46Z</time>
			</trkpt>
			<trkpt lat="59.945572496928065" lon="30.295210960335943">
				<ele>5.940575915388763</ele>
				<time>2026-08-21T15:35:48Z</time>
			</trkpt>
			<trkpt lat="59.94555162083916" lon="30.295205103796462">
				<ele>7.136916736140847</ele>
				<time>2026-08-21T15:35:50Z</time>
			</trkpt>
			<trkpt lat="59.94552160372706" lon="30.295179620478084">
				<ele>5.432111645117402</ele>
				<time>2026-08-21T15:35:52Z</time>
			</trkpt>
			<trkpt lat="59.94547862328126" lon="30.29514930458354">
				<ele>5.498536801896989</ele>
				<time>2026-08-21T15:35:54Z</time>
			</trkpt>
			<trkpt lat="59.94546070415559" lon="30.29514126826004">
				<ele>5.278005282394588</ele>
				<time>2026-08-21T15:35:55Z</time>
			</trkpt>
			<trkpt lat="59.94543949106901" lon="30.295156493375046">
				<ele>6.345478476025164</ele>
				<time>2026-08-21T15:35:58Z</time>
			</trkpt>
			<trkpt lat="59.94541661803974" lon="30.295161941965752">
				<ele>4.575830051675439</ele>
				<time>2026-08-21T15:36:00Z</time>
			</trkpt>
			<trkpt lat="59.94538375590844" lon="30.295213850012935">
				<ele>5.913997375406325</ele>
				<time>2026-08-21T15:36:03Z</time>
			</trkpt>
			<trkpt lat="59.945379390102495" lon="30.295251667219507">
				<ele>5.058740364387631</ele>
				<time>2026-08-21T15:36:06Z</time>
			</trkpt>
			<trkpt lat="59.945360018679665" lon="30.295298069158395">
				<ele>4.84277862124145</ele>
				<time>2026-08-21T15:36:08Z</time>
			</trkpt>
			<trkpt lat="59.94536963059464" lon="30.29533596903435">
				<ele>6.2686156099662185</ele>
				<time>2026-08-21T15:36:09Z</time>
			</trkpt>
			<trkpt lat="59.945375163511294" lon="30.29540051959189">
				<ele>5.5278969425708055</ele>
				<time>2026-08-21T15:36:11Z</time>
			</trkpt>
			<trkpt lat="59.94538055177688" lon="30.295459219853107">
				<ele>6.009097249247134</ele>
				<time>2026-08-21T15:36:13Z</time>
			</trkpt>
			<trkpt lat="59.94539032829279" lon="30.295504259129146">
				<ele>5.335347571410239</ele>
				<time>2026-08-21T15:36:16Z</time>
			</trkpt>
			<trkpt lat="59.945393145806094" lon="30.29555664075288">
				<ele>5.570344619452953</ele>
				<time>2026-08-21T15:36:18Z</time>
			</trkpt>
			<trkpt lat="59.94538040332993" lon="30.295621319517785">
				<ele>6.195351902395487</ele>
				<time>2026-08-21T15:36:20Z</time>
			</trkpt>
			<trkpt lat="59.94537533115282" lon="30.295680600528197">
				<ele>5.300991241820157</ele>
				<time>2026-08-21T15:36:23Z</time>
			</trkpt>
			<trkpt lat="59.945383314436135" lon="30.295752858550866">
				<ele>5.594409224577248</ele>
				<time>2026-08-21T15:36:25Z</time>
			</trkpt>
			<trkpt lat="59.945383638595864" lon="30.29578985823937">
				<ele>6.569323131814599</ele>
				<time>2026-08-21T15:36:26Z</time>
			</trkpt>
			<trkpt lat="59.94536870105341" lon="30.295817368279955">
				<ele>4.650617148727179</ele>
				<time>2026-08-21T15:36:29Z</time>
			</trkpt>
			<trkpt lat="59.94537645647245" lon="30.295864409091873">
				<ele>5.806843544356525</ele>
				<time>2026-08-21T15:36:31Z</time>
			</trkpt>
			<trkpt lat="59.94536192114678" lon="30.295912710915832">
				<ele>5.08227994479239</ele>
				<time>2026-08-21T15:36:33Z</time>
			</trkpt>
			<trkpt lat="59.9453426157624" lon="30.295961405627423">
				<ele>5.1950765596702695</ele>
				<time>2026-08-21T15:36:36Z</time>
			</trkpt>
			<trkpt lat="59.9453277986544" lon="30.296010575053177">
				<ele>5.097612863406539</ele>
				<time>2026-08-21T15:36:38Z</time>
			</trkpt>
			<trkpt lat="59.94531681886183" lon="30.296071088149024">
				<ele>6.686889871023595</ele>
				<time>2026-08-21T15:36:40Z</time>
			</trkpt>
			<trkpt lat="59.94530410274364" lon="30.29613072223881">
				<ele>5.037629872560501</ele>
				<time>2026-08-21T15:36:43Z</time>
			</trkpt>
			<trkpt lat="59.945315621767165" lon="30.296172966260897">
				<ele>5.355628493241966</ele>
				<time>2026-08-21T15:36:45Z</time>
			</trkpt>
			<trkpt lat="59.945334700850324" lon="30.29620845441059">
				<ele>6.551243349909782</ele>
				<time>2026-08-21T15:36:46Z</time>
			</trkpt>
			<trkpt lat="59.94534117406658" lon="30.29625245082154">
				<ele>6.178499678149819</ele>
				<time>2026-08-21T15:36:47Z</time>
			</trkpt>
			<trkpt lat="59.945334574407255" lon="30.29631635180228">
				<ele>7.382148584350944</ele>
				<time>2026-08-21T15:36:51Z</time>
			</trkpt>
			<trkpt lat="59.945347430340995" lon="30.296346553066147">
				<ele>7.543924812227488</ele>
				<time>2026-08-21T15:36:52Z</time>
			</trkpt>
			<trkpt lat="59.94534280059786" lon="30.296392110023216">
				<ele>7.935904644429684</ele>
				<time>2026-08-21T15:36:54Z</time>
			</trkpt>
			<trkpt lat="59.9453462189257" lon="30.296428142266258">
				<ele>7.721431214362383</ele>
				<time>2026-08-21T15:36:55Z</time>
			</trkpt>
			<trkpt lat="59.94535108421277" lon="30.296464782406627">
				<ele>7.003191938623786</ele>
				<time>2026-08-21T15:36:57Z</time>
			</trkpt>
			<trkpt lat="59.945345604899174" lon="30.296501368705755">
				<ele>6.966195493005216</ele>
				<time>2026-08-21T15:36:59Z</time>
			</trkpt>
			<trkpt lat="59.94534697041996" lon="30.296547942427207">
				<ele>7.2178232073783875</ele>
				<time>2026-08-21T15:37:02Z</time>
			</trkpt>
			<trkpt lat="59.945344986018185" lon="30.296612835447714">
				<ele>7.922991298139095</ele>
				<time>2026-08-21T15:37:04Z</time>
			</trkpt>
			<trkpt lat="59.94533167270211" lon="30.296664525150614">
				<ele>6.256678233854473</ele>
				<time>2026-08-21T15:37:07Z</time>
			</trkpt>
			<trkpt lat="59.94532301153782" lon="30.29670613060136">
				<ele>5.805244753137231</ele>
				<time>2026-08-21T15:37:09Z</time>
			</trkpt>
			<trkpt lat="59.94532988235892" lon="30.29674925892332">
				<ele>7.5468296287581325</ele>
				<time>2026-08-21T15:37:10Z</time>
			</trkpt>
			<trkpt lat="59.94531918680068" lon="30.296824391660007">
				<ele>6.77211881428957</ele>
				<time>2026-08-21T15:37:13Z</time>
			</trkpt>
			<trkpt lat="59.94531364367513" lon="30.29688493650444">
				<ele>7.691956780850887</ele>
				<time>2026-08-21T15:37:16Z</time>
			</trkpt>
			<trkpt lat="59.94531221483989" lon="30.296924643663072">
				<ele>6.542256170883775</ele>
				<time>2026-08-21T15:37:18Z</time>
			</trkpt>
			<trkpt lat="59.94531514482644" lon="30.296960489347384">
				<ele>5.907717633061111</ele>
				<time>2026-08-21T15:37:20Z</time>
			</trkpt>
			<trkpt lat="59.94531857582754" lon="30.29699814744755">
				<ele>7.436931342817843</ele>
				<time>2026-08-21T15:37:22Z</time>
			</trkpt>
			<trkpt lat="59.94530579289107" lon="30.29705409565569">
				<ele>7.947684124112129</ele>
				<time>2026-08-21T15:37:24Z</time>
			</trkpt>
			<trkpt lat="59.945308570556925" lon="30.29710000492366">
				<ele>6.583529434166849</ele>
				<time>2026-08-21T15:37:26Z</time>
			</trkpt>
			<trkpt lat="59.94529965872647" lon="30.297150096018726">
				<ele>7.169747321866453</ele>
				<time>2026-08-21T15:37:28Z</time>
			</trkpt>
			<trkpt lat="59.94530253050875" lon="30.297191357790382">
				<ele>7.049826207570732</ele>
				<time>2026-08-21T15:37:29Z</time>
			</trkpt>
			<trkpt lat="59.945290853007464" lon="30.297222070312827">
				<ele>7.71993375942111</ele>
				<time>2026-08-21T15:37:31Z</time>
			</trkpt>
			<trkpt lat="59.9452801456356" lon="30.29726542915107">
				<ele>6.361626752652228</ele>
				<time>2026-08-21T15:37:33Z</time>
			</trkpt>
			<trkpt lat="59.945277462939416" lon="30.29734118460748">
				<ele>7.622382688336074</ele>
				<time>2026-08-21T15:37:35Z</time>
			</trkpt>
			<trkpt lat="59.94528394605026" lon="30.29737675838273">
				<ele>7.62215896230191</ele>
				<time>2026-08-21T15:37:37Z</time>
			</trkpt>
			<trkpt lat="59.945282203961476" lon="30.297435305838373">
				<ele>7.562701097689569</ele>
				<time>2026-08-21T15:37:39Z</time>
			</trkpt>
			<trkpt lat="59.945295329898066" lon="30.297502787140186">
				<ele>8.207863646559417</ele>
				<time>2026-08-21T15:37:41Z</time>
			</trkpt>
			<trkpt lat="59.94528954742933" lon="30.297545065141186">
				<ele>8.058469500392675</ele>
				<time>2026-08-21T15:37:43Z</time>
			</trkpt>
			<trkpt lat="59.94528007616785" lon="30.29759070148515">
				<ele>9.288769945502281</ele>
				<time>2026-08-21T15:37:45Z</time>
			</trkpt>
			<trkpt lat="59.94527187463228" lon="30.29762591632659">
				<ele>10.224597831256688</ele>
				<time>2026-08-21T15:37:46Z</time>
			</trkpt>
			<trkpt lat="59.945272084889915" lon="30.29768483732091">
				<ele>7.628856711089611</ele>
				<time>2026-08-21T15:37:49Z</time>
			</trkpt>
			<trkpt lat="59.94526502068248" lon="30.297730306692387">
				<ele>8.620639888569713</ele>
				<time>2026-08-21T15:37:51Z</time>
			</trkpt>
			<trkpt lat="59.945249406313856" lon="30.29775714612997">
				<ele>8.045740358531475</ele>
				<time>2026-08-21T15:37:53Z</time>
			</trkpt>
			<trkpt lat="59.94524940462363" lon="30.29780622163344">
				<ele>8.805767194367945</ele>
				<time>2026-08-21T15:37:54Z</time>
			</trkpt>
			<trkpt lat="59.94524144118011" lon="30.2978472367783">
				<ele>8.66311501339078</ele>
				<time>2026-08-21T15:37:56Z</time>
			</trkpt>
			<trkpt lat="59.945243593075915" lon="30.29791201175487">
				<ele>9.328755425289273</ele>
				<time>2026-08-21T15:37:59Z</time>
			</trkpt>
			<trkpt lat="59.945240082471585" lon="30.29795558279917">
				<ele>8.716653782874346</ele>
				<time>2026-08-21T15:38:01Z</time>
			</trkpt>
			<trkpt lat="59.945234888244165" lon="30.298012719154883">
				<ele>9.178406615741551</ele>
				<time>2026-08-21T15:38:03Z</time>
			</trkpt>
			<trkpt lat="59.945246459581796" lon="30.298084582480538">
				<ele>10.156374959275126</ele>
				<time>2026-08-21T15:38:05Z</time>
			</trkpt>
			<trkpt lat="59.9452426329676" lon="30.29813775824328">
				<ele>8.792582494206727</ele>
				<time>2026-08-21T15:38:08Z</time>
			</trkpt>
			<trkpt lat="59.94524157584769" lon="30.298178380142055">
				<ele>7.616746430285275</ele>
				<time>2026-08-21T15:38:10Z</time>
			</trkpt>
			<trkpt lat="59.94523460185238" lon="30.298229477727606">
				<ele>8.838177980855107</ele>
				<time>2026-08-21T15:38:12Z</time>
			</trkpt>
			<trkpt lat="59.945234221694655" lon="30.29827364381438">
				<ele>8.737705887295306</ele>
				<time>2026-08-21T15:38:13Z</time>
			</trkpt>
			<trkpt lat="59.94522668407821" lon="30.29833787600809">
				<ele>7.835228302516043</ele>
				<time>2026-08-21T15:38:16Z</time>
			</trkpt>
			<trkpt lat="59.94520988445759" lon="30.298364037399672">
				<ele>6.601637312211096</ele>
				<time>2026-08-21T15:38:18Z</time>
			</trkpt>
			<trkpt lat="59.94519914601692" lon="30.298396015656582">
				<ele>6.257699011825025</ele>
				<time>2026-08-21T15:38:20Z</time>
			</trkpt>
			<trkpt lat="59.94518733393155" lon="30.298445054833405">
				<ele>6.309452282264829</ele>
				<time>2026-08-21T15:38:22Z</time>
			</trkpt>
			<trkpt lat="59.9451835900534" lon="30.298502972266107">
				<ele>7.420364465564489</ele>
				<time>2026-08-21T15:38:24Z</time>
			</trkpt>
			<trkpt lat="59.94519434784036" lon="30.29854252938954">
				<ele>7.75146637763828</ele>
				<time>2026-08-21T15:38:26Z</time>
			</trkpt>
			<trkpt lat="59.94520102415669" lon="30.29860311967204">
				<ele>8.460347949527204</ele>
				<time>2026-08-21T15:38:28Z</time>
			</trkpt>
			<trkpt lat="59.94520606634829" lon="30.29865367827603">
				<ele>7.6184486243873835</ele>
				<time>2026-08-21T15:38:30Z</time>
			</trkpt>
			<trkpt lat="59.945212701952954" lon="30.29870886424338">
				<ele>6.849356669001281</ele>
				<time>2026-08-21T15:38:32Z</time>
			</trkpt>
			<trkpt lat="59.945212237156596" lon="30.29875086181488">
				<ele>7.668285741470754</ele>
				<time>2026-08-21T15:38:34Z</time>
			</trkpt>
			<trkpt lat="59.94521327848457" lon="30.298816297602368">
				<ele>8.82277636229992</ele>
				<time>2026-08-21T15:38:36Z</time>
			</trkpt>
			<trkpt lat="59.94519015691857" lon="30.29881720586826">
				<ele>8.6996327964589</ele>
				<time>2026-08-21T15:38:39Z</time>
			</trkpt>
			<trkpt lat="59.94519242130295" lon="30.29887596174319">
				<ele>8.29915357939899</ele>
				<time>2026-08-21T15:38:41Z</time>
			</trkpt>
			<trkpt lat="59.94516891418451" lon="30.298950413821167">
				<ele>8.537222065962851</ele>
				<time>2026-08-21T15:38:44Z</time>
			</trkpt>
			<trkpt lat="59.94515987828425" lon="30.298985318068468">
				<ele>7.2468802174553275</ele>
				<time>2026-08-21T15:38:47Z</time>
			</trkpt>
			<trkpt lat="59.945164695012224" lon="30.299044931054244">
				<ele>7.723240461200476</ele>
				<time>2026-08-21T15:38:49Z</time>
			</trkpt>
			<trkpt lat="59.94515143536843" lon="30.29910615449545">
				<ele>8.311148279346526</ele>
				<time>2026-08-21T15:38:51Z</time>
			</trkpt>
			<trkpt lat="59.94514548929712" lon="30.299152402807643">
				<ele>8.855783990584314</ele>
				<time>2026-08-21T15:38:53Z</time>
			</trkpt>
			<trkpt lat="59.94513236565553" lon="30.299194191727562">
				<ele>8.266423442400992</ele>
				<time>2026-08-21T15:38:55Z</time>
			</trkpt>
			<trkpt lat="59.94512528164304" lon="30.299232710233174">
				<ele>7.822402755729854</ele>
				<time>2026-08-21T15:38:56Z</time>
			</trkpt>
			<trkpt lat="59.94513100792608" lon="30.299269321209728">
				<ele>7.598638147115707</ele>
				<time>2026-08-21T15:38:58Z</time>
			</trkpt>
			<trkpt lat="59.9451218043753" lon="30.299331412808503">
				<ele>8.89139194227755</ele>
				<time>2026-08-21T15:39:00Z</time>
			</trkpt>
			<trkpt lat="59.945119716853846" lon="30.299372541723482">
				<ele>7.740942679345608</ele>
				<time>2026-08-21T15:39:04Z</time>
			</trkpt>
			<trkpt lat="59.945129173919725" lon="30.29945770934229">
				<ele>8.656692944467068</ele>
				<time>2026-08-21T15:39:06Z</time>
			</trkpt>
			<trkpt lat="59.94512279784466" lon="30.299510475629784">
				<ele>9.187527322210371</ele>
				<time>2026-08-21T15:39:08Z</time>
			</trkpt>
			<trkpt lat="59.94512108768818" lon="30.299552490796064">
				<ele>9.945081925019622</ele>
				<time>2026-08-21T15:39:09Z</time>
			</trkpt>
			<trkpt lat="59.9451079727625" lon="30.29958807579623">
				<ele>8.91433768067509</ele>
				<time>2026-08-21T15:39:11Z</time>
			</trkpt>
			<trkpt lat="59.94509954767423" lon="30.299644644102052">
				<ele>9.11288798879832</ele>
				<time>2026-08-21T15:39:14Z</time>
			</trkpt>
			<trkpt lat="59.945090685694545" lon="30.299694904922152">
				<ele>9.822161662392318</ele>
				<time>2026-08-21T15:39:15Z</time>
			</trkpt>
			<trkpt lat="59.945085629797184" lon="30.29975348357231">
				<ele>10.879870157688856</ele>
				<time>2026-08-21T15:39:17Z</time>
			</trkpt>
			<trkpt lat="59.945089320946344" lon="30.299804067730822">
				<ele>10.117917484603822</ele>
				<time>2026-08-21T15:39:19Z</time>
			</trkpt>
			<trkpt lat="59.945093768554585" lon="30.299872888750723">
				<ele>9.892251652665436</ele>
				<time>2026-08-21T15:39:21Z</time>
			</trkpt>
			<trkpt lat="59.94510997504809" lon="30.299950545950274">
				<ele>11.355107637122273</ele>
				<time>2026-08-21T15:39:23Z</time>
			</trkpt>
			<trkpt lat="59.94511315978897" lon="30.300004734392857">
				<ele>12.003467731177807</ele>
				<time>2026-08-21T15:39:25Z</time>
			</trkpt>
			<trkpt lat="59.94510797756898" lon="30.30004864171659">
				<ele>12.877542456611991</ele>
				<time>2026-08-21T15:39:27Z</time>
			</trkpt>
			<trkpt lat="59.9451040554368" lon="30.30008541524192">
				<ele>12.384437095373869</ele>
				<time>2026-08-21T15:39:29Z</time>
			</trkpt>
			<trkpt lat="59.94510014695399" lon="30.30013490088332">
				<ele>11.414020765572786</ele>
				<time>2026-08-21T15:39:31Z</time>
			</trkpt>
			<trkpt lat="59.9450981931915" lon="30.300182260615443">
				<ele>11.87214698921889</ele>
				<time>2026-08-21T15:39:33Z</time>
			</trkpt>
			<trkpt lat="59.94509423654868" lon="30.30022703567891">
				<ele>12.211357042193413</ele>
				<time>2026-08-21T15:39:35Z</time>
			</trkpt>
			<trkpt lat="59.945086566591854" lon="30.3002762653689">
				<ele>12.835269097238779</ele>
				<time>2026-08-21T15:39:37Z</time>
			</trkpt>
			<trkpt lat="59.94507988833509" lon="30.300328772241873">
				<ele>12.196954888291657</ele>
				<time>2026-08-21T15:39:39Z</time>
			</trkpt>
			<trkpt lat="59.94507413875684" lon="30.30037346182028">
				<ele>12.941774970851839</ele>
				<time>2026-08-21T15:39:40Z</time>
			</trkpt>
			<trkpt lat="59.94506747372859" lon="30.300434455626306">
				<ele>13.708356883376837</ele>
				<time>2026-08-21T15:39:42Z</time>
			</trkpt>
			<trkpt lat="59.94505954434128" lon="30.30048470940656">
				<ele>12.31740876659751</ele>
				<time>2026-08-21T15:39:45Z</time>
			</trkpt>
			<trkpt lat="59.9450776559613" lon="30.300512128898163">
				<ele>13.366525159217417</ele>
				<time>2026-08-21T15:39:51Z</time>
			</trkpt>
			<trkpt lat="59.94509544842191" lon="30.30053695975792">
				<ele>12.076483929529786</ele>
				<time>2026-08-21T15:39:53Z</time>
			</trkpt>
			<trkpt lat="59.94511511820447" lon="30.30053614299231">
				<ele>11.154390912503004</ele>
				<time>2026-08-21T15:39:54Z</time>
			</trkpt>
			<trkpt lat="59.94512723063312" lon="30.300570779994327">
				<ele>11.701523473486304</ele>
				<time>2026-08-21T15:39:55Z</time>
			</trkpt>
			<trkpt lat="59.945146582074855" lon="30.30062509154786">
				<ele>12.532277822494507</ele>
				<time>2026-08-21T15:39:57Z</time>
			</trkpt>
			<trkpt lat="59.945144185684775" lon="30.30066305781759">
				<ele>11.62060983479023</ele>
				<time>2026-08-21T15:39:59Z</time>
			</trkpt>
			<trkpt lat="59.94513477812462" lon="30.300695656085562">
				<ele>10.450157481245697</ele>
				<time>2026-08-21T15:40:01Z</time>
			</trkpt>
			<trkpt lat="59.94513002105681" lon="30.3007447572381">
				<ele>10.296956551261246</ele>
				<time>2026-08-21T15:40:03Z</time>
			</trkpt>
			<trkpt lat="59.94511134753774" lon="30.300796089112474">
				<ele>10.053051565773785</ele>
				<time>2026-08-21T15:40:05Z</time>
			</trkpt>
			<trkpt lat="59.94510793135633" lon="30.300843384303175">
				<ele>10.65801378339529</ele>
				<time>2026-08-21T15:40:06Z</time>
			</trkpt>
			<trkpt lat="59.94509273967577" lon="30.300872180566188">
				<ele>9.869799486361444</ele>
				<time>2026-08-21T15:40:08Z</time>
			</trkpt>
			<trkpt lat="59.945083848026066" lon="30.30090736105087">
				<ele>9.47000382002443</ele>
				<time>2026-08-21T15:40:10Z</time>
			</trkpt>
			<trkpt lat="59.94507591320309" lon="30.30095617544646">
				<ele>10.156994547694921</ele>
				<time>2026-08-21T15:40:12Z</time>
			</trkpt>
			<trkpt lat="59.94506925887764" lon="30.30101250468158">
				<ele>10.460765664465725</ele>
				<time>2026-08-21T15:40:14Z</time>
			</trkpt>
			<trkpt lat="59.94506239893764" lon="30.30104669411437">
				<ele>10.373470339924097</ele>
				<time>2026-08-21T15:40:15Z</time>
			</trkpt>
			<trkpt lat="59.94506271793096" lon="30.30109417907377">
				<ele>11.622798873111606</ele>
				<time>2026-08-21T15:40:16Z</time>
			</trkpt>
			<trkpt lat="59.94505552573365" lon="30.301151549568242">
				<ele>10.916958733461797</ele>
				<time>2026-08-21T15:40:19Z</time>
			</trkpt>
			<trkpt lat="59.94505255511518" lon="30.301191570769678">
				<ele>12.09990497957915</ele>
				<time>2026-08-21T15:40:20Z</time>
			</trkpt>
			<trkpt lat="59.94503905434661" lon="30.301230365790104">
				<ele>11.828563447110355</ele>
				<time>2026-08-21T15:40:22Z</time>
			</trkpt>
			<trkpt lat="59.945034869882335" lon="30.301295584374238">
				<ele>11.945384723134339</ele>
				<time>2026-08-21T15:40:25Z</time>
			</trkpt>
			<trkpt lat="59.94504033436195" lon="30.301343955890008">
				<ele>13.706173157319427</ele>
				<time>2026-08-21T15:40:27Z</time>
			</trkpt>
			<trkpt lat="59.94503361066373" lon="30.301400536847318">
				<ele>13.18795670196414</ele>
				<time>2026-08-21T15:40:30Z</time>
			</trkpt>
			<trkpt lat="59.945026529634184" lon="30.30144001376544">
				<ele>13.409965454600751</ele>
				<time>2026-08-21T15:40:33Z</time>
			</trkpt>
			<trkpt lat="59.94502615877596" lon="30.301480233741334">
				<ele>13.347410560585558</ele>
				<time>2026-08-21T15:40:36Z</time>
			</trkpt>
			<trkpt lat="59.94501962105515" lon="30.301518462225676">
				<ele>13.919419190846384</ele>
				<time>2026-08-21T15:40:37Z</time>
			</trkpt>
			<trkpt lat="59.945016954458126" lon="30.30155656335424">
				<ele>15.054176337085664</ele>
				<time>2026-08-21T15:40:38Z</time>
			</trkpt>
			<trkpt lat="59.94500862776141" lon="30.301599315386994">
				<ele>14.186941914260387</ele>
				<time>2026-08-21T15:40:41Z</time>
			</trkpt>
			<trkpt lat="59.94500238568591" lon="30.301646686848557">
				<ele>15.907997493632138</ele>
				<time>2026-08-21T15:40:42Z</time>
			</trkpt>
			<trkpt lat="59.94498318591401" lon="30.301670103944875">
				<ele>13.045956617221236</ele>
				<time>2026-08-21T15:40:44Z</time>
			</trkpt>
			<trkpt lat="59.94498120903646" lon="30.301709855063457">
				<ele>12.908033135347068</ele>
				<time>2026-08-21T15:40:46Z</time>
			</trkpt>
			<trkpt lat="59.94498037835129" lon="30.301762715490717">
				<ele>14.16003968194127</ele>
				<time>2026-08-21T15:40:47Z</time>
			</trkpt>
			<trkpt lat="59.94497763210314" lon="30.301798281314728">
				<ele>13.029481043107808</ele>
				<time>2026-08-21T15:40:50Z</time>
			</trkpt>
			<trkpt lat="59.94496787858308" lon="30.30183616145963">
				<ele>13.96175495069474</ele>
				<time>2026-08-21T15:40:51Z</time>
			</trkpt>
			<trkpt lat="59.94496095028912" lon="30.30187003925482">
				<ele>14.017542536370456</ele>
				<time>2026-08-21T15:40:53Z</time>
			</trkpt>
			<trkpt lat="59.94494897264649" lon="30.301926191475385">
				<ele>13.32813277747482</ele>
				<time>2026-08-21T15:40:55Z</time>
			</trkpt>
			<trkpt lat="59.94494481092305" lon="30.301968503336276">
				<ele>13.865694311447442</ele>
				<time>2026-08-21T15:40:56Z</time>
			</trkpt>
			<trkpt lat="59.944929049684674" lon="30.302007941962604">
				<ele>14.156799734570086</ele>
				<time>2026-08-21T15:40:58Z</time>
			</trkpt>
			<trkpt lat="59.94492300681827" lon="30.302053791088678">
				<ele>13.925901337526739</ele>
				<time>2026-08-21T15:41:00Z</time>
			</trkpt>
			<trkpt lat="59.94491054169747" lon="30.30212318358836">
				<ele>14.367137654684484</ele>
				<time>2026-08-21T15:41:03Z</time>
			</trkpt>
			<trkpt lat="59.944904577495684" lon="30.302179941277174">
				<ele>15.319887703284621</ele>
				<time>2026-08-21T15:41:05Z</time>
			</trkpt>
			<trkpt lat="59.94488422009152" lon="30.302171641196633">
				<ele>11.528020953759551</ele>
				<time>2026-08-21T15:41:08Z</time>
			</trkpt>
			<trkpt lat="59.944872866358274" lon="30.30224418937976">
				<ele>11.58333942014724</ele>
				<time>2026-08-21T15:41:10Z</time>
			</trkpt>
			<trkpt lat="59.94486150216074" lon="30.302282063934094">
				<ele>11.42201896943152</ele>
				<time>2026-08-21T15:41:12Z</time>
			</trkpt>
			<trkpt lat="59.94485425193178" lon="30.302328978544605">
				<ele>11.630744807422161</ele>
				<time>2026-08-21T15:41:14Z</time>
			</trkpt>
			<trkpt lat="59.94484820837139" lon="30.302390590188132">
				<ele>10.348421170376241</ele>
				<time>2026-08-21T15:41:17Z</time>
			</trkpt>
			<trkpt lat="59.944840667478424" lon="30.302439334044383">
				<ele>10.231147243641317</ele>
				<time>2026-08-21T15:41:19Z</time>
			</trkpt>
			<trkpt lat="59.9448327211803" lon="30.302488597530893">
				<ele>10.752902334555984</ele>
				<time>2026-08-21T15:41:21Z</time>
			</trkpt>
			<trkpt lat="59.94482917098037" lon="30.30253411501469">
				<ele>9.063620046712458</ele>
				<time>2026-08-21T15:41:24Z</time>
			</trkpt>
			<trkpt lat="59.94482180762039" lon="30.30258304789621">
				<ele>9.808581493794918</ele>
				<time>2026-08-21T15:41:26Z</time>
			</trkpt>
			<trkpt lat="59.94481660643072" lon="30.302619322071305">
				<ele>10.03123549837619</ele>
				<time>2026-08-21T15:41:27Z</time>
			</trkpt>
			<trkpt lat="59.94481697118335" lon="30.30267844889012">
				<ele>11.362973458133638</ele>
				<time>2026-08-21T15:41:29Z</time>
			</trkpt>
			<trkpt lat="59.94480498551268" lon="30.302716676505234">
				<ele>9.766431350260973</ele>
				<time>2026-08-21T15:41:32Z</time>
			</trkpt>
			<trkpt lat="59.94480173666117" lon="30.302773553238445">
				<ele>10.40302587673068</ele>
				<time>2026-08-21T15:41:34Z</time>
			</trkpt>
			<trkpt lat="59.94479880787794" lon="30.30282125738504">
				<ele>11.520628615282476</ele>
				<time>2026-08-21T15:41:35Z</time>
			</trkpt>
			<trkpt lat="59.944784603118556" lon="30.302861696451338">
				<ele>10.063478083349764</ele>
				<time>2026-08-21T15:41:38Z</time>
			</trkpt>
			<trkpt lat="59.94477605529877" lon="30.302911506621626">
				<ele>10.134146655909717</ele>
				<time>2026-08-21T15:41:40Z</time>
			</trkpt>
			<trkpt lat="59.94476960877991" lon="30.302946961251337">
				<ele>10.758879602886736</ele>
				<time>2026-08-21T15:41:41Z</time>
			</trkpt>
			<trkpt lat="59.94475928512757" lon="30.302984635929096">
				<ele>10.152674024924636</ele>
				<time>2026-08-21T15:41:43Z</time>
			</trkpt>
			<trkpt lat="59.9447471855973" lon="30.303030231949382">
				<ele>9.981825051829219</ele>
				<time>2026-08-21T15:41:45Z</time>
			</trkpt>
			<trkpt lat="59.9447368997106" lon="30.30310163701906">
				<ele>11.202683611772954</ele>
				<time>2026-08-21T15:41:47Z</time>
			</trkpt>
			<trkpt lat="59.94472529342123" lon="30.30313867233563">
				<ele>10.155590851791203</ele>
				<time>2026-08-21T15:41:50Z</time>
			</trkpt>
			<trkpt lat="59.94471478786553" lon="30.303188665291827">
				<ele>9.800647405907512</ele>
				<time>2026-08-21T15:41:52Z</time>
			</trkpt>
			<trkpt lat="59.94470335098736" lon="30.30324569966192">
				<ele>10.72879289649427</ele>
				<time>2026-08-21T15:41:54Z</time>
			</trkpt>
			<trkpt lat="59.94470016254752" lon="30.303282016280992">
				<ele>11.33155019953847</ele>
				<time>2026-08-21T15:41:55Z</time>
			</trkpt>
			<trkpt lat="59.94469178270518" lon="30.303326784599495">
				<ele>10.757368008606136</ele>
				<time>2026-08-21T15:41:58Z</time>
			</trkpt>
			<trkpt lat="59.944678983366146" lon="30.30338081957795">
				<ele>11.090656944550574</ele>
				<time>2026-08-21T15:42:00Z</time>
			</trkpt>
			<trkpt lat="59.94467392482879" lon="30.303424070779307">
				<ele>11.710114724002779</ele>
				<time>2026-08-21T15:42:01Z</time>
			</trkpt>
			<trkpt lat="59.94467341571107" lon="30.303388214714715">
				<ele>10.897196815349162</ele>
				<time>2026-08-21T15:42:04Z</time>
			</trkpt>
			<trkpt lat="59.944660249947134" lon="30.303429563832882">
				<ele>10.899696430191398</ele>
				<time>2026-08-21T15:42:05Z</time>
			</trkpt>
			<trkpt lat="59.94465903130875" lon="30.303485562996638">
				<ele>11.51711798273027</ele>
				<time>2026-08-21T15:42:06Z</time>
			</trkpt>
			<trkpt lat="59.94464742619531" lon="30.303542514129486">
				<ele>11.905600083060563</ele>
				<time>2026-08-21T15:42:08Z</time>
			</trkpt>
			<trkpt lat="59.94464159328846" lon="30.303597394794686">
				<ele>11.60852834302932</ele>
				<time>2026-08-21T15:42:11Z</time>
			</trkpt>
			<trkpt lat="59.944634365940466" lon="30.303657907762837">
				<ele>11.579471402801573</ele>
				<time>2026-08-21T15:42:13Z</time>
			</trkpt>
			<trkpt lat="59.94462168891859" lon="30.30372903972166">
				<ele>12.185951938852668</ele>
				<time>2026-08-21T15:42:16Z</time>
			</trkpt>
			<trkpt lat="59.944616743752924" lon="30.303765991052494">
				<ele>12.075822536833584</ele>
				<time>2026-08-21T15:42:18Z</time>
			</trkpt>
			<trkpt lat="59.944600629726594" lon="30.303808980649595">
				<ele>11.518276631832123</ele>
				<time>2026-08-21T15:42:21Z</time>
			</trkpt>
			<trkpt lat="59.944591123335066" lon="30.30386072640995">
				<ele>12.847472749650478</ele>
				<time>2026-08-21T15:42:23Z</time>
			</trkpt>
			<trkpt lat="59.944580851677095" lon="30.30389073702393">
				<ele>12.559352925978601</ele>
				<time>2026-08-21T15:42:26Z</time>
			</trkpt>
			<trkpt lat="59.94457019562991" lon="30.303925759098924">
				<ele>12.604108437895775</ele>
				<time>2026-08-21T15:42:28Z</time>
			</trkpt>
			<trkpt lat="59.94455266935653" lon="30.30394655240942">
				<ele>12.007810140959918</ele>
				<time>2026-08-21T15:42:31Z</time>
			</trkpt>
			<trkpt lat="59.944534918712634" lon="30.303968960993625">
				<ele>11.793111485429108</ele>
				<time>2026-08-21T15:42:33Z</time>
			</trkpt>
			<trkpt lat="59.94451510691883" lon="30.304001167357217">
				<ele>10.675327692180872</ele>
				<time>2026-08-21T15:42:35Z</time>
			</trkpt>
			<trkpt lat="59.94449364405742" lon="30.30405626961222">
				<ele>11.44799875561148</ele>
				<time>2026-08-21T15:42:37Z</time>
			</trkpt>
			<trkpt lat="59.944480684229575" lon="30.3041002893735">
				<ele>11.851253469474614</ele>
				<time>2026-08-21T15:42:39Z</time>
			</trkpt>
			<trkpt lat="59.944462339343424" lon="30.30413245869342">
				<ele>12.198201898485422</ele>
				<time>2026-08-21T15:42:41Z</time>
			</trkpt>
			<trkpt lat="59.94445099990132" lon="30.304163642404355">
				<ele>12.83688706252724</ele>
				<time>2026-08-21T15:42:42Z</time>
			</trkpt>
			<trkpt lat="59.9444348915479" lon="30.30420113528431">
				<ele>12.62732001952827</ele>
				<time>2026-08-21T15:42:44Z</time>
			</trkpt>
			<trkpt lat="59.94441308405142" lon="30.304216561385275">
				<ele>12.17091103643179</ele>
				<time>2026-08-21T15:42:47Z</time>
			</trkpt>
			<trkpt lat="59.94440000726457" lon="30.304244329264275">
				<ele>12.266910484991968</ele>
				<time>2026-08-21T15:42:48Z</time>
			</trkpt>
			<trkpt lat="59.944386284414996" lon="30.304288963950192">
				<ele>13.254579023458064</ele>
				<time>2026-08-21T15:42:49Z</time>
			</trkpt>
			<trkpt lat="59.94436495330237" lon="30.304303110128007">
				<ele>12.411215470172465</ele>
				<time>2026-08-21T15:42:51Z</time>
			</trkpt>
			<trkpt lat="59.94434081641062" lon="30.30434155256339">
				<ele>12.758965831249952</ele>
				<time>2026-08-21T15:42:53Z</time>
			</trkpt>
			<trkpt lat="59.944339342781866" lon="30.304406217109552">
				<ele>12.954044630751014</ele>
				<time>2026-08-21T15:42:55Z</time>
			</trkpt>
			<trkpt lat="59.94432795133185" lon="30.304440115890092">
				<ele>13.017781043425202</ele>
				<time>2026-08-21T15:42:56Z</time>
			</trkpt>
			<trkpt lat="59.94431092623342" lon="30.304466733571495">
				<ele>11.786765357479453</ele>
				<time>2026-08-21T15:42:59Z</time>
			</trkpt>
			<trkpt lat="59.94430138240192" lon="30.304498358586095">
				<ele>12.433888286352158</ele>
				<time>2026-08-21T15:43:01Z</time>
			</trkpt>
			<trkpt lat="59.94428768894367" lon="30.30452832209736">
				<ele>10.549864917062223</ele>
				<time>2026-08-21T15:43:05Z</time>
			</trkpt>
			<trkpt lat="59.9442747418182" lon="30.304563601752683">
				<ele>10.518328732810915</ele>
				<time>2026-08-21T15:43:07Z</time>
			</trkpt>
			<trkpt lat="59.94425944245043" lon="30.304625252806392">
				<ele>11.281013865955174</ele>
				<time>2026-08-21T15:43:09Z</time>
			</trkpt>
			<trkpt lat="59.944240592407986" lon="30.304672390694567">
				<ele>11.205681920982897</ele>
				<time>2026-08-21T15:43:12Z</time>
			</trkpt>
			<trkpt lat="59.94422783330292" lon="30.30470585854156">
				<ele>10.580891928635538</ele>
				<time>2026-08-21T15:43:14Z</time>
			</trkpt>
			<trkpt lat="59.94420304763054" lon="30.30473512800263">
				<ele>8.719295607879758</ele>
				<time>2026-08-21T15:43:16Z</time>
			</trkpt>
			<trkpt lat="59.94418487907345" lon="30.304743100993786">
				<ele>8.068968325853348</ele>
				<time>2026-08-21T15:43:18Z</time>
			</trkpt>
			<trkpt lat="59.94416616488588" lon="30.304752337627644">
				<ele>8.152347116731107</ele>
				<time>2026-08-21T15:43:20Z</time>
			</trkpt>
			<trkpt lat="59.944153412292245" lon="30.30478669148848">
				<ele>8.461488639935851</ele>
				<time>2026-08-21T15:43:22Z</time>
			</trkpt>
			<trkpt lat="59.94413570623553" lon="30.30484407469032">
				<ele>8.044149063527584</ele>
				<time>2026-08-21T15:43:25Z</time>
			</trkpt>
			<trkpt lat="59.94412312025436" lon="30.304878179386254">
				<ele>9.12449964415282</ele>
				<time>2026-08-21T15:43:27Z</time>
			</trkpt>
			<trkpt lat="59.94409261441996" lon="30.304863115661757">
				<ele>8.200814804062247</ele>
				<time>2026-08-21T15:43:31Z</time>
			</trkpt>
			<trkpt lat="59.94406536280529" lon="30.304854722469898">
				<ele>8.981076022610068</ele>
				<time>2026-08-21T15:43:34Z</time>
			</trkpt>
			<trkpt lat="59.94403516807234" lon="30.304850344783677">
				<ele>9.371471660211682</ele>
				<time>2026-08-21T15:43:37Z</time>
			</trkpt>
			<trkpt lat="59.944018586672165" lon="30.304829308380288">
				<ele>9.552820027805865</ele>
				<time>2026-08-21T15:43:38Z</time>
			</trkpt>
			<trkpt lat="59.9439973120916" lon="30.304832811083163">
				<ele>11.256172597408295</ele>
				<time>2026-08-21T15:43:41Z</time>
			</trkpt>
			<trkpt lat="59.943970303361446" lon="30.30482318260631">
				<ele>11.818341174162924</ele>
				<time>2026-08-21T15:43:43Z</time>
			</trkpt>
			<trkpt lat="59.94395199755482" lon="30.304812040056472">
				<ele>10.114077351987362</ele>
				<time>2026-08-21T15:43:46Z</time>
			</trkpt>
			<trkpt lat="59.94392740609082" lon="30.30484124486551">
				<ele>10.11153874360025</ele>
				<time>2026-08-21T15:43:48Z</time>
			</trkpt>
			<trkpt lat="59.9439198305562" lon="30.304891560710857">
				<ele>10.093529861420393</ele>
				<time>2026-08-21T15:43:49Z</time>
			</trkpt>
			<trkpt lat="59.94389614888397" lon="30.30500718590594">
				<ele>10.13127714022994</ele>
				<time>2026-08-21T15:43:50Z</time>
			</trkpt>
			<trkpt lat="59.943902146297646" lon="30.305062289404937">
				<ele>9.526797376573086</ele>
				<time>2026-08-21T15:43:51Z</time>
			</trkpt>
			<trkpt lat="59.94391188232867" lon="30.30512953788588">
				<ele>9.402061304077506</ele>
				<time>2026-08-21T15:43:52Z</time>
			</trkpt>
			<trkpt lat="59.94390775107542" lon="30.305201059315415">
				<ele>8.991241548210382</ele>
				<time>2026-08-21T15:43:53Z</time>
			</trkpt>
			<trkpt lat="59.943903702618194" lon="30.30526887524019">
				<ele>10.082193039357662</ele>
				<time>2026-08-21T15:43:55Z</time>
			</trkpt>
			<trkpt lat="59.943890679638265" lon="30.305299656730064">
				<ele>9.919733566232026</ele>
				<time>2026-08-21T15:43:58Z</time>
			</trkpt>
			<trkpt lat="59.943901635838444" lon="30.305330657781454">
				<ele>11.196535164490342</ele>
				<time>2026-08-21T15:44:33Z</time>
			</trkpt>
			<trkpt lat="59.943910284328005" lon="30.305367446869745">
				<ele>10.762486915104091</ele>
				<time>2026-08-21T15:44:36Z</time>
			</trkpt>
			<trkpt lat="59.943916810551436" lon="30.305413893680342">
				<ele>10.468871058896184</ele>
				<time>2026-08-21T15:44:38Z</time>
			</trkpt>
			<trkpt lat="59.94393856000443" lon="30.305474334176182">
				<ele>10.255573681555688</ele>
				<time>2026-08-21T15:44:40Z</time>
			</trkpt>
			<trkpt lat="59.94395100088945" lon="30.305530438937385">
				<ele>10.371380330063403</ele>
				<time>2026-08-21T15:44:42Z</time>
			</trkpt>
			<trkpt lat="59.943959349674564" lon="30.305576272531304">
				<ele>9.522590518929064</ele>
				<time>2026-08-21T15:44:44Z</time>
			</trkpt>
			<trkpt lat="59.943975466132216" lon="30.30563234221129">
				<ele>12.120882865972817</ele>
				<time>2026-08-21T15:44:46Z</time>
			</trkpt>
			<trkpt lat="59.94398893117945" lon="30.305656444859054">
				<ele>10.381290680728853</ele>
				<time>2026-08-21T15:44:48Z</time>
			</trkpt>
			<trkpt lat="59.94400313313417" lon="30.30570576844279">
				<ele>10.639325818046927</ele>
				<time>2026-08-21T15:44:50Z</time>
			</trkpt>
			<trkpt lat="59.94401502015839" lon="30.305754528599703">
				<ele>10.822485350072384</ele>
				<time>2026-08-21T15:44:52Z</time>
			</trkpt>
			<trkpt lat="59.9440239023218" lon="30.305786363319577">
				<ele>10.291704565286636</ele>
				<time>2026-08-21T15:44:53Z</time>
			</trkpt>
			<trkpt lat="59.944040493975045" lon="30.305808630483426">
				<ele>10.28084018919617</ele>
				<time>2026-08-21T15:44:54Z</time>
			</trkpt>
			<trkpt lat="59.94406275522312" lon="30.305821519137915">
				<ele>10.962738535366952</ele>
				<time>2026-08-21T15:44:56Z</time>
			</trkpt>
			<trkpt lat="59.9440882531908" lon="30.305806420239577">
				<ele>12.60974757000804</ele>
				<time>2026-08-21T15:44:58Z</time>
			</trkpt>
			<trkpt lat="59.944107729454295" lon="30.305810271711632">
				<ele>10.462423115968704</ele>
				<time>2026-08-21T15:45:00Z</time>
			</trkpt>
			<trkpt lat="59.94413628930469" lon="30.30578619709891">
				<ele>11.376914433203638</ele>
				<time>2026-08-21T15:45:02Z</time>
			</trkpt>
			<trkpt lat="59.94414951406614" lon="30.30576088897133">
				<ele>11.797955287620425</ele>
				<time>2026-08-21T15:45:04Z</time>
			</trkpt>
			<trkpt lat="59.944177664054095" lon="30.305718004416825">
				<ele>12.65301280748099</ele>
				<time>2026-08-21T15:45:06Z</time>
			</trkpt>
			<trkpt lat="59.94419323729134" lon="30.305698807421074">
				<ele>11.768603965640068</ele>
				<time>2026-08-21T15:45:08Z</time>
			</trkpt>
			<trkpt lat="59.94421593400054" lon="30.305675056044485">
				<ele>12.701780973002315</ele>
				<time>2026-08-21T15:45:10Z</time>
			</trkpt>
			<trkpt lat="59.944233664872826" lon="30.3056556566864">
				<ele>14.170091926120222</ele>
				<time>2026-08-21T15:45:11Z</time>
			</trkpt>
			<trkpt lat="59.94425634286449" lon="30.305628116233592">
				<ele>13.28588141221553</ele>
				<time>2026-08-21T15:45:14Z</time>
			</trkpt>
			<trkpt lat="59.944274958441355" lon="30.305607345300004">
				<ele>14.583163830451667</ele>
				<time>2026-08-21T15:45:15Z</time>
			</trkpt>
			<trkpt lat="59.94430176253832" lon="30.30559418707237">
				<ele>14.439304877072573</ele>
				<time>2026-08-21T15:45:17Z</time>
			</trkpt>
			<trkpt lat="59.944331828051546" lon="30.305557499863344">
				<ele>14.60559135209769</ele>
				<time>2026-08-21T15:45:20Z</time>
			</trkpt>
			<trkpt lat="59.94435344591181" lon="30.305543955709407">
				<ele>15.158829268068075</ele>
				<time>2026-08-21T15:45:21Z</time>
			</trkpt>
			<trkpt lat="59.94437334534885" lon="30.305512770909363">
				<ele>17.011575059965253</ele>
				<time>2026-08-21T15:45:22Z</time>
			</trkpt>
			<trkpt lat="59.94439401199627" lon="30.305509126780333">
				<ele>15.552440124563873</ele>
				<time>2026-08-21T15:45:25Z</time>
			</trkpt>
			<trkpt lat="59.944409261305076" lon="30.3054727782109">
				<ele>14.50871944706887</ele>
				<time>2026-08-21T15:45:27Z</time>
			</trkpt>
			<trkpt lat="59.94442969685141" lon="30.30544516350153">
				<ele>14.456606172956526</ele>
				<time>2026-08-21T15:45:29Z</time>
			</trkpt>
			<trkpt lat="59.944459098278934" lon="30.30540881221635">
				<ele>15.114821765571833</ele>
				<time>2026-08-21T15:45:31Z</time>
			</trkpt>
			<trkpt lat="59.94448807597671" lon="30.305385110346386">
				<ele>15.151881688274443</ele>
				<time>2026-08-21T15:45:33Z</time>
			</trkpt>
			<trkpt lat="59.94451562526824" lon="30.305382820831007">
				<ele>15.962143728509545</ele>
				<time>2026-08-21T15:45:35Z</time>
			</trkpt>
			<trkpt lat="59.944537541768355" lon="30.30537523589266">
				<ele>16.140809438191354</ele>
				<time>2026-08-21T15:45:36Z</time>
			</trkpt>
			<trkpt lat="59.9445587395422" lon="30.30537357974303">
				<ele>14.62382631096989</ele>
				<time>2026-08-21T15:45:38Z</time>
			</trkpt>
			<trkpt lat="59.9445783048216" lon="30.305362562659518">
				<ele>14.87695565726608</ele>
				<time>2026-08-21T15:45:40Z</time>
			</trkpt>
			<trkpt lat="59.94459851384982" lon="30.30535326620877">
				<ele>15.404350005090237</ele>
				<time>2026-08-21T15:45:41Z</time>
			</trkpt>
			<trkpt lat="59.94462334590626" lon="30.305344652965633">
				<ele>17.086059840396047</ele>
				<time>2026-08-21T15:45:42Z</time>
			</trkpt>
			<trkpt lat="59.94464652132315" lon="30.305322590206874">
				<ele>16.332319264300168</ele>
				<time>2026-08-21T15:45:44Z</time>
			</trkpt>
			<trkpt lat="59.94467148879176" lon="30.30530621343684">
				<ele>14.929705929011106</ele>
				<time>2026-08-21T15:45:47Z</time>
			</trkpt>
			<trkpt lat="59.944690446845826" lon="30.305301933259543">
				<ele>16.086426734924316</ele>
				<time>2026-08-21T15:45:48Z</time>
			</trkpt>
			<trkpt lat="59.94473583628017" lon="30.305291771863057">
				<ele>16.323784792795777</ele>
				<time>2026-08-21T15:45:51Z</time>
			</trkpt>
			<trkpt lat="59.94474387408765" lon="30.305243360551508">
				<ele>14.198203986510634</ele>
				<time>2026-08-21T15:45:55Z</time>
			</trkpt>
			<trkpt lat="59.94476159176297" lon="30.305230966635023">
				<ele>14.080492998473346</ele>
				<time>2026-08-21T15:45:56Z</time>
			</trkpt>
			<trkpt lat="59.94478035513324" lon="30.30521162054222">
				<ele>13.163796762004495</ele>
				<time>2026-08-21T15:45:58Z</time>
			</trkpt>
			<trkpt lat="59.94481002363292" lon="30.3051861845775">
				<ele>13.652851699851453</ele>
				<time>2026-08-21T15:46:00Z</time>
			</trkpt>
			<trkpt lat="59.94482263413331" lon="30.305156516080228">
				<ele>12.416846563108265</ele>
				<time>2026-08-21T15:46:02Z</time>
			</trkpt>
			<trkpt lat="59.94483746737651" lon="30.30513432205148">
				<ele>12.112070542760193</ele>
				<time>2026-08-21T15:46:03Z</time>
			</trkpt>
			<trkpt lat="59.944865301024144" lon="30.305105341984625">
				<ele>12.488797721453011</ele>
				<time>2026-08-21T15:46:05Z</time>
			</trkpt>
			<trkpt lat="59.94489570023353" lon="30.305065852167385">
				<ele>12.52727560698986</ele>
				<time>2026-08-21T15:46:08Z</time>
			</trkpt>
			<trkpt lat="59.94491855822907" lon="30.305029756112926">
				<ele>12.549158126115799</ele>
				<time>2026-08-21T15:46:11Z</time>
			</trkpt>
			<trkpt lat="59.94493263699822" lon="30.30498787991987">
				<ele>12.105763178318739</ele>
				<time>2026-08-21T15:46:13Z</time>
			</trkpt>
			<trkpt lat="59.94491747968359" lon="30.304929528043186">
				<ele>10.260679541155696</ele>
				<time>2026-08-21T15:46:16Z</time>
			</trkpt>
			<trkpt lat="59.944906873454265" lon="30.304869894088945">
				<ele>7.791285269893706</ele>
				<time>2026-08-21T15:46:18Z</time>
			</trkpt>
			<trkpt lat="59.94491523745607" lon="30.30482475209148">
				<ele>8.515856268815696</ele>
				<time>2026-08-21T15:46:20Z</time>
			</trkpt>
			<trkpt lat="59.94493340492087" lon="30.304765617307925">
				<ele>8.890515555627644</ele>
				<time>2026-08-21T15:46:22Z</time>
			</trkpt>
			<trkpt lat="59.944922077036246" lon="30.304701135283594">
				<ele>8.023828559555113</ele>
				<time>2026-08-21T15:46:24Z</time>
			</trkpt>
			<trkpt lat="59.9449156769542" lon="30.304649676424393">
				<ele>7.685331700369716</ele>
				<time>2026-08-21T15:46:27Z</time>
			</trkpt>
			<trkpt lat="59.944912658508386" lon="30.304604119304994">
				<ele>7.558277143165469</ele>
				<time>2026-08-21T15:46:28Z</time>
			</trkpt>
			<trkpt lat="59.944908500788934" lon="30.304553367930577">
				<ele>7.041917122900486</ele>
				<time>2026-08-21T15:46:30Z</time>
			</trkpt>
			<trkpt lat="59.94490693957572" lon="30.30450554389719">
				<ele>7.9405890656635165</ele>
				<time>2026-08-21T15:46:31Z</time>
			</trkpt>
			<trkpt lat="59.944901141142395" lon="30.304465585905607">
				<ele>8.027373162098229</ele>
				<time>2026-08-21T15:46:32Z</time>
			</trkpt>
			<trkpt lat="59.94490382482056" lon="30.304412745495952">
				<ele>6.174654056318104</ele>
				<time>2026-08-21T15:46:34Z</time>
			</trkpt>
			<trkpt lat="59.94489994899501" lon="30.30436186335934">
				<ele>5.581802965141833</ele>
				<time>2026-08-21T15:46:36Z</time>
			</trkpt>
			<trkpt lat="59.94490896018443" lon="30.304302417771122">
				<ele>5.548206238076091</ele>
				<time>2026-08-21T15:46:37Z</time>
			</trkpt>
			<trkpt lat="59.94491988389946" lon="30.304263616063">
				<ele>6.564842213876545</ele>
				<time>2026-08-21T15:46:41Z</time>
			</trkpt>
			<trkpt lat="59.944928195007485" lon="30.3042229202822">
				<ele>5.82587384711951</ele>
				<time>2026-08-21T15:46:43Z</time>
			</trkpt>
			<trkpt lat="59.94493399992222" lon="30.304186565104963">
				<ele>6.687545972876251</ele>
				<time>2026-08-21T15:46:44Z</time>
			</trkpt>
			<trkpt lat="59.94494528122982" lon="30.30413779783966">
				<ele>7.509441685862839</ele>
				<time>2026-08-21T15:46:46Z</time>
			</trkpt>
			<trkpt lat="59.94495211099623" lon="30.304099293250797">
				<ele>7.79892963450402</ele>
				<time>2026-08-21T15:46:47Z</time>
			</trkpt>
			<trkpt lat="59.94495556656577" lon="30.304054348931952">
				<ele>9.164301850832999</ele>
				<time>2026-08-21T15:46:49Z</time>
			</trkpt>
			<trkpt lat="59.944966295541214" lon="30.304023464648463">
				<ele>10.149849616922438</ele>
				<time>2026-08-21T15:46:50Z</time>
			</trkpt>
			<trkpt lat="59.94498147609025" lon="30.30400349743889">
				<ele>8.345947631634772</ele>
				<time>2026-08-21T15:46:52Z</time>
			</trkpt>
			<trkpt lat="59.94499331502039" lon="30.303966211431998">
				<ele>8.453680148348212</ele>
				<time>2026-08-21T15:46:54Z</time>
			</trkpt>
			<trkpt lat="59.94500580316594" lon="30.303912637580247">
				<ele>9.035829496569932</ele>
				<time>2026-08-21T15:46:57Z</time>
			</trkpt>
			<trkpt lat="59.9450293749826" lon="30.303877523269307">
				<ele>9.100573770701885</ele>
				<time>2026-08-21T15:46:59Z</time>
			</trkpt>
			<trkpt lat="59.94505636576078" lon="30.303850347868536">
				<ele>9.77390646468848</ele>
				<time>2026-08-21T15:47:01Z</time>
			</trkpt>
			<trkpt lat="59.945081421637774" lon="30.303821651744336">
				<ele>9.737893670797348</ele>
				<time>2026-08-21T15:47:03Z</time>
			</trkpt>
			<trkpt lat="59.945104601939974" lon="30.30379737867245">
				<ele>9.267209111712873</ele>
				<time>2026-08-21T15:47:05Z</time>
			</trkpt>
			<trkpt lat="59.94513271328299" lon="30.303767342902212">
				<ele>9.241566558368504</ele>
				<time>2026-08-21T15:47:07Z</time>
			</trkpt>
			<trkpt lat="59.9451532422925" lon="30.303728358935864">
				<ele>8.794782579876482</ele>
				<time>2026-08-21T15:47:09Z</time>
			</trkpt>
			<trkpt lat="59.945159588912844" lon="30.303692475142917">
				<ele>9.043748259544373</ele>
				<time>2026-08-21T15:47:11Z</time>
			</trkpt>
			<trkpt lat="59.945169720461706" lon="30.303637039702835">
				<ele>10.078248409554362</ele>
				<time>2026-08-21T15:47:14Z</time>
			</trkpt>
			<trkpt lat="59.9451661926225" lon="30.303585617007023">
				<ele>8.52558031398803</ele>
				<time>2026-08-21T15:47:16Z</time>
			</trkpt>
			<trkpt lat="59.94517274154899" lon="30.30354938343369">
				<ele>7.940891277976334</ele>
				<time>2026-08-21T15:47:18Z</time>
			</trkpt>
			<trkpt lat="59.94518625664683" lon="30.30350607543538">
				<ele>8.338411596603692</ele>
				<time>2026-08-21T15:47:20Z</time>
			</trkpt>
			<trkpt lat="59.94518947047156" lon="30.303470451947632">
				<ele>8.743708011694252</ele>
				<time>2026-08-21T15:47:21Z</time>
			</trkpt>
			<trkpt lat="59.945205135091484" lon="30.30344569374851">
				<ele>9.80878781247884</ele>
				<time>2026-08-21T15:47:23Z</time>
			</trkpt>
			<trkpt lat="59.945219090798425" lon="30.30341796275272">
				<ele>8.855612760409713</ele>
				<time>2026-08-21T15:47:25Z</time>
			</trkpt>
			<trkpt lat="59.945237666996256" lon="30.30341419580647">
				<ele>9.294711549766362</ele>
				<time>2026-08-21T15:47:27Z</time>
			</trkpt>
			<trkpt lat="59.94526450308192" lon="30.303431237107954">
				<ele>8.951459978707135</ele>
				<time>2026-08-21T15:47:30Z</time>
			</trkpt>
			<trkpt lat="59.945280814521276" lon="30.303455207830805">
				<ele>9.350517189130187</ele>
				<time>2026-08-21T15:47:31Z</time>
			</trkpt>
			<trkpt lat="59.94530912472517" lon="30.30346728228508">
				<ele>8.13800673559308</ele>
				<time>2026-08-21T15:47:34Z</time>
			</trkpt>
			<trkpt lat="59.945327547987745" lon="30.30347137297727">
				<ele>7.819830152206123</ele>
				<time>2026-08-21T15:47:36Z</time>
			</trkpt>
			<trkpt lat="59.9453535629904" lon="30.303470339246356">
				<ele>6.593423682264984</ele>
				<time>2026-08-21T15:47:39Z</time>
			</trkpt>
			<trkpt lat="59.94536856175209" lon="30.303507451931843">
				<ele>3.677429599687457</ele>
				<time>2026-08-21T15:47:41Z</time>
			</trkpt>
			<trkpt lat="59.94540462656167" lon="30.303503117994495">
				<ele>5.843922337517142</ele>
				<time>2026-08-21T15:47:43Z</time>
			</trkpt>
			<trkpt lat="59.94543277616408" lon="30.30347995981038">
				<ele>5.846303994767368</ele>
				<time>2026-08-21T15:47:45Z</time>
			</trkpt>
			<trkpt lat="59.9454501854697" lon="30.303492799046396">
				<ele>3.6077625853940845</ele>
				<time>2026-08-21T15:47:47Z</time>
			</trkpt>
			<trkpt lat="59.94547543846087" lon="30.303499916340236">
				<ele>4.848330741748214</ele>
				<time>2026-08-21T15:47:48Z</time>
			</trkpt>
			<trkpt lat="59.94549405488429" lon="30.303508593490832">
				<ele>6.327991616912186</ele>
				<time>2026-08-21T15:47:49Z</time>
			</trkpt>
			<trkpt lat="59.945512386701765" lon="30.303511520358562">
				<ele>6.870622852817178</ele>
				<time>2026-08-21T15:47:50Z</time>
			</trkpt>
			<trkpt lat="59.945548315291276" lon="30.303502786124994">
				<ele>6.7547707026824355</ele>
				<time>2026-08-21T15:47:53Z</time>
			</trkpt>
			<trkpt lat="59.94557203307426" lon="30.30349405444434">
				<ele>5.929307209327817</ele>
				<time>2026-08-21T15:47:55Z</time>
			</trkpt>
			<trkpt lat="59.94560606732925" lon="30.303505304991386">
				<ele>6.869700765237212</ele>
				<time>2026-08-21T15:47:57Z</time>
			</trkpt>
			<trkpt lat="59.94563623449147" lon="30.303513161622604">
				<ele>6.8729021875187755</ele>
				<time>2026-08-21T15:47:59Z</time>
			</trkpt>
			<trkpt lat="59.94565478574649" lon="30.30351924024655">
				<ele>6.559014403261244</ele>
				<time>2026-08-21T15:48:01Z</time>
			</trkpt>
			<trkpt lat="59.94568002721193" lon="30.30351563469194">
				<ele>7.990249004215002</ele>
				<time>2026-08-21T15:48:03Z</time>
			</trkpt>
			<trkpt lat="59.94570476734108" lon="30.303508685147094">
				<ele>7.4445695662871</ele>
				<time>2026-08-21T15:48:05Z</time>
			</trkpt>
			<trkpt lat="59.94573844206478" lon="30.30352454674938">
				<ele>9.384902834892273</ele>
				<time>2026-08-21T15:48:08Z</time>
			</trkpt>
			<trkpt lat="59.94576272532302" lon="30.303534672321586">
				<ele>6.533307364210486</ele>
				<time>2026-08-21T15:48:12Z</time>
			</trkpt>
			<trkpt lat="59.94579070162637" lon="30.30354786814835">
				<ele>7.289074647240341</ele>
				<time>2026-08-21T15:48:15Z</time>
			</trkpt>
			<trkpt lat="59.94581547950488" lon="30.303544022049714">
				<ele>6.055472019128501</ele>
				<time>2026-08-21T15:48:17Z</time>
			</trkpt>
			<trkpt lat="59.94584919856554" lon="30.303551821262914">
				<ele>8.258002520538867</ele>
				<time>2026-08-21T15:48:19Z</time>
			</trkpt>
			<trkpt lat="59.94586755176017" lon="30.303557900658475">
				<ele>8.67093977984041</ele>
				<time>2026-08-21T15:48:20Z</time>
			</trkpt>
			<trkpt lat="59.9458854194767" lon="30.30356660580632">
				<ele>8.257804675027728</ele>
				<time>2026-08-21T15:48:22Z</time>
			</trkpt>
			<trkpt lat="59.94591086388846" lon="30.30357296635806">
				<ele>8.964536265470088</ele>
				<time>2026-08-21T15:48:24Z</time>
			</trkpt>
			<trkpt lat="59.94593175961407" lon="30.303566606198864">
				<ele>9.088001372292638</ele>
				<time>2026-08-21T15:48:25Z</time>
			</trkpt>
			<trkpt lat="59.94596284279339" lon="30.303569933630467">
				<ele>8.67120889481157</ele>
				<time>2026-08-21T15:48:27Z</time>
			</trkpt>
			<trkpt lat="59.94599129852873" lon="30.303589062234565">
				<ele>9.547707313671708</ele>
				<time>2026-08-21T15:48:29Z</time>
			</trkpt>
			<trkpt lat="59.94601957432599" lon="30.30359222454788">
				<ele>9.294686763547361</ele>
				<time>2026-08-21T15:48:31Z</time>
			</trkpt>
			<trkpt lat="59.94605405868718" lon="30.303600737237907">
				<ele>10.985398076474667</ele>
				<time>2026-08-21T15:48:33Z</time>
			</trkpt>
			<trkpt lat="59.946077673107986" lon="30.303601548631008">
				<ele>11.44381455052644</ele>
				<time>2026-08-21T15:48:34Z</time>
			</trkpt>
			<trkpt lat="59.94609709269574" lon="30.303603483684686">
				<ele>8.692778459750116</ele>
				<time>2026-08-21T15:48:36Z</time>
			</trkpt>
			<trkpt lat="59.9461164660051" lon="30.303604881857797">
				<ele>7.411355814896524</ele>
				<time>2026-08-21T15:48:38Z</time>
			</trkpt>
			<trkpt lat="59.94614584093877" lon="30.303602823131722">
				<ele>8.448940127156675</ele>
				<time>2026-08-21T15:48:40Z</time>
			</trkpt>
			<trkpt lat="59.94617293453985" lon="30.30360296009259">
				<ele>8.690725252963603</ele>
				<time>2026-08-21T15:48:42Z</time>
			</trkpt>
			<trkpt lat="59.946197592461345" lon="30.30359585948613">
				<ele>9.005010108463466</ele>
				<time>2026-08-21T15:48:44Z</time>
			</trkpt>
			<trkpt lat="59.946226181596515" lon="30.303613059418343">
				<ele>9.51149295270443</ele>
				<time>2026-08-21T15:48:46Z</time>
			</trkpt>
			<trkpt lat="59.946259367307405" lon="30.303631915619384">
				<ele>8.503732881508768</ele>
				<time>2026-08-21T15:48:49Z</time>
			</trkpt>
			<trkpt lat="59.946289023594" lon="30.303632279853133">
				<ele>8.699560584500432</ele>
				<time>2026-08-21T15:48:51Z</time>
			</trkpt>
			<trkpt lat="59.946316422493915" lon="30.30361952214178">
				<ele>7.679664007388055</ele>
				<time>2026-08-21T15:48:54Z</time>
			</trkpt>
			<trkpt lat="59.946335010128884" lon="30.303620610397207">
				<ele>8.58423671219498</ele>
				<time>2026-08-21T15:48:55Z</time>
			</trkpt>
			<trkpt lat="59.94635614630416" lon="30.30362651805847">
				<ele>8.39669581502676</ele>
				<time>2026-08-21T15:48:57Z</time>
			</trkpt>
			<trkpt lat="59.94638405790448" lon="30.303624646798717">
				<ele>7.352450075559318</ele>
				<time>2026-08-21T15:48:59Z</time>
			</trkpt>
			<trkpt lat="59.9464024819154" lon="30.3036280034444">
				<ele>7.771646936424077</ele>
				<time>2026-08-21T15:49:00Z</time>
			</trkpt>
			<trkpt lat="59.946429641077486" lon="30.30363281068233">
				<ele>7.162365579046309</ele>
				<time>2026-08-21T15:49:02Z</time>
			</trkpt>
			<trkpt lat="59.94646362697952" lon="30.303641825742044">
				<ele>8.556805617175996</ele>
				<time>2026-08-21T15:49:04Z</time>
			</trkpt>
			<trkpt lat="59.946486133515144" lon="30.303643623358415">
				<ele>8.684901816770434</ele>
				<time>2026-08-21T15:49:06Z</time>
			</trkpt>
			<trkpt lat="59.946505803481784" lon="30.303643234823564">
				<ele>8.189362885430455</ele>
				<time>2026-08-21T15:49:08Z</time>
			</trkpt>
			<trkpt lat="59.94653339577444" lon="30.303639921057165">
				<ele>8.072749792598188</ele>
				<time>2026-08-21T15:49:10Z</time>
			</trkpt>
			<trkpt lat="59.946556214163294" lon="30.303635418270982">
				<ele>7.702593675814569</ele>
				<time>2026-08-21T15:49:13Z</time>
			</trkpt>
			<trkpt lat="59.94657654501201" lon="30.303634683078794">
				<ele>7.350702269002795</ele>
				<time>2026-08-21T15:49:14Z</time>
			</trkpt>
			<trkpt lat="59.94659782474483" lon="30.303636087646524">
				<ele>6.056864079087973</ele>
				<time>2026-08-21T15:49:16Z</time>
			</trkpt>
			<trkpt lat="59.94661787374864" lon="30.30364079124052">
				<ele>7.03304345626384</ele>
				<time>2026-08-21T15:49:17Z</time>
			</trkpt>
			<trkpt lat="59.946641672279476" lon="30.303644641585663">
				<ele>7.486387651413679</ele>
				<time>2026-08-21T15:49:19Z</time>
			</trkpt>
			<trkpt lat="59.9466628981821" lon="30.30364608244727">
				<ele>7.6508224764838815</ele>
				<time>2026-08-21T15:49:21Z</time>
			</trkpt>
			<trkpt lat="59.946700799410706" lon="30.303649071035817">
				<ele>9.91587137710303</ele>
				<time>2026-08-21T15:49:23Z</time>
			</trkpt>
			<trkpt lat="59.94673277955523" lon="30.30364681371016">
				<ele>9.004442202858627</ele>
				<time>2026-08-21T15:49:25Z</time>
			</trkpt>
			<trkpt lat="59.94676347833339" lon="30.30366576149307">
				<ele>10.247532209381461</ele>
				<time>2026-08-21T15:49:27Z</time>
			</trkpt>
			<trkpt lat="59.94678590466265" lon="30.303654127462966">
				<ele>9.748363433405757</ele>
				<time>2026-08-21T15:49:29Z</time>
			</trkpt>
			<trkpt lat="59.946807240343865" lon="30.303654273240767">
				<ele>9.857869639992714</ele>
				<time>2026-08-21T15:49:31Z</time>
			</trkpt>
			<trkpt lat="59.94683323882586" lon="30.303643756125773">
				<ele>9.493545114062726</ele>
				<time>2026-08-21T15:49:33Z</time>
			</trkpt>
			<trkpt lat="59.946856261781925" lon="30.303641033745926">
				<ele>9.283054530620575</ele>
				<time>2026-08-21T15:49:35Z</time>
			</trkpt>
			<trkpt lat="59.946883820998885" lon="30.303638781243624">
				<ele>8.601378923282027</ele>
				<time>2026-08-21T15:49:38Z</time>
			</trkpt>
			<trkpt lat="59.946919426358534" lon="30.303632558813906">
				<ele>9.145210975781083</ele>
				<time>2026-08-21T15:49:40Z</time>
			</trkpt>
			<trkpt lat="59.94693980776743" lon="30.30363724815555">
				<ele>8.910115093924105</ele>
				<time>2026-08-21T15:49:42Z</time>
			</trkpt>
			<trkpt lat="59.94696380848159" lon="30.30363229268435">
				<ele>8.671818572096527</ele>
				<time>2026-08-21T15:49:44Z</time>
			</trkpt>
			<trkpt lat="59.946985056625486" lon="30.303636535886824">
				<ele>9.221737254410982</ele>
				<time>2026-08-21T15:49:46Z</time>
			</trkpt>
			<trkpt lat="59.947010247345816" lon="30.30363948749589">
				<ele>10.068014399148524</ele>
				<time>2026-08-21T15:49:48Z</time>
			</trkpt>
			<trkpt lat="59.94703381151648" lon="30.303643800573465">
				<ele>8.865319655276835</ele>
				<time>2026-08-21T15:49:50Z</time>
			</trkpt>
			<trkpt lat="59.947066927883306" lon="30.303651654741603">
				<ele>9.363903085701168</ele>
				<time>2026-08-21T15:49:52Z</time>
			</trkpt>
			<trkpt lat="59.94709630686417" lon="30.303663246747874">
				<ele>8.574943915940821</ele>
				<time>2026-08-21T15:49:55Z</time>
			</trkpt>
			<trkpt lat="59.94712976659875" lon="30.303664996954645">
				<ele>8.673977172002196</ele>
				<time>2026-08-21T15:49:57Z</time>
			</trkpt>
			<trkpt lat="59.94715812005667" lon="30.303680607822994">
				<ele>8.339135660789907</ele>
				<time>2026-08-21T15:49:59Z</time>
			</trkpt>
			<trkpt lat="59.947179047012746" lon="30.303678404500978">
				<ele>8.157031863927841</ele>
				<time>2026-08-21T15:50:01Z</time>
			</trkpt>
			<trkpt lat="59.94720695853269" lon="30.303685429891775">
				<ele>7.874816698953509</ele>
				<time>2026-08-21T15:50:05Z</time>
			</trkpt>
			<trkpt lat="59.94722701792633" lon="30.30370266380809">
				<ele>7.587144153192639</ele>
				<time>2026-08-21T15:50:07Z</time>
			</trkpt>
			<trkpt lat="59.94724670131495" lon="30.303711415826402">
				<ele>8.53807994350791</ele>
				<time>2026-08-21T15:50:09Z</time>
			</trkpt>
			<trkpt lat="59.94726796460545" lon="30.303720566897525">
				<ele>7.91991684678942</ele>
				<time>2026-08-21T15:50:10Z</time>
			</trkpt>
			<trkpt lat="59.94730000101874" lon="30.303717108592586">
				<ele>8.827883234247565</ele>
				<time>2026-08-21T15:50:14Z</time>
			</trkpt>
			<trkpt lat="59.947329901352035" lon="30.303715350169593">
				<ele>9.644694824703038</ele>
				<time>2026-08-21T15:50:16Z</time>
			</trkpt>
			<trkpt lat="59.94735040704257" lon="30.303719496172793">
				<ele>9.439905722625554</ele>
				<time>2026-08-21T15:50:17Z</time>
			</trkpt>
			<trkpt lat="59.94737885831712" lon="30.303734704690207">
				<ele>8.720510749146342</ele>
				<time>2026-08-21T15:50:19Z</time>
			</trkpt>
			<trkpt lat="59.94739698979311" lon="30.30378770448106">
				<ele>7.341625853441656</ele>
				<time>2026-08-21T15:50:21Z</time>
			</trkpt>
			<trkpt lat="59.94740084699951" lon="30.303838151837514">
				<ele>5.806352935731411</ele>
				<time>2026-08-21T15:50:23Z</time>
			</trkpt>
			<trkpt lat="59.94740370288659" lon="30.303888259750313">
				<ele>5.909776345826685</ele>
				<time>2026-08-21T15:50:25Z</time>
			</trkpt>
			<trkpt lat="59.947401593042805" lon="30.30393635684052">
				<ele>5.434126418083906</ele>
				<time>2026-08-21T15:50:27Z</time>
			</trkpt>
			<trkpt lat="59.94739717526377" lon="30.303990169215602">
				<ele>5.108457264490426</ele>
				<time>2026-08-21T15:50:29Z</time>
			</trkpt>
			<trkpt lat="59.94740552665243" lon="30.304037640669602">
				<ele>4.240338873118162</ele>
				<time>2026-08-21T15:50:31Z</time>
			</trkpt>
			<trkpt lat="59.94740773101321" lon="30.30411478557754">
				<ele>4.542800012975931</ele>
				<time>2026-08-21T15:50:33Z</time>
			</trkpt>
			<trkpt lat="59.94741075957097" lon="30.304167033433608">
				<ele>4.681991131044924</ele>
				<time>2026-08-21T15:50:35Z</time>
			</trkpt>
			<trkpt lat="59.94741494449181" lon="30.30422685014911">
				<ele>5.343304007314146</ele>
				<time>2026-08-21T15:50:37Z</time>
			</trkpt>
			<trkpt lat="59.947416691092776" lon="30.304268713526895">
				<ele>4.987796198576689</ele>
				<time>2026-08-21T15:50:39Z</time>
			</trkpt>
			<trkpt lat="59.94741760541133" lon="30.304305659623285">
				<ele>5.159828360192478</ele>
				<time>2026-08-21T15:50:40Z</time>
			</trkpt>
			<trkpt lat="59.947416884274006" lon="30.304354866364044">
				<ele>5.694304196164012</ele>
				<time>2026-08-21T15:50:42Z</time>
			</trkpt>
			<trkpt lat="59.94741204611294" lon="30.30440640812653">
				<ele>5.5186950489878654</ele>
				<time>2026-08-21T15:50:44Z</time>
			</trkpt>
			<trkpt lat="59.94742430117278" lon="30.304435737348502">
				<ele>5.70363312587142</ele>
				<time>2026-08-21T15:50:47Z</time>
			</trkpt>
			<trkpt lat="59.947429334255254" lon="30.304492899416832">
				<ele>5.539842896163464</ele>
				<time>2026-08-21T15:50:49Z</time>
			</trkpt>
			<trkpt lat="59.94742827907" lon="30.304577491912053">
				<ele>4.945134315639734</ele>
				<time>2026-08-21T15:50:51Z</time>
			</trkpt>
			<trkpt lat="59.94743705612612" lon="30.304620234805363">
				<ele>5.898829837329686</ele>
				<time>2026-08-21T15:50:53Z</time>
			</trkpt>
			<trkpt lat="59.94743955749011" lon="30.304658712939812">
				<ele>6.073681161738932</ele>
				<time>2026-08-21T15:50:54Z</time>
			</trkpt>
			<trkpt lat="59.94746089702918" lon="30.304680586147803">
				<ele>5.078119909390807</ele>
				<time>2026-08-21T15:50:56Z</time>
			</trkpt>
			<trkpt lat="59.94747771080229" lon="30.30470800746227">
				<ele>6.054091959260404</ele>
				<time>2026-08-21T15:50:58Z</time>
			</trkpt>
			<trkpt lat="59.947505184409906" lon="30.30476116652578">
				<ele>5.479619006626308</ele>
				<time>2026-08-21T15:51:00Z</time>
			</trkpt>
			<trkpt lat="59.947526614425485" lon="30.30479902132203">
				<ele>6.041092664934695</ele>
				<time>2026-08-21T15:51:02Z</time>
			</trkpt>
			<trkpt lat="59.94754655120406" lon="30.304818467870412">
				<ele>5.14426533319056</ele>
				<time>2026-08-21T15:51:03Z</time>
			</trkpt>
			<trkpt lat="59.947571572896024" lon="30.30481195334836">
				<ele>4.88282940723002</ele>
				<time>2026-08-21T15:51:05Z</time>
			</trkpt>
			<trkpt lat="59.94758615456559" lon="30.30484238089022">
				<ele>5.0335702765733</ele>
				<time>2026-08-21T15:51:06Z</time>
			</trkpt>
			<trkpt lat="59.947600751098726" lon="30.304871631458372">
				<ele>5.201878573745489</ele>
				<time>2026-08-21T15:51:08Z</time>
			</trkpt>
			<trkpt lat="59.9476191652754" lon="30.304901193183433">
				<ele>4.670462243258953</ele>
				<time>2026-08-21T15:51:10Z</time>
			</trkpt>
			<trkpt lat="59.94763298744563" lon="30.304932743981322">
				<ele>5.128212722018361</ele>
				<time>2026-08-21T15:51:11Z</time>
			</trkpt>
			<trkpt lat="59.94766705761073" lon="30.304966721145334">
				<ele>3.7328809406608343</ele>
				<time>2026-08-21T15:51:14Z</time>
			</trkpt>
			<trkpt lat="59.9476929728633" lon="30.305002998660086">
				<ele>3.198891985230148</ele>
				<time>2026-08-21T15:51:16Z</time>
			</trkpt>
			<trkpt lat="59.947713775406164" lon="30.305031490451015">
				<ele>3.426463957875967</ele>
				<time>2026-08-21T15:51:17Z</time>
			</trkpt>
			<trkpt lat="59.94772011844362" lon="30.30506578609273">
				<ele>3.4925152249634266</ele>
				<time>2026-08-21T15:51:18Z</time>
			</trkpt>
			<trkpt lat="59.94772040463079" lon="30.30510457730219">
				<ele>3.5509515134617686</ele>
				<time>2026-08-21T15:51:20Z</time>
			</trkpt>
			<trkpt lat="59.94774039583539" lon="30.30514062792939">
				<ele>2.245993156917393</ele>
				<time>2026-08-21T15:51:22Z</time>
			</trkpt>
			<trkpt lat="59.94775785161386" lon="30.30516183143294">
				<ele>3.3977640233933926</ele>
				<time>2026-08-21T15:51:23Z</time>
			</trkpt>
			<trkpt lat="59.947777802798235" lon="30.30520393315254">
				<ele>2.848436520434916</ele>
				<time>2026-08-21T15:51:25Z</time>
			</trkpt>
			<trkpt lat="59.94780165608881" lon="30.30522660137081">
				<ele>2.3555068392306566</ele>
				<time>2026-08-21T15:51:27Z</time>
			</trkpt>
			<trkpt lat="59.947812235617995" lon="30.305256791775328">
				<ele>2.006287216208875</ele>
				<time>2026-08-21T15:51:28Z</time>
			</trkpt>
			<trkpt lat="59.947830485446005" lon="30.3052799689894">
				<ele>1.997017115354538</ele>
				<time>2026-08-21T15:51:30Z</time>
			</trkpt>
			<trkpt lat="59.94784409906163" lon="30.30530777617725">
				<ele>0.8912691213190556</ele>
				<time>2026-08-21T15:51:31Z</time>
			</trkpt>
			<trkpt lat="59.947859710477225" lon="30.30533321700869">
				<ele>2.529450141824782</ele>
				<time>2026-08-21T15:51:32Z</time>
			</trkpt>
			<trkpt lat="59.94787954358339" lon="30.305349683326916">
				<ele>1.8632165482267737</ele>
				<time>2026-08-21T15:51:36Z</time>
			</trkpt>
			<trkpt lat="59.947889730134705" lon="30.30538413634974">
				<ele>2.6710762390866876</ele>
				<time>2026-08-21T15:51:38Z</time>
			</trkpt>
			<trkpt lat="59.94790826188187" lon="30.305414073651214">
				<ele>3.4816566398367286</ele>
				<time>2026-08-21T15:51:40Z</time>
			</trkpt>
			<trkpt lat="59.947924369293936" lon="30.30544691285967">
				<ele>3.7444683788344264</ele>
				<time>2026-08-21T15:51:42Z</time>
			</trkpt>
			<trkpt lat="59.94794176651737" lon="30.30546757818576">
				<ele>4.826946480199695</ele>
				<time>2026-08-21T15:51:44Z</time>
			</trkpt>
			<trkpt lat="59.947964541900035" lon="30.30547099423111">
				<ele>3.9741728650406003</ele>
				<time>2026-08-21T15:51:46Z</time>
			</trkpt>
			<trkpt lat="59.94797391440315" lon="30.305502878134945">
				<ele>2.987046984024346</ele>
				<time>2026-08-21T15:51:48Z</time>
			</trkpt>
			<trkpt lat="59.94799642678708" lon="30.305540606487945">
				<ele>3.550257840193808</ele>
				<time>2026-08-21T15:51:50Z</time>
			</trkpt>
			<trkpt lat="59.94801773050708" lon="30.30559750817993">
				<ele>4.732879592105746</ele>
				<time>2026-08-21T15:51:52Z</time>
			</trkpt>
			<trkpt lat="59.94802882893984" lon="30.305631100763094">
				<ele>5.004147605970502</ele>
				<time>2026-08-21T15:51:53Z</time>
			</trkpt>
			<trkpt lat="59.94804860746951" lon="30.305650879495808">
				<ele>3.4919296205043793</ele>
				<time>2026-08-21T15:51:56Z</time>
			</trkpt>
			<trkpt lat="59.94806411939058" lon="30.30567081147809">
				<ele>3.3180724354460835</ele>
				<time>2026-08-21T15:51:58Z</time>
			</trkpt>
			<trkpt lat="59.948037149348416" lon="30.305583412997105">
				<ele>3.293016371317208</ele>
				<time>2026-08-21T15:52:02Z</time>
			</trkpt>
			<trkpt lat="59.94800949024947" lon="30.305486645731897">
				<ele>3.318570855073631</ele>
				<time>2026-08-21T15:52:03Z</time>
			</trkpt>
			<trkpt lat="59.9480343648957" lon="30.305507554442382">
				<ele>3.5925245471298695</ele>
				<time>2026-08-21T15:52:05Z</time>
			</trkpt>
			<trkpt lat="59.94803889796714" lon="30.30545416442885">
				<ele>5.1908750673756</ele>
				<time>2026-08-21T15:52:06Z</time>
			</trkpt>
			<trkpt lat="59.948167748794326" lon="30.305713764359716">
				<ele>6.966030373238027</ele>
				<time>2026-08-21T15:52:09Z</time>
			</trkpt>
			<trkpt lat="59.948171188125144" lon="30.30576004179718">
				<ele>6.0418608244508505</ele>
				<time>2026-08-21T15:52:10Z</time>
			</trkpt>
			<trkpt lat="59.94818335404646" lon="30.3057924192681">
				<ele>5.808849411085248</ele>
				<time>2026-08-21T15:52:13Z</time>
			</trkpt>
			<trkpt lat="59.94839432654929" lon="30.305634504212353">
				<ele>5.894073562696576</ele>
				<time>2026-08-21T15:52:15Z</time>
			</trkpt>
			<trkpt lat="59.94845743553331" lon="30.305606366152695">
				<ele>6.163474364206195</ele>
				<time>2026-08-21T15:52:16Z</time>
			</trkpt>
			<trkpt lat="59.94848963439555" lon="30.30559005408376">
				<ele>5.925645163282752</ele>
				<time>2026-08-21T15:52:17Z</time>
			</trkpt>
			<trkpt lat="59.94919667583902" lon="30.304448473804033">
				<ele>1.7155443402007222</ele>
				<time>2026-08-21T15:52:18Z</time>
			</trkpt>
			<trkpt lat="59.949275489583286" lon="30.304349649976107">
				<ele>1.7620893996208906</ele>
				<time>2026-08-21T15:52:19Z</time>
			</trkpt>
			<trkpt lat="59.94933182987805" lon="30.30476418068423">
				<ele>0.45077955443412066</ele>
				<time>2026-08-21T15:52:20Z</time>
			</trkpt>
			<trkpt lat="59.949384322200515" lon="30.305333054619187">
				<ele>-2.1873659836128354</ele>
				<time>2026-08-21T15:52:21Z</time>
			</trkpt>
			<trkpt lat="59.94927407941867" lon="30.30487668767319">
				<ele>-3.199927220121026</ele>
				<time>2026-08-21T15:52:22Z</time>
			</trkpt>
			<trkpt lat="59.94928749127185" lon="30.304830873346067">
				<ele>-2.7400334794074297</ele>
				<time>2026-08-21T15:52:23Z</time>
			</trkpt>
			<trkpt lat="59.94932450355148" lon="30.30479640041719">
				<ele>-2.788291306234896</ele>
				<time>2026-08-21T15:52:24Z</time>
			</trkpt>
			<trkpt lat="59.94936585000846" lon="30.30478182428927">
				<ele>-3.4448160277679563</ele>
				<time>2026-08-21T15:52:25Z</time>
			</trkpt>
			<trkpt lat="59.94940051854399" lon="30.304778835159734">
				<ele>-5.107013205997646</ele>
				<time>2026-08-21T15:52:26Z</time>
			</trkpt>
			<trkpt lat="59.948930521235425" lon="30.304727727883552">
				<ele>-2.171505064703524</ele>
				<time>2026-08-21T15:52:27Z</time>
			</trkpt>
			<trkpt lat="59.949045429762364" lon="30.304227266278907">
				<ele>-3.8266953006386757</ele>
				<time>2026-08-21T15:52:28Z</time>
			</trkpt>
			<trkpt lat="59.94906123476614" lon="30.304152212078105">
				<ele>-4.317557095550001</ele>
				<time>2026-08-21T15:52:29Z</time>
			</trkpt>
			<trkpt lat="59.949141604593066" lon="30.304148156522054">
				<ele>-3.687351940199733</ele>
				<time>2026-08-21T15:52:30Z</time>
			</trkpt>
			<trkpt lat="59.94919456832991" lon="30.304090902851247">
				<ele>-3.7287675766274333</ele>
				<time>2026-08-21T15:52:31Z</time>
			</trkpt>
			<trkpt lat="59.94925029339363" lon="30.30407273623956">
				<ele>-4.86824816185981</ele>
				<time>2026-08-21T15:52:32Z</time>
			</trkpt>
			<trkpt lat="59.94930090242344" lon="30.30404776576887">
				<ele>-4.906355062499642</ele>
				<time>2026-08-21T15:52:33Z</time>
			</trkpt>
			<trkpt lat="59.949338116306016" lon="30.304003134340885">
				<ele>-10.340568703599274</ele>
				<time>2026-08-21T15:52:34Z</time>
			</trkpt>
			<trkpt lat="59.94920131152132" lon="30.303647313056377">
				<ele>-6.105678720399737</ele>
				<time>2026-08-21T15:52:35Z</time>
			</trkpt>
			<trkpt lat="59.948348105197056" lon="30.305926595182274">
				<ele>2.0908456733450294</ele>
				<time>2026-08-21T15:52:36Z</time>
			</trkpt>
			<trkpt lat="59.94836680633995" lon="30.306058707385723">
				<ele>1.124677705578506</ele>
				<time>2026-08-21T15:52:37Z</time>
			</trkpt>
			<trkpt lat="59.948365187067054" lon="30.30611616048973">
				<ele>0.8102006018161774</ele>
				<time>2026-08-21T15:52:38Z</time>
			</trkpt>
			<trkpt lat="59.94838007555533" lon="30.30615216959797">
				<ele>0.7355752531439066</ele>
				<time>2026-08-21T15:52:39Z</time>
			</trkpt>
			<trkpt lat="59.94839929934803" lon="30.306135083596974">
				<ele>-0.012126225978136063</ele>
				<time>2026-08-21T15:52:40Z</time>
			</trkpt>
			<trkpt lat="59.948427569895124" lon="30.30619673193191">
				<ele>0.05480637028813362</ele>
				<time>2026-08-21T15:52:42Z</time>
			</trkpt>
			<trkpt lat="59.94844648066216" lon="30.306217333433654">
				<ele>0.17860713973641396</ele>
				<time>2026-08-21T15:52:44Z</time>
			</trkpt>
			<trkpt lat="59.948449041471214" lon="30.3062649015442">
				<ele>0.6450957963243127</ele>
				<time>2026-08-21T15:52:46Z</time>
			</trkpt>
			<trkpt lat="59.9484722186941" lon="30.306325516130556">
				<ele>0.7511885780841112</ele>
				<time>2026-08-21T15:52:49Z</time>
			</trkpt>
			<trkpt lat="59.94850678338743" lon="30.30635474909316">
				<ele>1.1252743024379015</ele>
				<time>2026-08-21T15:52:51Z</time>
			</trkpt>
			<trkpt lat="59.94851205732628" lon="30.306409254948388">
				<ele>1.2679244400933385</ele>
				<time>2026-08-21T15:52:53Z</time>
			</trkpt>
			<trkpt lat="59.9485272066321" lon="30.306454798758754">
				<ele>2.063380849547684</ele>
				<time>2026-08-21T15:52:55Z</time>
			</trkpt>
			<trkpt lat="59.94855163843854" lon="30.306484458411127">
				<ele>2.167874626815319</ele>
				<time>2026-08-21T15:52:58Z</time>
			</trkpt>
			<trkpt lat="59.94857293169856" lon="30.306510176137824">
				<ele>2.1016324376687407</ele>
				<time>2026-08-21T15:53:00Z</time>
			</trkpt>
			<trkpt lat="59.94859082976801" lon="30.3065364605937">
				<ele>3.770964856259525</ele>
				<time>2026-08-21T15:53:01Z</time>
			</trkpt>
			<trkpt lat="59.94861457663636" lon="30.306548038540996">
				<ele>2.83830036688596</ele>
				<time>2026-08-21T15:53:03Z</time>
			</trkpt>
			<trkpt lat="59.94862634238546" lon="30.306585253523533">
				<ele>2.947378925047815</ele>
				<time>2026-08-21T15:53:05Z</time>
			</trkpt>
			<trkpt lat="59.94863346750897" lon="30.306621201873572">
				<ele>2.922920756973326</ele>
				<time>2026-08-21T15:53:07Z</time>
			</trkpt>
			<trkpt lat="59.94864721009249" lon="30.30664537640607">
				<ele>3.2963578375056386</ele>
				<time>2026-08-21T15:53:09Z</time>
			</trkpt>
			<trkpt lat="59.94867035163866" lon="30.306675263788676">
				<ele>4.716596425510943</ele>
				<time>2026-08-21T15:53:11Z</time>
			</trkpt>
			<trkpt lat="59.94868721720294" lon="30.306694066431987">
				<ele>3.845995457842946</ele>
				<time>2026-08-21T15:53:13Z</time>
			</trkpt>
			<trkpt lat="59.94872057973936" lon="30.306746566416763">
				<ele>5.295592989772558</ele>
				<time>2026-08-21T15:53:16Z</time>
			</trkpt>
			<trkpt lat="59.94873767948251" lon="30.306785336612798">
				<ele>4.424624835141003</ele>
				<time>2026-08-21T15:53:19Z</time>
			</trkpt>
			<trkpt lat="59.94874882625607" lon="30.306814970579765">
				<ele>5.3211612133309245</ele>
				<time>2026-08-21T15:53:20Z</time>
			</trkpt>
			<trkpt lat="59.94875483437062" lon="30.306849857271768">
				<ele>5.925385393202305</ele>
				<time>2026-08-21T15:53:21Z</time>
			</trkpt>
			<trkpt lat="59.948777221094566" lon="30.30687760142806">
				<ele>5.147977485321462</ele>
				<time>2026-08-21T15:53:24Z</time>
			</trkpt>
			<trkpt lat="59.948794120759935" lon="30.30689460499079">
				<ele>5.851911601610482</ele>
				<time>2026-08-21T15:53:25Z</time>
			</trkpt>
			<trkpt lat="59.94881428669226" lon="30.306930932160633">
				<ele>6.913678760640323</ele>
				<time>2026-08-21T15:53:27Z</time>
			</trkpt>
			<trkpt lat="59.94882990059439" lon="30.306964100064892">
				<ele>6.5809317622333765</ele>
				<time>2026-08-21T15:53:29Z</time>
			</trkpt>
			<trkpt lat="59.94884473352178" lon="30.30699364034625">
				<ele>6.754955307580531</ele>
				<time>2026-08-21T15:53:31Z</time>
			</trkpt>
			<trkpt lat="59.948857866092645" lon="30.30701975439134">
				<ele>6.206260511651635</ele>
				<time>2026-08-21T15:53:33Z</time>
			</trkpt>
			<trkpt lat="59.94887701365584" lon="30.30705813975289">
				<ele>6.727516481652856</ele>
				<time>2026-08-21T15:53:35Z</time>
			</trkpt>
			<trkpt lat="59.94889897054175" lon="30.307088500161818">
				<ele>7.587596562691033</ele>
				<time>2026-08-21T15:53:37Z</time>
			</trkpt>
			<trkpt lat="59.948915470389274" lon="30.30711977127919">
				<ele>6.077516397461295</ele>
				<time>2026-08-21T15:53:40Z</time>
			</trkpt>
			<trkpt lat="59.9489320307994" lon="30.307149793029897">
				<ele>6.265555020421743</ele>
				<time>2026-08-21T15:53:42Z</time>
			</trkpt>
			<trkpt lat="59.94895206254566" lon="30.30719117226504">
				<ele>6.931013019755483</ele>
				<time>2026-08-21T15:53:44Z</time>
			</trkpt>
			<trkpt lat="59.948968165459746" lon="30.30721686388351">
				<ele>6.275680031627417</ele>
				<time>2026-08-21T15:53:46Z</time>
			</trkpt>
			<trkpt lat="59.94898085385245" lon="30.307243589246596">
				<ele>6.344814948737621</ele>
				<time>2026-08-21T15:53:48Z</time>
			</trkpt>
			<trkpt lat="59.94900947058862" lon="30.307251857535185">
				<ele>6.894162328913808</ele>
				<time>2026-08-21T15:53:50Z</time>
			</trkpt>
			<trkpt lat="59.949021481598834" lon="30.30721083054135">
				<ele>7.031376569531858</ele>
				<time>2026-08-21T15:53:52Z</time>
			</trkpt>
			<trkpt lat="59.949032642400354" lon="30.307173106191108">
				<ele>5.416619104333222</ele>
				<time>2026-08-21T15:53:56Z</time>
			</trkpt>
			<trkpt lat="59.94905298917766" lon="30.307150949300112">
				<ele>4.787851927801967</ele>
				<time>2026-08-21T15:53:59Z</time>
			</trkpt>
			<trkpt lat="59.94907738002545" lon="30.307127200540776">
				<ele>6.39130974188447</ele>
				<time>2026-08-21T15:54:01Z</time>
			</trkpt>
			<trkpt lat="59.94910336964109" lon="30.307024479416597">
				<ele>5.78782223071903</ele>
				<time>2026-08-21T15:54:03Z</time>
			</trkpt>
			<trkpt lat="59.94911939399835" lon="30.306993495989783">
				<ele>6.843290605582297</ele>
				<time>2026-08-21T15:54:04Z</time>
			</trkpt>
			<trkpt lat="59.94913127786879" lon="30.30693547597397">
				<ele>5.199742323718965</ele>
				<time>2026-08-21T15:54:06Z</time>
			</trkpt>
			<trkpt lat="59.949144770064756" lon="30.306877188761483">
				<ele>5.043673392385244</ele>
				<time>2026-08-21T15:54:09Z</time>
			</trkpt>
			<trkpt lat="59.94917024366468" lon="30.306884396428693">
				<ele>5.594899634830654</ele>
				<time>2026-08-21T15:54:10Z</time>
			</trkpt>
			<trkpt lat="59.94919770940535" lon="30.306891451097574">
				<ele>5.617564941756427</ele>
				<time>2026-08-21T15:54:11Z</time>
			</trkpt>
			<trkpt lat="59.94922861365369" lon="30.306859692505977">
				<ele>6.390679101459682</ele>
				<time>2026-08-21T15:54:12Z</time>
			</trkpt>
			<trkpt lat="59.94924041037001" lon="30.306817083537766">
				<ele>5.8404719196259975</ele>
				<time>2026-08-21T15:54:13Z</time>
			</trkpt>
			<trkpt lat="59.94926528244887" lon="30.306819833688273">
				<ele>6.857358140870929</ele>
				<time>2026-08-21T15:54:17Z</time>
			</trkpt>
			<trkpt lat="59.949292297302755" lon="30.306811896354652">
				<ele>7.379977066069841</ele>
				<time>2026-08-21T15:54:20Z</time>
			</trkpt>
			<trkpt lat="59.949310198248035" lon="30.306803558792552">
				<ele>7.164521717466414</ele>
				<time>2026-08-21T15:54:22Z</time>
			</trkpt>
			<trkpt lat="59.949330174437584" lon="30.306791094594786">
				<ele>7.02799940854311</ele>
				<time>2026-08-21T15:54:24Z</time>
			</trkpt>
			<trkpt lat="59.94935116553786" lon="30.30676847560931">
				<ele>7.808318637311459</ele>
				<time>2026-08-21T15:54:27Z</time>
			</trkpt>
			<trkpt lat="59.949366070663274" lon="30.306739696737917">
				<ele>7.164928901940584</ele>
				<time>2026-08-21T15:54:31Z</time>
			</trkpt>
			<trkpt lat="59.949379442701876" lon="30.306711139165216">
				<ele>5.891801429912448</ele>
				<time>2026-08-21T15:54:32Z</time>
			</trkpt>
			<trkpt lat="59.94938041855625" lon="30.306661464993105">
				<ele>5.480467714369297</ele>
				<time>2026-08-21T15:54:33Z</time>
			</trkpt>
			<trkpt lat="59.949404478035085" lon="30.306614392270454">
				<ele>5.95234002545476</ele>
				<time>2026-08-21T15:54:35Z</time>
			</trkpt>
			<trkpt lat="59.949425764505875" lon="30.306610820010228">
				<ele>6.286325692199171</ele>
				<time>2026-08-21T15:54:36Z</time>
			</trkpt>
			<trkpt lat="59.94945124021094" lon="30.306591504587008">
				<ele>6.172987082973123</ele>
				<time>2026-08-21T15:54:37Z</time>
			</trkpt>
			<trkpt lat="59.949478968732016" lon="30.30659376605537">
				<ele>5.954146940261126</ele>
				<time>2026-08-21T15:54:38Z</time>
			</trkpt>
			<trkpt lat="59.94950131020872" lon="30.306577360876382">
				<ele>5.6599798845127225</ele>
				<time>2026-08-21T15:54:40Z</time>
			</trkpt>
			<trkpt lat="59.94953095913681" lon="30.306548281140742">
				<ele>5.158155512996018</ele>
				<time>2026-08-21T15:54:42Z</time>
			</trkpt>
			<trkpt lat="59.94957056873696" lon="30.306544029278708">
				<ele>6.369430569000542</ele>
				<time>2026-08-21T15:54:44Z</time>
			</trkpt>
			<trkpt lat="59.949550250663215" lon="30.306555006704464">
				<ele>5.349632190540433</ele>
				<time>2026-08-21T15:54:47Z</time>
			</trkpt>
			<trkpt lat="59.94957024729616" lon="30.30657287783358">
				<ele>5.073144664987922</ele>
				<time>2026-08-21T15:54:50Z</time>
			</trkpt>
			<trkpt lat="59.94961055707585" lon="30.306578523013748">
				<ele>3.844399190507829</ele>
				<time>2026-08-21T15:54:52Z</time>
			</trkpt>
			<trkpt lat="59.949628024509295" lon="30.30661279428926">
				<ele>4.198524923063815</ele>
				<time>2026-08-21T15:54:55Z</time>
			</trkpt>
			<trkpt lat="59.94964942535617" lon="30.306587893611177">
				<ele>4.4974305760115385</ele>
				<time>2026-08-21T15:54:58Z</time>
			</trkpt>
			<trkpt lat="59.949668469429234" lon="30.306573000428532">
				<ele>4.530245799571276</ele>
				<time>2026-08-21T15:55:00Z</time>
			</trkpt>
			<trkpt lat="59.94969730577469" lon="30.3065593507501">
				<ele>4.596614181995392</ele>
				<time>2026-08-21T15:55:02Z</time>
			</trkpt>
			<trkpt lat="59.94972845548172" lon="30.30654564243033">
				<ele>5.08918643835932</ele>
				<time>2026-08-21T15:55:04Z</time>
			</trkpt>
			<trkpt lat="59.949746544350155" lon="30.30655318220754">
				<ele>4.558770338073373</ele>
				<time>2026-08-21T15:55:07Z</time>
			</trkpt>
			<trkpt lat="59.949773813622784" lon="30.306553275142534">
				<ele>4.314201224595308</ele>
				<time>2026-08-21T15:55:10Z</time>
			</trkpt>
			<trkpt lat="59.94979991040624" lon="30.30655493849116">
				<ele>4.364495906047523</ele>
				<time>2026-08-21T15:55:13Z</time>
			</trkpt>
			<trkpt lat="59.950014167021614" lon="30.30688115625167">
				<ele>3.3412070078775287</ele>
				<time>2026-08-21T15:55:16Z</time>
			</trkpt>
			<trkpt lat="59.95004499961275" lon="30.306909473191954">
				<ele>3.810916403308511</ele>
				<time>2026-08-21T15:55:17Z</time>
			</trkpt>
			<trkpt lat="59.95006434116455" lon="30.30692919055858">
				<ele>3.8254099199548364</ele>
				<time>2026-08-21T15:55:18Z</time>
			</trkpt>
			<trkpt lat="59.95031154661204" lon="30.307745183144792">
				<ele>4.60485468339175</ele>
				<time>2026-08-21T15:55:19Z</time>
			</trkpt>
			<trkpt lat="59.95035451278591" lon="30.307851359586152">
				<ele>5.137769692577422</ele>
				<time>2026-08-21T15:55:20Z</time>
			</trkpt>
			<trkpt lat="59.950479183442816" lon="30.30834967759968">
				<ele>8.92770395707339</ele>
				<time>2026-08-21T15:55:21Z</time>
			</trkpt>
			<trkpt lat="59.950571359423016" lon="30.308647011021105">
				<ele>12.397710325196385</ele>
				<time>2026-08-21T15:55:22Z</time>
			</trkpt>
			<trkpt lat="59.95065248658131" lon="30.308896984014233">
				<ele>14.796879191882908</ele>
				<time>2026-08-21T15:55:23Z</time>
			</trkpt>
			<trkpt lat="59.950461379198124" lon="30.3079451448975">
				<ele>19.137676619924605</ele>
				<time>2026-08-21T15:55:24Z</time>
			</trkpt>
			<trkpt lat="59.95020596343181" lon="30.307751365962012">
				<ele>24.939164475537837</ele>
				<time>2026-08-21T15:55:25Z</time>
			</trkpt>
			<trkpt lat="59.94968315226811" lon="30.30612662593796">
				<ele>27.315870137885213</ele>
				<time>2026-08-21T15:55:26Z</time>
			</trkpt>
			<trkpt lat="59.949691006969914" lon="30.306011354578942">
				<ele>30.39804084505886</ele>
				<time>2026-08-21T15:55:27Z</time>
			</trkpt>
			<trkpt lat="59.95108443684781" lon="30.304670347550104">
				<ele>8.348802062682807</ele>
				<time>2026-08-21T15:55:28Z</time>
			</trkpt>
			<trkpt lat="59.951182672765356" lon="30.3045919765128">
				<ele>8.768233751878142</ele>
				<time>2026-08-21T15:55:29Z</time>
			</trkpt>
			<trkpt lat="59.95128090869533" lon="30.30451368928461">
				<ele>9.187669252045453</ele>
				<time>2026-08-21T15:55:30Z</time>
			</trkpt>
			<trkpt lat="59.951379144559944" lon="30.30443531828952">
				<ele>9.607165788300335</ele>
				<time>2026-08-21T15:55:31Z</time>
			</trkpt>
			<trkpt lat="59.95143110007691" lon="30.304443226045052">
				<ele>1.8812117334455252</ele>
				<time>2026-08-21T15:55:32Z</time>
			</trkpt>
			<trkpt lat="59.95160559193233" lon="30.30422781045259">
				<ele>10.91858088504523</ele>
				<time>2026-08-21T15:55:33Z</time>
			</trkpt>
			<trkpt lat="59.951949373405014" lon="30.303210994035275">
				<ele>20.239125868305564</ele>
				<time>2026-08-21T15:55:34Z</time>
			</trkpt>
			<trkpt lat="59.95206158039206" lon="30.303061783813895">
				<ele>20.207921091467142</ele>
				<time>2026-08-21T15:55:35Z</time>
			</trkpt>
			<trkpt lat="59.952326343696896" lon="30.303616639526783">
				<ele>14.558436465449631</ele>
				<time>2026-08-21T15:55:36Z</time>
			</trkpt>
			<trkpt lat="59.952460253226086" lon="30.303515091023502">
				<ele>13.727960019372404</ele>
				<time>2026-08-21T15:55:37Z</time>
			</trkpt>
			<trkpt lat="59.95172173552969" lon="30.303998948524132">
				<ele>14.019831292859163</ele>
				<time>2026-08-21T15:55:47Z</time>
			</trkpt>
			<trkpt lat="59.95148790951176" lon="30.304549362016402">
				<ele>11.729999542236328</ele>
				<time>2026-08-21T15:55:53Z</time>
			</trkpt>
			<trkpt lat="59.951357533290796" lon="30.304813863479907">
				<ele>11.729999542236332</ele>
				<time>2026-08-21T15:55:55Z</time>
			</trkpt>
			<trkpt lat="59.95135913026377" lon="30.304824640279357">
				<ele>12.106329433794057</ele>
				<time>2026-08-21T15:56:04Z</time>
			</trkpt>
			<trkpt lat="59.951616062072354" lon="30.304328195855184">
				<ele>12.10690667650371</ele>
				<time>2026-08-21T15:56:04Z</time>
			</trkpt>
			<trkpt lat="59.95164181012388" lon="30.304359074441248">
				<ele>11.729999542236328</ele>
				<time>2026-08-21T15:56:06Z</time>
			</trkpt>
			<trkpt lat="59.95153311007612" lon="30.30469685142648">
				<ele>11.88862648705941</ele>
				<time>2026-08-21T15:56:14Z</time>
			</trkpt>
			<trkpt lat="59.951276912704095" lon="30.304698378783083">
				<ele>12.46522668432348</ele>
				<time>2026-08-21T15:56:20Z</time>
			</trkpt>
			<trkpt lat="59.95100579211647" lon="30.30495185476957">
				<ele>12.46627498508302</ele>
				<time>2026-08-21T15:56:22Z</time>
			</trkpt>
			<trkpt lat="59.95088567243182" lon="30.305285299986195">
				<ele>12.507863346917535</ele>
				<time>2026-08-21T15:56:28Z</time>
			</trkpt>
			<trkpt lat="59.95083466011597" lon="30.305535436017028">
				<ele>11.752584276441699</ele>
				<time>2026-08-21T15:56:36Z</time>
			</trkpt>
			<trkpt lat="59.950920170440924" lon="30.305857205937222">
				<ele>11.601480431587198</ele>
				<time>2026-08-21T15:56:39Z</time>
			</trkpt>
			<trkpt lat="59.950996498908175" lon="30.305837752163">
				<ele>11.304643100317012</ele>
				<time>2026-08-21T15:56:45Z</time>
			</trkpt>
			<trkpt lat="59.950965622633184" lon="30.305975271732557">
				<ele>11.162141937312576</ele>
				<time>2026-08-21T15:56:47Z</time>
			</trkpt>
			<trkpt lat="59.95108735135982" lon="30.30603323035743">
				<ele>11.482212821623884</ele>
				<time>2026-08-21T15:57:00Z</time>
			</trkpt>
			<trkpt lat="59.95114335117856" lon="30.306069126601166">
				<ele>0.0</ele>
				<time>2026-08-21T15:57:07Z</time>
			</trkpt>
			<trkpt lat="59.95110104116484" lon="30.306136121261883">
				<ele>0.0</ele>
				<time>2026-08-21T15:57:10Z</time>
			</trkpt>
			<trkpt lat="59.9512325776607" lon="30.306183577521423">
				<ele>0.0</ele>
				<time>2026-08-21T15:57:16Z</time>
			</trkpt>
			<trkpt lat="59.95129125989615" lon="30.306110839623127">
				<ele>0.0</ele>
				<time>2026-08-21T15:57:18Z</time>
			</trkpt>
			<trkpt lat="59.951391849092914" lon="30.30599584911529">
				<ele>0.0</ele>
				<time>2026-08-21T15:57:25Z</time>
			</trkpt>
			<trkpt lat="59.951536488234574" lon="30.305966274102353">
				<ele>0.0</ele>
				<time>2026-08-21T15:57:26Z</time>
			</trkpt>
			<trkpt lat="59.95167284263167" lon="30.305767239176518">
				<ele>0.0</ele>
				<time>2026-08-21T15:57:33Z</time>
			</trkpt>
			<trkpt lat="59.951759134208714" lon="30.305806641071214">
				<ele>0.0</ele>
				<time>2026-08-21T15:57:34Z</time>
			</trkpt>
			<trkpt lat="59.95182364337333" lon="30.305575942262912">
				<ele>0.0</ele>
				<time>2026-08-21T15:57:41Z</time>
			</trkpt>
			<trkpt lat="59.95177713389568" lon="30.305576217321555">
				<ele>0.0</ele>
				<time>2026-08-21T15:57:43Z</time>
			</trkpt>
			<trkpt lat="59.951769795986195" lon="30.305674853573954">
				<ele>0.0</ele>
				<time>2026-08-21T15:57:49Z</time>
			</trkpt>
			<trkpt lat="59.951866648852125" lon="30.30572065631748">
				<ele>0.0</ele>
				<time>2026-08-21T15:57:51Z</time>
			</trkpt>
			<trkpt lat="59.951878593825555" lon="30.30547807357964">
				<ele>0.0</ele>
				<time>2026-08-21T15:57:58Z</time>
			</trkpt>
			<trkpt lat="59.95188976475081" lon="30.305417606882788">
				<ele>0.0</ele>
				<time>2026-08-21T15:58:04Z</time>
			</trkpt>
			<trkpt lat="59.95187800653108" lon="30.305350736449125">
				<ele>0.0</ele>
				<time>2026-08-21T15:58:11Z</time>
			</trkpt>
			<trkpt lat="59.951856505199686" lon="30.30522257003767">
				<ele>0.0</ele>
				<time>2026-08-21T15:58:12Z</time>
			</trkpt>
			<trkpt lat="59.951900010314255" lon="30.305297653647525">
				<ele>0.0</ele>
				<time>2026-08-21T15:58:18Z</time>
			</trkpt>
			<trkpt lat="59.951889563281014" lon="30.305224300353824">
				<ele>0.0</ele>
				<time>2026-08-21T15:58:20Z</time>
			</trkpt>
			<trkpt lat="59.95186806765637" lon="30.305136762439975">
				<ele>0.0</ele>
				<time>2026-08-21T15:58:26Z</time>
			</trkpt>
			<trkpt lat="59.95185291789266" lon="30.304992724452653">
				<ele>0.0</ele>
				<time>2026-08-21T15:58:33Z</time>
			</trkpt>
			<trkpt lat="59.95179116627191" lon="30.304761515889062">
				<ele>0.0</ele>
				<time>2026-08-21T15:58:34Z</time>
			</trkpt>
			<trkpt lat="59.95195522483049" lon="30.304968274050832">
				<ele>0.0</ele>
				<time>2026-08-21T15:58:41Z</time>
			</trkpt>
			<trkpt lat="59.95219633905589" lon="30.304914305441955">
				<ele>0.0</ele>
				<time>2026-08-21T15:58:42Z</time>
			</trkpt>
			<trkpt lat="59.952157006176414" lon="30.304739176297666">
				<ele>0.0</ele>
				<time>2026-08-21T15:58:48Z</time>
			</trkpt>
			<trkpt lat="59.95227427632389" lon="30.304687790791217">
				<ele>0.0</ele>
				<time>2026-08-21T15:58:56Z</time>
			</trkpt>
			<trkpt lat="59.952248995007224" lon="30.304727424896782">
				<ele>0.0</ele>
				<time>2026-08-21T15:58:58Z</time>
			</trkpt>
			<trkpt lat="59.952251680298225" lon="30.30484431304653">
				<ele>0.0</ele>
				<time>2026-08-21T15:59:04Z</time>
			</trkpt>
			<trkpt lat="59.952430890007356" lon="30.304824870479745">
				<ele>0.0</ele>
				<time>2026-08-21T15:59:06Z</time>
			</trkpt>
			<trkpt lat="59.95248059320791" lon="30.304901976659032">
				<ele>0.0</ele>
				<time>2026-08-21T15:59:12Z</time>
			</trkpt>
			<trkpt lat="59.95253998911005" lon="30.304813295516144">
				<ele>0.0</ele>
				<time>2026-08-21T15:59:14Z</time>
			</trkpt>
			<trkpt lat="59.952556716806434" lon="30.304934801980384">
				<ele>0.0</ele>
				<time>2026-08-21T15:59:20Z</time>
			</trkpt>
			<trkpt lat="59.952652598289795" lon="30.304870026156536">
				<ele>0.0</ele>
				<time>2026-08-21T15:59:22Z</time>
			</trkpt>
			<trkpt lat="59.95274288323659" lon="30.304972449584014">
				<ele>0.0</ele>
				<time>2026-08-21T15:59:28Z</time>
			</trkpt>
			<trkpt lat="59.952791609644756" lon="30.304941776661735">
				<ele>0.0</ele>
				<time>2026-08-21T15:59:34Z</time>
			</trkpt>
			<trkpt lat="59.95286605627056" lon="30.305034100492975">
				<ele>0.0</ele>
				<time>2026-08-21T15:59:41Z</time>
			</trkpt>
			<trkpt lat="59.95282947340852" lon="30.30509853414496">
				<ele>0.0</ele>
				<time>2026-08-21T15:59:42Z</time>
			</trkpt>
			<trkpt lat="59.95290119094009" lon="30.30506332437703">
				<ele>0.0</ele>
				<time>2026-08-21T15:59:49Z</time>
			</trkpt>
			<trkpt lat="59.95284115293477" lon="30.305057895846254">
				<ele>0.0</ele>
				<time>2026-08-21T15:59:50Z</time>
			</trkpt>
			<trkpt lat="59.952951415205256" lon="30.305170782917333">
				<ele>0.0</ele>
				<time>2026-08-21T15:59:57Z</time>
			</trkpt>
			<trkpt lat="59.953010110706586" lon="30.3053361216007">
				<ele>0.0</ele>
				<time>2026-08-21T16:00:03Z</time>
			</trkpt>
			<trkpt lat="59.953108103979226" lon="30.305209202475705">
				<ele>0.0</ele>
				<time>2026-08-21T16:00:10Z</time>
			</trkpt>
			<trkpt lat="59.95317502185598" lon="30.30489062793078">
				<ele>0.0</ele>
				<time>2026-08-21T16:00:16Z</time>
			</trkpt>
			<trkpt lat="59.95317439502607" lon="30.304742896078796">
				<ele>0.0</ele>
				<time>2026-08-21T16:00:22Z</time>
			</trkpt>
			<trkpt lat="59.9532131990524" lon="30.304720892503983">
				<ele>0.0</ele>
				<time>2026-08-21T16:00:23Z</time>
			</trkpt>
			<trkpt lat="59.953238256453865" lon="30.304517463859153">
				<ele>0.0</ele>
				<time>2026-08-21T16:00:29Z</time>
			</trkpt>
			<trkpt lat="59.95327907299027" lon="30.304415534871165">
				<ele>0.0</ele>
				<time>2026-08-21T16:00:34Z</time>
			</trkpt>
			<trkpt lat="59.95330095007328" lon="30.30436419375664">
				<ele>0.0</ele>
				<time>2026-08-21T16:00:36Z</time>
			</trkpt>
			<trkpt lat="59.95329549486128" lon="30.304215361662543">
				<ele>0.0</ele>
				<time>2026-08-21T16:00:42Z</time>
			</trkpt>
			<trkpt lat="59.95332310333342" lon="30.30422970351707">
				<ele>0.0</ele>
				<time>2026-08-21T16:00:45Z</time>
			</trkpt>
			<trkpt lat="59.95333677203481" lon="30.304161359998368">
				<ele>0.0</ele>
				<time>2026-08-21T16:00:49Z</time>
			</trkpt>
			<trkpt lat="59.9533378142607" lon="30.304080279737995">
				<ele>0.0</ele>
				<time>2026-08-21T16:00:55Z</time>
			</trkpt>
			<trkpt lat="59.95336796663641" lon="30.30406561312571">
				<ele>0.0</ele>
				<time>2026-08-21T16:01:02Z</time>
			</trkpt>
			<trkpt lat="59.953422540241974" lon="30.303939027262405">
				<ele>0.0</ele>
				<time>2026-08-21T16:01:08Z</time>
			</trkpt>
			<trkpt lat="59.953442992275015" lon="30.30383215521616">
				<ele>-13.06060791015625</ele>
				<time>2026-08-21T16:01:10Z</time>
			</trkpt>
			<trkpt lat="59.95342011133376" lon="30.303788137084133">
				<ele>10.084180262871087</ele>
				<time>2026-08-21T16:01:12Z</time>
			</trkpt>
			<trkpt lat="59.95342513717813" lon="30.303733940546902">
				<ele>4.692823892459273</ele>
				<time>2026-08-21T16:01:14Z</time>
			</trkpt>
			<trkpt lat="59.95342771105315" lon="30.303697491694358">
				<ele>5.487640745006502</ele>
				<time>2026-08-21T16:01:15Z</time>
			</trkpt>
			<trkpt lat="59.953463342209034" lon="30.30370512699381">
				<ele>7.047762134112418</ele>
				<time>2026-08-21T16:01:16Z</time>
			</trkpt>
			<trkpt lat="59.953464799493794" lon="30.303630013199964">
				<ele>7.247240809723735</ele>
				<time>2026-08-21T16:01:18Z</time>
			</trkpt>
			<trkpt lat="59.95347135987235" lon="30.303606282764562">
				<ele>9.943907560780644</ele>
				<time>2026-08-21T16:01:21Z</time>
			</trkpt>
			<trkpt lat="59.95347858507705" lon="30.30355053579483">
				<ele>10.41481732390821</ele>
				<time>2026-08-21T16:01:23Z</time>
			</trkpt>
			<trkpt lat="59.95348285843382" lon="30.303510082206387">
				<ele>11.44377062190324</ele>
				<time>2026-08-21T16:01:24Z</time>
			</trkpt>
			<trkpt lat="59.95347820628749" lon="30.303456463338797">
				<ele>13.857242270372808</ele>
				<time>2026-08-21T16:01:25Z</time>
			</trkpt>
			<trkpt lat="59.9534842824296" lon="30.303420241438836">
				<ele>14.221900817938149</ele>
				<time>2026-08-21T16:01:26Z</time>
			</trkpt>
			<trkpt lat="59.953509395454816" lon="30.30338801069893">
				<ele>15.328853593207896</ele>
				<time>2026-08-21T16:01:28Z</time>
			</trkpt>
			<trkpt lat="59.953528981930326" lon="30.303344959858887">
				<ele>14.51807421259582</ele>
				<time>2026-08-21T16:01:30Z</time>
			</trkpt>
			<trkpt lat="59.953535768014156" lon="30.303311346442797">
				<ele>13.679254374466836</ele>
				<time>2026-08-21T16:01:33Z</time>
			</trkpt>
			<trkpt lat="59.953550745908025" lon="30.30327605027499">
				<ele>13.529406663961709</ele>
				<time>2026-08-21T16:01:34Z</time>
			</trkpt>
			<trkpt lat="59.95356364744605" lon="30.30323979416249">
				<ele>12.740774691104889</ele>
				<time>2026-08-21T16:01:36Z</time>
			</trkpt>
			<trkpt lat="59.953579573259155" lon="30.30320472157895">
				<ele>13.892086094245315</ele>
				<time>2026-08-21T16:01:39Z</time>
			</trkpt>
			<trkpt lat="59.95361740483002" lon="30.303200285781614">
				<ele>13.980372986756265</ele>
				<time>2026-08-21T16:01:42Z</time>
			</trkpt>
			<trkpt lat="59.953678033365975" lon="30.30316760941427">
				<ele>16.63493242673576</ele>
				<time>2026-08-21T16:01:45Z</time>
			</trkpt>
			<trkpt lat="59.95372128863343" lon="30.303156704717026">
				<ele>15.737370623275638</ele>
				<time>2026-08-21T16:01:47Z</time>
			</trkpt>
			<trkpt lat="59.953725996470446" lon="30.303121894090516">
				<ele>14.441420687362552</ele>
				<time>2026-08-21T16:01:48Z</time>
			</trkpt>
			<trkpt lat="59.95374028359556" lon="30.30307905084702">
				<ele>15.983720992691815</ele>
				<time>2026-08-21T16:01:49Z</time>
			</trkpt>
			<trkpt lat="59.9537677073399" lon="30.303054788671503">
				<ele>15.730950842611492</ele>
				<time>2026-08-21T16:01:50Z</time>
			</trkpt>
			<trkpt lat="59.95378521930277" lon="30.30304308643658">
				<ele>16.738920234143734</ele>
				<time>2026-08-21T16:01:51Z</time>
			</trkpt>
			<trkpt lat="59.953774534183395" lon="30.303005729625525">
				<ele>16.625144784338772</ele>
				<time>2026-08-21T16:01:52Z</time>
			</trkpt>
			<trkpt lat="59.95379327263811" lon="30.302974806750427">
				<ele>18.00807249173522</ele>
				<time>2026-08-21T16:01:53Z</time>
			</trkpt>
			<trkpt lat="59.95380878870892" lon="30.302924791559715">
				<ele>17.952404127456248</ele>
				<time>2026-08-21T16:01:56Z</time>
			</trkpt>
			<trkpt lat="59.95382434217513" lon="30.302897877931045">
				<ele>17.4983711251989</ele>
				<time>2026-08-21T16:01:58Z</time>
			</trkpt>
			<trkpt lat="59.95384170332618" lon="30.302881238370542">
				<ele>16.88488574512303</ele>
				<time>2026-08-21T16:01:59Z</time>
			</trkpt>
			<trkpt lat="59.9538691502568" lon="30.302921731844318">
				<ele>16.849366133101285</ele>
				<time>2026-08-21T16:02:02Z</time>
			</trkpt>
			<trkpt lat="59.95389360388578" lon="30.30293038913077">
				<ele>16.371311298571527</ele>
				<time>2026-08-21T16:02:03Z</time>
			</trkpt>
			<trkpt lat="59.95390382715804" lon="30.3028768308412">
				<ele>16.36533231008798</ele>
				<time>2026-08-21T16:02:04Z</time>
			</trkpt>
			<trkpt lat="59.95391937977525" lon="30.302812647038806">
				<ele>17.193708015605807</ele>
				<time>2026-08-21T16:02:05Z</time>
			</trkpt>
			<trkpt lat="59.95394320947672" lon="30.302734456019262">
				<ele>16.986159272491932</ele>
				<time>2026-08-21T16:02:07Z</time>
			</trkpt>
			<trkpt lat="59.95396096939411" lon="30.30270685931455">
				<ele>18.3376547684893</ele>
				<time>2026-08-21T16:02:09Z</time>
			</trkpt>
			<trkpt lat="59.95391202322666" lon="30.302671659417005">
				<ele>19.64367363601923</ele>
				<time>2026-08-21T16:02:10Z</time>
			</trkpt>
			<trkpt lat="59.95391420226884" lon="30.30263384596544">
				<ele>18.841996437869966</ele>
				<time>2026-08-21T16:02:11Z</time>
			</trkpt>
			<trkpt lat="59.953920080864386" lon="30.302591386125414">
				<ele>19.69246936123818</ele>
				<time>2026-08-21T16:02:16Z</time>
			</trkpt>
			<trkpt lat="59.953906387595346" lon="30.30254857833335">
				<ele>19.957601469010115</ele>
				<time>2026-08-21T16:02:17Z</time>
			</trkpt>
			<trkpt lat="59.953908530678824" lon="30.302476696774754">
				<ele>20.717425485141575</ele>
				<time>2026-08-21T16:02:19Z</time>
			</trkpt>
			<trkpt lat="59.953920131523645" lon="30.302438986628303">
				<ele>19.775886105373502</ele>
				<time>2026-08-21T16:02:20Z</time>
			</trkpt>
			<trkpt lat="59.9539588378189" lon="30.302411724591796">
				<ele>20.03279593307525</ele>
				<time>2026-08-21T16:02:22Z</time>
			</trkpt>
			<trkpt lat="59.95392367415994" lon="30.302363553222847">
				<ele>20.188631411641836</ele>
				<time>2026-08-21T16:02:23Z</time>
			</trkpt>
			<trkpt lat="59.953922975996434" lon="30.302281107063713">
				<ele>20.331869947724044</ele>
				<time>2026-08-21T16:02:25Z</time>
			</trkpt>
			<trkpt lat="59.95392770816651" lon="30.302236283926472">
				<ele>21.882326748222113</ele>
				<time>2026-08-21T16:02:26Z</time>
			</trkpt>
			<trkpt lat="59.95392426710267" lon="30.30219069548403">
				<ele>21.720467917621136</ele>
				<time>2026-08-21T16:02:27Z</time>
			</trkpt>
			<trkpt lat="59.95390589549292" lon="30.30215097570442">
				<ele>21.38883818872273</ele>
				<time>2026-08-21T16:02:28Z</time>
			</trkpt>
			<trkpt lat="59.95393103610591" lon="30.302155409814436">
				<ele>20.435701807960868</ele>
				<time>2026-08-21T16:02:31Z</time>
			</trkpt>
			<trkpt lat="59.953943872186585" lon="30.30212157207186">
				<ele>20.88548387773335</ele>
				<time>2026-08-21T16:02:33Z</time>
			</trkpt>
			<trkpt lat="59.95396544191178" lon="30.30211746974765">
				<ele>20.03470742609352</ele>
				<time>2026-08-21T16:02:37Z</time>
			</trkpt>
			<trkpt lat="59.95398693640508" lon="30.30211018326977">
				<ele>20.31947438325733</ele>
				<time>2026-08-21T16:02:38Z</time>
			</trkpt>
			<trkpt lat="59.95401355049965" lon="30.30210236039179">
				<ele>19.13534725178033</ele>
				<time>2026-08-21T16:02:40Z</time>
			</trkpt>
			<trkpt lat="59.95402317668732" lon="30.30206436653115">
				<ele>20.10608801804483</ele>
				<time>2026-08-21T16:02:43Z</time>
			</trkpt>
			<trkpt lat="59.95404111773504" lon="30.302054714675588">
				<ele>20.782684995792806</ele>
				<time>2026-08-21T16:02:45Z</time>
			</trkpt>
			<trkpt lat="59.954077539387164" lon="30.30234516635441">
				<ele>18.674848137423396</ele>
				<time>2026-08-21T16:02:46Z</time>
			</trkpt>
			<trkpt lat="59.95408584321039" lon="30.30244989838749">
				<ele>17.463863821700215</ele>
				<time>2026-08-21T16:02:47Z</time>
			</trkpt>
			<trkpt lat="59.95408920085418" lon="30.302485605985552">
				<ele>17.67342288978398</ele>
				<time>2026-08-21T16:02:48Z</time>
			</trkpt>
			<trkpt lat="59.954090663085346" lon="30.302527439357572">
				<ele>17.74634385947138</ele>
				<time>2026-08-21T16:02:49Z</time>
			</trkpt>
			<trkpt lat="59.95411698575804" lon="30.30253441260467">
				<ele>16.643613630905747</ele>
				<time>2026-08-21T16:02:51Z</time>
			</trkpt>
			<trkpt lat="59.95415070395911" lon="30.302529032449797">
				<ele>17.331828790716827</ele>
				<time>2026-08-21T16:02:53Z</time>
			</trkpt>
			<trkpt lat="59.95417174471856" lon="30.302526295383686">
				<ele>16.44243307225406</ele>
				<time>2026-08-21T16:02:54Z</time>
			</trkpt>
			<trkpt lat="59.95418783672169" lon="30.302561277089247">
				<ele>15.59499522857368</ele>
				<time>2026-08-21T16:02:56Z</time>
			</trkpt>
			<trkpt lat="59.954206596654096" lon="30.302572717583175">
				<ele>16.735785729251802</ele>
				<time>2026-08-21T16:02:57Z</time>
			</trkpt>
			<trkpt lat="59.95423743952502" lon="30.30258242696374">
				<ele>16.831741262227297</ele>
				<time>2026-08-21T16:03:00Z</time>
			</trkpt>
			<trkpt lat="59.95426312424503" lon="30.302581153718258">
				<ele>14.35299124289304</ele>
				<time>2026-08-21T16:03:02Z</time>
			</trkpt>
			<trkpt lat="59.9542877593172" lon="30.30258710870924">
				<ele>15.885734185576439</ele>
				<time>2026-08-21T16:03:03Z</time>
			</trkpt>
			<trkpt lat="59.95431109314792" lon="30.30260942869989">
				<ele>16.168578130193055</ele>
				<time>2026-08-21T16:03:04Z</time>
			</trkpt>
			<trkpt lat="59.954328031131304" lon="30.302565635977952">
				<ele>15.10509420465678</ele>
				<time>2026-08-21T16:03:06Z</time>
			</trkpt>
			<trkpt lat="59.95435674438257" lon="30.302580501297435">
				<ele>16.734814444556832</ele>
				<time>2026-08-21T16:03:08Z</time>
			</trkpt>
			<trkpt lat="59.95437919104297" lon="30.30258768803256">
				<ele>15.232784465886652</ele>
				<time>2026-08-21T16:03:10Z</time>
			</trkpt>
			<trkpt lat="59.95440701363106" lon="30.30261379945934">
				<ele>15.768867605365813</ele>
				<time>2026-08-21T16:03:12Z</time>
			</trkpt>
			<trkpt lat="59.95445699342922" lon="30.302629151087128">
				<ele>17.723176036961377</ele>
				<time>2026-08-21T16:03:15Z</time>
			</trkpt>
			<trkpt lat="59.954495824619" lon="30.302664108388175">
				<ele>19.102339456789196</ele>
				<time>2026-08-21T16:03:16Z</time>
			</trkpt>
			<trkpt lat="59.95451582684731" lon="30.30267476908537">
				<ele>21.328352702781558</ele>
				<time>2026-08-21T16:03:18Z</time>
			</trkpt>
			<trkpt lat="59.954536678881745" lon="30.30264381674293">
				<ele>20.467036619782448</ele>
				<time>2026-08-21T16:03:20Z</time>
			</trkpt>
			<trkpt lat="59.95457418254178" lon="30.302649521609677">
				<ele>21.293789480812848</ele>
				<time>2026-08-21T16:03:23Z</time>
			</trkpt>
			<trkpt lat="59.95459964217485" lon="30.30261404480613">
				<ele>23.143227611668408</ele>
				<time>2026-08-21T16:03:24Z</time>
			</trkpt>
			<trkpt lat="59.95462191827357" lon="30.302632672750963">
				<ele>23.081818299368024</ele>
				<time>2026-08-21T16:03:26Z</time>
			</trkpt>
			<trkpt lat="59.95462533408875" lon="30.302681580366933">
				<ele>24.127881449647248</ele>
				<time>2026-08-21T16:03:27Z</time>
			</trkpt>
			<trkpt lat="59.95465336286278" lon="30.302667653015767">
				<ele>25.97989121824503</ele>
				<time>2026-08-21T16:03:29Z</time>
			</trkpt>
			<trkpt lat="59.95463482730734" lon="30.302689333402657">
				<ele>23.95688071195036</ele>
				<time>2026-08-21T16:03:30Z</time>
			</trkpt>
			<trkpt lat="59.95463996665676" lon="30.302649945676457">
				<ele>23.711114447563887</ele>
				<time>2026-08-21T16:03:35Z</time>
			</trkpt>
			<trkpt lat="59.95465669861632" lon="30.302674318026938">
				<ele>24.559582834132016</ele>
				<time>2026-08-21T16:03:37Z</time>
			</trkpt>
			<trkpt lat="59.95467645951512" lon="30.302689700703784">
				<ele>25.17784797679633</ele>
				<time>2026-08-21T16:03:39Z</time>
			</trkpt>
			<trkpt lat="59.95470723720054" lon="30.30269624804281">
				<ele>23.304893122054636</ele>
				<time>2026-08-21T16:03:42Z</time>
			</trkpt>
			<trkpt lat="59.954730940697914" lon="30.30267659200762">
				<ele>24.682124257087708</ele>
				<time>2026-08-21T16:03:44Z</time>
			</trkpt>
			<trkpt lat="59.95474530175558" lon="30.30264696323724">
				<ele>23.525841205380857</ele>
				<time>2026-08-21T16:03:45Z</time>
			</trkpt>
			<trkpt lat="59.954768062545476" lon="30.302627874927424">
				<ele>22.295418391004205</ele>
				<time>2026-08-21T16:03:47Z</time>
			</trkpt>
			<trkpt lat="59.954790428169495" lon="30.302605069974238">
				<ele>21.300951385870576</ele>
				<time>2026-08-21T16:03:49Z</time>
			</trkpt>
			<trkpt lat="59.95480775840536" lon="30.302595019720105">
				<ele>20.779197349213064</ele>
				<time>2026-08-21T16:03:50Z</time>
			</trkpt>
			<trkpt lat="59.95483578721145" lon="30.30258534854103">
				<ele>22.07823000755161</ele>
				<time>2026-08-21T16:03:52Z</time>
			</trkpt>
			<trkpt lat="59.954858751348894" lon="30.30257476259307">
				<ele>20.823799081146717</ele>
				<time>2026-08-21T16:03:54Z</time>
			</trkpt>
			<trkpt lat="59.95488442084014" lon="30.302563522462663">
				<ele>23.577571817673743</ele>
				<time>2026-08-21T16:03:56Z</time>
			</trkpt>
			<trkpt lat="59.95490625539399" lon="30.3025570786874">
				<ele>20.8840159336105</ele>
				<time>2026-08-21T16:03:58Z</time>
			</trkpt>
			<trkpt lat="59.95492759155064" lon="30.302554145588264">
				<ele>22.120345595292747</ele>
				<time>2026-08-21T16:03:59Z</time>
			</trkpt>
			<trkpt lat="59.95494940274341" lon="30.302597986574284">
				<ele>21.95114784128964</ele>
				<time>2026-08-21T16:04:02Z</time>
			</trkpt>
			<trkpt lat="59.954977837756864" lon="30.3026370989782">
				<ele>22.558723741210997</ele>
				<time>2026-08-21T16:04:04Z</time>
			</trkpt>
			<trkpt lat="59.954990028574315" lon="30.30267047549807">
				<ele>21.31975764874369</ele>
				<time>2026-08-21T16:04:07Z</time>
			</trkpt>
			<trkpt lat="59.955001465584594" lon="30.302701629949652">
				<ele>20.920887185260653</ele>
				<time>2026-08-21T16:04:08Z</time>
			</trkpt>
			<trkpt lat="59.955022913408925" lon="30.302704975036292">
				<ele>21.380186720751226</ele>
				<time>2026-08-21T16:04:10Z</time>
			</trkpt>
			<trkpt lat="59.95505299986638" lon="30.30267032112127">
				<ele>22.621211289428174</ele>
				<time>2026-08-21T16:04:12Z</time>
			</trkpt>
			<trkpt lat="59.955071546545206" lon="30.302676263031117">
				<ele>19.848757413215935</ele>
				<time>2026-08-21T16:04:15Z</time>
			</trkpt>
			<trkpt lat="59.95511246065889" lon="30.302712436098528">
				<ele>21.312174305319786</ele>
				<time>2026-08-21T16:04:17Z</time>
			</trkpt>
			<trkpt lat="59.95511954316561" lon="30.30275481950447">
				<ele>20.820429091341794</ele>
				<time>2026-08-21T16:04:18Z</time>
			</trkpt>
			<trkpt lat="59.955145283807816" lon="30.3027497281666">
				<ele>19.886821049265563</ele>
				<time>2026-08-21T16:04:20Z</time>
			</trkpt>
			<trkpt lat="59.955163587185375" lon="30.302763475678542">
				<ele>19.88149801734835</ele>
				<time>2026-08-21T16:04:21Z</time>
			</trkpt>
			<trkpt lat="59.95517865980616" lon="30.302834630694232">
				<ele>21.12219775095582</ele>
				<time>2026-08-21T16:04:24Z</time>
			</trkpt>
			<trkpt lat="59.9552015563626" lon="30.302852138237487">
				<ele>19.804366101510823</ele>
				<time>2026-08-21T16:04:26Z</time>
			</trkpt>
			<trkpt lat="59.95522251547498" lon="30.302841252420414">
				<ele>20.56968802586198</ele>
				<time>2026-08-21T16:04:28Z</time>
			</trkpt>
			<trkpt lat="59.95522410422747" lon="30.30278293005663">
				<ele>20.379500505514443</ele>
				<time>2026-08-21T16:04:30Z</time>
			</trkpt>
			<trkpt lat="59.95522774162626" lon="30.3027402034765">
				<ele>19.641097605228424</ele>
				<time>2026-08-21T16:04:31Z</time>
			</trkpt>
			<trkpt lat="59.95523950425359" lon="30.302687520111814">
				<ele>19.983494120649993</ele>
				<time>2026-08-21T16:04:32Z</time>
			</trkpt>
			<trkpt lat="59.95525525830296" lon="30.30262107800889">
				<ele>20.022489545866847</ele>
				<time>2026-08-21T16:04:33Z</time>
			</trkpt>
			<trkpt lat="59.95526639755804" lon="30.30256727745552">
				<ele>21.415786135941744</ele>
				<time>2026-08-21T16:04:35Z</time>
			</trkpt>
			<trkpt lat="59.95527799925753" lon="30.302538539876373">
				<ele>19.679574231617153</ele>
				<time>2026-08-21T16:04:38Z</time>
			</trkpt>
			<trkpt lat="59.95529880355553" lon="30.30249727470845">
				<ele>20.582355650141835</ele>
				<time>2026-08-21T16:04:40Z</time>
			</trkpt>
			<trkpt lat="59.95529756354508" lon="30.30244676038024">
				<ele>22.4811922442168</ele>
				<time>2026-08-21T16:04:43Z</time>
			</trkpt>
			<trkpt lat="59.955312422338885" lon="30.302377276976152">
				<ele>20.752688771113753</ele>
				<time>2026-08-21T16:04:50Z</time>
			</trkpt>
			<trkpt lat="59.95530720490001" lon="30.302428081720464">
				<ele>19.46404372062534</ele>
				<time>2026-08-21T16:04:52Z</time>
			</trkpt>
			<trkpt lat="59.955306818556" lon="30.3024097881447">
				<ele>19.837812876328826</ele>
				<time>2026-08-21T16:04:53Z</time>
			</trkpt>
			<trkpt lat="59.955302901990734" lon="30.302346859231186">
				<ele>19.25283750705421</ele>
				<time>2026-08-21T16:04:54Z</time>
			</trkpt>
			<trkpt lat="59.95532436443515" lon="30.302414226180282">
				<ele>20.404024212621152</ele>
				<time>2026-08-21T16:04:55Z</time>
			</trkpt>
			<trkpt lat="59.95531746433907" lon="30.302257891393264">
				<ele>18.737245881929994</ele>
				<time>2026-08-21T16:04:56Z</time>
			</trkpt>
			<trkpt lat="59.95529538604037" lon="30.302113399852956">
				<ele>18.435721887275577</ele>
				<time>2026-08-21T16:04:57Z</time>
			</trkpt>
			<trkpt lat="59.955291279025445" lon="30.30207250236404">
				<ele>18.79944770783186</ele>
				<time>2026-08-21T16:04:59Z</time>
			</trkpt>
			<trkpt lat="59.95530508851097" lon="30.302019492891137">
				<ele>17.69521065428853</ele>
				<time>2026-08-21T16:05:00Z</time>
			</trkpt>
			<trkpt lat="59.95532047637533" lon="30.301998530509923">
				<ele>16.610672657378018</ele>
				<time>2026-08-21T16:05:02Z</time>
			</trkpt>
			<trkpt lat="59.9553245226202" lon="30.30185213945897">
				<ele>18.28063960187137</ele>
				<time>2026-08-21T16:05:04Z</time>
			</trkpt>
			<trkpt lat="59.95533242698988" lon="30.30192246097101">
				<ele>17.24404925480485</ele>
				<time>2026-08-21T16:05:05Z</time>
			</trkpt>
			<trkpt lat="59.95533269864596" lon="30.301844906780655">
				<ele>15.055667006410658</ele>
				<time>2026-08-21T16:05:11Z</time>
			</trkpt>
			<trkpt lat="59.95535657581821" lon="30.30183949202417">
				<ele>14.286165366880596</ele>
				<time>2026-08-21T16:05:14Z</time>
			</trkpt>
			<trkpt lat="59.955376131891455" lon="30.30178867640359">
				<ele>16.31409825850278</ele>
				<time>2026-08-21T16:05:16Z</time>
			</trkpt>
			<trkpt lat="59.95537340080077" lon="30.301751435968992">
				<ele>13.164577804505825</ele>
				<time>2026-08-21T16:05:18Z</time>
			</trkpt>
			<trkpt lat="59.955378934226225" lon="30.3017045657054">
				<ele>12.061045909300447</ele>
				<time>2026-08-21T16:05:20Z</time>
			</trkpt>
			<trkpt lat="59.95539215137603" lon="30.301667243769955">
				<ele>12.744174026884139</ele>
				<time>2026-08-21T16:05:22Z</time>
			</trkpt>
			<trkpt lat="59.95540844540543" lon="30.30164749559148">
				<ele>12.827386209741235</ele>
				<time>2026-08-21T16:05:24Z</time>
			</trkpt>
			<trkpt lat="59.95541518009375" lon="30.301601403922053">
				<ele>12.864436468109488</ele>
				<time>2026-08-21T16:05:26Z</time>
			</trkpt>
			<trkpt lat="59.95541453319232" lon="30.301548660052358">
				<ele>11.933463519439101</ele>
				<time>2026-08-21T16:05:28Z</time>
			</trkpt>
			<trkpt lat="59.95542222257603" lon="30.30150477411595">
				<ele>11.055064771324396</ele>
				<time>2026-08-21T16:05:30Z</time>
			</trkpt>
			<trkpt lat="59.95542183824703" lon="30.30142028825435">
				<ele>12.832776909694076</ele>
				<time>2026-08-21T16:05:32Z</time>
			</trkpt>
			<trkpt lat="59.95542483374528" lon="30.30136792677542">
				<ele>11.398258060216904</ele>
				<time>2026-08-21T16:05:35Z</time>
			</trkpt>
			<trkpt lat="59.95542773264366" lon="30.30132871090857">
				<ele>11.15189638081938</ele>
				<time>2026-08-21T16:05:37Z</time>
			</trkpt>
			<trkpt lat="59.95544285188319" lon="30.301297735369598">
				<ele>9.629438361153007</ele>
				<time>2026-08-21T16:05:40Z</time>
			</trkpt>
			<trkpt lat="59.95544755528977" lon="30.30124281183667">
				<ele>10.343589385040104</ele>
				<time>2026-08-21T16:05:42Z</time>
			</trkpt>
			<trkpt lat="59.95544996439365" lon="30.301205837505083">
				<ele>10.216821091249585</ele>
				<time>2026-08-21T16:05:43Z</time>
			</trkpt>
			<trkpt lat="59.955442796950294" lon="30.301166637179687">
				<ele>10.721651744097471</ele>
				<time>2026-08-21T16:05:44Z</time>
			</trkpt>
			<trkpt lat="59.955448795950744" lon="30.30111702830218">
				<ele>11.922355112619698</ele>
				<time>2026-08-21T16:05:45Z</time>
			</trkpt>
			<trkpt lat="59.955449439186694" lon="30.301067880576156">
				<ele>13.235088570974767</ele>
				<time>2026-08-21T16:05:47Z</time>
			</trkpt>
			<trkpt lat="59.95545637128683" lon="30.30103277148102">
				<ele>11.49683734960854</ele>
				<time>2026-08-21T16:05:49Z</time>
			</trkpt>
			<trkpt lat="59.95547721136415" lon="30.301024100423845">
				<ele>11.605444156564772</ele>
				<time>2026-08-21T16:05:51Z</time>
			</trkpt>
			<trkpt lat="59.95549064774835" lon="30.30097061032133">
				<ele>13.031303506344557</ele>
				<time>2026-08-21T16:05:53Z</time>
			</trkpt>
			<trkpt lat="59.95549390859301" lon="30.300915135188667">
				<ele>12.424070213921368</ele>
				<time>2026-08-21T16:05:55Z</time>
			</trkpt>
			<trkpt lat="59.95550928213873" lon="30.300874562438437">
				<ele>13.58008206449449</ele>
				<time>2026-08-21T16:05:57Z</time>
			</trkpt>
			<trkpt lat="59.955523356339874" lon="30.30084636676337">
				<ele>13.908437492325902</ele>
				<time>2026-08-21T16:05:59Z</time>
			</trkpt>
			<trkpt lat="59.955541235302256" lon="30.30080380127679">
				<ele>12.582651714794338</ele>
				<time>2026-08-21T16:06:02Z</time>
			</trkpt>
			<trkpt lat="59.95555066797439" lon="30.30077096867978">
				<ele>15.190827583894134</ele>
				<time>2026-08-21T16:06:04Z</time>
			</trkpt>
			<trkpt lat="59.95554905949041" lon="30.300709914062963">
				<ele>15.528074718080461</ele>
				<time>2026-08-21T16:06:06Z</time>
			</trkpt>
			<trkpt lat="59.955561627823215" lon="30.300675750025825">
				<ele>14.22304739523679</ele>
				<time>2026-08-21T16:06:10Z</time>
			</trkpt>
			<trkpt lat="59.95558972227388" lon="30.300692321730164">
				<ele>13.024574376642704</ele>
				<time>2026-08-21T16:06:12Z</time>
			</trkpt>
			<trkpt lat="59.955605146174946" lon="30.30071572254888">
				<ele>13.240181765519083</ele>
				<time>2026-08-21T16:06:13Z</time>
			</trkpt>
			<trkpt lat="59.9556146838786" lon="30.300753311468142">
				<ele>12.890335120260715</ele>
				<time>2026-08-21T16:06:14Z</time>
			</trkpt>
			<trkpt lat="59.95563048130344" lon="30.30077890789343">
				<ele>12.652655089274049</ele>
				<time>2026-08-21T16:06:15Z</time>
			</trkpt>
			<trkpt lat="59.95565551175142" lon="30.300774521140074">
				<ele>13.144792465493083</ele>
				<time>2026-08-21T16:06:16Z</time>
			</trkpt>
			<trkpt lat="59.95566819846195" lon="30.300719198507256">
				<ele>14.200810455717146</ele>
				<time>2026-08-21T16:06:20Z</time>
			</trkpt>
			<trkpt lat="59.95566372449438" lon="30.300664448455617">
				<ele>16.20435141865164</ele>
				<time>2026-08-21T16:06:23Z</time>
			</trkpt>
			<trkpt lat="59.95566121173759" lon="30.300621964419346">
				<ele>14.684478903189301</ele>
				<time>2026-08-21T16:06:26Z</time>
			</trkpt>
			<trkpt lat="59.95566367065535" lon="30.30058183758653">
				<ele>14.828253557905555</ele>
				<time>2026-08-21T16:06:28Z</time>
			</trkpt>
			<trkpt lat="59.95567873136437" lon="30.30053863473206">
				<ele>13.774510495364666</ele>
				<time>2026-08-21T16:06:30Z</time>
			</trkpt>
			<trkpt lat="59.95568180547472" lon="30.30049610536497">
				<ele>14.482314378023148</ele>
				<time>2026-08-21T16:06:32Z</time>
			</trkpt>
			<trkpt lat="59.95569560491761" lon="30.300435926617624">
				<ele>13.225731455720961</ele>
				<time>2026-08-21T16:06:34Z</time>
			</trkpt>
			<trkpt lat="59.95570660287777" lon="30.300380348404868">
				<ele>14.067483332008123</ele>
				<time>2026-08-21T16:06:36Z</time>
			</trkpt>
			<trkpt lat="59.9557244207973" lon="30.30033069804933">
				<ele>14.235799696296453</ele>
				<time>2026-08-21T16:06:37Z</time>
			</trkpt>
			<trkpt lat="59.95574365328475" lon="30.30031834800324">
				<ele>13.239070493727922</ele>
				<time>2026-08-21T16:06:39Z</time>
			</trkpt>
			<trkpt lat="59.95576673312465" lon="30.300296918799418">
				<ele>13.438177027739584</ele>
				<time>2026-08-21T16:06:42Z</time>
			</trkpt>
			<trkpt lat="59.95578820941712" lon="30.300280766756277">
				<ele>12.244222413748503</ele>
				<time>2026-08-21T16:06:45Z</time>
			</trkpt>
			<trkpt lat="59.95564414621877" lon="30.300086171826077">
				<ele>9.965887507423759</ele>
				<time>2026-08-21T16:06:46Z</time>
			</trkpt>
			<trkpt lat="59.95563451229268" lon="30.300054133889816">
				<ele>10.389019466936588</ele>
				<time>2026-08-21T16:06:47Z</time>
			</trkpt>
			<trkpt lat="59.955929340449416" lon="30.300404559535753">
				<ele>0.0</ele>
				<time>2026-08-21T16:06:51Z</time>
			</trkpt>
			<trkpt lat="59.955954281520455" lon="30.300335131340294">
				<ele>13.561661665327847</ele>
				<time>2026-08-21T16:06:53Z</time>
			</trkpt>
			<trkpt lat="59.95598638405668" lon="30.30033054338654">
				<ele>11.34323353972286</ele>
				<time>2026-08-21T16:06:55Z</time>
			</trkpt>
			<trkpt lat="59.9560131708948" lon="30.30036726959177">
				<ele>11.994609734974802</ele>
				<time>2026-08-21T16:06:57Z</time>
			</trkpt>
			<trkpt lat="59.95603176564306" lon="30.30037427292397">
				<ele>13.761796724051237</ele>
				<time>2026-08-21T16:06:59Z</time>
			</trkpt>
			<trkpt lat="59.956048972817364" lon="30.30049220741994">
				<ele>13.139128943905234</ele>
				<time>2026-08-21T16:07:00Z</time>
			</trkpt>
			<trkpt lat="59.95605764976735" lon="30.30048275255122">
				<ele>13.313186943531036</ele>
				<time>2026-08-21T16:07:01Z</time>
			</trkpt>
			<trkpt lat="59.956071741214906" lon="30.30053247688739">
				<ele>13.215648913756013</ele>
				<time>2026-08-21T16:07:03Z</time>
			</trkpt>
			<trkpt lat="59.956090148337175" lon="30.300621120682926">
				<ele>15.915594773367047</ele>
				<time>2026-08-21T16:07:05Z</time>
			</trkpt>
			<trkpt lat="59.95610706955259" lon="30.300667060028964">
				<ele>12.250977387651801</ele>
				<time>2026-08-21T16:07:07Z</time>
			</trkpt>
			<trkpt lat="59.9561271362497" lon="30.30067197114328">
				<ele>11.945019158534706</ele>
				<time>2026-08-21T16:07:09Z</time>
			</trkpt>
			<trkpt lat="59.95614164948088" lon="30.30069458443058">
				<ele>13.455121704377234</ele>
				<time>2026-08-21T16:07:11Z</time>
			</trkpt>
			<trkpt lat="59.956179627457246" lon="30.300788387685575">
				<ele>14.102281348779798</ele>
				<time>2026-08-21T16:07:13Z</time>
			</trkpt>
			<trkpt lat="59.95621652158691" lon="30.30085776346126">
				<ele>15.576601197011769</ele>
				<time>2026-08-21T16:07:14Z</time>
			</trkpt>
			<trkpt lat="59.95623624091684" lon="30.300835519843265">
				<ele>14.83056115731597</ele>
				<time>2026-08-21T16:07:15Z</time>
			</trkpt>
			<trkpt lat="59.95625829044919" lon="30.300886169320375">
				<ele>13.789840488694608</ele>
				<time>2026-08-21T16:07:16Z</time>
			</trkpt>
			<trkpt lat="59.956280519198984" lon="30.300888363341933">
				<ele>13.406297603622079</ele>
				<time>2026-08-21T16:07:18Z</time>
			</trkpt>
			<trkpt lat="59.9562924243664" lon="30.30093010924146">
				<ele>13.845481261610985</ele>
				<time>2026-08-21T16:07:20Z</time>
			</trkpt>
			<trkpt lat="59.95630961061094" lon="30.300950566712814">
				<ele>15.266753046773374</ele>
				<time>2026-08-21T16:07:22Z</time>
			</trkpt>
			<trkpt lat="59.95632845900486" lon="30.300782372995076">
				<ele>16.083893788047135</ele>
				<time>2026-08-21T16:07:23Z</time>
			</trkpt>
			<trkpt lat="59.95633350719597" lon="30.300774348538106">
				<ele>14.751495162025094</ele>
				<time>2026-08-21T16:07:24Z</time>
			</trkpt>
			<trkpt lat="59.95635762684996" lon="30.300677877144707">
				<ele>14.231680672615767</ele>
				<time>2026-08-21T16:07:25Z</time>
			</trkpt>
			<trkpt lat="59.956353649670156" lon="30.300629871169477">
				<ele>15.159228790551424</ele>
				<time>2026-08-21T16:07:26Z</time>
			</trkpt>
			<trkpt lat="59.956338783904314" lon="30.300651429094263">
				<ele>15.359259446151555</ele>
				<time>2026-08-21T16:07:29Z</time>
			</trkpt>
			<trkpt lat="59.95629291283583" lon="30.30054840557557">
				<ele>14.68560597114265</ele>
				<time>2026-08-21T16:07:32Z</time>
			</trkpt>
			<trkpt lat="59.956266361156985" lon="30.300511893060687">
				<ele>16.099644765257835</ele>
				<time>2026-08-21T16:07:33Z</time>
			</trkpt>
			<trkpt lat="59.95625433779798" lon="30.300468765990615">
				<ele>14.223738485947251</ele>
				<time>2026-08-21T16:07:34Z</time>
			</trkpt>
			<trkpt lat="59.9562615910995" lon="30.30050803373049">
				<ele>11.755707665346563</ele>
				<time>2026-08-21T16:07:35Z</time>
			</trkpt>
			<trkpt lat="59.956248748166" lon="30.30047931293796">
				<ele>13.196315551176667</ele>
				<time>2026-08-21T16:07:36Z</time>
			</trkpt>
			<trkpt lat="59.95623596504951" lon="30.300440377304867">
				<ele>13.45334255695343</ele>
				<time>2026-08-21T16:07:38Z</time>
			</trkpt>
			<trkpt lat="59.95622785574793" lon="30.300405453297085">
				<ele>13.316087421961129</ele>
				<time>2026-08-21T16:07:40Z</time>
			</trkpt>
			<trkpt lat="59.95621927907195" lon="30.300349075177262">
				<ele>13.484614916145802</ele>
				<time>2026-08-21T16:07:42Z</time>
			</trkpt>
			<trkpt lat="59.95621836581519" lon="30.300256526696227">
				<ele>12.230935062281787</ele>
				<time>2026-08-21T16:07:44Z</time>
			</trkpt>
			<trkpt lat="59.956197073353295" lon="30.300234049563894">
				<ele>12.239548535086215</ele>
				<time>2026-08-21T16:07:46Z</time>
			</trkpt>
			<trkpt lat="59.956186679282446" lon="30.300177635252307">
				<ele>14.062110154889524</ele>
				<time>2026-08-21T16:07:48Z</time>
			</trkpt>
			<trkpt lat="59.956188529626985" lon="30.300112901848745">
				<ele>13.358255717903376</ele>
				<time>2026-08-21T16:07:52Z</time>
			</trkpt>
			<trkpt lat="59.95620466079231" lon="30.30008871638067">
				<ele>13.284867904148996</ele>
				<time>2026-08-21T16:07:55Z</time>
			</trkpt>
			<trkpt lat="59.95622680541612" lon="30.300051835603153">
				<ele>13.823813722468913</ele>
				<time>2026-08-21T16:07:57Z</time>
			</trkpt>
			<trkpt lat="59.956238778140495" lon="30.300020385285425">
				<ele>13.046042422764003</ele>
				<time>2026-08-21T16:07:59Z</time>
			</trkpt>
			<trkpt lat="59.95624649540624" lon="30.29997271358731">
				<ele>14.200318479910493</ele>
				<time>2026-08-21T16:08:01Z</time>
			</trkpt>
			<trkpt lat="59.95625502510424" lon="30.299926179199396">
				<ele>15.395185528323054</ele>
				<time>2026-08-21T16:08:03Z</time>
			</trkpt>
			<trkpt lat="59.95626420223035" lon="30.299878606882814">
				<ele>13.860797218047082</ele>
				<time>2026-08-21T16:08:05Z</time>
			</trkpt>
			<trkpt lat="59.956363504808664" lon="30.300133796436995">
				<ele>1.3704739371314645</ele>
				<time>2026-08-21T16:08:07Z</time>
			</trkpt>
			<trkpt lat="59.95632670684442" lon="30.299748240283165">
				<ele>13.999653262086213</ele>
				<time>2026-08-21T16:08:09Z</time>
			</trkpt>
			<trkpt lat="59.956251176098164" lon="30.299750437247948">
				<ele>14.040642553940415</ele>
				<time>2026-08-21T16:08:10Z</time>
			</trkpt>
			<trkpt lat="59.956294275686254" lon="30.299785060532603">
				<ele>12.217274595983326</ele>
				<time>2026-08-21T16:08:11Z</time>
			</trkpt>
			<trkpt lat="59.95634365427575" lon="30.299905306128196">
				<ele>9.61770863365382</ele>
				<time>2026-08-21T16:08:12Z</time>
			</trkpt>
			<trkpt lat="59.95636235490576" lon="30.299893292241553">
				<ele>9.577707074582577</ele>
				<time>2026-08-21T16:08:13Z</time>
			</trkpt>
			<trkpt lat="59.956358103908784" lon="30.299958504684493">
				<ele>9.840096768923104</ele>
				<time>2026-08-21T16:08:14Z</time>
			</trkpt>
			<trkpt lat="59.95637669325499" lon="30.3000094500676">
				<ele>8.234369215555489</ele>
				<time>2026-08-21T16:08:15Z</time>
			</trkpt>
			<trkpt lat="59.956398331639484" lon="30.300049198661096">
				<ele>9.555051492527127</ele>
				<time>2026-08-21T16:08:16Z</time>
			</trkpt>
			<trkpt lat="59.95642018664911" lon="30.300062269312477">
				<ele>8.68988407496363</ele>
				<time>2026-08-21T16:08:18Z</time>
			</trkpt>
			<trkpt lat="59.956454516361156" lon="30.30002142242254">
				<ele>8.385487143881619</ele>
				<time>2026-08-21T16:08:19Z</time>
			</trkpt>
			<trkpt lat="59.95649686218136" lon="30.30001501458715">
				<ele>9.591960211284459</ele>
				<time>2026-08-21T16:08:20Z</time>
			</trkpt>
			<trkpt lat="59.95651514236809" lon="30.299994883437833">
				<ele>9.512982974760234</ele>
				<time>2026-08-21T16:08:21Z</time>
			</trkpt>
			<trkpt lat="59.95651608554251" lon="30.30004635444478">
				<ele>9.278094510547817</ele>
				<time>2026-08-21T16:08:22Z</time>
			</trkpt>
			<trkpt lat="59.95654610982325" lon="30.300068826809337">
				<ele>11.602268936112523</ele>
				<time>2026-08-21T16:08:24Z</time>
			</trkpt>
			<trkpt lat="59.95656320523185" lon="30.30008985202833">
				<ele>8.775096790865064</ele>
				<time>2026-08-21T16:08:26Z</time>
			</trkpt>
			<trkpt lat="59.95659022041562" lon="30.30008766962954">
				<ele>10.806991160847247</ele>
				<time>2026-08-21T16:08:28Z</time>
			</trkpt>
			<trkpt lat="59.95661433601399" lon="30.300126424900064">
				<ele>11.186868904158473</ele>
				<time>2026-08-21T16:08:30Z</time>
			</trkpt>
			<trkpt lat="59.95664199148591" lon="30.300115640873855">
				<ele>10.158962714485824</ele>
				<time>2026-08-21T16:08:32Z</time>
			</trkpt>
			<trkpt lat="59.956672488058885" lon="30.30013060689486">
				<ele>11.099402747116983</ele>
				<time>2026-08-21T16:08:34Z</time>
			</trkpt>
			<trkpt lat="59.95669048070297" lon="30.300141355050208">
				<ele>10.858429342508316</ele>
				<time>2026-08-21T16:08:35Z</time>
			</trkpt>
			<trkpt lat="59.956716517085994" lon="30.300158409646752">
				<ele>12.537934778258204</ele>
				<time>2026-08-21T16:08:37Z</time>
			</trkpt>
			<trkpt lat="59.95671379832034" lon="30.300197110975795">
				<ele>9.683395862579346</ele>
				<time>2026-08-21T16:08:39Z</time>
			</trkpt>
			<trkpt lat="59.956748491913224" lon="30.300214816448218">
				<ele>10.532425708137453</ele>
				<time>2026-08-21T16:08:41Z</time>
			</trkpt>
			<trkpt lat="59.95675321869253" lon="30.30024967005555">
				<ele>10.019917213357985</ele>
				<time>2026-08-21T16:08:42Z</time>
			</trkpt>
			<trkpt lat="59.95676370015056" lon="30.300315469945087">
				<ele>11.074502930045128</ele>
				<time>2026-08-21T16:08:44Z</time>
			</trkpt>
			<trkpt lat="59.956783495036824" lon="30.30032007458022">
				<ele>9.811562131159008</ele>
				<time>2026-08-21T16:08:46Z</time>
			</trkpt>
			<trkpt lat="59.956804221484774" lon="30.300280539765847">
				<ele>8.972149420529604</ele>
				<time>2026-08-21T16:08:48Z</time>
			</trkpt>
			<trkpt lat="59.95682268669746" lon="30.300342138949595">
				<ele>12.06099118385464</ele>
				<time>2026-08-21T16:08:50Z</time>
			</trkpt>
			<trkpt lat="59.95683894727461" lon="30.3003592422664">
				<ele>11.970882893539965</ele>
				<time>2026-08-21T16:08:52Z</time>
			</trkpt>
			<trkpt lat="59.956884589146505" lon="30.300387633148862">
				<ele>10.189172777347267</ele>
				<time>2026-08-21T16:08:54Z</time>
			</trkpt>
			<trkpt lat="59.956888635252604" lon="30.300424515435285">
				<ele>10.710316008888185</ele>
				<time>2026-08-21T16:08:56Z</time>
			</trkpt>
			<trkpt lat="59.95689217124591" lon="30.30053151165487">
				<ele>10.873237514868379</ele>
				<time>2026-08-21T16:08:58Z</time>
			</trkpt>
			<trkpt lat="59.95691684259226" lon="30.300545566585775">
				<ele>9.945998758077621</ele>
				<time>2026-08-21T16:09:00Z</time>
			</trkpt>
			<trkpt lat="59.956912470922724" lon="30.300638772109902">
				<ele>9.773016357794404</ele>
				<time>2026-08-21T16:09:02Z</time>
			</trkpt>
			<trkpt lat="59.95688917092733" lon="30.300666608400626">
				<ele>9.85106011480093</ele>
				<time>2026-08-21T16:09:03Z</time>
			</trkpt>
			<trkpt lat="59.95689436438818" lon="30.300707699750884">
				<ele>11.767469454556704</ele>
				<time>2026-08-21T16:09:05Z</time>
			</trkpt>
			<trkpt lat="59.95688616678331" lon="30.30074071625237">
				<ele>11.94411834795028</ele>
				<time>2026-08-21T16:09:06Z</time>
			</trkpt>
			<trkpt lat="59.956892417166934" lon="30.300782917006646">
				<ele>12.030289506539702</ele>
				<time>2026-08-21T16:09:08Z</time>
			</trkpt>
			<trkpt lat="59.95691015741076" lon="30.30083266082541">
				<ele>13.088190988637507</ele>
				<time>2026-08-21T16:09:10Z</time>
			</trkpt>
			<trkpt lat="59.956896721384474" lon="30.300863644707984">
				<ele>11.884956527501345</ele>
				<time>2026-08-21T16:09:12Z</time>
			</trkpt>
			<trkpt lat="59.95687687654801" lon="30.300862000289364">
				<ele>6.330226463265717</ele>
				<time>2026-08-21T16:09:22Z</time>
			</trkpt>
			<trkpt lat="59.95687950437429" lon="30.300822260859373">
				<ele>5.738882847130299</ele>
				<time>2026-08-21T16:09:25Z</time>
			</trkpt>
			<trkpt lat="59.956899001586955" lon="30.300833504272312">
				<ele>5.944521800614893</ele>
				<time>2026-08-21T16:09:27Z</time>
			</trkpt>
			<trkpt lat="59.95687309428962" lon="30.30079518159917">
				<ele>7.573272613808513</ele>
				<time>2026-08-21T16:09:35Z</time>
			</trkpt>
			<trkpt lat="59.95685685575207" lon="30.300764621905806">
				<ele>7.550857150927186</ele>
				<time>2026-08-21T16:09:36Z</time>
			</trkpt>
			<trkpt lat="59.95687560694676" lon="30.30077603706374">
				<ele>6.955591645091772</ele>
				<time>2026-08-21T16:09:38Z</time>
			</trkpt>
			<trkpt lat="59.9569009586493" lon="30.30082129839924">
				<ele>8.85770845785737</ele>
				<time>2026-08-21T16:09:50Z</time>
			</trkpt>
			<trkpt lat="59.95687902425517" lon="30.300822393596007">
				<ele>9.129479320719838</ele>
				<time>2026-08-21T16:10:00Z</time>
			</trkpt>
			<trkpt lat="59.95689837647489" lon="30.30088230267666">
				<ele>9.097316231578588</ele>
				<time>2026-08-21T16:10:07Z</time>
			</trkpt>
			<trkpt lat="59.95690818306576" lon="30.300917825800024">
				<ele>11.35463644284755</ele>
				<time>2026-08-21T16:10:08Z</time>
			</trkpt>
			<trkpt lat="59.95692479136016" lon="30.300974846287023">
				<ele>10.085122855380177</ele>
				<time>2026-08-21T16:10:12Z</time>
			</trkpt>
			<trkpt lat="59.95694353359845" lon="30.30098815039873">
				<ele>11.677539230324328</ele>
				<time>2026-08-21T16:10:13Z</time>
			</trkpt>
			<trkpt lat="59.95696061244494" lon="30.301013955612834">
				<ele>10.275936584919691</ele>
				<time>2026-08-21T16:10:15Z</time>
			</trkpt>
			<trkpt lat="59.95696856738655" lon="30.30104809704983">
				<ele>9.489046287722886</ele>
				<time>2026-08-21T16:10:16Z</time>
			</trkpt>
			<trkpt lat="59.95697806240931" lon="30.301086926412214">
				<ele>9.877961539663374</ele>
				<time>2026-08-21T16:10:18Z</time>
			</trkpt>
			<trkpt lat="59.95698430566383" lon="30.30113430850686">
				<ele>12.131764322519302</ele>
				<time>2026-08-21T16:10:19Z</time>
			</trkpt>
			<trkpt lat="59.957007320627575" lon="30.301170811571545">
				<ele>12.950420148670673</ele>
				<time>2026-08-21T16:10:22Z</time>
			</trkpt>
			<trkpt lat="59.95703259633116" lon="30.301176144663035">
				<ele>13.421573380939662</ele>
				<time>2026-08-21T16:10:27Z</time>
			</trkpt>
			<trkpt lat="59.9570517118838" lon="30.301155192094733">
				<ele>13.705958765000105</ele>
				<time>2026-08-21T16:10:29Z</time>
			</trkpt>
			<trkpt lat="59.95707055494255" lon="30.301148374352355">
				<ele>13.81771766487509</ele>
				<time>2026-08-21T16:10:31Z</time>
			</trkpt>
			<trkpt lat="59.9570968827936" lon="30.301125170083324">
				<ele>13.791616590693593</ele>
				<time>2026-08-21T16:10:33Z</time>
			</trkpt>
			<trkpt lat="59.95711413707272" lon="30.301146915739377">
				<ele>14.01199387665838</ele>
				<time>2026-08-21T16:10:34Z</time>
			</trkpt>
			<trkpt lat="59.957127037031526" lon="30.30118172930526">
				<ele>13.80030573811382</ele>
				<time>2026-08-21T16:10:36Z</time>
			</trkpt>
			<trkpt lat="59.9571536139924" lon="30.301201377641895">
				<ele>14.392198070883751</ele>
				<time>2026-08-21T16:10:37Z</time>
			</trkpt>
			<trkpt lat="59.95716758928608" lon="30.301224501869502">
				<ele>13.768829342909157</ele>
				<time>2026-08-21T16:10:38Z</time>
			</trkpt>
			<trkpt lat="59.957187783287154" lon="30.30125886424588">
				<ele>14.443737051449716</ele>
				<time>2026-08-21T16:10:40Z</time>
			</trkpt>
			<trkpt lat="59.95719361203764" lon="30.30130612454034">
				<ele>14.38136387616396</ele>
				<time>2026-08-21T16:10:41Z</time>
			</trkpt>
			<trkpt lat="59.95721189644435" lon="30.30133454047725">
				<ele>13.714719724841416</ele>
				<time>2026-08-21T16:10:44Z</time>
			</trkpt>
			<trkpt lat="59.95723791575724" lon="30.30139107843986">
				<ele>12.778692533262074</ele>
				<time>2026-08-21T16:10:48Z</time>
			</trkpt>
			<trkpt lat="59.95723477798758" lon="30.301426955081297">
				<ele>11.867087845690548</ele>
				<time>2026-08-21T16:10:49Z</time>
			</trkpt>
			<trkpt lat="59.95723658173173" lon="30.30149225995914">
				<ele>12.610785237513483</ele>
				<time>2026-08-21T16:10:50Z</time>
			</trkpt>
			<trkpt lat="59.957255357137626" lon="30.30154302662386">
				<ele>13.026694378815591</ele>
				<time>2026-08-21T16:10:52Z</time>
			</trkpt>
			<trkpt lat="59.957268593649914" lon="30.30158507171757">
				<ele>11.270555754192173</ele>
				<time>2026-08-21T16:10:54Z</time>
			</trkpt>
			<trkpt lat="59.957294064726426" lon="30.301603729417483">
				<ele>12.512643272988498</ele>
				<time>2026-08-21T16:10:56Z</time>
			</trkpt>
			<trkpt lat="59.95730605102397" lon="30.301635460446867">
				<ele>12.727911702357233</ele>
				<time>2026-08-21T16:10:58Z</time>
			</trkpt>
			<trkpt lat="59.95732885768553" lon="30.301643355419223">
				<ele>10.199514573439956</ele>
				<time>2026-08-21T16:11:00Z</time>
			</trkpt>
			<trkpt lat="59.957347138968885" lon="30.3016861893488">
				<ele>10.686557984910905</ele>
				<time>2026-08-21T16:11:02Z</time>
			</trkpt>
			<trkpt lat="59.95735365574126" lon="30.3017432590887">
				<ele>11.007518742233515</ele>
				<time>2026-08-21T16:11:05Z</time>
			</trkpt>
			<trkpt lat="59.95735053711438" lon="30.30178616690471">
				<ele>11.22418606840074</ele>
				<time>2026-08-21T16:11:07Z</time>
			</trkpt>
			<trkpt lat="59.957350214033596" lon="30.301844905604167">
				<ele>10.228617463260889</ele>
				<time>2026-08-21T16:11:09Z</time>
			</trkpt>
			<trkpt lat="59.957351003609666" lon="30.30189852275954">
				<ele>10.451271476224065</ele>
				<time>2026-08-21T16:11:11Z</time>
			</trkpt>
			<trkpt lat="59.957345915111084" lon="30.301937675567835">
				<ele>9.370574819855392</ele>
				<time>2026-08-21T16:11:12Z</time>
			</trkpt>
			<trkpt lat="59.9573429511942" lon="30.30197491613277">
				<ele>9.749445041641593</ele>
				<time>2026-08-21T16:11:13Z</time>
			</trkpt>
			<trkpt lat="59.9573442716399" lon="30.302032984530072">
				<ele>9.363432066515088</ele>
				<time>2026-08-21T16:11:15Z</time>
			</trkpt>
			<trkpt lat="59.95733904568658" lon="30.302102343934557">
				<ele>10.943862456828356</ele>
				<time>2026-08-21T16:11:17Z</time>
			</trkpt>
			<trkpt lat="59.9573309964869" lon="30.302155567721258">
				<ele>9.047059371136129</ele>
				<time>2026-08-21T16:11:19Z</time>
			</trkpt>
			<trkpt lat="59.957337676041696" lon="30.302208381721435">
				<ele>9.208187201060355</ele>
				<time>2026-08-21T16:11:21Z</time>
			</trkpt>
			<trkpt lat="59.957332594379956" lon="30.30226717496882">
				<ele>10.830227514728904</ele>
				<time>2026-08-21T16:11:23Z</time>
			</trkpt>
			<trkpt lat="59.957354462069155" lon="30.302281537667294">
				<ele>8.758548480458558</ele>
				<time>2026-08-21T16:11:26Z</time>
			</trkpt>
			<trkpt lat="59.95735852101698" lon="30.302324502820234">
				<ele>8.65114814415574</ele>
				<time>2026-08-21T16:11:28Z</time>
			</trkpt>
			<trkpt lat="59.95735593497616" lon="30.302360095581612">
				<ele>10.054872146807611</ele>
				<time>2026-08-21T16:11:29Z</time>
			</trkpt>
			<trkpt lat="59.957367306236584" lon="30.302401319265073">
				<ele>8.877334263175726</ele>
				<time>2026-08-21T16:11:31Z</time>
			</trkpt>
			<trkpt lat="59.95735823901115" lon="30.30244008785434">
				<ele>10.290016039274633</ele>
				<time>2026-08-21T16:11:33Z</time>
			</trkpt>
			<trkpt lat="59.957396285784064" lon="30.302531031891007">
				<ele>11.17983728274703</ele>
				<time>2026-08-21T16:11:35Z</time>
			</trkpt>
			<trkpt lat="59.95742355933261" lon="30.30263236014538">
				<ele>13.365878077223897</ele>
				<time>2026-08-21T16:11:37Z</time>
			</trkpt>
			<trkpt lat="59.95739493250011" lon="30.30270391411261">
				<ele>14.203243725001812</ele>
				<time>2026-08-21T16:11:43Z</time>
			</trkpt>
			<trkpt lat="59.95739616746042" lon="30.302750641946897">
				<ele>15.124894697219133</ele>
				<time>2026-08-21T16:11:44Z</time>
			</trkpt>
			<trkpt lat="59.95738625911429" lon="30.302816751935136">
				<ele>14.647450732067227</ele>
				<time>2026-08-21T16:11:46Z</time>
			</trkpt>
			<trkpt lat="59.9573752236441" lon="30.30285129721031">
				<ele>14.566550688818097</ele>
				<time>2026-08-21T16:11:48Z</time>
			</trkpt>
			<trkpt lat="59.95737567871903" lon="30.302913910332688">
				<ele>16.13512337114662</ele>
				<time>2026-08-21T16:11:50Z</time>
			</trkpt>
			<trkpt lat="59.95739228701649" lon="30.30289252348529">
				<ele>13.712356112897396</ele>
				<time>2026-08-21T16:11:52Z</time>
			</trkpt>
			<trkpt lat="59.957407435716995" lon="30.302939041291232">
				<ele>15.219504663720727</ele>
				<time>2026-08-21T16:11:55Z</time>
			</trkpt>
			<trkpt lat="59.957416413466866" lon="30.302970548519756">
				<ele>16.02266715466976</ele>
				<time>2026-08-21T16:11:57Z</time>
			</trkpt>
			<trkpt lat="59.95741967445481" lon="30.303030903558138">
				<ele>15.60014252178371</ele>
				<time>2026-08-21T16:12:00Z</time>
			</trkpt>
			<trkpt lat="59.95741866091985" lon="30.303069533273423">
				<ele>16.33996191713959</ele>
				<time>2026-08-21T16:12:01Z</time>
			</trkpt>
			<trkpt lat="59.957421029389955" lon="30.303105584105175">
				<ele>16.59139429964125</ele>
				<time>2026-08-21T16:12:02Z</time>
			</trkpt>
			<trkpt lat="59.957421962245185" lon="30.303143978822536">
				<ele>17.57068467605859</ele>
				<time>2026-08-21T16:12:03Z</time>
			</trkpt>
			<trkpt lat="59.95743222579352" lon="30.303205204764485">
				<ele>15.275864595547318</ele>
				<time>2026-08-21T16:12:06Z</time>
			</trkpt>
			<trkpt lat="59.95743411478452" lon="30.303249654207455">
				<ele>16.270717247389257</ele>
				<time>2026-08-21T16:12:09Z</time>
			</trkpt>
			<trkpt lat="59.957443986535864" lon="30.303297534806696">
				<ele>16.97900344338268</ele>
				<time>2026-08-21T16:12:11Z</time>
			</trkpt>
			<trkpt lat="59.95745744018614" lon="30.303349232848113">
				<ele>16.17463097628206</ele>
				<time>2026-08-21T16:12:13Z</time>
			</trkpt>
			<trkpt lat="59.95747721146312" lon="30.303378018533742">
				<ele>16.839876911602914</ele>
				<time>2026-08-21T16:12:15Z</time>
			</trkpt>
			<trkpt lat="59.95747696622871" lon="30.30343242779878">
				<ele>17.33547767996788</ele>
				<time>2026-08-21T16:12:17Z</time>
			</trkpt>
			<trkpt lat="59.957495697464275" lon="30.303450173961604">
				<ele>15.652981992810965</ele>
				<time>2026-08-21T16:12:18Z</time>
			</trkpt>
			<trkpt lat="59.957485544828714" lon="30.303496531182635">
				<ele>14.977207131683826</ele>
				<time>2026-08-21T16:12:19Z</time>
			</trkpt>
			<trkpt lat="59.95750620270083" lon="30.303527489454517">
				<ele>15.420020209625363</ele>
				<time>2026-08-21T16:12:21Z</time>
			</trkpt>
			<trkpt lat="59.957516444218896" lon="30.303583598367993">
				<ele>14.944909487850964</ele>
				<time>2026-08-21T16:12:23Z</time>
			</trkpt>
			<trkpt lat="59.95752241465328" lon="30.303618921584075">
				<ele>16.12591470219195</ele>
				<time>2026-08-21T16:12:24Z</time>
			</trkpt>
			<trkpt lat="59.95750622518599" lon="30.30365804098586">
				<ele>15.839076900854707</ele>
				<time>2026-08-21T16:12:26Z</time>
			</trkpt>
			<trkpt lat="59.95749883045091" lon="30.303711082353992">
				<ele>14.616658595390618</ele>
				<time>2026-08-21T16:12:29Z</time>
			</trkpt>
			<trkpt lat="59.95748962526542" lon="30.303758841568012">
				<ele>15.724302583374083</ele>
				<time>2026-08-21T16:12:31Z</time>
			</trkpt>
			<trkpt lat="59.9575133560335" lon="30.30377700422149">
				<ele>18.232542823068798</ele>
				<time>2026-08-21T16:12:33Z</time>
			</trkpt>
			<trkpt lat="59.9575141164432" lon="30.30383071917181">
				<ele>16.295060222037137</ele>
				<time>2026-08-21T16:12:34Z</time>
			</trkpt>
			<trkpt lat="59.95751720776905" lon="30.303876752168186">
				<ele>14.96246556378901</ele>
				<time>2026-08-21T16:12:36Z</time>
			</trkpt>
			<trkpt lat="59.95750500033862" lon="30.30392770337714">
				<ele>15.480202064849436</ele>
				<time>2026-08-21T16:12:38Z</time>
			</trkpt>
			<trkpt lat="59.95749886042689" lon="30.30398203472704">
				<ele>15.63612703513354</ele>
				<time>2026-08-21T16:12:39Z</time>
			</trkpt>
			<trkpt lat="59.95749485597035" lon="30.304024863158126">
				<ele>15.568898401223123</ele>
				<time>2026-08-21T16:12:40Z</time>
			</trkpt>
			<trkpt lat="59.95750231156572" lon="30.30407035553701">
				<ele>15.968292146921158</ele>
				<time>2026-08-21T16:12:41Z</time>
			</trkpt>
			<trkpt lat="59.95749346268619" lon="30.304113729832622">
				<ele>15.576935173012316</ele>
				<time>2026-08-21T16:12:44Z</time>
			</trkpt>
			<trkpt lat="59.957492863262566" lon="30.30416872195574">
				<ele>15.999281041324139</ele>
				<time>2026-08-21T16:12:47Z</time>
			</trkpt>
			<trkpt lat="59.95751321460209" lon="30.3041873909816">
				<ele>15.201714956201613</ele>
				<time>2026-08-21T16:12:48Z</time>
			</trkpt>
			<trkpt lat="59.95751305397329" lon="30.304223677181863">
				<ele>15.95651220344007</ele>
				<time>2026-08-21T16:12:49Z</time>
			</trkpt>
			<trkpt lat="59.957521289606326" lon="30.304260929809256">
				<ele>15.914959856308997</ele>
				<time>2026-08-21T16:12:52Z</time>
			</trkpt>
			<trkpt lat="59.95752191523718" lon="30.30434379627246">
				<ele>17.276544970460236</ele>
				<time>2026-08-21T16:12:55Z</time>
			</trkpt>
			<trkpt lat="59.957523710844875" lon="30.30440397666847">
				<ele>16.077312835492194</ele>
				<time>2026-08-21T16:12:57Z</time>
			</trkpt>
			<trkpt lat="59.95752564378585" lon="30.304454477576087">
				<ele>16.95139297377318</ele>
				<time>2026-08-21T16:12:58Z</time>
			</trkpt>
			<trkpt lat="59.95752459023032" lon="30.30449548047011">
				<ele>18.97705707140267</ele>
				<time>2026-08-21T16:13:00Z</time>
			</trkpt>
			<trkpt lat="59.95754386035736" lon="30.30452797782025">
				<ele>18.929167058318853</ele>
				<time>2026-08-21T16:13:01Z</time>
			</trkpt>
			<trkpt lat="59.95755689209427" lon="30.304564252146605">
				<ele>16.46017286647111</ele>
				<time>2026-08-21T16:13:03Z</time>
			</trkpt>
			<trkpt lat="59.957601762087684" lon="30.30457787086758">
				<ele>16.33240218553692</ele>
				<time>2026-08-21T16:13:04Z</time>
			</trkpt>
			<trkpt lat="59.957634315317485" lon="30.304605542287145">
				<ele>16.714098120108247</ele>
				<time>2026-08-21T16:13:06Z</time>
			</trkpt>
			<trkpt lat="59.9576412406872" lon="30.30469789300168">
				<ele>15.978624070063233</ele>
				<time>2026-08-21T16:13:09Z</time>
			</trkpt>
			<trkpt lat="59.957623835005016" lon="30.304711454501003">
				<ele>15.661351195536554</ele>
				<time>2026-08-21T16:13:10Z</time>
			</trkpt>
			<trkpt lat="59.957630986177584" lon="30.30474744490035">
				<ele>15.877193951047957</ele>
				<time>2026-08-21T16:13:12Z</time>
			</trkpt>
			<trkpt lat="59.957652419511575" lon="30.30477367958771">
				<ele>17.519848133437335</ele>
				<time>2026-08-21T16:13:13Z</time>
			</trkpt>
			<trkpt lat="59.95768402019791" lon="30.3048125467717">
				<ele>18.572090532630682</ele>
				<time>2026-08-21T16:13:15Z</time>
			</trkpt>
			<trkpt lat="59.95770690315341" lon="30.304822167876114">
				<ele>17.501436546444893</ele>
				<time>2026-08-21T16:13:16Z</time>
			</trkpt>
			<trkpt lat="59.95772610525952" lon="30.30484652196742">
				<ele>16.501606905832887</ele>
				<time>2026-08-21T16:13:17Z</time>
			</trkpt>
			<trkpt lat="59.957742086794056" lon="30.30486835392192">
				<ele>15.721821730025113</ele>
				<time>2026-08-21T16:13:18Z</time>
			</trkpt>
			<trkpt lat="59.957747544461114" lon="30.304907876249473">
				<ele>16.876166306436062</ele>
				<time>2026-08-21T16:13:19Z</time>
			</trkpt>
			<trkpt lat="59.95777747256211" lon="30.30493747934212">
				<ele>16.22812150698155</ele>
				<time>2026-08-21T16:13:21Z</time>
			</trkpt>
			<trkpt lat="59.957770854393125" lon="30.304971074479194">
				<ele>17.99933516792953</ele>
				<time>2026-08-21T16:13:22Z</time>
			</trkpt>
			<trkpt lat="59.95777216566851" lon="30.30503237261274">
				<ele>16.050016216002405</ele>
				<time>2026-08-21T16:13:24Z</time>
			</trkpt>
			<trkpt lat="59.957781620880866" lon="30.305064202640093">
				<ele>17.074542252346873</ele>
				<time>2026-08-21T16:13:25Z</time>
			</trkpt>
			<trkpt lat="59.95776434473163" lon="30.305116027492165">
				<ele>16.45688546448946</ele>
				<time>2026-08-21T16:13:27Z</time>
			</trkpt>
			<trkpt lat="59.957706065647244" lon="30.305162470224893">
				<ele>15.727508273907006</ele>
				<time>2026-08-21T16:13:28Z</time>
			</trkpt>
			<trkpt lat="59.957674735051924" lon="30.305174211679393">
				<ele>11.656477923505008</ele>
				<time>2026-08-21T16:13:29Z</time>
			</trkpt>
			<trkpt lat="59.957637197086896" lon="30.30520526260793">
				<ele>10.809608969837427</ele>
				<time>2026-08-21T16:13:31Z</time>
			</trkpt>
			<trkpt lat="59.957613228013216" lon="30.305204954511076">
				<ele>11.30021807178855</ele>
				<time>2026-08-21T16:13:32Z</time>
			</trkpt>
			<trkpt lat="59.957592949354705" lon="30.305199323403503">
				<ele>8.714541463181376</ele>
				<time>2026-08-21T16:13:33Z</time>
			</trkpt>
			<trkpt lat="59.95757250268512" lon="30.305203613029718">
				<ele>10.019393490627408</ele>
				<time>2026-08-21T16:13:34Z</time>
			</trkpt>
			<trkpt lat="59.95754684027026" lon="30.30521625173872">
				<ele>8.890090052969754</ele>
				<time>2026-08-21T16:13:36Z</time>
			</trkpt>
			<trkpt lat="59.95752818260502" lon="30.305217334365132">
				<ele>8.598614180460572</ele>
				<time>2026-08-21T16:13:38Z</time>
			</trkpt>
			<trkpt lat="59.95750904571526" lon="30.305260183065858">
				<ele>7.78018279466778</ele>
				<time>2026-08-21T16:13:40Z</time>
			</trkpt>
			<trkpt lat="59.95748717570708" lon="30.305285996190978">
				<ele>7.989105890505016</ele>
				<time>2026-08-21T16:13:42Z</time>
			</trkpt>
			<trkpt lat="59.957464870405026" lon="30.30529668102435">
				<ele>9.390991028398275</ele>
				<time>2026-08-21T16:13:43Z</time>
			</trkpt>
			<trkpt lat="59.95744662472061" lon="30.305309257404275">
				<ele>6.881838385947049</ele>
				<time>2026-08-21T16:13:45Z</time>
			</trkpt>
			<trkpt lat="59.95741311214165" lon="30.305311651889884">
				<ele>6.538439936004579</ele>
				<time>2026-08-21T16:13:47Z</time>
			</trkpt>
			<trkpt lat="59.95737845658778" lon="30.30530547422763">
				<ele>8.302933645434678</ele>
				<time>2026-08-21T16:13:50Z</time>
			</trkpt>
			<trkpt lat="59.95735201270629" lon="30.305315752126628">
				<ele>7.005241619423032</ele>
				<time>2026-08-21T16:13:52Z</time>
			</trkpt>
			<trkpt lat="59.95733108105307" lon="30.305316441056174">
				<ele>8.171612186357379</ele>
				<time>2026-08-21T16:13:54Z</time>
			</trkpt>
			<trkpt lat="59.95731163655975" lon="30.305300878166378">
				<ele>7.709978919476271</ele>
				<time>2026-08-21T16:13:55Z</time>
			</trkpt>
			<trkpt lat="59.957316973453715" lon="30.3053392029613">
				<ele>6.686935546807945</ele>
				<time>2026-08-21T16:13:58Z</time>
			</trkpt>
			<trkpt lat="59.9572856047566" lon="30.305363844514652">
				<ele>7.409332200884819</ele>
				<time>2026-08-21T16:14:00Z</time>
			</trkpt>
			<trkpt lat="59.95725417706843" lon="30.305367388949357">
				<ele>7.146405756473541</ele>
				<time>2026-08-21T16:14:02Z</time>
			</trkpt>
			<trkpt lat="59.9572347908765" lon="30.305402519832544">
				<ele>6.0130089754238725</ele>
				<time>2026-08-21T16:14:04Z</time>
			</trkpt>
			<trkpt lat="59.95720014582457" lon="30.3054328707741">
				<ele>6.0821161437779665</ele>
				<time>2026-08-21T16:14:06Z</time>
			</trkpt>
			<trkpt lat="59.95717952347275" lon="30.305449647354216">
				<ele>6.48134583607316</ele>
				<time>2026-08-21T16:14:07Z</time>
			</trkpt>
			<trkpt lat="59.95715258207486" lon="30.305489004173396">
				<ele>8.431997230276465</ele>
				<time>2026-08-21T16:14:10Z</time>
			</trkpt>
			<trkpt lat="59.957137616617345" lon="30.305516628657106">
				<ele>5.828225287608802</ele>
				<time>2026-08-21T16:14:12Z</time>
			</trkpt>
			<trkpt lat="59.95711762870965" lon="30.305539784888715">
				<ele>6.1822799295187</ele>
				<time>2026-08-21T16:14:14Z</time>
			</trkpt>
			<trkpt lat="59.95711110384441" lon="30.305582956358986">
				<ele>6.651753317564726</ele>
				<time>2026-08-21T16:14:16Z</time>
			</trkpt>
			<trkpt lat="59.95708336401809" lon="30.30560796437356">
				<ele>5.8613122086972</ele>
				<time>2026-08-21T16:14:19Z</time>
			</trkpt>
			<trkpt lat="59.95705769396801" lon="30.30561827250252">
				<ele>6.417223861441016</ele>
				<time>2026-08-21T16:14:20Z</time>
			</trkpt>
			<trkpt lat="59.95703062513837" lon="30.305647472945257">
				<ele>5.840392893180251</ele>
				<time>2026-08-21T16:14:22Z</time>
			</trkpt>
			<trkpt lat="59.95700800090444" lon="30.30566508314973">
				<ele>6.305189928039908</ele>
				<time>2026-08-21T16:14:25Z</time>
			</trkpt>
			<trkpt lat="59.95699413509255" lon="30.305731257841202">
				<ele>6.007826719433069</ele>
				<time>2026-08-21T16:14:27Z</time>
			</trkpt>
			<trkpt lat="59.956984023631804" lon="30.305762800800675">
				<ele>5.937740822322667</ele>
				<time>2026-08-21T16:14:28Z</time>
			</trkpt>
			<trkpt lat="59.95695868133426" lon="30.305778131751598">
				<ele>4.735030655749142</ele>
				<time>2026-08-21T16:14:31Z</time>
			</trkpt>
			<trkpt lat="59.956919702252584" lon="30.305794908512222">
				<ele>6.478144193999469</ele>
				<time>2026-08-21T16:14:34Z</time>
			</trkpt>
			<trkpt lat="59.95693641242399" lon="30.305772208338993">
				<ele>4.410545756109059</ele>
				<time>2026-08-21T16:14:35Z</time>
			</trkpt>
			<trkpt lat="59.95692000080874" lon="30.30579508704014">
				<ele>4.891352446749806</ele>
				<time>2026-08-21T16:14:36Z</time>
			</trkpt>
			<trkpt lat="59.95687646208363" lon="30.30580256590084">
				<ele>3.935216915793717</ele>
				<time>2026-08-21T16:14:37Z</time>
			</trkpt>
			<trkpt lat="59.95683810938325" lon="30.305821540558124">
				<ele>4.722562379203737</ele>
				<time>2026-08-21T16:14:41Z</time>
			</trkpt>
			<trkpt lat="59.95682040365772" lon="30.305805106619662">
				<ele>8.370461873710155</ele>
				<time>2026-08-21T16:14:44Z</time>
			</trkpt>
			<trkpt lat="59.956804995018935" lon="30.305831048364325">
				<ele>5.607750788331032</ele>
				<time>2026-08-21T16:14:47Z</time>
			</trkpt>
			<trkpt lat="59.956784294869635" lon="30.305846313657717">
				<ele>5.694594021886587</ele>
				<time>2026-08-21T16:14:49Z</time>
			</trkpt>
			<trkpt lat="59.95676230283348" lon="30.305843112664544">
				<ele>8.019803007133305</ele>
				<time>2026-08-21T16:14:50Z</time>
			</trkpt>
			<trkpt lat="59.95674130298134" lon="30.305853186772254">
				<ele>7.334550304338336</ele>
				<time>2026-08-21T16:14:52Z</time>
			</trkpt>
			<trkpt lat="59.95676846776609" lon="30.30593500755509">
				<ele>7.402777744457126</ele>
				<time>2026-08-21T16:14:54Z</time>
			</trkpt>
			<trkpt lat="59.956749784206245" lon="30.305920827580568">
				<ele>8.326498042792082</ele>
				<time>2026-08-21T16:14:55Z</time>
			</trkpt>
			<trkpt lat="59.95670059537933" lon="30.30590844720699">
				<ele>7.519627852365375</ele>
				<time>2026-08-21T16:14:57Z</time>
			</trkpt>
			<trkpt lat="59.95665093116296" lon="30.30588073023341">
				<ele>6.138921006582677</ele>
				<time>2026-08-21T16:14:59Z</time>
			</trkpt>
			<trkpt lat="59.95665624745029" lon="30.305938100611083">
				<ele>7.036940559744835</ele>
				<time>2026-08-21T16:15:01Z</time>
			</trkpt>
			<trkpt lat="59.956619662501325" lon="30.30595292164967">
				<ele>8.343768670223653</ele>
				<time>2026-08-21T16:15:02Z</time>
			</trkpt>
			<trkpt lat="59.95661713546921" lon="30.30599634050399">
				<ele>7.264060891233385</ele>
				<time>2026-08-21T16:15:04Z</time>
			</trkpt>
			<trkpt lat="59.9565998462743" lon="30.306008856997018">
				<ele>6.895228939130902</ele>
				<time>2026-08-21T16:15:05Z</time>
			</trkpt>
			<trkpt lat="59.956578641660116" lon="30.306011485697724">
				<ele>7.227294618263841</ele>
				<time>2026-08-21T16:15:06Z</time>
			</trkpt>
			<trkpt lat="59.95655567256506" lon="30.306042917852317">
				<ele>7.250332486815751</ele>
				<time>2026-08-21T16:15:08Z</time>
			</trkpt>
			<trkpt lat="59.95653522197905" lon="30.30608370709577">
				<ele>8.40166094340384</ele>
				<time>2026-08-21T16:15:10Z</time>
			</trkpt>
			<trkpt lat="59.956517254004574" lon="30.306100148165946">
				<ele>8.852221820503473</ele>
				<time>2026-08-21T16:15:16Z</time>
			</trkpt>
			<trkpt lat="59.95649550909511" lon="30.306097563900884">
				<ele>9.7271165298298</ele>
				<time>2026-08-21T16:15:23Z</time>
			</trkpt>
			<trkpt lat="59.95647719236137" lon="30.306130455306683">
				<ele>8.58739328943193</ele>
				<time>2026-08-21T16:15:25Z</time>
			</trkpt>
			<trkpt lat="59.956466642780846" lon="30.306159989651274">
				<ele>8.293057200498879</ele>
				<time>2026-08-21T16:15:27Z</time>
			</trkpt>
			<trkpt lat="59.95644217282193" lon="30.306172578281934">
				<ele>6.613668352365494</ele>
				<time>2026-08-21T16:15:28Z</time>
			</trkpt>
			<trkpt lat="59.95642469867874" lon="30.306181279099786">
				<ele>8.811951445415616</ele>
				<time>2026-08-21T16:15:29Z</time>
			</trkpt>
			<trkpt lat="59.95640584460826" lon="30.306204168706614">
				<ele>7.438340801745653</ele>
				<time>2026-08-21T16:15:30Z</time>
			</trkpt>
			<trkpt lat="59.95636068101166" lon="30.306209938072826">
				<ele>7.33250270690769</ele>
				<time>2026-08-21T16:15:33Z</time>
			</trkpt>
			<trkpt lat="59.95634747716279" lon="30.306254494583794">
				<ele>7.826257616281509</ele>
				<time>2026-08-21T16:15:35Z</time>
			</trkpt>
			<trkpt lat="59.95632343626807" lon="30.306254167789234">
				<ele>6.768883064389229</ele>
				<time>2026-08-21T16:15:37Z</time>
			</trkpt>
			<trkpt lat="59.95630087370385" lon="30.30625425555302">
				<ele>7.090634542517364</ele>
				<time>2026-08-21T16:15:38Z</time>
			</trkpt>
			<trkpt lat="59.9562748447698" lon="30.306264743571695">
				<ele>7.533001733012497</ele>
				<time>2026-08-21T16:15:40Z</time>
			</trkpt>
			<trkpt lat="59.95625057074367" lon="30.30630293159105">
				<ele>8.692074519582093</ele>
				<time>2026-08-21T16:15:42Z</time>
			</trkpt>
			<trkpt lat="59.95623140508387" lon="30.306317123145856">
				<ele>7.917910171672702</ele>
				<time>2026-08-21T16:15:45Z</time>
			</trkpt>
			<trkpt lat="59.956202752708016" lon="30.306313431525922">
				<ele>7.824559626169503</ele>
				<time>2026-08-21T16:15:47Z</time>
			</trkpt>
			<trkpt lat="59.95619221979603" lon="30.306366182139474">
				<ele>8.992718745023012</ele>
				<time>2026-08-21T16:15:49Z</time>
			</trkpt>
			<trkpt lat="59.95621204086581" lon="30.306459787655445">
				<ele>6.700569943524897</ele>
				<time>2026-08-21T16:15:51Z</time>
			</trkpt>
			<trkpt lat="59.956192040477944" lon="30.306463253676977">
				<ele>7.0691226571798325</ele>
				<time>2026-08-21T16:15:53Z</time>
			</trkpt>
			<trkpt lat="59.95619176661431" lon="30.3065326471037">
				<ele>7.932774742133915</ele>
				<time>2026-08-21T16:15:56Z</time>
			</trkpt>
			<trkpt lat="59.956174804011944" lon="30.30654963654255">
				<ele>7.689469024538994</ele>
				<time>2026-08-21T16:15:57Z</time>
			</trkpt>
			<trkpt lat="59.95615272414553" lon="30.30661573451199">
				<ele>7.554167275317013</ele>
				<time>2026-08-21T16:15:59Z</time>
			</trkpt>
			<trkpt lat="59.95613145810112" lon="30.3066421236324">
				<ele>8.367370599880815</ele>
				<time>2026-08-21T16:16:00Z</time>
			</trkpt>
			<trkpt lat="59.95610823224507" lon="30.306639098789812">
				<ele>9.465664310380816</ele>
				<time>2026-08-21T16:16:01Z</time>
			</trkpt>
			<trkpt lat="59.956107106046076" lon="30.306680513661146">
				<ele>7.903744360432029</ele>
				<time>2026-08-21T16:16:03Z</time>
			</trkpt>
			<trkpt lat="59.956081459679844" lon="30.306714405280573">
				<ele>7.753918714821339</ele>
				<time>2026-08-21T16:16:05Z</time>
			</trkpt>
			<trkpt lat="59.95606340973483" lon="30.3067385840452">
				<ele>7.91421346180141</ele>
				<time>2026-08-21T16:16:07Z</time>
			</trkpt>
			<trkpt lat="59.95604329585614" lon="30.306750785303056">
				<ele>7.626248124986887</ele>
				<time>2026-08-21T16:16:08Z</time>
			</trkpt>
			<trkpt lat="59.95602906539332" lon="30.306793196805398">
				<ele>7.60884884186089</ele>
				<time>2026-08-21T16:16:11Z</time>
			</trkpt>
			<trkpt lat="59.956014807719356" lon="30.306823829081033">
				<ele>8.984662272967398</ele>
				<time>2026-08-21T16:16:13Z</time>
			</trkpt>
			<trkpt lat="59.95600543292355" lon="30.306879131547987">
				<ele>7.530661270022392</ele>
				<time>2026-08-21T16:16:16Z</time>
			</trkpt>
			<trkpt lat="59.95598382063157" lon="30.306935178756973">
				<ele>9.327954448759556</ele>
				<time>2026-08-21T16:16:19Z</time>
			</trkpt>
			<trkpt lat="59.955959007993854" lon="30.306970328092525">
				<ele>8.121570682153106</ele>
				<time>2026-08-21T16:16:21Z</time>
			</trkpt>
			<trkpt lat="59.955944450863925" lon="30.307016374674284">
				<ele>7.886301456950605</ele>
				<time>2026-08-21T16:16:23Z</time>
			</trkpt>
			<trkpt lat="59.95592322238289" lon="30.3070379722267">
				<ele>9.893026041798294</ele>
				<time>2026-08-21T16:16:24Z</time>
			</trkpt>
			<trkpt lat="59.95590530861119" lon="30.307070374893122">
				<ele>7.73307566344738</ele>
				<time>2026-08-21T16:16:26Z</time>
			</trkpt>
			<trkpt lat="59.95589430382496" lon="30.30712159238983">
				<ele>8.716037932783365</ele>
				<time>2026-08-21T16:16:28Z</time>
			</trkpt>
			<trkpt lat="59.955884158382" lon="30.307166558236965">
				<ele>8.576664050109684</ele>
				<time>2026-08-21T16:16:29Z</time>
			</trkpt>
			<trkpt lat="59.95587327860972" lon="30.307210807359304">
				<ele>9.139844573102891</ele>
				<time>2026-08-21T16:16:31Z</time>
			</trkpt>
			<trkpt lat="59.95587228197105" lon="30.307265729700156">
				<ele>12.29077071417123</ele>
				<time>2026-08-21T16:16:37Z</time>
			</trkpt>
			<trkpt lat="59.95584337604894" lon="30.307313741872274">
				<ele>6.184182705357671</ele>
				<time>2026-08-21T16:16:40Z</time>
			</trkpt>
			<trkpt lat="59.955816506038865" lon="30.30736495058229">
				<ele>8.729693519882858</ele>
				<time>2026-08-21T16:16:42Z</time>
			</trkpt>
			<trkpt lat="59.955824015036406" lon="30.307448025895106">
				<ele>7.8041797783225775</ele>
				<time>2026-08-21T16:16:44Z</time>
			</trkpt>
			<trkpt lat="59.95583257432545" lon="30.307519139714238">
				<ele>8.980199188925326</ele>
				<time>2026-08-21T16:16:47Z</time>
			</trkpt>
			<trkpt lat="59.955824140905506" lon="30.30755486540715">
				<ele>8.498741270042956</ele>
				<time>2026-08-21T16:16:49Z</time>
			</trkpt>
			<trkpt lat="59.955819529512056" lon="30.3075910187775">
				<ele>8.997711547650397</ele>
				<time>2026-08-21T16:16:51Z</time>
			</trkpt>
			<trkpt lat="59.95582268876079" lon="30.3076497882799">
				<ele>7.084903719834983</ele>
				<time>2026-08-21T16:16:55Z</time>
			</trkpt>
			<trkpt lat="59.955806453937065" lon="30.307675051471172">
				<ele>6.357368388213217</ele>
				<time>2026-08-21T16:16:57Z</time>
			</trkpt>
			<trkpt lat="59.955788219737244" lon="30.307696502679622">
				<ele>6.805490901693702</ele>
				<time>2026-08-21T16:16:58Z</time>
			</trkpt>
			<trkpt lat="59.955777276157555" lon="30.307738836124518">
				<ele>7.427227552048862</ele>
				<time>2026-08-21T16:16:59Z</time>
			</trkpt>
			<trkpt lat="59.95576334144818" lon="30.307777942607828">
				<ele>7.708610255271196</ele>
				<time>2026-08-21T16:17:01Z</time>
			</trkpt>
			<trkpt lat="59.95574181539514" lon="30.30778904821353">
				<ele>7.381590874865651</ele>
				<time>2026-08-21T16:17:02Z</time>
			</trkpt>
			<trkpt lat="59.9557358070361" lon="30.307826480405904">
				<ele>7.1060705576092005</ele>
				<time>2026-08-21T16:17:05Z</time>
			</trkpt>
			<trkpt lat="59.95573504417905" lon="30.30787281289515">
				<ele>7.299159434624016</ele>
				<time>2026-08-21T16:17:06Z</time>
			</trkpt>
			<trkpt lat="59.955701960139685" lon="30.307935884349185">
				<ele>9.340183388441801</ele>
				<time>2026-08-21T16:17:08Z</time>
			</trkpt>
			<trkpt lat="59.955699412347684" lon="30.307978164245217">
				<ele>7.516618279740214</ele>
				<time>2026-08-21T16:17:10Z</time>
			</trkpt>
			<trkpt lat="59.955703949983764" lon="30.308050936250655">
				<ele>7.446097885258496</ele>
				<time>2026-08-21T16:17:12Z</time>
			</trkpt>
			<trkpt lat="59.95568827869605" lon="30.308085518433813">
				<ele>8.68737375922501</ele>
				<time>2026-08-21T16:17:14Z</time>
			</trkpt>
			<trkpt lat="59.95565988286567" lon="30.308123277266883">
				<ele>9.126485668122768</ele>
				<time>2026-08-21T16:17:17Z</time>
			</trkpt>
			<trkpt lat="59.95565271419804" lon="30.30816872785236">
				<ele>8.986842472106218</ele>
				<time>2026-08-21T16:17:19Z</time>
			</trkpt>
			<trkpt lat="59.95562651880005" lon="30.308217277635926">
				<ele>9.037254161201417</ele>
				<time>2026-08-21T16:17:22Z</time>
			</trkpt>
			<trkpt lat="59.955600193261716" lon="30.30824798500475">
				<ele>9.300169673748314</ele>
				<time>2026-08-21T16:17:24Z</time>
			</trkpt>
			<trkpt lat="59.95559159341333" lon="30.308289513850937">
				<ele>7.274226451292634</ele>
				<time>2026-08-21T16:17:27Z</time>
			</trkpt>
			<trkpt lat="59.95557512376622" lon="30.308324959925496">
				<ele>6.271234447136521</ele>
				<time>2026-08-21T16:17:29Z</time>
			</trkpt>
			<trkpt lat="59.95555674550083" lon="30.308361760133">
				<ele>7.922471827827394</ele>
				<time>2026-08-21T16:17:30Z</time>
			</trkpt>
			<trkpt lat="59.95556188476184" lon="30.308435641603403">
				<ele>9.04852200485766</ele>
				<time>2026-08-21T16:17:32Z</time>
			</trkpt>
			<trkpt lat="59.95556696683335" lon="30.308493439896093">
				<ele>7.8761986792087555</ele>
				<time>2026-08-21T16:17:34Z</time>
			</trkpt>
			<trkpt lat="59.955574337582" lon="30.308531556939865">
				<ele>8.669452558271587</ele>
				<time>2026-08-21T16:17:36Z</time>
			</trkpt>
			<trkpt lat="59.95556478199531" lon="30.30856327068341">
				<ele>7.442867494188249</ele>
				<time>2026-08-21T16:17:38Z</time>
			</trkpt>
			<trkpt lat="59.95556809928066" lon="30.308513368699938">
				<ele>6.444392692297697</ele>
				<time>2026-08-21T16:17:48Z</time>
			</trkpt>
			<trkpt lat="59.95556839624165" lon="30.30846899530384">
				<ele>5.896066508255899</ele>
				<time>2026-08-21T16:17:50Z</time>
			</trkpt>
			<trkpt lat="59.955571120440446" lon="30.30841879154966">
				<ele>5.710470324382186</ele>
				<time>2026-08-21T16:17:52Z</time>
			</trkpt>
			<trkpt lat="59.95552667203443" lon="30.30844473803603">
				<ele>4.963359800167382</ele>
				<time>2026-08-21T16:17:55Z</time>
			</trkpt>
			<trkpt lat="59.95549881394732" lon="30.30843308127782">
				<ele>6.0909702172502875</ele>
				<time>2026-08-21T16:17:56Z</time>
			</trkpt>
			<trkpt lat="59.95546698684496" lon="30.308424720833553">
				<ele>6.0754448883235455</ele>
				<time>2026-08-21T16:17:58Z</time>
			</trkpt>
			<trkpt lat="59.95544601276335" lon="30.308428485580656">
				<ele>5.966784390620887</ele>
				<time>2026-08-21T16:18:00Z</time>
			</trkpt>
			<trkpt lat="59.955422873170996" lon="30.30844913025462">
				<ele>4.925340092740953</ele>
				<time>2026-08-21T16:18:01Z</time>
			</trkpt>
			<trkpt lat="59.95540681018208" lon="30.308479638082282">
				<ele>3.918237083591521</ele>
				<time>2026-08-21T16:18:04Z</time>
			</trkpt>
			<trkpt lat="59.95538762477478" lon="30.308515473653205">
				<ele>4.287793314084411</ele>
				<time>2026-08-21T16:18:05Z</time>
			</trkpt>
			<trkpt lat="59.955376013033884" lon="30.30846942283883">
				<ele>4.813700323924422</ele>
				<time>2026-08-21T16:18:08Z</time>
			</trkpt>
			<trkpt lat="59.95535618931425" lon="30.308459892545123">
				<ele>5.973483767360449</ele>
				<time>2026-08-21T16:18:10Z</time>
			</trkpt>
			<trkpt lat="59.955337589945" lon="30.308429500540004">
				<ele>6.874787143431604</ele>
				<time>2026-08-21T16:18:11Z</time>
			</trkpt>
			<trkpt lat="59.95535097774011" lon="30.308379689384452">
				<ele>4.910543596372008</ele>
				<time>2026-08-21T16:18:12Z</time>
			</trkpt>
			<trkpt lat="59.95533331688455" lon="30.308348863066417">
				<ele>4.049609972164035</ele>
				<time>2026-08-21T16:18:14Z</time>
			</trkpt>
			<trkpt lat="59.95531489804201" lon="30.30830144987373">
				<ele>3.7653535855934024</ele>
				<time>2026-08-21T16:18:16Z</time>
			</trkpt>
			<trkpt lat="59.95528205241347" lon="30.308210425913973">
				<ele>5.014004537835717</ele>
				<time>2026-08-21T16:18:19Z</time>
			</trkpt>
			<trkpt lat="59.95528254296954" lon="30.30825062094455">
				<ele>4.465103843249381</ele>
				<time>2026-08-21T16:18:20Z</time>
			</trkpt>
			<trkpt lat="59.95527715825304" lon="30.308202365599676">
				<ele>4.8333869921043515</ele>
				<time>2026-08-21T16:18:22Z</time>
			</trkpt>
			<trkpt lat="59.955255784822896" lon="30.30820626371805">
				<ele>4.41709323041141</ele>
				<time>2026-08-21T16:18:23Z</time>
			</trkpt>
			<trkpt lat="59.95522651539876" lon="30.308154708538066">
				<ele>4.187711292877793</ele>
				<time>2026-08-21T16:18:24Z</time>
			</trkpt>
			<trkpt lat="59.95524056959212" lon="30.308208106156343">
				<ele>5.040778380818665</ele>
				<time>2026-08-21T16:18:25Z</time>
			</trkpt>
			<trkpt lat="59.95523721515042" lon="30.308169978103905">
				<ele>5.650718554854393</ele>
				<time>2026-08-21T16:18:26Z</time>
			</trkpt>
			<trkpt lat="59.955247427387015" lon="30.30812832065155">
				<ele>8.261404358781874</ele>
				<time>2026-08-21T16:18:29Z</time>
			</trkpt>
			<trkpt lat="59.955217890591825" lon="30.308147999669334">
				<ele>9.126569988206029</ele>
				<time>2026-08-21T16:18:31Z</time>
			</trkpt>
			<trkpt lat="59.95523568146793" lon="30.308179443028777">
				<ele>7.603011870756745</ele>
				<time>2026-08-21T16:18:35Z</time>
			</trkpt>
			<trkpt lat="59.955253582447426" lon="30.308189462836314">
				<ele>7.0309293465688825</ele>
				<time>2026-08-21T16:18:39Z</time>
			</trkpt>
			<trkpt lat="59.955246256858295" lon="30.30822405936837">
				<ele>6.274217547848821</ele>
				<time>2026-08-21T16:18:44Z</time>
			</trkpt>
			<trkpt lat="59.95525884902292" lon="30.30819716567462">
				<ele>4.958540217019618</ele>
				<time>2026-08-21T16:18:50Z</time>
			</trkpt>
			<trkpt lat="59.95526638924425" lon="30.30824116241093">
				<ele>5.930925996974111</ele>
				<time>2026-08-21T16:19:00Z</time>
			</trkpt>
			<trkpt lat="59.955284139498225" lon="30.30822644599176">
				<ele>5.55155782122165</ele>
				<time>2026-08-21T16:19:03Z</time>
			</trkpt>
			<trkpt lat="59.955311394928415" lon="30.30821114697119">
				<ele>5.964070199988782</ele>
				<time>2026-08-21T16:19:10Z</time>
			</trkpt>
			<trkpt lat="59.95530482389624" lon="30.308257391526098">
				<ele>8.383077170699835</ele>
				<time>2026-08-21T16:19:15Z</time>
			</trkpt>
		</trkseg>
	</trk>
</gpx>
