<?xml version="1.0" encoding="UTF-8"?>
<gpx xmlns:xsi="http://www.w3.org/2001/XMLSchema-instance" xmlns="http://www.topografix.com/GPX/1/1" xsi:schemaLocation="http://www.topografix.com/GPX/1/1 http://www.topografix.com/GPX/1/1/gpx.xsd" version="1.1" creator="Open GPX Tracker for iOS">
	<trk>
		<trkseg>
			<trkpt lat="59.93194563785561" lon="30.35847242924418">
				<ele>-46.185455322265625</ele>
				<time>2023-10-21T08:48:07Z</time>
			</trkpt>
			<trkpt lat="59.93190427316346" lon="30.358533617137333">
				<ele>-17.57513427734375</ele>
				<time>2023-10-21T08:48:08Z</time>
			</trkpt>
			<trkpt lat="59.93188088765361" lon="30.358561528874894">
				<ele>-19.866058349609375</ele>
				<time>2023-10-21T08:48:09Z</time>
			</trkpt>
			<trkpt lat="59.93185888515779" lon="30.35859120081212">
				<ele>-14.365997314453125</ele>
				<time>2023-10-21T08:48:10Z</time>
			</trkpt>
			<trkpt lat="59.93183621210971" lon="30.358613831950684">
				<ele>-9.9398193359375</ele>
				<time>2023-10-21T08:48:11Z</time>
			</trkpt>
			<trkpt lat="59.93181006057181" lon="30.35863017666187">
				<ele>-7.901123046875</ele>
				<time>2023-10-21T08:48:12Z</time>
			</trkpt>
			<trkpt lat="59.93178784852841" lon="30.358646018458863">
				<ele>-8.2855224609375</ele>
				<time>2023-10-21T08:48:13Z</time>
			</trkpt>
			<trkpt lat="59.93176848633208" lon="30.358663201360365">
				<ele>-7.490814208984375</ele>
				<time>2023-10-21T08:48:14Z</time>
			</trkpt>
			<trkpt lat="59.93174753157415" lon="30.35869480113532">
				<ele>-6.54278564453125</ele>
				<time>2023-10-21T08:48:16Z</time>
			</trkpt>
			<trkpt lat="59.931723224054956" lon="30.358754145009776">
				<ele>-4.34515380859375</ele>
				<time>2023-10-21T08:48:18Z</time>
			</trkpt>
			<trkpt lat="59.931694038887514" lon="30.35881890096392">
				<ele>-4.536769513972104</ele>
				<time>2023-10-21T08:48:20Z</time>
			</trkpt>
			<trkpt lat="59.931657728585485" lon="30.358844713858225">
				<ele>-3.691634743474424</ele>
				<time>2023-10-21T08:48:21Z</time>
			</trkpt>
			<trkpt lat="59.931629672750724" lon="30.358867431381455">
				<ele>-0.25543749891221523</ele>
				<time>2023-10-21T08:48:22Z</time>
			</trkpt>
			<trkpt lat="59.931603929716246" lon="30.358873357970875">
				<ele>1.4073221161961555</ele>
				<time>2023-10-21T08:48:23Z</time>
			</trkpt>
			<trkpt lat="59.93157754888241" lon="30.358903988653168">
				<ele>3.1838629143312573</ele>
				<time>2023-10-21T08:48:24Z</time>
			</trkpt>
			<trkpt lat="59.931556046636594" lon="30.35893600079998">
				<ele>4.400959241203964</ele>
				<time>2023-10-21T08:48:25Z</time>
			</trkpt>
			<trkpt lat="59.93153842797583" lon="30.358969099711015">
				<ele>7.772102573886514</ele>
				<time>2023-10-21T08:48:26Z</time>
			</trkpt>
			<trkpt lat="59.93151951902846" lon="30.358991471991438">
				<ele>7.880123325623572</ele>
				<time>2023-10-21T08:48:27Z</time>
			</trkpt>
			<trkpt lat="59.93150068435495" lon="30.359014609602713">
				<ele>8.659420183859766</ele>
				<time>2023-10-21T08:48:28Z</time>
			</trkpt>
			<trkpt lat="59.93147787422242" lon="30.359043594618257">
				<ele>9.09776136931032</ele>
				<time>2023-10-21T08:48:29Z</time>
			</trkpt>
			<trkpt lat="59.931451339140764" lon="30.359067761810092">
				<ele>10.195158218033612</ele>
				<time>2023-10-21T08:48:30Z</time>
			</trkpt>
			<trkpt lat="59.93140899088173" lon="30.35911490310239">
				<ele>8.99628477357328</ele>
				<time>2023-10-21T08:48:31Z</time>
			</trkpt>
			<trkpt lat="59.93134130867962" lon="30.359195999136443">
				<ele>9.591952781192958</ele>
				<time>2023-10-21T08:48:32Z</time>
			</trkpt>
			<trkpt lat="59.931306802374266" lon="30.359208415375388">
				<ele>7.740674476139247</ele>
				<time>2023-10-21T08:48:33Z</time>
			</trkpt>
			<trkpt lat="59.93129352254162" lon="30.359208411209956">
				<ele>8.093868494033813</ele>
				<time>2023-10-21T08:48:35Z</time>
			</trkpt>
			<trkpt lat="59.93127776780816" lon="30.359257415376767">
				<ele>8.369566238485277</ele>
				<time>2023-10-21T08:48:37Z</time>
			</trkpt>
			<trkpt lat="59.931104376987825" lon="30.359318426630626">
				<ele>3.1431271452456713</ele>
				<time>2023-10-21T08:48:39Z</time>
			</trkpt>
			<trkpt lat="59.93109663896507" lon="30.35937708859218">
				<ele>5.416855816729367</ele>
				<time>2023-10-21T08:48:41Z</time>
			</trkpt>
			<trkpt lat="59.931087588310355" lon="30.359380987318623">
				<ele>4.401717062108219</ele>
				<time>2023-10-21T08:48:43Z</time>
			</trkpt>
			<trkpt lat="59.93108291987891" lon="30.35941973123198">
				<ele>5.110657094977796</ele>
				<time>2023-10-21T08:48:44Z</time>
			</trkpt>
			<trkpt lat="59.931070679706885" lon="30.35944873205137">
				<ele>3.857484825886786</ele>
				<time>2023-10-21T08:48:47Z</time>
			</trkpt>
			<trkpt lat="59.93107670955418" lon="30.359487081432203">
				<ele>5.858817921020091</ele>
				<time>2023-10-21T08:48:49Z</time>
			</trkpt>
			<trkpt lat="59.93107089609719" lon="30.359567818428136">
				<ele>10.145882642827928</ele>
				<time>2023-10-21T08:48:52Z</time>
			</trkpt>
			<trkpt lat="59.93108073590091" lon="30.359626545015836">
				<ele>11.492733012884855</ele>
				<time>2023-10-21T08:48:54Z</time>
			</trkpt>
			<trkpt lat="59.93107688646584" lon="30.35968714190161">
				<ele>11.624191561713815</ele>
				<time>2023-10-21T08:48:56Z</time>
			</trkpt>
			<trkpt lat="59.93107928263587" lon="30.359734486787474">
				<ele>12.75406061951071</ele>
				<time>2023-10-21T08:48:58Z</time>
			</trkpt>
			<trkpt lat="59.93107859939678" lon="30.359791105447982">
				<ele>14.80474629253149</ele>
				<time>2023-10-21T08:49:00Z</time>
			</trkpt>
			<trkpt lat="59.931074926286016" lon="30.35983170267036">
				<ele>16.252527387812734</ele>
				<time>2023-10-21T08:49:02Z</time>
			</trkpt>
			<trkpt lat="59.93106701804598" lon="30.359877793437207">
				<ele>17.83019720390439</ele>
				<time>2023-10-21T08:49:04Z</time>
			</trkpt>
			<trkpt lat="59.93105296892625" lon="30.359915849446956">
				<ele>18.1475310632959</ele>
				<time>2023-10-21T08:49:06Z</time>
			</trkpt>
			<trkpt lat="59.93104501462705" lon="30.359968856917646">
				<ele>19.04914228618145</ele>
				<time>2023-10-21T08:49:08Z</time>
			</trkpt>
			<trkpt lat="59.93104320208186" lon="30.3600254685389">
				<ele>19.593518387526274</ele>
				<time>2023-10-21T08:49:10Z</time>
			</trkpt>
			<trkpt lat="59.931034216279684" lon="30.360067838486792">
				<ele>18.474250476807356</ele>
				<time>2023-10-21T08:49:12Z</time>
			</trkpt>
			<trkpt lat="59.93103496349978" lon="30.360117087031533">
				<ele>17.447706970386207</ele>
				<time>2023-10-21T08:49:14Z</time>
			</trkpt>
			<trkpt lat="59.93103795727831" lon="30.36016971665119">
				<ele>18.75713629461825</ele>
				<time>2023-10-21T08:49:16Z</time>
			</trkpt>
			<trkpt lat="59.9310352001143" lon="30.360226265763057">
				<ele>19.689374839887023</ele>
				<time>2023-10-21T08:49:18Z</time>
			</trkpt>
			<trkpt lat="59.931026538162875" lon="30.36027164011438">
				<ele>19.38107447884977</ele>
				<time>2023-10-21T08:49:20Z</time>
			</trkpt>
			<trkpt lat="59.931014571213986" lon="30.360326975950734">
				<ele>19.090597870759666</ele>
				<time>2023-10-21T08:49:22Z</time>
			</trkpt>
			<trkpt lat="59.9310109011075" lon="30.360371770630472">
				<ele>19.956072824075818</ele>
				<time>2023-10-21T08:49:24Z</time>
			</trkpt>
			<trkpt lat="59.931003664265816" lon="30.360413727626344">
				<ele>19.322986794635653</ele>
				<time>2023-10-21T08:49:26Z</time>
			</trkpt>
			<trkpt lat="59.93100951538069" lon="30.360454022071767">
				<ele>18.544342604465783</ele>
				<time>2023-10-21T08:49:29Z</time>
			</trkpt>
			<trkpt lat="59.93102592624534" lon="30.360472910554392">
				<ele>18.66990067344159</ele>
				<time>2023-10-21T08:49:30Z</time>
			</trkpt>
			<trkpt lat="59.93104465126216" lon="30.360494154735335">
				<ele>22.21648266259581</ele>
				<time>2023-10-21T08:49:32Z</time>
			</trkpt>
			<trkpt lat="59.93102526510503" lon="30.36050077616738">
				<ele>19.7905514864251</ele>
				<time>2023-10-21T08:49:59Z</time>
			</trkpt>
			<trkpt lat="59.93100658135978" lon="30.360571781534688">
				<ele>19.320385514758527</ele>
				<time>2023-10-21T08:50:18Z</time>
			</trkpt>
			<trkpt lat="59.93102098510085" lon="30.360503611561924">
				<ele>19.13968710321933</ele>
				<time>2023-10-21T08:50:45Z</time>
			</trkpt>
			<trkpt lat="59.93101759061988" lon="30.36056332330654">
				<ele>24.219747819006443</ele>
				<time>2023-10-21T08:51:14Z</time>
			</trkpt>
			<trkpt lat="59.931038352992495" lon="30.360583171136142">
				<ele>24.669303691014647</ele>
				<time>2023-10-21T08:51:27Z</time>
			</trkpt>
			<trkpt lat="59.93107263150514" lon="30.36059077285641">
				<ele>24.788607405498624</ele>
				<time>2023-10-21T08:51:29Z</time>
			</trkpt>
			<trkpt lat="59.93109073087252" lon="30.360599901123177">
				<ele>24.95820760168135</ele>
				<time>2023-10-21T08:51:30Z</time>
			</trkpt>
			<trkpt lat="59.93110969155021" lon="30.360607074990394">
				<ele>24.33780407346785</ele>
				<time>2023-10-21T08:51:31Z</time>
			</trkpt>
			<trkpt lat="59.93114598325615" lon="30.360592594437904">
				<ele>23.835700675845146</ele>
				<time>2023-10-21T08:51:33Z</time>
			</trkpt>
			<trkpt lat="59.93116672836639" lon="30.36058538438876">
				<ele>23.2478512134403</ele>
				<time>2023-10-21T08:51:34Z</time>
			</trkpt>
			<trkpt lat="59.93119654980826" lon="30.36058961647915">
				<ele>21.569831299595535</ele>
				<time>2023-10-21T08:51:37Z</time>
			</trkpt>
			<trkpt lat="59.93123304719681" lon="30.360577835551183">
				<ele>22.71853920351714</ele>
				<time>2023-10-21T08:51:39Z</time>
			</trkpt>
			<trkpt lat="59.931267860010394" lon="30.360587563193686">
				<ele>23.059588722884655</ele>
				<time>2023-10-21T08:51:41Z</time>
			</trkpt>
			<trkpt lat="59.93129013934033" lon="30.360619783696155">
				<ele>21.234084360301495</ele>
				<time>2023-10-21T08:51:43Z</time>
			</trkpt>
			<trkpt lat="59.931309386395405" lon="30.360633455226193">
				<ele>20.354078660719097</ele>
				<time>2023-10-21T08:51:45Z</time>
			</trkpt>
			<trkpt lat="59.9313449869767" lon="30.36064478844795">
				<ele>19.79096816573292</ele>
				<time>2023-10-21T08:51:47Z</time>
			</trkpt>
			<trkpt lat="59.931362678972704" lon="30.360674409639504">
				<ele>19.302916365675628</ele>
				<time>2023-10-21T08:51:49Z</time>
			</trkpt>
			<trkpt lat="59.931400010470185" lon="30.360692640762988">
				<ele>17.173616434447467</ele>
				<time>2023-10-21T08:51:52Z</time>
			</trkpt>
			<trkpt lat="59.93142560777145" lon="30.36072243825164">
				<ele>18.792881604284048</ele>
				<time>2023-10-21T08:51:54Z</time>
			</trkpt>
			<trkpt lat="59.931449794680915" lon="30.360757657384177">
				<ele>19.589747897349298</ele>
				<time>2023-10-21T08:51:56Z</time>
			</trkpt>
			<trkpt lat="59.931472918837926" lon="30.36077282063844">
				<ele>19.20011891145259</ele>
				<time>2023-10-21T08:51:58Z</time>
			</trkpt>
			<trkpt lat="59.931498926640884" lon="30.360788715525214">
				<ele>19.452806591056287</ele>
				<time>2023-10-21T08:52:00Z</time>
			</trkpt>
			<trkpt lat="59.93152838124076" lon="30.360811867625053">
				<ele>19.358691385015845</ele>
				<time>2023-10-21T08:52:02Z</time>
			</trkpt>
			<trkpt lat="59.93153757640984" lon="30.360857166819983">
				<ele>18.632466662675142</ele>
				<time>2023-10-21T08:52:04Z</time>
			</trkpt>
			<trkpt lat="59.93155937403056" lon="30.360826580360474">
				<ele>18.358976214192808</ele>
				<time>2023-10-21T08:52:05Z</time>
			</trkpt>
			<trkpt lat="59.93158475818397" lon="30.360831760047667">
				<ele>17.935428192839026</ele>
				<time>2023-10-21T08:52:07Z</time>
			</trkpt>
			<trkpt lat="59.93161700995465" lon="30.360861846227866">
				<ele>17.994888346642256</ele>
				<time>2023-10-21T08:52:09Z</time>
			</trkpt>
			<trkpt lat="59.93164033705094" lon="30.360857338019663">
				<ele>17.803565414622426</ele>
				<time>2023-10-21T08:52:11Z</time>
			</trkpt>
			<trkpt lat="59.931666170118035" lon="30.360863275377874">
				<ele>17.424477696418762</ele>
				<time>2023-10-21T08:52:13Z</time>
			</trkpt>
			<trkpt lat="59.931698455891656" lon="30.360902585661027">
				<ele>19.445497328415513</ele>
				<time>2023-10-21T08:52:15Z</time>
			</trkpt>
			<trkpt lat="59.93172177525482" lon="30.360903189743517">
				<ele>16.67951330449432</ele>
				<time>2023-10-21T08:52:17Z</time>
			</trkpt>
			<trkpt lat="59.9317463612109" lon="30.36092114463733">
				<ele>15.909875731915236</ele>
				<time>2023-10-21T08:52:19Z</time>
			</trkpt>
			<trkpt lat="59.93177550464814" lon="30.36099371432711">
				<ele>21.283499902114272</ele>
				<time>2023-10-21T08:52:21Z</time>
			</trkpt>
			<trkpt lat="59.93179528690972" lon="30.361010739803348">
				<ele>19.65122963860631</ele>
				<time>2023-10-21T08:52:23Z</time>
			</trkpt>
			<trkpt lat="59.931812517811075" lon="30.361021976085773">
				<ele>19.548015655949712</ele>
				<time>2023-10-21T08:52:24Z</time>
			</trkpt>
			<trkpt lat="59.93182377197644" lon="30.361062133381168">
				<ele>19.195587747730315</ele>
				<time>2023-10-21T08:52:26Z</time>
			</trkpt>
			<trkpt lat="59.93183217352065" lon="30.36109867449991">
				<ele>20.02060723863542</ele>
				<time>2023-10-21T08:52:27Z</time>
			</trkpt>
			<trkpt lat="59.93181193692042" lon="30.361151053259746">
				<ele>16.16462454944849</ele>
				<time>2023-10-21T08:52:29Z</time>
			</trkpt>
			<trkpt lat="59.93180497988497" lon="30.361189863243226">
				<ele>15.162431862205267</ele>
				<time>2023-10-21T08:52:30Z</time>
			</trkpt>
			<trkpt lat="59.93179808256665" lon="30.361255859696325">
				<ele>14.2876595556736</ele>
				<time>2023-10-21T08:52:32Z</time>
			</trkpt>
			<trkpt lat="59.93178200816302" lon="30.361296622904042">
				<ele>12.611436766572297</ele>
				<time>2023-10-21T08:52:34Z</time>
			</trkpt>
			<trkpt lat="59.93177186152499" lon="30.361349043989">
				<ele>12.443308508954942</ele>
				<time>2023-10-21T08:52:36Z</time>
			</trkpt>
			<trkpt lat="59.93176642920171" lon="30.361383811527375">
				<ele>12.130004247650504</ele>
				<time>2023-10-21T08:52:38Z</time>
			</trkpt>
			<trkpt lat="59.931754117677954" lon="30.361441050303046">
				<ele>12.247020785696805</ele>
				<time>2023-10-21T08:52:40Z</time>
			</trkpt>
			<trkpt lat="59.931752000219284" lon="30.361477634244874">
				<ele>12.685089897364378</ele>
				<time>2023-10-21T08:52:41Z</time>
			</trkpt>
			<trkpt lat="59.931737494532" lon="30.361506378711006">
				<ele>12.550479967147112</ele>
				<time>2023-10-21T08:52:42Z</time>
			</trkpt>
			<trkpt lat="59.93172209383728" lon="30.3615344223692">
				<ele>11.920519166626036</ele>
				<time>2023-10-21T08:52:43Z</time>
			</trkpt>
			<trkpt lat="59.931709506176986" lon="30.36158020071678">
				<ele>11.768723380751908</ele>
				<time>2023-10-21T08:52:45Z</time>
			</trkpt>
			<trkpt lat="59.93170224481172" lon="30.361656263484036">
				<ele>12.059673389419913</ele>
				<time>2023-10-21T08:52:47Z</time>
			</trkpt>
			<trkpt lat="59.931690238805714" lon="30.361722634471974">
				<ele>14.235846638679504</ele>
				<time>2023-10-21T08:52:49Z</time>
			</trkpt>
			<trkpt lat="59.93167952217209" lon="30.36176816638986">
				<ele>13.76863108575344</ele>
				<time>2023-10-21T08:52:51Z</time>
			</trkpt>
			<trkpt lat="59.93166088021829" lon="30.361812461916095">
				<ele>12.530548281036317</ele>
				<time>2023-10-21T08:52:53Z</time>
			</trkpt>
			<trkpt lat="59.93164964717576" lon="30.36184838682779">
				<ele>11.666900595650077</ele>
				<time>2023-10-21T08:52:55Z</time>
			</trkpt>
			<trkpt lat="59.93163921094339" lon="30.361883149575338">
				<ele>11.18777812924236</ele>
				<time>2023-10-21T08:52:57Z</time>
			</trkpt>
			<trkpt lat="59.93164336244315" lon="30.361924531388826">
				<ele>11.575261759571731</ele>
				<time>2023-10-21T08:52:58Z</time>
			</trkpt>
			<trkpt lat="59.93163571438858" lon="30.36196997479447">
				<ele>10.576727057807148</ele>
				<time>2023-10-21T08:52:59Z</time>
			</trkpt>
			<trkpt lat="59.93164109889227" lon="30.362042751314377">
				<ele>9.898451237939298</ele>
				<time>2023-10-21T08:53:01Z</time>
			</trkpt>
			<trkpt lat="59.93162890708442" lon="30.36209901452755">
				<ele>10.484029209241271</ele>
				<time>2023-10-21T08:53:03Z</time>
			</trkpt>
			<trkpt lat="59.931612257490876" lon="30.362119025144533">
				<ele>11.550857375375926</ele>
				<time>2023-10-21T08:53:04Z</time>
			</trkpt>
			<trkpt lat="59.93160429776572" lon="30.362158068004657">
				<ele>11.156116402707994</ele>
				<time>2023-10-21T08:53:05Z</time>
			</trkpt>
			<trkpt lat="59.93159140741335" lon="30.362215281218308">
				<ele>10.918339028023183</ele>
				<time>2023-10-21T08:53:07Z</time>
			</trkpt>
			<trkpt lat="59.931572469094675" lon="30.36224996371553">
				<ele>10.935330593027174</ele>
				<time>2023-10-21T08:53:09Z</time>
			</trkpt>
			<trkpt lat="59.931556966696064" lon="30.36227412486702">
				<ele>11.08603526186198</ele>
				<time>2023-10-21T08:53:10Z</time>
			</trkpt>
			<trkpt lat="59.9315466958374" lon="30.362311068935053">
				<ele>10.377947042696178</ele>
				<time>2023-10-21T08:53:12Z</time>
			</trkpt>
			<trkpt lat="59.931530049570604" lon="30.36233576636691">
				<ele>10.789949788711965</ele>
				<time>2023-10-21T08:53:14Z</time>
			</trkpt>
			<trkpt lat="59.93152110531969" lon="30.362377207638243">
				<ele>10.235183048062027</ele>
				<time>2023-10-21T08:53:16Z</time>
			</trkpt>
			<trkpt lat="59.93150491539999" lon="30.36240810588401">
				<ele>8.556348245590925</ele>
				<time>2023-10-21T08:53:18Z</time>
			</trkpt>
			<trkpt lat="59.93148945515875" lon="30.362469629701113">
				<ele>8.587660065852106</ele>
				<time>2023-10-21T08:53:20Z</time>
			</trkpt>
			<trkpt lat="59.931473425530555" lon="30.362490103714517">
				<ele>9.119489503093064</ele>
				<time>2023-10-21T08:53:21Z</time>
			</trkpt>
			<trkpt lat="59.9314526153199" lon="30.36254209280542">
				<ele>10.115144840441644</ele>
				<time>2023-10-21T08:53:23Z</time>
			</trkpt>
			<trkpt lat="59.93143833552297" lon="30.362584267271803">
				<ele>9.39106502942741</ele>
				<time>2023-10-21T08:53:25Z</time>
			</trkpt>
			<trkpt lat="59.93141868263774" lon="30.36261175404732">
				<ele>8.885115773417056</ele>
				<time>2023-10-21T08:53:27Z</time>
			</trkpt>
			<trkpt lat="59.93140341305599" lon="30.362660419394153">
				<ele>8.591511062346399</ele>
				<time>2023-10-21T08:53:29Z</time>
			</trkpt>
			<trkpt lat="59.93137376603528" lon="30.362692132264698">
				<ele>11.719587036408484</ele>
				<time>2023-10-21T08:53:31Z</time>
			</trkpt>
			<trkpt lat="59.93135683077211" lon="30.362707241482543">
				<ele>12.837005527690053</ele>
				<time>2023-10-21T08:53:32Z</time>
			</trkpt>
			<trkpt lat="59.9313406903157" lon="30.3627387700026">
				<ele>12.633636249229312</ele>
				<time>2023-10-21T08:53:33Z</time>
			</trkpt>
			<trkpt lat="59.93133442247236" lon="30.36278571472525">
				<ele>11.999641742557287</ele>
				<time>2023-10-21T08:53:35Z</time>
			</trkpt>
			<trkpt lat="59.93132619544342" lon="30.362820475817035">
				<ele>12.042319916188717</ele>
				<time>2023-10-21T08:53:37Z</time>
			</trkpt>
			<trkpt lat="59.931308833912695" lon="30.36285898247706">
				<ele>13.200863604433835</ele>
				<time>2023-10-21T08:53:38Z</time>
			</trkpt>
			<trkpt lat="59.931289673774096" lon="30.362903315263303">
				<ele>12.8367775734514</ele>
				<time>2023-10-21T08:53:40Z</time>
			</trkpt>
			<trkpt lat="59.931269145649715" lon="30.36287060663154">
				<ele>11.540670172311366</ele>
				<time>2023-10-21T08:53:42Z</time>
			</trkpt>
			<trkpt lat="59.93125008300456" lon="30.362861790189847">
				<ele>11.862672606483102</ele>
				<time>2023-10-21T08:53:44Z</time>
			</trkpt>
			<trkpt lat="59.93124150397848" lon="30.36290964685613">
				<ele>11.931770941242576</ele>
				<time>2023-10-21T08:53:46Z</time>
			</trkpt>
			<trkpt lat="59.931227537063606" lon="30.362939854037364">
				<ele>11.86811528261751</ele>
				<time>2023-10-21T08:53:47Z</time>
			</trkpt>
			<trkpt lat="59.93121122529175" lon="30.362995792767382">
				<ele>10.69219882786274</ele>
				<time>2023-10-21T08:53:49Z</time>
			</trkpt>
			<trkpt lat="59.931194286371" lon="30.36302301295426">
				<ele>10.489222996868193</ele>
				<time>2023-10-21T08:53:51Z</time>
			</trkpt>
			<trkpt lat="59.93117458890067" lon="30.3631016338653">
				<ele>10.129445022903383</ele>
				<time>2023-10-21T08:53:53Z</time>
			</trkpt>
			<trkpt lat="59.9311576229072" lon="30.36316929871779">
				<ele>11.064926459454</ele>
				<time>2023-10-21T08:53:55Z</time>
			</trkpt>
			<trkpt lat="59.93113919758636" lon="30.3632007068337">
				<ele>9.484866487793624</ele>
				<time>2023-10-21T08:53:57Z</time>
			</trkpt>
			<trkpt lat="59.93109417168402" lon="30.36328416890483">
				<ele>11.134135076776147</ele>
				<time>2023-10-21T08:53:59Z</time>
			</trkpt>
			<trkpt lat="59.93108639483176" lon="30.363321920543537">
				<ele>11.188909316435456</ele>
				<time>2023-10-21T08:54:00Z</time>
			</trkpt>
			<trkpt lat="59.931146858063336" lon="30.363343669733915">
				<ele>11.325930829159915</ele>
				<time>2023-10-21T08:54:01Z</time>
			</trkpt>
			<trkpt lat="59.93113603501979" lon="30.36337619285552">
				<ele>14.233801458030939</ele>
				<time>2023-10-21T08:54:02Z</time>
			</trkpt>
			<trkpt lat="59.93111607085909" lon="30.363395662689665">
				<ele>15.992429424077272</ele>
				<time>2023-10-21T08:54:03Z</time>
			</trkpt>
			<trkpt lat="59.93108416634082" lon="30.36336832517295">
				<ele>13.669830893166363</ele>
				<time>2023-10-21T08:54:04Z</time>
			</trkpt>
			<trkpt lat="59.93105903208133" lon="30.3633820109914">
				<ele>14.320846091024578</ele>
				<time>2023-10-21T08:54:06Z</time>
			</trkpt>
			<trkpt lat="59.93103876570697" lon="30.363390682888113">
				<ele>14.089487660676241</ele>
				<time>2023-10-21T08:54:08Z</time>
			</trkpt>
			<trkpt lat="59.931026093678504" lon="30.36341612256738">
				<ele>12.959444749169052</ele>
				<time>2023-10-21T08:54:15Z</time>
			</trkpt>
			<trkpt lat="59.93100407646489" lon="30.36340431865543">
				<ele>13.08835482224822</ele>
				<time>2023-10-21T08:54:19Z</time>
			</trkpt>
			<trkpt lat="59.930984524303916" lon="30.36337979679459">
				<ele>15.09506271313876</ele>
				<time>2023-10-21T08:54:40Z</time>
			</trkpt>
			<trkpt lat="59.93095659264717" lon="30.363328844884865">
				<ele>15.40669290162623</ele>
				<time>2023-10-21T08:54:42Z</time>
			</trkpt>
			<trkpt lat="59.930934881545525" lon="30.3633397996184">
				<ele>14.97984718810767</ele>
				<time>2023-10-21T08:54:44Z</time>
			</trkpt>
			<trkpt lat="59.93091285387874" lon="30.363332127645883">
				<ele>15.841365902684629</ele>
				<time>2023-10-21T08:54:45Z</time>
			</trkpt>
			<trkpt lat="59.930894943691655" lon="30.363329078246725">
				<ele>15.840532562695444</ele>
				<time>2023-10-21T08:54:51Z</time>
			</trkpt>
			<trkpt lat="59.93089158970517" lon="30.36336564468886">
				<ele>16.15443217754364</ele>
				<time>2023-10-21T08:54:52Z</time>
			</trkpt>
			<trkpt lat="59.93089632741597" lon="30.363405601071374">
				<ele>15.267533101141453</ele>
				<time>2023-10-21T08:54:53Z</time>
			</trkpt>
			<trkpt lat="59.93090189507353" lon="30.36346220331953">
				<ele>14.36434284504503</ele>
				<time>2023-10-21T08:54:55Z</time>
			</trkpt>
			<trkpt lat="59.93085113571659" lon="30.363496679761234">
				<ele>14.025584252551198</ele>
				<time>2023-10-21T08:54:57Z</time>
			</trkpt>
			<trkpt lat="59.93082101709627" lon="30.363540115050814">
				<ele>14.295311632566154</ele>
				<time>2023-10-21T08:54:58Z</time>
			</trkpt>
			<trkpt lat="59.93083001353627" lon="30.36360255261653">
				<ele>15.768575540743768</ele>
				<time>2023-10-21T08:54:59Z</time>
			</trkpt>
			<trkpt lat="59.930827699940544" lon="30.363649824503035">
				<ele>11.978862166404724</ele>
				<time>2023-10-21T08:55:02Z</time>
			</trkpt>
			<trkpt lat="59.9308075178179" lon="30.363670073935353">
				<ele>11.793283395469189</ele>
				<time>2023-10-21T08:55:03Z</time>
			</trkpt>
			<trkpt lat="59.930805192265666" lon="30.363689592027807">
				<ele>11.270116096362472</ele>
				<time>2023-10-21T08:55:05Z</time>
			</trkpt>
			<trkpt lat="59.93078939097424" lon="30.363744879434613">
				<ele>13.586791943758726</ele>
				<time>2023-10-21T08:55:07Z</time>
			</trkpt>
			<trkpt lat="59.9307828482643" lon="30.363778309055164">
				<ele>10.03912274632603</ele>
				<time>2023-10-21T08:55:08Z</time>
			</trkpt>
			<trkpt lat="59.93080027745866" lon="30.363833756751415">
				<ele>13.534232946112752</ele>
				<time>2023-10-21T08:55:11Z</time>
			</trkpt>
			<trkpt lat="59.93079845484817" lon="30.363872233871053">
				<ele>13.097218723967671</ele>
				<time>2023-10-21T08:55:13Z</time>
			</trkpt>
			<trkpt lat="59.93077801349862" lon="30.3638516789154">
				<ele>13.499894175678492</ele>
				<time>2023-10-21T08:55:19Z</time>
			</trkpt>
			<trkpt lat="59.93080159173397" lon="30.363919685537184">
				<ele>10.897766450420022</ele>
				<time>2023-10-21T08:55:22Z</time>
			</trkpt>
			<trkpt lat="59.93078311349202" lon="30.36399037788747">
				<ele>12.36817015800625</ele>
				<time>2023-10-21T08:55:24Z</time>
			</trkpt>
			<trkpt lat="59.93077278472775" lon="30.36404650842947">
				<ele>11.838666154071689</ele>
				<time>2023-10-21T08:55:26Z</time>
			</trkpt>
			<trkpt lat="59.9307508962302" lon="30.364089289079576">
				<ele>11.677148384973407</ele>
				<time>2023-10-21T08:55:28Z</time>
			</trkpt>
			<trkpt lat="59.93075506496456" lon="30.364139267718834">
				<ele>10.872838834300637</ele>
				<time>2023-10-21T08:55:30Z</time>
			</trkpt>
			<trkpt lat="59.93076730374925" lon="30.364193582136657">
				<ele>11.385551636107266</ele>
				<time>2023-10-21T08:55:32Z</time>
			</trkpt>
			<trkpt lat="59.930758929921886" lon="30.364232851907296">
				<ele>10.84914776403457</ele>
				<time>2023-10-21T08:55:34Z</time>
			</trkpt>
			<trkpt lat="59.93073898315201" lon="30.364283625680457">
				<ele>11.05422592163086</ele>
				<time>2023-10-21T08:55:37Z</time>
			</trkpt>
			<trkpt lat="59.93070526451794" lon="30.364295238011472">
				<ele>12.603988336399198</ele>
				<time>2023-10-21T08:55:38Z</time>
			</trkpt>
			<trkpt lat="59.93070507131132" lon="30.364339165618734">
				<ele>12.374734489247203</ele>
				<time>2023-10-21T08:55:40Z</time>
			</trkpt>
			<trkpt lat="59.930694715931864" lon="30.364392168228292">
				<ele>12.229823951609433</ele>
				<time>2023-10-21T08:55:42Z</time>
			</trkpt>
			<trkpt lat="59.93067308178064" lon="30.364433136963296">
				<ele>13.831035563722253</ele>
				<time>2023-10-21T08:55:45Z</time>
			</trkpt>
			<trkpt lat="59.93064904552057" lon="30.364479858250743">
				<ele>13.501193569041789</ele>
				<time>2023-10-21T08:55:47Z</time>
			</trkpt>
			<trkpt lat="59.93064249345729" lon="30.36453133620488">
				<ele>12.790209997445345</ele>
				<time>2023-10-21T08:55:49Z</time>
			</trkpt>
			<trkpt lat="59.9306287508486" lon="30.364580278666253">
				<ele>12.920801253058016</ele>
				<time>2023-10-21T08:55:51Z</time>
			</trkpt>
			<trkpt lat="59.93063252590161" lon="30.364637593086748">
				<ele>11.972198249772191</ele>
				<time>2023-10-21T08:55:53Z</time>
			</trkpt>
			<trkpt lat="59.93061710079577" lon="30.364685646902032">
				<ele>11.753472507931292</ele>
				<time>2023-10-21T08:55:55Z</time>
			</trkpt>
			<trkpt lat="59.93060689504782" lon="30.364729442289">
				<ele>10.324763586744666</ele>
				<time>2023-10-21T08:55:57Z</time>
			</trkpt>
			<trkpt lat="59.930593873319765" lon="30.36477319209016">
				<ele>9.750777836889029</ele>
				<time>2023-10-21T08:55:58Z</time>
			</trkpt>
			<trkpt lat="59.930608898815045" lon="30.364797409785666">
				<ele>9.056604355573654</ele>
				<time>2023-10-21T08:55:59Z</time>
			</trkpt>
			<trkpt lat="59.93062813138728" lon="30.364805137470004">
				<ele>9.45526867825538</ele>
				<time>2023-10-21T08:56:01Z</time>
			</trkpt>
			<trkpt lat="59.93062821132161" lon="30.364845304646046">
				<ele>8.188246281817555</ele>
				<time>2023-10-21T08:56:03Z</time>
			</trkpt>
			<trkpt lat="59.93062269418339" lon="30.36488818390614">
				<ele>10.126998065039515</ele>
				<time>2023-10-21T08:56:05Z</time>
			</trkpt>
			<trkpt lat="59.93062047130428" lon="30.364932615689813">
				<ele>11.24583482183516</ele>
				<time>2023-10-21T08:56:07Z</time>
			</trkpt>
			<trkpt lat="59.93060262575952" lon="30.364972962584893">
				<ele>10.944683717563748</ele>
				<time>2023-10-21T08:56:08Z</time>
			</trkpt>
			<trkpt lat="59.930626023682635" lon="30.36500930680655">
				<ele>10.44237282127142</ele>
				<time>2023-10-21T08:56:09Z</time>
			</trkpt>
			<trkpt lat="59.93061163722887" lon="30.365041152018616">
				<ele>10.286470531485975</ele>
				<time>2023-10-21T08:56:10Z</time>
			</trkpt>
			<trkpt lat="59.93060396888641" lon="30.365102485851086">
				<ele>10.014048934914172</ele>
				<time>2023-10-21T08:56:11Z</time>
			</trkpt>
			<trkpt lat="59.930430741021425" lon="30.36520771186754">
				<ele>8.281812706962228</ele>
				<time>2023-10-21T08:56:12Z</time>
			</trkpt>
			<trkpt lat="59.93036561065322" lon="30.365247858701416">
				<ele>7.771328713744879</ele>
				<time>2023-10-21T08:56:13Z</time>
			</trkpt>
			<trkpt lat="59.93041248643866" lon="30.365283979382415">
				<ele>7.296287130564451</ele>
				<time>2023-10-21T08:56:15Z</time>
			</trkpt>
			<trkpt lat="59.9304513032226" lon="30.36529219014089">
				<ele>7.430960834957659</ele>
				<time>2023-10-21T08:56:16Z</time>
			</trkpt>
			<trkpt lat="59.930479970762114" lon="30.36530619694361">
				<ele>7.720160926692188</ele>
				<time>2023-10-21T08:56:17Z</time>
			</trkpt>
			<trkpt lat="59.93050761193761" lon="30.36531418106504">
				<ele>8.171948447823524</ele>
				<time>2023-10-21T08:56:18Z</time>
			</trkpt>
			<trkpt lat="59.93053084329103" lon="30.36530429080634">
				<ele>8.903365570120513</ele>
				<time>2023-10-21T08:56:19Z</time>
			</trkpt>
			<trkpt lat="59.93055795562196" lon="30.36534253543007">
				<ele>10.124248136766255</ele>
				<time>2023-10-21T08:56:21Z</time>
			</trkpt>
			<trkpt lat="59.930579894588206" lon="30.365373889251085">
				<ele>10.779167897999287</ele>
				<time>2023-10-21T08:56:23Z</time>
			</trkpt>
			<trkpt lat="59.93059157328591" lon="30.365426272592664">
				<ele>10.863448651507497</ele>
				<time>2023-10-21T08:56:25Z</time>
			</trkpt>
			<trkpt lat="59.93061759813156" lon="30.365436474194876">
				<ele>11.127555198036134</ele>
				<time>2023-10-21T08:56:26Z</time>
			</trkpt>
			<trkpt lat="59.93062790224488" lon="30.365470829334164">
				<ele>11.277350819669664</ele>
				<time>2023-10-21T08:56:27Z</time>
			</trkpt>
			<trkpt lat="59.930651167641635" lon="30.365502910403066">
				<ele>10.506397084333003</ele>
				<time>2023-10-21T08:56:28Z</time>
			</trkpt>
			<trkpt lat="59.9306786350678" lon="30.365547058415615">
				<ele>12.11539472360164</ele>
				<time>2023-10-21T08:56:29Z</time>
			</trkpt>
			<trkpt lat="59.930699067897095" lon="30.365585696814975">
				<ele>14.275387019850314</ele>
				<time>2023-10-21T08:56:30Z</time>
			</trkpt>
			<trkpt lat="59.93071836106212" lon="30.365629589286208">
				<ele>15.019747294485569</ele>
				<time>2023-10-21T08:56:31Z</time>
			</trkpt>
			<trkpt lat="59.93072519505124" lon="30.365684111047383">
				<ele>12.046181400306523</ele>
				<time>2023-10-21T08:56:33Z</time>
			</trkpt>
			<trkpt lat="59.93073823243687" lon="30.365711462976915">
				<ele>12.843989225104451</ele>
				<time>2023-10-21T08:56:34Z</time>
			</trkpt>
			<trkpt lat="59.93076492447364" lon="30.365737217339095">
				<ele>13.913619906641543</ele>
				<time>2023-10-21T08:56:35Z</time>
			</trkpt>
			<trkpt lat="59.93077549069843" lon="30.365770016592094">
				<ele>17.09980849456042</ele>
				<time>2023-10-21T08:56:38Z</time>
			</trkpt>
			<trkpt lat="59.93079370469508" lon="30.365824469895365">
				<ele>18.894221824593842</ele>
				<time>2023-10-21T08:56:41Z</time>
			</trkpt>
			<trkpt lat="59.930797462328876" lon="30.36586077620588">
				<ele>18.146732376888394</ele>
				<time>2023-10-21T08:56:43Z</time>
			</trkpt>
			<trkpt lat="59.93077711077772" lon="30.365853587159656">
				<ele>18.117264940403402</ele>
				<time>2023-10-21T08:56:45Z</time>
			</trkpt>
			<trkpt lat="59.93075803302364" lon="30.36586761261953">
				<ele>17.82542794663459</ele>
				<time>2023-10-21T08:56:48Z</time>
			</trkpt>
			<trkpt lat="59.93076124857197" lon="30.365830950767105">
				<ele>16.179764029569924</ele>
				<time>2023-10-21T08:56:51Z</time>
			</trkpt>
			<trkpt lat="59.93078251037313" lon="30.365785808195465">
				<ele>16.432213163934648</ele>
				<time>2023-10-21T08:56:52Z</time>
			</trkpt>
			<trkpt lat="59.93075631693006" lon="30.365798975378414">
				<ele>14.681330299004912</ele>
				<time>2023-10-21T08:56:56Z</time>
			</trkpt>
			<trkpt lat="59.93076999866585" lon="30.36582226215553">
				<ele>18.372988405637443</ele>
				<time>2023-10-21T08:57:01Z</time>
			</trkpt>
			<trkpt lat="59.93076275827853" lon="30.366024367970894">
				<ele>29.09265569318086</ele>
				<time>2023-10-21T08:57:31Z</time>
			</trkpt>
			<trkpt lat="59.93074330380082" lon="30.365988609625045">
				<ele>35.26138215046376</ele>
				<time>2023-10-21T08:57:52Z</time>
			</trkpt>
			<trkpt lat="59.9307623478172" lon="30.366030665069978">
				<ele>37.026649246923625</ele>
				<time>2023-10-21T08:58:00Z</time>
			</trkpt>
			<trkpt lat="59.93073265419752" lon="30.36606486364664">
				<ele>45.8955397978425</ele>
				<time>2023-10-21T08:58:22Z</time>
			</trkpt>
			<trkpt lat="59.93070481833695" lon="30.366154296977317">
				<ele>43.987878325395286</ele>
				<time>2023-10-21T08:58:39Z</time>
			</trkpt>
			<trkpt lat="59.93067698946509" lon="30.366162702840686">
				<ele>49.04502953309566</ele>
				<time>2023-10-21T08:58:41Z</time>
			</trkpt>
			<trkpt lat="59.930659939045526" lon="30.36619269247999">
				<ele>45.2872418705374</ele>
				<time>2023-10-21T08:58:42Z</time>
			</trkpt>
			<trkpt lat="59.93068062164127" lon="30.366212000473173">
				<ele>47.71365197841078</ele>
				<time>2023-10-21T08:58:44Z</time>
			</trkpt>
			<trkpt lat="59.930661347984554" lon="30.36617315086119">
				<ele>46.48237527627498</ele>
				<time>2023-10-21T08:58:46Z</time>
			</trkpt>
			<trkpt lat="59.930641166913475" lon="30.366152402892766">
				<ele>47.477295332588255</ele>
				<time>2023-10-21T08:58:47Z</time>
			</trkpt>
			<trkpt lat="59.93062240830233" lon="30.366117899771123">
				<ele>44.93046974297613</ele>
				<time>2023-10-21T08:58:48Z</time>
			</trkpt>
			<trkpt lat="59.93058874332718" lon="30.366116858680005">
				<ele>43.92305575776845</ele>
				<time>2023-10-21T08:58:49Z</time>
			</trkpt>
			<trkpt lat="59.93056907974223" lon="30.36613699105035">
				<ele>42.14242686703801</ele>
				<time>2023-10-21T08:58:50Z</time>
			</trkpt>
			<trkpt lat="59.93058255548532" lon="30.36616642185518">
				<ele>39.95371830649674</ele>
				<time>2023-10-21T08:58:51Z</time>
			</trkpt>
			<trkpt lat="59.93058958504805" lon="30.366216533480195">
				<ele>37.405553398653865</ele>
				<time>2023-10-21T08:58:52Z</time>
			</trkpt>
			<trkpt lat="59.93057587746557" lon="30.3662687501618">
				<ele>34.72423161007464</ele>
				<time>2023-10-21T08:58:54Z</time>
			</trkpt>
			<trkpt lat="59.93057867063806" lon="30.36630661188453">
				<ele>31.946780721656978</ele>
				<time>2023-10-21T08:58:55Z</time>
			</trkpt>
			<trkpt lat="59.93055289140563" lon="30.36633932839045">
				<ele>29.381016118451953</ele>
				<time>2023-10-21T08:58:57Z</time>
			</trkpt>
			<trkpt lat="59.93050007397897" lon="30.36628308251202">
				<ele>29.6515229428187</ele>
				<time>2023-10-21T08:58:58Z</time>
			</trkpt>
			<trkpt lat="59.930476036080634" lon="30.366288681085713">
				<ele>29.931716293096542</ele>
				<time>2023-10-21T08:58:59Z</time>
			</trkpt>
			<trkpt lat="59.930452433974466" lon="30.366292476494408">
				<ele>29.24039240926504</ele>
				<time>2023-10-21T08:59:00Z</time>
			</trkpt>
			<trkpt lat="59.93044072302357" lon="30.366360186517156">
				<ele>26.462761072441936</ele>
				<time>2023-10-21T08:59:03Z</time>
			</trkpt>
			<trkpt lat="59.930440612538085" lon="30.366409416876454">
				<ele>25.918610184453428</ele>
				<time>2023-10-21T08:59:04Z</time>
			</trkpt>
			<trkpt lat="59.930414643570096" lon="30.366436520242214">
				<ele>27.271347669884562</ele>
				<time>2023-10-21T08:59:05Z</time>
			</trkpt>
			<trkpt lat="59.930395554273595" lon="30.366443931874112">
				<ele>27.159670469351113</ele>
				<time>2023-10-21T08:59:06Z</time>
			</trkpt>
			<trkpt lat="59.93036608395312" lon="30.36649070918371">
				<ele>25.005316115915775</ele>
				<time>2023-10-21T08:59:08Z</time>
			</trkpt>
			<trkpt lat="59.930380587999096" lon="30.366558630896446">
				<ele>22.172463825903833</ele>
				<time>2023-10-21T08:59:10Z</time>
			</trkpt>
			<trkpt lat="59.93038268110432" lon="30.366601817114258">
				<ele>21.449222740717232</ele>
				<time>2023-10-21T08:59:11Z</time>
			</trkpt>
			<trkpt lat="59.93031989047397" lon="30.366572829226808">
				<ele>20.616772514767945</ele>
				<time>2023-10-21T08:59:12Z</time>
			</trkpt>
			<trkpt lat="59.93033152889636" lon="30.366616964086337">
				<ele>21.02479523047805</ele>
				<time>2023-10-21T08:59:14Z</time>
			</trkpt>
			<trkpt lat="59.93034059513414" lon="30.366684299037384">
				<ele>19.937294100411236</ele>
				<time>2023-10-21T08:59:16Z</time>
			</trkpt>
			<trkpt lat="59.930293972464376" lon="30.366654810381487">
				<ele>20.82071975618601</ele>
				<time>2023-10-21T08:59:17Z</time>
			</trkpt>
			<trkpt lat="59.9302707280729" lon="30.366689297894524">
				<ele>23.256099834106863</ele>
				<time>2023-10-21T08:59:19Z</time>
			</trkpt>
			<trkpt lat="59.93024782221201" lon="30.36670506985241">
				<ele>24.2566752191633</ele>
				<time>2023-10-21T08:59:20Z</time>
			</trkpt>
			<trkpt lat="59.93024972819427" lon="30.366813037938453">
				<ele>23.07863794080913</ele>
				<time>2023-10-21T08:59:22Z</time>
			</trkpt>
			<trkpt lat="59.930267454154205" lon="30.366864139977455">
				<ele>22.835171597078443</ele>
				<time>2023-10-21T08:59:23Z</time>
			</trkpt>
			<trkpt lat="59.93030181524925" lon="30.366892947005585">
				<ele>20.71731334924698</ele>
				<time>2023-10-21T08:59:24Z</time>
			</trkpt>
			<trkpt lat="59.93031615078247" lon="30.366954152891164">
				<ele>22.036971394903958</ele>
				<time>2023-10-21T08:59:26Z</time>
			</trkpt>
			<trkpt lat="59.93031798191162" lon="30.367009131076756">
				<ele>17.43681208230555</ele>
				<time>2023-10-21T08:59:28Z</time>
			</trkpt>
			<trkpt lat="59.93030924466875" lon="30.367053889702543">
				<ele>17.27066030073911</ele>
				<time>2023-10-21T08:59:29Z</time>
			</trkpt>
			<trkpt lat="59.93029767441039" lon="30.367106701758285">
				<ele>17.273804180324078</ele>
				<time>2023-10-21T08:59:31Z</time>
			</trkpt>
			<trkpt lat="59.93028172243682" lon="30.36715818826071">
				<ele>15.855653719045222</ele>
				<time>2023-10-21T08:59:33Z</time>
			</trkpt>
			<trkpt lat="59.930265077725004" lon="30.36717743176528">
				<ele>16.75713301729411</ele>
				<time>2023-10-21T08:59:34Z</time>
			</trkpt>
			<trkpt lat="59.930239553482956" lon="30.367205872218616">
				<ele>14.662171049974859</ele>
				<time>2023-10-21T08:59:36Z</time>
			</trkpt>
			<trkpt lat="59.93022827012985" lon="30.36725730407188">
				<ele>15.883788166567683</ele>
				<time>2023-10-21T08:59:38Z</time>
			</trkpt>
			<trkpt lat="59.930235769350936" lon="30.367292430076407">
				<ele>15.538868147879839</ele>
				<time>2023-10-21T08:59:39Z</time>
			</trkpt>
			<trkpt lat="59.93023536279968" lon="30.36734813186361">
				<ele>15.154265290126204</ele>
				<time>2023-10-21T08:59:41Z</time>
			</trkpt>
			<trkpt lat="59.93021201671048" lon="30.367371558840198">
				<ele>15.64179282169789</ele>
				<time>2023-10-21T08:59:42Z</time>
			</trkpt>
			<trkpt lat="59.930187483314164" lon="30.367397335274617">
				<ele>16.331120538525283</ele>
				<time>2023-10-21T08:59:43Z</time>
			</trkpt>
			<trkpt lat="59.93006892122399" lon="30.367278003241456">
				<ele>20.091748759150505</ele>
				<time>2023-10-21T08:59:44Z</time>
			</trkpt>
			<trkpt lat="59.9300775029054" lon="30.36735824967699">
				<ele>20.454159842804074</ele>
				<time>2023-10-21T08:59:47Z</time>
			</trkpt>
			<trkpt lat="59.93005385927755" lon="30.367351265484928">
				<ele>21.090690402314067</ele>
				<time>2023-10-21T08:59:48Z</time>
			</trkpt>
			<trkpt lat="59.93004215048521" lon="30.36740352623223">
				<ele>19.94960373546928</ele>
				<time>2023-10-21T08:59:50Z</time>
			</trkpt>
			<trkpt lat="59.93002551669562" lon="30.367449132131313">
				<ele>18.12503174878657</ele>
				<time>2023-10-21T08:59:52Z</time>
			</trkpt>
			<trkpt lat="59.93000097790921" lon="30.3674470095191">
				<ele>17.971462414599955</ele>
				<time>2023-10-21T08:59:53Z</time>
			</trkpt>
			<trkpt lat="59.93001006847971" lon="30.367520768003217">
				<ele>19.97219188231975</ele>
				<time>2023-10-21T08:59:55Z</time>
			</trkpt>
			<trkpt lat="59.93001741687402" lon="30.367573656137054">
				<ele>18.806138374842703</ele>
				<time>2023-10-21T08:59:56Z</time>
			</trkpt>
			<trkpt lat="59.93001123917648" lon="30.367635978914585">
				<ele>17.718489645048976</ele>
				<time>2023-10-21T08:59:58Z</time>
			</trkpt>
			<trkpt lat="59.93000145194069" lon="30.367687674775294">
				<ele>17.962277160957456</ele>
				<time>2023-10-21T09:00:00Z</time>
			</trkpt>
			<trkpt lat="59.92999594987888" lon="30.367762714542803">
				<ele>16.910568663850427</ele>
				<time>2023-10-21T09:00:02Z</time>
			</trkpt>
			<trkpt lat="59.9299826766776" lon="30.36780333994662">
				<ele>16.36297071631998</ele>
				<time>2023-10-21T09:00:04Z</time>
			</trkpt>
			<trkpt lat="59.929970982923756" lon="30.36783838814572">
				<ele>16.54393434431404</ele>
				<time>2023-10-21T09:00:06Z</time>
			</trkpt>
			<trkpt lat="59.92994584492573" lon="30.36785741439728">
				<ele>16.902269129641354</ele>
				<time>2023-10-21T09:00:08Z</time>
			</trkpt>
			<trkpt lat="59.92993177676479" lon="30.367899040892507">
				<ele>18.096601581200957</ele>
				<time>2023-10-21T09:00:10Z</time>
			</trkpt>
			<trkpt lat="59.92991966260806" lon="30.367940965284433">
				<ele>15.746965358033776</ele>
				<time>2023-10-21T09:00:12Z</time>
			</trkpt>
			<trkpt lat="59.92990053499768" lon="30.367990263998962">
				<ele>12.525501125492156</ele>
				<time>2023-10-21T09:00:14Z</time>
			</trkpt>
			<trkpt lat="59.92986606588749" lon="30.368040090342955">
				<ele>14.473859797231853</ele>
				<time>2023-10-21T09:00:16Z</time>
			</trkpt>
			<trkpt lat="59.92970561416959" lon="30.36791398955758">
				<ele>17.781131656840444</ele>
				<time>2023-10-21T09:00:17Z</time>
			</trkpt>
			<trkpt lat="59.92978838474902" lon="30.368001096753595">
				<ele>17.904687263071537</ele>
				<time>2023-10-21T09:00:18Z</time>
			</trkpt>
			<trkpt lat="59.92980770973679" lon="30.36806758953709">
				<ele>18.348872734233737</ele>
				<time>2023-10-21T09:00:19Z</time>
			</trkpt>
			<trkpt lat="59.92982353302391" lon="30.368109092966225">
				<ele>17.994493662379682</ele>
				<time>2023-10-21T09:00:20Z</time>
			</trkpt>
			<trkpt lat="59.92984335195311" lon="30.368158105905444">
				<ele>16.688927969895303</ele>
				<time>2023-10-21T09:00:21Z</time>
			</trkpt>
			<trkpt lat="59.92980995333181" lon="30.36815342730696">
				<ele>18.125636398792267</ele>
				<time>2023-10-21T09:00:22Z</time>
			</trkpt>
			<trkpt lat="59.92976664922909" lon="30.36814017793744">
				<ele>20.232819859869778</ele>
				<time>2023-10-21T09:00:23Z</time>
			</trkpt>
			<trkpt lat="59.929730456686215" lon="30.36812069848192">
				<ele>22.282592616043985</ele>
				<time>2023-10-21T09:00:24Z</time>
			</trkpt>
			<trkpt lat="59.92973929333342" lon="30.368159248278843">
				<ele>23.25114011298865</ele>
				<time>2023-10-21T09:00:25Z</time>
			</trkpt>
			<trkpt lat="59.92975185732668" lon="30.36821507232607">
				<ele>23.22411810234189</ele>
				<time>2023-10-21T09:00:26Z</time>
			</trkpt>
			<trkpt lat="59.929765471067554" lon="30.368260734064314">
				<ele>22.26930650230497</ele>
				<time>2023-10-21T09:00:27Z</time>
			</trkpt>
			<trkpt lat="59.92973143422527" lon="30.36827388287968">
				<ele>23.330145496875048</ele>
				<time>2023-10-21T09:00:29Z</time>
			</trkpt>
			<trkpt lat="59.92972536522374" lon="30.36834852219224">
				<ele>22.343448175117373</ele>
				<time>2023-10-21T09:00:31Z</time>
			</trkpt>
			<trkpt lat="59.9297344413166" lon="30.36839878478196">
				<ele>21.40173762757331</ele>
				<time>2023-10-21T09:00:32Z</time>
			</trkpt>
			<trkpt lat="59.92967061595233" lon="30.368353453121987">
				<ele>22.242801105603576</ele>
				<time>2023-10-21T09:00:33Z</time>
			</trkpt>
			<trkpt lat="59.92965214672798" lon="30.368358129305026">
				<ele>23.071528372354805</ele>
				<time>2023-10-21T09:00:34Z</time>
			</trkpt>
			<trkpt lat="59.92966303817404" lon="30.36841049602425">
				<ele>22.063959184102714</ele>
				<time>2023-10-21T09:00:35Z</time>
			</trkpt>
			<trkpt lat="59.929629730707155" lon="30.368407431619225">
				<ele>23.446796945296228</ele>
				<time>2023-10-21T09:00:36Z</time>
			</trkpt>
			<trkpt lat="59.929609643124486" lon="30.36840715918391">
				<ele>23.787544773891568</ele>
				<time>2023-10-21T09:00:37Z</time>
			</trkpt>
			<trkpt lat="59.92959039797139" lon="30.36841531169079">
				<ele>23.861540934070945</ele>
				<time>2023-10-21T09:00:38Z</time>
			</trkpt>
			<trkpt lat="59.92956742995201" lon="30.36841165599798">
				<ele>24.45463371835649</ele>
				<time>2023-10-21T09:00:39Z</time>
			</trkpt>
			<trkpt lat="59.92954814588569" lon="30.36842012809785">
				<ele>25.452872337773442</ele>
				<time>2023-10-21T09:00:40Z</time>
			</trkpt>
			<trkpt lat="59.92953115836655" lon="30.368438975616026">
				<ele>26.74606319144368</ele>
				<time>2023-10-21T09:00:41Z</time>
			</trkpt>
			<trkpt lat="59.929502867631975" lon="30.368483435715795">
				<ele>27.53316443413496</ele>
				<time>2023-10-21T09:00:43Z</time>
			</trkpt>
			<trkpt lat="59.929510078426574" lon="30.368538107346183">
				<ele>27.20161483064294</ele>
				<time>2023-10-21T09:00:45Z</time>
			</trkpt>
			<trkpt lat="59.9295105648382" lon="30.36859679745441">
				<ele>28.776963409036398</ele>
				<time>2023-10-21T09:00:47Z</time>
			</trkpt>
			<trkpt lat="59.92950393902729" lon="30.368638352036417">
				<ele>27.90710749849677</ele>
				<time>2023-10-21T09:00:49Z</time>
			</trkpt>
			<trkpt lat="59.9295205871037" lon="30.36872916049743">
				<ele>28.40763060282916</ele>
				<time>2023-10-21T09:00:51Z</time>
			</trkpt>
			<trkpt lat="59.92952322282509" lon="30.368806909327446">
				<ele>30.149193338118494</ele>
				<time>2023-10-21T09:00:53Z</time>
			</trkpt>
			<trkpt lat="59.92955750673638" lon="30.368902038828754">
				<ele>26.742793458513916</ele>
				<time>2023-10-21T09:00:55Z</time>
			</trkpt>
			<trkpt lat="59.929574843149865" lon="30.36896212339781">
				<ele>22.080560172908008</ele>
				<time>2023-10-21T09:00:56Z</time>
			</trkpt>
			<trkpt lat="59.92958790118037" lon="30.368993734685652">
				<ele>20.813899666070938</ele>
				<time>2023-10-21T09:00:57Z</time>
			</trkpt>
			<trkpt lat="59.929587450109025" lon="30.36903779414347">
				<ele>19.99437535647303</ele>
				<time>2023-10-21T09:00:58Z</time>
			</trkpt>
			<trkpt lat="59.92957260562827" lon="30.36908783676132">
				<ele>18.781400655396283</ele>
				<time>2023-10-21T09:01:00Z</time>
			</trkpt>
			<trkpt lat="59.92954441072839" lon="30.36911037300793">
				<ele>17.072155667468905</ele>
				<time>2023-10-21T09:01:02Z</time>
			</trkpt>
			<trkpt lat="59.929517163979206" lon="30.36913558056072">
				<ele>17.816279298625886</ele>
				<time>2023-10-21T09:01:04Z</time>
			</trkpt>
			<trkpt lat="59.92951978462454" lon="30.369179039345386">
				<ele>17.061599073931575</ele>
				<time>2023-10-21T09:01:05Z</time>
			</trkpt>
			<trkpt lat="59.92950415099647" lon="30.36921282377564">
				<ele>15.805066789500415</ele>
				<time>2023-10-21T09:01:07Z</time>
			</trkpt>
			<trkpt lat="59.929485800970525" lon="30.369223241773394">
				<ele>16.011778975836933</ele>
				<time>2023-10-21T09:01:08Z</time>
			</trkpt>
			<trkpt lat="59.929496927836915" lon="30.369281277006188">
				<ele>14.126657872460783</ele>
				<time>2023-10-21T09:01:10Z</time>
			</trkpt>
			<trkpt lat="59.929497191801474" lon="30.369318881607196">
				<ele>11.660673736594617</ele>
				<time>2023-10-21T09:01:12Z</time>
			</trkpt>
			<trkpt lat="59.92950010442235" lon="30.369380098731494">
				<ele>11.454199356026947</ele>
				<time>2023-10-21T09:01:14Z</time>
			</trkpt>
			<trkpt lat="59.92952449969141" lon="30.36942828330344">
				<ele>10.006286439485848</ele>
				<time>2023-10-21T09:01:16Z</time>
			</trkpt>
			<trkpt lat="59.92952700078034" lon="30.369474930787757">
				<ele>10.198349193669856</ele>
				<time>2023-10-21T09:01:18Z</time>
			</trkpt>
			<trkpt lat="59.92951090947934" lon="30.369506456725254">
				<ele>10.31438265927136</ele>
				<time>2023-10-21T09:01:19Z</time>
			</trkpt>
			<trkpt lat="59.92951606047178" lon="30.369542271153275">
				<ele>9.972707488574088</ele>
				<time>2023-10-21T09:01:20Z</time>
			</trkpt>
			<trkpt lat="59.92952435448823" lon="30.369601620489405">
				<ele>10.032155417837203</ele>
				<time>2023-10-21T09:01:22Z</time>
			</trkpt>
			<trkpt lat="59.929524539073306" lon="30.36967009912612">
				<ele>10.663121156394482</ele>
				<time>2023-10-21T09:01:24Z</time>
			</trkpt>
			<trkpt lat="59.92951797599548" lon="30.3697261907161">
				<ele>10.115788988769054</ele>
				<time>2023-10-21T09:01:26Z</time>
			</trkpt>
			<trkpt lat="59.929534476250815" lon="30.369761123904407">
				<ele>10.757096922025084</ele>
				<time>2023-10-21T09:01:28Z</time>
			</trkpt>
			<trkpt lat="59.929554225862525" lon="30.369796938017796">
				<ele>10.058508013375103</ele>
				<time>2023-10-21T09:01:30Z</time>
			</trkpt>
			<trkpt lat="59.92953066926444" lon="30.369845353766358">
				<ele>8.349419789388776</ele>
				<time>2023-10-21T09:01:32Z</time>
			</trkpt>
			<trkpt lat="59.92954134649304" lon="30.369881132104243">
				<ele>7.805118660442531</ele>
				<time>2023-10-21T09:01:34Z</time>
			</trkpt>
			<trkpt lat="59.929550423498476" lon="30.369950689368505">
				<ele>11.31745720282197</ele>
				<time>2023-10-21T09:01:36Z</time>
			</trkpt>
			<trkpt lat="59.929566383537455" lon="30.370002452938277">
				<ele>9.834995516575873</ele>
				<time>2023-10-21T09:01:39Z</time>
			</trkpt>
			<trkpt lat="59.92955035627594" lon="30.370053684334206">
				<ele>10.019522074609995</ele>
				<time>2023-10-21T09:01:41Z</time>
			</trkpt>
			<trkpt lat="59.929566157447624" lon="30.370088964475077">
				<ele>9.27818389236927</ele>
				<time>2023-10-21T09:01:43Z</time>
			</trkpt>
			<trkpt lat="59.92956023522455" lon="30.3701322208265">
				<ele>9.152471726760268</ele>
				<time>2023-10-21T09:01:44Z</time>
			</trkpt>
			<trkpt lat="59.92957097441773" lon="30.370161400149662">
				<ele>9.04672640748322</ele>
				<time>2023-10-21T09:01:45Z</time>
			</trkpt>
			<trkpt lat="59.92957049129437" lon="30.37020062410367">
				<ele>8.924791159108281</ele>
				<time>2023-10-21T09:01:47Z</time>
			</trkpt>
			<trkpt lat="59.929578616654936" lon="30.370246990135207">
				<ele>9.44891908671707</ele>
				<time>2023-10-21T09:01:49Z</time>
			</trkpt>
			<trkpt lat="59.92959402571822" lon="30.37029311173255">
				<ele>10.17498411424458</ele>
				<time>2023-10-21T09:01:51Z</time>
			</trkpt>
			<trkpt lat="59.929590587353665" lon="30.37033631026674">
				<ele>5.547487967647612</ele>
				<time>2023-10-21T09:01:54Z</time>
			</trkpt>
			<trkpt lat="59.929601957812" lon="30.37037489135226">
				<ele>6.420608022250235</ele>
				<time>2023-10-21T09:01:56Z</time>
			</trkpt>
			<trkpt lat="59.9296051793634" lon="30.370414504776363">
				<ele>5.543860570527613</ele>
				<time>2023-10-21T09:01:58Z</time>
			</trkpt>
			<trkpt lat="59.9296118860721" lon="30.370466329223454">
				<ele>8.585413699038327</ele>
				<time>2023-10-21T09:02:00Z</time>
			</trkpt>
			<trkpt lat="59.92960432355953" lon="30.37051751574622">
				<ele>8.227743927389383</ele>
				<time>2023-10-21T09:02:02Z</time>
			</trkpt>
			<trkpt lat="59.92960899740697" lon="30.370570348005323">
				<ele>7.869029661640525</ele>
				<time>2023-10-21T09:02:04Z</time>
			</trkpt>
			<trkpt lat="59.929627752329104" lon="30.370618362625986">
				<ele>8.604004816152155</ele>
				<time>2023-10-21T09:02:06Z</time>
			</trkpt>
			<trkpt lat="59.92964549970783" lon="30.37063563330855">
				<ele>7.806293925270438</ele>
				<time>2023-10-21T09:02:07Z</time>
			</trkpt>
			<trkpt lat="59.929661661813576" lon="30.37065222025616">
				<ele>8.112793110311031</ele>
				<time>2023-10-21T09:02:08Z</time>
			</trkpt>
			<trkpt lat="59.929659490126454" lon="30.37069163736306">
				<ele>10.259985715150833</ele>
				<time>2023-10-21T09:02:09Z</time>
			</trkpt>
			<trkpt lat="59.92965704067668" lon="30.37073284043898">
				<ele>7.675807590596378</ele>
				<time>2023-10-21T09:02:11Z</time>
			</trkpt>
			<trkpt lat="59.92966614531341" lon="30.370768672802303">
				<ele>7.1684875171631575</ele>
				<time>2023-10-21T09:02:13Z</time>
			</trkpt>
			<trkpt lat="59.929666968673274" lon="30.37082229795047">
				<ele>7.423221460543573</ele>
				<time>2023-10-21T09:02:15Z</time>
			</trkpt>
			<trkpt lat="59.92968047061188" lon="30.37086568203376">
				<ele>7.901299270801246</ele>
				<time>2023-10-21T09:02:17Z</time>
			</trkpt>
			<trkpt lat="59.92968268158388" lon="30.37091184116797">
				<ele>5.7272090297192335</ele>
				<time>2023-10-21T09:02:19Z</time>
			</trkpt>
			<trkpt lat="59.92969343122151" lon="30.370946361163455">
				<ele>7.265986038371921</ele>
				<time>2023-10-21T09:02:20Z</time>
			</trkpt>
			<trkpt lat="59.929695195415874" lon="30.370983756430245">
				<ele>9.23946403618902</ele>
				<time>2023-10-21T09:02:21Z</time>
			</trkpt>
			<trkpt lat="59.92970761022094" lon="30.371040355726127">
				<ele>8.307427914813161</ele>
				<time>2023-10-21T09:02:24Z</time>
			</trkpt>
			<trkpt lat="59.929718114350536" lon="30.371075345085483">
				<ele>8.469684694893658</ele>
				<time>2023-10-21T09:02:26Z</time>
			</trkpt>
			<trkpt lat="59.9297198783685" lon="30.37112468982263">
				<ele>8.06047529540956</ele>
				<time>2023-10-21T09:02:28Z</time>
			</trkpt>
			<trkpt lat="59.92971495218357" lon="30.371167470009453">
				<ele>8.853960900567472</ele>
				<time>2023-10-21T09:02:30Z</time>
			</trkpt>
			<trkpt lat="59.9297178792695" lon="30.371226394084353">
				<ele>9.026150823570788</ele>
				<time>2023-10-21T09:02:32Z</time>
			</trkpt>
			<trkpt lat="59.929725874227174" lon="30.37126871089617">
				<ele>9.165632980875671</ele>
				<time>2023-10-21T09:02:34Z</time>
			</trkpt>
			<trkpt lat="59.92972659266015" lon="30.37131684060531">
				<ele>7.6132141118869185</ele>
				<time>2023-10-21T09:02:36Z</time>
			</trkpt>
			<trkpt lat="59.92972685128937" lon="30.37136688320376">
				<ele>8.18071393109858</ele>
				<time>2023-10-21T09:02:38Z</time>
			</trkpt>
			<trkpt lat="59.929730551255936" lon="30.371408706644484">
				<ele>8.660718289203942</ele>
				<time>2023-10-21T09:02:40Z</time>
			</trkpt>
			<trkpt lat="59.9297266009864" lon="30.371454224080832">
				<ele>6.624448767863214</ele>
				<time>2023-10-21T09:02:42Z</time>
			</trkpt>
			<trkpt lat="59.92973183201406" lon="30.37151828102361">
				<ele>10.018064936622977</ele>
				<time>2023-10-21T09:02:44Z</time>
			</trkpt>
			<trkpt lat="59.92974219831725" lon="30.371556655927574">
				<ele>8.471062457188964</ele>
				<time>2023-10-21T09:02:47Z</time>
			</trkpt>
			<trkpt lat="59.92974700873567" lon="30.37160468085942">
				<ele>8.324109045788646</ele>
				<time>2023-10-21T09:02:49Z</time>
			</trkpt>
			<trkpt lat="59.92975907869396" lon="30.371635661247524">
				<ele>8.38926721457392</ele>
				<time>2023-10-21T09:02:51Z</time>
			</trkpt>
			<trkpt lat="59.92976375957838" lon="30.371682368153852">
				<ele>8.726109286770225</ele>
				<time>2023-10-21T09:02:53Z</time>
			</trkpt>
			<trkpt lat="59.929769728253056" lon="30.371724921311674">
				<ele>7.171766349114478</ele>
				<time>2023-10-21T09:02:56Z</time>
			</trkpt>
			<trkpt lat="59.929774994476304" lon="30.371767966103047">
				<ele>7.522942088544369</ele>
				<time>2023-10-21T09:02:58Z</time>
			</trkpt>
			<trkpt lat="59.929780716967855" lon="30.371810573256486">
				<ele>7.232542457059026</ele>
				<time>2023-10-21T09:03:01Z</time>
			</trkpt>
			<trkpt lat="59.929759348572176" lon="30.371847255052064">
				<ele>8.237897240556777</ele>
				<time>2023-10-21T09:03:04Z</time>
			</trkpt>
			<trkpt lat="59.92977394248342" lon="30.37190700135942">
				<ele>7.326178031042218</ele>
				<time>2023-10-21T09:03:07Z</time>
			</trkpt>
			<trkpt lat="59.92976913268342" lon="30.371949397087658">
				<ele>6.927020899951458</ele>
				<time>2023-10-21T09:03:09Z</time>
			</trkpt>
			<trkpt lat="59.92977850883177" lon="30.37198810643503">
				<ele>8.621194717474282</ele>
				<time>2023-10-21T09:03:11Z</time>
			</trkpt>
			<trkpt lat="59.929759775667364" lon="30.372021143961422">
				<ele>8.11379805020988</ele>
				<time>2023-10-21T09:03:12Z</time>
			</trkpt>
			<trkpt lat="59.929750093925854" lon="30.37205280199227">
				<ele>8.874134889803827</ele>
				<time>2023-10-21T09:03:13Z</time>
			</trkpt>
			<trkpt lat="59.92973144921165" lon="30.372100456520716">
				<ele>8.794505124911666</ele>
				<time>2023-10-21T09:03:15Z</time>
			</trkpt>
			<trkpt lat="59.92974110321888" lon="30.37213200219256">
				<ele>9.08937281742692</ele>
				<time>2023-10-21T09:03:17Z</time>
			</trkpt>
			<trkpt lat="59.92973462803504" lon="30.37217651625268">
				<ele>9.218409551307559</ele>
				<time>2023-10-21T09:03:19Z</time>
			</trkpt>
			<trkpt lat="59.9297526692476" lon="30.372234673734045">
				<ele>9.650513920001686</ele>
				<time>2023-10-21T09:03:21Z</time>
			</trkpt>
			<trkpt lat="59.92976914638333" lon="30.37225067572188">
				<ele>9.54218647442758</ele>
				<time>2023-10-21T09:03:22Z</time>
			</trkpt>
			<trkpt lat="59.92975179356621" lon="30.372274507929102">
				<ele>8.791945112869143</ele>
				<time>2023-10-21T09:03:23Z</time>
			</trkpt>
			<trkpt lat="59.92976199523745" lon="30.372316414332605">
				<ele>10.580558500252664</ele>
				<time>2023-10-21T09:03:25Z</time>
			</trkpt>
			<trkpt lat="59.929786525423694" lon="30.37235503915495">
				<ele>10.227434985339642</ele>
				<time>2023-10-21T09:03:27Z</time>
			</trkpt>
			<trkpt lat="59.92980474947813" lon="30.372398303825474">
				<ele>11.679660382680595</ele>
				<time>2023-10-21T09:03:31Z</time>
			</trkpt>
			<trkpt lat="59.92981778628503" lon="30.37243499458864">
				<ele>12.804528975859284</ele>
				<time>2023-10-21T09:03:33Z</time>
			</trkpt>
			<trkpt lat="59.929821599136574" lon="30.372480127359026">
				<ele>13.221799787133932</ele>
				<time>2023-10-21T09:03:36Z</time>
			</trkpt>
			<trkpt lat="59.92981448410638" lon="30.372520891201184">
				<ele>12.752360473386943</ele>
				<time>2023-10-21T09:03:38Z</time>
			</trkpt>
			<trkpt lat="59.92978450991505" lon="30.37254986313664">
				<ele>13.70786593388766</ele>
				<time>2023-10-21T09:03:40Z</time>
			</trkpt>
			<trkpt lat="59.92976759538626" lon="30.372562722183506">
				<ele>14.932551112025976</ele>
				<time>2023-10-21T09:03:42Z</time>
			</trkpt>
			<trkpt lat="59.929781136606046" lon="30.372618685306925">
				<ele>18.11565657146275</ele>
				<time>2023-10-21T09:03:54Z</time>
			</trkpt>
			<trkpt lat="59.92978573572866" lon="30.372658519286748">
				<ele>16.584110647439957</ele>
				<time>2023-10-21T09:03:56Z</time>
			</trkpt>
			<trkpt lat="59.92979625143889" lon="30.37269644973089">
				<ele>16.03107877355069</ele>
				<time>2023-10-21T09:03:58Z</time>
			</trkpt>
			<trkpt lat="59.929809331297356" lon="30.37273023027471">
				<ele>13.673223950900137</ele>
				<time>2023-10-21T09:04:00Z</time>
			</trkpt>
			<trkpt lat="59.929819133219425" lon="30.37277749351574">
				<ele>14.9684830699116</ele>
				<time>2023-10-21T09:04:02Z</time>
			</trkpt>
			<trkpt lat="59.929820891588164" lon="30.372815561904904">
				<ele>12.503357622772455</ele>
				<time>2023-10-21T09:04:04Z</time>
			</trkpt>
			<trkpt lat="59.92981709254456" lon="30.37286866327845">
				<ele>12.402737877331674</ele>
				<time>2023-10-21T09:04:06Z</time>
			</trkpt>
			<trkpt lat="59.9298327003533" lon="30.37290036247943">
				<ele>13.947899041697383</ele>
				<time>2023-10-21T09:04:07Z</time>
			</trkpt>
			<trkpt lat="59.92985556733393" lon="30.372938194460183">
				<ele>13.572399255819619</ele>
				<time>2023-10-21T09:04:09Z</time>
			</trkpt>
			<trkpt lat="59.9298672632159" lon="30.37299264958345">
				<ele>11.825409256853163</ele>
				<time>2023-10-21T09:04:11Z</time>
			</trkpt>
			<trkpt lat="59.9298756291799" lon="30.373058799386072">
				<ele>11.800943780690432</ele>
				<time>2023-10-21T09:04:13Z</time>
			</trkpt>
			<trkpt lat="59.92989327556061" lon="30.37305003689589">
				<ele>11.713337405584753</ele>
				<time>2023-10-21T09:04:14Z</time>
			</trkpt>
			<trkpt lat="59.92991592224579" lon="30.37307241820322">
				<ele>11.086466710083187</ele>
				<time>2023-10-21T09:04:16Z</time>
			</trkpt>
			<trkpt lat="59.92994005782641" lon="30.37308885139916">
				<ele>11.030203173868358</ele>
				<time>2023-10-21T09:04:18Z</time>
			</trkpt>
			<trkpt lat="59.929968589648986" lon="30.37309774037478">
				<ele>12.877432061359286</ele>
				<time>2023-10-21T09:04:20Z</time>
			</trkpt>
			<trkpt lat="59.92998985250057" lon="30.373102704239244">
				<ele>15.058867626823485</ele>
				<time>2023-10-21T09:04:22Z</time>
			</trkpt>
			<trkpt lat="59.93000712117457" lon="30.373117157297994">
				<ele>11.903203235007823</ele>
				<time>2023-10-21T09:04:24Z</time>
			</trkpt>
			<trkpt lat="59.930027130723296" lon="30.373122601925537">
				<ele>10.036669452674687</ele>
				<time>2023-10-21T09:04:26Z</time>
			</trkpt>
			<trkpt lat="59.93005624983425" lon="30.373141423501494">
				<ele>11.806993467733264</ele>
				<time>2023-10-21T09:04:28Z</time>
			</trkpt>
			<trkpt lat="59.93009487580735" lon="30.373211374102866">
				<ele>13.320634332485497</ele>
				<time>2023-10-21T09:04:30Z</time>
			</trkpt>
			<trkpt lat="59.930119260525835" lon="30.37319877233118">
				<ele>13.831133338622749</ele>
				<time>2023-10-21T09:04:32Z</time>
			</trkpt>
			<trkpt lat="59.93011798108263" lon="30.373153860279267">
				<ele>16.76628655102104</ele>
				<time>2023-10-21T09:04:35Z</time>
			</trkpt>
			<trkpt lat="59.930147277457046" lon="30.373140473792606">
				<ele>18.224094910547137</ele>
				<time>2023-10-21T09:04:42Z</time>
			</trkpt>
			<trkpt lat="59.93015689262776" lon="30.373176676269217">
				<ele>16.763713565655053</ele>
				<time>2023-10-21T09:04:44Z</time>
			</trkpt>
			<trkpt lat="59.93016984742679" lon="30.373215641805754">
				<ele>15.67713228147477</ele>
				<time>2023-10-21T09:04:46Z</time>
			</trkpt>
			<trkpt lat="59.93019308804791" lon="30.373251826607937">
				<ele>17.299693350680172</ele>
				<time>2023-10-21T09:04:48Z</time>
			</trkpt>
			<trkpt lat="59.9302161568459" lon="30.373275745121884">
				<ele>19.023033944889903</ele>
				<time>2023-10-21T09:04:49Z</time>
			</trkpt>
			<trkpt lat="59.930238279697434" lon="30.373293511008434">
				<ele>20.30965083744377</ele>
				<time>2023-10-21T09:04:50Z</time>
			</trkpt>
			<trkpt lat="59.93026002705162" lon="30.373332218487803">
				<ele>22.056788095273077</ele>
				<time>2023-10-21T09:04:52Z</time>
			</trkpt>
			<trkpt lat="59.93028904476824" lon="30.3733745125417">
				<ele>22.99624780844897</ele>
				<time>2023-10-21T09:04:54Z</time>
			</trkpt>
			<trkpt lat="59.93029536176693" lon="30.373418537941223">
				<ele>22.312741310335696</ele>
				<time>2023-10-21T09:04:56Z</time>
			</trkpt>
			<trkpt lat="59.93027869770209" lon="30.373464476324227">
				<ele>14.901255771517754</ele>
				<time>2023-10-21T09:05:00Z</time>
			</trkpt>
			<trkpt lat="59.930254528684344" lon="30.373489224376737">
				<ele>13.94197810254991</ele>
				<time>2023-10-21T09:05:07Z</time>
			</trkpt>
			<trkpt lat="59.930236522875965" lon="30.373501808098858">
				<ele>12.292807556688786</ele>
				<time>2023-10-21T09:05:21Z</time>
			</trkpt>
			<trkpt lat="59.9302672904123" lon="30.3734922181879">
				<ele>12.284289966337383</ele>
				<time>2023-10-21T09:05:23Z</time>
			</trkpt>
			<trkpt lat="59.93024831480929" lon="30.373514523398608">
				<ele>12.524751286022365</ele>
				<time>2023-10-21T09:05:30Z</time>
			</trkpt>
			<trkpt lat="59.93023246212466" lon="30.373649609058372">
				<ele>13.540100037120283</ele>
				<time>2023-10-21T09:05:39Z</time>
			</trkpt>
			<trkpt lat="59.930242963231215" lon="30.373595613200674">
				<ele>13.04533940833062</ele>
				<time>2023-10-21T09:05:41Z</time>
			</trkpt>
			<trkpt lat="59.93024629456619" lon="30.373557826986843">
				<ele>11.690187150612473</ele>
				<time>2023-10-21T09:05:46Z</time>
			</trkpt>
			<trkpt lat="59.930228997980436" lon="30.373580669942957">
				<ele>8.311457459814847</ele>
				<time>2023-10-21T09:05:53Z</time>
			</trkpt>
			<trkpt lat="59.93022451694076" lon="30.37351957099863">
				<ele>9.184709046036005</ele>
				<time>2023-10-21T09:05:56Z</time>
			</trkpt>
			<trkpt lat="59.930222755005694" lon="30.373643146159473">
				<ele>10.697798768989742</ele>
				<time>2023-10-21T09:05:57Z</time>
			</trkpt>
			<trkpt lat="59.930206459696905" lon="30.37366047048252">
				<ele>11.669625128619373</ele>
				<time>2023-10-21T09:06:00Z</time>
			</trkpt>
			<trkpt lat="59.930198296256464" lon="30.37370649456846">
				<ele>13.01086213439703</ele>
				<time>2023-10-21T09:06:01Z</time>
			</trkpt>
			<trkpt lat="59.93019039238247" lon="30.373751648735237">
				<ele>14.370244584046304</ele>
				<time>2023-10-21T09:06:02Z</time>
			</trkpt>
			<trkpt lat="59.93017706050238" lon="30.373827831037183">
				<ele>16.88092949986458</ele>
				<time>2023-10-21T09:06:10Z</time>
			</trkpt>
			<trkpt lat="59.93014859838508" lon="30.373839793522702">
				<ele>14.428135555237532</ele>
				<time>2023-10-21T09:06:11Z</time>
			</trkpt>
			<trkpt lat="59.930138099932456" lon="30.373897982886053">
				<ele>14.451578710228205</ele>
				<time>2023-10-21T09:06:13Z</time>
			</trkpt>
			<trkpt lat="59.930120728514154" lon="30.373932280028598">
				<ele>14.193832377903163</ele>
				<time>2023-10-21T09:06:15Z</time>
			</trkpt>
			<trkpt lat="59.930112951470065" lon="30.37398237226545">
				<ele>11.42057198472321</ele>
				<time>2023-10-21T09:06:17Z</time>
			</trkpt>
			<trkpt lat="59.93010186681909" lon="30.374014148863854">
				<ele>11.284879120998085</ele>
				<time>2023-10-21T09:06:18Z</time>
			</trkpt>
			<trkpt lat="59.930050206123916" lon="30.374023740821812">
				<ele>17.682594364508986</ele>
				<time>2023-10-21T09:06:20Z</time>
			</trkpt>
			<trkpt lat="59.9300627053756" lon="30.374081970217873">
				<ele>16.459061714820564</ele>
				<time>2023-10-21T09:06:22Z</time>
			</trkpt>
			<trkpt lat="59.930040735578935" lon="30.374122690329408">
				<ele>15.043185032904148</ele>
				<time>2023-10-21T09:06:25Z</time>
			</trkpt>
			<trkpt lat="59.93002367137571" lon="30.374173288651512">
				<ele>15.854418275877833</ele>
				<time>2023-10-21T09:06:27Z</time>
			</trkpt>
			<trkpt lat="59.92999211799357" lon="30.374176077381883">
				<ele>16.60552760399878</ele>
				<time>2023-10-21T09:06:28Z</time>
			</trkpt>
			<trkpt lat="59.92997394015095" lon="30.374192783906036">
				<ele>16.21393746137619</ele>
				<time>2023-10-21T09:06:29Z</time>
			</trkpt>
			<trkpt lat="59.92995868951196" lon="30.374214749286505">
				<ele>15.44951987825334</ele>
				<time>2023-10-21T09:06:30Z</time>
			</trkpt>
			<trkpt lat="59.92995782825505" lon="30.37425908950445">
				<ele>15.068096260540187</ele>
				<time>2023-10-21T09:06:32Z</time>
			</trkpt>
			<trkpt lat="59.929978799706866" lon="30.37432396033788">
				<ele>15.530638529919088</ele>
				<time>2023-10-21T09:06:34Z</time>
			</trkpt>
			<trkpt lat="59.92998420865361" lon="30.37437855864458">
				<ele>13.607424105517566</ele>
				<time>2023-10-21T09:06:36Z</time>
			</trkpt>
			<trkpt lat="59.92994412823553" lon="30.37445407383438">
				<ele>10.884743551723659</ele>
				<time>2023-10-21T09:06:38Z</time>
			</trkpt>
			<trkpt lat="59.929935299432806" lon="30.374514355541656">
				<ele>9.52863519731909</ele>
				<time>2023-10-21T09:06:41Z</time>
			</trkpt>
			<trkpt lat="59.92989357002671" lon="30.374575693362257">
				<ele>9.394639098085463</ele>
				<time>2023-10-21T09:06:43Z</time>
			</trkpt>
			<trkpt lat="59.92990454492768" lon="30.374629740329752">
				<ele>8.837332879193127</ele>
				<time>2023-10-21T09:06:45Z</time>
			</trkpt>
			<trkpt lat="59.92991103490391" lon="30.3746637991048">
				<ele>9.519989811815321</ele>
				<time>2023-10-21T09:06:46Z</time>
			</trkpt>
			<trkpt lat="59.92991191758214" lon="30.374711589637716">
				<ele>9.962963716126978</ele>
				<time>2023-10-21T09:06:48Z</time>
			</trkpt>
			<trkpt lat="59.92992106625927" lon="30.374751049731085">
				<ele>6.817141815088689</ele>
				<time>2023-10-21T09:06:51Z</time>
			</trkpt>
			<trkpt lat="59.92991073012434" lon="30.374780431692294">
				<ele>5.475769096054137</ele>
				<time>2023-10-21T09:06:52Z</time>
			</trkpt>
			<trkpt lat="59.92989286624486" lon="30.374820822408">
				<ele>7.998255682177842</ele>
				<time>2023-10-21T09:06:53Z</time>
			</trkpt>
			<trkpt lat="59.92987803025993" lon="30.374848466934303">
				<ele>8.175550567917526</ele>
				<time>2023-10-21T09:06:54Z</time>
			</trkpt>
			<trkpt lat="59.929864504064035" lon="30.37487325928579">
				<ele>7.7265325309708714</ele>
				<time>2023-10-21T09:06:55Z</time>
			</trkpt>
			<trkpt lat="59.92984633274865" lon="30.37489853675914">
				<ele>9.203357307240367</ele>
				<time>2023-10-21T09:06:58Z</time>
			</trkpt>
			<trkpt lat="59.92984033744877" lon="30.37496119666841">
				<ele>9.229615774005651</ele>
				<time>2023-10-21T09:07:00Z</time>
			</trkpt>
			<trkpt lat="59.92984762728784" lon="30.37502339343835">
				<ele>10.491757789626718</ele>
				<time>2023-10-21T09:07:02Z</time>
			</trkpt>
			<trkpt lat="59.92987088831494" lon="30.375035803219948">
				<ele>7.799240306019783</ele>
				<time>2023-10-21T09:07:05Z</time>
			</trkpt>
			<trkpt lat="59.92986325450882" lon="30.37507194485152">
				<ele>6.636945413425565</ele>
				<time>2023-10-21T09:07:07Z</time>
			</trkpt>
			<trkpt lat="59.92987059601032" lon="30.375120769482404">
				<ele>6.59964815620333</ele>
				<time>2023-10-21T09:07:09Z</time>
			</trkpt>
			<trkpt lat="59.92985954608235" lon="30.375185833489557">
				<ele>7.005633933469653</ele>
				<time>2023-10-21T09:07:11Z</time>
			</trkpt>
			<trkpt lat="59.92986342471385" lon="30.37523613005218">
				<ele>6.3521227883175015</ele>
				<time>2023-10-21T09:07:13Z</time>
			</trkpt>
			<trkpt lat="59.92988067559415" lon="30.37526287073852">
				<ele>7.595738545060158</ele>
				<time>2023-10-21T09:07:15Z</time>
			</trkpt>
			<trkpt lat="59.92988773222022" lon="30.375322304897363">
				<ele>6.558596469461918</ele>
				<time>2023-10-21T09:07:17Z</time>
			</trkpt>
			<trkpt lat="59.929888578900915" lon="30.37537008753004">
				<ele>6.894993979483843</ele>
				<time>2023-10-21T09:07:19Z</time>
			</trkpt>
			<trkpt lat="59.92990718443427" lon="30.37539227924546">
				<ele>6.605562346056104</ele>
				<time>2023-10-21T09:07:20Z</time>
			</trkpt>
			<trkpt lat="59.929927345785025" lon="30.37544202512444">
				<ele>5.648322821594775</ele>
				<time>2023-10-21T09:07:22Z</time>
			</trkpt>
			<trkpt lat="59.9299653741889" lon="30.375478374785516">
				<ele>6.839844238013029</ele>
				<time>2023-10-21T09:07:24Z</time>
			</trkpt>
			<trkpt lat="59.9299849416056" lon="30.37549272899712">
				<ele>6.765083466656506</ele>
				<time>2023-10-21T09:07:25Z</time>
			</trkpt>
			<trkpt lat="59.930014289855315" lon="30.37549528812331">
				<ele>7.018769417889416</ele>
				<time>2023-10-21T09:07:26Z</time>
			</trkpt>
			<trkpt lat="59.93003944132284" lon="30.375526522094997">
				<ele>6.710763659328222</ele>
				<time>2023-10-21T09:07:28Z</time>
			</trkpt>
			<trkpt lat="59.93006966684077" lon="30.375515868631556">
				<ele>6.9901690892875195</ele>
				<time>2023-10-21T09:07:29Z</time>
			</trkpt>
			<trkpt lat="59.93009717836613" lon="30.37551839004495">
				<ele>6.246262649074197</ele>
				<time>2023-10-21T09:07:30Z</time>
			</trkpt>
			<trkpt lat="59.93012505154955" lon="30.37551731563452">
				<ele>8.00623849593103</ele>
				<time>2023-10-21T09:07:31Z</time>
			</trkpt>
			<trkpt lat="59.93014489912458" lon="30.375467688581438">
				<ele>5.317224765196443</ele>
				<time>2023-10-21T09:07:32Z</time>
			</trkpt>
			<trkpt lat="59.93016962163159" lon="30.375441407840867">
				<ele>7.584030127152801</ele>
				<time>2023-10-21T09:07:33Z</time>
			</trkpt>
			<trkpt lat="59.93019801432628" lon="30.37547190326116">
				<ele>6.9846666334196925</ele>
				<time>2023-10-21T09:07:39Z</time>
			</trkpt>
			<trkpt lat="59.93022210973989" lon="30.37548085763792">
				<ele>6.622214057482779</ele>
				<time>2023-10-21T09:08:05Z</time>
			</trkpt>
			<trkpt lat="59.9302449298699" lon="30.375517158325362">
				<ele>7.649971397593617</ele>
				<time>2023-10-21T09:08:07Z</time>
			</trkpt>
			<trkpt lat="59.930265931212915" lon="30.375551051600418">
				<ele>9.432046812027693</ele>
				<time>2023-10-21T09:08:09Z</time>
			</trkpt>
			<trkpt lat="59.93029823730171" lon="30.375569242870544">
				<ele>10.98701511695981</ele>
				<time>2023-10-21T09:08:11Z</time>
			</trkpt>
			<trkpt lat="59.93031888262801" lon="30.37558119996326">
				<ele>11.148903161287308</ele>
				<time>2023-10-21T09:08:13Z</time>
			</trkpt>
			<trkpt lat="59.930338142409894" lon="30.375573351736538">
				<ele>8.602272748947144</ele>
				<time>2023-10-21T09:08:16Z</time>
			</trkpt>
			<trkpt lat="59.93036271399146" lon="30.375546409340025">
				<ele>9.183325285091996</ele>
				<time>2023-10-21T09:08:18Z</time>
			</trkpt>
			<trkpt lat="59.93038519128494" lon="30.37554270850195">
				<ele>7.700217776931822</ele>
				<time>2023-10-21T09:08:21Z</time>
			</trkpt>
			<trkpt lat="59.9304110229784" lon="30.37557201951467">
				<ele>7.964922709390521</ele>
				<time>2023-10-21T09:08:23Z</time>
			</trkpt>
			<trkpt lat="59.9304296948832" lon="30.375587895563534">
				<ele>8.863121909089386</ele>
				<time>2023-10-21T09:08:24Z</time>
			</trkpt>
			<trkpt lat="59.93045658111421" lon="30.37561167489224">
				<ele>11.203298550099134</ele>
				<time>2023-10-21T09:08:26Z</time>
			</trkpt>
			<trkpt lat="59.930479430962144" lon="30.37562657036621">
				<ele>11.513003387488425</ele>
				<time>2023-10-21T09:08:28Z</time>
			</trkpt>
			<trkpt lat="59.930501447215015" lon="30.375647997679792">
				<ele>11.197238547727466</ele>
				<time>2023-10-21T09:08:30Z</time>
			</trkpt>
			<trkpt lat="59.93051383623817" lon="30.375684592791828">
				<ele>11.839000354520977</ele>
				<time>2023-10-21T09:08:32Z</time>
			</trkpt>
			<trkpt lat="59.9305290688346" lon="30.37571564682192">
				<ele>10.29971137829125</ele>
				<time>2023-10-21T09:08:34Z</time>
			</trkpt>
			<trkpt lat="59.93053940841824" lon="30.375751155047407">
				<ele>9.618987328372896</ele>
				<time>2023-10-21T09:08:36Z</time>
			</trkpt>
			<trkpt lat="59.93055192695689" lon="30.375795805829355">
				<ele>11.165122052654624</ele>
				<time>2023-10-21T09:08:38Z</time>
			</trkpt>
			<trkpt lat="59.93056207965068" lon="30.37584806180891">
				<ele>11.716200820170343</ele>
				<time>2023-10-21T09:08:40Z</time>
			</trkpt>
			<trkpt lat="59.93057176363941" lon="30.375901464267724">
				<ele>14.454226532019675</ele>
				<time>2023-10-21T09:08:42Z</time>
			</trkpt>
			<trkpt lat="59.930568931498506" lon="30.37594793949738">
				<ele>13.3834212673828</ele>
				<time>2023-10-21T09:08:44Z</time>
			</trkpt>
			<trkpt lat="59.930570145057516" lon="30.376008308493763">
				<ele>12.799201496876776</ele>
				<time>2023-10-21T09:08:46Z</time>
			</trkpt>
			<trkpt lat="59.9305628852279" lon="30.376055631103462">
				<ele>9.727862268686295</ele>
				<time>2023-10-21T09:08:49Z</time>
			</trkpt>
			<trkpt lat="59.930574247818114" lon="30.376100483488457">
				<ele>13.70546993240714</ele>
				<time>2023-10-21T09:08:51Z</time>
			</trkpt>
			<trkpt lat="59.93057659195346" lon="30.376141344028426">
				<ele>11.891004279255867</ele>
				<time>2023-10-21T09:08:53Z</time>
			</trkpt>
			<trkpt lat="59.930579540962135" lon="30.37619335723157">
				<ele>11.396192129701376</ele>
				<time>2023-10-21T09:08:55Z</time>
			</trkpt>
			<trkpt lat="59.9305825552611" lon="30.376236971983626">
				<ele>10.93921152036637</ele>
				<time>2023-10-21T09:08:57Z</time>
			</trkpt>
			<trkpt lat="59.93058007189298" lon="30.376293275876414">
				<ele>10.863232832401991</ele>
				<time>2023-10-21T09:08:59Z</time>
			</trkpt>
			<trkpt lat="59.93058851718483" lon="30.3763355746908">
				<ele>12.538684748113155</ele>
				<time>2023-10-21T09:09:01Z</time>
			</trkpt>
			<trkpt lat="59.93058742527127" lon="30.376385951779824">
				<ele>11.581381050869823</ele>
				<time>2023-10-21T09:09:03Z</time>
			</trkpt>
			<trkpt lat="59.930588189516655" lon="30.376436666540375">
				<ele>9.507783465087414</ele>
				<time>2023-10-21T09:09:06Z</time>
			</trkpt>
			<trkpt lat="59.930594858173734" lon="30.376490651870675">
				<ele>9.94308571331203</ele>
				<time>2023-10-21T09:09:08Z</time>
			</trkpt>
			<trkpt lat="59.93059712474492" lon="30.37653755375321">
				<ele>9.376736072823405</ele>
				<time>2023-10-21T09:09:10Z</time>
			</trkpt>
			<trkpt lat="59.93060738650141" lon="30.37656814983601">
				<ele>11.998321340419352</ele>
				<time>2023-10-21T09:09:11Z</time>
			</trkpt>
			<trkpt lat="59.93060291379334" lon="30.376607918260245">
				<ele>10.774280195124447</ele>
				<time>2023-10-21T09:09:13Z</time>
			</trkpt>
			<trkpt lat="59.930602096139516" lon="30.376645014462635">
				<ele>9.872175860218704</ele>
				<time>2023-10-21T09:09:15Z</time>
			</trkpt>
			<trkpt lat="59.93061508866663" lon="30.376689792342898">
				<ele>11.923318171873689</ele>
				<time>2023-10-21T09:09:17Z</time>
			</trkpt>
			<trkpt lat="59.93062233301411" lon="30.37672373638406">
				<ele>11.038374037481844</ele>
				<time>2023-10-21T09:09:19Z</time>
			</trkpt>
			<trkpt lat="59.930615941372295" lon="30.37676578571399">
				<ele>9.143088220618665</ele>
				<time>2023-10-21T09:09:21Z</time>
			</trkpt>
			<trkpt lat="59.93062782001962" lon="30.376811794031262">
				<ele>10.656121792271733</ele>
				<time>2023-10-21T09:09:23Z</time>
			</trkpt>
			<trkpt lat="59.93063630998217" lon="30.376861683970084">
				<ele>10.026867506094277</ele>
				<time>2023-10-21T09:09:25Z</time>
			</trkpt>
			<trkpt lat="59.93062975365751" lon="30.37691697434341">
				<ele>9.204524773173034</ele>
				<time>2023-10-21T09:09:28Z</time>
			</trkpt>
			<trkpt lat="59.93063505050028" lon="30.37697214714553">
				<ele>10.346575851552188</ele>
				<time>2023-10-21T09:09:30Z</time>
			</trkpt>
			<trkpt lat="59.930635083922986" lon="30.377015032176722">
				<ele>9.332445915788412</ele>
				<time>2023-10-21T09:09:32Z</time>
			</trkpt>
			<trkpt lat="59.930633596169415" lon="30.377057095928308">
				<ele>7.818609265610576</ele>
				<time>2023-10-21T09:09:34Z</time>
			</trkpt>
			<trkpt lat="59.93064039411192" lon="30.377092692388295">
				<ele>9.488795339129865</ele>
				<time>2023-10-21T09:09:36Z</time>
			</trkpt>
			<trkpt lat="59.930641904544345" lon="30.377139191798907">
				<ele>8.952258447185159</ele>
				<time>2023-10-21T09:09:38Z</time>
			</trkpt>
			<trkpt lat="59.93064837090968" lon="30.37718244926867">
				<ele>9.51748684514314</ele>
				<time>2023-10-21T09:09:40Z</time>
			</trkpt>
			<trkpt lat="59.930664228049274" lon="30.37721447101767">
				<ele>10.612994704395533</ele>
				<time>2023-10-21T09:09:42Z</time>
			</trkpt>
			<trkpt lat="59.93067875285534" lon="30.377245399373386">
				<ele>12.658665608614683</ele>
				<time>2023-10-21T09:09:43Z</time>
			</trkpt>
			<trkpt lat="59.930693412698005" lon="30.37726844584843">
				<ele>10.75005519296974</ele>
				<time>2023-10-21T09:09:45Z</time>
			</trkpt>
			<trkpt lat="59.93069386496216" lon="30.377311728395973">
				<ele>10.068816738203168</ele>
				<time>2023-10-21T09:09:47Z</time>
			</trkpt>
			<trkpt lat="59.93067516807022" lon="30.377335424403952">
				<ele>11.649305609054863</ele>
				<time>2023-10-21T09:09:49Z</time>
			</trkpt>
			<trkpt lat="59.93065135238594" lon="30.377340952890243">
				<ele>9.904268998652697</ele>
				<time>2023-10-21T09:09:51Z</time>
			</trkpt>
			<trkpt lat="59.93063153705129" lon="30.377368169166942">
				<ele>10.569933068938553</ele>
				<time>2023-10-21T09:09:53Z</time>
			</trkpt>
			<trkpt lat="59.93060459477347" lon="30.377398072654877">
				<ele>12.163180252537131</ele>
				<time>2023-10-21T09:09:55Z</time>
			</trkpt>
			<trkpt lat="59.93057446598442" lon="30.377421002273465">
				<ele>12.71416075900197</ele>
				<time>2023-10-21T09:09:57Z</time>
			</trkpt>
			<trkpt lat="59.93055492598814" lon="30.377451791023194">
				<ele>16.05289876833558</ele>
				<time>2023-10-21T09:09:59Z</time>
			</trkpt>
			<trkpt lat="59.93052090788916" lon="30.377434879338466">
				<ele>11.986504753120244</ele>
				<time>2023-10-21T09:10:01Z</time>
			</trkpt>
			<trkpt lat="59.93049897256328" lon="30.37745657657301">
				<ele>12.612020180560648</ele>
				<time>2023-10-21T09:10:03Z</time>
			</trkpt>
			<trkpt lat="59.93046510612195" lon="30.377447579191823">
				<ele>10.632416213862598</ele>
				<time>2023-10-21T09:10:05Z</time>
			</trkpt>
			<trkpt lat="59.93044319443663" lon="30.37745425591525">
				<ele>13.40751332603395</ele>
				<time>2023-10-21T09:10:07Z</time>
			</trkpt>
			<trkpt lat="59.93041897677161" lon="30.377430267830874">
				<ele>12.808744401670992</ele>
				<time>2023-10-21T09:10:09Z</time>
			</trkpt>
			<trkpt lat="59.93040248610778" lon="30.37737533972114">
				<ele>11.671390669420362</ele>
				<time>2023-10-21T09:10:11Z</time>
			</trkpt>
			<trkpt lat="59.93039539247407" lon="30.37733942145037">
				<ele>10.887726918794215</ele>
				<time>2023-10-21T09:10:12Z</time>
			</trkpt>
			<trkpt lat="59.93038223414232" lon="30.377282780971115">
				<ele>12.467125582508743</ele>
				<time>2023-10-21T09:10:14Z</time>
			</trkpt>
			<trkpt lat="59.93037948087426" lon="30.377236208451137">
				<ele>10.043294485658407</ele>
				<time>2023-10-21T09:10:16Z</time>
			</trkpt>
			<trkpt lat="59.93037969656357" lon="30.3771977882259">
				<ele>7.893706671893597</ele>
				<time>2023-10-21T09:10:18Z</time>
			</trkpt>
			<trkpt lat="59.93037321073985" lon="30.377161739623375">
				<ele>9.698331158608198</ele>
				<time>2023-10-21T09:10:19Z</time>
			</trkpt>
			<trkpt lat="59.93036645524284" lon="30.377114760728084">
				<ele>11.069273468106985</ele>
				<time>2023-10-21T09:10:21Z</time>
			</trkpt>
			<trkpt lat="59.93036637838079" lon="30.377064250547914">
				<ele>9.695733829401433</ele>
				<time>2023-10-21T09:10:23Z</time>
			</trkpt>
			<trkpt lat="59.93036984431745" lon="30.377009749888632">
				<ele>9.827681069262326</ele>
				<time>2023-10-21T09:10:25Z</time>
			</trkpt>
			<trkpt lat="59.93037008135011" lon="30.376958074851963">
				<ele>9.937376968562603</ele>
				<time>2023-10-21T09:10:27Z</time>
			</trkpt>
			<trkpt lat="59.930358706137234" lon="30.37691117388469">
				<ele>10.90891573484987</ele>
				<time>2023-10-21T09:10:29Z</time>
			</trkpt>
			<trkpt lat="59.93034533442991" lon="30.376879216480702">
				<ele>8.988807778805494</ele>
				<time>2023-10-21T09:10:31Z</time>
			</trkpt>
			<trkpt lat="59.93033220067375" lon="30.376839968273277">
				<ele>9.854881457984447</ele>
				<time>2023-10-21T09:10:33Z</time>
			</trkpt>
			<trkpt lat="59.93031373002521" lon="30.376802155012786">
				<ele>10.446660234592855</ele>
				<time>2023-10-21T09:10:35Z</time>
			</trkpt>
			<trkpt lat="59.930290194348" lon="30.376795564509784">
				<ele>10.763327648863196</ele>
				<time>2023-10-21T09:10:37Z</time>
			</trkpt>
			<trkpt lat="59.93027516909609" lon="30.37682107931377">
				<ele>11.113121297210455</ele>
				<time>2023-10-21T09:10:39Z</time>
			</trkpt>
			<trkpt lat="59.93026015837792" lon="30.37688309267255">
				<ele>10.264972110278904</ele>
				<time>2023-10-21T09:10:41Z</time>
			</trkpt>
			<trkpt lat="59.930275423990956" lon="30.376932568191418">
				<ele>10.747790770605206</ele>
				<time>2023-10-21T09:10:43Z</time>
			</trkpt>
			<trkpt lat="59.930288423067196" lon="30.37695783245247">
				<ele>11.058984965085983</ele>
				<time>2023-10-21T09:10:44Z</time>
			</trkpt>
			<trkpt lat="59.9303032422268" lon="30.377005601625367">
				<ele>12.479188842698932</ele>
				<time>2023-10-21T09:10:46Z</time>
			</trkpt>
			<trkpt lat="59.930303311638966" lon="30.377043442429486">
				<ele>9.088526125065982</ele>
				<time>2023-10-21T09:10:48Z</time>
			</trkpt>
			<trkpt lat="59.930302746337915" lon="30.377100464484982">
				<ele>10.155094621703029</ele>
				<time>2023-10-21T09:10:50Z</time>
			</trkpt>
			<trkpt lat="59.930298330384616" lon="30.377145753135363">
				<ele>8.64192405436188</ele>
				<time>2023-10-21T09:10:52Z</time>
			</trkpt>
			<trkpt lat="59.93030721790379" lon="30.377180968403216">
				<ele>9.513961917720735</ele>
				<time>2023-10-21T09:10:54Z</time>
			</trkpt>
			<trkpt lat="59.930312830646486" lon="30.377222706967487">
				<ele>9.55927480198443</ele>
				<time>2023-10-21T09:10:56Z</time>
			</trkpt>
			<trkpt lat="59.930316692204" lon="30.377269076606684">
				<ele>10.584112824872136</ele>
				<time>2023-10-21T09:10:58Z</time>
			</trkpt>
			<trkpt lat="59.930321332102395" lon="30.37732189918581">
				<ele>11.017918237484992</ele>
				<time>2023-10-21T09:11:00Z</time>
			</trkpt>
			<trkpt lat="59.93032830842895" lon="30.3773692032434">
				<ele>11.526652145199478</ele>
				<time>2023-10-21T09:11:02Z</time>
			</trkpt>
			<trkpt lat="59.93032951763954" lon="30.37741059770918">
				<ele>9.50601279642433</ele>
				<time>2023-10-21T09:11:04Z</time>
			</trkpt>
			<trkpt lat="59.93032898088259" lon="30.377464681433317">
				<ele>9.928935856558383</ele>
				<time>2023-10-21T09:11:06Z</time>
			</trkpt>
			<trkpt lat="59.93033480587685" lon="30.377507174496426">
				<ele>9.78082463517785</ele>
				<time>2023-10-21T09:11:08Z</time>
			</trkpt>
			<trkpt lat="59.93034416593389" lon="30.377560417766595">
				<ele>9.733751006424427</ele>
				<time>2023-10-21T09:11:10Z</time>
			</trkpt>
			<trkpt lat="59.93035257458192" lon="30.377601165558023">
				<ele>10.585124094970524</ele>
				<time>2023-10-21T09:11:12Z</time>
			</trkpt>
			<trkpt lat="59.93035798361254" lon="30.37763732507029">
				<ele>10.25251327548176</ele>
				<time>2023-10-21T09:11:14Z</time>
			</trkpt>
			<trkpt lat="59.9303685672903" lon="30.37768646156507">
				<ele>10.58930305019021</ele>
				<time>2023-10-21T09:11:16Z</time>
			</trkpt>
			<trkpt lat="59.93037109955719" lon="30.377742890314604">
				<ele>11.74305887054652</ele>
				<time>2023-10-21T09:11:18Z</time>
			</trkpt>
			<trkpt lat="59.93037449215275" lon="30.377804611370394">
				<ele>11.388982392847538</ele>
				<time>2023-10-21T09:11:20Z</time>
			</trkpt>
			<trkpt lat="59.930374160623906" lon="30.37785182168538">
				<ele>12.17481386102736</ele>
				<time>2023-10-21T09:11:22Z</time>
			</trkpt>
			<trkpt lat="59.93038072727864" lon="30.377896568411266">
				<ele>12.279150679707527</ele>
				<time>2023-10-21T09:11:24Z</time>
			</trkpt>
			<trkpt lat="59.93039478366582" lon="30.37795199257746">
				<ele>14.004820117726922</ele>
				<time>2023-10-21T09:11:27Z</time>
			</trkpt>
			<trkpt lat="59.930405446420416" lon="30.378015582532164">
				<ele>14.637255327776074</ele>
				<time>2023-10-21T09:11:29Z</time>
			</trkpt>
			<trkpt lat="59.93041272310805" lon="30.378051010951957">
				<ele>12.034151730127633</ele>
				<time>2023-10-21T09:11:31Z</time>
			</trkpt>
			<trkpt lat="59.93041240560196" lon="30.378097649675677">
				<ele>10.921493940986693</ele>
				<time>2023-10-21T09:11:34Z</time>
			</trkpt>
			<trkpt lat="59.9304125410503" lon="30.378141658977487">
				<ele>12.148807745426893</ele>
				<time>2023-10-21T09:11:36Z</time>
			</trkpt>
			<trkpt lat="59.93041076227937" lon="30.378239431249344">
				<ele>10.540497629903257</ele>
				<time>2023-10-21T09:11:37Z</time>
			</trkpt>
			<trkpt lat="59.93041583099029" lon="30.378286049771415">
				<ele>9.950446834787726</ele>
				<time>2023-10-21T09:11:41Z</time>
			</trkpt>
			<trkpt lat="59.930428148195084" lon="30.378328372463486">
				<ele>13.056761279702187</ele>
				<time>2023-10-21T09:11:42Z</time>
			</trkpt>
			<trkpt lat="59.930432620176994" lon="30.378364224233124">
				<ele>14.812042770907283</ele>
				<time>2023-10-21T09:11:44Z</time>
			</trkpt>
			<trkpt lat="59.930427269172384" lon="30.378427287856606">
				<ele>13.198145624250174</ele>
				<time>2023-10-21T09:11:47Z</time>
			</trkpt>
			<trkpt lat="59.930426357786274" lon="30.378464153493226">
				<ele>13.27376910764724</ele>
				<time>2023-10-21T09:11:49Z</time>
			</trkpt>
			<trkpt lat="59.930426226378316" lon="30.378515514884572">
				<ele>13.754601842723787</ele>
				<time>2023-10-21T09:11:51Z</time>
			</trkpt>
			<trkpt lat="59.93042783954395" lon="30.378557850305558">
				<ele>14.267049907706678</ele>
				<time>2023-10-21T09:11:53Z</time>
			</trkpt>
			<trkpt lat="59.93042230802416" lon="30.378599554335395">
				<ele>14.802011975087225</ele>
				<time>2023-10-21T09:11:54Z</time>
			</trkpt>
			<trkpt lat="59.9304352479276" lon="30.378638847891295">
				<ele>12.078881304711103</ele>
				<time>2023-10-21T09:11:56Z</time>
			</trkpt>
			<trkpt lat="59.93043369479572" lon="30.37868654927449">
				<ele>9.93620040640235</ele>
				<time>2023-10-21T09:11:59Z</time>
			</trkpt>
			<trkpt lat="59.930443334831466" lon="30.378732800584448">
				<ele>10.855524411424994</ele>
				<time>2023-10-21T09:12:01Z</time>
			</trkpt>
			<trkpt lat="59.93044644808436" lon="30.378780636262533">
				<ele>11.177026820369065</ele>
				<time>2023-10-21T09:12:02Z</time>
			</trkpt>
			<trkpt lat="59.93045668771368" lon="30.378831892943243">
				<ele>12.727400462143123</ele>
				<time>2023-10-21T09:12:04Z</time>
			</trkpt>
			<trkpt lat="59.9304659561428" lon="30.37887971549643">
				<ele>10.373881161212921</ele>
				<time>2023-10-21T09:12:07Z</time>
			</trkpt>
			<trkpt lat="59.93048183766179" lon="30.378922499740614">
				<ele>12.67153387516737</ele>
				<time>2023-10-21T09:12:09Z</time>
			</trkpt>
			<trkpt lat="59.93049069737516" lon="30.378963863664747">
				<ele>11.152165462262928</ele>
				<time>2023-10-21T09:12:11Z</time>
			</trkpt>
			<trkpt lat="59.93049856409712" lon="30.378999723914117">
				<ele>11.370108721777797</ele>
				<time>2023-10-21T09:12:12Z</time>
			</trkpt>
			<trkpt lat="59.93050374571829" lon="30.379040229236452">
				<ele>10.688873854465783</ele>
				<time>2023-10-21T09:12:14Z</time>
			</trkpt>
			<trkpt lat="59.93051200145839" lon="30.379090080259186">
				<ele>10.400302258320153</ele>
				<time>2023-10-21T09:12:16Z</time>
			</trkpt>
			<trkpt lat="59.93052117207571" lon="30.379138936790685">
				<ele>10.81045498792082</ele>
				<time>2023-10-21T09:12:18Z</time>
			</trkpt>
			<trkpt lat="59.930527761761205" lon="30.379174228201098">
				<ele>12.013596676290035</ele>
				<time>2023-10-21T09:12:19Z</time>
			</trkpt>
			<trkpt lat="59.93053120045193" lon="30.37921335435483">
				<ele>9.514771367423236</ele>
				<time>2023-10-21T09:12:21Z</time>
			</trkpt>
			<trkpt lat="59.93053661001766" lon="30.37925068159155">
				<ele>8.11745107267052</ele>
				<time>2023-10-21T09:12:23Z</time>
			</trkpt>
			<trkpt lat="59.93053843417643" lon="30.379290924566234">
				<ele>8.381368295289576</ele>
				<time>2023-10-21T09:12:25Z</time>
			</trkpt>
			<trkpt lat="59.93055195462642" lon="30.379339157309555">
				<ele>8.95025693718344</ele>
				<time>2023-10-21T09:12:27Z</time>
			</trkpt>
			<trkpt lat="59.93056101536053" lon="30.379403644837403">
				<ele>10.461153531447053</ele>
				<time>2023-10-21T09:12:30Z</time>
			</trkpt>
			<trkpt lat="59.930564268945176" lon="30.379457257062132">
				<ele>9.349024161696434</ele>
				<time>2023-10-21T09:12:33Z</time>
			</trkpt>
			<trkpt lat="59.930566466805125" lon="30.379538406590907">
				<ele>10.813694038428366</ele>
				<time>2023-10-21T09:12:35Z</time>
			</trkpt>
			<trkpt lat="59.930572713622794" lon="30.379593372613673">
				<ele>11.93706111330539</ele>
				<time>2023-10-21T09:12:37Z</time>
			</trkpt>
			<trkpt lat="59.930581993265406" lon="30.37962971769924">
				<ele>14.02825287077576</ele>
				<time>2023-10-21T09:12:38Z</time>
			</trkpt>
			<trkpt lat="59.93058344322783" lon="30.37967099172416">
				<ele>12.147557841613889</ele>
				<time>2023-10-21T09:12:40Z</time>
			</trkpt>
			<trkpt lat="59.93057722962026" lon="30.379724808257627">
				<ele>11.15945096500218</ele>
				<time>2023-10-21T09:12:44Z</time>
			</trkpt>
			<trkpt lat="59.930576871615365" lon="30.379768318248537">
				<ele>9.494978348724544</ele>
				<time>2023-10-21T09:12:46Z</time>
			</trkpt>
			<trkpt lat="59.930562344646724" lon="30.379790686676632">
				<ele>9.197774800471961</ele>
				<time>2023-10-21T09:12:47Z</time>
			</trkpt>
			<trkpt lat="59.930567068631156" lon="30.37983529014408">
				<ele>12.010164305567741</ele>
				<time>2023-10-21T09:12:48Z</time>
			</trkpt>
			<trkpt lat="59.930559639688575" lon="30.379882546149936">
				<ele>11.685200276784599</ele>
				<time>2023-10-21T09:12:50Z</time>
			</trkpt>
			<trkpt lat="59.9305592668744" lon="30.379920087841217">
				<ele>11.354309406131506</ele>
				<time>2023-10-21T09:12:52Z</time>
			</trkpt>
			<trkpt lat="59.93056895530239" lon="30.379956744183378">
				<ele>11.52335441391915</ele>
				<time>2023-10-21T09:12:54Z</time>
			</trkpt>
			<trkpt lat="59.93058812742628" lon="30.380010020825676">
				<ele>12.425081786699593</ele>
				<time>2023-10-21T09:12:56Z</time>
			</trkpt>
			<trkpt lat="59.930596615924074" lon="30.380047993268583">
				<ele>14.260352401062846</ele>
				<time>2023-10-21T09:12:57Z</time>
			</trkpt>
			<trkpt lat="59.930599291256435" lon="30.380090297941607">
				<ele>10.371735257096589</ele>
				<time>2023-10-21T09:13:00Z</time>
			</trkpt>
			<trkpt lat="59.9306137278101" lon="30.38012834581015">
				<ele>9.383146695792675</ele>
				<time>2023-10-21T09:13:02Z</time>
			</trkpt>
			<trkpt lat="59.930624785943785" lon="30.38016993210971">
				<ele>9.270087657496333</ele>
				<time>2023-10-21T09:13:04Z</time>
			</trkpt>
			<trkpt lat="59.93062141884161" lon="30.38021544327175">
				<ele>10.129025124944746</ele>
				<time>2023-10-21T09:13:06Z</time>
			</trkpt>
			<trkpt lat="59.930628242873176" lon="30.38026138844005">
				<ele>11.49680990446359</ele>
				<time>2023-10-21T09:13:08Z</time>
			</trkpt>
			<trkpt lat="59.93063626630714" lon="30.380319490115074">
				<ele>10.756685097701848</ele>
				<time>2023-10-21T09:13:10Z</time>
			</trkpt>
			<trkpt lat="59.930657621731626" lon="30.38032869448697">
				<ele>15.837385267950594</ele>
				<time>2023-10-21T09:13:14Z</time>
			</trkpt>
			<trkpt lat="59.93065530628642" lon="30.38036440412591">
				<ele>16.50641009118408</ele>
				<time>2023-10-21T09:13:15Z</time>
			</trkpt>
			<trkpt lat="59.9306596916033" lon="30.380421041462995">
				<ele>18.832041684538126</ele>
				<time>2023-10-21T09:13:18Z</time>
			</trkpt>
			<trkpt lat="59.93063861712485" lon="30.380421718329202">
				<ele>17.380497778765857</ele>
				<time>2023-10-21T09:13:19Z</time>
			</trkpt>
			<trkpt lat="59.93061652128909" lon="30.380417396797302">
				<ele>16.823785597458482</ele>
				<time>2023-10-21T09:13:20Z</time>
			</trkpt>
			<trkpt lat="59.930587802412845" lon="30.380428148778414">
				<ele>15.746051980182528</ele>
				<time>2023-10-21T09:13:21Z</time>
			</trkpt>
			<trkpt lat="59.93056983730653" lon="30.380434408341134">
				<ele>15.595262260176241</ele>
				<time>2023-10-21T09:13:22Z</time>
			</trkpt>
			<trkpt lat="59.93053631104566" lon="30.380452521704335">
				<ele>13.730595234781504</ele>
				<time>2023-10-21T09:13:24Z</time>
			</trkpt>
			<trkpt lat="59.93051636711885" lon="30.380464806288824">
				<ele>12.831303151324391</ele>
				<time>2023-10-21T09:13:25Z</time>
			</trkpt>
			<trkpt lat="59.93048598355109" lon="30.380493659284255">
				<ele>12.997305086813867</ele>
				<time>2023-10-21T09:13:27Z</time>
			</trkpt>
			<trkpt lat="59.93046137142953" lon="30.380510257520577">
				<ele>12.374669333919883</ele>
				<time>2023-10-21T09:13:29Z</time>
			</trkpt>
			<trkpt lat="59.930444204474654" lon="30.380530608589797">
				<ele>15.285378681495786</ele>
				<time>2023-10-21T09:13:33Z</time>
			</trkpt>
			<trkpt lat="59.93042122986576" lon="30.380544681342922">
				<ele>15.369994006119668</ele>
				<time>2023-10-21T09:13:37Z</time>
			</trkpt>
			<trkpt lat="59.930384463280085" lon="30.3805512474908">
				<ele>15.326855420134962</ele>
				<time>2023-10-21T09:13:39Z</time>
			</trkpt>
			<trkpt lat="59.93031547729317" lon="30.380547308148817">
				<ele>14.86522079538554</ele>
				<time>2023-10-21T09:13:40Z</time>
			</trkpt>
			<trkpt lat="59.93027215136181" lon="30.380563872129954">
				<ele>15.165339512750506</ele>
				<time>2023-10-21T09:13:41Z</time>
			</trkpt>
			<trkpt lat="59.93025536489692" lon="30.380602555790595">
				<ele>11.596026852726936</ele>
				<time>2023-10-21T09:13:43Z</time>
			</trkpt>
			<trkpt lat="59.930235160495215" lon="30.380605082820498">
				<ele>9.24572233017534</ele>
				<time>2023-10-21T09:13:47Z</time>
			</trkpt>
			<trkpt lat="59.93021578373713" lon="30.380566935106177">
				<ele>8.802125724963844</ele>
				<time>2023-10-21T09:13:49Z</time>
			</trkpt>
			<trkpt lat="59.930184493677544" lon="30.38056447514116">
				<ele>10.39152301196009</ele>
				<time>2023-10-21T09:13:51Z</time>
			</trkpt>
			<trkpt lat="59.93015752217854" lon="30.380534626772064">
				<ele>8.670927175320685</ele>
				<time>2023-10-21T09:13:54Z</time>
			</trkpt>
			<trkpt lat="59.93013738139916" lon="30.380546357218936">
				<ele>10.139108300209045</ele>
				<time>2023-10-21T09:13:56Z</time>
			</trkpt>
			<trkpt lat="59.9301106441384" lon="30.380543875522047">
				<ele>10.992428831756115</ele>
				<time>2023-10-21T09:13:59Z</time>
			</trkpt>
			<trkpt lat="59.93008023143515" lon="30.380583194248892">
				<ele>12.372816471382976</ele>
				<time>2023-10-21T09:14:01Z</time>
			</trkpt>
			<trkpt lat="59.93005461682885" lon="30.38055873826353">
				<ele>10.053973412141204</ele>
				<time>2023-10-21T09:14:03Z</time>
			</trkpt>
			<trkpt lat="59.93005531856951" lon="30.380503663667742">
				<ele>9.88001100718975</ele>
				<time>2023-10-21T09:14:05Z</time>
			</trkpt>
			<trkpt lat="59.930042898544684" lon="30.38046509134347">
				<ele>8.369086389429867</ele>
				<time>2023-10-21T09:14:07Z</time>
			</trkpt>
			<trkpt lat="59.93000592815426" lon="30.380430909825073">
				<ele>9.874048459343612</ele>
				<time>2023-10-21T09:14:09Z</time>
			</trkpt>
			<trkpt lat="59.930027792632615" lon="30.38044119565282">
				<ele>5.005472267046571</ele>
				<time>2023-10-21T09:14:15Z</time>
			</trkpt>
			<trkpt lat="59.93005127835694" lon="30.380467468744005">
				<ele>5.7656044056639075</ele>
				<time>2023-10-21T09:14:17Z</time>
			</trkpt>
			<trkpt lat="59.9300746987314" lon="30.380511526932782">
				<ele>6.912884288467467</ele>
				<time>2023-10-21T09:14:19Z</time>
			</trkpt>
			<trkpt lat="59.93010352651827" lon="30.380526848045136">
				<ele>8.966410824097693</ele>
				<time>2023-10-21T09:14:21Z</time>
			</trkpt>
			<trkpt lat="59.93013383089566" lon="30.38054214024156">
				<ele>12.48169718682766</ele>
				<time>2023-10-21T09:14:23Z</time>
			</trkpt>
			<trkpt lat="59.93015806345909" lon="30.380532025380873">
				<ele>10.604239297099411</ele>
				<time>2023-10-21T09:14:25Z</time>
			</trkpt>
			<trkpt lat="59.93017882219595" lon="30.38051501979871">
				<ele>8.90447656903416</ele>
				<time>2023-10-21T09:14:28Z</time>
			</trkpt>
			<trkpt lat="59.93019633607733" lon="30.380526012422088">
				<ele>10.04323723167181</ele>
				<time>2023-10-21T09:14:30Z</time>
			</trkpt>
			<trkpt lat="59.930242172572115" lon="30.380512781293184">
				<ele>11.034274915233254</ele>
				<time>2023-10-21T09:14:32Z</time>
			</trkpt>
			<trkpt lat="59.93028156960774" lon="30.380526234758552">
				<ele>15.915741256438196</ele>
				<time>2023-10-21T09:14:33Z</time>
			</trkpt>
			<trkpt lat="59.93030102697774" lon="30.38052534393764">
				<ele>15.444265739060938</ele>
				<time>2023-10-21T09:14:35Z</time>
			</trkpt>
			<trkpt lat="59.93031304564185" lon="30.380554864143622">
				<ele>16.09518229123205</ele>
				<time>2023-10-21T09:14:39Z</time>
			</trkpt>
			<trkpt lat="59.93037739434128" lon="30.38054981282636">
				<ele>11.71789854299277</ele>
				<time>2023-10-21T09:14:44Z</time>
			</trkpt>
			<trkpt lat="59.93039596278704" lon="30.380553085927282">
				<ele>12.458854203112423</ele>
				<time>2023-10-21T09:14:46Z</time>
			</trkpt>
			<trkpt lat="59.93045690829707" lon="30.38060844188728">
				<ele>13.260510328225791</ele>
				<time>2023-10-21T09:14:49Z</time>
			</trkpt>
			<trkpt lat="59.93045167407844" lon="30.380452163100184">
				<ele>11.156603475101292</ele>
				<time>2023-10-21T09:14:50Z</time>
			</trkpt>
			<trkpt lat="59.93039113850691" lon="30.38050357867985">
				<ele>8.635801818221807</ele>
				<time>2023-10-21T09:14:51Z</time>
			</trkpt>
			<trkpt lat="59.9304361355182" lon="30.3805277894237">
				<ele>7.975866208784282</ele>
				<time>2023-10-21T09:14:52Z</time>
			</trkpt>
			<trkpt lat="59.93045963935657" lon="30.38052529893066">
				<ele>9.585320900194347</ele>
				<time>2023-10-21T09:14:53Z</time>
			</trkpt>
			<trkpt lat="59.93047176130498" lon="30.38055413408255">
				<ele>8.625764421187341</ele>
				<time>2023-10-21T09:14:55Z</time>
			</trkpt>
			<trkpt lat="59.93047462350028" lon="30.380610197801413">
				<ele>9.472240588627756</ele>
				<time>2023-10-21T09:14:57Z</time>
			</trkpt>
			<trkpt lat="59.930475831862914" lon="30.380654292280173">
				<ele>9.381920788437128</ele>
				<time>2023-10-21T09:14:59Z</time>
			</trkpt>
			<trkpt lat="59.93048259772654" lon="30.380705664230153">
				<ele>10.145725414156914</ele>
				<time>2023-10-21T09:15:01Z</time>
			</trkpt>
			<trkpt lat="59.93047609281342" lon="30.380742031082264">
				<ele>9.39316619746387</ele>
				<time>2023-10-21T09:15:02Z</time>
			</trkpt>
			<trkpt lat="59.93048914143237" lon="30.38079126208638">
				<ele>12.028302274644375</ele>
				<time>2023-10-21T09:15:05Z</time>
			</trkpt>
			<trkpt lat="59.930492905056575" lon="30.38082783987559">
				<ele>8.856815123930573</ele>
				<time>2023-10-21T09:15:07Z</time>
			</trkpt>
			<trkpt lat="59.93049887550216" lon="30.380880447349355">
				<ele>8.240472724661231</ele>
				<time>2023-10-21T09:15:09Z</time>
			</trkpt>
			<trkpt lat="59.930510084707734" lon="30.38093360736247">
				<ele>9.072203667834401</ele>
				<time>2023-10-21T09:15:11Z</time>
			</trkpt>
			<trkpt lat="59.93051123577521" lon="30.380993126129546">
				<ele>7.938583856448531</ele>
				<time>2023-10-21T09:15:14Z</time>
			</trkpt>
			<trkpt lat="59.93052571519916" lon="30.38104434391925">
				<ele>11.638591842725873</ele>
				<time>2023-10-21T09:15:16Z</time>
			</trkpt>
			<trkpt lat="59.93053908704026" lon="30.38107521737693">
				<ele>11.588759968057275</ele>
				<time>2023-10-21T09:15:18Z</time>
			</trkpt>
			<trkpt lat="59.93055626544119" lon="30.381111434212205">
				<ele>12.363153657875955</ele>
				<time>2023-10-21T09:15:20Z</time>
			</trkpt>
			<trkpt lat="59.93056471621227" lon="30.381153909778124">
				<ele>12.954033470712602</ele>
				<time>2023-10-21T09:15:21Z</time>
			</trkpt>
			<trkpt lat="59.930560166299614" lon="30.381209184113192">
				<ele>12.072956805117428</ele>
				<time>2023-10-21T09:15:23Z</time>
			</trkpt>
			<trkpt lat="59.930563063961486" lon="30.381253688832164">
				<ele>12.47022956982255</ele>
				<time>2023-10-21T09:15:25Z</time>
			</trkpt>
			<trkpt lat="59.93057758391964" lon="30.381301416676866">
				<ele>14.714762987568974</ele>
				<time>2023-10-21T09:15:27Z</time>
			</trkpt>
			<trkpt lat="59.93057070385836" lon="30.38134816572495">
				<ele>12.328082856722176</ele>
				<time>2023-10-21T09:15:29Z</time>
			</trkpt>
			<trkpt lat="59.93056246348676" lon="30.381403357004483">
				<ele>11.127419605851173</ele>
				<time>2023-10-21T09:15:31Z</time>
			</trkpt>
			<trkpt lat="59.93056195637281" lon="30.38144106286849">
				<ele>9.982520026154816</ele>
				<time>2023-10-21T09:15:33Z</time>
			</trkpt>
			<trkpt lat="59.93056313836434" lon="30.38150054268751">
				<ele>12.16008845437318</ele>
				<time>2023-10-21T09:15:35Z</time>
			</trkpt>
			<trkpt lat="59.93056984996434" lon="30.381538429558578">
				<ele>11.687047234736383</ele>
				<time>2023-10-21T09:15:37Z</time>
			</trkpt>
			<trkpt lat="59.93057138616472" lon="30.381590770390396">
				<ele>9.30841466691345</ele>
				<time>2023-10-21T09:15:40Z</time>
			</trkpt>
			<trkpt lat="59.93056821384058" lon="30.381646286097496">
				<ele>6.585747944191098</ele>
				<time>2023-10-21T09:15:43Z</time>
			</trkpt>
			<trkpt lat="59.93056466788156" lon="30.38168432567608">
				<ele>6.502696472220123</ele>
				<time>2023-10-21T09:15:44Z</time>
			</trkpt>
			<trkpt lat="59.93056278909125" lon="30.381728709471385">
				<ele>7.341690207831562</ele>
				<time>2023-10-21T09:15:47Z</time>
			</trkpt>
			<trkpt lat="59.930579020995715" lon="30.38177243833904">
				<ele>10.732524652965367</ele>
				<time>2023-10-21T09:15:49Z</time>
			</trkpt>
			<trkpt lat="59.93058422009695" lon="30.381812399715397">
				<ele>8.603298322297633</ele>
				<time>2023-10-21T09:15:50Z</time>
			</trkpt>
			<trkpt lat="59.93059663394548" lon="30.381849126151124">
				<ele>7.530589264817536</ele>
				<time>2023-10-21T09:15:52Z</time>
			</trkpt>
			<trkpt lat="59.930570144554395" lon="30.381897222015446">
				<ele>8.842636755667627</ele>
				<time>2023-10-21T09:15:55Z</time>
			</trkpt>
			<trkpt lat="59.930554987945726" lon="30.38193223113311">
				<ele>7.707672140561044</ele>
				<time>2023-10-21T09:15:57Z</time>
			</trkpt>
			<trkpt lat="59.93054003579653" lon="30.381990014912983">
				<ele>7.420742992311716</ele>
				<time>2023-10-21T09:15:59Z</time>
			</trkpt>
			<trkpt lat="59.93051747676478" lon="30.382031267282795">
				<ele>6.548181953839958</ele>
				<time>2023-10-21T09:16:01Z</time>
			</trkpt>
			<trkpt lat="59.930499437573765" lon="30.382058209928665">
				<ele>7.078421889804304</ele>
				<time>2023-10-21T09:16:03Z</time>
			</trkpt>
			<trkpt lat="59.930482837984414" lon="30.382080612875633">
				<ele>8.338307405821979</ele>
				<time>2023-10-21T09:16:06Z</time>
			</trkpt>
			<trkpt lat="59.93046382738449" lon="30.382085279341723">
				<ele>8.75594027619809</ele>
				<time>2023-10-21T09:16:09Z</time>
			</trkpt>
			<trkpt lat="59.93044482018822" lon="30.38209709724672">
				<ele>6.482453960925341</ele>
				<time>2023-10-21T09:16:13Z</time>
			</trkpt>
			<trkpt lat="59.930393539022226" lon="30.382013987486705">
				<ele>8.187667819671333</ele>
				<time>2023-10-21T09:16:14Z</time>
			</trkpt>
			<trkpt lat="59.93036054971871" lon="30.38201265343069">
				<ele>9.308828760869801</ele>
				<time>2023-10-21T09:16:16Z</time>
			</trkpt>
			<trkpt lat="59.930380703472245" lon="30.38203780980613">
				<ele>8.331741865724325</ele>
				<time>2023-10-21T09:16:17Z</time>
			</trkpt>
			<trkpt lat="59.930400198741516" lon="30.382084779334274">
				<ele>9.39304131641984</ele>
				<time>2023-10-21T09:16:20Z</time>
			</trkpt>
			<trkpt lat="59.93040561140824" lon="30.382139831396557">
				<ele>8.274609516374767</ele>
				<time>2023-10-21T09:16:22Z</time>
			</trkpt>
			<trkpt lat="59.93039908695802" lon="30.382194203252894">
				<ele>13.922803434543312</ele>
				<time>2023-10-21T09:16:24Z</time>
			</trkpt>
			<trkpt lat="59.930426003276345" lon="30.38219626752617">
				<ele>11.32819226756692</ele>
				<time>2023-10-21T09:16:26Z</time>
			</trkpt>
			<trkpt lat="59.93044937126459" lon="30.38223278467573">
				<ele>10.296176046133041</ele>
				<time>2023-10-21T09:16:29Z</time>
			</trkpt>
			<trkpt lat="59.93041792109364" lon="30.38223470179085">
				<ele>14.130809123627841</ele>
				<time>2023-10-21T09:16:35Z</time>
			</trkpt>
			<trkpt lat="59.93039302152525" lon="30.38224165490956">
				<ele>15.927559894509614</ele>
				<time>2023-10-21T09:16:42Z</time>
			</trkpt>
			<trkpt lat="59.9304023631516" lon="30.382201493822645">
				<ele>15.506717074662447</ele>
				<time>2023-10-21T09:16:43Z</time>
			</trkpt>
			<trkpt lat="59.930383663586106" lon="30.38214532177423">
				<ele>16.73910813778639</ele>
				<time>2023-10-21T09:16:44Z</time>
			</trkpt>
			<trkpt lat="59.93038451941749" lon="30.38210222204378">
				<ele>12.573059446178377</ele>
				<time>2023-10-21T09:16:46Z</time>
			</trkpt>
			<trkpt lat="59.93037626886343" lon="30.382035799352664">
				<ele>9.836481067351997</ele>
				<time>2023-10-21T09:16:49Z</time>
			</trkpt>
			<trkpt lat="59.930380758711564" lon="30.38200021219813">
				<ele>9.656592281535268</ele>
				<time>2023-10-21T09:16:51Z</time>
			</trkpt>
			<trkpt lat="59.93038143797337" lon="30.381960867342084">
				<ele>9.529971349984407</ele>
				<time>2023-10-21T09:16:53Z</time>
			</trkpt>
			<trkpt lat="59.93038388248043" lon="30.381918853102977">
				<ele>8.0105473510921</ele>
				<time>2023-10-21T09:16:56Z</time>
			</trkpt>
			<trkpt lat="59.93041121261522" lon="30.381897972764246">
				<ele>11.906251312233508</ele>
				<time>2023-10-21T09:16:58Z</time>
			</trkpt>
			<trkpt lat="59.93044567994789" lon="30.381914238223835">
				<ele>12.077563390135765</ele>
				<time>2023-10-21T09:17:00Z</time>
			</trkpt>
			<trkpt lat="59.93047167726433" lon="30.381949520129613">
				<ele>12.449489654041827</ele>
				<time>2023-10-21T09:17:01Z</time>
			</trkpt>
			<trkpt lat="59.93048049365285" lon="30.381904369529973">
				<ele>15.705199447460473</ele>
				<time>2023-10-21T09:17:03Z</time>
			</trkpt>
			<trkpt lat="59.9304954012172" lon="30.38185953249245">
				<ele>10.906885261647403</ele>
				<time>2023-10-21T09:17:05Z</time>
			</trkpt>
			<trkpt lat="59.93050290428434" lon="30.381821719976863">
				<ele>10.863699171692133</ele>
				<time>2023-10-21T09:17:06Z</time>
			</trkpt>
			<trkpt lat="59.930531050091915" lon="30.381834708769397">
				<ele>12.127008157782257</ele>
				<time>2023-10-21T09:17:08Z</time>
			</trkpt>
			<trkpt lat="59.93055082254814" lon="30.381833760959218">
				<ele>8.554553421214223</ele>
				<time>2023-10-21T09:17:10Z</time>
			</trkpt>
			<trkpt lat="59.930582956772604" lon="30.381842755622664">
				<ele>12.287711061537266</ele>
				<time>2023-10-21T09:17:12Z</time>
			</trkpt>
			<trkpt lat="59.930579586055124" lon="30.381889688362175">
				<ele>10.917582904919982</ele>
				<time>2023-10-21T09:17:14Z</time>
			</trkpt>
			<trkpt lat="59.93060592569246" lon="30.381911117086">
				<ele>10.426405069418252</ele>
				<time>2023-10-21T09:17:15Z</time>
			</trkpt>
			<trkpt lat="59.93062151330238" lon="30.381962871878816">
				<ele>11.74544466752559</ele>
				<time>2023-10-21T09:17:17Z</time>
			</trkpt>
			<trkpt lat="59.930631036020785" lon="30.382013336814115">
				<ele>14.145340397022665</ele>
				<time>2023-10-21T09:17:19Z</time>
			</trkpt>
			<trkpt lat="59.930619282574234" lon="30.38206623688801">
				<ele>11.022063960321248</ele>
				<time>2023-10-21T09:17:22Z</time>
			</trkpt>
			<trkpt lat="59.93060174238118" lon="30.382115032820135">
				<ele>9.67071492690593</ele>
				<time>2023-10-21T09:17:24Z</time>
			</trkpt>
			<trkpt lat="59.930609419654104" lon="30.382158087634142">
				<ele>8.13415236864239</ele>
				<time>2023-10-21T09:17:27Z</time>
			</trkpt>
			<trkpt lat="59.930610512551944" lon="30.38221149218895">
				<ele>10.763713842257857</ele>
				<time>2023-10-21T09:17:29Z</time>
			</trkpt>
			<trkpt lat="59.93060749804931" lon="30.38227761306654">
				<ele>10.06012617610395</ele>
				<time>2023-10-21T09:17:31Z</time>
			</trkpt>
			<trkpt lat="59.93061746122909" lon="30.382329156926396">
				<ele>9.440119451843202</ele>
				<time>2023-10-21T09:17:33Z</time>
			</trkpt>
			<trkpt lat="59.93062013746899" lon="30.382377443445634">
				<ele>9.941387959755957</ele>
				<time>2023-10-21T09:17:35Z</time>
			</trkpt>
			<trkpt lat="59.930654235157675" lon="30.38239468663677">
				<ele>12.565179605968297</ele>
				<time>2023-10-21T09:17:37Z</time>
			</trkpt>
			<trkpt lat="59.93065676939713" lon="30.382437890877785">
				<ele>9.898543341085315</ele>
				<time>2023-10-21T09:17:39Z</time>
			</trkpt>
			<trkpt lat="59.93065546929673" lon="30.382494631253294">
				<ele>10.783304431475699</ele>
				<time>2023-10-21T09:17:41Z</time>
			</trkpt>
			<trkpt lat="59.93065837258421" lon="30.382543534671463">
				<ele>10.927892084233463</ele>
				<time>2023-10-21T09:17:43Z</time>
			</trkpt>
			<trkpt lat="59.930673445674046" lon="30.38259460420895">
				<ele>13.848523895256221</ele>
				<time>2023-10-21T09:17:45Z</time>
			</trkpt>
			<trkpt lat="59.930679037966016" lon="30.38264202780117">
				<ele>12.290923315100372</ele>
				<time>2023-10-21T09:17:48Z</time>
			</trkpt>
			<trkpt lat="59.930677957083184" lon="30.38268200834109">
				<ele>11.137952296994627</ele>
				<time>2023-10-21T09:17:50Z</time>
			</trkpt>
			<trkpt lat="59.93067768152112" lon="30.382719605201938">
				<ele>11.454526050947607</ele>
				<time>2023-10-21T09:17:52Z</time>
			</trkpt>
			<trkpt lat="59.930677241028555" lon="30.382760190772032">
				<ele>12.377038109116256</ele>
				<time>2023-10-21T09:17:54Z</time>
			</trkpt>
			<trkpt lat="59.93070623492913" lon="30.382727827091426">
				<ele>7.440789596177638</ele>
				<time>2023-10-21T09:17:58Z</time>
			</trkpt>
			<trkpt lat="59.93073231112652" lon="30.382724212987778">
				<ele>9.419320202432573</ele>
				<time>2023-10-21T09:17:59Z</time>
			</trkpt>
			<trkpt lat="59.930750880148956" lon="30.382725968757622">
				<ele>11.258682122454047</ele>
				<time>2023-10-21T09:18:00Z</time>
			</trkpt>
			<trkpt lat="59.93077476994099" lon="30.382703285733026">
				<ele>9.48014278151095</ele>
				<time>2023-10-21T09:18:02Z</time>
			</trkpt>
			<trkpt lat="59.93079580013281" lon="30.3826992918791">
				<ele>8.909412324428558</ele>
				<time>2023-10-21T09:18:03Z</time>
			</trkpt>
			<trkpt lat="59.93082389937516" lon="30.38270233182651">
				<ele>9.301432318985462</ele>
				<time>2023-10-21T09:18:05Z</time>
			</trkpt>
			<trkpt lat="59.9308428461312" lon="30.38270776812705">
				<ele>9.735376989468932</ele>
				<time>2023-10-21T09:18:06Z</time>
			</trkpt>
			<trkpt lat="59.930862823915184" lon="30.382716016915985">
				<ele>10.050407978706062</ele>
				<time>2023-10-21T09:18:07Z</time>
			</trkpt>
			<trkpt lat="59.930873517389585" lon="30.38275623666246">
				<ele>9.37409910093993</ele>
				<time>2023-10-21T09:18:09Z</time>
			</trkpt>
			<trkpt lat="59.93088669600252" lon="30.38281379529692">
				<ele>9.221590065397322</ele>
				<time>2023-10-21T09:18:11Z</time>
			</trkpt>
			<trkpt lat="59.930904187005815" lon="30.382859706829247">
				<ele>9.08440996799618</ele>
				<time>2023-10-21T09:18:13Z</time>
			</trkpt>
			<trkpt lat="59.930925354469565" lon="30.38291154839481">
				<ele>10.47402356006205</ele>
				<time>2023-10-21T09:18:15Z</time>
			</trkpt>
			<trkpt lat="59.93095138297705" lon="30.382940866371246">
				<ele>11.647367477416992</ele>
				<time>2023-10-21T09:18:17Z</time>
			</trkpt>
			<trkpt lat="59.93096960456649" lon="30.382959359974475">
				<ele>12.105827832594514</ele>
				<time>2023-10-21T09:18:19Z</time>
			</trkpt>
			<trkpt lat="59.93098626027959" lon="30.38297947946832">
				<ele>13.037523155100644</ele>
				<time>2023-10-21T09:18:20Z</time>
			</trkpt>
			<trkpt lat="59.9310115683322" lon="30.382993629776298">
				<ele>13.429867820814252</ele>
				<time>2023-10-21T09:18:22Z</time>
			</trkpt>
			<trkpt lat="59.93103911698023" lon="30.3830270627572">
				<ele>11.275585933588445</ele>
				<time>2023-10-21T09:18:25Z</time>
			</trkpt>
			<trkpt lat="59.931054946171564" lon="30.383081275068115">
				<ele>10.743757317773998</ele>
				<time>2023-10-21T09:18:27Z</time>
			</trkpt>
			<trkpt lat="59.93105192942736" lon="30.383151839052598">
				<ele>11.7301787128672</ele>
				<time>2023-10-21T09:18:29Z</time>
			</trkpt>
			<trkpt lat="59.93105160238363" lon="30.383209116457465">
				<ele>9.5899721942842</ele>
				<time>2023-10-21T09:18:31Z</time>
			</trkpt>
			<trkpt lat="59.93105497595525" lon="30.383248143694324">
				<ele>10.941493737511337</ele>
				<time>2023-10-21T09:18:33Z</time>
			</trkpt>
			<trkpt lat="59.931072172270525" lon="30.383275170222273">
				<ele>12.820117227733135</ele>
				<time>2023-10-21T09:18:35Z</time>
			</trkpt>
			<trkpt lat="59.93109843127272" lon="30.383288305126335">
				<ele>12.608221327885985</ele>
				<time>2023-10-21T09:18:37Z</time>
			</trkpt>
			<trkpt lat="59.93111564401661" lon="30.38321891324304">
				<ele>12.491162788122892</ele>
				<time>2023-10-21T09:18:38Z</time>
			</trkpt>
			<trkpt lat="59.93113477530751" lon="30.383216108642443">
				<ele>12.348139149136841</ele>
				<time>2023-10-21T09:18:39Z</time>
			</trkpt>
			<trkpt lat="59.931157865223355" lon="30.38322510144118">
				<ele>11.733377375639975</ele>
				<time>2023-10-21T09:18:41Z</time>
			</trkpt>
			<trkpt lat="59.93118735094177" lon="30.38324477940441">
				<ele>11.56500752363354</ele>
				<time>2023-10-21T09:18:43Z</time>
			</trkpt>
			<trkpt lat="59.93121366640242" lon="30.383250999379136">
				<ele>10.880382450297475</ele>
				<time>2023-10-21T09:18:45Z</time>
			</trkpt>
			<trkpt lat="59.93124073595904" lon="30.383262014617024">
				<ele>11.136540917679667</ele>
				<time>2023-10-21T09:18:47Z</time>
			</trkpt>
			<trkpt lat="59.93127160908375" lon="30.383258044503783">
				<ele>11.134797485545278</ele>
				<time>2023-10-21T09:18:49Z</time>
			</trkpt>
			<trkpt lat="59.93129556852546" lon="30.383230927151338">
				<ele>10.793811740353703</ele>
				<time>2023-10-21T09:18:51Z</time>
			</trkpt>
			<trkpt lat="59.93131312818096" lon="30.38321784440034">
				<ele>11.025459938682616</ele>
				<time>2023-10-21T09:18:52Z</time>
			</trkpt>
			<trkpt lat="59.93133604195715" lon="30.383206596972357">
				<ele>11.567807669751346</ele>
				<time>2023-10-21T09:18:54Z</time>
			</trkpt>
			<trkpt lat="59.931362827598356" lon="30.38318107435925">
				<ele>12.710992359556258</ele>
				<time>2023-10-21T09:18:56Z</time>
			</trkpt>
			<trkpt lat="59.931384969032635" lon="30.38317078383">
				<ele>12.086734469980001</ele>
				<time>2023-10-21T09:18:58Z</time>
			</trkpt>
			<trkpt lat="59.93139909945889" lon="30.383198437123387">
				<ele>11.463976572267711</ele>
				<time>2023-10-21T09:18:59Z</time>
			</trkpt>
			<trkpt lat="59.93141883512319" lon="30.383237778088855">
				<ele>6.982118973508477</ele>
				<time>2023-10-21T09:19:02Z</time>
			</trkpt>
			<trkpt lat="59.931447392705145" lon="30.38323389158722">
				<ele>7.06586510501802</ele>
				<time>2023-10-21T09:19:04Z</time>
			</trkpt>
			<trkpt lat="59.93147515308687" lon="30.383217286091163">
				<ele>6.548741890117526</ele>
				<time>2023-10-21T09:19:06Z</time>
			</trkpt>
			<trkpt lat="59.93150236406758" lon="30.38320880929135">
				<ele>7.895167631097138</ele>
				<time>2023-10-21T09:19:08Z</time>
			</trkpt>
			<trkpt lat="59.93152540510216" lon="30.383192281386364">
				<ele>9.258801680058241</ele>
				<time>2023-10-21T09:19:10Z</time>
			</trkpt>
			<trkpt lat="59.931551352666176" lon="30.383186889756203">
				<ele>8.288761431351304</ele>
				<time>2023-10-21T09:19:12Z</time>
			</trkpt>
			<trkpt lat="59.93157781184183" lon="30.38317466000876">
				<ele>7.904259217903018</ele>
				<time>2023-10-21T09:19:14Z</time>
			</trkpt>
			<trkpt lat="59.93160460040165" lon="30.383188855323954">
				<ele>8.535809455439448</ele>
				<time>2023-10-21T09:19:16Z</time>
			</trkpt>
			<trkpt lat="59.93163402174119" lon="30.383180591652078">
				<ele>9.359417150728405</ele>
				<time>2023-10-21T09:19:18Z</time>
			</trkpt>
			<trkpt lat="59.9316545255385" lon="30.383173328802513">
				<ele>9.140436723828316</ele>
				<time>2023-10-21T09:19:20Z</time>
			</trkpt>
			<trkpt lat="59.931680603932136" lon="30.38316337833378">
				<ele>8.870456777513027</ele>
				<time>2023-10-21T09:19:22Z</time>
			</trkpt>
			<trkpt lat="59.93169990836657" lon="30.383144317105025">
				<ele>9.777852115221322</ele>
				<time>2023-10-21T09:19:24Z</time>
			</trkpt>
			<trkpt lat="59.93172460707536" lon="30.383127546610716">
				<ele>10.692388604395092</ele>
				<time>2023-10-21T09:19:26Z</time>
			</trkpt>
			<trkpt lat="59.93174710888602" lon="30.3831361683715">
				<ele>8.38872398622334</ele>
				<time>2023-10-21T09:19:28Z</time>
			</trkpt>
			<trkpt lat="59.93177226760706" lon="30.383117716656233">
				<ele>7.599938738159835</ele>
				<time>2023-10-21T09:19:30Z</time>
			</trkpt>
			<trkpt lat="59.931802613490376" lon="30.38311248605257">
				<ele>8.958532601594925</ele>
				<time>2023-10-21T09:19:32Z</time>
			</trkpt>
			<trkpt lat="59.93182881916342" lon="30.383125126170533">
				<ele>8.600942851044238</ele>
				<time>2023-10-21T09:19:34Z</time>
			</trkpt>
			<trkpt lat="59.93185986295619" lon="30.383109046493683">
				<ele>7.859536446630955</ele>
				<time>2023-10-21T09:19:37Z</time>
			</trkpt>
			<trkpt lat="59.93187691480755" lon="30.383072095852622">
				<ele>8.369360410608351</ele>
				<time>2023-10-21T09:19:39Z</time>
			</trkpt>
			<trkpt lat="59.93189725413102" lon="30.383048525024044">
				<ele>7.979883633553982</ele>
				<time>2023-10-21T09:19:41Z</time>
			</trkpt>
			<trkpt lat="59.93191897862617" lon="30.383028471560582">
				<ele>7.705646306276321</ele>
				<time>2023-10-21T09:19:43Z</time>
			</trkpt>
			<trkpt lat="59.9319466042962" lon="30.383005774086023">
				<ele>8.393877974711359</ele>
				<time>2023-10-21T09:19:45Z</time>
			</trkpt>
			<trkpt lat="59.931968220561274" lon="30.382996057879676">
				<ele>8.515212498605251</ele>
				<time>2023-10-21T09:19:47Z</time>
			</trkpt>
			<trkpt lat="59.93199335203113" lon="30.382979810969918">
				<ele>8.508332272060215</ele>
				<time>2023-10-21T09:19:49Z</time>
			</trkpt>
			<trkpt lat="59.93201227531373" lon="30.382957668466503">
				<ele>8.399560107849538</ele>
				<time>2023-10-21T09:19:51Z</time>
			</trkpt>
			<trkpt lat="59.93203732279491" lon="30.382953484537566">
				<ele>7.976411137729883</ele>
				<time>2023-10-21T09:19:53Z</time>
			</trkpt>
			<trkpt lat="59.932063339527765" lon="30.382938740760544">
				<ele>8.146670366637409</ele>
				<time>2023-10-21T09:19:55Z</time>
			</trkpt>
			<trkpt lat="59.93208769876221" lon="30.382941124312985">
				<ele>8.32632089778781</ele>
				<time>2023-10-21T09:19:57Z</time>
			</trkpt>
			<trkpt lat="59.93211349732551" lon="30.382920770428647">
				<ele>9.11201913934201</ele>
				<time>2023-10-21T09:19:59Z</time>
			</trkpt>
			<trkpt lat="59.932135448373344" lon="30.3829173866033">
				<ele>8.650210033170879</ele>
				<time>2023-10-21T09:20:01Z</time>
			</trkpt>
			<trkpt lat="59.93215038300928" lon="30.382897385683098">
				<ele>6.410791034810245</ele>
				<time>2023-10-21T09:20:03Z</time>
			</trkpt>
			<trkpt lat="59.93217049183705" lon="30.38286953851032">
				<ele>6.624205742031336</ele>
				<time>2023-10-21T09:20:06Z</time>
			</trkpt>
			<trkpt lat="59.93219088404232" lon="30.38288797157818">
				<ele>7.099962964653969</ele>
				<time>2023-10-21T09:20:07Z</time>
			</trkpt>
			<trkpt lat="59.93218965703392" lon="30.382745693980524">
				<ele>8.695079570636153</ele>
				<time>2023-10-21T09:20:08Z</time>
			</trkpt>
			<trkpt lat="59.932209463043705" lon="30.382736664542588">
				<ele>7.418629454448819</ele>
				<time>2023-10-21T09:20:09Z</time>
			</trkpt>
			<trkpt lat="59.932231983477166" lon="30.382712668512568">
				<ele>6.182971208356321</ele>
				<time>2023-10-21T09:20:11Z</time>
			</trkpt>
			<trkpt lat="59.932252553481625" lon="30.382712313416842">
				<ele>9.367621818557382</ele>
				<time>2023-10-21T09:20:12Z</time>
			</trkpt>
			<trkpt lat="59.93225857022625" lon="30.38259735176493">
				<ele>8.026321575045586</ele>
				<time>2023-10-21T09:20:14Z</time>
			</trkpt>
			<trkpt lat="59.932272900029304" lon="30.382565494238523">
				<ele>7.02968898229301</ele>
				<time>2023-10-21T09:20:15Z</time>
			</trkpt>
			<trkpt lat="59.93228974527951" lon="30.382499888647132">
				<ele>8.860268385149539</ele>
				<time>2023-10-21T09:20:17Z</time>
			</trkpt>
			<trkpt lat="59.93230498598484" lon="30.382463028865555">
				<ele>9.621686270460486</ele>
				<time>2023-10-21T09:20:18Z</time>
			</trkpt>
			<trkpt lat="59.93233496951769" lon="30.382425417060507">
				<ele>10.44869324658066</ele>
				<time>2023-10-21T09:20:20Z</time>
			</trkpt>
			<trkpt lat="59.9323633033792" lon="30.38241776628339">
				<ele>10.463353578932583</ele>
				<time>2023-10-21T09:20:22Z</time>
			</trkpt>
			<trkpt lat="59.93237950829076" lon="30.382396802991423">
				<ele>11.551851448602974</ele>
				<time>2023-10-21T09:20:23Z</time>
			</trkpt>
			<trkpt lat="59.93240219542327" lon="30.3823832925659">
				<ele>12.02937615569681</ele>
				<time>2023-10-21T09:20:25Z</time>
			</trkpt>
			<trkpt lat="59.932419341939934" lon="30.38239495689997">
				<ele>10.2722342973575</ele>
				<time>2023-10-21T09:20:26Z</time>
			</trkpt>
			<trkpt lat="59.932437532817545" lon="30.38240830678413">
				<ele>7.945902035571635</ele>
				<time>2023-10-21T09:20:28Z</time>
			</trkpt>
			<trkpt lat="59.93246241935156" lon="30.382383682318412">
				<ele>9.440415545366704</ele>
				<time>2023-10-21T09:20:30Z</time>
			</trkpt>
			<trkpt lat="59.93248659000707" lon="30.382380487685076">
				<ele>9.84569917153567</ele>
				<time>2023-10-21T09:20:32Z</time>
			</trkpt>
			<trkpt lat="59.93251258236214" lon="30.382373239656705">
				<ele>9.281680738553405</ele>
				<time>2023-10-21T09:20:34Z</time>
			</trkpt>
			<trkpt lat="59.93254076235956" lon="30.38235878342767">
				<ele>10.830971851944923</ele>
				<time>2023-10-21T09:20:37Z</time>
			</trkpt>
			<trkpt lat="59.93256324500058" lon="30.38236450894908">
				<ele>13.59466272033751</ele>
				<time>2023-10-21T09:20:38Z</time>
			</trkpt>
			<trkpt lat="59.93258293674959" lon="30.38236018174085">
				<ele>11.56220660917461</ele>
				<time>2023-10-21T09:20:40Z</time>
			</trkpt>
			<trkpt lat="59.93261402646994" lon="30.382381328009963">
				<ele>11.446745220571756</ele>
				<time>2023-10-21T09:20:42Z</time>
			</trkpt>
			<trkpt lat="59.932646215088816" lon="30.382457719308523">
				<ele>10.9000054160133</ele>
				<time>2023-10-21T09:20:44Z</time>
			</trkpt>
			<trkpt lat="59.93266779774877" lon="30.38255397122057">
				<ele>9.733602969907224</ele>
				<time>2023-10-21T09:20:46Z</time>
			</trkpt>
			<trkpt lat="59.93267710506505" lon="30.38262278504187">
				<ele>9.122428005561233</ele>
				<time>2023-10-21T09:20:47Z</time>
			</trkpt>
			<trkpt lat="59.93268869386054" lon="30.38267310405541">
				<ele>10.850785503163934</ele>
				<time>2023-10-21T09:20:48Z</time>
			</trkpt>
			<trkpt lat="59.932700147811495" lon="30.382707643375646">
				<ele>11.046177648939192</ele>
				<time>2023-10-21T09:20:49Z</time>
			</trkpt>
			<trkpt lat="59.932706147906025" lon="30.38274381695974">
				<ele>9.806919096969068</ele>
				<time>2023-10-21T09:20:50Z</time>
			</trkpt>
			<trkpt lat="59.93271898330122" lon="30.382806688333602">
				<ele>10.815957297571003</ele>
				<time>2023-10-21T09:20:52Z</time>
			</trkpt>
			<trkpt lat="59.932726797483966" lon="30.382850470773576">
				<ele>12.579407734796405</ele>
				<time>2023-10-21T09:20:54Z</time>
			</trkpt>
			<trkpt lat="59.932738293649265" lon="30.382884203145842">
				<ele>12.57268706895411</ele>
				<time>2023-10-21T09:20:58Z</time>
			</trkpt>
			<trkpt lat="59.932759699087654" lon="30.38288404298819">
				<ele>13.323502713814378</ele>
				<time>2023-10-21T09:21:03Z</time>
			</trkpt>
			<trkpt lat="59.932763831089815" lon="30.382831792441348">
				<ele>13.989456525072455</ele>
				<time>2023-10-21T09:21:04Z</time>
			</trkpt>
			<trkpt lat="59.93274202852963" lon="30.38281976435211">
				<ele>13.6222870843485</ele>
				<time>2023-10-21T09:21:05Z</time>
			</trkpt>
			<trkpt lat="59.93274660372552" lon="30.382781248140926">
				<ele>13.331965388730168</ele>
				<time>2023-10-21T09:21:07Z</time>
			</trkpt>
			<trkpt lat="59.932748104879465" lon="30.382736494287705">
				<ele>13.849223341792822</ele>
				<time>2023-10-21T09:21:11Z</time>
			</trkpt>
			<trkpt lat="59.9327436792444" lon="30.38268882374941">
				<ele>17.634881494566798</ele>
				<time>2023-10-21T09:21:19Z</time>
			</trkpt>
			<trkpt lat="59.9327507301096" lon="30.382734944479036">
				<ele>17.01970126759261</ele>
				<time>2023-10-21T09:21:28Z</time>
			</trkpt>
			<trkpt lat="59.93275909124965" lon="30.382779240680712">
				<ele>16.144041759893298</ele>
				<time>2023-10-21T09:21:36Z</time>
			</trkpt>
			<trkpt lat="59.93274935866991" lon="30.38281358513589">
				<ele>15.912527735345066</ele>
				<time>2023-10-21T09:21:37Z</time>
			</trkpt>
			<trkpt lat="59.9327588144107" lon="30.382846727774503">
				<ele>16.058735399506986</ele>
				<time>2023-10-21T09:21:38Z</time>
			</trkpt>
			<trkpt lat="59.932753764167146" lon="30.38292068836048">
				<ele>17.30278220679611</ele>
				<time>2023-10-21T09:21:39Z</time>
			</trkpt>
			<trkpt lat="59.932729378823915" lon="30.38290867258154">
				<ele>16.576412122696638</ele>
				<time>2023-10-21T09:21:40Z</time>
			</trkpt>
			<trkpt lat="59.93274616535858" lon="30.382926451318887">
				<ele>16.182803254574537</ele>
				<time>2023-10-21T09:21:41Z</time>
			</trkpt>
			<trkpt lat="59.932775571051344" lon="30.382928128880007">
				<ele>17.362299548462033</ele>
				<time>2023-10-21T09:21:42Z</time>
			</trkpt>
			<trkpt lat="59.93276279003113" lon="30.382889357639772">
				<ele>16.345625885762274</ele>
				<time>2023-10-21T09:21:45Z</time>
			</trkpt>
			<trkpt lat="59.932769964234105" lon="30.38285465610811">
				<ele>16.68820445984602</ele>
				<time>2023-10-21T09:21:47Z</time>
			</trkpt>
			<trkpt lat="59.932771961745885" lon="30.38281643752061">
				<ele>19.21205829270184</ele>
				<time>2023-10-21T09:21:56Z</time>
			</trkpt>
			<trkpt lat="59.9327910014" lon="30.38282087710923">
				<ele>19.93274881877005</ele>
				<time>2023-10-21T09:21:59Z</time>
			</trkpt>
			<trkpt lat="59.93272748310372" lon="30.382884435968162">
				<ele>20.670662719756365</ele>
				<time>2023-10-21T09:22:01Z</time>
			</trkpt>
			<trkpt lat="59.93268026430386" lon="30.382892560648674">
				<ele>14.754509426653385</ele>
				<time>2023-10-21T09:22:06Z</time>
			</trkpt>
			<trkpt lat="59.93265103104313" lon="30.38285806676637">
				<ele>13.102785224094987</ele>
				<time>2023-10-21T09:22:07Z</time>
			</trkpt>
			<trkpt lat="59.93265142468691" lon="30.382755367852056">
				<ele>11.292066116817296</ele>
				<time>2023-10-21T09:22:08Z</time>
			</trkpt>
			<trkpt lat="59.93267069556218" lon="30.38271397023284">
				<ele>11.032268770970404</ele>
				<time>2023-10-21T09:22:09Z</time>
			</trkpt>
			<trkpt lat="59.93266727105226" lon="30.382654940516733">
				<ele>10.712410441599786</ele>
				<time>2023-10-21T09:22:11Z</time>
			</trkpt>
			<trkpt lat="59.93267945471685" lon="30.3826135387211">
				<ele>12.319838484749198</ele>
				<time>2023-10-21T09:22:15Z</time>
			</trkpt>
			<trkpt lat="59.932690356653474" lon="30.382652682697675">
				<ele>11.3425118830055</ele>
				<time>2023-10-21T09:22:17Z</time>
			</trkpt>
			<trkpt lat="59.932698655219475" lon="30.382618419868777">
				<ele>11.454327906481922</ele>
				<time>2023-10-21T09:22:20Z</time>
			</trkpt>
			<trkpt lat="59.93278320185522" lon="30.382509919309232">
				<ele>10.125937434844673</ele>
				<time>2023-10-21T09:22:21Z</time>
			</trkpt>
			<trkpt lat="59.93280006396703" lon="30.382402088371737">
				<ele>10.967269150540233</ele>
				<time>2023-10-21T09:22:22Z</time>
			</trkpt>
			<trkpt lat="59.932802431230456" lon="30.382355527206165">
				<ele>9.628936873748899</ele>
				<time>2023-10-21T09:22:24Z</time>
			</trkpt>
			<trkpt lat="59.932788752059615" lon="30.382301692901052">
				<ele>7.597755846567452</ele>
				<time>2023-10-21T09:22:25Z</time>
			</trkpt>
			<trkpt lat="59.93280224318367" lon="30.382264279342102">
				<ele>7.781024892814457</ele>
				<time>2023-10-21T09:22:26Z</time>
			</trkpt>
			<trkpt lat="59.93281196394261" lon="30.38220652935513">
				<ele>8.38376518432051</ele>
				<time>2023-10-21T09:22:28Z</time>
			</trkpt>
			<trkpt lat="59.932823986592126" lon="30.382170090261425">
				<ele>5.973839611746371</ele>
				<time>2023-10-21T09:22:30Z</time>
			</trkpt>
			<trkpt lat="59.93281585408772" lon="30.382114951750086">
				<ele>5.725629103370011</ele>
				<time>2023-10-21T09:22:32Z</time>
			</trkpt>
			<trkpt lat="59.932807480039074" lon="30.382070331964936">
				<ele>4.552979191765189</ele>
				<time>2023-10-21T09:22:34Z</time>
			</trkpt>
			<trkpt lat="59.93279258474146" lon="30.382042885286914">
				<ele>4.128310698084533</ele>
				<time>2023-10-21T09:22:36Z</time>
			</trkpt>
			<trkpt lat="59.93279201092378" lon="30.382002567031115">
				<ele>4.272941397503018</ele>
				<time>2023-10-21T09:22:38Z</time>
			</trkpt>
			<trkpt lat="59.932781957727016" lon="30.38195774846773">
				<ele>3.4917349591851234</ele>
				<time>2023-10-21T09:22:40Z</time>
			</trkpt>
			<trkpt lat="59.93276982730864" lon="30.381902290701998">
				<ele>2.7758832005783916</ele>
				<time>2023-10-21T09:22:42Z</time>
			</trkpt>
			<trkpt lat="59.93276477173888" lon="30.381853888521057">
				<ele>2.2441705530509353</ele>
				<time>2023-10-21T09:22:44Z</time>
			</trkpt>
			<trkpt lat="59.932762244899074" lon="30.38180332367756">
				<ele>5.123075284995139</ele>
				<time>2023-10-21T09:22:46Z</time>
			</trkpt>
			<trkpt lat="59.93274443291102" lon="30.381765967374797">
				<ele>3.8349813017994165</ele>
				<time>2023-10-21T09:22:48Z</time>
			</trkpt>
			<trkpt lat="59.932737836623886" lon="30.38172287779764">
				<ele>3.771956354379654</ele>
				<time>2023-10-21T09:22:50Z</time>
			</trkpt>
			<trkpt lat="59.93272727479869" lon="30.38168527193059">
				<ele>3.6237001605331898</ele>
				<time>2023-10-21T09:22:52Z</time>
			</trkpt>
			<trkpt lat="59.93272061789109" lon="30.381627562718315">
				<ele>4.439334105700254</ele>
				<time>2023-10-21T09:22:54Z</time>
			</trkpt>
			<trkpt lat="59.93270231933896" lon="30.3815957218344">
				<ele>3.0220929393544793</ele>
				<time>2023-10-21T09:22:56Z</time>
			</trkpt>
			<trkpt lat="59.932695341553696" lon="30.381556305525322">
				<ele>0.6392000373452902</ele>
				<time>2023-10-21T09:22:58Z</time>
			</trkpt>
			<trkpt lat="59.93270803152036" lon="30.38151329887644">
				<ele>1.604429243132472</ele>
				<time>2023-10-21T09:23:00Z</time>
			</trkpt>
			<trkpt lat="59.932717910634985" lon="30.381461332443795">
				<ele>2.2248964570462704</ele>
				<time>2023-10-21T09:23:02Z</time>
			</trkpt>
			<trkpt lat="59.9327204143166" lon="30.38141901958456">
				<ele>2.4963961159810424</ele>
				<time>2023-10-21T09:23:04Z</time>
			</trkpt>
			<trkpt lat="59.932723299660466" lon="30.381363859376155">
				<ele>3.0708432216197252</ele>
				<time>2023-10-21T09:23:06Z</time>
			</trkpt>
			<trkpt lat="59.93271731072399" lon="30.3813086196085">
				<ele>4.91641506459564</ele>
				<time>2023-10-21T09:23:08Z</time>
			</trkpt>
			<trkpt lat="59.93270372012822" lon="30.38127037419999">
				<ele>4.052250600419939</ele>
				<time>2023-10-21T09:23:11Z</time>
			</trkpt>
			<trkpt lat="59.93270681983502" lon="30.38122829158994">
				<ele>5.83537554461509</ele>
				<time>2023-10-21T09:23:13Z</time>
			</trkpt>
			<trkpt lat="59.93270311630716" lon="30.381168934558623">
				<ele>5.0220710737630725</ele>
				<time>2023-10-21T09:23:15Z</time>
			</trkpt>
			<trkpt lat="59.932692215425845" lon="30.381140043007857">
				<ele>4.4602324375882745</ele>
				<time>2023-10-21T09:23:16Z</time>
			</trkpt>
			<trkpt lat="59.93267769329499" lon="30.38110578776447">
				<ele>4.641870788298547</ele>
				<time>2023-10-21T09:23:17Z</time>
			</trkpt>
			<trkpt lat="59.93266831272492" lon="30.38106623949955">
				<ele>3.879424008540809</ele>
				<time>2023-10-21T09:23:19Z</time>
			</trkpt>
			<trkpt lat="59.93267244772133" lon="30.381008947333996">
				<ele>4.745442753657699</ele>
				<time>2023-10-21T09:23:21Z</time>
			</trkpt>
			<trkpt lat="59.93267717603767" lon="30.380955930273057">
				<ele>5.030166774988174</ele>
				<time>2023-10-21T09:23:23Z</time>
			</trkpt>
			<trkpt lat="59.93266500321239" lon="30.380902816635057">
				<ele>4.790793656371534</ele>
				<time>2023-10-21T09:23:25Z</time>
			</trkpt>
			<trkpt lat="59.93264767851053" lon="30.380857123725928">
				<ele>4.397868598811328</ele>
				<time>2023-10-21T09:23:27Z</time>
			</trkpt>
			<trkpt lat="59.93263392988217" lon="30.380794040540295">
				<ele>7.214388159103692</ele>
				<time>2023-10-21T09:23:29Z</time>
			</trkpt>
			<trkpt lat="59.93264553561453" lon="30.380753394220854">
				<ele>6.3465557880699635</ele>
				<time>2023-10-21T09:23:31Z</time>
			</trkpt>
			<trkpt lat="59.9326452599559" lon="30.3807079214041">
				<ele>5.173001809045672</ele>
				<time>2023-10-21T09:23:33Z</time>
			</trkpt>
			<trkpt lat="59.93263976135687" lon="30.380666472002787">
				<ele>5.093741276301444</ele>
				<time>2023-10-21T09:23:35Z</time>
			</trkpt>
			<trkpt lat="59.932637736802725" lon="30.380622237285717">
				<ele>6.138662510551512</ele>
				<time>2023-10-21T09:23:37Z</time>
			</trkpt>
			<trkpt lat="59.932638056154204" lon="30.38057650679359">
				<ele>6.037838284857571</ele>
				<time>2023-10-21T09:23:39Z</time>
			</trkpt>
			<trkpt lat="59.93263390473116" lon="30.380534106650188">
				<ele>6.056827945634723</ele>
				<time>2023-10-21T09:23:41Z</time>
			</trkpt>
			<trkpt lat="59.932634368777194" lon="30.380490570407975">
				<ele>5.618835908360779</ele>
				<time>2023-10-21T09:23:43Z</time>
			</trkpt>
			<trkpt lat="59.932618605291665" lon="30.380457415168184">
				<ele>5.372303498908877</ele>
				<time>2023-10-21T09:23:45Z</time>
			</trkpt>
			<trkpt lat="59.93263873109318" lon="30.380405308902592">
				<ele>7.962235878221691</ele>
				<time>2023-10-21T09:23:47Z</time>
			</trkpt>
			<trkpt lat="59.93264359659113" lon="30.38035412140591">
				<ele>4.337008367292583</ele>
				<time>2023-10-21T09:23:49Z</time>
			</trkpt>
			<trkpt lat="59.932622509752775" lon="30.38032651416862">
				<ele>3.749773420393467</ele>
				<time>2023-10-21T09:23:50Z</time>
			</trkpt>
			<trkpt lat="59.932609622920026" lon="30.380276126688454">
				<ele>5.892542260698974</ele>
				<time>2023-10-21T09:23:52Z</time>
			</trkpt>
			<trkpt lat="59.932610800096484" lon="30.380236553398053">
				<ele>5.318330392241478</ele>
				<time>2023-10-21T09:23:55Z</time>
			</trkpt>
			<trkpt lat="59.93261948159258" lon="30.38017913694356">
				<ele>6.309629864990711</ele>
				<time>2023-10-21T09:23:59Z</time>
			</trkpt>
			<trkpt lat="59.932591972926616" lon="30.380162420308842">
				<ele>5.520488440059125</ele>
				<time>2023-10-21T09:24:04Z</time>
			</trkpt>
			<trkpt lat="59.93259061444667" lon="30.380074282785515">
				<ele>5.532725398428738</ele>
				<time>2023-10-21T09:24:05Z</time>
			</trkpt>
			<trkpt lat="59.93258616629854" lon="30.380038502752516">
				<ele>6.575143250636756</ele>
				<time>2023-10-21T09:24:07Z</time>
			</trkpt>
			<trkpt lat="59.93256195064952" lon="30.380038815785564">
				<ele>6.913671140559018</ele>
				<time>2023-10-21T09:24:09Z</time>
			</trkpt>
			<trkpt lat="59.932541847645794" lon="30.380031530227974">
				<ele>4.647029465995729</ele>
				<time>2023-10-21T09:24:12Z</time>
			</trkpt>
			<trkpt lat="59.932525788753615" lon="30.380050133358214">
				<ele>4.332140060141683</ele>
				<time>2023-10-21T09:24:14Z</time>
			</trkpt>
			<trkpt lat="59.9325107817816" lon="30.380070992710237">
				<ele>4.866961125284433</ele>
				<time>2023-10-21T09:24:16Z</time>
			</trkpt>
			<trkpt lat="59.932489272741016" lon="30.380071299362847">
				<ele>4.924866770394146</ele>
				<time>2023-10-21T09:24:18Z</time>
			</trkpt>
			<trkpt lat="59.932463577868056" lon="30.380084522585378">
				<ele>5.10437370557338</ele>
				<time>2023-10-21T09:24:21Z</time>
			</trkpt>
			<trkpt lat="59.93244223356152" lon="30.380075497052655">
				<ele>6.504613977856934</ele>
				<time>2023-10-21T09:24:23Z</time>
			</trkpt>
			<trkpt lat="59.93242475187248" lon="30.380089984353884">
				<ele>5.667513142339885</ele>
				<time>2023-10-21T09:24:25Z</time>
			</trkpt>
			<trkpt lat="59.93239945074799" lon="30.380094012028835">
				<ele>5.867826553992927</ele>
				<time>2023-10-21T09:24:27Z</time>
			</trkpt>
			<trkpt lat="59.93237464053762" lon="30.380094873991577">
				<ele>7.968696139752865</ele>
				<time>2023-10-21T09:24:29Z</time>
			</trkpt>
			<trkpt lat="59.9323494953763" lon="30.38009843404534">
				<ele>6.387687082402408</ele>
				<time>2023-10-21T09:24:31Z</time>
			</trkpt>
			<trkpt lat="59.932317210698706" lon="30.380120086478744">
				<ele>6.226383049041033</ele>
				<time>2023-10-21T09:24:33Z</time>
			</trkpt>
			<trkpt lat="59.93229456291918" lon="30.380123989525455">
				<ele>6.021607114933431</ele>
				<time>2023-10-21T09:24:35Z</time>
			</trkpt>
			<trkpt lat="59.93227367182548" lon="30.38013782668359">
				<ele>3.4964570635929704</ele>
				<time>2023-10-21T09:24:38Z</time>
			</trkpt>
			<trkpt lat="59.932249204364304" lon="30.380140879363505">
				<ele>3.198000453412533</ele>
				<time>2023-10-21T09:24:40Z</time>
			</trkpt>
			<trkpt lat="59.93222360339884" lon="30.380157066787216">
				<ele>2.2856217930093408</ele>
				<time>2023-10-21T09:24:43Z</time>
			</trkpt>
			<trkpt lat="59.93219438798064" lon="30.380160632542285">
				<ele>5.752486394718289</ele>
				<time>2023-10-21T09:24:45Z</time>
			</trkpt>
			<trkpt lat="59.93217068314691" lon="30.380157784222884">
				<ele>3.82530527561903</ele>
				<time>2023-10-21T09:24:48Z</time>
			</trkpt>
			<trkpt lat="59.93214653597851" lon="30.38015075840843">
				<ele>3.5904007628560066</ele>
				<time>2023-10-21T09:24:50Z</time>
			</trkpt>
			<trkpt lat="59.932124657668915" lon="30.380160363161206">
				<ele>6.455439322628081</ele>
				<time>2023-10-21T09:24:52Z</time>
			</trkpt>
			<trkpt lat="59.932093725660124" lon="30.380160376089442">
				<ele>3.2220871057361364</ele>
				<time>2023-10-21T09:24:54Z</time>
			</trkpt>
			<trkpt lat="59.93206283676205" lon="30.380162442926274">
				<ele>4.227498352527618</ele>
				<time>2023-10-21T09:24:56Z</time>
			</trkpt>
			<trkpt lat="59.9320358935628" lon="30.380147482561302">
				<ele>5.183679555542767</ele>
				<time>2023-10-21T09:24:58Z</time>
			</trkpt>
			<trkpt lat="59.93201315220508" lon="30.38015817277405">
				<ele>4.270893318578601</ele>
				<time>2023-10-21T09:25:00Z</time>
			</trkpt>
			<trkpt lat="59.93199034136192" lon="30.38015635755479">
				<ele>4.4404488848522305</ele>
				<time>2023-10-21T09:25:02Z</time>
			</trkpt>
			<trkpt lat="59.932011855026374" lon="30.380144039361376">
				<ele>4.93222095631063</ele>
				<time>2023-10-21T09:25:06Z</time>
			</trkpt>
			<trkpt lat="59.93202717134177" lon="30.380172976861836">
				<ele>4.55901060719043</ele>
				<time>2023-10-21T09:25:07Z</time>
			</trkpt>
			<trkpt lat="59.93205769007378" lon="30.380212997530684">
				<ele>6.760701815597713</ele>
				<time>2023-10-21T09:25:10Z</time>
			</trkpt>
			<trkpt lat="59.93207513595618" lon="30.380230923834333">
				<ele>7.677539207041264</ele>
				<time>2023-10-21T09:25:11Z</time>
			</trkpt>
			<trkpt lat="59.93210624564527" lon="30.38023657175269">
				<ele>7.51380246784538</ele>
				<time>2023-10-21T09:25:12Z</time>
			</trkpt>
			<trkpt lat="59.93212758019075" lon="30.38021215530914">
				<ele>6.610626423731446</ele>
				<time>2023-10-21T09:25:13Z</time>
			</trkpt>
			<trkpt lat="59.932139555300466" lon="30.380169332579282">
				<ele>3.4399949740618467</ele>
				<time>2023-10-21T09:25:15Z</time>
			</trkpt>
			<trkpt lat="59.93215866795199" lon="30.380154683165784">
				<ele>2.913951742462814</ele>
				<time>2023-10-21T09:25:17Z</time>
			</trkpt>
			<trkpt lat="59.93217906377145" lon="30.38015946601024">
				<ele>3.3973965169861913</ele>
				<time>2023-10-21T09:25:18Z</time>
			</trkpt>
			<trkpt lat="59.93219228217296" lon="30.38012034516015">
				<ele>3.8577751610428095</ele>
				<time>2023-10-21T09:25:19Z</time>
			</trkpt>
			<trkpt lat="59.9322212384877" lon="30.38008941572314">
				<ele>4.809299171902239</ele>
				<time>2023-10-21T09:25:21Z</time>
			</trkpt>
			<trkpt lat="59.9322407756843" lon="30.38007521392491">
				<ele>4.698852878063917</ele>
				<time>2023-10-21T09:25:23Z</time>
			</trkpt>
			<trkpt lat="59.93226943533275" lon="30.380100657243993">
				<ele>4.44515928812325</ele>
				<time>2023-10-21T09:25:25Z</time>
			</trkpt>
			<trkpt lat="59.932289713429554" lon="30.38009113170092">
				<ele>5.848306395113468</ele>
				<time>2023-10-21T09:25:27Z</time>
			</trkpt>
			<trkpt lat="59.93231795295466" lon="30.380077046267616">
				<ele>5.425084233283997</ele>
				<time>2023-10-21T09:25:29Z</time>
			</trkpt>
			<trkpt lat="59.93233995329713" lon="30.38007907812688">
				<ele>4.241700267419219</ele>
				<time>2023-10-21T09:25:31Z</time>
			</trkpt>
			<trkpt lat="59.93236675305883" lon="30.38006521762657">
				<ele>5.146917576901615</ele>
				<time>2023-10-21T09:25:33Z</time>
			</trkpt>
			<trkpt lat="59.93238979188198" lon="30.38004402518071">
				<ele>6.3464330062270164</ele>
				<time>2023-10-21T09:25:35Z</time>
			</trkpt>
			<trkpt lat="59.93241881218796" lon="30.38004247369109">
				<ele>6.008383324369788</ele>
				<time>2023-10-21T09:25:37Z</time>
			</trkpt>
			<trkpt lat="59.93244178946009" lon="30.380029607658386">
				<ele>6.675826163962483</ele>
				<time>2023-10-21T09:25:39Z</time>
			</trkpt>
			<trkpt lat="59.93246539933917" lon="30.38003322891589">
				<ele>6.179556231945753</ele>
				<time>2023-10-21T09:25:41Z</time>
			</trkpt>
			<trkpt lat="59.93249096995507" lon="30.38003195593442">
				<ele>6.83866557572037</ele>
				<time>2023-10-21T09:25:43Z</time>
			</trkpt>
			<trkpt lat="59.93251991954208" lon="30.380023559651143">
				<ele>8.86661647632718</ele>
				<time>2023-10-21T09:25:45Z</time>
			</trkpt>
			<trkpt lat="59.93253902957445" lon="30.380014822116628">
				<ele>6.749271877110004</ele>
				<time>2023-10-21T09:25:47Z</time>
			</trkpt>
			<trkpt lat="59.93256619965595" lon="30.380024240199763">
				<ele>5.760641752742231</ele>
				<time>2023-10-21T09:25:49Z</time>
			</trkpt>
			<trkpt lat="59.932587840541636" lon="30.38005109041758">
				<ele>4.893925439566374</ele>
				<time>2023-10-21T09:25:51Z</time>
			</trkpt>
			<trkpt lat="59.93261076652109" lon="30.38006374217809">
				<ele>2.9071695301681757</ele>
				<time>2023-10-21T09:25:53Z</time>
			</trkpt>
			<trkpt lat="59.932643084079025" lon="30.380052267955378">
				<ele>4.587492901831865</ele>
				<time>2023-10-21T09:25:55Z</time>
			</trkpt>
			<trkpt lat="59.932663153205" lon="30.380045754725092">
				<ele>7.285068979486823</ele>
				<time>2023-10-21T09:25:57Z</time>
			</trkpt>
			<trkpt lat="59.93268236359762" lon="30.380041619093255">
				<ele>5.350746687501669</ele>
				<time>2023-10-21T09:25:59Z</time>
			</trkpt>
			<trkpt lat="59.93270617289735" lon="30.38003778560953">
				<ele>4.59219412971288</ele>
				<time>2023-10-21T09:26:01Z</time>
			</trkpt>
			<trkpt lat="59.93273057230077" lon="30.380032982294974">
				<ele>4.404858902096748</ele>
				<time>2023-10-21T09:26:03Z</time>
			</trkpt>
			<trkpt lat="59.9327405466411" lon="30.380081000713695">
				<ele>2.8452604534104466</ele>
				<time>2023-10-21T09:26:06Z</time>
			</trkpt>
			<trkpt lat="59.93274912861109" lon="30.380138440373084">
				<ele>3.675819077529013</ele>
				<time>2023-10-21T09:26:08Z</time>
			</trkpt>
			<trkpt lat="59.932759321534505" lon="30.380171132643838">
				<ele>3.685842110775411</ele>
				<time>2023-10-21T09:26:09Z</time>
			</trkpt>
			<trkpt lat="59.93277434461101" lon="30.380204399250996">
				<ele>4.051783813163638</ele>
				<time>2023-10-21T09:26:11Z</time>
			</trkpt>
			<trkpt lat="59.932784386369114" lon="30.38023752496653">
				<ele>4.35757108964026</ele>
				<time>2023-10-21T09:26:14Z</time>
			</trkpt>
			<trkpt lat="59.93279738878198" lon="30.380277424694054">
				<ele>4.392725815065205</ele>
				<time>2023-10-21T09:26:17Z</time>
			</trkpt>
			<trkpt lat="59.93282004494865" lon="30.380321964471804">
				<ele>4.443633938208222</ele>
				<time>2023-10-21T09:26:20Z</time>
			</trkpt>
			<trkpt lat="59.932824195948065" lon="30.380509649650985">
				<ele>2.8411940606310964</ele>
				<time>2023-10-21T09:26:23Z</time>
			</trkpt>
			<trkpt lat="59.932828863199234" lon="30.38057059107758">
				<ele>4.2984079495072365</ele>
				<time>2023-10-21T09:26:26Z</time>
			</trkpt>
			<trkpt lat="59.932833778222054" lon="30.380618299675884">
				<ele>5.513942630961537</ele>
				<time>2023-10-21T09:26:28Z</time>
			</trkpt>
			<trkpt lat="59.93284645563877" lon="30.380664844697282">
				<ele>3.8319289600476623</ele>
				<time>2023-10-21T09:26:30Z</time>
			</trkpt>
			<trkpt lat="59.932863169897175" lon="30.380710400483757">
				<ele>3.068350031040609</ele>
				<time>2023-10-21T09:26:32Z</time>
			</trkpt>
			<trkpt lat="59.93286349319661" lon="30.38075011559593">
				<ele>2.118037602864206</ele>
				<time>2023-10-21T09:26:34Z</time>
			</trkpt>
			<trkpt lat="59.93286770014171" lon="30.380807512898002">
				<ele>1.9776994595304132</ele>
				<time>2023-10-21T09:26:36Z</time>
			</trkpt>
			<trkpt lat="59.93287419030311" lon="30.380860182702857">
				<ele>2.424537157639861</ele>
				<time>2023-10-21T09:26:38Z</time>
			</trkpt>
			<trkpt lat="59.93287346220454" lon="30.380916418295538">
				<ele>2.7340328050777316</ele>
				<time>2023-10-21T09:26:40Z</time>
			</trkpt>
			<trkpt lat="59.93288457190624" lon="30.380957801617168">
				<ele>2.6579658575356007</ele>
				<time>2023-10-21T09:26:42Z</time>
			</trkpt>
			<trkpt lat="59.93288332853602" lon="30.381007320421684">
				<ele>3.1765476102009416</ele>
				<time>2023-10-21T09:26:44Z</time>
			</trkpt>
			<trkpt lat="59.93288784207181" lon="30.381059716572846">
				<ele>2.5080724358558655</ele>
				<time>2023-10-21T09:26:46Z</time>
			</trkpt>
			<trkpt lat="59.932900151754076" lon="30.381106766833188">
				<ele>1.6286202566698194</ele>
				<time>2023-10-21T09:26:48Z</time>
			</trkpt>
			<trkpt lat="59.932901389697264" lon="30.381163725221686">
				<ele>0.6238661352545023</ele>
				<time>2023-10-21T09:26:50Z</time>
			</trkpt>
			<trkpt lat="59.93286360609199" lon="30.381304431841908">
				<ele>3.835054504685104</ele>
				<time>2023-10-21T09:26:52Z</time>
			</trkpt>
			<trkpt lat="59.93288285197024" lon="30.381304870851853">
				<ele>4.145862061530352</ele>
				<time>2023-10-21T09:26:56Z</time>
			</trkpt>
			<trkpt lat="59.93287577051536" lon="30.3813854437219">
				<ele>4.53889705426991</ele>
				<time>2023-10-21T09:26:57Z</time>
			</trkpt>
			<trkpt lat="59.93289011497147" lon="30.381415010767814">
				<ele>4.945053951814771</ele>
				<time>2023-10-21T09:27:00Z</time>
			</trkpt>
			<trkpt lat="59.93290422076201" lon="30.381448593049637">
				<ele>3.473919847048819</ele>
				<time>2023-10-21T09:27:02Z</time>
			</trkpt>
			<trkpt lat="59.9329095908047" lon="30.381498297151357">
				<ele>3.4862896110862494</ele>
				<time>2023-10-21T09:27:04Z</time>
			</trkpt>
			<trkpt lat="59.932911962401406" lon="30.381544374354988">
				<ele>3.0969291599467397</ele>
				<time>2023-10-21T09:27:06Z</time>
			</trkpt>
			<trkpt lat="59.932922915977144" lon="30.381580275630878">
				<ele>4.589583621360362</ele>
				<time>2023-10-21T09:27:08Z</time>
			</trkpt>
			<trkpt lat="59.93293429659747" lon="30.381627372879016">
				<ele>5.294727384112775</ele>
				<time>2023-10-21T09:27:10Z</time>
			</trkpt>
			<trkpt lat="59.93294103862826" lon="30.3816818520543">
				<ele>5.970418842509389</ele>
				<time>2023-10-21T09:27:12Z</time>
			</trkpt>
			<trkpt lat="59.93294200513693" lon="30.381730056802773">
				<ele>3.9977837940678</ele>
				<time>2023-10-21T09:27:14Z</time>
			</trkpt>
			<trkpt lat="59.932954951111675" lon="30.38176653400556">
				<ele>2.7271616347134113</ele>
				<time>2023-10-21T09:27:16Z</time>
			</trkpt>
			<trkpt lat="59.932958340662005" lon="30.381822577802442">
				<ele>3.4039054680615664</ele>
				<time>2023-10-21T09:27:18Z</time>
			</trkpt>
			<trkpt lat="59.93296664363037" lon="30.381868167605106">
				<ele>4.40269111469388</ele>
				<time>2023-10-21T09:27:20Z</time>
			</trkpt>
			<trkpt lat="59.932976494137755" lon="30.381904382603015">
				<ele>3.547467054799199</ele>
				<time>2023-10-21T09:27:22Z</time>
			</trkpt>
			<trkpt lat="59.93298742576824" lon="30.38193719093333">
				<ele>2.8922448763623834</ele>
				<time>2023-10-21T09:27:24Z</time>
			</trkpt>
			<trkpt lat="59.93299594107174" lon="30.381969704904844">
				<ele>3.031411277130246</ele>
				<time>2023-10-21T09:27:26Z</time>
			</trkpt>
			<trkpt lat="59.93299966244827" lon="30.382019198569967">
				<ele>1.3934326637536287</ele>
				<time>2023-10-21T09:27:28Z</time>
			</trkpt>
			<trkpt lat="59.933004676253326" lon="30.38206612136232">
				<ele>4.14845672249794</ele>
				<time>2023-10-21T09:27:30Z</time>
			</trkpt>
			<trkpt lat="59.93299550572432" lon="30.382109380146492">
				<ele>4.945119614712894</ele>
				<time>2023-10-21T09:27:31Z</time>
			</trkpt>
			<trkpt lat="59.93299146822064" lon="30.382150121053854">
				<ele>4.225086819380522</ele>
				<time>2023-10-21T09:27:32Z</time>
			</trkpt>
			<trkpt lat="59.93298370394948" lon="30.38223394317701">
				<ele>3.035703808069229</ele>
				<time>2023-10-21T09:27:34Z</time>
			</trkpt>
			<trkpt lat="59.93298236285088" lon="30.382289470485087">
				<ele>1.8907616287469864</ele>
				<time>2023-10-21T09:27:36Z</time>
			</trkpt>
			<trkpt lat="59.93297095930481" lon="30.382322208849377">
				<ele>2.1259306333959103</ele>
				<time>2023-10-21T09:27:37Z</time>
			</trkpt>
			<trkpt lat="59.932998673812946" lon="30.382337685789036">
				<ele>2.250622436404228</ele>
				<time>2023-10-21T09:27:41Z</time>
			</trkpt>
			<trkpt lat="59.933007567258144" lon="30.38238043557559">
				<ele>4.27349868696183</ele>
				<time>2023-10-21T09:27:43Z</time>
			</trkpt>
			<trkpt lat="59.93301895663655" lon="30.382425923412548">
				<ele>4.998434890061617</ele>
				<time>2023-10-21T09:27:45Z</time>
			</trkpt>
			<trkpt lat="59.93304381237089" lon="30.38245140138951">
				<ele>2.4682883266359568</ele>
				<time>2023-10-21T09:27:47Z</time>
			</trkpt>
			<trkpt lat="59.93307418971329" lon="30.38245780643001">
				<ele>5.193832156248391</ele>
				<time>2023-10-21T09:27:51Z</time>
			</trkpt>
			<trkpt lat="59.93309477822259" lon="30.382442467842672">
				<ele>5.200385604053736</ele>
				<time>2023-10-21T09:27:53Z</time>
			</trkpt>
			<trkpt lat="59.93311419967867" lon="30.382448221251824">
				<ele>5.246280581690371</ele>
				<time>2023-10-21T09:27:55Z</time>
			</trkpt>
			<trkpt lat="59.93313675576023" lon="30.382449958776423">
				<ele>8.029329643584788</ele>
				<time>2023-10-21T09:27:57Z</time>
			</trkpt>
			<trkpt lat="59.93315817258484" lon="30.38247534590056">
				<ele>4.341258722357452</ele>
				<time>2023-10-21T09:27:59Z</time>
			</trkpt>
			<trkpt lat="59.933186900438464" lon="30.382483167991087">
				<ele>4.619414743967354</ele>
				<time>2023-10-21T09:28:01Z</time>
			</trkpt>
			<trkpt lat="59.933222173103935" lon="30.382502493087998">
				<ele>5.094305002130568</ele>
				<time>2023-10-21T09:28:03Z</time>
			</trkpt>
			<trkpt lat="59.93325566634979" lon="30.38251435146984">
				<ele>4.576236921362579</ele>
				<time>2023-10-21T09:28:05Z</time>
			</trkpt>
			<trkpt lat="59.93328036400082" lon="30.382545817956764">
				<ele>9.199206384830177</ele>
				<time>2023-10-21T09:28:07Z</time>
			</trkpt>
			<trkpt lat="59.933286011721506" lon="30.382617431494616">
				<ele>9.895985557697713</ele>
				<time>2023-10-21T09:28:10Z</time>
			</trkpt>
			<trkpt lat="59.933273939920205" lon="30.382644208477984">
				<ele>9.635840585455298</ele>
				<time>2023-10-21T09:28:11Z</time>
			</trkpt>
			<trkpt lat="59.933255334434634" lon="30.382669316086044">
				<ele>6.043962040916085</ele>
				<time>2023-10-21T09:28:12Z</time>
			</trkpt>
			<trkpt lat="59.93323815513292" lon="30.382698316297148">
				<ele>5.176152461208403</ele>
				<time>2023-10-21T09:28:13Z</time>
			</trkpt>
			<trkpt lat="59.93322412201547" lon="30.382734230030046">
				<ele>5.840780299156904</ele>
				<time>2023-10-21T09:28:14Z</time>
			</trkpt>
			<trkpt lat="59.933209234940655" lon="30.38275628213069">
				<ele>6.119333479553461</ele>
				<time>2023-10-21T09:28:15Z</time>
			</trkpt>
			<trkpt lat="59.93318314146899" lon="30.38279981480426">
				<ele>6.203348451294005</ele>
				<time>2023-10-21T09:28:17Z</time>
			</trkpt>
			<trkpt lat="59.933162904872624" lon="30.382848323334496">
				<ele>7.1586955627426505</ele>
				<time>2023-10-21T09:28:19Z</time>
			</trkpt>
			<trkpt lat="59.933148031118726" lon="30.382875842869534">
				<ele>7.977733994834125</ele>
				<time>2023-10-21T09:28:20Z</time>
			</trkpt>
			<trkpt lat="59.933131729535404" lon="30.38289697732555">
				<ele>7.528172291815281</ele>
				<time>2023-10-21T09:28:22Z</time>
			</trkpt>
			<trkpt lat="59.93311383723661" lon="30.38293524810967">
				<ele>7.796907949261367</ele>
				<time>2023-10-21T09:28:24Z</time>
			</trkpt>
			<trkpt lat="59.93310418576598" lon="30.382971240518007">
				<ele>9.500302208587527</ele>
				<time>2023-10-21T09:28:25Z</time>
			</trkpt>
			<trkpt lat="59.93308818374095" lon="30.38300747430796">
				<ele>7.200003230012953</ele>
				<time>2023-10-21T09:28:28Z</time>
			</trkpt>
			<trkpt lat="59.93307844342061" lon="30.383045483078437">
				<ele>6.468744973652065</ele>
				<time>2023-10-21T09:28:40Z</time>
			</trkpt>
			<trkpt lat="59.93310124906387" lon="30.38306024770062">
				<ele>4.349564926698804</ele>
				<time>2023-10-21T09:28:45Z</time>
			</trkpt>
			<trkpt lat="59.93311581207312" lon="30.38308434814355">
				<ele>5.439066888764501</ele>
				<time>2023-10-21T09:28:46Z</time>
			</trkpt>
			<trkpt lat="59.93313758005666" lon="30.383119938097177">
				<ele>5.899622694589198</ele>
				<time>2023-10-21T09:28:48Z</time>
			</trkpt>
			<trkpt lat="59.93316197534542" lon="30.383143093697242">
				<ele>7.210513107478619</ele>
				<time>2023-10-21T09:28:49Z</time>
			</trkpt>
			<trkpt lat="59.93317706260491" lon="30.38318152099959">
				<ele>7.536934676580131</ele>
				<time>2023-10-21T09:28:51Z</time>
			</trkpt>
			<trkpt lat="59.93319324761297" lon="30.383225044761833">
				<ele>6.985525833442807</ele>
				<time>2023-10-21T09:28:53Z</time>
			</trkpt>
			<trkpt lat="59.933205999926315" lon="30.38326654001112">
				<ele>9.059246495366096</ele>
				<time>2023-10-21T09:28:55Z</time>
			</trkpt>
			<trkpt lat="59.933193377774906" lon="30.38332278159172">
				<ele>7.461750287562609</ele>
				<time>2023-10-21T09:28:58Z</time>
			</trkpt>
			<trkpt lat="59.93317385448537" lon="30.38334665584212">
				<ele>4.615529616363347</ele>
				<time>2023-10-21T09:29:00Z</time>
			</trkpt>
			<trkpt lat="59.933148873105544" lon="30.383389519000907">
				<ele>7.340543556958437</ele>
				<time>2023-10-21T09:29:02Z</time>
			</trkpt>
			<trkpt lat="59.93312923736297" lon="30.383434709766696">
				<ele>8.914740643464029</ele>
				<time>2023-10-21T09:29:04Z</time>
			</trkpt>
			<trkpt lat="59.9331222188248" lon="30.38348767454171">
				<ele>6.940730712376535</ele>
				<time>2023-10-21T09:29:07Z</time>
			</trkpt>
			<trkpt lat="59.933151455468945" lon="30.38353605223598">
				<ele>5.728921893052757</ele>
				<time>2023-10-21T09:29:09Z</time>
			</trkpt>
			<trkpt lat="59.93317545876393" lon="30.38354261665737">
				<ele>5.907889690250158</ele>
				<time>2023-10-21T09:29:11Z</time>
			</trkpt>
			<trkpt lat="59.9331997660165" lon="30.383573354638003">
				<ele>2.217900440096855</ele>
				<time>2023-10-21T09:29:13Z</time>
			</trkpt>
			<trkpt lat="59.93322723154554" lon="30.383589548333244">
				<ele>1.3844613274559379</ele>
				<time>2023-10-21T09:29:16Z</time>
			</trkpt>
			<trkpt lat="59.933250072253834" lon="30.383603427523827">
				<ele>1.3141631158068776</ele>
				<time>2023-10-21T09:29:18Z</time>
			</trkpt>
			<trkpt lat="59.93327149322151" lon="30.383619387383224">
				<ele>0.8434159606695175</ele>
				<time>2023-10-21T09:29:20Z</time>
			</trkpt>
			<trkpt lat="59.93329464954054" lon="30.383639167040226">
				<ele>0.7588791390880942</ele>
				<time>2023-10-21T09:29:22Z</time>
			</trkpt>
			<trkpt lat="59.933316132676715" lon="30.383659937688368">
				<ele>2.250407088547945</ele>
				<time>2023-10-21T09:29:23Z</time>
			</trkpt>
			<trkpt lat="59.93333759261796" lon="30.383681670380337">
				<ele>4.407131505198777</ele>
				<time>2023-10-21T09:29:25Z</time>
			</trkpt>
			<trkpt lat="59.93336207635296" lon="30.38370077941423">
				<ele>5.254049042239785</ele>
				<time>2023-10-21T09:29:27Z</time>
			</trkpt>
			<trkpt lat="59.93338204934991" lon="30.383712421123253">
				<ele>5.80104994866997</ele>
				<time>2023-10-21T09:29:29Z</time>
			</trkpt>
			<trkpt lat="59.933401398856454" lon="30.383723318617417">
				<ele>5.940541381016374</ele>
				<time>2023-10-21T09:29:30Z</time>
			</trkpt>
			<trkpt lat="59.933425464528696" lon="30.38373609877301">
				<ele>6.376190884038806</ele>
				<time>2023-10-21T09:29:33Z</time>
			</trkpt>
			<trkpt lat="59.933449796610645" lon="30.383811905854554">
				<ele>9.491354858502746</ele>
				<time>2023-10-21T09:29:35Z</time>
			</trkpt>
			<trkpt lat="59.93346623525926" lon="30.38383150598023">
				<ele>7.209588069468737</ele>
				<time>2023-10-21T09:29:37Z</time>
			</trkpt>
			<trkpt lat="59.93348292939754" lon="30.383867186241364">
				<ele>5.242716000415385</ele>
				<time>2023-10-21T09:29:39Z</time>
			</trkpt>
			<trkpt lat="59.93350530885925" lon="30.383896930537112">
				<ele>6.102811515331268</ele>
				<time>2023-10-21T09:29:41Z</time>
			</trkpt>
			<trkpt lat="59.933519844905646" lon="30.383874106529472">
				<ele>5.394216390326619</ele>
				<time>2023-10-21T09:29:42Z</time>
			</trkpt>
			<trkpt lat="59.93352378124995" lon="30.383836553863315">
				<ele>5.127306301146746</ele>
				<time>2023-10-21T09:29:43Z</time>
			</trkpt>
			<trkpt lat="59.93354643650258" lon="30.383845256277453">
				<ele>2.473232688382268</ele>
				<time>2023-10-21T09:29:46Z</time>
			</trkpt>
			<trkpt lat="59.93357376977794" lon="30.38384956754912">
				<ele>5.357825294137001</ele>
				<time>2023-10-21T09:29:48Z</time>
			</trkpt>
			<trkpt lat="59.93359547772527" lon="30.383868990284977">
				<ele>3.9927357146516442</ele>
				<time>2023-10-21T09:29:50Z</time>
			</trkpt>
			<trkpt lat="59.93361372909515" lon="30.38389038375924">
				<ele>3.9317216519266367</ele>
				<time>2023-10-21T09:29:52Z</time>
			</trkpt>
			<trkpt lat="59.933633947295135" lon="30.38391468532165">
				<ele>4.646661760285497</ele>
				<time>2023-10-21T09:29:54Z</time>
			</trkpt>
			<trkpt lat="59.93365854202753" lon="30.383921329757907">
				<ele>4.583909311331809</ele>
				<time>2023-10-21T09:29:56Z</time>
			</trkpt>
			<trkpt lat="59.93368709591194" lon="30.38393197234891">
				<ele>6.412151168100536</ele>
				<time>2023-10-21T09:29:58Z</time>
			</trkpt>
			<trkpt lat="59.933713332079094" lon="30.38395587634486">
				<ele>4.052199527621269</ele>
				<time>2023-10-21T09:30:01Z</time>
			</trkpt>
			<trkpt lat="59.93374313045875" lon="30.383954192180028">
				<ele>4.8644050396978855</ele>
				<time>2023-10-21T09:30:03Z</time>
			</trkpt>
			<trkpt lat="59.93377109337504" lon="30.383976733951034">
				<ele>5.742834702134132</ele>
				<time>2023-10-21T09:30:05Z</time>
			</trkpt>
			<trkpt lat="59.93379448069593" lon="30.384002072167895">
				<ele>5.980373410508037</ele>
				<time>2023-10-21T09:30:07Z</time>
			</trkpt>
			<trkpt lat="59.93381577500625" lon="30.384027944849613">
				<ele>3.977858278900385</ele>
				<time>2023-10-21T09:30:10Z</time>
			</trkpt>
			<trkpt lat="59.933836311241286" lon="30.38404640717872">
				<ele>3.769742339849472</ele>
				<time>2023-10-21T09:30:12Z</time>
			</trkpt>
			<trkpt lat="59.93385513102419" lon="30.384061131453617">
				<ele>5.219953803345561</ele>
				<time>2023-10-21T09:30:13Z</time>
			</trkpt>
			<trkpt lat="59.93388024958277" lon="30.38408095928068">
				<ele>4.107411383651197</ele>
				<time>2023-10-21T09:30:16Z</time>
			</trkpt>
			<trkpt lat="59.933898742924264" lon="30.384097590852345">
				<ele>3.7838185653090477</ele>
				<time>2023-10-21T09:30:18Z</time>
			</trkpt>
			<trkpt lat="59.93391876815347" lon="30.384115020837555">
				<ele>3.6053693927824497</ele>
				<time>2023-10-21T09:30:20Z</time>
			</trkpt>
			<trkpt lat="59.933937142087295" lon="30.384132707033448">
				<ele>3.5906056314706802</ele>
				<time>2023-10-21T09:30:22Z</time>
			</trkpt>
			<trkpt lat="59.933969761494836" lon="30.384162984728228">
				<ele>3.7969598909839988</ele>
				<time>2023-10-21T09:30:24Z</time>
			</trkpt>
			<trkpt lat="59.93399156112348" lon="30.38417340841922">
				<ele>4.526354918256402</ele>
				<time>2023-10-21T09:30:26Z</time>
			</trkpt>
			<trkpt lat="59.934009149628224" lon="30.38418629704368">
				<ele>4.772591861896217</ele>
				<time>2023-10-21T09:30:28Z</time>
			</trkpt>
			<trkpt lat="59.93403249186809" lon="30.384196390416136">
				<ele>7.240790413692594</ele>
				<time>2023-10-21T09:30:29Z</time>
			</trkpt>
			<trkpt lat="59.934055961305674" lon="30.384204285350805">
				<ele>5.46781837195158</ele>
				<time>2023-10-21T09:30:31Z</time>
			</trkpt>
			<trkpt lat="59.93407977360406" lon="30.384215087261857">
				<ele>5.87725885771215</ele>
				<time>2023-10-21T09:30:33Z</time>
			</trkpt>
			<trkpt lat="59.934107770806875" lon="30.384218368399754">
				<ele>5.835380784235895</ele>
				<time>2023-10-21T09:30:35Z</time>
			</trkpt>
			<trkpt lat="59.93413914745842" lon="30.384198586687855">
				<ele>7.1614932511001825</ele>
				<time>2023-10-21T09:30:36Z</time>
			</trkpt>
			<trkpt lat="59.93416419082883" lon="30.38418721226839">
				<ele>7.920102055184543</ele>
				<time>2023-10-21T09:30:37Z</time>
			</trkpt>
			<trkpt lat="59.934185120614686" lon="30.384188651069767">
				<ele>9.816648143343627</ele>
				<time>2023-10-21T09:30:38Z</time>
			</trkpt>
			<trkpt lat="59.93421014722656" lon="30.384196977420025">
				<ele>8.788906239904463</ele>
				<time>2023-10-21T09:30:40Z</time>
			</trkpt>
			<trkpt lat="59.93422963272337" lon="30.384185528593825">
				<ele>8.695643802173436</ele>
				<time>2023-10-21T09:30:41Z</time>
			</trkpt>
			<trkpt lat="59.934251067285324" lon="30.384181198290403">
				<ele>9.04924901202321</ele>
				<time>2023-10-21T09:30:42Z</time>
			</trkpt>
			<trkpt lat="59.9342827531622" lon="30.384184404380147">
				<ele>8.840352174825966</ele>
				<time>2023-10-21T09:30:44Z</time>
			</trkpt>
			<trkpt lat="59.9343156012758" lon="30.38419599371491">
				<ele>8.97812117356807</ele>
				<time>2023-10-21T09:30:46Z</time>
			</trkpt>
			<trkpt lat="59.934344551149394" lon="30.384203348543856">
				<ele>9.461552103050053</ele>
				<time>2023-10-21T09:30:48Z</time>
			</trkpt>
			<trkpt lat="59.934366276357885" lon="30.384227158495083">
				<ele>10.792323986068368</ele>
				<time>2023-10-21T09:30:50Z</time>
			</trkpt>
			<trkpt lat="59.934390612672" lon="30.384269738595098">
				<ele>11.304349089972675</ele>
				<time>2023-10-21T09:30:52Z</time>
			</trkpt>
			<trkpt lat="59.934410809325946" lon="30.384298182277174">
				<ele>10.837937420234084</ele>
				<time>2023-10-21T09:30:54Z</time>
			</trkpt>
			<trkpt lat="59.93443408040822" lon="30.38433457610481">
				<ele>10.496550548821688</ele>
				<time>2023-10-21T09:30:55Z</time>
			</trkpt>
			<trkpt lat="59.93445087745992" lon="30.384359666170255">
				<ele>10.287236130796373</ele>
				<time>2023-10-21T09:30:57Z</time>
			</trkpt>
			<trkpt lat="59.93447639934528" lon="30.384367257373718">
				<ele>10.297410202212632</ele>
				<time>2023-10-21T09:30:58Z</time>
			</trkpt>
			<trkpt lat="59.93451290723875" lon="30.384362102285465">
				<ele>10.879333276301622</ele>
				<time>2023-10-21T09:31:00Z</time>
			</trkpt>
			<trkpt lat="59.93453203681855" lon="30.384385495005326">
				<ele>12.980958484113216</ele>
				<time>2023-10-21T09:31:02Z</time>
			</trkpt>
			<trkpt lat="59.934541388760834" lon="30.38442495828359">
				<ele>14.479691809043288</ele>
				<time>2023-10-21T09:31:04Z</time>
			</trkpt>
			<trkpt lat="59.934554939710914" lon="30.38454514120688">
				<ele>14.802378434687853</ele>
				<time>2023-10-21T09:31:05Z</time>
			</trkpt>
			<trkpt lat="59.93458325270596" lon="30.384563580199725">
				<ele>14.444494700990617</ele>
				<time>2023-10-21T09:31:06Z</time>
			</trkpt>
			<trkpt lat="59.934591914608866" lon="30.384443050853594">
				<ele>14.63417521957308</ele>
				<time>2023-10-21T09:31:07Z</time>
			</trkpt>
			<trkpt lat="59.93461375363539" lon="30.384459528398512">
				<ele>13.959814331494272</ele>
				<time>2023-10-21T09:31:10Z</time>
			</trkpt>
			<trkpt lat="59.93463931072136" lon="30.38446725085846">
				<ele>13.864452060312033</ele>
				<time>2023-10-21T09:31:12Z</time>
			</trkpt>
			<trkpt lat="59.93466274052749" lon="30.384494563961443">
				<ele>13.755328976549208</ele>
				<time>2023-10-21T09:31:14Z</time>
			</trkpt>
			<trkpt lat="59.934686898523175" lon="30.384528298895912">
				<ele>13.106479284353554</ele>
				<time>2023-10-21T09:31:16Z</time>
			</trkpt>
			<trkpt lat="59.934711195466484" lon="30.384557687612816">
				<ele>12.923985686153173</ele>
				<time>2023-10-21T09:31:18Z</time>
			</trkpt>
			<trkpt lat="59.93472238049463" lon="30.384595862173764">
				<ele>13.070798893459141</ele>
				<time>2023-10-21T09:31:19Z</time>
			</trkpt>
			<trkpt lat="59.93474203622531" lon="30.38462487294341">
				<ele>13.485749192535877</ele>
				<time>2023-10-21T09:31:21Z</time>
			</trkpt>
			<trkpt lat="59.934761495666606" lon="30.384580865829626">
				<ele>14.393374236300588</ele>
				<time>2023-10-21T09:31:23Z</time>
			</trkpt>
			<trkpt lat="59.934784328405904" lon="30.384572429012966">
				<ele>14.673122310079634</ele>
				<time>2023-10-21T09:31:25Z</time>
			</trkpt>
			<trkpt lat="59.93481981945388" lon="30.384576420411637">
				<ele>13.978160229511559</ele>
				<time>2023-10-21T09:31:27Z</time>
			</trkpt>
			<trkpt lat="59.934842682315704" lon="30.38460820001588">
				<ele>13.580587307922542</ele>
				<time>2023-10-21T09:31:29Z</time>
			</trkpt>
			<trkpt lat="59.93486002905778" lon="30.384632549628467">
				<ele>12.480203976854682</ele>
				<time>2023-10-21T09:31:31Z</time>
			</trkpt>
			<trkpt lat="59.934883782666056" lon="30.38465175354818">
				<ele>14.693325583823025</ele>
				<time>2023-10-21T09:31:32Z</time>
			</trkpt>
			<trkpt lat="59.934898387601585" lon="30.384693371002587">
				<ele>11.828431216068566</ele>
				<time>2023-10-21T09:31:36Z</time>
			</trkpt>
			<trkpt lat="59.93490395053515" lon="30.38472965221313">
				<ele>12.13847760669887</ele>
				<time>2023-10-21T09:31:37Z</time>
			</trkpt>
			<trkpt lat="59.93492149706896" lon="30.384778611466377">
				<ele>12.60477290675044</ele>
				<time>2023-10-21T09:31:39Z</time>
			</trkpt>
			<trkpt lat="59.93493764979023" lon="30.384800932835738">
				<ele>11.48207280319184</ele>
				<time>2023-10-21T09:31:41Z</time>
			</trkpt>
			<trkpt lat="59.93496089680812" lon="30.384829150016532">
				<ele>12.455763196572661</ele>
				<time>2023-10-21T09:31:43Z</time>
			</trkpt>
			<trkpt lat="59.93497766632223" lon="30.38486511743034">
				<ele>11.783382860943675</ele>
				<time>2023-10-21T09:31:46Z</time>
			</trkpt>
			<trkpt lat="59.934997687332775" lon="30.384867475755627">
				<ele>12.249059316702187</ele>
				<time>2023-10-21T09:31:48Z</time>
			</trkpt>
			<trkpt lat="59.93501623051646" lon="30.384899509326775">
				<ele>11.289865922182798</ele>
				<time>2023-10-21T09:31:50Z</time>
			</trkpt>
			<trkpt lat="59.93503043072375" lon="30.384958605174003">
				<ele>9.07910097297281</ele>
				<time>2023-10-21T09:31:52Z</time>
			</trkpt>
			<trkpt lat="59.93505407582265" lon="30.38498564935705">
				<ele>9.751916183158755</ele>
				<time>2023-10-21T09:31:53Z</time>
			</trkpt>
			<trkpt lat="59.9350742228465" lon="30.384999566957365">
				<ele>10.041752761229873</ele>
				<time>2023-10-21T09:31:55Z</time>
			</trkpt>
			<trkpt lat="59.935099863322925" lon="30.384992188139975">
				<ele>10.082156104966998</ele>
				<time>2023-10-21T09:31:57Z</time>
			</trkpt>
			<trkpt lat="59.93511512581384" lon="30.3850183980268">
				<ele>10.920353886671364</ele>
				<time>2023-10-21T09:31:59Z</time>
			</trkpt>
			<trkpt lat="59.93514160168582" lon="30.385029537506114">
				<ele>7.374346376396716</ele>
				<time>2023-10-21T09:32:03Z</time>
			</trkpt>
			<trkpt lat="59.93516113882728" lon="30.38504513363804">
				<ele>7.364695882424712</ele>
				<time>2023-10-21T09:32:05Z</time>
			</trkpt>
			<trkpt lat="59.93518632956757" lon="30.385066731160045">
				<ele>7.687143766321242</ele>
				<time>2023-10-21T09:32:07Z</time>
			</trkpt>
			<trkpt lat="59.93521684728183" lon="30.385088209017926">
				<ele>7.711469400674105</ele>
				<time>2023-10-21T09:32:09Z</time>
			</trkpt>
			<trkpt lat="59.93523378729737" lon="30.38513893315576">
				<ele>8.324632827192545</ele>
				<time>2023-10-21T09:32:11Z</time>
			</trkpt>
			<trkpt lat="59.93525101449092" lon="30.385169311646102">
				<ele>7.977654431015253</ele>
				<time>2023-10-21T09:32:12Z</time>
			</trkpt>
			<trkpt lat="59.93527346843442" lon="30.385205496518214">
				<ele>6.872973373159766</ele>
				<time>2023-10-21T09:32:14Z</time>
			</trkpt>
			<trkpt lat="59.93530722286949" lon="30.38519756514943">
				<ele>5.825839307159185</ele>
				<time>2023-10-21T09:32:17Z</time>
			</trkpt>
			<trkpt lat="59.93532366999448" lon="30.385223046013675">
				<ele>5.916728666052222</ele>
				<time>2023-10-21T09:32:18Z</time>
			</trkpt>
			<trkpt lat="59.935338621489294" lon="30.385252657056693">
				<ele>6.4722125343978405</ele>
				<time>2023-10-21T09:32:19Z</time>
			</trkpt>
			<trkpt lat="59.93535733889187" lon="30.385251558267782">
				<ele>3.3172030271962285</ele>
				<time>2023-10-21T09:32:23Z</time>
			</trkpt>
			<trkpt lat="59.93538711568399" lon="30.385266071852435">
				<ele>3.213892702013254</ele>
				<time>2023-10-21T09:32:25Z</time>
			</trkpt>
			<trkpt lat="59.93540624164112" lon="30.385269911405178">
				<ele>3.515340520069003</ele>
				<time>2023-10-21T09:32:27Z</time>
			</trkpt>
			<trkpt lat="59.93542846378864" lon="30.38529607232403">
				<ele>3.3443239172920585</ele>
				<time>2023-10-21T09:32:29Z</time>
			</trkpt>
			<trkpt lat="59.9354586175981" lon="30.385300124711073">
				<ele>4.2982614524662495</ele>
				<time>2023-10-21T09:32:31Z</time>
			</trkpt>
			<trkpt lat="59.935482779034245" lon="30.38530776742168">
				<ele>4.136962295509875</ele>
				<time>2023-10-21T09:32:33Z</time>
			</trkpt>
			<trkpt lat="59.935511676481575" lon="30.385316146799337">
				<ele>4.490580841898918</ele>
				<time>2023-10-21T09:32:35Z</time>
			</trkpt>
			<trkpt lat="59.935543195943154" lon="30.385346371320452">
				<ele>5.100894760340452</ele>
				<time>2023-10-21T09:32:37Z</time>
			</trkpt>
			<trkpt lat="59.9355604489486" lon="30.38536091971361">
				<ele>5.005338126793504</ele>
				<time>2023-10-21T09:32:39Z</time>
			</trkpt>
			<trkpt lat="59.93558574748827" lon="30.385388345731396">
				<ele>5.435439145192504</ele>
				<time>2023-10-21T09:32:41Z</time>
			</trkpt>
			<trkpt lat="59.9355994027498" lon="30.385416486665058">
				<ele>3.569772347807884</ele>
				<time>2023-10-21T09:32:43Z</time>
			</trkpt>
			<trkpt lat="59.93562106134644" lon="30.385434557789196">
				<ele>2.4948639161884785</ele>
				<time>2023-10-21T09:32:45Z</time>
			</trkpt>
			<trkpt lat="59.93564135278696" lon="30.385441808678852">
				<ele>1.7827696157619357</ele>
				<time>2023-10-21T09:32:47Z</time>
			</trkpt>
			<trkpt lat="59.93565960090975" lon="30.385448459944378">
				<ele>2.2620870042592287</ele>
				<time>2023-10-21T09:32:48Z</time>
			</trkpt>
			<trkpt lat="59.93568540449331" lon="30.38546196601837">
				<ele>2.772091350518167</ele>
				<time>2023-10-21T09:32:50Z</time>
			</trkpt>
			<trkpt lat="59.93571160381306" lon="30.385482403122047">
				<ele>2.681542133912444</ele>
				<time>2023-10-21T09:32:52Z</time>
			</trkpt>
			<trkpt lat="59.93573150078087" lon="30.38549750596221">
				<ele>2.9569690031930804</ele>
				<time>2023-10-21T09:32:54Z</time>
			</trkpt>
			<trkpt lat="59.935755179504966" lon="30.3855164602975">
				<ele>2.238775482401252</ele>
				<time>2023-10-21T09:32:56Z</time>
			</trkpt>
			<trkpt lat="59.93578099673528" lon="30.38553083588066">
				<ele>4.450103857554495</ele>
				<time>2023-10-21T09:32:58Z</time>
			</trkpt>
			<trkpt lat="59.93579978212882" lon="30.38555758773935">
				<ele>2.936792841181159</ele>
				<time>2023-10-21T09:33:01Z</time>
			</trkpt>
			<trkpt lat="59.93582263523102" lon="30.385583042718252">
				<ele>3.0931024868041277</ele>
				<time>2023-10-21T09:33:04Z</time>
			</trkpt>
			<trkpt lat="59.93584426532563" lon="30.38560847557007">
				<ele>2.0528063932433724</ele>
				<time>2023-10-21T09:33:06Z</time>
			</trkpt>
			<trkpt lat="59.93586240927955" lon="30.385624335240443">
				<ele>1.0810470040887594</ele>
				<time>2023-10-21T09:33:09Z</time>
			</trkpt>
			<trkpt lat="59.93588522432055" lon="30.385641250950048">
				<ele>2.719343955628574</ele>
				<time>2023-10-21T09:33:11Z</time>
			</trkpt>
			<trkpt lat="59.9359176501255" lon="30.385658162270296">
				<ele>3.168515145778656</ele>
				<time>2023-10-21T09:33:14Z</time>
			</trkpt>
			<trkpt lat="59.93594296889677" lon="30.38567008946928">
				<ele>2.9435868747532368</ele>
				<time>2023-10-21T09:33:16Z</time>
			</trkpt>
			<trkpt lat="59.935971450454694" lon="30.385691691737325">
				<ele>2.9820613032206893</ele>
				<time>2023-10-21T09:33:19Z</time>
			</trkpt>
			<trkpt lat="59.93599520253737" lon="30.385701758179536">
				<ele>2.9482391737401485</ele>
				<time>2023-10-21T09:33:21Z</time>
			</trkpt>
			<trkpt lat="59.9360203111672" lon="30.385721038671416">
				<ele>3.1769230253994465</ele>
				<time>2023-10-21T09:33:23Z</time>
			</trkpt>
			<trkpt lat="59.936042962608525" lon="30.385725881818917">
				<ele>6.261870028451085</ele>
				<time>2023-10-21T09:33:24Z</time>
			</trkpt>
			<trkpt lat="59.936073717715644" lon="30.385745151829916">
				<ele>3.2784029683098197</ele>
				<time>2023-10-21T09:33:27Z</time>
			</trkpt>
			<trkpt lat="59.93609524891263" lon="30.385761708918608">
				<ele>2.476649413816631</ele>
				<time>2023-10-21T09:33:29Z</time>
			</trkpt>
			<trkpt lat="59.936127521652416" lon="30.385779862674507">
				<ele>3.979074588045478</ele>
				<time>2023-10-21T09:33:31Z</time>
			</trkpt>
			<trkpt lat="59.93614621490788" lon="30.385799225146595">
				<ele>3.604492316953838</ele>
				<time>2023-10-21T09:33:33Z</time>
			</trkpt>
			<trkpt lat="59.93617019850045" lon="30.38581012317858">
				<ele>3.25467602070421</ele>
				<time>2023-10-21T09:33:35Z</time>
			</trkpt>
			<trkpt lat="59.93620706571511" lon="30.385829016951142">
				<ele>6.873281394131482</ele>
				<time>2023-10-21T09:33:37Z</time>
			</trkpt>
			<trkpt lat="59.93623099270101" lon="30.385851060290175">
				<ele>8.341496849432588</ele>
				<time>2023-10-21T09:33:39Z</time>
			</trkpt>
			<trkpt lat="59.93624910844638" lon="30.385863387627044">
				<ele>8.377483513206244</ele>
				<time>2023-10-21T09:33:41Z</time>
			</trkpt>
			<trkpt lat="59.936270457955395" lon="30.385883332801395">
				<ele>7.753730328753591</ele>
				<time>2023-10-21T09:33:43Z</time>
			</trkpt>
			<trkpt lat="59.93629379298115" lon="30.385910309056467">
				<ele>8.395795310847461</ele>
				<time>2023-10-21T09:33:45Z</time>
			</trkpt>
			<trkpt lat="59.936324475888235" lon="30.38592959309561">
				<ele>8.344906184822321</ele>
				<time>2023-10-21T09:33:47Z</time>
			</trkpt>
			<trkpt lat="59.93634277576833" lon="30.385943263638964">
				<ele>7.782230098731816</ele>
				<time>2023-10-21T09:33:49Z</time>
			</trkpt>
			<trkpt lat="59.93636001429285" lon="30.385959156598254">
				<ele>7.6803560787811875</ele>
				<time>2023-10-21T09:33:51Z</time>
			</trkpt>
			<trkpt lat="59.936382289842186" lon="30.385980834268302">
				<ele>6.637029578909278</ele>
				<time>2023-10-21T09:33:53Z</time>
			</trkpt>
			<trkpt lat="59.936407340314595" lon="30.38598567821793">
				<ele>6.394165082834661</ele>
				<time>2023-10-21T09:33:55Z</time>
			</trkpt>
			<trkpt lat="59.9364265189841" lon="30.386001838282063">
				<ele>8.013982622884214</ele>
				<time>2023-10-21T09:33:57Z</time>
			</trkpt>
			<trkpt lat="59.936442559511654" lon="30.386021914354863">
				<ele>4.854494499973953</ele>
				<time>2023-10-21T09:33:59Z</time>
			</trkpt>
			<trkpt lat="59.936458435768934" lon="30.38604903966988">
				<ele>1.8772382037714124</ele>
				<time>2023-10-21T09:34:01Z</time>
			</trkpt>
			<trkpt lat="59.93648550244431" lon="30.38607022672323">
				<ele>3.915906395763159</ele>
				<time>2023-10-21T09:34:03Z</time>
			</trkpt>
			<trkpt lat="59.936506596821886" lon="30.386090601552233">
				<ele>3.9023176981136203</ele>
				<time>2023-10-21T09:34:04Z</time>
			</trkpt>
			<trkpt lat="59.936528881445525" lon="30.38610644552265">
				<ele>3.037382741458714</ele>
				<time>2023-10-21T09:34:06Z</time>
			</trkpt>
			<trkpt lat="59.9365453957722" lon="30.38613197038437">
				<ele>1.5861197113990784</ele>
				<time>2023-10-21T09:34:07Z</time>
			</trkpt>
			<trkpt lat="59.936576444157566" lon="30.38616004817713">
				<ele>5.8790815426036716</ele>
				<time>2023-10-21T09:34:10Z</time>
			</trkpt>
			<trkpt lat="59.936595696264774" lon="30.38619562359668">
				<ele>3.26939011272043</ele>
				<time>2023-10-21T09:34:12Z</time>
			</trkpt>
			<trkpt lat="59.93661243318239" lon="30.38621426901116">
				<ele>3.8571499194949865</ele>
				<time>2023-10-21T09:34:15Z</time>
			</trkpt>
			<trkpt lat="59.93664098906113" lon="30.386222058560463">
				<ele>2.8669841485098004</ele>
				<time>2023-10-21T09:34:17Z</time>
			</trkpt>
			<trkpt lat="59.936664004622735" lon="30.386239978541667">
				<ele>3.6940372781828046</ele>
				<time>2023-10-21T09:34:19Z</time>
			</trkpt>
			<trkpt lat="59.93668692254072" lon="30.386249516419216">
				<ele>3.3921434627845883</ele>
				<time>2023-10-21T09:34:21Z</time>
			</trkpt>
			<trkpt lat="59.93671592946314" lon="30.386265452579014">
				<ele>5.661657718941569</ele>
				<time>2023-10-21T09:34:23Z</time>
			</trkpt>
			<trkpt lat="59.93674839203795" lon="30.38628421599283">
				<ele>4.518775299191475</ele>
				<time>2023-10-21T09:34:25Z</time>
			</trkpt>
			<trkpt lat="59.93676320315078" lon="30.386307183757147">
				<ele>4.111697071231902</ele>
				<time>2023-10-21T09:34:27Z</time>
			</trkpt>
			<trkpt lat="59.936779191591434" lon="30.386340932103412">
				<ele>6.193483960814774</ele>
				<time>2023-10-21T09:34:29Z</time>
			</trkpt>
			<trkpt lat="59.93680197311336" lon="30.386352135397498">
				<ele>5.380464423447847</ele>
				<time>2023-10-21T09:34:31Z</time>
			</trkpt>
			<trkpt lat="59.93681807267568" lon="30.38637773607718">
				<ele>5.164141742512584</ele>
				<time>2023-10-21T09:34:33Z</time>
			</trkpt>
			<trkpt lat="59.93683651866338" lon="30.38641627078153">
				<ele>4.580514325760305</ele>
				<time>2023-10-21T09:34:35Z</time>
			</trkpt>
			<trkpt lat="59.93685665401623" lon="30.386446130018168">
				<ele>4.94100802578032</ele>
				<time>2023-10-21T09:34:37Z</time>
			</trkpt>
			<trkpt lat="59.93688002452165" lon="30.38649419061103">
				<ele>6.679098271764815</ele>
				<time>2023-10-21T09:34:39Z</time>
			</trkpt>
			<trkpt lat="59.93690395895218" lon="30.386528273004505">
				<ele>7.364280523732305</ele>
				<time>2023-10-21T09:34:41Z</time>
			</trkpt>
			<trkpt lat="59.9369163979513" lon="30.386563150001596">
				<ele>7.335192501544952</ele>
				<time>2023-10-21T09:34:42Z</time>
			</trkpt>
			<trkpt lat="59.93693682600824" lon="30.38660490997914">
				<ele>7.013435857370496</ele>
				<time>2023-10-21T09:34:44Z</time>
			</trkpt>
			<trkpt lat="59.93695931164877" lon="30.386646623675883">
				<ele>7.143758381716907</ele>
				<time>2023-10-21T09:34:46Z</time>
			</trkpt>
			<trkpt lat="59.93697590776174" lon="30.386660264790226">
				<ele>6.927929049357772</ele>
				<time>2023-10-21T09:34:47Z</time>
			</trkpt>
			<trkpt lat="59.93700947638085" lon="30.38672451274965">
				<ele>9.372006824240088</ele>
				<time>2023-10-21T09:34:49Z</time>
			</trkpt>
			<trkpt lat="59.93703199181593" lon="30.38681996478044">
				<ele>11.807971781119704</ele>
				<time>2023-10-21T09:34:51Z</time>
			</trkpt>
			<trkpt lat="59.93705013220689" lon="30.386869652740113">
				<ele>14.19467200897634</ele>
				<time>2023-10-21T09:34:52Z</time>
			</trkpt>
			<trkpt lat="59.93706890399395" lon="30.386942298828743">
				<ele>14.954060794785619</ele>
				<time>2023-10-21T09:34:53Z</time>
			</trkpt>
			<trkpt lat="59.937073722511926" lon="30.38700294434726">
				<ele>13.753638551570475</ele>
				<time>2023-10-21T09:34:55Z</time>
			</trkpt>
			<trkpt lat="59.93709142888364" lon="30.387033294776973">
				<ele>13.706929950043559</ele>
				<time>2023-10-21T09:34:57Z</time>
			</trkpt>
			<trkpt lat="59.9370984313766" lon="30.38706673051884">
				<ele>13.613113686442375</ele>
				<time>2023-10-21T09:34:58Z</time>
			</trkpt>
			<trkpt lat="59.93711529328719" lon="30.387123252883672">
				<ele>13.427131827920675</ele>
				<time>2023-10-21T09:35:00Z</time>
			</trkpt>
			<trkpt lat="59.93713088541983" lon="30.38714311881694">
				<ele>14.314976571127772</ele>
				<time>2023-10-21T09:35:01Z</time>
			</trkpt>
			<trkpt lat="59.937157150081944" lon="30.387143764296493">
				<ele>17.315186355262995</ele>
				<time>2023-10-21T09:35:03Z</time>
			</trkpt>
			<trkpt lat="59.937174494952124" lon="30.387154129347472">
				<ele>19.21379727870226</ele>
				<time>2023-10-21T09:35:04Z</time>
			</trkpt>
			<trkpt lat="59.937189638372686" lon="30.387185937579826">
				<ele>19.91586425434798</ele>
				<time>2023-10-21T09:35:05Z</time>
			</trkpt>
			<trkpt lat="59.93721363474497" lon="30.38719370509769">
				<ele>21.43188540544361</ele>
				<time>2023-10-21T09:35:08Z</time>
			</trkpt>
			<trkpt lat="59.93723947894754" lon="30.387205468503343">
				<ele>22.83825028501451</ele>
				<time>2023-10-21T09:35:09Z</time>
			</trkpt>
			<trkpt lat="59.937267003555384" lon="30.387212504633375">
				<ele>24.512430501170456</ele>
				<time>2023-10-21T09:35:11Z</time>
			</trkpt>
			<trkpt lat="59.93729183922807" lon="30.387225975119918">
				<ele>25.10330576170236</ele>
				<time>2023-10-21T09:35:13Z</time>
			</trkpt>
			<trkpt lat="59.937310420591245" lon="30.387198684684513">
				<ele>23.280653700232506</ele>
				<time>2023-10-21T09:35:15Z</time>
			</trkpt>
			<trkpt lat="59.93733223177011" lon="30.3871917238676">
				<ele>23.77123058028519</ele>
				<time>2023-10-21T09:35:16Z</time>
			</trkpt>
			<trkpt lat="59.937355802182786" lon="30.38719012357689">
				<ele>25.26310387533158</ele>
				<time>2023-10-21T09:35:17Z</time>
			</trkpt>
			<trkpt lat="59.93737646450007" lon="30.38718599474989">
				<ele>26.520956840366125</ele>
				<time>2023-10-21T09:35:18Z</time>
			</trkpt>
			<trkpt lat="59.93740167820908" lon="30.387189601953544">
				<ele>28.33098248951137</ele>
				<time>2023-10-21T09:35:19Z</time>
			</trkpt>
			<trkpt lat="59.937424348088214" lon="30.38717994342987">
				<ele>29.14639361295849</ele>
				<time>2023-10-21T09:35:20Z</time>
			</trkpt>
			<trkpt lat="59.93744767371896" lon="30.38715424741667">
				<ele>31.527273886837065</ele>
				<time>2023-10-21T09:35:21Z</time>
			</trkpt>
			<trkpt lat="59.93746257020478" lon="30.38707763265817">
				<ele>30.03778628911823</ele>
				<time>2023-10-21T09:35:22Z</time>
			</trkpt>
			<trkpt lat="59.937475562057905" lon="30.387030295097688">
				<ele>29.41792411636561</ele>
				<time>2023-10-21T09:35:23Z</time>
			</trkpt>
			<trkpt lat="59.93747859509804" lon="30.386984110133604">
				<ele>27.744641401804984</ele>
				<time>2023-10-21T09:35:24Z</time>
			</trkpt>
			<trkpt lat="59.937506775393466" lon="30.3869611209479">
				<ele>29.04616413358599</ele>
				<time>2023-10-21T09:35:27Z</time>
			</trkpt>
			<trkpt lat="59.937521919792985" lon="30.386933161654476">
				<ele>28.82737865205854</ele>
				<time>2023-10-21T09:35:29Z</time>
			</trkpt>
			<trkpt lat="59.93753944862462" lon="30.38690606779259">
				<ele>27.996758027002215</ele>
				<time>2023-10-21T09:35:31Z</time>
			</trkpt>
			<trkpt lat="59.937553424762484" lon="30.386883366102985">
				<ele>28.05132334306836</ele>
				<time>2023-10-21T09:35:33Z</time>
			</trkpt>
			<trkpt lat="59.93753062732406" lon="30.3868671793687">
				<ele>23.40282924193889</ele>
				<time>2023-10-21T09:35:38Z</time>
			</trkpt>
			<trkpt lat="59.93752425813601" lon="30.38683095811504">
				<ele>19.10129144228995</ele>
				<time>2023-10-21T09:35:41Z</time>
			</trkpt>
			<trkpt lat="59.93751735558986" lon="30.38679250116509">
				<ele>9.258540440350771</ele>
				<time>2023-10-21T09:36:19Z</time>
			</trkpt>
			<trkpt lat="59.937514447487814" lon="30.38674676110428">
				<ele>7.851126930676401</ele>
				<time>2023-10-21T09:36:21Z</time>
			</trkpt>
			<trkpt lat="59.937519424122904" lon="30.386690542067434">
				<ele>6.922667061910033</ele>
				<time>2023-10-21T09:36:23Z</time>
			</trkpt>
			<trkpt lat="59.93751434009117" lon="30.38661833316396">
				<ele>7.084970787167549</ele>
				<time>2023-10-21T09:36:24Z</time>
			</trkpt>
			<trkpt lat="59.93749571162172" lon="30.386573004746435">
				<ele>5.555028406903148</ele>
				<time>2023-10-21T09:36:27Z</time>
			</trkpt>
			<trkpt lat="59.93749253240112" lon="30.386533671078112">
				<ele>5.144078113138676</ele>
				<time>2023-10-21T09:36:29Z</time>
			</trkpt>
			<trkpt lat="59.937484606599945" lon="30.386479627778318">
				<ele>4.304420379921794</ele>
				<time>2023-10-21T09:36:31Z</time>
			</trkpt>
			<trkpt lat="59.937475130642746" lon="30.386426261594366">
				<ele>4.072315198369324</ele>
				<time>2023-10-21T09:36:33Z</time>
			</trkpt>
			<trkpt lat="59.937477192423316" lon="30.38639057755747">
				<ele>4.856717720627785</ele>
				<time>2023-10-21T09:36:34Z</time>
			</trkpt>
			<trkpt lat="59.93747037325427" lon="30.38633976045954">
				<ele>5.77663947083056</ele>
				<time>2023-10-21T09:36:35Z</time>
			</trkpt>
			<trkpt lat="59.93746788780758" lon="30.386295492888937">
				<ele>5.781248823739588</ele>
				<time>2023-10-21T09:36:37Z</time>
			</trkpt>
			<trkpt lat="59.93747246146852" lon="30.386234761704795">
				<ele>5.53553859423846</ele>
				<time>2023-10-21T09:36:40Z</time>
			</trkpt>
			<trkpt lat="59.93746972821586" lon="30.38619366292775">
				<ele>5.912110491655767</ele>
				<time>2023-10-21T09:36:42Z</time>
			</trkpt>
			<trkpt lat="59.93746843333009" lon="30.386139646858755">
				<ele>5.696470846422017</ele>
				<time>2023-10-21T09:36:45Z</time>
			</trkpt>
			<trkpt lat="59.93746199648391" lon="30.38607523711312">
				<ele>4.719930192455649</ele>
				<time>2023-10-21T09:36:47Z</time>
			</trkpt>
			<trkpt lat="59.93746456189362" lon="30.38603815043959">
				<ele>3.5437237145379186</ele>
				<time>2023-10-21T09:36:49Z</time>
			</trkpt>
			<trkpt lat="59.93746271607988" lon="30.38599327749483">
				<ele>4.557285002432764</ele>
				<time>2023-10-21T09:36:52Z</time>
			</trkpt>
			<trkpt lat="59.937460970421135" lon="30.385934005037804">
				<ele>3.9066021842882037</ele>
				<time>2023-10-21T09:36:55Z</time>
			</trkpt>
			<trkpt lat="59.93746790827405" lon="30.385886767185134">
				<ele>3.5892312601208687</ele>
				<time>2023-10-21T09:36:56Z</time>
			</trkpt>
			<trkpt lat="59.93746832751351" lon="30.385849639138293">
				<ele>1.5081501472741365</ele>
				<time>2023-10-21T09:36:58Z</time>
			</trkpt>
			<trkpt lat="59.937475244785844" lon="30.385810337856814">
				<ele>4.643174819648266</ele>
				<time>2023-10-21T09:36:59Z</time>
			</trkpt>
			<trkpt lat="59.937467932989264" lon="30.385776175056282">
				<ele>6.08951438870281</ele>
				<time>2023-10-21T09:37:00Z</time>
			</trkpt>
			<trkpt lat="59.93747827321802" lon="30.385738545135386">
				<ele>3.5268288226798177</ele>
				<time>2023-10-21T09:37:02Z</time>
			</trkpt>
			<trkpt lat="59.9374774455473" lon="30.385678926127813">
				<ele>1.629138764925301</ele>
				<time>2023-10-21T09:37:04Z</time>
			</trkpt>
			<trkpt lat="59.937484790698704" lon="30.385637408732922">
				<ele>2.5627787401899695</ele>
				<time>2023-10-21T09:37:05Z</time>
			</trkpt>
			<trkpt lat="59.937483331331315" lon="30.38559893053367">
				<ele>2.7664699172601104</ele>
				<time>2023-10-21T09:37:06Z</time>
			</trkpt>
			<trkpt lat="59.937477245997165" lon="30.385547829481407">
				<ele>1.1229892652481794</ele>
				<time>2023-10-21T09:37:09Z</time>
			</trkpt>
			<trkpt lat="59.937465910170275" lon="30.385496807352187">
				<ele>1.564152242615819</ele>
				<time>2023-10-21T09:37:12Z</time>
			</trkpt>
			<trkpt lat="59.93747963701937" lon="30.385450258225493">
				<ele>1.8707771748304367</ele>
				<time>2023-10-21T09:37:13Z</time>
			</trkpt>
			<trkpt lat="59.93748614770165" lon="30.385406226072124">
				<ele>3.6580668073147535</ele>
				<time>2023-10-21T09:37:14Z</time>
			</trkpt>
			<trkpt lat="59.93747422615956" lon="30.385344341210615">
				<ele>1.5901064919307828</ele>
				<time>2023-10-21T09:37:16Z</time>
			</trkpt>
			<trkpt lat="59.937465259903874" lon="30.385309178391537">
				<ele>1.5321990894153714</ele>
				<time>2023-10-21T09:37:18Z</time>
			</trkpt>
			<trkpt lat="59.937461316653845" lon="30.385241899430387">
				<ele>1.810628498904407</ele>
				<time>2023-10-21T09:37:20Z</time>
			</trkpt>
			<trkpt lat="59.937455055131316" lon="30.385201219944324">
				<ele>-0.659776596352458</ele>
				<time>2023-10-21T09:37:23Z</time>
			</trkpt>
			<trkpt lat="59.93744947944045" lon="30.385142467239547">
				<ele>-0.022230041213333607</ele>
				<time>2023-10-21T09:37:26Z</time>
			</trkpt>
			<trkpt lat="59.93745777363831" lon="30.385104062013518">
				<ele>-0.04486152529716492</ele>
				<time>2023-10-21T09:37:28Z</time>
			</trkpt>
			<trkpt lat="59.937459361327925" lon="30.385043146332915">
				<ele>0.09585691336542368</ele>
				<time>2023-10-21T09:37:30Z</time>
			</trkpt>
			<trkpt lat="59.93746898488311" lon="30.385007378003316">
				<ele>-0.8474809769541025</ele>
				<time>2023-10-21T09:37:32Z</time>
			</trkpt>
			<trkpt lat="59.93748840185243" lon="30.384919091690897">
				<ele>-0.18920218478888273</ele>
				<time>2023-10-21T09:37:34Z</time>
			</trkpt>
			<trkpt lat="59.93746998125937" lon="30.384877665389777">
				<ele>1.776521496474743</ele>
				<time>2023-10-21T09:37:36Z</time>
			</trkpt>
			<trkpt lat="59.93746148982406" lon="30.384838857291136">
				<ele>0.818954112008214</ele>
				<time>2023-10-21T09:37:37Z</time>
			</trkpt>
			<trkpt lat="59.93744704928461" lon="30.384794680605058">
				<ele>0.4272356014698744</ele>
				<time>2023-10-21T09:37:39Z</time>
			</trkpt>
			<trkpt lat="59.937452823776795" lon="30.384755732594726">
				<ele>0.5688436757773161</ele>
				<time>2023-10-21T09:37:40Z</time>
			</trkpt>
			<trkpt lat="59.93746487119166" lon="30.38471952988293">
				<ele>-0.4937798921018839</ele>
				<time>2023-10-21T09:37:42Z</time>
			</trkpt>
			<trkpt lat="59.937474707508194" lon="30.384672817293676">
				<ele>-0.34003312699496746</ele>
				<time>2023-10-21T09:37:44Z</time>
			</trkpt>
			<trkpt lat="59.93748974849485" lon="30.384620157454762">
				<ele>1.187108508311212</ele>
				<time>2023-10-21T09:37:46Z</time>
			</trkpt>
			<trkpt lat="59.93749892459685" lon="30.384570726131546">
				<ele>3.0356480022892356</ele>
				<time>2023-10-21T09:37:48Z</time>
			</trkpt>
			<trkpt lat="59.937497735832544" lon="30.384533914022708">
				<ele>1.5240731919184327</ele>
				<time>2023-10-21T09:37:50Z</time>
			</trkpt>
			<trkpt lat="59.93750593403047" lon="30.384491667082397">
				<ele>2.0618962654843926</ele>
				<time>2023-10-21T09:37:51Z</time>
			</trkpt>
			<trkpt lat="59.937511921879555" lon="30.384443858040353">
				<ele>1.6548733105883002</ele>
				<time>2023-10-21T09:37:53Z</time>
			</trkpt>
			<trkpt lat="59.93750973719681" lon="30.384379040310897">
				<ele>2.333184947259724</ele>
				<time>2023-10-21T09:37:55Z</time>
			</trkpt>
			<trkpt lat="59.937511405286436" lon="30.384331640437814">
				<ele>2.4747769478708506</ele>
				<time>2023-10-21T09:37:57Z</time>
			</trkpt>
			<trkpt lat="59.93751697032219" lon="30.38428876849285">
				<ele>2.5622815266251564</ele>
				<time>2023-10-21T09:37:59Z</time>
			</trkpt>
			<trkpt lat="59.93750766082811" lon="30.384242975316543">
				<ele>3.028001212514937</ele>
				<time>2023-10-21T09:38:01Z</time>
			</trkpt>
			<trkpt lat="59.93750921878734" lon="30.38419514526059">
				<ele>3.8958407435566187</ele>
				<time>2023-10-21T09:38:02Z</time>
			</trkpt>
			<trkpt lat="59.93751227676365" lon="30.384142420085308">
				<ele>3.5684584248811007</ele>
				<time>2023-10-21T09:38:04Z</time>
			</trkpt>
			<trkpt lat="59.93751088271055" lon="30.3840940131477">
				<ele>3.2833514492958784</ele>
				<time>2023-10-21T09:38:06Z</time>
			</trkpt>
			<trkpt lat="59.937504591467146" lon="30.384023405068316">
				<ele>4.624110910110176</ele>
				<time>2023-10-21T09:38:08Z</time>
			</trkpt>
			<trkpt lat="59.93751242476992" lon="30.383973406438933">
				<ele>4.088381689041853</ele>
				<time>2023-10-21T09:38:10Z</time>
			</trkpt>
			<trkpt lat="59.93750476050414" lon="30.383926604366355">
				<ele>2.027474225498736</ele>
				<time>2023-10-21T09:38:12Z</time>
			</trkpt>
			<trkpt lat="59.93749867344039" lon="30.38388817581183">
				<ele>2.0681775296106935</ele>
				<time>2023-10-21T09:38:14Z</time>
			</trkpt>
			<trkpt lat="59.93748793592198" lon="30.383839520025614">
				<ele>-0.4410817176103592</ele>
				<time>2023-10-21T09:38:17Z</time>
			</trkpt>
			<trkpt lat="59.93746434286701" lon="30.383806966679295">
				<ele>1.044927179813385</ele>
				<time>2023-10-21T09:38:20Z</time>
			</trkpt>
			<trkpt lat="59.937446338124694" lon="30.38379908453379">
				<ele>0.5561174666509032</ele>
				<time>2023-10-21T09:38:21Z</time>
			</trkpt>
			<trkpt lat="59.93744598903219" lon="30.383698090358717">
				<ele>2.003472118638456</ele>
				<time>2023-10-21T09:38:23Z</time>
			</trkpt>
			<trkpt lat="59.93745364481482" lon="30.383648344754207">
				<ele>2.1364639895036817</ele>
				<time>2023-10-21T09:38:24Z</time>
			</trkpt>
			<trkpt lat="59.937457783553455" lon="30.383610485688962">
				<ele>1.6386213209480047</ele>
				<time>2023-10-21T09:38:25Z</time>
			</trkpt>
			<trkpt lat="59.937464004603086" lon="30.383576347954673">
				<ele>1.4083036500960588</ele>
				<time>2023-10-21T09:38:26Z</time>
			</trkpt>
			<trkpt lat="59.937458794885586" lon="30.383519086748503">
				<ele>0.08706384990364313</ele>
				<time>2023-10-21T09:38:28Z</time>
			</trkpt>
			<trkpt lat="59.93746667651186" lon="30.383465117551456">
				<ele>2.019714434631169</ele>
				<time>2023-10-21T09:38:30Z</time>
			</trkpt>
			<trkpt lat="59.937458767610195" lon="30.383406105235686">
				<ele>2.7323615569621325</ele>
				<time>2023-10-21T09:38:31Z</time>
			</trkpt>
			<trkpt lat="59.93746915229183" lon="30.383371362051143">
				<ele>1.667945547029376</ele>
				<time>2023-10-21T09:38:35Z</time>
			</trkpt>
			<trkpt lat="59.93747363820473" lon="30.383333907755674">
				<ele>2.29277834482491</ele>
				<time>2023-10-21T09:38:37Z</time>
			</trkpt>
			<trkpt lat="59.93748246775571" lon="30.383281284396073">
				<ele>1.861387962475419</ele>
				<time>2023-10-21T09:38:39Z</time>
			</trkpt>
			<trkpt lat="59.937497755973844" lon="30.383216482526805">
				<ele>3.6085075372830033</ele>
				<time>2023-10-21T09:38:41Z</time>
			</trkpt>
			<trkpt lat="59.9375031478134" lon="30.383175180320265">
				<ele>-0.561253746971488</ele>
				<time>2023-10-21T09:38:44Z</time>
			</trkpt>
			<trkpt lat="59.937519382904775" lon="30.383139900457238">
				<ele>1.593816651031375</ele>
				<time>2023-10-21T09:38:45Z</time>
			</trkpt>
			<trkpt lat="59.937525109686995" lon="30.383098839727754">
				<ele>2.3655055835843086</ele>
				<time>2023-10-21T09:38:47Z</time>
			</trkpt>
			<trkpt lat="59.9375262127047" lon="30.383058570954077">
				<ele>2.2118704468011856</ele>
				<time>2023-10-21T09:38:49Z</time>
			</trkpt>
			<trkpt lat="59.9375260121085" lon="30.383005557897373">
				<ele>1.2333302786573768</ele>
				<time>2023-10-21T09:38:51Z</time>
			</trkpt>
			<trkpt lat="59.93753065149812" lon="30.382967021887346">
				<ele>3.4841059176251292</ele>
				<time>2023-10-21T09:38:52Z</time>
			</trkpt>
			<trkpt lat="59.93753452850959" lon="30.382924022809878">
				<ele>2.557567758485675</ele>
				<time>2023-10-21T09:38:54Z</time>
			</trkpt>
			<trkpt lat="59.937531873360186" lon="30.382879762685338">
				<ele>2.448880910873413</ele>
				<time>2023-10-21T09:38:56Z</time>
			</trkpt>
			<trkpt lat="59.93752738706754" lon="30.38284067312673">
				<ele>1.2513638222590089</ele>
				<time>2023-10-21T09:38:58Z</time>
			</trkpt>
			<trkpt lat="59.93752830296327" lon="30.382789566051933">
				<ele>1.9872234174981713</ele>
				<time>2023-10-21T09:39:00Z</time>
			</trkpt>
			<trkpt lat="59.9375210530367" lon="30.382729754363872">
				<ele>1.5820577945560217</ele>
				<time>2023-10-21T09:39:02Z</time>
			</trkpt>
			<trkpt lat="59.93752941657554" lon="30.382685274945587">
				<ele>3.0679801600053906</ele>
				<time>2023-10-21T09:39:04Z</time>
			</trkpt>
			<trkpt lat="59.93752080115689" lon="30.38264431012098">
				<ele>-0.013989369384944439</ele>
				<time>2023-10-21T09:39:06Z</time>
			</trkpt>
			<trkpt lat="59.93752630309657" lon="30.382582868802">
				<ele>0.8989221574738622</ele>
				<time>2023-10-21T09:39:09Z</time>
			</trkpt>
			<trkpt lat="59.93751886379341" lon="30.382541179191882">
				<ele>0.5646815998479724</ele>
				<time>2023-10-21T09:39:11Z</time>
			</trkpt>
			<trkpt lat="59.9375143638479" lon="30.38249239529845">
				<ele>-1.2961688302457333</ele>
				<time>2023-10-21T09:39:13Z</time>
			</trkpt>
			<trkpt lat="59.93751783743861" lon="30.382422652176768">
				<ele>1.1324297776445746</ele>
				<time>2023-10-21T09:39:15Z</time>
			</trkpt>
			<trkpt lat="59.93752132544886" lon="30.38237562144584">
				<ele>0.3979613548144698</ele>
				<time>2023-10-21T09:39:18Z</time>
			</trkpt>
			<trkpt lat="59.93752369711278" lon="30.38233715649279">
				<ele>0.09361716825515032</ele>
				<time>2023-10-21T09:39:19Z</time>
			</trkpt>
			<trkpt lat="59.93751992870498" lon="30.38229617497445">
				<ele>-0.06756869703531265</ele>
				<time>2023-10-21T09:39:21Z</time>
			</trkpt>
			<trkpt lat="59.93752053364703" lon="30.38225168082077">
				<ele>-0.12194678094238043</ele>
				<time>2023-10-21T09:39:23Z</time>
			</trkpt>
			<trkpt lat="59.93752486296968" lon="30.382211483348236">
				<ele>2.373180507682264</ele>
				<time>2023-10-21T09:39:25Z</time>
			</trkpt>
			<trkpt lat="59.937528161502364" lon="30.382176175765412">
				<ele>1.6959239458665252</ele>
				<time>2023-10-21T09:39:26Z</time>
			</trkpt>
			<trkpt lat="59.93752904395314" lon="30.382138557902074">
				<ele>-1.4720487911254168</ele>
				<time>2023-10-21T09:39:28Z</time>
			</trkpt>
			<trkpt lat="59.93753266512711" lon="30.3820884220195">
				<ele>-1.429181375540793</ele>
				<time>2023-10-21T09:39:30Z</time>
			</trkpt>
			<trkpt lat="59.937536699675" lon="30.38203775573492">
				<ele>-0.5931244241073728</ele>
				<time>2023-10-21T09:39:32Z</time>
			</trkpt>
			<trkpt lat="59.93752395026431" lon="30.381983004052596">
				<ele>-0.494150897487998</ele>
				<time>2023-10-21T09:39:34Z</time>
			</trkpt>
			<trkpt lat="59.937508240522" lon="30.38196133820264">
				<ele>-1.7970193661749363</ele>
				<time>2023-10-21T09:39:37Z</time>
			</trkpt>
			<trkpt lat="59.93749628438378" lon="30.38191447836357">
				<ele>1.2855804394930601</ele>
				<time>2023-10-21T09:39:39Z</time>
			</trkpt>
			<trkpt lat="59.937479868005425" lon="30.38188553709721">
				<ele>1.6822385173290968</ele>
				<time>2023-10-21T09:39:42Z</time>
			</trkpt>
			<trkpt lat="59.937455837241735" lon="30.381854191887083">
				<ele>2.6137141920626163</ele>
				<time>2023-10-21T09:39:45Z</time>
			</trkpt>
			<trkpt lat="59.937436142498406" lon="30.38183160692772">
				<ele>2.42425368539989</ele>
				<time>2023-10-21T09:39:46Z</time>
			</trkpt>
			<trkpt lat="59.93741104129545" lon="30.3818006796492">
				<ele>3.304849362000823</ele>
				<time>2023-10-21T09:39:48Z</time>
			</trkpt>
			<trkpt lat="59.937395562230996" lon="30.381781829636488">
				<ele>3.4630658393725753</ele>
				<time>2023-10-21T09:39:50Z</time>
			</trkpt>
			<trkpt lat="59.937375782096346" lon="30.38174230713351">
				<ele>4.695286291651428</ele>
				<time>2023-10-21T09:39:53Z</time>
			</trkpt>
			<trkpt lat="59.93735086301766" lon="30.381703148340875">
				<ele>1.8993403492495418</ele>
				<time>2023-10-21T09:39:55Z</time>
			</trkpt>
			<trkpt lat="59.93732803732505" lon="30.381682713099988">
				<ele>2.3978444626554847</ele>
				<time>2023-10-21T09:39:57Z</time>
			</trkpt>
			<trkpt lat="59.937308523254174" lon="30.381649772735116">
				<ele>3.2198872845619917</ele>
				<time>2023-10-21T09:39:58Z</time>
			</trkpt>
			<trkpt lat="59.9372692336215" lon="30.381631658084867">
				<ele>4.323506113141775</ele>
				<time>2023-10-21T09:40:00Z</time>
			</trkpt>
			<trkpt lat="59.937236890969636" lon="30.381618496878005">
				<ele>8.53629201836884</ele>
				<time>2023-10-21T09:40:02Z</time>
			</trkpt>
			<trkpt lat="59.93720734403961" lon="30.38161243829787">
				<ele>6.583678524941206</ele>
				<time>2023-10-21T09:40:04Z</time>
			</trkpt>
			<trkpt lat="59.937188901805186" lon="30.381593676441476">
				<ele>7.18491265270859</ele>
				<time>2023-10-21T09:40:05Z</time>
			</trkpt>
			<trkpt lat="59.937164400184" lon="30.381564098477938">
				<ele>7.471708086319268</ele>
				<time>2023-10-21T09:40:07Z</time>
			</trkpt>
			<trkpt lat="59.937142789786556" lon="30.38152724071733">
				<ele>8.284495117142797</ele>
				<time>2023-10-21T09:40:09Z</time>
			</trkpt>
			<trkpt lat="59.93713507978755" lon="30.381489810248993">
				<ele>6.058877905830741</ele>
				<time>2023-10-21T09:40:13Z</time>
			</trkpt>
			<trkpt lat="59.93716424354013" lon="30.38144263144273">
				<ele>5.391053073108196</ele>
				<time>2023-10-21T09:40:15Z</time>
			</trkpt>
			<trkpt lat="59.93714504438275" lon="30.381452969256316">
				<ele>2.884528568945825</ele>
				<time>2023-10-21T09:40:16Z</time>
			</trkpt>
			<trkpt lat="59.93712953688499" lon="30.381414563791616">
				<ele>8.762816016562283</ele>
				<time>2023-10-21T09:40:19Z</time>
			</trkpt>
			<trkpt lat="59.93710872171811" lon="30.381438244827578">
				<ele>7.025544987991452</ele>
				<time>2023-10-21T09:40:22Z</time>
			</trkpt>
			<trkpt lat="59.93709920692483" lon="30.381496637582437">
				<ele>6.423599787987769</ele>
				<time>2023-10-21T09:40:23Z</time>
			</trkpt>
			<trkpt lat="59.93710772613268" lon="30.381441446503597">
				<ele>5.931779938749969</ele>
				<time>2023-10-21T09:40:24Z</time>
			</trkpt>
			<trkpt lat="59.937121689056575" lon="30.38147022727923">
				<ele>6.454402651637793</ele>
				<time>2023-10-21T09:40:28Z</time>
			</trkpt>
			<trkpt lat="59.93709319792643" lon="30.381467422469278">
				<ele>6.920759660191834</ele>
				<time>2023-10-21T09:40:29Z</time>
			</trkpt>
			<trkpt lat="59.93713215895978" lon="30.38149301567679">
				<ele>4.080334607511759</ele>
				<time>2023-10-21T09:40:31Z</time>
			</trkpt>
			<trkpt lat="59.937122807782664" lon="30.381543590343398">
				<ele>6.638807645067573</ele>
				<time>2023-10-21T09:40:32Z</time>
			</trkpt>
			<trkpt lat="59.93706491647512" lon="30.38154751899111">
				<ele>8.91085814498365</ele>
				<time>2023-10-21T09:40:33Z</time>
			</trkpt>
			<trkpt lat="59.93699502490085" lon="30.38157771480796">
				<ele>8.059002202004194</ele>
				<time>2023-10-21T09:40:34Z</time>
			</trkpt>
			<trkpt lat="59.93701872974377" lon="30.381782584890665">
				<ele>8.466876561753452</ele>
				<time>2023-10-21T09:40:35Z</time>
			</trkpt>
			<trkpt lat="59.937045929704915" lon="30.381784890923573">
				<ele>8.099560461007059</ele>
				<time>2023-10-21T09:40:36Z</time>
			</trkpt>
			<trkpt lat="59.937032111129525" lon="30.381846235652866">
				<ele>8.380616405047476</ele>
				<time>2023-10-21T09:40:37Z</time>
			</trkpt>
			<trkpt lat="59.93702126168112" lon="30.38175161277235">
				<ele>8.74274137429893</ele>
				<time>2023-10-21T09:40:38Z</time>
			</trkpt>
			<trkpt lat="59.93699170089293" lon="30.3817901690049">
				<ele>13.389288750477135</ele>
				<time>2023-10-21T09:40:39Z</time>
			</trkpt>
			<trkpt lat="59.93699835855446" lon="30.381823406755764">
				<ele>9.009309290908277</ele>
				<time>2023-10-21T09:40:40Z</time>
			</trkpt>
			<trkpt lat="59.93697811474749" lon="30.381821748538226">
				<ele>7.93978884536773</ele>
				<time>2023-10-21T09:40:42Z</time>
			</trkpt>
			<trkpt lat="59.93696565164246" lon="30.381791704594633">
				<ele>5.469938191585243</ele>
				<time>2023-10-21T09:40:43Z</time>
			</trkpt>
			<trkpt lat="59.93694712994297" lon="30.381865977978638">
				<ele>7.051116676069796</ele>
				<time>2023-10-21T09:40:44Z</time>
			</trkpt>
			<trkpt lat="59.93692564119746" lon="30.38192286171753">
				<ele>9.393699741922319</ele>
				<time>2023-10-21T09:40:45Z</time>
			</trkpt>
			<trkpt lat="59.93689816029072" lon="30.38191000914974">
				<ele>10.85661250539124</ele>
				<time>2023-10-21T09:40:47Z</time>
			</trkpt>
			<trkpt lat="59.93685767490224" lon="30.381874124968604">
				<ele>12.746900279074907</ele>
				<time>2023-10-21T09:40:48Z</time>
			</trkpt>
			<trkpt lat="59.93686767969764" lon="30.381936632629834">
				<ele>15.093141465447843</ele>
				<time>2023-10-21T09:40:49Z</time>
			</trkpt>
			<trkpt lat="59.93686742636112" lon="30.381981420657098">
				<ele>13.920063211582601</ele>
				<time>2023-10-21T09:40:50Z</time>
			</trkpt>
			<trkpt lat="59.93687847584716" lon="30.3820420357919">
				<ele>5.790619174018502</ele>
				<time>2023-10-21T09:40:57Z</time>
			</trkpt>
			<trkpt lat="59.93686857757133" lon="30.382099581575183">
				<ele>7.035039579495788</ele>
				<time>2023-10-21T09:40:59Z</time>
			</trkpt>
			<trkpt lat="59.936850953411394" lon="30.382151732734005">
				<ele>4.170355492271483</ele>
				<time>2023-10-21T09:41:02Z</time>
			</trkpt>
			<trkpt lat="59.936830003785545" lon="30.382178003298623">
				<ele>2.5368547160178423</ele>
				<time>2023-10-21T09:41:05Z</time>
			</trkpt>
			<trkpt lat="59.93681755041267" lon="30.38221143260992">
				<ele>3.1575481332838535</ele>
				<time>2023-10-21T09:41:07Z</time>
			</trkpt>
			<trkpt lat="59.93681390635593" lon="30.382246567708044">
				<ele>4.050333441235125</ele>
				<time>2023-10-21T09:41:09Z</time>
			</trkpt>
			<trkpt lat="59.93683303411404" lon="30.382242106129727">
				<ele>8.48284462094307</ele>
				<time>2023-10-21T09:41:18Z</time>
			</trkpt>
			<trkpt lat="59.936845891587026" lon="30.38218131942091">
				<ele>9.24777555372566</ele>
				<time>2023-10-21T09:41:21Z</time>
			</trkpt>
			<trkpt lat="59.936867966130166" lon="30.38214246667805">
				<ele>8.36713162343949</ele>
				<time>2023-10-21T09:41:22Z</time>
			</trkpt>
			<trkpt lat="59.93686373650661" lon="30.382063137161328">
				<ele>7.576094137504697</ele>
				<time>2023-10-21T09:41:24Z</time>
			</trkpt>
			<trkpt lat="59.9368561262441" lon="30.381992094406623">
				<ele>8.86799227911979</ele>
				<time>2023-10-21T09:41:26Z</time>
			</trkpt>
			<trkpt lat="59.93684406390714" lon="30.381931232334075">
				<ele>10.522556462325156</ele>
				<time>2023-10-21T09:41:27Z</time>
			</trkpt>
			<trkpt lat="59.936829521865185" lon="30.381872223236424">
				<ele>8.870676105841994</ele>
				<time>2023-10-21T09:41:29Z</time>
			</trkpt>
			<trkpt lat="59.93684751148029" lon="30.381874916372897">
				<ele>6.556904699653387</ele>
				<time>2023-10-21T09:41:34Z</time>
			</trkpt>
			<trkpt lat="59.93684320584514" lon="30.381836040184204">
				<ele>5.734234393574297</ele>
				<time>2023-10-21T09:41:39Z</time>
			</trkpt>
			<trkpt lat="59.93687304431729" lon="30.381883253321597">
				<ele>9.512240462005138</ele>
				<time>2023-10-21T09:41:44Z</time>
			</trkpt>
			<trkpt lat="59.93689555093899" lon="30.381908978790538">
				<ele>7.986090385355055</ele>
				<time>2023-10-21T09:41:45Z</time>
			</trkpt>
			<trkpt lat="59.936919687145" lon="30.381893871906623">
				<ele>6.626915401779115</ele>
				<time>2023-10-21T09:41:46Z</time>
			</trkpt>
			<trkpt lat="59.9369154794454" lon="30.381939051331297">
				<ele>5.32616080250591</ele>
				<time>2023-10-21T09:41:48Z</time>
			</trkpt>
			<trkpt lat="59.93693653968885" lon="30.381929504869795">
				<ele>4.8192818984389305</ele>
				<time>2023-10-21T09:41:50Z</time>
			</trkpt>
			<trkpt lat="59.93694504434262" lon="30.3818885471068">
				<ele>1.875383909791708</ele>
				<time>2023-10-21T09:41:51Z</time>
			</trkpt>
			<trkpt lat="59.93696277944556" lon="30.381847927238105">
				<ele>4.946401589550078</ele>
				<time>2023-10-21T09:41:53Z</time>
			</trkpt>
			<trkpt lat="59.93696252501041" lon="30.381797982672207">
				<ele>4.389196039177477</ele>
				<time>2023-10-21T09:41:56Z</time>
			</trkpt>
			<trkpt lat="59.93697611059916" lon="30.381773456044698">
				<ele>5.039104766212404</ele>
				<time>2023-10-21T09:41:57Z</time>
			</trkpt>
			<trkpt lat="59.93700550840416" lon="30.38176468696079">
				<ele>9.048362511210144</ele>
				<time>2023-10-21T09:42:00Z</time>
			</trkpt>
			<trkpt lat="59.937047287716894" lon="30.38175352025072">
				<ele>10.319601704366505</ele>
				<time>2023-10-21T09:42:01Z</time>
			</trkpt>
			<trkpt lat="59.93703816481373" lon="30.381681832362965">
				<ele>6.583657654002309</ele>
				<time>2023-10-21T09:42:02Z</time>
			</trkpt>
			<trkpt lat="59.93696963545577" lon="30.381627397642152">
				<ele>5.667598488740623</ele>
				<time>2023-10-21T09:42:03Z</time>
			</trkpt>
			<trkpt lat="59.93699167191838" lon="30.38161244277359">
				<ele>7.169592950493097</ele>
				<time>2023-10-21T09:42:04Z</time>
			</trkpt>
			<trkpt lat="59.93700731041717" lon="30.381574244673846">
				<ele>6.032597312703729</ele>
				<time>2023-10-21T09:42:07Z</time>
			</trkpt>
			<trkpt lat="59.93700450298551" lon="30.381538679697428">
				<ele>9.67346029728651</ele>
				<time>2023-10-21T09:42:10Z</time>
			</trkpt>
			<trkpt lat="59.93700732257008" lon="30.381502423414354">
				<ele>9.530679971911013</ele>
				<time>2023-10-21T09:42:12Z</time>
			</trkpt>
			<trkpt lat="59.93701324836993" lon="30.381903988048133">
				<ele>14.619701669551432</ele>
				<time>2023-10-21T09:42:13Z</time>
			</trkpt>
			<trkpt lat="59.93700419364601" lon="30.381476003527474">
				<ele>8.50841015484184</ele>
				<time>2023-10-21T09:42:14Z</time>
			</trkpt>
			<trkpt lat="59.937021987665126" lon="30.381455353140886">
				<ele>9.736959499306977</ele>
				<time>2023-10-21T09:42:15Z</time>
			</trkpt>
			<trkpt lat="59.93704927531204" lon="30.381388211282847">
				<ele>7.92788811493665</ele>
				<time>2023-10-21T09:42:17Z</time>
			</trkpt>
			<trkpt lat="59.937050849932795" lon="30.381430692836624">
				<ele>3.642884947359562</ele>
				<time>2023-10-21T09:42:18Z</time>
			</trkpt>
			<trkpt lat="59.93704543603328" lon="30.381390806868023">
				<ele>1.6794357150793076</ele>
				<time>2023-10-21T09:42:22Z</time>
			</trkpt>
			<trkpt lat="59.93702833130952" lon="30.38137826614908">
				<ele>1.1629162952303886</ele>
				<time>2023-10-21T09:42:24Z</time>
			</trkpt>
			<trkpt lat="59.93700574925936" lon="30.381351711247902">
				<ele>0.9303444465622306</ele>
				<time>2023-10-21T09:42:26Z</time>
			</trkpt>
			<trkpt lat="59.93698418443528" lon="30.381340764522346">
				<ele>2.405428759753704</ele>
				<time>2023-10-21T09:42:27Z</time>
			</trkpt>
			<trkpt lat="59.936967303828276" lon="30.381327442497366">
				<ele>2.3082422837615013</ele>
				<time>2023-10-21T09:42:28Z</time>
			</trkpt>
			<trkpt lat="59.93693664109355" lon="30.38130754324269">
				<ele>2.6623053420335054</ele>
				<time>2023-10-21T09:42:30Z</time>
			</trkpt>
			<trkpt lat="59.93690298315072" lon="30.381303545263684">
				<ele>1.5913500469177961</ele>
				<time>2023-10-21T09:42:32Z</time>
			</trkpt>
			<trkpt lat="59.936883415002924" lon="30.381302730256348">
				<ele>1.1776568479835987</ele>
				<time>2023-10-21T09:42:33Z</time>
			</trkpt>
			<trkpt lat="59.93685091194903" lon="30.38128735007803">
				<ele>2.700589365325868</ele>
				<time>2023-10-21T09:42:35Z</time>
			</trkpt>
			<trkpt lat="59.93684589411318" lon="30.38125248619623">
				<ele>4.761922026984394</ele>
				<time>2023-10-21T09:42:37Z</time>
			</trkpt>
			<trkpt lat="59.93682226867678" lon="30.381222403090188">
				<ele>3.115863999351859</ele>
				<time>2023-10-21T09:42:39Z</time>
			</trkpt>
			<trkpt lat="59.9368032946878" lon="30.38119348100915">
				<ele>2.8368969867005944</ele>
				<time>2023-10-21T09:42:41Z</time>
			</trkpt>
			<trkpt lat="59.93678187671511" lon="30.38118136907988">
				<ele>2.3679339783266187</ele>
				<time>2023-10-21T09:42:42Z</time>
			</trkpt>
			<trkpt lat="59.9367585946971" lon="30.381177819224995">
				<ele>2.73008341062814</ele>
				<time>2023-10-21T09:42:43Z</time>
			</trkpt>
			<trkpt lat="59.93675490480491" lon="30.38113698487698">
				<ele>2.1698529943823814</ele>
				<time>2023-10-21T09:42:45Z</time>
			</trkpt>
			<trkpt lat="59.93672867718164" lon="30.381152047707893">
				<ele>2.009100230410695</ele>
				<time>2023-10-21T09:42:47Z</time>
			</trkpt>
			<trkpt lat="59.9367226449144" lon="30.38111384768619">
				<ele>3.8779734363779426</ele>
				<time>2023-10-21T09:42:48Z</time>
			</trkpt>
			<trkpt lat="59.93670571080827" lon="30.38108067119422">
				<ele>5.484245505183935</ele>
				<time>2023-10-21T09:42:49Z</time>
			</trkpt>
			<trkpt lat="59.93667743516643" lon="30.381108599010336">
				<ele>0.6667550858110189</ele>
				<time>2023-10-21T09:42:52Z</time>
			</trkpt>
			<trkpt lat="59.93665903940406" lon="30.381056291246665">
				<ele>1.4544309237971902</ele>
				<time>2023-10-21T09:42:54Z</time>
			</trkpt>
			<trkpt lat="59.93666983177332" lon="30.38101145584287">
				<ele>3.448398166336119</ele>
				<time>2023-10-21T09:42:57Z</time>
			</trkpt>
			<trkpt lat="59.93664771951104" lon="30.380972459939237">
				<ele>3.397348502650857</ele>
				<time>2023-10-21T09:42:59Z</time>
			</trkpt>
			<trkpt lat="59.93662986094814" lon="30.380962042584102">
				<ele>3.908093335106969</ele>
				<time>2023-10-21T09:43:00Z</time>
			</trkpt>
			<trkpt lat="59.93661763589669" lon="30.38100705640076">
				<ele>3.991943895816803</ele>
				<time>2023-10-21T09:43:02Z</time>
			</trkpt>
			<trkpt lat="59.936597888384625" lon="30.380981018777113">
				<ele>4.775914874859154</ele>
				<time>2023-10-21T09:43:03Z</time>
			</trkpt>
			<trkpt lat="59.93657352510764" lon="30.380998312395164">
				<ele>6.682523496448994</ele>
				<time>2023-10-21T09:43:05Z</time>
			</trkpt>
			<trkpt lat="59.9365501367848" lon="30.381013726941088">
				<ele>8.293806242756546</ele>
				<time>2023-10-21T09:43:07Z</time>
			</trkpt>
			<trkpt lat="59.93653291878165" lon="30.381038803629245">
				<ele>8.906906496733427</ele>
				<time>2023-10-21T09:43:11Z</time>
			</trkpt>
			<trkpt lat="59.936524441402106" lon="30.381079916659147">
				<ele>9.160274828784168</ele>
				<time>2023-10-21T09:43:13Z</time>
			</trkpt>
			<trkpt lat="59.936507761143076" lon="30.38109331635672">
				<ele>9.864153919741511</ele>
				<time>2023-10-21T09:43:15Z</time>
			</trkpt>
			<trkpt lat="59.936485465608655" lon="30.381122217315703">
				<ele>10.13214887585491</ele>
				<time>2023-10-21T09:43:17Z</time>
			</trkpt>
			<trkpt lat="59.936459984791625" lon="30.381147484937753">
				<ele>10.13489677105099</ele>
				<time>2023-10-21T09:43:19Z</time>
			</trkpt>
			<trkpt lat="59.936434249828" lon="30.381156228707646">
				<ele>10.15330746397376</ele>
				<time>2023-10-21T09:43:21Z</time>
			</trkpt>
			<trkpt lat="59.93640780810931" lon="30.381160363715427">
				<ele>11.492011031135917</ele>
				<time>2023-10-21T09:43:23Z</time>
			</trkpt>
			<trkpt lat="59.93638203485606" lon="30.381154443185462">
				<ele>12.211614257656038</ele>
				<time>2023-10-21T09:43:25Z</time>
			</trkpt>
			<trkpt lat="59.93635914264063" lon="30.381175941381628">
				<ele>12.25418296828866</ele>
				<time>2023-10-21T09:43:27Z</time>
			</trkpt>
			<trkpt lat="59.936340336116594" lon="30.381182083336963">
				<ele>11.683465709909797</ele>
				<time>2023-10-21T09:43:28Z</time>
			</trkpt>
			<trkpt lat="59.9363076131226" lon="30.381179148410222">
				<ele>10.028753099963069</ele>
				<time>2023-10-21T09:43:30Z</time>
			</trkpt>
			<trkpt lat="59.93628891123088" lon="30.381193435390607">
				<ele>11.104043114930391</ele>
				<time>2023-10-21T09:43:31Z</time>
			</trkpt>
			<trkpt lat="59.93626657377132" lon="30.381204070997395">
				<ele>10.420162493363023</ele>
				<time>2023-10-21T09:43:32Z</time>
			</trkpt>
			<trkpt lat="59.936266620323906" lon="30.381255612325063">
				<ele>10.157500365749002</ele>
				<time>2023-10-21T09:43:34Z</time>
			</trkpt>
			<trkpt lat="59.93625750569081" lon="30.38130165385881">
				<ele>9.802771403454244</ele>
				<time>2023-10-21T09:43:37Z</time>
			</trkpt>
			<trkpt lat="59.93624497026192" lon="30.381333544735824">
				<ele>6.579637163318694</ele>
				<time>2023-10-21T09:43:39Z</time>
			</trkpt>
			<trkpt lat="59.936235311777715" lon="30.381376913880597">
				<ele>5.920941040851176</ele>
				<time>2023-10-21T09:43:41Z</time>
			</trkpt>
			<trkpt lat="59.936213018286814" lon="30.3813901452473">
				<ele>6.561029078438878</ele>
				<time>2023-10-21T09:43:42Z</time>
			</trkpt>
			<trkpt lat="59.936198514857296" lon="30.381445087863924">
				<ele>5.9857528526335955</ele>
				<time>2023-10-21T09:43:44Z</time>
			</trkpt>
			<trkpt lat="59.93619261710747" lon="30.381481102441565">
				<ele>7.915194322355092</ele>
				<time>2023-10-21T09:43:45Z</time>
			</trkpt>
			<trkpt lat="59.93618904143598" lon="30.38151712383056">
				<ele>9.384637920185924</ele>
				<time>2023-10-21T09:43:47Z</time>
			</trkpt>
			<trkpt lat="59.93617599028009" lon="30.381542548355515">
				<ele>10.05484711471945</ele>
				<time>2023-10-21T09:43:49Z</time>
			</trkpt>
			<trkpt lat="59.93616449772615" lon="30.381575263119476">
				<ele>9.744337528012693</ele>
				<time>2023-10-21T09:43:51Z</time>
			</trkpt>
			<trkpt lat="59.93615785090613" lon="30.38162041725677">
				<ele>11.89901186991483</ele>
				<time>2023-10-21T09:43:53Z</time>
			</trkpt>
			<trkpt lat="59.936137731642994" lon="30.38162561842055">
				<ele>10.032412723638117</ele>
				<time>2023-10-21T09:43:54Z</time>
			</trkpt>
			<trkpt lat="59.936121471459785" lon="30.381661082811238">
				<ele>9.196105867624283</ele>
				<time>2023-10-21T09:43:56Z</time>
			</trkpt>
			<trkpt lat="59.936117859249904" lon="30.381701331992698">
				<ele>7.59534455370158</ele>
				<time>2023-10-21T09:43:58Z</time>
			</trkpt>
			<trkpt lat="59.93609949190422" lon="30.381738606261024">
				<ele>9.09652523510158</ele>
				<time>2023-10-21T09:44:00Z</time>
			</trkpt>
			<trkpt lat="59.936105374366925" lon="30.381777186545317">
				<ele>9.377250977791846</ele>
				<time>2023-10-21T09:44:01Z</time>
			</trkpt>
			<trkpt lat="59.93608893967023" lon="30.381797127992588">
				<ele>11.007667355239391</ele>
				<time>2023-10-21T09:44:02Z</time>
			</trkpt>
			<trkpt lat="59.93608340781731" lon="30.38186402025377">
				<ele>8.955278421752155</ele>
				<time>2023-10-21T09:44:05Z</time>
			</trkpt>
			<trkpt lat="59.93606842296504" lon="30.381895567811824">
				<ele>8.152708756737411</ele>
				<time>2023-10-21T09:44:07Z</time>
			</trkpt>
			<trkpt lat="59.93605687583029" lon="30.38193983056227">
				<ele>11.200318518094718</ele>
				<time>2023-10-21T09:44:09Z</time>
			</trkpt>
			<trkpt lat="59.93606407262323" lon="30.381975862268728">
				<ele>8.877474921755493</ele>
				<time>2023-10-21T09:44:10Z</time>
			</trkpt>
			<trkpt lat="59.936045849073395" lon="30.38198737206529">
				<ele>7.487055177800357</ele>
				<time>2023-10-21T09:44:11Z</time>
			</trkpt>
			<trkpt lat="59.9360556003442" lon="30.38202728774485">
				<ele>8.465510736219585</ele>
				<time>2023-10-21T09:44:12Z</time>
			</trkpt>
			<trkpt lat="59.936065395005734" lon="30.382092610641884">
				<ele>6.537739641964436</ele>
				<time>2023-10-21T09:44:14Z</time>
			</trkpt>
			<trkpt lat="59.93607247519197" lon="30.382130526934706">
				<ele>6.829664659686387</ele>
				<time>2023-10-21T09:44:15Z</time>
			</trkpt>
			<trkpt lat="59.9360640459038" lon="30.38217783953994">
				<ele>10.005478918552399</ele>
				<time>2023-10-21T09:44:17Z</time>
			</trkpt>
			<trkpt lat="59.93607153740947" lon="30.38224430907257">
				<ele>8.781550211831927</ele>
				<time>2023-10-21T09:44:19Z</time>
			</trkpt>
			<trkpt lat="59.93607878147732" lon="30.382278416696057">
				<ele>8.464037275873125</ele>
				<time>2023-10-21T09:44:20Z</time>
			</trkpt>
			<trkpt lat="59.93608710197845" lon="30.38232062150602">
				<ele>7.935289540328085</ele>
				<time>2023-10-21T09:44:21Z</time>
			</trkpt>
			<trkpt lat="59.93608320879604" lon="30.382368168015084">
				<ele>7.833133273757994</ele>
				<time>2023-10-21T09:44:23Z</time>
			</trkpt>
			<trkpt lat="59.936059622409324" lon="30.382362832861972">
				<ele>9.652115666307509</ele>
				<time>2023-10-21T09:44:24Z</time>
			</trkpt>
			<trkpt lat="59.93605322171497" lon="30.38240173503619">
				<ele>6.162670518271625</ele>
				<time>2023-10-21T09:44:26Z</time>
			</trkpt>
			<trkpt lat="59.93605737458379" lon="30.382438093101854">
				<ele>3.981326804496348</ele>
				<time>2023-10-21T09:44:28Z</time>
			</trkpt>
			<trkpt lat="59.93604846191654" lon="30.382472860169504">
				<ele>5.542559381574392</ele>
				<time>2023-10-21T09:44:29Z</time>
			</trkpt>
			<trkpt lat="59.93604078817926" lon="30.3825221002877">
				<ele>5.807216370478272</ele>
				<time>2023-10-21T09:44:30Z</time>
			</trkpt>
			<trkpt lat="59.93603161218601" lon="30.382592428056377">
				<ele>6.721873297356069</ele>
				<time>2023-10-21T09:44:33Z</time>
			</trkpt>
			<trkpt lat="59.936014141745325" lon="30.382608055599512">
				<ele>5.39194490481168</ele>
				<time>2023-10-21T09:44:35Z</time>
			</trkpt>
			<trkpt lat="59.93600549952974" lon="30.382651879579736">
				<ele>6.572248610667884</ele>
				<time>2023-10-21T09:44:37Z</time>
			</trkpt>
			<trkpt lat="59.93599649723808" lon="30.382704062174405">
				<ele>6.616408457048237</ele>
				<time>2023-10-21T09:44:39Z</time>
			</trkpt>
			<trkpt lat="59.935982251268705" lon="30.38267509797775">
				<ele>6.458822900429368</ele>
				<time>2023-10-21T09:44:41Z</time>
			</trkpt>
			<trkpt lat="59.93582531883938" lon="30.382519583616457">
				<ele>9.251860725693405</ele>
				<time>2023-10-21T09:45:05Z</time>
			</trkpt>
			<trkpt lat="59.935837781188134" lon="30.382550365657163">
				<ele>9.783328293822706</ele>
				<time>2023-10-21T09:45:26Z</time>
			</trkpt>
			<trkpt lat="59.93582087539492" lon="30.382571307822257">
				<ele>9.911272216588259</ele>
				<time>2023-10-21T09:45:28Z</time>
			</trkpt>
			<trkpt lat="59.93583323662121" lon="30.382648117372256">
				<ele>9.8127865139395</ele>
				<time>2023-10-21T09:45:30Z</time>
			</trkpt>
			<trkpt lat="59.93582912694741" lon="30.382688598487874">
				<ele>10.00708212889731</ele>
				<time>2023-10-21T09:45:31Z</time>
			</trkpt>
			<trkpt lat="59.935850917246896" lon="30.382751573669236">
				<ele>10.979433762840927</ele>
				<time>2023-10-21T09:45:32Z</time>
			</trkpt>
			<trkpt lat="59.93584750076034" lon="30.382812937916754">
				<ele>9.98668332863599</ele>
				<time>2023-10-21T09:45:34Z</time>
			</trkpt>
			<trkpt lat="59.93586822777396" lon="30.38284950776139">
				<ele>8.06184714101255</ele>
				<time>2023-10-21T09:45:35Z</time>
			</trkpt>
			<trkpt lat="59.93588869586089" lon="30.382852910224496">
				<ele>6.253616268746555</ele>
				<time>2023-10-21T09:45:36Z</time>
			</trkpt>
			<trkpt lat="59.93585890239403" lon="30.38282272222995">
				<ele>4.824132457375526</ele>
				<time>2023-10-21T09:45:39Z</time>
			</trkpt>
			<trkpt lat="59.935836302267894" lon="30.382790056544284">
				<ele>4.4524318389594555</ele>
				<time>2023-10-21T09:45:41Z</time>
			</trkpt>
			<trkpt lat="59.935811622411826" lon="30.382761026161734">
				<ele>3.7758390493690968</ele>
				<time>2023-10-21T09:45:43Z</time>
			</trkpt>
			<trkpt lat="59.93578819511526" lon="30.38275412063723">
				<ele>2.846348843537271</ele>
				<time>2023-10-21T09:45:46Z</time>
			</trkpt>
			<trkpt lat="59.935775123715906" lon="30.382728069158553">
				<ele>3.237868707627058</ele>
				<time>2023-10-21T09:45:48Z</time>
			</trkpt>
			<trkpt lat="59.93575355883464" lon="30.382708981005337">
				<ele>3.3826796198263764</ele>
				<time>2023-10-21T09:45:50Z</time>
			</trkpt>
			<trkpt lat="59.93572595849319" lon="30.382696073120265">
				<ele>7.482719400897622</ele>
				<time>2023-10-21T09:45:53Z</time>
			</trkpt>
			<trkpt lat="59.935724403347805" lon="30.38264729093822">
				<ele>0.6892041601240635</ele>
				<time>2023-10-21T09:45:55Z</time>
			</trkpt>
			<trkpt lat="59.935701971352806" lon="30.382615342583165">
				<ele>1.5356564605608582</ele>
				<time>2023-10-21T09:45:57Z</time>
			</trkpt>
			<trkpt lat="59.93568417730178" lon="30.382600371056373">
				<ele>2.09969094209373</ele>
				<time>2023-10-21T09:45:58Z</time>
			</trkpt>
			<trkpt lat="59.935663025913556" lon="30.38256594967061">
				<ele>0.17452012468129396</ele>
				<time>2023-10-21T09:46:00Z</time>
			</trkpt>
			<trkpt lat="59.935642574795345" lon="30.38254506031412">
				<ele>2.0505336495116353</ele>
				<time>2023-10-21T09:46:02Z</time>
			</trkpt>
			<trkpt lat="59.93562653076597" lon="30.38250664955156">
				<ele>1.5281260507181287</ele>
				<time>2023-10-21T09:46:04Z</time>
			</trkpt>
			<trkpt lat="59.9356060526906" lon="30.382493338730065">
				<ele>1.4096970092505217</ele>
				<time>2023-10-21T09:46:06Z</time>
			</trkpt>
			<trkpt lat="59.93559717274638" lon="30.382461117942757">
				<ele>0.8914068238809705</ele>
				<time>2023-10-21T09:46:07Z</time>
			</trkpt>
			<trkpt lat="59.935587121595205" lon="30.38243072666852">
				<ele>0.058113645762205124</ele>
				<time>2023-10-21T09:46:08Z</time>
			</trkpt>
			<trkpt lat="59.93555997247986" lon="30.38243685534743">
				<ele>-0.39546487107872963</ele>
				<time>2023-10-21T09:46:10Z</time>
			</trkpt>
			<trkpt lat="59.93553428698398" lon="30.382441824337167">
				<ele>0.6104704886674881</ele>
				<time>2023-10-21T09:46:12Z</time>
			</trkpt>
			<trkpt lat="59.93551045048204" lon="30.382413585270744">
				<ele>-1.5894875638186932</ele>
				<time>2023-10-21T09:46:14Z</time>
			</trkpt>
			<trkpt lat="59.935486207116675" lon="30.382408636211633">
				<ele>-4.271491955965757</ele>
				<time>2023-10-21T09:46:16Z</time>
			</trkpt>
			<trkpt lat="59.93546588650745" lon="30.38240709670073">
				<ele>-5.310341471806169</ele>
				<time>2023-10-21T09:46:18Z</time>
			</trkpt>
			<trkpt lat="59.93544343501592" lon="30.382398492271562">
				<ele>-4.730611991137266</ele>
				<time>2023-10-21T09:46:20Z</time>
			</trkpt>
			<trkpt lat="59.93542502714181" lon="30.38237623687462">
				<ele>-2.6016621086746454</ele>
				<time>2023-10-21T09:46:22Z</time>
			</trkpt>
			<trkpt lat="59.93540447468671" lon="30.382385562298584">
				<ele>-5.526027898304164</ele>
				<time>2023-10-21T09:46:24Z</time>
			</trkpt>
			<trkpt lat="59.935383045615474" lon="30.38261994477002">
				<ele>-6.474815659224987</ele>
				<time>2023-10-21T09:46:25Z</time>
			</trkpt>
			<trkpt lat="59.935372035493025" lon="30.382501757281243">
				<ele>-5.259605124592781</ele>
				<time>2023-10-21T09:46:26Z</time>
			</trkpt>
			<trkpt lat="59.93537674009216" lon="30.38237770270002">
				<ele>-5.985555289313197</ele>
				<time>2023-10-21T09:46:27Z</time>
			</trkpt>
			<trkpt lat="59.93538453685172" lon="30.382336532098943">
				<ele>-5.734902730211616</ele>
				<time>2023-10-21T09:46:28Z</time>
			</trkpt>
			<trkpt lat="59.93537774681331" lon="30.38228810212534">
				<ele>-1.3110521715134382</ele>
				<time>2023-10-21T09:46:32Z</time>
			</trkpt>
			<trkpt lat="59.935357129726974" lon="30.382252730754683">
				<ele>-1.7566166380420327</ele>
				<time>2023-10-21T09:46:34Z</time>
			</trkpt>
			<trkpt lat="59.93534607921841" lon="30.38222128209671">
				<ele>-2.1023483891040087</ele>
				<time>2023-10-21T09:46:35Z</time>
			</trkpt>
			<trkpt lat="59.93532380855476" lon="30.382195966622685">
				<ele>-3.295736115425825</ele>
				<time>2023-10-21T09:46:38Z</time>
			</trkpt>
			<trkpt lat="59.93531205114847" lon="30.382147188559774">
				<ele>-1.4754901640117168</ele>
				<time>2023-10-21T09:46:40Z</time>
			</trkpt>
			<trkpt lat="59.93529619787209" lon="30.382118531662808">
				<ele>-4.934266059659421</ele>
				<time>2023-10-21T09:46:42Z</time>
			</trkpt>
			<trkpt lat="59.93527534127603" lon="30.382087696882298">
				<ele>-4.78092306945473</ele>
				<time>2023-10-21T09:46:45Z</time>
			</trkpt>
			<trkpt lat="59.93526104700447" lon="30.382056100880305">
				<ele>-1.6956356056034565</ele>
				<time>2023-10-21T09:46:48Z</time>
			</trkpt>
			<trkpt lat="59.93524396874124" lon="30.382029078525466">
				<ele>-2.370149598456919</ele>
				<time>2023-10-21T09:46:49Z</time>
			</trkpt>
			<trkpt lat="59.93522042793397" lon="30.382008187139785">
				<ele>-2.052054381929338</ele>
				<time>2023-10-21T09:46:51Z</time>
			</trkpt>
			<trkpt lat="59.935205228686264" lon="30.381985773296414">
				<ele>1.8385334247723222</ele>
				<time>2023-10-21T09:46:53Z</time>
			</trkpt>
			<trkpt lat="59.9351866306137" lon="30.38196535137931">
				<ele>-1.7660821806639433</ele>
				<time>2023-10-21T09:46:55Z</time>
			</trkpt>
			<trkpt lat="59.935176579931195" lon="30.381935333399927">
				<ele>-1.842512521892786</ele>
				<time>2023-10-21T09:46:56Z</time>
			</trkpt>
			<trkpt lat="59.93515852027942" lon="30.381911845697783">
				<ele>-2.2331209937110543</ele>
				<time>2023-10-21T09:46:58Z</time>
			</trkpt>
			<trkpt lat="59.93513940402114" lon="30.381918980146256">
				<ele>-5.89529647026211</ele>
				<time>2023-10-21T09:47:00Z</time>
			</trkpt>
			<trkpt lat="59.93514460414839" lon="30.381756253922475">
				<ele>-0.7355177169665694</ele>
				<time>2023-10-21T09:47:01Z</time>
			</trkpt>
			<trkpt lat="59.93510711399114" lon="30.38180216851589">
				<ele>-1.5739627983421087</ele>
				<time>2023-10-21T09:47:02Z</time>
			</trkpt>
			<trkpt lat="59.93507265330182" lon="30.38183057478327">
				<ele>-1.8369512278586626</ele>
				<time>2023-10-21T09:47:04Z</time>
			</trkpt>
			<trkpt lat="59.93504987686196" lon="30.381837899492407">
				<ele>0.4497722666710615</ele>
				<time>2023-10-21T09:47:06Z</time>
			</trkpt>
			<trkpt lat="59.93501811766445" lon="30.381828519006298">
				<ele>-0.700723959133029</ele>
				<time>2023-10-21T09:47:09Z</time>
			</trkpt>
			<trkpt lat="59.93500275467997" lon="30.38179224780232">
				<ele>0.4670585775747895</ele>
				<time>2023-10-21T09:47:11Z</time>
			</trkpt>
			<trkpt lat="59.93498324605987" lon="30.381776484915438">
				<ele>0.6941536348313093</ele>
				<time>2023-10-21T09:47:13Z</time>
			</trkpt>
			<trkpt lat="59.93496027153827" lon="30.38173555166846">
				<ele>0.11721136327832937</ele>
				<time>2023-10-21T09:47:15Z</time>
			</trkpt>
			<trkpt lat="59.93493385105172" lon="30.381731103666063">
				<ele>1.459992385469377</ele>
				<time>2023-10-21T09:47:17Z</time>
			</trkpt>
			<trkpt lat="59.934914579938855" lon="30.381716094993955">
				<ele>0.14275082852691412</ele>
				<time>2023-10-21T09:47:19Z</time>
			</trkpt>
			<trkpt lat="59.93489588980459" lon="30.381689013769243">
				<ele>-0.767548343166709</ele>
				<time>2023-10-21T09:47:21Z</time>
			</trkpt>
			<trkpt lat="59.934878892713954" lon="30.38166376487032">
				<ele>-0.7839515069499612</ele>
				<time>2023-10-21T09:47:23Z</time>
			</trkpt>
			<trkpt lat="59.93486177998256" lon="30.38162990701844">
				<ele>-1.8376901783049107</ele>
				<time>2023-10-21T09:47:25Z</time>
			</trkpt>
			<trkpt lat="59.93483858345272" lon="30.38162202029893">
				<ele>0.3056165650486946</ele>
				<time>2023-10-21T09:47:27Z</time>
			</trkpt>
			<trkpt lat="59.93482487993772" lon="30.381647618600276">
				<ele>1.49649522267282</ele>
				<time>2023-10-21T09:47:28Z</time>
			</trkpt>
			<trkpt lat="59.93480684567566" lon="30.381637334675002">
				<ele>1.0077402787283063</ele>
				<time>2023-10-21T09:47:30Z</time>
			</trkpt>
			<trkpt lat="59.93479305903945" lon="30.38161231973606">
				<ele>0.41225010342895985</ele>
				<time>2023-10-21T09:47:31Z</time>
			</trkpt>
			<trkpt lat="59.93476846512191" lon="30.381592958543887">
				<ele>0.3865767642855644</ele>
				<time>2023-10-21T09:47:33Z</time>
			</trkpt>
			<trkpt lat="59.934745812919495" lon="30.381554208080615">
				<ele>0.31980771478265524</ele>
				<time>2023-10-21T09:47:35Z</time>
			</trkpt>
			<trkpt lat="59.93471951159369" lon="30.38152230593435">
				<ele>2.5897551383823156</ele>
				<time>2023-10-21T09:47:37Z</time>
			</trkpt>
			<trkpt lat="59.934694468453316" lon="30.381503716916892">
				<ele>-0.40352506656199694</ele>
				<time>2023-10-21T09:47:40Z</time>
			</trkpt>
			<trkpt lat="59.93467577379357" lon="30.381461969237712">
				<ele>-0.40243114437907934</ele>
				<time>2023-10-21T09:47:42Z</time>
			</trkpt>
			<trkpt lat="59.934666602631516" lon="30.38143118459534">
				<ele>-0.548865307122469</ele>
				<time>2023-10-21T09:47:43Z</time>
			</trkpt>
			<trkpt lat="59.93463945442455" lon="30.38142019884376">
				<ele>0.35062922071665525</ele>
				<time>2023-10-21T09:47:45Z</time>
			</trkpt>
			<trkpt lat="59.9346147281891" lon="30.38138995083988">
				<ele>0.23816776741296053</ele>
				<time>2023-10-21T09:47:47Z</time>
			</trkpt>
			<trkpt lat="59.9345976175061" lon="30.381375993837224">
				<ele>-0.5751467160880566</ele>
				<time>2023-10-21T09:47:49Z</time>
			</trkpt>
			<trkpt lat="59.93457334750794" lon="30.381360629283545">
				<ele>-0.06277865823358297</ele>
				<time>2023-10-21T09:47:51Z</time>
			</trkpt>
			<trkpt lat="59.934549534062405" lon="30.38135671804502">
				<ele>1.5787094086408615</ele>
				<time>2023-10-21T09:47:53Z</time>
			</trkpt>
			<trkpt lat="59.93453233411271" lon="30.38133954650727">
				<ele>1.741101946681738</ele>
				<time>2023-10-21T09:47:55Z</time>
			</trkpt>
			<trkpt lat="59.934511960214344" lon="30.38131956278055">
				<ele>0.5857475427910686</ele>
				<time>2023-10-21T09:47:57Z</time>
			</trkpt>
			<trkpt lat="59.934493171296204" lon="30.381300812148023">
				<ele>0.6766145937144756</ele>
				<time>2023-10-21T09:47:59Z</time>
			</trkpt>
			<trkpt lat="59.9344749974289" lon="30.38128360784997">
				<ele>0.7396746892482042</ele>
				<time>2023-10-21T09:48:01Z</time>
			</trkpt>
			<trkpt lat="59.93445665429204" lon="30.381244749379967">
				<ele>-1.1288406383246183</ele>
				<time>2023-10-21T09:48:04Z</time>
			</trkpt>
			<trkpt lat="59.93443187635336" lon="30.38119803786825">
				<ele>-0.39502658508718014</ele>
				<time>2023-10-21T09:48:06Z</time>
			</trkpt>
			<trkpt lat="59.93441671026337" lon="30.381172122763854">
				<ele>-3.0635839495807886</ele>
				<time>2023-10-21T09:48:08Z</time>
			</trkpt>
			<trkpt lat="59.934396973716275" lon="30.381161428648657">
				<ele>-3.870060332119465</ele>
				<time>2023-10-21T09:48:10Z</time>
			</trkpt>
			<trkpt lat="59.934376348724676" lon="30.381130206615214">
				<ele>-3.202633073553443</ele>
				<time>2023-10-21T09:48:12Z</time>
			</trkpt>
			<trkpt lat="59.93435155839508" lon="30.381097234037227">
				<ele>-3.325919303111732</ele>
				<time>2023-10-21T09:48:14Z</time>
			</trkpt>
			<trkpt lat="59.934328611587986" lon="30.3810803898981">
				<ele>-2.9199969647452235</ele>
				<time>2023-10-21T09:48:16Z</time>
			</trkpt>
			<trkpt lat="59.93429428312702" lon="30.381081538524686">
				<ele>-2.4272930854931474</ele>
				<time>2023-10-21T09:48:18Z</time>
			</trkpt>
			<trkpt lat="59.9342742221911" lon="30.381060136748985">
				<ele>-2.980847207829356</ele>
				<time>2023-10-21T09:48:20Z</time>
			</trkpt>
			<trkpt lat="59.9342456137019" lon="30.38104191778694">
				<ele>-2.135570328682661</ele>
				<time>2023-10-21T09:48:22Z</time>
			</trkpt>
			<trkpt lat="59.934218701822786" lon="30.381027895177606">
				<ele>-2.181691945530474</ele>
				<time>2023-10-21T09:48:24Z</time>
			</trkpt>
			<trkpt lat="59.9341898986572" lon="30.380999428736715">
				<ele>-3.21683338470757</ele>
				<time>2023-10-21T09:48:26Z</time>
			</trkpt>
			<trkpt lat="59.93417031605047" lon="30.380985197860806">
				<ele>-1.407176679931581</ele>
				<time>2023-10-21T09:48:28Z</time>
			</trkpt>
			<trkpt lat="59.93414811279204" lon="30.380964280881265">
				<ele>-0.9334045266732574</ele>
				<time>2023-10-21T09:48:30Z</time>
			</trkpt>
			<trkpt lat="59.93413275582267" lon="30.380943911895013">
				<ele>-1.6400199197232723</ele>
				<time>2023-10-21T09:48:31Z</time>
			</trkpt>
			<trkpt lat="59.93411179486364" lon="30.38092030565304">
				<ele>-0.7965457225218415</ele>
				<time>2023-10-21T09:48:33Z</time>
			</trkpt>
			<trkpt lat="59.93409636039676" lon="30.380886269768226">
				<ele>-0.14699041191488504</ele>
				<time>2023-10-21T09:48:35Z</time>
			</trkpt>
			<trkpt lat="59.93407668466917" lon="30.380851251025234">
				<ele>0.610356486402452</ele>
				<time>2023-10-21T09:48:37Z</time>
			</trkpt>
			<trkpt lat="59.934057535592764" lon="30.380825833901202">
				<ele>1.4658021237701178</ele>
				<time>2023-10-21T09:48:39Z</time>
			</trkpt>
			<trkpt lat="59.93404708307126" lon="30.38077302689768">
				<ele>2.70943570882082</ele>
				<time>2023-10-21T09:48:41Z</time>
			</trkpt>
			<trkpt lat="59.934046479061166" lon="30.3807312122286">
				<ele>2.9154612189158797</ele>
				<time>2023-10-21T09:48:43Z</time>
			</trkpt>
			<trkpt lat="59.93405720448774" lon="30.380673459737846">
				<ele>3.7700801081955433</ele>
				<time>2023-10-21T09:48:45Z</time>
			</trkpt>
			<trkpt lat="59.934072375245094" lon="30.380621921650224">
				<ele>4.12586132157594</ele>
				<time>2023-10-21T09:48:47Z</time>
			</trkpt>
			<trkpt lat="59.93408391002832" lon="30.38057578993873">
				<ele>2.7292110174894333</ele>
				<time>2023-10-21T09:48:49Z</time>
			</trkpt>
			<trkpt lat="59.93410208377786" lon="30.38054012714154">
				<ele>4.169107563793659</ele>
				<time>2023-10-21T09:48:51Z</time>
			</trkpt>
			<trkpt lat="59.93412454614909" lon="30.38050532434093">
				<ele>4.068632632493973</ele>
				<time>2023-10-21T09:48:53Z</time>
			</trkpt>
			<trkpt lat="59.93414212573748" lon="30.380473329055494">
				<ele>3.2693822598084807</ele>
				<time>2023-10-21T09:48:55Z</time>
			</trkpt>
			<trkpt lat="59.93416002201755" lon="30.38042390657072">
				<ele>6.222317446023226</ele>
				<time>2023-10-21T09:48:57Z</time>
			</trkpt>
			<trkpt lat="59.934181141042146" lon="30.380420257741918">
				<ele>6.978508027270436</ele>
				<time>2023-10-21T09:48:58Z</time>
			</trkpt>
			<trkpt lat="59.93419071645413" lon="30.380385324482436">
				<ele>4.991906757466495</ele>
				<time>2023-10-21T09:49:00Z</time>
			</trkpt>
			<trkpt lat="59.93420270490709" lon="30.380340871035518">
				<ele>5.362370455637574</ele>
				<time>2023-10-21T09:49:02Z</time>
			</trkpt>
			<trkpt lat="59.93421785094371" lon="30.380303444470133">
				<ele>5.635468409396708</ele>
				<time>2023-10-21T09:49:04Z</time>
			</trkpt>
			<trkpt lat="59.934224750643914" lon="30.380264450598432">
				<ele>5.943713575601578</ele>
				<time>2023-10-21T09:49:06Z</time>
			</trkpt>
			<trkpt lat="59.93423852834613" lon="30.380223987543168">
				<ele>6.803482363000512</ele>
				<time>2023-10-21T09:49:08Z</time>
			</trkpt>
			<trkpt lat="59.93423416153546" lon="30.380184578369043">
				<ele>6.779928972944617</ele>
				<time>2023-10-21T09:49:09Z</time>
			</trkpt>
			<trkpt lat="59.934254077009726" lon="30.38015898051973">
				<ele>8.20263819489628</ele>
				<time>2023-10-21T09:49:10Z</time>
			</trkpt>
			<trkpt lat="59.934266965120464" lon="30.380103850624845">
				<ele>7.648859662935138</ele>
				<time>2023-10-21T09:49:12Z</time>
			</trkpt>
			<trkpt lat="59.9342665746245" lon="30.38006778842506">
				<ele>7.743311700411141</ele>
				<time>2023-10-21T09:49:13Z</time>
			</trkpt>
			<trkpt lat="59.93427867572864" lon="30.380027987891452">
				<ele>7.2660515261814</ele>
				<time>2023-10-21T09:49:16Z</time>
			</trkpt>
			<trkpt lat="59.93429577035001" lon="30.380015359092216">
				<ele>5.547155722044408</ele>
				<time>2023-10-21T09:49:18Z</time>
			</trkpt>
			<trkpt lat="59.93431362119579" lon="30.38000922780463">
				<ele>4.291736473329365</ele>
				<time>2023-10-21T09:49:19Z</time>
			</trkpt>
			<trkpt lat="59.93433177477013" lon="30.379974061674712">
				<ele>4.120131384581327</ele>
				<time>2023-10-21T09:49:21Z</time>
			</trkpt>
			<trkpt lat="59.934322505989144" lon="30.379936476481753">
				<ele>3.825641794130206</ele>
				<time>2023-10-21T09:49:22Z</time>
			</trkpt>
			<trkpt lat="59.934330459105176" lon="30.379885093216945">
				<ele>4.828139300458133</ele>
				<time>2023-10-21T09:49:24Z</time>
			</trkpt>
			<trkpt lat="59.93434082888654" lon="30.379841621063605">
				<ele>5.3677461156621575</ele>
				<time>2023-10-21T09:49:26Z</time>
			</trkpt>
			<trkpt lat="59.93434527560563" lon="30.379779037267948">
				<ele>5.425726238638163</ele>
				<time>2023-10-21T09:49:28Z</time>
			</trkpt>
			<trkpt lat="59.934374374778685" lon="30.37975387507211">
				<ele>5.1580157252028584</ele>
				<time>2023-10-21T09:49:30Z</time>
			</trkpt>
			<trkpt lat="59.934389559765194" lon="30.379715582708364">
				<ele>5.962903570383787</ele>
				<time>2023-10-21T09:49:32Z</time>
			</trkpt>
			<trkpt lat="59.93440767847069" lon="30.37968788288435">
				<ele>5.155069666914642</ele>
				<time>2023-10-21T09:49:33Z</time>
			</trkpt>
			<trkpt lat="59.93441703330493" lon="30.379656454704374">
				<ele>6.4869946194812655</ele>
				<time>2023-10-21T09:49:35Z</time>
			</trkpt>
			<trkpt lat="59.934438660155855" lon="30.379654884486015">
				<ele>6.346359828487039</ele>
				<time>2023-10-21T09:49:36Z</time>
			</trkpt>
			<trkpt lat="59.93446033598647" lon="30.37963508292271">
				<ele>6.172049798071384</ele>
				<time>2023-10-21T09:49:38Z</time>
			</trkpt>
			<trkpt lat="59.93450617408968" lon="30.379659447804823">
				<ele>6.59716310352087</ele>
				<time>2023-10-21T09:49:39Z</time>
			</trkpt>
			<trkpt lat="59.934547996824804" lon="30.379642613959">
				<ele>5.5332559840753675</ele>
				<time>2023-10-21T09:49:41Z</time>
			</trkpt>
			<trkpt lat="59.934566507290725" lon="30.37963440209661">
				<ele>6.211631183512509</ele>
				<time>2023-10-21T09:49:42Z</time>
			</trkpt>
			<trkpt lat="59.93459342055895" lon="30.37964173029626">
				<ele>6.776251591742039</ele>
				<time>2023-10-21T09:49:43Z</time>
			</trkpt>
			<trkpt lat="59.93460503181522" lon="30.379612251267343">
				<ele>7.544541841372848</ele>
				<time>2023-10-21T09:49:44Z</time>
			</trkpt>
			<trkpt lat="59.93463627169322" lon="30.379608829284695">
				<ele>6.957719724625349</ele>
				<time>2023-10-21T09:49:45Z</time>
			</trkpt>
			<trkpt lat="59.934681954923185" lon="30.379635508241766">
				<ele>5.46588926948607</ele>
				<time>2023-10-21T09:49:46Z</time>
			</trkpt>
			<trkpt lat="59.934659290817734" lon="30.37959314987591">
				<ele>7.336473025381565</ele>
				<time>2023-10-21T09:49:47Z</time>
			</trkpt>
			<trkpt lat="59.934654847010684" lon="30.379532466124964">
				<ele>8.353889032267034</ele>
				<time>2023-10-21T09:49:49Z</time>
			</trkpt>
			<trkpt lat="59.93463473172942" lon="30.379469033202458">
				<ele>8.726838953793049</ele>
				<time>2023-10-21T09:49:50Z</time>
			</trkpt>
			<trkpt lat="59.93462315163965" lon="30.379421559234608">
				<ele>8.713014896027744</ele>
				<time>2023-10-21T09:49:51Z</time>
			</trkpt>
			<trkpt lat="59.934619128694514" lon="30.379381550567324">
				<ele>8.75108399335295</ele>
				<time>2023-10-21T09:49:52Z</time>
			</trkpt>
			<trkpt lat="59.9346151779561" lon="30.379319396019195">
				<ele>8.369019638746977</ele>
				<time>2023-10-21T09:49:54Z</time>
			</trkpt>
			<trkpt lat="59.93462530239695" lon="30.37926474937633">
				<ele>8.272531038150191</ele>
				<time>2023-10-21T09:49:56Z</time>
			</trkpt>
			<trkpt lat="59.93463712287326" lon="30.379235727487067">
				<ele>8.998606435023248</ele>
				<time>2023-10-21T09:49:57Z</time>
			</trkpt>
			<trkpt lat="59.93465391899431" lon="30.3791817277614">
				<ele>9.380872555077076</ele>
				<time>2023-10-21T09:49:59Z</time>
			</trkpt>
			<trkpt lat="59.93466462998826" lon="30.379143443950202">
				<ele>8.400297954678535</ele>
				<time>2023-10-21T09:50:01Z</time>
			</trkpt>
			<trkpt lat="59.93468125831236" lon="30.379100126009654">
				<ele>5.855295228771865</ele>
				<time>2023-10-21T09:50:04Z</time>
			</trkpt>
			<trkpt lat="59.934693875415824" lon="30.379071267653188">
				<ele>5.609539898112416</ele>
				<time>2023-10-21T09:50:05Z</time>
			</trkpt>
			<trkpt lat="59.9347021729261" lon="30.379036346376537">
				<ele>3.368427406065166</ele>
				<time>2023-10-21T09:50:08Z</time>
			</trkpt>
			<trkpt lat="59.93470976730725" lon="30.378978678028787">
				<ele>3.6075618797913194</ele>
				<time>2023-10-21T09:50:10Z</time>
			</trkpt>
			<trkpt lat="59.934717704830916" lon="30.3789318571597">
				<ele>5.978626662865281</ele>
				<time>2023-10-21T09:50:12Z</time>
			</trkpt>
			<trkpt lat="59.93471807930009" lon="30.378892439201238">
				<ele>7.5649858098477125</ele>
				<time>2023-10-21T09:50:14Z</time>
			</trkpt>
			<trkpt lat="59.93472614873657" lon="30.378859050263596">
				<ele>6.239665419794619</ele>
				<time>2023-10-21T09:50:18Z</time>
			</trkpt>
			<trkpt lat="59.9347571303434" lon="30.378863295469568">
				<ele>5.594187931157649</ele>
				<time>2023-10-21T09:50:20Z</time>
			</trkpt>
			<trkpt lat="59.93478647621986" lon="30.378873368009955">
				<ele>5.533621079288423</ele>
				<time>2023-10-21T09:50:23Z</time>
			</trkpt>
			<trkpt lat="59.93479878173554" lon="30.37882883588771">
				<ele>4.624667120166123</ele>
				<time>2023-10-21T09:50:26Z</time>
			</trkpt>
			<trkpt lat="59.93480356417301" lon="30.378794063038953">
				<ele>4.72158068139106</ele>
				<time>2023-10-21T09:50:28Z</time>
			</trkpt>
			<trkpt lat="59.934823066529965" lon="30.378781934501152">
				<ele>5.295057769864798</ele>
				<time>2023-10-21T09:50:30Z</time>
			</trkpt>
			<trkpt lat="59.934840411053706" lon="30.37870603309126">
				<ele>5.296495950780809</ele>
				<time>2023-10-21T09:50:31Z</time>
			</trkpt>
			<trkpt lat="59.934883866452836" lon="30.37871018529247">
				<ele>6.867773413658142</ele>
				<time>2023-10-21T09:50:37Z</time>
			</trkpt>
			<trkpt lat="59.93488575640753" lon="30.378677111721345">
				<ele>7.7482845932245255</ele>
				<time>2023-10-21T09:50:38Z</time>
			</trkpt>
			<trkpt lat="59.9349082397557" lon="30.378676888001973">
				<ele>5.531499393284321</ele>
				<time>2023-10-21T09:50:40Z</time>
			</trkpt>
			<trkpt lat="59.93492581120688" lon="30.378660202590375">
				<ele>3.64824799913913</ele>
				<time>2023-10-21T09:50:41Z</time>
			</trkpt>
			<trkpt lat="59.93493408668489" lon="30.378578335948873">
				<ele>4.28656358178705</ele>
				<time>2023-10-21T09:50:44Z</time>
			</trkpt>
			<trkpt lat="59.934932872807494" lon="30.37852753190993">
				<ele>5.125109780579805</ele>
				<time>2023-10-21T09:50:46Z</time>
			</trkpt>
			<trkpt lat="59.93496631391747" lon="30.37845385975012">
				<ele>4.396300815045834</ele>
				<time>2023-10-21T09:50:49Z</time>
			</trkpt>
			<trkpt lat="59.93509320012066" lon="30.378498050949084">
				<ele>5.039820725098252</ele>
				<time>2023-10-21T09:50:52Z</time>
			</trkpt>
			<trkpt lat="59.93516146262164" lon="30.37851152856624">
				<ele>6.042323354631662</ele>
				<time>2023-10-21T09:50:54Z</time>
			</trkpt>
			<trkpt lat="59.93515023012095" lon="30.378479412745598">
				<ele>5.417340904474258</ele>
				<time>2023-10-21T09:50:55Z</time>
			</trkpt>
			<trkpt lat="59.93518899916402" lon="30.378473683035985">
				<ele>4.841392423026264</ele>
				<time>2023-10-21T09:50:56Z</time>
			</trkpt>
			<trkpt lat="59.93520893172925" lon="30.378494738977828">
				<ele>3.923280897550285</ele>
				<time>2023-10-21T09:50:58Z</time>
			</trkpt>
			<trkpt lat="59.93522994200961" lon="30.37846462109598">
				<ele>3.984757374972105</ele>
				<time>2023-10-21T09:51:00Z</time>
			</trkpt>
			<trkpt lat="59.93522207567093" lon="30.37842953186023">
				<ele>4.698403874412179</ele>
				<time>2023-10-21T09:51:01Z</time>
			</trkpt>
			<trkpt lat="59.9352358954305" lon="30.378394634688973">
				<ele>3.2820851262658834</ele>
				<time>2023-10-21T09:51:03Z</time>
			</trkpt>
			<trkpt lat="59.9352547392447" lon="30.37836711567494">
				<ele>1.8638225086033344</ele>
				<time>2023-10-21T09:51:05Z</time>
			</trkpt>
			<trkpt lat="59.9352454061201" lon="30.37832432309142">
				<ele>1.6236316617578268</ele>
				<time>2023-10-21T09:51:06Z</time>
			</trkpt>
			<trkpt lat="59.93523905447124" lon="30.378289524656797">
				<ele>0.6448001060634851</ele>
				<time>2023-10-21T09:51:07Z</time>
			</trkpt>
			<trkpt lat="59.93524637245367" lon="30.378241323530375">
				<ele>0.004441448487341404</ele>
				<time>2023-10-21T09:51:10Z</time>
			</trkpt>
			<trkpt lat="59.9352453441344" lon="30.378194797885897">
				<ele>2.7935456996783614</ele>
				<time>2023-10-21T09:51:12Z</time>
			</trkpt>
			<trkpt lat="59.93526938284524" lon="30.378182994977934">
				<ele>1.1066814288496971</ele>
				<time>2023-10-21T09:51:13Z</time>
			</trkpt>
			<trkpt lat="59.93529267724371" lon="30.378172042454956">
				<ele>0.9076244533061981</ele>
				<time>2023-10-21T09:51:14Z</time>
			</trkpt>
			<trkpt lat="59.93534542800261" lon="30.378191408782868">
				<ele>0.6688436567783356</ele>
				<time>2023-10-21T09:51:15Z</time>
			</trkpt>
			<trkpt lat="59.935356938421904" lon="30.37812891732679">
				<ele>2.3996490575373173</ele>
				<time>2023-10-21T09:51:17Z</time>
			</trkpt>
			<trkpt lat="59.93538870429265" lon="30.378118448409477">
				<ele>3.9376810491085052</ele>
				<time>2023-10-21T09:51:18Z</time>
			</trkpt>
			<trkpt lat="59.935365776922595" lon="30.378054214526546">
				<ele>5.656153781339526</ele>
				<time>2023-10-21T09:51:20Z</time>
			</trkpt>
			<trkpt lat="59.935361479555006" lon="30.37797746621998">
				<ele>6.784130102023482</ele>
				<time>2023-10-21T09:51:22Z</time>
			</trkpt>
			<trkpt lat="59.93535658688649" lon="30.377933175825383">
				<ele>4.432323146611452</ele>
				<time>2023-10-21T09:51:24Z</time>
			</trkpt>
			<trkpt lat="59.93536745233098" lon="30.377886004917734">
				<ele>4.506401573307812</ele>
				<time>2023-10-21T09:51:26Z</time>
			</trkpt>
			<trkpt lat="59.935363019854826" lon="30.37782691917087">
				<ele>4.179462052881718</ele>
				<time>2023-10-21T09:51:28Z</time>
			</trkpt>
			<trkpt lat="59.93534977783314" lon="30.37778196315357">
				<ele>3.7830440141260624</ele>
				<time>2023-10-21T09:51:29Z</time>
			</trkpt>
			<trkpt lat="59.93533646414434" lon="30.377737322213346">
				<ele>3.8216939447447658</ele>
				<time>2023-10-21T09:51:30Z</time>
			</trkpt>
			<trkpt lat="59.93533447091897" lon="30.377681916799578">
				<ele>5.57568116299808</ele>
				<time>2023-10-21T09:51:32Z</time>
			</trkpt>
			<trkpt lat="59.93533098929246" lon="30.377626102276512">
				<ele>3.9724989403039217</ele>
				<time>2023-10-21T09:51:34Z</time>
			</trkpt>
			<trkpt lat="59.935326402968116" lon="30.37756626964833">
				<ele>2.926131200045347</ele>
				<time>2023-10-21T09:51:36Z</time>
			</trkpt>
			<trkpt lat="59.93526922613508" lon="30.37747665587465">
				<ele>3.022792227566242</ele>
				<time>2023-10-21T09:51:37Z</time>
			</trkpt>
			<trkpt lat="59.93523784255955" lon="30.37741330748586">
				<ele>2.4009425891563296</ele>
				<time>2023-10-21T09:51:38Z</time>
			</trkpt>
			<trkpt lat="59.93524380688492" lon="30.37737159212672">
				<ele>1.9276835210621357</ele>
				<time>2023-10-21T09:51:40Z</time>
			</trkpt>
			<trkpt lat="59.93524498435588" lon="30.377304552609875">
				<ele>1.831849348731339</ele>
				<time>2023-10-21T09:51:42Z</time>
			</trkpt>
			<trkpt lat="59.93526193533345" lon="30.377274734916647">
				<ele>1.8923765560612082</ele>
				<time>2023-10-21T09:51:44Z</time>
			</trkpt>
			<trkpt lat="59.93528506866476" lon="30.377233928958283">
				<ele>0.7936781495809555</ele>
				<time>2023-10-21T09:51:46Z</time>
			</trkpt>
			<trkpt lat="59.93531199831546" lon="30.377229271580976">
				<ele>-0.5457419231534004</ele>
				<time>2023-10-21T09:51:48Z</time>
			</trkpt>
			<trkpt lat="59.935331855629485" lon="30.377220260402513">
				<ele>0.8122780621051788</ele>
				<time>2023-10-21T09:51:49Z</time>
			</trkpt>
			<trkpt lat="59.93536220835539" lon="30.37720229628345">
				<ele>2.8677628533914685</ele>
				<time>2023-10-21T09:51:51Z</time>
			</trkpt>
			<trkpt lat="59.93537857351615" lon="30.377177965268558">
				<ele>1.1734223514795303</ele>
				<time>2023-10-21T09:51:53Z</time>
			</trkpt>
			<trkpt lat="59.935400988391876" lon="30.37716998997164">
				<ele>1.7950129406526685</ele>
				<time>2023-10-21T09:51:54Z</time>
			</trkpt>
			<trkpt lat="59.93541864536392" lon="30.377149816221152">
				<ele>1.9201424391940236</ele>
				<time>2023-10-21T09:51:55Z</time>
			</trkpt>
			<trkpt lat="59.93543724432479" lon="30.377167114202116">
				<ele>1.54798549041152</ele>
				<time>2023-10-21T09:51:56Z</time>
			</trkpt>
			<trkpt lat="59.93546485302931" lon="30.37715830237542">
				<ele>1.1234882706776261</ele>
				<time>2023-10-21T09:51:58Z</time>
			</trkpt>
			<trkpt lat="59.93548348518349" lon="30.377099592074405">
				<ele>6.53474631998688</ele>
				<time>2023-10-21T09:52:00Z</time>
			</trkpt>
			<trkpt lat="59.93550195325237" lon="30.37708003006622">
				<ele>5.005423486232758</ele>
				<time>2023-10-21T09:52:02Z</time>
			</trkpt>
			<trkpt lat="59.93547991310566" lon="30.376998178263854">
				<ele>4.0859812796115875</ele>
				<time>2023-10-21T09:52:03Z</time>
			</trkpt>
			<trkpt lat="59.93546023473698" lon="30.376933772444932">
				<ele>3.2406631726771593</ele>
				<time>2023-10-21T09:52:04Z</time>
			</trkpt>
			<trkpt lat="59.93544465972793" lon="30.376886206456767">
				<ele>3.581024991348386</ele>
				<time>2023-10-21T09:52:05Z</time>
			</trkpt>
			<trkpt lat="59.935444219888396" lon="30.376847256767626">
				<ele>3.732541151344776</ele>
				<time>2023-10-21T09:52:07Z</time>
			</trkpt>
			<trkpt lat="59.935464513830354" lon="30.376826732983837">
				<ele>5.872525396756828</ele>
				<time>2023-10-21T09:52:09Z</time>
			</trkpt>
			<trkpt lat="59.9354795345032" lon="30.376790729981646">
				<ele>4.551663538441062</ele>
				<time>2023-10-21T09:52:11Z</time>
			</trkpt>
			<trkpt lat="59.935486100586175" lon="30.376754974152465">
				<ele>2.107434341683984</ele>
				<time>2023-10-21T09:52:13Z</time>
			</trkpt>
			<trkpt lat="59.93551140734147" lon="30.376738698297512">
				<ele>4.611648726277053</ele>
				<time>2023-10-21T09:52:14Z</time>
			</trkpt>
			<trkpt lat="59.93552740267406" lon="30.376709210660582">
				<ele>6.126968085765839</ele>
				<time>2023-10-21T09:52:15Z</time>
			</trkpt>
			<trkpt lat="59.93554791052036" lon="30.376710058783875">
				<ele>4.960016082040966</ele>
				<time>2023-10-21T09:52:17Z</time>
			</trkpt>
			<trkpt lat="59.935594892289686" lon="30.376709310285815">
				<ele>6.30762048996985</ele>
				<time>2023-10-21T09:52:19Z</time>
			</trkpt>
			<trkpt lat="59.93562437081508" lon="30.376709710576776">
				<ele>7.04433080740273</ele>
				<time>2023-10-21T09:52:20Z</time>
			</trkpt>
			<trkpt lat="59.93562425356906" lon="30.376663869361156">
				<ele>5.980158414691687</ele>
				<time>2023-10-21T09:52:22Z</time>
			</trkpt>
			<trkpt lat="59.935629205218106" lon="30.376624853684735">
				<ele>5.000671400688589</ele>
				<time>2023-10-21T09:52:23Z</time>
			</trkpt>
			<trkpt lat="59.93565009535668" lon="30.376609717486076">
				<ele>4.511714518070221</ele>
				<time>2023-10-21T09:52:24Z</time>
			</trkpt>
			<trkpt lat="59.93565344542166" lon="30.376565467825095">
				<ele>4.227974490262568</ele>
				<time>2023-10-21T09:52:27Z</time>
			</trkpt>
			<trkpt lat="59.93567746770712" lon="30.3765661093802">
				<ele>6.1733731692656875</ele>
				<time>2023-10-21T09:52:28Z</time>
			</trkpt>
			<trkpt lat="59.935697150674294" lon="30.37654523667984">
				<ele>3.029935270547867</ele>
				<time>2023-10-21T09:52:30Z</time>
			</trkpt>
			<trkpt lat="59.93570156759408" lon="30.376495579205827">
				<ele>2.826450743712485</ele>
				<time>2023-10-21T09:52:32Z</time>
			</trkpt>
			<trkpt lat="59.93569562398427" lon="30.376425812276338">
				<ele>4.237991916015744</ele>
				<time>2023-10-21T09:52:34Z</time>
			</trkpt>
			<trkpt lat="59.93568364624673" lon="30.376368035029365">
				<ele>2.739891388453543</ele>
				<time>2023-10-21T09:52:36Z</time>
			</trkpt>
			<trkpt lat="59.93568892773617" lon="30.37631508123023">
				<ele>4.751100749708712</ele>
				<time>2023-10-21T09:52:39Z</time>
			</trkpt>
			<trkpt lat="59.93569618632593" lon="30.376265951786937">
				<ele>4.849489880725741</ele>
				<time>2023-10-21T09:52:41Z</time>
			</trkpt>
			<trkpt lat="59.93571464544182" lon="30.376214980738144">
				<ele>3.168898298405111</ele>
				<time>2023-10-21T09:52:43Z</time>
			</trkpt>
			<trkpt lat="59.9357414699006" lon="30.376192971936195">
				<ele>3.1388732828199863</ele>
				<time>2023-10-21T09:52:45Z</time>
			</trkpt>
			<trkpt lat="59.935758201278176" lon="30.376150693186165">
				<ele>2.8453303277492523</ele>
				<time>2023-10-21T09:52:47Z</time>
			</trkpt>
			<trkpt lat="59.93578245135535" lon="30.376151605001375">
				<ele>2.856769861653447</ele>
				<time>2023-10-21T09:52:48Z</time>
			</trkpt>
			<trkpt lat="59.9358119533748" lon="30.376125419438136">
				<ele>3.2503393786028028</ele>
				<time>2023-10-21T09:52:50Z</time>
			</trkpt>
			<trkpt lat="59.93581508793324" lon="30.376071362049082">
				<ele>5.932418744079769</ele>
				<time>2023-10-21T09:52:52Z</time>
			</trkpt>
			<trkpt lat="59.93581322566021" lon="30.376031308778614">
				<ele>2.6802883753553033</ele>
				<time>2023-10-21T09:52:58Z</time>
			</trkpt>
			<trkpt lat="59.935839340575676" lon="30.37602868143089">
				<ele>4.575175714679062</ele>
				<time>2023-10-21T09:53:03Z</time>
			</trkpt>
			<trkpt lat="59.93581835396208" lon="30.376034696203604">
				<ele>-1.023165799677372</ele>
				<time>2023-10-21T09:53:13Z</time>
			</trkpt>
			<trkpt lat="59.93583459380269" lon="30.376011914467334">
				<ele>0.1990104904398322</ele>
				<time>2023-10-21T09:53:14Z</time>
			</trkpt>
			<trkpt lat="59.935864903951824" lon="30.3759331513409">
				<ele>1.291319252923131</ele>
				<time>2023-10-21T09:53:16Z</time>
			</trkpt>
			<trkpt lat="59.93588536515573" lon="30.375886459838984">
				<ele>3.779568502679467</ele>
				<time>2023-10-21T09:53:18Z</time>
			</trkpt>
			<trkpt lat="59.93588864281876" lon="30.375843861744855">
				<ele>5.117089093662798</ele>
				<time>2023-10-21T09:53:19Z</time>
			</trkpt>
			<trkpt lat="59.93589719772423" lon="30.375810461919937">
				<ele>6.86842827219516</ele>
				<time>2023-10-21T09:53:21Z</time>
			</trkpt>
			<trkpt lat="59.93592228233333" lon="30.375746213854807">
				<ele>3.950313995592296</ele>
				<time>2023-10-21T09:53:26Z</time>
			</trkpt>
			<trkpt lat="59.935946279962806" lon="30.37571373069037">
				<ele>4.234251478686929</ele>
				<time>2023-10-21T09:53:28Z</time>
			</trkpt>
			<trkpt lat="59.93596908278708" lon="30.37570907990989">
				<ele>4.396713417954743</ele>
				<time>2023-10-21T09:53:29Z</time>
			</trkpt>
			<trkpt lat="59.93596826832431" lon="30.375666303452963">
				<ele>4.168323469348252</ele>
				<time>2023-10-21T09:53:30Z</time>
			</trkpt>
			<trkpt lat="59.93597020496106" lon="30.37562405606641">
				<ele>5.1117602633312345</ele>
				<time>2023-10-21T09:53:32Z</time>
			</trkpt>
			<trkpt lat="59.93599774079641" lon="30.375596978015786">
				<ele>4.401317648589611</ele>
				<time>2023-10-21T09:53:34Z</time>
			</trkpt>
			<trkpt lat="59.93601253508144" lon="30.37556330563139">
				<ele>3.50626206304878</ele>
				<time>2023-10-21T09:53:36Z</time>
			</trkpt>
			<trkpt lat="59.93603221509396" lon="30.3755614218644">
				<ele>6.205647981725633</ele>
				<time>2023-10-21T09:53:37Z</time>
			</trkpt>
			<trkpt lat="59.9360449207198" lon="30.375523907274054">
				<ele>4.7588548399508</ele>
				<time>2023-10-21T09:53:39Z</time>
			</trkpt>
			<trkpt lat="59.9360591086555" lon="30.375486920655852">
				<ele>3.923156151548028</ele>
				<time>2023-10-21T09:53:41Z</time>
			</trkpt>
			<trkpt lat="59.93608118937618" lon="30.37545821415424">
				<ele>4.448557152412832</ele>
				<time>2023-10-21T09:53:43Z</time>
			</trkpt>
			<trkpt lat="59.9360922581346" lon="30.375426294096233">
				<ele>4.978865813463926</ele>
				<time>2023-10-21T09:53:45Z</time>
			</trkpt>
			<trkpt lat="59.936095741238944" lon="30.375390325666913">
				<ele>4.861323636956513</ele>
				<time>2023-10-21T09:53:47Z</time>
			</trkpt>
			<trkpt lat="59.93610431421581" lon="30.37533928411721">
				<ele>6.8540430357679725</ele>
				<time>2023-10-21T09:53:49Z</time>
			</trkpt>
			<trkpt lat="59.93610493315983" lon="30.37529127367879">
				<ele>2.159341987222433</ele>
				<time>2023-10-21T09:53:51Z</time>
			</trkpt>
			<trkpt lat="59.93610758855977" lon="30.37525515850037">
				<ele>1.6421413775533438</ele>
				<time>2023-10-21T09:53:53Z</time>
			</trkpt>
			<trkpt lat="59.93612413803342" lon="30.375240708465057">
				<ele>2.569015529938042</ele>
				<time>2023-10-21T09:53:54Z</time>
			</trkpt>
			<trkpt lat="59.93613224650768" lon="30.37519404351133">
				<ele>1.9456656575202942</ele>
				<time>2023-10-21T09:53:57Z</time>
			</trkpt>
			<trkpt lat="59.93612996550438" lon="30.375154687093026">
				<ele>2.323280061595142</ele>
				<time>2023-10-21T09:53:59Z</time>
			</trkpt>
			<trkpt lat="59.936151733075675" lon="30.375136648253356">
				<ele>2.5832715816795826</ele>
				<time>2023-10-21T09:54:00Z</time>
			</trkpt>
			<trkpt lat="59.936178075748145" lon="30.37509562920239">
				<ele>2.5020855255424976</ele>
				<time>2023-10-21T09:54:02Z</time>
			</trkpt>
			<trkpt lat="59.93614871739694" lon="30.375015439076225">
				<ele>3.2163128033280373</ele>
				<time>2023-10-21T09:54:04Z</time>
			</trkpt>
			<trkpt lat="59.936152229209206" lon="30.374976290061753">
				<ele>4.591878557577729</ele>
				<time>2023-10-21T09:54:05Z</time>
			</trkpt>
			<trkpt lat="59.936157738235984" lon="30.374940997969382">
				<ele>6.142774049192667</ele>
				<time>2023-10-21T09:54:06Z</time>
			</trkpt>
			<trkpt lat="59.93617182595991" lon="30.374916191947957">
				<ele>6.193910809233785</ele>
				<time>2023-10-21T09:54:08Z</time>
			</trkpt>
			<trkpt lat="59.93618697016791" lon="30.374875902582897">
				<ele>5.059637811034918</ele>
				<time>2023-10-21T09:54:10Z</time>
			</trkpt>
			<trkpt lat="59.93620273594146" lon="30.374856356929094">
				<ele>5.020565853454173</ele>
				<time>2023-10-21T09:54:12Z</time>
			</trkpt>
			<trkpt lat="59.93621285799573" lon="30.37481665171236">
				<ele>4.573314812965691</ele>
				<time>2023-10-21T09:54:14Z</time>
			</trkpt>
			<trkpt lat="59.93623325881717" lon="30.374775861710784">
				<ele>4.654719021171331</ele>
				<time>2023-10-21T09:54:16Z</time>
			</trkpt>
			<trkpt lat="59.93624894757651" lon="30.374722811693452">
				<ele>4.112498470582068</ele>
				<time>2023-10-21T09:54:18Z</time>
			</trkpt>
			<trkpt lat="59.93627270248547" lon="30.374691216810792">
				<ele>5.789457247592509</ele>
				<time>2023-10-21T09:54:19Z</time>
			</trkpt>
			<trkpt lat="59.936264964336544" lon="30.374647313723656">
				<ele>5.687967197969556</ele>
				<time>2023-10-21T09:54:21Z</time>
			</trkpt>
			<trkpt lat="59.9362741667693" lon="30.37459727859985">
				<ele>6.721619094721973</ele>
				<time>2023-10-21T09:54:23Z</time>
			</trkpt>
			<trkpt lat="59.93628669503091" lon="30.37454289459323">
				<ele>2.2669794047251344</ele>
				<time>2023-10-21T09:54:27Z</time>
			</trkpt>
			<trkpt lat="59.936304650608186" lon="30.374511243397183">
				<ele>1.979789330624044</ele>
				<time>2023-10-21T09:54:29Z</time>
			</trkpt>
			<trkpt lat="59.93632523747894" lon="30.374485260679">
				<ele>1.7399870101362467</ele>
				<time>2023-10-21T09:54:31Z</time>
			</trkpt>
			<trkpt lat="59.936342898015965" lon="30.374461837003444">
				<ele>0.9816595138981938</ele>
				<time>2023-10-21T09:54:33Z</time>
			</trkpt>
			<trkpt lat="59.936354266224946" lon="30.37441879176049">
				<ele>3.298615866340697</ele>
				<time>2023-10-21T09:54:34Z</time>
			</trkpt>
			<trkpt lat="59.93636200926387" lon="30.374365907095616">
				<ele>5.2726833475753665</ele>
				<time>2023-10-21T09:54:36Z</time>
			</trkpt>
			<trkpt lat="59.93638357329164" lon="30.3743430759718">
				<ele>3.555042952299118</ele>
				<time>2023-10-21T09:54:38Z</time>
			</trkpt>
			<trkpt lat="59.93638759164444" lon="30.374304507245498">
				<ele>2.6601064717397094</ele>
				<time>2023-10-21T09:54:40Z</time>
			</trkpt>
			<trkpt lat="59.93640831225006" lon="30.37427344456612">
				<ele>2.109600600786507</ele>
				<time>2023-10-21T09:54:42Z</time>
			</trkpt>
			<trkpt lat="59.936415146417914" lon="30.37423836038063">
				<ele>1.8045754535123706</ele>
				<time>2023-10-21T09:54:44Z</time>
			</trkpt>
			<trkpt lat="59.9364263756251" lon="30.374200522325452">
				<ele>3.0916541516780853</ele>
				<time>2023-10-21T09:54:46Z</time>
			</trkpt>
			<trkpt lat="59.93644708020561" lon="30.37416912384434">
				<ele>4.541725870221853</ele>
				<time>2023-10-21T09:54:47Z</time>
			</trkpt>
			<trkpt lat="59.936472121271834" lon="30.37414555417219">
				<ele>4.75425897538662</ele>
				<time>2023-10-21T09:54:49Z</time>
			</trkpt>
			<trkpt lat="59.936493741548375" lon="30.374147606574123">
				<ele>3.084589906036854</ele>
				<time>2023-10-21T09:54:50Z</time>
			</trkpt>
			<trkpt lat="59.93650457929761" lon="30.374106716053074">
				<ele>1.5291560925543308</ele>
				<time>2023-10-21T09:54:52Z</time>
			</trkpt>
			<trkpt lat="59.93651878775946" lon="30.3740629155415">
				<ele>2.565132951363921</ele>
				<time>2023-10-21T09:54:54Z</time>
			</trkpt>
			<trkpt lat="59.93653192920686" lon="30.3740320669294">
				<ele>1.961670134216547</ele>
				<time>2023-10-21T09:54:56Z</time>
			</trkpt>
			<trkpt lat="59.93654780230614" lon="30.37399143408074">
				<ele>3.0360120125114918</ele>
				<time>2023-10-21T09:54:59Z</time>
			</trkpt>
			<trkpt lat="59.936559692695845" lon="30.373950963964678">
				<ele>1.9705641837790608</ele>
				<time>2023-10-21T09:55:02Z</time>
			</trkpt>
			<trkpt lat="59.93657763991905" lon="30.37392634999656">
				<ele>5.838193039409816</ele>
				<time>2023-10-21T09:55:04Z</time>
			</trkpt>
			<trkpt lat="59.93657960110795" lon="30.373882008768625">
				<ele>4.648694968782365</ele>
				<time>2023-10-21T09:55:06Z</time>
			</trkpt>
			<trkpt lat="59.9366393235144" lon="30.373835320449412">
				<ele>3.0807108841836452</ele>
				<time>2023-10-21T09:55:08Z</time>
			</trkpt>
			<trkpt lat="59.936659368655874" lon="30.37377606585393">
				<ele>6.697811684571207</ele>
				<time>2023-10-21T09:55:09Z</time>
			</trkpt>
			<trkpt lat="59.93662318830103" lon="30.373710810099688">
				<ele>3.8479601508006454</ele>
				<time>2023-10-21T09:55:10Z</time>
			</trkpt>
			<trkpt lat="59.93662847536564" lon="30.373664556356214">
				<ele>4.320520326495171</ele>
				<time>2023-10-21T09:55:13Z</time>
			</trkpt>
			<trkpt lat="59.93664924117518" lon="30.37364328282021">
				<ele>5.098463975824416</ele>
				<time>2023-10-21T09:55:15Z</time>
			</trkpt>
			<trkpt lat="59.9366779874045" lon="30.37362784011956">
				<ele>6.256570572964847</ele>
				<time>2023-10-21T09:55:17Z</time>
			</trkpt>
			<trkpt lat="59.93669941847157" lon="30.373597761763133">
				<ele>5.860699819400907</ele>
				<time>2023-10-21T09:55:20Z</time>
			</trkpt>
			<trkpt lat="59.936738125349784" lon="30.37357314500694">
				<ele>5.930177057161927</ele>
				<time>2023-10-21T09:55:22Z</time>
			</trkpt>
			<trkpt lat="59.93679353534733" lon="30.373539747339297">
				<ele>6.807201411575079</ele>
				<time>2023-10-21T09:55:24Z</time>
			</trkpt>
			<trkpt lat="59.936786183766" lon="30.373496907592543">
				<ele>9.223854973912239</ele>
				<time>2023-10-21T09:55:26Z</time>
			</trkpt>
			<trkpt lat="59.93679617182559" lon="30.373461027321195">
				<ele>6.470895265229046</ele>
				<time>2023-10-21T09:55:28Z</time>
			</trkpt>
			<trkpt lat="59.93678651564694" lon="30.37342989974708">
				<ele>4.1879294123500586</ele>
				<time>2023-10-21T09:55:30Z</time>
			</trkpt>
			<trkpt lat="59.93680715335661" lon="30.37339203347908">
				<ele>3.6876515122130513</ele>
				<time>2023-10-21T09:55:32Z</time>
			</trkpt>
			<trkpt lat="59.93682411908097" lon="30.373371547194665">
				<ele>4.187003580853343</ele>
				<time>2023-10-21T09:55:33Z</time>
			</trkpt>
			<trkpt lat="59.93680035428648" lon="30.373313319410787">
				<ele>4.514552792534232</ele>
				<time>2023-10-21T09:55:35Z</time>
			</trkpt>
			<trkpt lat="59.936782987309" lon="30.373262210090985">
				<ele>3.6820894069969654</ele>
				<time>2023-10-21T09:55:37Z</time>
			</trkpt>
			<trkpt lat="59.93677663984235" lon="30.373211909790026">
				<ele>2.306674364954233</ele>
				<time>2023-10-21T09:55:39Z</time>
			</trkpt>
			<trkpt lat="59.93676635091304" lon="30.373174737297127">
				<ele>3.2809273060411215</ele>
				<time>2023-10-21T09:55:42Z</time>
			</trkpt>
			<trkpt lat="59.936742411666245" lon="30.373190890565965">
				<ele>1.9586232593283057</ele>
				<time>2023-10-21T09:55:43Z</time>
			</trkpt>
			<trkpt lat="59.93671670399852" lon="30.3731848713135">
				<ele>1.5877660047262907</ele>
				<time>2023-10-21T09:55:44Z</time>
			</trkpt>
			<trkpt lat="59.936693480157466" lon="30.37316561977164">
				<ele>2.8009881312027574</ele>
				<time>2023-10-21T09:55:45Z</time>
			</trkpt>
			<trkpt lat="59.93666975273173" lon="30.373152837321147">
				<ele>3.5416178554296494</ele>
				<time>2023-10-21T09:55:46Z</time>
			</trkpt>
			<trkpt lat="59.93665260522045" lon="30.37316637043952">
				<ele>0.6633832817897201</ele>
				<time>2023-10-21T09:55:48Z</time>
			</trkpt>
			<trkpt lat="59.93662460445468" lon="30.37315999756112">
				<ele>1.1574199181050062</ele>
				<time>2023-10-21T09:55:50Z</time>
			</trkpt>
			<trkpt lat="59.936600702707466" lon="30.37314100260122">
				<ele>2.027000985108316</ele>
				<time>2023-10-21T09:55:52Z</time>
			</trkpt>
			<trkpt lat="59.936585044195176" lon="30.37312308356041">
				<ele>2.0184303391724825</ele>
				<time>2023-10-21T09:55:53Z</time>
			</trkpt>
			<trkpt lat="59.93656243202467" lon="30.373107562117905">
				<ele>1.3082863874733448</ele>
				<time>2023-10-21T09:55:56Z</time>
			</trkpt>
			<trkpt lat="59.93654205379649" lon="30.373089321702835">
				<ele>1.8438607417047024</ele>
				<time>2023-10-21T09:55:58Z</time>
			</trkpt>
			<trkpt lat="59.93651781517229" lon="30.373082859840935">
				<ele>3.478707017377019</ele>
				<time>2023-10-21T09:56:00Z</time>
			</trkpt>
			<trkpt lat="59.93649836195965" lon="30.373063488939966">
				<ele>0.8454090896993876</ele>
				<time>2023-10-21T09:56:02Z</time>
			</trkpt>
			<trkpt lat="59.936477656417225" lon="30.373029003357495">
				<ele>-0.7240270534530282</ele>
				<time>2023-10-21T09:56:04Z</time>
			</trkpt>
			<trkpt lat="59.93644968145711" lon="30.372994923605287">
				<ele>0.7880142657086253</ele>
				<time>2023-10-21T09:56:06Z</time>
			</trkpt>
			<trkpt lat="59.93643172327931" lon="30.37296872187173">
				<ele>1.8865720247849822</ele>
				<time>2023-10-21T09:56:09Z</time>
			</trkpt>
			<trkpt lat="59.93641013623078" lon="30.372947759568063">
				<ele>0.7804917525500059</ele>
				<time>2023-10-21T09:56:11Z</time>
			</trkpt>
			<trkpt lat="59.936393048222094" lon="30.372933289173762">
				<ele>1.8596874652430415</ele>
				<time>2023-10-21T09:56:13Z</time>
			</trkpt>
			<trkpt lat="59.93637457574275" lon="30.372907950774298">
				<ele>3.998016114346683</ele>
				<time>2023-10-21T09:56:16Z</time>
			</trkpt>
			<trkpt lat="59.93635131549918" lon="30.372884722074915">
				<ele>-1.1252247532829642</ele>
				<time>2023-10-21T09:56:19Z</time>
			</trkpt>
			<trkpt lat="59.93632476024835" lon="30.372845645121807">
				<ele>-3.576759671792388</ele>
				<time>2023-10-21T09:56:22Z</time>
			</trkpt>
			<trkpt lat="59.93630976526051" lon="30.372806702150424">
				<ele>-0.4917166279628873</ele>
				<time>2023-10-21T09:56:23Z</time>
			</trkpt>
			<trkpt lat="59.936276082470215" lon="30.372776185972416">
				<ele>0.8885551951825619</ele>
				<time>2023-10-21T09:56:26Z</time>
			</trkpt>
			<trkpt lat="59.93625108923584" lon="30.37276349945854">
				<ele>1.5699808979406953</ele>
				<time>2023-10-21T09:56:29Z</time>
			</trkpt>
			<trkpt lat="59.936223211931555" lon="30.37272652676527">
				<ele>3.8586958087980747</ele>
				<time>2023-10-21T09:56:30Z</time>
			</trkpt>
			<trkpt lat="59.93620656687419" lon="30.37267465274092">
				<ele>3.3875550804659724</ele>
				<time>2023-10-21T09:56:31Z</time>
			</trkpt>
			<trkpt lat="59.93619319743084" lon="30.37264283832053">
				<ele>2.451038240455091</ele>
				<time>2023-10-21T09:56:33Z</time>
			</trkpt>
			<trkpt lat="59.936175790146336" lon="30.372619464737543">
				<ele>2.067134446464479</ele>
				<time>2023-10-21T09:56:35Z</time>
			</trkpt>
			<trkpt lat="59.93615693762307" lon="30.3725991399986">
				<ele>2.7770068123936653</ele>
				<time>2023-10-21T09:56:38Z</time>
			</trkpt>
			<trkpt lat="59.93615084887057" lon="30.37263368348048">
				<ele>3.629062625579536</ele>
				<time>2023-10-21T09:56:39Z</time>
			</trkpt>
			<trkpt lat="59.93612796046093" lon="30.372631766031777">
				<ele>4.565836706198752</ele>
				<time>2023-10-21T09:56:43Z</time>
			</trkpt>
			<trkpt lat="59.93612272113586" lon="30.372596715071097">
				<ele>3.542772041633725</ele>
				<time>2023-10-21T09:56:45Z</time>
			</trkpt>
			<trkpt lat="59.93610195849141" lon="30.372566600879036">
				<ele>5.556162554770708</ele>
				<time>2023-10-21T09:56:47Z</time>
			</trkpt>
			<trkpt lat="59.93604560051051" lon="30.37257553673166">
				<ele>8.77092032507062</ele>
				<time>2023-10-21T09:56:48Z</time>
			</trkpt>
			<trkpt lat="59.93609488348882" lon="30.372627617067497">
				<ele>6.3193051032722</ele>
				<time>2023-10-21T09:56:49Z</time>
			</trkpt>
			<trkpt lat="59.93608878783505" lon="30.372660715901965">
				<ele>4.550655155442655</ele>
				<time>2023-10-21T09:56:50Z</time>
			</trkpt>
			<trkpt lat="59.93607753801638" lon="30.372697610579202">
				<ele>3.926267464645207</ele>
				<time>2023-10-21T09:56:52Z</time>
			</trkpt>
			<trkpt lat="59.93607062980763" lon="30.372738006468065">
				<ele>5.011033855378628</ele>
				<time>2023-10-21T09:56:54Z</time>
			</trkpt>
			<trkpt lat="59.936048820111175" lon="30.372781414221148">
				<ele>5.890317726880312</ele>
				<time>2023-10-21T09:56:56Z</time>
			</trkpt>
			<trkpt lat="59.93603399903565" lon="30.372825085849826">
				<ele>5.76887087803334</ele>
				<time>2023-10-21T09:56:59Z</time>
			</trkpt>
			<trkpt lat="59.936016098360824" lon="30.372848638037624">
				<ele>7.496952163986862</ele>
				<time>2023-10-21T09:57:00Z</time>
			</trkpt>
			<trkpt lat="59.936002688999444" lon="30.372901109083905">
				<ele>8.304884954355657</ele>
				<time>2023-10-21T09:57:02Z</time>
			</trkpt>
			<trkpt lat="59.93599174750228" lon="30.37293145854083">
				<ele>6.975170888006687</ele>
				<time>2023-10-21T09:57:04Z</time>
			</trkpt>
			<trkpt lat="59.935978833853106" lon="30.37295809351818">
				<ele>6.7057122476398945</ele>
				<time>2023-10-21T09:57:06Z</time>
			</trkpt>
			<trkpt lat="59.93596702572582" lon="30.373015965635332">
				<ele>7.030517909675837</ele>
				<time>2023-10-21T09:57:08Z</time>
			</trkpt>
			<trkpt lat="59.93597208366912" lon="30.373063889294087">
				<ele>6.793519685044885</ele>
				<time>2023-10-21T09:57:10Z</time>
			</trkpt>
			<trkpt lat="59.93595124675192" lon="30.37308990624837">
				<ele>9.10705570038408</ele>
				<time>2023-10-21T09:57:11Z</time>
			</trkpt>
			<trkpt lat="59.935924482379015" lon="30.37309276345279">
				<ele>6.401804030872881</ele>
				<time>2023-10-21T09:57:13Z</time>
			</trkpt>
			<trkpt lat="59.93592203939242" lon="30.373128491758308">
				<ele>4.71934890281409</ele>
				<time>2023-10-21T09:57:15Z</time>
			</trkpt>
			<trkpt lat="59.93590084954684" lon="30.37316775551568">
				<ele>4.265009835362434</ele>
				<time>2023-10-21T09:57:17Z</time>
			</trkpt>
			<trkpt lat="59.93588459834565" lon="30.373226010891322">
				<ele>5.398866454139352</ele>
				<time>2023-10-21T09:57:19Z</time>
			</trkpt>
			<trkpt lat="59.935883192231294" lon="30.373276833983226">
				<ele>4.276074347086251</ele>
				<time>2023-10-21T09:57:22Z</time>
			</trkpt>
			<trkpt lat="59.93585691963787" lon="30.37331844174275">
				<ele>6.219238314777613</ele>
				<time>2023-10-21T09:57:24Z</time>
			</trkpt>
			<trkpt lat="59.9358439833918" lon="30.37334373890066">
				<ele>7.741423551924527</ele>
				<time>2023-10-21T09:57:25Z</time>
			</trkpt>
			<trkpt lat="59.93584088961716" lon="30.37338753379755">
				<ele>5.6859863409772515</ele>
				<time>2023-10-21T09:57:27Z</time>
			</trkpt>
			<trkpt lat="59.93583779940245" lon="30.373423632835905">
				<ele>6.100223609246314</ele>
				<time>2023-10-21T09:57:29Z</time>
			</trkpt>
			<trkpt lat="59.93581083977485" lon="30.373470984889753">
				<ele>5.844524756073952</ele>
				<time>2023-10-21T09:57:31Z</time>
			</trkpt>
			<trkpt lat="59.93578740193501" lon="30.3734983838335">
				<ele>4.679170931689441</ele>
				<time>2023-10-21T09:57:33Z</time>
			</trkpt>
			<trkpt lat="59.93577708346402" lon="30.373531310299818">
				<ele>4.6602472783997655</ele>
				<time>2023-10-21T09:57:35Z</time>
			</trkpt>
			<trkpt lat="59.93574301024201" lon="30.373563381502468">
				<ele>7.881952803581953</ele>
				<time>2023-10-21T09:57:37Z</time>
			</trkpt>
			<trkpt lat="59.93573057116819" lon="30.373611329992723">
				<ele>4.135572890751064</ele>
				<time>2023-10-21T09:57:40Z</time>
			</trkpt>
			<trkpt lat="59.935717797080486" lon="30.37364702478138">
				<ele>5.302297187037766</ele>
				<time>2023-10-21T09:57:41Z</time>
			</trkpt>
			<trkpt lat="59.9356989647679" lon="30.373644964305804">
				<ele>5.678704624995589</ele>
				<time>2023-10-21T09:57:42Z</time>
			</trkpt>
			<trkpt lat="59.93569125082906" lon="30.373678417626444">
				<ele>6.014006030745804</ele>
				<time>2023-10-21T09:57:43Z</time>
			</trkpt>
			<trkpt lat="59.93569682106028" lon="30.37371311320285">
				<ele>5.005397382192314</ele>
				<time>2023-10-21T09:57:45Z</time>
			</trkpt>
			<trkpt lat="59.9356520429365" lon="30.373708980213653">
				<ele>5.161641637794673</ele>
				<time>2023-10-21T09:57:47Z</time>
			</trkpt>
			<trkpt lat="59.93563252074031" lon="30.37373156665749">
				<ele>5.648604093119502</ele>
				<time>2023-10-21T09:57:49Z</time>
			</trkpt>
			<trkpt lat="59.935626269904155" lon="30.3737686205786">
				<ele>5.751116331666708</ele>
				<time>2023-10-21T09:57:50Z</time>
			</trkpt>
			<trkpt lat="59.93562826378441" lon="30.373824133263543">
				<ele>7.021715576760471</ele>
				<time>2023-10-21T09:57:52Z</time>
			</trkpt>
			<trkpt lat="59.935612258827575" lon="30.373875244338535">
				<ele>8.050560489296913</ele>
				<time>2023-10-21T09:57:54Z</time>
			</trkpt>
			<trkpt lat="59.93561035823929" lon="30.373936223751084">
				<ele>6.689048942178488</ele>
				<time>2023-10-21T09:57:56Z</time>
			</trkpt>
			<trkpt lat="59.93561778393174" lon="30.37400116816594">
				<ele>5.398361640051007</ele>
				<time>2023-10-21T09:57:58Z</time>
			</trkpt>
			<trkpt lat="59.935608044333385" lon="30.374060398965035">
				<ele>5.834145583212376</ele>
				<time>2023-10-21T09:58:01Z</time>
			</trkpt>
			<trkpt lat="59.93559045160368" lon="30.37411091144981">
				<ele>6.962508145719767</ele>
				<time>2023-10-21T09:58:03Z</time>
			</trkpt>
			<trkpt lat="59.93556647494443" lon="30.374137053973385">
				<ele>6.189540741965175</ele>
				<time>2023-10-21T09:58:05Z</time>
			</trkpt>
			<trkpt lat="59.93556436152013" lon="30.37417365315313">
				<ele>4.944857302121818</ele>
				<time>2023-10-21T09:58:07Z</time>
			</trkpt>
			<trkpt lat="59.9355554872998" lon="30.374228171096">
				<ele>4.116667374968529</ele>
				<time>2023-10-21T09:58:09Z</time>
			</trkpt>
			<trkpt lat="59.935532264230716" lon="30.374268186758922">
				<ele>6.291287838481367</ele>
				<time>2023-10-21T09:58:11Z</time>
			</trkpt>
			<trkpt lat="59.93551904878821" lon="30.374297207677053">
				<ele>6.997977619990706</ele>
				<time>2023-10-21T09:58:13Z</time>
			</trkpt>
			<trkpt lat="59.935505052369635" lon="30.374337127954234">
				<ele>6.642137266695499</ele>
				<time>2023-10-21T09:58:15Z</time>
			</trkpt>
			<trkpt lat="59.93548992737809" lon="30.374380697900023">
				<ele>6.1237362418323755</ele>
				<time>2023-10-21T09:58:17Z</time>
			</trkpt>
			<trkpt lat="59.935480427195266" lon="30.374421318649443">
				<ele>5.586912397295237</ele>
				<time>2023-10-21T09:58:19Z</time>
			</trkpt>
			<trkpt lat="59.93546377514237" lon="30.374435386358723">
				<ele>3.94903754722327</ele>
				<time>2023-10-21T09:58:21Z</time>
			</trkpt>
			<trkpt lat="59.9354405817127" lon="30.374452543085024">
				<ele>1.935142713598907</ele>
				<time>2023-10-21T09:58:23Z</time>
			</trkpt>
			<trkpt lat="59.93542604187142" lon="30.374480252072416">
				<ele>2.4863946000114083</ele>
				<time>2023-10-21T09:58:25Z</time>
			</trkpt>
			<trkpt lat="59.93541049739779" lon="30.374523998973814">
				<ele>1.0430655563250184</ele>
				<time>2023-10-21T09:58:28Z</time>
			</trkpt>
			<trkpt lat="59.93539140695108" lon="30.37455425611936">
				<ele>2.0761539386585355</ele>
				<time>2023-10-21T09:58:30Z</time>
			</trkpt>
			<trkpt lat="59.93536521261762" lon="30.374589466668034">
				<ele>2.6966052893549204</ele>
				<time>2023-10-21T09:58:32Z</time>
			</trkpt>
			<trkpt lat="59.935354918039515" lon="30.374630881327306">
				<ele>3.474065037444234</ele>
				<time>2023-10-21T09:58:34Z</time>
			</trkpt>
			<trkpt lat="59.93534288010998" lon="30.37466532610021">
				<ele>4.027373623102903</ele>
				<time>2023-10-21T09:58:35Z</time>
			</trkpt>
			<trkpt lat="59.93533549879517" lon="30.37471490649609">
				<ele>6.010178476572037</ele>
				<time>2023-10-21T09:58:37Z</time>
			</trkpt>
			<trkpt lat="59.935333921520765" lon="30.374762767075683">
				<ele>4.810623358935118</ele>
				<time>2023-10-21T09:58:39Z</time>
			</trkpt>
			<trkpt lat="59.93531417793059" lon="30.37475581738743">
				<ele>3.612235512584448</ele>
				<time>2023-10-21T09:58:40Z</time>
			</trkpt>
			<trkpt lat="59.93527265341935" lon="30.374737455081227">
				<ele>4.903529282659292</ele>
				<time>2023-10-21T09:58:41Z</time>
			</trkpt>
			<trkpt lat="59.93522836812149" lon="30.374709531224813">
				<ele>6.096256366930902</ele>
				<time>2023-10-21T09:58:42Z</time>
			</trkpt>
			<trkpt lat="59.93519392508911" lon="30.374690762434945">
				<ele>6.857849066145718</ele>
				<time>2023-10-21T09:58:43Z</time>
			</trkpt>
			<trkpt lat="59.93517743463949" lon="30.374712832193314">
				<ele>5.410799657925963</ele>
				<time>2023-10-21T09:58:44Z</time>
			</trkpt>
			<trkpt lat="59.93515792480992" lon="30.37471538618553">
				<ele>9.78547692950815</ele>
				<time>2023-10-21T09:58:45Z</time>
			</trkpt>
			<trkpt lat="59.935132916917645" lon="30.37472312620243">
				<ele>11.040374191477895</ele>
				<time>2023-10-21T09:58:47Z</time>
			</trkpt>
			<trkpt lat="59.935113393794985" lon="30.374746305455016">
				<ele>9.736716442741454</ele>
				<time>2023-10-21T09:58:49Z</time>
			</trkpt>
			<trkpt lat="59.93510473388642" lon="30.374797208408307">
				<ele>9.748290231451392</ele>
				<time>2023-10-21T09:58:51Z</time>
			</trkpt>
			<trkpt lat="59.93508556679774" lon="30.37480906055661">
				<ele>10.469370231032372</ele>
				<time>2023-10-21T09:58:52Z</time>
			</trkpt>
			<trkpt lat="59.93509402491291" lon="30.374842959913334">
				<ele>10.741156315430999</ele>
				<time>2023-10-21T09:58:53Z</time>
			</trkpt>
			<trkpt lat="59.93510332444187" lon="30.374888986099037">
				<ele>13.315222364850342</ele>
				<time>2023-10-21T09:58:54Z</time>
			</trkpt>
			<trkpt lat="59.93514714477986" lon="30.37498885809976">
				<ele>10.822288663126528</ele>
				<time>2023-10-21T09:58:56Z</time>
			</trkpt>
			<trkpt lat="59.93515875409453" lon="30.37501781603541">
				<ele>9.316466689109802</ele>
				<time>2023-10-21T09:58:58Z</time>
			</trkpt>
			<trkpt lat="59.93517839546248" lon="30.375028944809">
				<ele>8.832867389544845</ele>
				<time>2023-10-21T09:58:59Z</time>
			</trkpt>
			<trkpt lat="59.935176973118075" lon="30.375068050566348">
				<ele>10.696607778780162</ele>
				<time>2023-10-21T09:59:02Z</time>
			</trkpt>
			<trkpt lat="59.935171202718266" lon="30.375117478237055">
				<ele>11.210357091389596</ele>
				<time>2023-10-21T09:59:05Z</time>
			</trkpt>
			<trkpt lat="59.935159196903754" lon="30.375144423721608">
				<ele>10.98940652050078</ele>
				<time>2023-10-21T09:59:06Z</time>
			</trkpt>
			<trkpt lat="59.93515056377311" lon="30.37519304492342">
				<ele>11.114519521594048</ele>
				<time>2023-10-21T09:59:08Z</time>
			</trkpt>
			<trkpt lat="59.93514728420384" lon="30.375236067338637">
				<ele>11.195461411960423</ele>
				<time>2023-10-21T09:59:10Z</time>
			</trkpt>
			<trkpt lat="59.935141958502314" lon="30.37528411458672">
				<ele>10.501509752124548</ele>
				<time>2023-10-21T09:59:12Z</time>
			</trkpt>
			<trkpt lat="59.93512246786495" lon="30.375269333500274">
				<ele>7.787566213868558</ele>
				<time>2023-10-21T09:59:14Z</time>
			</trkpt>
			<trkpt lat="59.93511276341364" lon="30.37530776370909">
				<ele>7.1420385194942355</ele>
				<time>2023-10-21T09:59:16Z</time>
			</trkpt>
			<trkpt lat="59.93509634803717" lon="30.375341353028432">
				<ele>7.0982278333976865</ele>
				<time>2023-10-21T09:59:18Z</time>
			</trkpt>
			<trkpt lat="59.93507576059364" lon="30.375310282792586">
				<ele>6.331311601214111</ele>
				<time>2023-10-21T09:59:20Z</time>
			</trkpt>
			<trkpt lat="59.93504047664685" lon="30.37527802898742">
				<ele>6.801267690956593</ele>
				<time>2023-10-21T09:59:21Z</time>
			</trkpt>
			<trkpt lat="59.935008751465666" lon="30.375241753200307">
				<ele>6.92524659447372</ele>
				<time>2023-10-21T09:59:23Z</time>
			</trkpt>
			<trkpt lat="59.93498495417144" lon="30.375222137368187">
				<ele>7.4567831149324775</ele>
				<time>2023-10-21T09:59:24Z</time>
			</trkpt>
			<trkpt lat="59.934973086779664" lon="30.37518364768136">
				<ele>5.680322562344372</ele>
				<time>2023-10-21T09:59:27Z</time>
			</trkpt>
			<trkpt lat="59.93495333201364" lon="30.375149924515902">
				<ele>5.143684088252485</ele>
				<time>2023-10-21T09:59:29Z</time>
			</trkpt>
			<trkpt lat="59.934926208634465" lon="30.3751111162065">
				<ele>3.9366131890565157</ele>
				<time>2023-10-21T09:59:31Z</time>
			</trkpt>
			<trkpt lat="59.934901489736866" lon="30.375069680442042">
				<ele>6.62447929289192</ele>
				<time>2023-10-21T09:59:33Z</time>
			</trkpt>
			<trkpt lat="59.93488313337528" lon="30.375052170312358">
				<ele>6.425956784747541</ele>
				<time>2023-10-21T09:59:35Z</time>
			</trkpt>
			<trkpt lat="59.93486972222345" lon="30.375018242984112">
				<ele>5.380173858255148</ele>
				<time>2023-10-21T09:59:36Z</time>
			</trkpt>
			<trkpt lat="59.934837810877404" lon="30.375008790862893">
				<ele>6.513002159073949</ele>
				<time>2023-10-21T09:59:38Z</time>
			</trkpt>
			<trkpt lat="59.93482185444369" lon="30.374987545404423">
				<ele>6.754927382804453</ele>
				<time>2023-10-21T09:59:39Z</time>
			</trkpt>
			<trkpt lat="59.93480144999292" lon="30.374984969240206">
				<ele>7.210649002343416</ele>
				<time>2023-10-21T09:59:40Z</time>
			</trkpt>
			<trkpt lat="59.93477649867097" lon="30.37497627782077">
				<ele>9.795842157676816</ele>
				<time>2023-10-21T09:59:41Z</time>
			</trkpt>
			<trkpt lat="59.93476211726162" lon="30.37500188270917">
				<ele>3.7425878224894404</ele>
				<time>2023-10-21T09:59:43Z</time>
			</trkpt>
			<trkpt lat="59.93474294975149" lon="30.3750355473265">
				<ele>7.589750007726252</ele>
				<time>2023-10-21T09:59:45Z</time>
			</trkpt>
			<trkpt lat="59.93474982988872" lon="30.37518608068478">
				<ele>4.625405743718147</ele>
				<time>2023-10-21T09:59:46Z</time>
			</trkpt>
			<trkpt lat="59.934733878975294" lon="30.37523769543444">
				<ele>3.5196054643020034</ele>
				<time>2023-10-21T09:59:48Z</time>
			</trkpt>
			<trkpt lat="59.93469831084832" lon="30.37527337376003">
				<ele>-2.0376100121065974</ele>
				<time>2023-10-21T09:59:55Z</time>
			</trkpt>
			<trkpt lat="59.93472352599711" lon="30.375249040912053">
				<ele>-3.389455121010542</ele>
				<time>2023-10-21T09:59:58Z</time>
			</trkpt>
			<trkpt lat="59.93474820175558" lon="30.375258128130405">
				<ele>-3.646954541094601</ele>
				<time>2023-10-21T09:59:59Z</time>
			</trkpt>
			<trkpt lat="59.93477273824006" lon="30.375253956905727">
				<ele>-2.449938793666661</ele>
				<time>2023-10-21T10:00:00Z</time>
			</trkpt>
			<trkpt lat="59.93479720143886" lon="30.375239291713353">
				<ele>-2.7912008427083492</ele>
				<time>2023-10-21T10:00:01Z</time>
			</trkpt>
			<trkpt lat="59.9348208712646" lon="30.37520543223365">
				<ele>-2.9435218386352062</ele>
				<time>2023-10-21T10:00:02Z</time>
			</trkpt>
			<trkpt lat="59.93483938843591" lon="30.375208639298624">
				<ele>-2.46364307962358</ele>
				<time>2023-10-21T10:00:03Z</time>
			</trkpt>
			<trkpt lat="59.93486107600771" lon="30.375174882375674">
				<ele>-2.410990960896015</ele>
				<time>2023-10-21T10:00:04Z</time>
			</trkpt>
			<trkpt lat="59.93488614953428" lon="30.37514521203002">
				<ele>-1.2839532466605306</ele>
				<time>2023-10-21T10:00:05Z</time>
			</trkpt>
			<trkpt lat="59.93491744878486" lon="30.375129859156175">
				<ele>0.7499968018382788</ele>
				<time>2023-10-21T10:00:07Z</time>
			</trkpt>
			<trkpt lat="59.93495444460005" lon="30.37510830052039">
				<ele>3.0627278117462993</ele>
				<time>2023-10-21T10:00:08Z</time>
			</trkpt>
			<trkpt lat="59.93494387302604" lon="30.37514375883944">
				<ele>-1.038533697836101</ele>
				<time>2023-10-21T10:00:09Z</time>
			</trkpt>
			<trkpt lat="59.93496790205207" lon="30.375163773241876">
				<ele>1.6782606970518827</ele>
				<time>2023-10-21T10:00:11Z</time>
			</trkpt>
			<trkpt lat="59.93497782639473" lon="30.375208192690568">
				<ele>3.7332452200353146</ele>
				<time>2023-10-21T10:00:12Z</time>
			</trkpt>
			<trkpt lat="59.93496892613647" lon="30.375260534080642">
				<ele>0.8762268191203475</ele>
				<time>2023-10-21T10:00:13Z</time>
			</trkpt>
			<trkpt lat="59.934991141924876" lon="30.37527919876322">
				<ele>6.722886157222092</ele>
				<time>2023-10-21T10:00:14Z</time>
			</trkpt>
			<trkpt lat="59.935010480731094" lon="30.37535227772177">
				<ele>8.875739545561373</ele>
				<time>2023-10-21T10:00:16Z</time>
			</trkpt>
			<trkpt lat="59.935000194807664" lon="30.375457544984446">
				<ele>9.496960263699293</ele>
				<time>2023-10-21T10:00:18Z</time>
			</trkpt>
			<trkpt lat="59.935008213415756" lon="30.375499700001406">
				<ele>7.484301519580185</ele>
				<time>2023-10-21T10:00:20Z</time>
			</trkpt>
			<trkpt lat="59.93500374632088" lon="30.37554308726932">
				<ele>6.510300921276212</ele>
				<time>2023-10-21T10:00:22Z</time>
			</trkpt>
			<trkpt lat="59.93499008574218" lon="30.375594592863767">
				<ele>7.209302708506584</ele>
				<time>2023-10-21T10:00:25Z</time>
			</trkpt>
			<trkpt lat="59.934970268643895" lon="30.375650136190124">
				<ele>7.71221958566457</ele>
				<time>2023-10-21T10:00:27Z</time>
			</trkpt>
			<trkpt lat="59.93495391440618" lon="30.375687768823138">
				<ele>6.054167580790818</ele>
				<time>2023-10-21T10:00:29Z</time>
			</trkpt>
			<trkpt lat="59.93493522514131" lon="30.375711492360505">
				<ele>5.932905022986233</ele>
				<time>2023-10-21T10:00:30Z</time>
			</trkpt>
			<trkpt lat="59.934904024821684" lon="30.37573232162078">
				<ele>7.061370269395411</ele>
				<time>2023-10-21T10:00:32Z</time>
			</trkpt>
			<trkpt lat="59.93488571818484" lon="30.375758570555725">
				<ele>6.88667621742934</ele>
				<time>2023-10-21T10:00:33Z</time>
			</trkpt>
			<trkpt lat="59.93485954371763" lon="30.37578091071084">
				<ele>6.701990235596895</ele>
				<time>2023-10-21T10:00:34Z</time>
			</trkpt>
			<trkpt lat="59.93483490946419" lon="30.375790944719846">
				<ele>5.870289140380919</ele>
				<time>2023-10-21T10:00:36Z</time>
			</trkpt>
			<trkpt lat="59.93483002389737" lon="30.37584079683138">
				<ele>6.285170095041394</ele>
				<time>2023-10-21T10:00:38Z</time>
			</trkpt>
			<trkpt lat="59.93483253259086" lon="30.37593981777853">
				<ele>7.0949422139674425</ele>
				<time>2023-10-21T10:00:40Z</time>
			</trkpt>
			<trkpt lat="59.934830214528795" lon="30.37605215895114">
				<ele>8.611300820484757</ele>
				<time>2023-10-21T10:00:41Z</time>
			</trkpt>
			<trkpt lat="59.934831723068186" lon="30.376111230985238">
				<ele>8.489289475604892</ele>
				<time>2023-10-21T10:00:43Z</time>
			</trkpt>
			<trkpt lat="59.93481921741869" lon="30.376149750225473">
				<ele>9.749477276578546</ele>
				<time>2023-10-21T10:00:44Z</time>
			</trkpt>
			<trkpt lat="59.93479883151337" lon="30.37617763793133">
				<ele>11.162060050293803</ele>
				<time>2023-10-21T10:00:45Z</time>
			</trkpt>
			<trkpt lat="59.93477612229908" lon="30.37618840820089">
				<ele>11.860027798451483</ele>
				<time>2023-10-21T10:00:46Z</time>
			</trkpt>
			<trkpt lat="59.9347600800071" lon="30.376209117681736">
				<ele>12.64509717747569</ele>
				<time>2023-10-21T10:00:47Z</time>
			</trkpt>
			<trkpt lat="59.93474173178238" lon="30.37623086178227">
				<ele>13.401501137763262</ele>
				<time>2023-10-21T10:00:48Z</time>
			</trkpt>
			<trkpt lat="59.93472996721903" lon="30.37627133219313">
				<ele>13.658163503743708</ele>
				<time>2023-10-21T10:00:50Z</time>
			</trkpt>
			<trkpt lat="59.934718196993536" lon="30.37631839991018">
				<ele>14.854290360584855</ele>
				<time>2023-10-21T10:00:51Z</time>
			</trkpt>
			<trkpt lat="59.93470018220241" lon="30.376359132491867">
				<ele>16.59754459094256</ele>
				<time>2023-10-21T10:00:53Z</time>
			</trkpt>
			<trkpt lat="59.93467773839542" lon="30.376413100411792">
				<ele>17.826771665364504</ele>
				<time>2023-10-21T10:00:55Z</time>
			</trkpt>
			<trkpt lat="59.93465888189723" lon="30.376457339217815">
				<ele>18.017591642215848</ele>
				<time>2023-10-21T10:00:56Z</time>
			</trkpt>
			<trkpt lat="59.93464318380372" lon="30.376484374536773">
				<ele>15.781536987051368</ele>
				<time>2023-10-21T10:00:59Z</time>
			</trkpt>
			<trkpt lat="59.93463028084564" lon="30.37651503810686">
				<ele>12.77606091927737</ele>
				<time>2023-10-21T10:01:01Z</time>
			</trkpt>
			<trkpt lat="59.93461927663115" lon="30.37654615162563">
				<ele>12.158586501143873</ele>
				<time>2023-10-21T10:01:03Z</time>
			</trkpt>
			<trkpt lat="59.934598740823105" lon="30.37657960007533">
				<ele>13.069536156952381</ele>
				<time>2023-10-21T10:01:05Z</time>
			</trkpt>
			<trkpt lat="59.93456875680831" lon="30.376613384442816">
				<ele>12.94254507496953</ele>
				<time>2023-10-21T10:01:07Z</time>
			</trkpt>
			<trkpt lat="59.934555305240465" lon="30.37663855404979">
				<ele>12.591844396665692</ele>
				<time>2023-10-21T10:01:08Z</time>
			</trkpt>
			<trkpt lat="59.93453680007183" lon="30.376680950034853">
				<ele>11.687089785933495</ele>
				<time>2023-10-21T10:01:10Z</time>
			</trkpt>
			<trkpt lat="59.9345495252712" lon="30.37671807345512">
				<ele>10.885637238621712</ele>
				<time>2023-10-21T10:01:12Z</time>
			</trkpt>
			<trkpt lat="59.93461052861078" lon="30.376797903939014">
				<ele>11.448130637407303</ele>
				<time>2023-10-21T10:01:14Z</time>
			</trkpt>
			<trkpt lat="59.93462049216796" lon="30.376837316505544">
				<ele>11.531053724698722</ele>
				<time>2023-10-21T10:01:15Z</time>
			</trkpt>
			<trkpt lat="59.934594491781155" lon="30.37684052435672">
				<ele>13.69313944503665</ele>
				<time>2023-10-21T10:01:16Z</time>
			</trkpt>
			<trkpt lat="59.934572961120786" lon="30.376875302166013">
				<ele>14.989945548586547</ele>
				<time>2023-10-21T10:01:17Z</time>
			</trkpt>
			<trkpt lat="59.934557696112726" lon="30.37690059853458">
				<ele>14.31500890199095</ele>
				<time>2023-10-21T10:01:18Z</time>
			</trkpt>
			<trkpt lat="59.93454443047019" lon="30.37692788437492">
				<ele>14.046505267731845</ele>
				<time>2023-10-21T10:01:19Z</time>
			</trkpt>
			<trkpt lat="59.93456062870427" lon="30.376861651240088">
				<ele>10.683630974031985</ele>
				<time>2023-10-21T10:01:20Z</time>
			</trkpt>
			<trkpt lat="59.93454364775671" lon="30.37687479724652">
				<ele>10.585908607579768</ele>
				<time>2023-10-21T10:01:21Z</time>
			</trkpt>
			<trkpt lat="59.93452295066827" lon="30.37690192356458">
				<ele>12.83249899931252</ele>
				<time>2023-10-21T10:01:22Z</time>
			</trkpt>
			<trkpt lat="59.93449986366085" lon="30.376970788692002">
				<ele>13.562010516412556</ele>
				<time>2023-10-21T10:01:24Z</time>
			</trkpt>
			<trkpt lat="59.934479853568426" lon="30.3769930618887">
				<ele>13.847710403613746</ele>
				<time>2023-10-21T10:01:25Z</time>
			</trkpt>
			<trkpt lat="59.93446433202621" lon="30.37703642734814">
				<ele>13.979250999167562</ele>
				<time>2023-10-21T10:01:28Z</time>
			</trkpt>
			<trkpt lat="59.93444370890389" lon="30.377068031204164">
				<ele>13.880507769063115</ele>
				<time>2023-10-21T10:01:30Z</time>
			</trkpt>
			<trkpt lat="59.93442776610124" lon="30.377092351278964">
				<ele>13.347509947605431</ele>
				<time>2023-10-21T10:01:31Z</time>
			</trkpt>
			<trkpt lat="59.93439240695674" lon="30.377163779911744">
				<ele>14.283762458711863</ele>
				<time>2023-10-21T10:01:33Z</time>
			</trkpt>
			<trkpt lat="59.93439167037253" lon="30.377214405790625">
				<ele>11.96835898514837</ele>
				<time>2023-10-21T10:01:37Z</time>
			</trkpt>
			<trkpt lat="59.934344634742864" lon="30.37720769005208">
				<ele>14.069109044969082</ele>
				<time>2023-10-21T10:01:38Z</time>
			</trkpt>
			<trkpt lat="59.93433952685679" lon="30.377245314869928">
				<ele>13.463219461031258</ele>
				<time>2023-10-21T10:01:40Z</time>
			</trkpt>
			<trkpt lat="59.934299064423904" lon="30.37725351261898">
				<ele>11.349985035136342</ele>
				<time>2023-10-21T10:01:44Z</time>
			</trkpt>
			<trkpt lat="59.9342822202057" lon="30.377267739645085">
				<ele>13.130152065306902</ele>
				<time>2023-10-21T10:01:46Z</time>
			</trkpt>
			<trkpt lat="59.93425893190352" lon="30.377270840804076">
				<ele>6.883765164762735</ele>
				<time>2023-10-21T10:01:48Z</time>
			</trkpt>
			<trkpt lat="59.93425662284044" lon="30.37731175334611">
				<ele>6.493568590842187</ele>
				<time>2023-10-21T10:01:50Z</time>
			</trkpt>
			<trkpt lat="59.93432615243962" lon="30.37750940885511">
				<ele>7.871537966653705</ele>
				<time>2023-10-21T10:01:52Z</time>
			</trkpt>
			<trkpt lat="59.93430745701999" lon="30.377518798420756">
				<ele>7.3192998971790075</ele>
				<time>2023-10-21T10:01:53Z</time>
			</trkpt>
			<trkpt lat="59.93430816311504" lon="30.377556924748045">
				<ele>7.38910557795316</ele>
				<time>2023-10-21T10:01:54Z</time>
			</trkpt>
			<trkpt lat="59.934294387868334" lon="30.377609991763613">
				<ele>6.895960200577974</ele>
				<time>2023-10-21T10:01:56Z</time>
			</trkpt>
			<trkpt lat="59.9342873746518" lon="30.377683986168947">
				<ele>5.805046577937901</ele>
				<time>2023-10-21T10:01:58Z</time>
			</trkpt>
			<trkpt lat="59.93424647363462" lon="30.377696311486787">
				<ele>8.706580449827015</ele>
				<time>2023-10-21T10:01:59Z</time>
			</trkpt>
			<trkpt lat="59.93423154456799" lon="30.37773464754805">
				<ele>11.15014538448304</ele>
				<time>2023-10-21T10:02:00Z</time>
			</trkpt>
			<trkpt lat="59.93422024136845" lon="30.37778754454833">
				<ele>11.146187885664403</ele>
				<time>2023-10-21T10:02:02Z</time>
			</trkpt>
			<trkpt lat="59.934202353387434" lon="30.377809363245348">
				<ele>9.13848688825965</ele>
				<time>2023-10-21T10:02:04Z</time>
			</trkpt>
			<trkpt lat="59.93418594235493" lon="30.377834001260705">
				<ele>8.567927879281342</ele>
				<time>2023-10-21T10:02:07Z</time>
			</trkpt>
			<trkpt lat="59.934164589138575" lon="30.377849691524105">
				<ele>8.648257521912456</ele>
				<time>2023-10-21T10:02:09Z</time>
			</trkpt>
			<trkpt lat="59.934143576150376" lon="30.377851756412497">
				<ele>11.422862597741187</ele>
				<time>2023-10-21T10:02:11Z</time>
			</trkpt>
			<trkpt lat="59.9341245954432" lon="30.377813035408426">
				<ele>10.949342623353004</ele>
				<time>2023-10-21T10:02:12Z</time>
			</trkpt>
			<trkpt lat="59.934107408347245" lon="30.377752322349636">
				<ele>7.913554172031581</ele>
				<time>2023-10-21T10:02:13Z</time>
			</trkpt>
			<trkpt lat="59.93408982316887" lon="30.37771229669584">
				<ele>8.477259049192071</ele>
				<time>2023-10-21T10:02:14Z</time>
			</trkpt>
			<trkpt lat="59.93407139601403" lon="30.377690365823725">
				<ele>7.863960576243699</ele>
				<time>2023-10-21T10:02:15Z</time>
			</trkpt>
			<trkpt lat="59.934073950670886" lon="30.37763620325258">
				<ele>7.690737786702812</ele>
				<time>2023-10-21T10:02:17Z</time>
			</trkpt>
			<trkpt lat="59.93404626397773" lon="30.377677098488064">
				<ele>9.317534664645791</ele>
				<time>2023-10-21T10:02:19Z</time>
			</trkpt>
			<trkpt lat="59.93402905239777" lon="30.37765589184018">
				<ele>11.663813014514744</ele>
				<time>2023-10-21T10:02:20Z</time>
			</trkpt>
			<trkpt lat="59.93401894137963" lon="30.377600607079724">
				<ele>9.27039592154324</ele>
				<time>2023-10-21T10:02:21Z</time>
			</trkpt>
			<trkpt lat="59.93399423061804" lon="30.37754983057388">
				<ele>8.40514313429594</ele>
				<time>2023-10-21T10:02:23Z</time>
			</trkpt>
			<trkpt lat="59.93397298939244" lon="30.37751908093683">
				<ele>7.123281702399254</ele>
				<time>2023-10-21T10:02:25Z</time>
			</trkpt>
			<trkpt lat="59.93395045917345" lon="30.37749129560067">
				<ele>6.834149880334735</ele>
				<time>2023-10-21T10:02:27Z</time>
			</trkpt>
			<trkpt lat="59.93393173263381" lon="30.377457578724623">
				<ele>6.972178552299738</ele>
				<time>2023-10-21T10:02:30Z</time>
			</trkpt>
			<trkpt lat="59.933907133017215" lon="30.37742994761997">
				<ele>5.573999432846904</ele>
				<time>2023-10-21T10:02:32Z</time>
			</trkpt>
			<trkpt lat="59.93387944040504" lon="30.377419840452152">
				<ele>4.787090620957315</ele>
				<time>2023-10-21T10:02:34Z</time>
			</trkpt>
			<trkpt lat="59.9338564097843" lon="30.377397998801108">
				<ele>5.892657966352999</ele>
				<time>2023-10-21T10:02:36Z</time>
			</trkpt>
			<trkpt lat="59.93383239504503" lon="30.37738079536593">
				<ele>1.6327908225357533</ele>
				<time>2023-10-21T10:02:38Z</time>
			</trkpt>
			<trkpt lat="59.93381168580725" lon="30.377351970638493">
				<ele>2.206256282515824</ele>
				<time>2023-10-21T10:02:40Z</time>
			</trkpt>
			<trkpt lat="59.933790425065595" lon="30.377316529503208">
				<ele>2.9800352891907096</ele>
				<time>2023-10-21T10:02:42Z</time>
			</trkpt>
			<trkpt lat="59.933764283071575" lon="30.377282244670617">
				<ele>1.904973172582686</ele>
				<time>2023-10-21T10:02:44Z</time>
			</trkpt>
			<trkpt lat="59.93374779842905" lon="30.377267947220915">
				<ele>2.006940947845578</ele>
				<time>2023-10-21T10:02:45Z</time>
			</trkpt>
			<trkpt lat="59.93372449568516" lon="30.37726934346461">
				<ele>1.4058745317161083</ele>
				<time>2023-10-21T10:02:47Z</time>
			</trkpt>
			<trkpt lat="59.93369534227733" lon="30.37722340987915">
				<ele>3.658392551355064</ele>
				<time>2023-10-21T10:02:49Z</time>
			</trkpt>
			<trkpt lat="59.93367439211623" lon="30.377188701258405">
				<ele>0.2900970121845603</ele>
				<time>2023-10-21T10:02:52Z</time>
			</trkpt>
			<trkpt lat="59.9336580867252" lon="30.37715219358469">
				<ele>-0.31085168570280075</ele>
				<time>2023-10-21T10:02:55Z</time>
			</trkpt>
			<trkpt lat="59.933640674914734" lon="30.37711050612896">
				<ele>-1.9372658478096128</ele>
				<time>2023-10-21T10:02:58Z</time>
			</trkpt>
			<trkpt lat="59.93361827924089" lon="30.37710854836023">
				<ele>-0.6198469027876854</ele>
				<time>2023-10-21T10:03:01Z</time>
			</trkpt>
			<trkpt lat="59.93359943411309" lon="30.37715554221105">
				<ele>-1.188741453923285</ele>
				<time>2023-10-21T10:03:04Z</time>
			</trkpt>
			<trkpt lat="59.93357990727646" lon="30.37719373199211">
				<ele>-2.89020483661443</ele>
				<time>2023-10-21T10:03:05Z</time>
			</trkpt>
			<trkpt lat="59.93356853598216" lon="30.37722849808969">
				<ele>-2.179280719719827</ele>
				<time>2023-10-21T10:03:06Z</time>
			</trkpt>
			<trkpt lat="59.9335381498371" lon="30.377254815462567">
				<ele>-1.3513063713908195</ele>
				<time>2023-10-21T10:03:08Z</time>
			</trkpt>
			<trkpt lat="59.933507548528894" lon="30.377240081327816">
				<ele>-1.6189649803563952</ele>
				<time>2023-10-21T10:03:10Z</time>
			</trkpt>
			<trkpt lat="59.93348866992771" lon="30.377234277722756">
				<ele>-0.09581744018942118</ele>
				<time>2023-10-21T10:03:11Z</time>
			</trkpt>
			<trkpt lat="59.933471652251725" lon="30.37722227265265">
				<ele>0.979029512964189</ele>
				<time>2023-10-21T10:03:13Z</time>
			</trkpt>
			<trkpt lat="59.93345104618613" lon="30.37721079445807">
				<ele>0.20188879314810038</ele>
				<time>2023-10-21T10:03:14Z</time>
			</trkpt>
			<trkpt lat="59.93342436100664" lon="30.377201706018518">
				<ele>0.0421285517513752</ele>
				<time>2023-10-21T10:03:16Z</time>
			</trkpt>
			<trkpt lat="59.93339509216493" lon="30.377154064862115">
				<ele>0.46845967788249254</ele>
				<time>2023-10-21T10:03:18Z</time>
			</trkpt>
			<trkpt lat="59.93336662414573" lon="30.37716129773717">
				<ele>2.5936782332137227</ele>
				<time>2023-10-21T10:03:19Z</time>
			</trkpt>
			<trkpt lat="59.93335015443976" lon="30.37711213216172">
				<ele>0.018880166113376617</ele>
				<time>2023-10-21T10:03:22Z</time>
			</trkpt>
			<trkpt lat="59.93335524881206" lon="30.37704272667343">
				<ele>1.2204381301999092</ele>
				<time>2023-10-21T10:03:24Z</time>
			</trkpt>
			<trkpt lat="59.93337519628016" lon="30.37698048006264">
				<ele>1.7629771446809173</ele>
				<time>2023-10-21T10:03:26Z</time>
			</trkpt>
			<trkpt lat="59.93337898465164" lon="30.376936744483157">
				<ele>3.1235511135309935</ele>
				<time>2023-10-21T10:03:27Z</time>
			</trkpt>
			<trkpt lat="59.93338991462811" lon="30.3768830761264">
				<ele>3.8260903330519795</ele>
				<time>2023-10-21T10:03:29Z</time>
			</trkpt>
			<trkpt lat="59.93340692146002" lon="30.376842132610026">
				<ele>4.221521673724055</ele>
				<time>2023-10-21T10:03:31Z</time>
			</trkpt>
			<trkpt lat="59.933424219384705" lon="30.376804653446545">
				<ele>4.073276768438518</ele>
				<time>2023-10-21T10:03:33Z</time>
			</trkpt>
			<trkpt lat="59.933440195590336" lon="30.376782370098386">
				<ele>3.1572704426944256</ele>
				<time>2023-10-21T10:03:34Z</time>
			</trkpt>
			<trkpt lat="59.93345082182657" lon="30.376738411801664">
				<ele>8.666086941026151</ele>
				<time>2023-10-21T10:03:35Z</time>
			</trkpt>
			<trkpt lat="59.93346285292656" lon="30.376695540070287">
				<ele>5.206288713030517</ele>
				<time>2023-10-21T10:03:38Z</time>
			</trkpt>
			<trkpt lat="59.9334728558246" lon="30.3766482050862">
				<ele>6.645165033638477</ele>
				<time>2023-10-21T10:03:40Z</time>
			</trkpt>
			<trkpt lat="59.933489204679105" lon="30.376627311807123">
				<ele>6.230393109843135</ele>
				<time>2023-10-21T10:03:41Z</time>
			</trkpt>
			<trkpt lat="59.933505999079316" lon="30.376606378169612">
				<ele>6.338613487780094</ele>
				<time>2023-10-21T10:03:42Z</time>
			</trkpt>
			<trkpt lat="59.93351624303742" lon="30.376557703312347">
				<ele>6.159947361797094</ele>
				<time>2023-10-21T10:03:45Z</time>
			</trkpt>
			<trkpt lat="59.93353444703082" lon="30.37651763043967">
				<ele>8.004542926326394</ele>
				<time>2023-10-21T10:03:46Z</time>
			</trkpt>
			<trkpt lat="59.9335248543226" lon="30.37646178605808">
				<ele>9.295744155533612</ele>
				<time>2023-10-21T10:03:47Z</time>
			</trkpt>
			<trkpt lat="59.93352290647125" lon="30.37642069643659">
				<ele>9.74697049614042</ele>
				<time>2023-10-21T10:03:49Z</time>
			</trkpt>
			<trkpt lat="59.933535185136485" lon="30.37638141438846">
				<ele>10.72116028610617</ele>
				<time>2023-10-21T10:03:51Z</time>
			</trkpt>
			<trkpt lat="59.93354546002245" lon="30.37635090596301">
				<ele>10.473012199625373</ele>
				<time>2023-10-21T10:03:52Z</time>
			</trkpt>
			<trkpt lat="59.93354870892032" lon="30.37629427585669">
				<ele>11.03425191435963</ele>
				<time>2023-10-21T10:03:54Z</time>
			</trkpt>
			<trkpt lat="59.93356638897224" lon="30.376257688557097">
				<ele>13.289713457226753</ele>
				<time>2023-10-21T10:03:56Z</time>
			</trkpt>
			<trkpt lat="59.93355156662829" lon="30.37621306192695">
				<ele>11.796287965029478</ele>
				<time>2023-10-21T10:03:57Z</time>
			</trkpt>
			<trkpt lat="59.93356751516768" lon="30.376160520874663">
				<ele>10.988891350105405</ele>
				<time>2023-10-21T10:04:00Z</time>
			</trkpt>
			<trkpt lat="59.93358662007447" lon="30.37613883939553">
				<ele>8.116735579445958</ele>
				<time>2023-10-21T10:04:02Z</time>
			</trkpt>
			<trkpt lat="59.93360148020645" lon="30.376098049802916">
				<ele>11.083030582405627</ele>
				<time>2023-10-21T10:04:03Z</time>
			</trkpt>
			<trkpt lat="59.933616376571095" lon="30.376071873255984">
				<ele>10.364249817095697</ele>
				<time>2023-10-21T10:04:05Z</time>
			</trkpt>
			<trkpt lat="59.933633268755116" lon="30.376050563898456">
				<ele>10.405599880963564</ele>
				<time>2023-10-21T10:04:07Z</time>
			</trkpt>
			<trkpt lat="59.93363658129451" lon="30.375996717409954">
				<ele>12.544381600804627</ele>
				<time>2023-10-21T10:04:09Z</time>
			</trkpt>
			<trkpt lat="59.93366229379953" lon="30.375959236676238">
				<ele>11.53717536944896</ele>
				<time>2023-10-21T10:04:12Z</time>
			</trkpt>
			<trkpt lat="59.9336795037445" lon="30.375922941856597">
				<ele>15.012919995002449</ele>
				<time>2023-10-21T10:04:14Z</time>
			</trkpt>
			<trkpt lat="59.93367483660628" lon="30.37586718292496">
				<ele>12.90949035808444</ele>
				<time>2023-10-21T10:04:16Z</time>
			</trkpt>
			<trkpt lat="59.933701339561374" lon="30.375842532169045">
				<ele>13.308169855736196</ele>
				<time>2023-10-21T10:04:18Z</time>
			</trkpt>
			<trkpt lat="59.933687854169534" lon="30.37579483102846">
				<ele>10.979218156076968</ele>
				<time>2023-10-21T10:04:19Z</time>
			</trkpt>
			<trkpt lat="59.93368559065379" lon="30.375737977403766">
				<ele>10.597705024294555</ele>
				<time>2023-10-21T10:04:21Z</time>
			</trkpt>
			<trkpt lat="59.93368872162377" lon="30.375700942670214">
				<ele>12.321259931661189</ele>
				<time>2023-10-21T10:04:23Z</time>
			</trkpt>
			<trkpt lat="59.93368563998189" lon="30.375646150348825">
				<ele>12.213087073527277</ele>
				<time>2023-10-21T10:04:25Z</time>
			</trkpt>
			<trkpt lat="59.93369784464773" lon="30.37560013759361">
				<ele>15.265805537812412</ele>
				<time>2023-10-21T10:04:26Z</time>
			</trkpt>
			<trkpt lat="59.933731731569374" lon="30.375583881337867">
				<ele>11.996650307439268</ele>
				<time>2023-10-21T10:04:28Z</time>
			</trkpt>
			<trkpt lat="59.93375950132641" lon="30.375558126463567">
				<ele>13.147514441050589</ele>
				<time>2023-10-21T10:04:31Z</time>
			</trkpt>
			<trkpt lat="59.93375783352673" lon="30.375513985202563">
				<ele>12.816379020921886</ele>
				<time>2023-10-21T10:04:32Z</time>
			</trkpt>
			<trkpt lat="59.93375553211086" lon="30.375466421614238">
				<ele>12.71899504866451</ele>
				<time>2023-10-21T10:04:34Z</time>
			</trkpt>
			<trkpt lat="59.933758381519" lon="30.37540888358749">
				<ele>15.211438096128404</ele>
				<time>2023-10-21T10:04:36Z</time>
			</trkpt>
			<trkpt lat="59.93376293288694" lon="30.375353450977606">
				<ele>12.11888795811683</ele>
				<time>2023-10-21T10:04:39Z</time>
			</trkpt>
			<trkpt lat="59.933771571051224" lon="30.375314907049198">
				<ele>11.275753827765584</ele>
				<time>2023-10-21T10:04:41Z</time>
			</trkpt>
			<trkpt lat="59.93379183014412" lon="30.3752721383167">
				<ele>11.757161027751863</ele>
				<time>2023-10-21T10:04:43Z</time>
			</trkpt>
			<trkpt lat="59.93380321530836" lon="30.375219362261408">
				<ele>12.101410726085305</ele>
				<time>2023-10-21T10:04:46Z</time>
			</trkpt>
			<trkpt lat="59.9338104015885" lon="30.3751780102899">
				<ele>10.483503264375031</ele>
				<time>2023-10-21T10:04:49Z</time>
			</trkpt>
			<trkpt lat="59.93381713108094" lon="30.375140221064598">
				<ele>11.469091539271176</ele>
				<time>2023-10-21T10:04:51Z</time>
			</trkpt>
			<trkpt lat="59.93384607363839" lon="30.375115205692868">
				<ele>11.862785327248275</ele>
				<time>2023-10-21T10:04:53Z</time>
			</trkpt>
			<trkpt lat="59.93383454051699" lon="30.375045562054748">
				<ele>11.504065727815032</ele>
				<time>2023-10-21T10:04:55Z</time>
			</trkpt>
			<trkpt lat="59.933821471463986" lon="30.375007206549956">
				<ele>10.877965424209833</ele>
				<time>2023-10-21T10:04:56Z</time>
			</trkpt>
			<trkpt lat="59.93384397053232" lon="30.37501090926154">
				<ele>10.155692882835865</ele>
				<time>2023-10-21T10:04:57Z</time>
			</trkpt>
			<trkpt lat="59.93385090494469" lon="30.37497295148014">
				<ele>12.804778337478638</ele>
				<time>2023-10-21T10:04:58Z</time>
			</trkpt>
			<trkpt lat="59.93387340657915" lon="30.37494773080552">
				<ele>10.349332879297435</ele>
				<time>2023-10-21T10:05:01Z</time>
			</trkpt>
			<trkpt lat="59.933894284355304" lon="30.374940058219764">
				<ele>9.325652450323105</ele>
				<time>2023-10-21T10:05:02Z</time>
			</trkpt>
			<trkpt lat="59.933931009996044" lon="30.374954104075233">
				<ele>10.391811911948025</ele>
				<time>2023-10-21T10:05:03Z</time>
			</trkpt>
			<trkpt lat="59.93398119739132" lon="30.374961529815838">
				<ele>11.505278836935759</ele>
				<time>2023-10-21T10:05:05Z</time>
			</trkpt>
			<trkpt lat="59.933966122491896" lon="30.374941259712273">
				<ele>10.387789159081876</ele>
				<time>2023-10-21T10:05:06Z</time>
			</trkpt>
			<trkpt lat="59.933985535044684" lon="30.374923789425154">
				<ele>9.265686851926148</ele>
				<time>2023-10-21T10:05:08Z</time>
			</trkpt>
			<trkpt lat="59.934008756552316" lon="30.374935376020012">
				<ele>9.083706628531218</ele>
				<time>2023-10-21T10:05:09Z</time>
			</trkpt>
			<trkpt lat="59.93403691137715" lon="30.37493252331479">
				<ele>11.743427989073098</ele>
				<time>2023-10-21T10:05:11Z</time>
			</trkpt>
			<trkpt lat="59.93406516915814" lon="30.37491290154922">
				<ele>10.312269142828882</ele>
				<time>2023-10-21T10:05:13Z</time>
			</trkpt>
			<trkpt lat="59.9340879144096" lon="30.37490793105656">
				<ele>11.188196079805493</ele>
				<time>2023-10-21T10:05:15Z</time>
			</trkpt>
			<trkpt lat="59.93410995871217" lon="30.374891287337004">
				<ele>9.381544839590788</ele>
				<time>2023-10-21T10:05:17Z</time>
			</trkpt>
			<trkpt lat="59.934127480216084" lon="30.374875802030125">
				<ele>9.006573564372957</ele>
				<time>2023-10-21T10:05:18Z</time>
			</trkpt>
			<trkpt lat="59.934141471032234" lon="30.374831153663525">
				<ele>9.808662042021751</ele>
				<time>2023-10-21T10:05:20Z</time>
			</trkpt>
			<trkpt lat="59.934157593844404" lon="30.374784956946016">
				<ele>6.2194879641756415</ele>
				<time>2023-10-21T10:05:23Z</time>
			</trkpt>
			<trkpt lat="59.934156404092015" lon="30.374719209383613">
				<ele>6.915369735099375</ele>
				<time>2023-10-21T10:05:25Z</time>
			</trkpt>
			<trkpt lat="59.93415012131987" lon="30.374653393831466">
				<ele>7.918994867242873</ele>
				<time>2023-10-21T10:05:26Z</time>
			</trkpt>
			<trkpt lat="59.934164340464186" lon="30.37461425135983">
				<ele>8.893058007583022</ele>
				<time>2023-10-21T10:05:28Z</time>
			</trkpt>
			<trkpt lat="59.93417632820445" lon="30.374571360884875">
				<ele>10.745059048756957</ele>
				<time>2023-10-21T10:05:30Z</time>
			</trkpt>
			<trkpt lat="59.934198114895025" lon="30.37454385281988">
				<ele>7.046105585992336</ele>
				<time>2023-10-21T10:05:32Z</time>
			</trkpt>
			<trkpt lat="59.93421394014225" lon="30.374516406299616">
				<ele>5.3619827488437295</ele>
				<time>2023-10-21T10:05:35Z</time>
			</trkpt>
			<trkpt lat="59.934239955422335" lon="30.37447179349255">
				<ele>5.758389730937779</ele>
				<time>2023-10-21T10:05:38Z</time>
			</trkpt>
			<trkpt lat="59.93424014342291" lon="30.374412552615176">
				<ele>6.700718114152551</ele>
				<time>2023-10-21T10:05:40Z</time>
			</trkpt>
			<trkpt lat="59.93424707231586" lon="30.37437180881891">
				<ele>9.31678668409586</ele>
				<time>2023-10-21T10:05:41Z</time>
			</trkpt>
			<trkpt lat="59.934234257930335" lon="30.374344949921433">
				<ele>9.052706412039697</ele>
				<time>2023-10-21T10:05:42Z</time>
			</trkpt>
			<trkpt lat="59.93425195801262" lon="30.374306970017365">
				<ele>8.339058772660792</ele>
				<time>2023-10-21T10:05:44Z</time>
			</trkpt>
			<trkpt lat="59.9342711146073" lon="30.374276832499305">
				<ele>8.247339679859579</ele>
				<time>2023-10-21T10:05:46Z</time>
			</trkpt>
			<trkpt lat="59.934274489346315" lon="30.374239198606663">
				<ele>9.028153981082141</ele>
				<time>2023-10-21T10:05:47Z</time>
			</trkpt>
			<trkpt lat="59.93426623978516" lon="30.37418655392985">
				<ele>11.071317139081657</ele>
				<time>2023-10-21T10:05:48Z</time>
			</trkpt>
			<trkpt lat="59.93427946807615" lon="30.37414265291649">
				<ele>11.210421827621758</ele>
				<time>2023-10-21T10:05:50Z</time>
			</trkpt>
			<trkpt lat="59.934299357887745" lon="30.37410430562133">
				<ele>11.889940675348043</ele>
				<time>2023-10-21T10:05:52Z</time>
			</trkpt>
			<trkpt lat="59.93430552353436" lon="30.374063973583187">
				<ele>11.121768184937537</ele>
				<time>2023-10-21T10:05:55Z</time>
			</trkpt>
			<trkpt lat="59.934326789125116" lon="30.374069919270532">
				<ele>11.00598376430571</ele>
				<time>2023-10-21T10:05:56Z</time>
			</trkpt>
			<trkpt lat="59.93434167217661" lon="30.37404386806012">
				<ele>12.467060247436166</ele>
				<time>2023-10-21T10:05:58Z</time>
			</trkpt>
			<trkpt lat="59.93435834723039" lon="30.374004787787904">
				<ele>10.092551556415856</ele>
				<time>2023-10-21T10:06:00Z</time>
			</trkpt>
			<trkpt lat="59.93438090752482" lon="30.373962028195425">
				<ele>9.775156346149743</ele>
				<time>2023-10-21T10:06:02Z</time>
			</trkpt>
			<trkpt lat="59.9344093624012" lon="30.373937015976264">
				<ele>11.241607354953885</ele>
				<time>2023-10-21T10:06:04Z</time>
			</trkpt>
			<trkpt lat="59.93442308904843" lon="30.373911981494985">
				<ele>8.46489642560482</ele>
				<time>2023-10-21T10:06:06Z</time>
			</trkpt>
			<trkpt lat="59.93444093612973" lon="30.373881748016746">
				<ele>10.384517003782094</ele>
				<time>2023-10-21T10:06:07Z</time>
			</trkpt>
			<trkpt lat="59.9344636326825" lon="30.37386862414739">
				<ele>9.349718605168164</ele>
				<time>2023-10-21T10:06:09Z</time>
			</trkpt>
			<trkpt lat="59.934486724954326" lon="30.37386156952629">
				<ele>9.284092052839696</ele>
				<time>2023-10-21T10:06:11Z</time>
			</trkpt>
			<trkpt lat="59.93450552872541" lon="30.373827005833576">
				<ele>9.199215237051249</ele>
				<time>2023-10-21T10:06:13Z</time>
			</trkpt>
			<trkpt lat="59.934516876677385" lon="30.373785046624253">
				<ele>7.766926343552768</ele>
				<time>2023-10-21T10:06:15Z</time>
			</trkpt>
			<trkpt lat="59.934524821935554" lon="30.373735552145106">
				<ele>8.081963364966214</ele>
				<time>2023-10-21T10:06:18Z</time>
			</trkpt>
			<trkpt lat="59.9345529159314" lon="30.373716933558132">
				<ele>8.205010866746306</ele>
				<time>2023-10-21T10:06:20Z</time>
			</trkpt>
			<trkpt lat="59.93455261643863" lon="30.37366904287637">
				<ele>6.934151953086257</ele>
				<time>2023-10-21T10:06:22Z</time>
			</trkpt>
			<trkpt lat="59.934567468412325" lon="30.37361940821855">
				<ele>8.527038734406233</ele>
				<time>2023-10-21T10:06:24Z</time>
			</trkpt>
			<trkpt lat="59.93456533808599" lon="30.373576966720492">
				<ele>8.270170058123767</ele>
				<time>2023-10-21T10:06:26Z</time>
			</trkpt>
			<trkpt lat="59.93457025926165" lon="30.373538173058414">
				<ele>9.393767827190459</ele>
				<time>2023-10-21T10:06:28Z</time>
			</trkpt>
			<trkpt lat="59.93456326958028" lon="30.373502339696227">
				<ele>7.771404820494354</ele>
				<time>2023-10-21T10:06:30Z</time>
			</trkpt>
			<trkpt lat="59.934545049581345" lon="30.37347869581938">
				<ele>7.669818744063377</ele>
				<time>2023-10-21T10:06:33Z</time>
			</trkpt>
			<trkpt lat="59.93452073788635" lon="30.37347441704191">
				<ele>7.077429250814021</ele>
				<time>2023-10-21T10:06:35Z</time>
			</trkpt>
			<trkpt lat="59.934504542986026" lon="30.37339991289127">
				<ele>7.4158796817064285</ele>
				<time>2023-10-21T10:06:36Z</time>
			</trkpt>
			<trkpt lat="59.93446738236524" lon="30.3733983827886">
				<ele>6.964033608324826</ele>
				<time>2023-10-21T10:06:37Z</time>
			</trkpt>
			<trkpt lat="59.93442216576969" lon="30.373385659257416">
				<ele>6.531317590735853</ele>
				<time>2023-10-21T10:06:39Z</time>
			</trkpt>
			<trkpt lat="59.934415886561055" lon="30.37334674210883">
				<ele>1.54791671782732</ele>
				<time>2023-10-21T10:06:42Z</time>
			</trkpt>
			<trkpt lat="59.934399704407475" lon="30.373330763989372">
				<ele>0.3150720652192831</ele>
				<time>2023-10-21T10:06:45Z</time>
			</trkpt>
			<trkpt lat="59.93436580524671" lon="30.373326165444155">
				<ele>1.9193982323631644</ele>
				<time>2023-10-21T10:06:47Z</time>
			</trkpt>
			<trkpt lat="59.93434544819816" lon="30.373324012346984">
				<ele>1.8651697356253862</ele>
				<time>2023-10-21T10:06:49Z</time>
			</trkpt>
			<trkpt lat="59.93431371982376" lon="30.37331439904049">
				<ele>2.018437225371599</ele>
				<time>2023-10-21T10:06:52Z</time>
			</trkpt>
			<trkpt lat="59.934294121646005" lon="30.373299298914354">
				<ele>1.0301242843270302</ele>
				<time>2023-10-21T10:06:54Z</time>
			</trkpt>
			<trkpt lat="59.93427057863712" lon="30.373314562858507">
				<ele>-1.1844212776049972</ele>
				<time>2023-10-21T10:06:56Z</time>
			</trkpt>
			<trkpt lat="59.93426219064909" lon="30.37327141264665">
				<ele>3.8312076330184937</ele>
				<time>2023-10-21T10:06:57Z</time>
			</trkpt>
			<trkpt lat="59.93423476761433" lon="30.37324278971925">
				<ele>2.9707344099879265</ele>
				<time>2023-10-21T10:06:59Z</time>
			</trkpt>
			<trkpt lat="59.93421512276777" lon="30.37320771427728">
				<ele>2.6611531199887395</ele>
				<time>2023-10-21T10:07:01Z</time>
			</trkpt>
			<trkpt lat="59.934203455013375" lon="30.37315580495068">
				<ele>6.715512395836413</ele>
				<time>2023-10-21T10:07:02Z</time>
			</trkpt>
			<trkpt lat="59.934177362064844" lon="30.373130606602288">
				<ele>2.3353969799354672</ele>
				<time>2023-10-21T10:07:04Z</time>
			</trkpt>
			<trkpt lat="59.93417232604646" lon="30.37308514980958">
				<ele>3.2330355998128653</ele>
				<time>2023-10-21T10:07:05Z</time>
			</trkpt>
			<trkpt lat="59.93415785443445" lon="30.3730628286956">
				<ele>1.5474804686382413</ele>
				<time>2023-10-21T10:07:06Z</time>
			</trkpt>
			<trkpt lat="59.93415751694611" lon="30.373005501454795">
				<ele>2.9941752273589373</ele>
				<time>2023-10-21T10:07:07Z</time>
			</trkpt>
			<trkpt lat="59.934155708346225" lon="30.372964170396312">
				<ele>2.25913979485631</ele>
				<time>2023-10-21T10:07:09Z</time>
			</trkpt>
			<trkpt lat="59.93413297698237" lon="30.372920850123705">
				<ele>3.5286328680813313</ele>
				<time>2023-10-21T10:07:10Z</time>
			</trkpt>
			<trkpt lat="59.93412691782767" lon="30.372875183903083">
				<ele>2.8109794603660703</ele>
				<time>2023-10-21T10:07:12Z</time>
			</trkpt>
			<trkpt lat="59.9341324207533" lon="30.372840581716265">
				<ele>3.082436821423471</ele>
				<time>2023-10-21T10:07:13Z</time>
			</trkpt>
			<trkpt lat="59.9341500972715" lon="30.37282238398976">
				<ele>6.929417853243649</ele>
				<time>2023-10-21T10:07:14Z</time>
			</trkpt>
			<trkpt lat="59.93415266728277" lon="30.372756792051625">
				<ele>1.5479875467717648</ele>
				<time>2023-10-21T10:07:16Z</time>
			</trkpt>
			<trkpt lat="59.93416420436787" lon="30.372727966510297">
				<ele>3.2163774324581027</ele>
				<time>2023-10-21T10:07:17Z</time>
			</trkpt>
			<trkpt lat="59.93419595510558" lon="30.37269716193587">
				<ele>3.378885643556714</ele>
				<time>2023-10-21T10:07:20Z</time>
			</trkpt>
			<trkpt lat="59.93422663382743" lon="30.372674589991764">
				<ele>4.951331879943609</ele>
				<time>2023-10-21T10:07:22Z</time>
			</trkpt>
			<trkpt lat="59.93424566494421" lon="30.372671489067077">
				<ele>6.917941850610077</ele>
				<time>2023-10-21T10:07:23Z</time>
			</trkpt>
			<trkpt lat="59.934284137030886" lon="30.372636140981466">
				<ele>10.980764714069664</ele>
				<time>2023-10-21T10:07:25Z</time>
			</trkpt>
			<trkpt lat="59.934296963734496" lon="30.372608120831938">
				<ele>6.976788672618568</ele>
				<time>2023-10-21T10:07:52Z</time>
			</trkpt>
			<trkpt lat="59.93430879587887" lon="30.37257726297135">
				<ele>5.697433069348335</ele>
				<time>2023-10-21T10:07:54Z</time>
			</trkpt>
			<trkpt lat="59.93434539288188" lon="30.37255646556028">
				<ele>6.778758052736521</ele>
				<time>2023-10-21T10:07:58Z</time>
			</trkpt>
			<trkpt lat="59.93436475334601" lon="30.372530314294607">
				<ele>8.39097439032048</ele>
				<time>2023-10-21T10:08:00Z</time>
			</trkpt>
			<trkpt lat="59.93436791311063" lon="30.37247600912054">
				<ele>6.337689818814397</ele>
				<time>2023-10-21T10:08:02Z</time>
			</trkpt>
			<trkpt lat="59.93437158963735" lon="30.37243811424299">
				<ele>7.37274388410151</ele>
				<time>2023-10-21T10:08:04Z</time>
			</trkpt>
			<trkpt lat="59.934391095538096" lon="30.372433105214036">
				<ele>15.885279935784638</ele>
				<time>2023-10-21T10:08:05Z</time>
			</trkpt>
			<trkpt lat="59.93438682352295" lon="30.372384051589066">
				<ele>10.84667866397649</ele>
				<time>2023-10-21T10:08:07Z</time>
			</trkpt>
			<trkpt lat="59.9344105908266" lon="30.37235455589924">
				<ele>11.92625956889242</ele>
				<time>2023-10-21T10:08:10Z</time>
			</trkpt>
			<trkpt lat="59.93441080044122" lon="30.372356147374223">
				<ele>11.90037495456636</ele>
				<time>2023-10-21T10:08:11Z</time>
			</trkpt>
			<trkpt lat="59.934440987155305" lon="30.372430426268366">
				<ele>15.71978786867112</ele>
				<time>2023-10-21T10:08:16Z</time>
			</trkpt>
			<trkpt lat="59.93444569395166" lon="30.37239446689847">
				<ele>20.68284556735307</ele>
				<time>2023-10-21T10:08:20Z</time>
			</trkpt>
			<trkpt lat="59.93443043550382" lon="30.372372558265916">
				<ele>18.228318049572408</ele>
				<time>2023-10-21T10:08:21Z</time>
			</trkpt>
			<trkpt lat="59.934422632286896" lon="30.37232319673377">
				<ele>16.874337817542255</ele>
				<time>2023-10-21T10:08:23Z</time>
			</trkpt>
			<trkpt lat="59.93440929258629" lon="30.372298991576695">
				<ele>15.690407925285399</ele>
				<time>2023-10-21T10:08:25Z</time>
			</trkpt>
			<trkpt lat="59.93441503185196" lon="30.372255733852928">
				<ele>15.088261743076146</ele>
				<time>2023-10-21T10:08:28Z</time>
			</trkpt>
			<trkpt lat="59.93443068871431" lon="30.372223103412104">
				<ele>18.53348573949188</ele>
				<time>2023-10-21T10:08:30Z</time>
			</trkpt>
			<trkpt lat="59.93445142526075" lon="30.372203667496297">
				<ele>15.40064809564501</ele>
				<time>2023-10-21T10:08:32Z</time>
			</trkpt>
			<trkpt lat="59.93446845640215" lon="30.37216743286382">
				<ele>12.19605675432831</ele>
				<time>2023-10-21T10:08:37Z</time>
			</trkpt>
			<trkpt lat="59.93452877091528" lon="30.37218401484311">
				<ele>15.593633440323174</ele>
				<time>2023-10-21T10:08:38Z</time>
			</trkpt>
			<trkpt lat="59.93449858135265" lon="30.372105934673463">
				<ele>18.541532289236784</ele>
				<time>2023-10-21T10:08:39Z</time>
			</trkpt>
			<trkpt lat="59.93452380693176" lon="30.372087310511354">
				<ele>17.582471499219537</ele>
				<time>2023-10-21T10:08:40Z</time>
			</trkpt>
			<trkpt lat="59.9345377962378" lon="30.372061142643336">
				<ele>17.87843747716397</ele>
				<time>2023-10-21T10:08:41Z</time>
			</trkpt>
			<trkpt lat="59.93456194834446" lon="30.37205919135369">
				<ele>18.6309787100181</ele>
				<time>2023-10-21T10:08:43Z</time>
			</trkpt>
			<trkpt lat="59.93459294668143" lon="30.372043844144766">
				<ele>19.15047440957278</ele>
				<time>2023-10-21T10:08:44Z</time>
			</trkpt>
			<trkpt lat="59.93461226473033" lon="30.37205136652284">
				<ele>19.333511888049543</ele>
				<time>2023-10-21T10:08:45Z</time>
			</trkpt>
			<trkpt lat="59.93464062719529" lon="30.372083116464562">
				<ele>17.500273609533906</ele>
				<time>2023-10-21T10:08:47Z</time>
			</trkpt>
			<trkpt lat="59.93466000892818" lon="30.372062479276433">
				<ele>13.145254074595869</ele>
				<time>2023-10-21T10:08:49Z</time>
			</trkpt>
			<trkpt lat="59.93467874840345" lon="30.37206613657695">
				<ele>9.769926700741053</ele>
				<time>2023-10-21T10:08:52Z</time>
			</trkpt>
			<trkpt lat="59.934692461130844" lon="30.37210438489486">
				<ele>13.423158823512495</ele>
				<time>2023-10-21T10:08:54Z</time>
			</trkpt>
			<trkpt lat="59.9347143370589" lon="30.372113383142665">
				<ele>10.67098109703511</ele>
				<time>2023-10-21T10:08:56Z</time>
			</trkpt>
			<trkpt lat="59.93474775496995" lon="30.372134254311774">
				<ele>10.12208753451705</ele>
				<time>2023-10-21T10:08:58Z</time>
			</trkpt>
			<trkpt lat="59.93477593193545" lon="30.37215733288131">
				<ele>8.773452829569578</ele>
				<time>2023-10-21T10:09:00Z</time>
			</trkpt>
			<trkpt lat="59.93480959065981" lon="30.372207766563065">
				<ele>11.900473098270595</ele>
				<time>2023-10-21T10:09:02Z</time>
			</trkpt>
			<trkpt lat="59.934822820557415" lon="30.372261199900493">
				<ele>6.6479775086045265</ele>
				<time>2023-10-21T10:09:06Z</time>
			</trkpt>
			<trkpt lat="59.93484290989906" lon="30.372256441303204">
				<ele>10.150087627582252</ele>
				<time>2023-10-21T10:09:10Z</time>
			</trkpt>
			<trkpt lat="59.93483010924021" lon="30.372200901788467">
				<ele>3.994861787185073</ele>
				<time>2023-10-21T10:09:17Z</time>
			</trkpt>
			<trkpt lat="59.93484098749993" lon="30.372119543393804">
				<ele>5.851257381029427</ele>
				<time>2023-10-21T10:09:19Z</time>
			</trkpt>
			<trkpt lat="59.93483382471891" lon="30.372086289934078">
				<ele>6.345211939886212</ele>
				<time>2023-10-21T10:09:20Z</time>
			</trkpt>
			<trkpt lat="59.93483755195968" lon="30.372030813497716">
				<ele>6.160662178881466</ele>
				<time>2023-10-21T10:09:23Z</time>
			</trkpt>
			<trkpt lat="59.93486092560609" lon="30.372018667426897">
				<ele>5.562475170008838</ele>
				<time>2023-10-21T10:09:25Z</time>
			</trkpt>
			<trkpt lat="59.93488623014331" lon="30.37196428715846">
				<ele>8.218364446423948</ele>
				<time>2023-10-21T10:09:27Z</time>
			</trkpt>
			<trkpt lat="59.934872979813676" lon="30.371892520704414">
				<ele>4.155684410594404</ele>
				<time>2023-10-21T10:09:30Z</time>
			</trkpt>
			<trkpt lat="59.934871629270106" lon="30.37185338880085">
				<ele>3.669547618366778</ele>
				<time>2023-10-21T10:09:32Z</time>
			</trkpt>
			<trkpt lat="59.934887391562384" lon="30.371816256387604">
				<ele>7.3809043588116765</ele>
				<time>2023-10-21T10:09:34Z</time>
			</trkpt>
			<trkpt lat="59.93491221328532" lon="30.371804429324694">
				<ele>8.189506902359426</ele>
				<time>2023-10-21T10:09:36Z</time>
			</trkpt>
			<trkpt lat="59.9349155604037" lon="30.37176188495086">
				<ele>8.375131959095597</ele>
				<time>2023-10-21T10:09:38Z</time>
			</trkpt>
			<trkpt lat="59.93493976268517" lon="30.371739064826226">
				<ele>11.885942251421511</ele>
				<time>2023-10-21T10:09:40Z</time>
			</trkpt>
			<trkpt lat="59.93494504540266" lon="30.371692996951232">
				<ele>9.069169950671494</ele>
				<time>2023-10-21T10:09:42Z</time>
			</trkpt>
			<trkpt lat="59.934952851899766" lon="30.371656518158396">
				<ele>9.939401774667203</ele>
				<time>2023-10-21T10:09:44Z</time>
			</trkpt>
			<trkpt lat="59.93497166553739" lon="30.37161556879552">
				<ele>9.623241754248738</ele>
				<time>2023-10-21T10:09:46Z</time>
			</trkpt>
			<trkpt lat="59.93498578307951" lon="30.371582771002036">
				<ele>8.197721970267594</ele>
				<time>2023-10-21T10:09:47Z</time>
			</trkpt>
			<trkpt lat="59.935005245503156" lon="30.371581309525002">
				<ele>12.437594604678452</ele>
				<time>2023-10-21T10:09:48Z</time>
			</trkpt>
			<trkpt lat="59.93501612776125" lon="30.37154253908735">
				<ele>13.444730734452605</ele>
				<time>2023-10-21T10:09:50Z</time>
			</trkpt>
			<trkpt lat="59.93500052508921" lon="30.371487493123542">
				<ele>14.948430959135294</ele>
				<time>2023-10-21T10:09:52Z</time>
			</trkpt>
			<trkpt lat="59.93500948711195" lon="30.371435746660833">
				<ele>16.765390655957162</ele>
				<time>2023-10-21T10:09:55Z</time>
			</trkpt>
			<trkpt lat="59.93502803525184" lon="30.371396084276547">
				<ele>15.914338145405054</ele>
				<time>2023-10-21T10:09:59Z</time>
			</trkpt>
			<trkpt lat="59.93504100090638" lon="30.371364902662016">
				<ele>13.866097538731992</ele>
				<time>2023-10-21T10:10:00Z</time>
			</trkpt>
			<trkpt lat="59.93504917066769" lon="30.371296077795918">
				<ele>11.937592018395662</ele>
				<time>2023-10-21T10:10:03Z</time>
			</trkpt>
			<trkpt lat="59.935022471010704" lon="30.37126926172501">
				<ele>9.626982218585908</ele>
				<time>2023-10-21T10:10:11Z</time>
			</trkpt>
			<trkpt lat="59.934998287845545" lon="30.371266527987267">
				<ele>8.59425166528672</ele>
				<time>2023-10-21T10:10:12Z</time>
			</trkpt>
			<trkpt lat="59.93497639917415" lon="30.37123883148829">
				<ele>8.219638261012733</ele>
				<time>2023-10-21T10:10:14Z</time>
			</trkpt>
			<trkpt lat="59.93496927531192" lon="30.371170677297194">
				<ele>8.45263950061053</ele>
				<time>2023-10-21T10:10:16Z</time>
			</trkpt>
			<trkpt lat="59.93494665362095" lon="30.371170573756164">
				<ele>8.787238013930619</ele>
				<time>2023-10-21T10:10:17Z</time>
			</trkpt>
			<trkpt lat="59.934920418185996" lon="30.37111935216248">
				<ele>13.440593373961747</ele>
				<time>2023-10-21T10:10:18Z</time>
			</trkpt>
			<trkpt lat="59.93488920258522" lon="30.371117753580872">
				<ele>7.870497963391244</ele>
				<time>2023-10-21T10:10:21Z</time>
			</trkpt>
			<trkpt lat="59.934864153553434" lon="30.37110660153121">
				<ele>7.824029775336385</ele>
				<time>2023-10-21T10:10:23Z</time>
			</trkpt>
			<trkpt lat="59.934841634113226" lon="30.371094621737146">
				<ele>6.464306967332959</ele>
				<time>2023-10-21T10:10:25Z</time>
			</trkpt>
			<trkpt lat="59.934835501521384" lon="30.371013230315068">
				<ele>11.324078362435102</ele>
				<time>2023-10-21T10:10:27Z</time>
			</trkpt>
			<trkpt lat="59.934810947341354" lon="30.37099047865597">
				<ele>10.050781778991222</ele>
				<time>2023-10-21T10:10:29Z</time>
			</trkpt>
			<trkpt lat="59.93478522042241" lon="30.37097481457942">
				<ele>10.483903537504375</ele>
				<time>2023-10-21T10:10:31Z</time>
			</trkpt>
			<trkpt lat="59.93476417798836" lon="30.370953667229347">
				<ele>9.588615348562598</ele>
				<time>2023-10-21T10:10:34Z</time>
			</trkpt>
			<trkpt lat="59.93471389494288" lon="30.370837685108828">
				<ele>18.692631598562002</ele>
				<time>2023-10-21T10:10:35Z</time>
			</trkpt>
			<trkpt lat="59.934690306031634" lon="30.370857245490544">
				<ele>14.378517287783325</ele>
				<time>2023-10-21T10:10:38Z</time>
			</trkpt>
			<trkpt lat="59.934666092452545" lon="30.370828857621454">
				<ele>13.923955651931465</ele>
				<time>2023-10-21T10:10:42Z</time>
			</trkpt>
			<trkpt lat="59.93465145864547" lon="30.370855679195014">
				<ele>11.699223658069968</ele>
				<time>2023-10-21T10:10:44Z</time>
			</trkpt>
			<trkpt lat="59.93462939549164" lon="30.37084379677866">
				<ele>13.363187082111835</ele>
				<time>2023-10-21T10:10:46Z</time>
			</trkpt>
			<trkpt lat="59.934619266905436" lon="30.370809721294258">
				<ele>16.056563689373434</ele>
				<time>2023-10-21T10:10:47Z</time>
			</trkpt>
			<trkpt lat="59.93459338135357" lon="30.370805167346866">
				<ele>13.977660028263927</ele>
				<time>2023-10-21T10:10:49Z</time>
			</trkpt>
			<trkpt lat="59.93457447816629" lon="30.370785473336834">
				<ele>13.573286968283355</ele>
				<time>2023-10-21T10:10:50Z</time>
			</trkpt>
			<trkpt lat="59.93456598908298" lon="30.370744021595392">
				<ele>13.961512834765017</ele>
				<time>2023-10-21T10:10:52Z</time>
			</trkpt>
			<trkpt lat="59.93454112479418" lon="30.370716575093272">
				<ele>14.329451591707766</ele>
				<time>2023-10-21T10:10:54Z</time>
			</trkpt>
			<trkpt lat="59.93452521788493" lon="30.370698288710532">
				<ele>16.43624390196055</ele>
				<time>2023-10-21T10:10:55Z</time>
			</trkpt>
			<trkpt lat="59.934507225483436" lon="30.37068543337371">
				<ele>14.045657586306334</ele>
				<time>2023-10-21T10:10:57Z</time>
			</trkpt>
			<trkpt lat="59.934483701849814" lon="30.370673093820443">
				<ele>13.394163334742188</ele>
				<time>2023-10-21T10:10:59Z</time>
			</trkpt>
			<trkpt lat="59.93446043250985" lon="30.370677547760042">
				<ele>12.528803316876292</ele>
				<time>2023-10-21T10:11:01Z</time>
			</trkpt>
			<trkpt lat="59.93444367475273" lon="30.370630990249325">
				<ele>16.477903930470347</ele>
				<time>2023-10-21T10:11:03Z</time>
			</trkpt>
			<trkpt lat="59.93443509007424" lon="30.3705832056697">
				<ele>15.234930660575628</ele>
				<time>2023-10-21T10:11:05Z</time>
			</trkpt>
			<trkpt lat="59.934420784540805" lon="30.370531590626022">
				<ele>16.219964621588588</ele>
				<time>2023-10-21T10:11:07Z</time>
			</trkpt>
			<trkpt lat="59.93438579171421" lon="30.37043634262119">
				<ele>19.24574892874807</ele>
				<time>2023-10-21T10:11:09Z</time>
			</trkpt>
			<trkpt lat="59.93436727190031" lon="30.37037975912624">
				<ele>21.50519835948944</ele>
				<time>2023-10-21T10:11:10Z</time>
			</trkpt>
			<trkpt lat="59.934340731603385" lon="30.37037175596786">
				<ele>22.861752154305577</ele>
				<time>2023-10-21T10:11:12Z</time>
			</trkpt>
			<trkpt lat="59.93432319451234" lon="30.370429792863078">
				<ele>25.56557891704142</ele>
				<time>2023-10-21T10:11:14Z</time>
			</trkpt>
			<trkpt lat="59.93431267780366" lon="30.370479473947288">
				<ele>21.3121823919937</ele>
				<time>2023-10-21T10:11:15Z</time>
			</trkpt>
			<trkpt lat="59.934296669889" lon="30.37052906241588">
				<ele>18.61119930166751</ele>
				<time>2023-10-21T10:11:16Z</time>
			</trkpt>
			<trkpt lat="59.93428981881377" lon="30.370578405179355">
				<ele>16.764425200410187</ele>
				<time>2023-10-21T10:11:17Z</time>
			</trkpt>
			<trkpt lat="59.934285256156805" lon="30.370625670272595">
				<ele>15.35489527694881</ele>
				<time>2023-10-21T10:11:18Z</time>
			</trkpt>
			<trkpt lat="59.93428413877028" lon="30.370679773953434">
				<ele>13.844490135088563</ele>
				<time>2023-10-21T10:11:19Z</time>
			</trkpt>
			<trkpt lat="59.93429517268394" lon="30.370728243383326">
				<ele>13.101888386532664</ele>
				<time>2023-10-21T10:11:21Z</time>
			</trkpt>
			<trkpt lat="59.93429648227038" lon="30.370775605334373">
				<ele>13.331659597344697</ele>
				<time>2023-10-21T10:11:22Z</time>
			</trkpt>
			<trkpt lat="59.93430380525696" lon="30.37083662052834">
				<ele>13.057006078772247</ele>
				<time>2023-10-21T10:11:24Z</time>
			</trkpt>
			<trkpt lat="59.934310417782086" lon="30.37089239591176">
				<ele>12.76558004040271</ele>
				<time>2023-10-21T10:11:26Z</time>
			</trkpt>
			<trkpt lat="59.93431588622981" lon="30.370937635768723">
				<ele>12.203092835843563</ele>
				<time>2023-10-21T10:11:27Z</time>
			</trkpt>
			<trkpt lat="59.93430050578046" lon="30.370992380110263">
				<ele>10.92193566635251</ele>
				<time>2023-10-21T10:11:30Z</time>
			</trkpt>
			<trkpt lat="59.934297694181865" lon="30.37103509267089">
				<ele>12.666568306274712</ele>
				<time>2023-10-21T10:11:32Z</time>
			</trkpt>
			<trkpt lat="59.93429719629336" lon="30.371089737713845">
				<ele>9.135785642080009</ele>
				<time>2023-10-21T10:11:34Z</time>
			</trkpt>
			<trkpt lat="59.93427958917087" lon="30.371131346283807">
				<ele>8.982368939556181</ele>
				<time>2023-10-21T10:11:36Z</time>
			</trkpt>
			<trkpt lat="59.93426399321443" lon="30.371183026775306">
				<ele>9.137378809973598</ele>
				<time>2023-10-21T10:11:38Z</time>
			</trkpt>
			<trkpt lat="59.93426984709752" lon="30.37122983890865">
				<ele>7.806954207830131</ele>
				<time>2023-10-21T10:11:40Z</time>
			</trkpt>
			<trkpt lat="59.93424765193588" lon="30.371270640312343">
				<ele>8.081286608241498</ele>
				<time>2023-10-21T10:11:43Z</time>
			</trkpt>
			<trkpt lat="59.934234769915726" lon="30.371323107620814">
				<ele>7.773181802593172</ele>
				<time>2023-10-21T10:11:45Z</time>
			</trkpt>
			<trkpt lat="59.934229811850024" lon="30.371372350178408">
				<ele>7.319591700099409</ele>
				<time>2023-10-21T10:11:47Z</time>
			</trkpt>
			<trkpt lat="59.93420873574775" lon="30.3714203275096">
				<ele>8.82792903482914</ele>
				<time>2023-10-21T10:11:49Z</time>
			</trkpt>
			<trkpt lat="59.93418991462735" lon="30.371448884689872">
				<ele>8.35757478326559</ele>
				<time>2023-10-21T10:11:51Z</time>
			</trkpt>
			<trkpt lat="59.93417573449405" lon="30.371485546915505">
				<ele>8.129392826929688</ele>
				<time>2023-10-21T10:11:53Z</time>
			</trkpt>
			<trkpt lat="59.934140206679245" lon="30.371510681469644">
				<ele>9.604119781404734</ele>
				<time>2023-10-21T10:11:54Z</time>
			</trkpt>
			<trkpt lat="59.93414469432305" lon="30.37155801797586">
				<ele>13.126028363592923</ele>
				<time>2023-10-21T10:11:56Z</time>
			</trkpt>
			<trkpt lat="59.93412774664951" lon="30.371596354385964">
				<ele>7.52902309037745</ele>
				<time>2023-10-21T10:11:59Z</time>
			</trkpt>
			<trkpt lat="59.934106354577054" lon="30.37161159007624">
				<ele>8.234169529750943</ele>
				<time>2023-10-21T10:12:00Z</time>
			</trkpt>
			<trkpt lat="59.93409788489292" lon="30.37165418539985">
				<ele>8.286648601293564</ele>
				<time>2023-10-21T10:12:02Z</time>
			</trkpt>
			<trkpt lat="59.93409199118191" lon="30.371708972684544">
				<ele>8.414585075341165</ele>
				<time>2023-10-21T10:12:04Z</time>
			</trkpt>
			<trkpt lat="59.93409933953005" lon="30.371754170405083">
				<ele>8.817673545330763</ele>
				<time>2023-10-21T10:12:06Z</time>
			</trkpt>
			<trkpt lat="59.93409409167786" lon="30.371790453810387">
				<ele>6.764796018600464</ele>
				<time>2023-10-21T10:12:08Z</time>
			</trkpt>
			<trkpt lat="59.93407744084124" lon="30.371804281157036">
				<ele>8.648069181479514</ele>
				<time>2023-10-21T10:12:09Z</time>
			</trkpt>
			<trkpt lat="59.93405778798512" lon="30.371835637077563">
				<ele>10.001246471889317</ele>
				<time>2023-10-21T10:12:11Z</time>
			</trkpt>
			<trkpt lat="59.93402087673793" lon="30.37182915201241">
				<ele>11.142754465341568</ele>
				<time>2023-10-21T10:12:12Z</time>
			</trkpt>
			<trkpt lat="59.93400534295674" lon="30.37187625673342">
				<ele>11.00338445417583</ele>
				<time>2023-10-21T10:12:14Z</time>
			</trkpt>
			<trkpt lat="59.93395651837015" lon="30.371846435049886">
				<ele>11.759703500196338</ele>
				<time>2023-10-21T10:12:15Z</time>
			</trkpt>
			<trkpt lat="59.93390780674378" lon="30.371829646083285">
				<ele>13.644385789521039</ele>
				<time>2023-10-21T10:12:16Z</time>
			</trkpt>
			<trkpt lat="59.93392717667492" lon="30.37188159855825">
				<ele>14.650589987635612</ele>
				<time>2023-10-21T10:12:18Z</time>
			</trkpt>
			<trkpt lat="59.93394203500495" lon="30.37191999769623">
				<ele>14.847804949618876</ele>
				<time>2023-10-21T10:12:19Z</time>
			</trkpt>
			<trkpt lat="59.933946370003" lon="30.37196403902812">
				<ele>11.033201515674591</ele>
				<time>2023-10-21T10:12:21Z</time>
			</trkpt>
			<trkpt lat="59.93394624017528" lon="30.372009748296662">
				<ele>7.341346761211753</ele>
				<time>2023-10-21T10:12:23Z</time>
			</trkpt>
			<trkpt lat="59.933927634107704" lon="30.372052476330545">
				<ele>7.072411890141666</ele>
				<time>2023-10-21T10:12:25Z</time>
			</trkpt>
			<trkpt lat="59.93389605730629" lon="30.372088850938518">
				<ele>7.827253732830286</ele>
				<time>2023-10-21T10:12:27Z</time>
			</trkpt>
			<trkpt lat="59.93387066068971" lon="30.372102627014936">
				<ele>8.995467617176473</ele>
				<time>2023-10-21T10:12:28Z</time>
			</trkpt>
			<trkpt lat="59.93384681568928" lon="30.37212164408361">
				<ele>8.285704140551388</ele>
				<time>2023-10-21T10:12:30Z</time>
			</trkpt>
			<trkpt lat="59.933827158338005" lon="30.37215740774877">
				<ele>10.404231059364974</ele>
				<time>2023-10-21T10:12:32Z</time>
			</trkpt>
			<trkpt lat="59.9338062020034" lon="30.372175288151716">
				<ele>8.421703237108886</ele>
				<time>2023-10-21T10:12:34Z</time>
			</trkpt>
			<trkpt lat="59.93378557415077" lon="30.37221909847545">
				<ele>8.658388311043382</ele>
				<time>2023-10-21T10:12:36Z</time>
			</trkpt>
			<trkpt lat="59.93378194399802" lon="30.372264299362868">
				<ele>8.348014987073839</ele>
				<time>2023-10-21T10:12:38Z</time>
			</trkpt>
			<trkpt lat="59.93377158073253" lon="30.37232180025939">
				<ele>8.959665406495333</ele>
				<time>2023-10-21T10:12:40Z</time>
			</trkpt>
			<trkpt lat="59.933763437013845" lon="30.372384226116427">
				<ele>9.007673984393477</ele>
				<time>2023-10-21T10:12:42Z</time>
			</trkpt>
			<trkpt lat="59.93376028333206" lon="30.37242146525426">
				<ele>9.463826917111874</ele>
				<time>2023-10-21T10:12:44Z</time>
			</trkpt>
			<trkpt lat="59.93374739406507" lon="30.372465967505093">
				<ele>10.083552342839539</ele>
				<time>2023-10-21T10:12:46Z</time>
			</trkpt>
			<trkpt lat="59.93375666322745" lon="30.372501766741035">
				<ele>7.659637551754713</ele>
				<time>2023-10-21T10:12:47Z</time>
			</trkpt>
			<trkpt lat="59.9337609008659" lon="30.372539669089345">
				<ele>7.1546311834827065</ele>
				<time>2023-10-21T10:12:49Z</time>
			</trkpt>
			<trkpt lat="59.9337568548577" lon="30.37260685777633">
				<ele>6.679768278263509</ele>
				<time>2023-10-21T10:12:51Z</time>
			</trkpt>
			<trkpt lat="59.93374190411988" lon="30.372638150177313">
				<ele>5.46201525721699</ele>
				<time>2023-10-21T10:12:53Z</time>
			</trkpt>
			<trkpt lat="59.933726131379096" lon="30.37268516719013">
				<ele>7.459355044178665</ele>
				<time>2023-10-21T10:12:55Z</time>
			</trkpt>
			<trkpt lat="59.93371331732857" lon="30.372713032220936">
				<ele>9.45822445768863</ele>
				<time>2023-10-21T10:12:57Z</time>
			</trkpt>
			<trkpt lat="59.93370191955574" lon="30.372761681190124">
				<ele>6.993213535286486</ele>
				<time>2023-10-21T10:13:00Z</time>
			</trkpt>
			<trkpt lat="59.93368967326688" lon="30.372802460147753">
				<ele>7.223059945739806</ele>
				<time>2023-10-21T10:13:02Z</time>
			</trkpt>
			<trkpt lat="59.93367805181995" lon="30.372849245574187">
				<ele>7.572243966162205</ele>
				<time>2023-10-21T10:13:04Z</time>
			</trkpt>
			<trkpt lat="59.93366394768575" lon="30.372876871641683">
				<ele>5.70840806979686</ele>
				<time>2023-10-21T10:13:06Z</time>
			</trkpt>
			<trkpt lat="59.93362465468746" lon="30.372867877213814">
				<ele>6.48984803725034</ele>
				<time>2023-10-21T10:13:07Z</time>
			</trkpt>
			<trkpt lat="59.93361912111201" lon="30.37292396687716">
				<ele>7.41060946136713</ele>
				<time>2023-10-21T10:13:09Z</time>
			</trkpt>
			<trkpt lat="59.93362573064347" lon="30.37295936658534">
				<ele>8.051553988829255</ele>
				<time>2023-10-21T10:13:11Z</time>
			</trkpt>
			<trkpt lat="59.933611821022254" lon="30.372995310769497">
				<ele>9.925312548875809</ele>
				<time>2023-10-21T10:13:13Z</time>
			</trkpt>
			<trkpt lat="59.93360625845975" lon="30.373040060219882">
				<ele>8.647118404507637</ele>
				<time>2023-10-21T10:13:15Z</time>
			</trkpt>
			<trkpt lat="59.93359611918463" lon="30.373081337607363">
				<ele>7.732941022142768</ele>
				<time>2023-10-21T10:13:17Z</time>
			</trkpt>
			<trkpt lat="59.9335863664499" lon="30.373141700915674">
				<ele>8.40398816857487</ele>
				<time>2023-10-21T10:13:20Z</time>
			</trkpt>
			<trkpt lat="59.933575013088884" lon="30.373171945266577">
				<ele>7.800114121288061</ele>
				<time>2023-10-21T10:13:21Z</time>
			</trkpt>
			<trkpt lat="59.933556864705686" lon="30.373205086290874">
				<ele>7.888587351888418</ele>
				<time>2023-10-21T10:13:23Z</time>
			</trkpt>
			<trkpt lat="59.93354769290021" lon="30.373236529406">
				<ele>9.805597515776753</ele>
				<time>2023-10-21T10:13:24Z</time>
			</trkpt>
			<trkpt lat="59.93355388114461" lon="30.373277930370154">
				<ele>7.915874435566366</ele>
				<time>2023-10-21T10:13:27Z</time>
			</trkpt>
			<trkpt lat="59.93353233055622" lon="30.373308970751918">
				<ele>7.891964106820524</ele>
				<time>2023-10-21T10:13:29Z</time>
			</trkpt>
			<trkpt lat="59.93351549816062" lon="30.373342892092506">
				<ele>8.434203650802374</ele>
				<time>2023-10-21T10:13:30Z</time>
			</trkpt>
			<trkpt lat="59.93350200704127" lon="30.3733985986222">
				<ele>8.437062826007605</ele>
				<time>2023-10-21T10:13:32Z</time>
			</trkpt>
			<trkpt lat="59.93348448972216" lon="30.37342983965437">
				<ele>8.962577776052058</ele>
				<time>2023-10-21T10:13:33Z</time>
			</trkpt>
			<trkpt lat="59.933471959975265" lon="30.373456602605454">
				<ele>10.12460938282311</ele>
				<time>2023-10-21T10:13:34Z</time>
			</trkpt>
			<trkpt lat="59.93345429678301" lon="30.373479563758913">
				<ele>4.938793551176786</ele>
				<time>2023-10-21T10:13:37Z</time>
			</trkpt>
			<trkpt lat="59.9334121971332" lon="30.37347408272989">
				<ele>6.597037854604423</ele>
				<time>2023-10-21T10:13:38Z</time>
			</trkpt>
			<trkpt lat="59.93338456538243" lon="30.373490919494387">
				<ele>7.423834950663149</ele>
				<time>2023-10-21T10:13:40Z</time>
			</trkpt>
			<trkpt lat="59.93336500941133" lon="30.37348728838622">
				<ele>11.305989932268858</ele>
				<time>2023-10-21T10:13:41Z</time>
			</trkpt>
			<trkpt lat="59.93331659370069" lon="30.373478607497866">
				<ele>12.254371899180114</ele>
				<time>2023-10-21T10:13:43Z</time>
			</trkpt>
			<trkpt lat="59.93329409192838" lon="30.37344835638772">
				<ele>13.093764853663743</ele>
				<time>2023-10-21T10:13:45Z</time>
			</trkpt>
			<trkpt lat="59.93328605944938" lon="30.3733991194423">
				<ele>13.4054538840428</ele>
				<time>2023-10-21T10:13:47Z</time>
			</trkpt>
			<trkpt lat="59.93326492227648" lon="30.373355336258296">
				<ele>13.694756792858243</ele>
				<time>2023-10-21T10:13:49Z</time>
			</trkpt>
			<trkpt lat="59.93327329703096" lon="30.37330691569702">
				<ele>14.926175938919187</ele>
				<time>2023-10-21T10:13:53Z</time>
			</trkpt>
			<trkpt lat="59.93328851388737" lon="30.373401751858236">
				<ele>10.516141585074365</ele>
				<time>2023-10-21T10:14:02Z</time>
			</trkpt>
			<trkpt lat="59.93329137957003" lon="30.373454895294305">
				<ele>11.54365878738463</ele>
				<time>2023-10-21T10:14:03Z</time>
			</trkpt>
			<trkpt lat="59.933307856170394" lon="30.373501252359244">
				<ele>9.949213715270162</ele>
				<time>2023-10-21T10:14:04Z</time>
			</trkpt>
			<trkpt lat="59.933310653031086" lon="30.373589393943256">
				<ele>13.136017030104995</ele>
				<time>2023-10-21T10:14:05Z</time>
			</trkpt>
			<trkpt lat="59.933295723361695" lon="30.37362400488033">
				<ele>13.117715571075678</ele>
				<time>2023-10-21T10:14:08Z</time>
			</trkpt>
			<trkpt lat="59.93326408289619" lon="30.37361195150479">
				<ele>13.258521028794348</ele>
				<time>2023-10-21T10:14:09Z</time>
			</trkpt>
			<trkpt lat="59.93326728430909" lon="30.373659868470046">
				<ele>13.902196872979403</ele>
				<time>2023-10-21T10:14:11Z</time>
			</trkpt>
			<trkpt lat="59.933277274074904" lon="30.373735962906192">
				<ele>16.349713032133877</ele>
				<time>2023-10-21T10:14:12Z</time>
			</trkpt>
			<trkpt lat="59.93328879489513" lon="30.37381437212061">
				<ele>14.517282476648688</ele>
				<time>2023-10-21T10:14:13Z</time>
			</trkpt>
			<trkpt lat="59.93329031154381" lon="30.373869702861843">
				<ele>13.638220987282693</ele>
				<time>2023-10-21T10:14:15Z</time>
			</trkpt>
			<trkpt lat="59.93329191028638" lon="30.37390884325626">
				<ele>13.196514756418765</ele>
				<time>2023-10-21T10:14:16Z</time>
			</trkpt>
			<trkpt lat="59.93327220563842" lon="30.37394698310902">
				<ele>13.472422289662063</ele>
				<time>2023-10-21T10:14:18Z</time>
			</trkpt>
			<trkpt lat="59.93326338666679" lon="30.373979450931074">
				<ele>14.383039970882237</ele>
				<time>2023-10-21T10:14:20Z</time>
			</trkpt>
			<trkpt lat="59.93323915859866" lon="30.374000566485194">
				<ele>14.808012009598315</ele>
				<time>2023-10-21T10:14:22Z</time>
			</trkpt>
			<trkpt lat="59.93323501994612" lon="30.374053522020862">
				<ele>15.238517657853663</ele>
				<time>2023-10-21T10:14:24Z</time>
			</trkpt>
			<trkpt lat="59.93320318829945" lon="30.374086716799063">
				<ele>15.454871703870595</ele>
				<time>2023-10-21T10:14:26Z</time>
			</trkpt>
			<trkpt lat="59.93318911008396" lon="30.37411769100998">
				<ele>15.533952072262764</ele>
				<time>2023-10-21T10:14:28Z</time>
			</trkpt>
			<trkpt lat="59.933171292230924" lon="30.374134024557552">
				<ele>13.08564704284072</ele>
				<time>2023-10-21T10:14:30Z</time>
			</trkpt>
			<trkpt lat="59.9331543854319" lon="30.374163828116547">
				<ele>10.937479701824486</ele>
				<time>2023-10-21T10:14:33Z</time>
			</trkpt>
			<trkpt lat="59.93312998679968" lon="30.37417696606923">
				<ele>16.84464744385332</ele>
				<time>2023-10-21T10:14:35Z</time>
			</trkpt>
			<trkpt lat="59.933108242355864" lon="30.37417017248395">
				<ele>15.570123084820807</ele>
				<time>2023-10-21T10:14:36Z</time>
			</trkpt>
			<trkpt lat="59.93308228118289" lon="30.374152097508606">
				<ele>15.83325336780399</ele>
				<time>2023-10-21T10:14:37Z</time>
			</trkpt>
			<trkpt lat="59.9331064770349" lon="30.374197578031392">
				<ele>16.48153916373849</ele>
				<time>2023-10-21T10:14:38Z</time>
			</trkpt>
			<trkpt lat="59.933085840494996" lon="30.3741979535021">
				<ele>15.367675023153424</ele>
				<time>2023-10-21T10:14:39Z</time>
			</trkpt>
			<trkpt lat="59.93309450346655" lon="30.374235516419823">
				<ele>14.088811260648072</ele>
				<time>2023-10-21T10:14:41Z</time>
			</trkpt>
			<trkpt lat="59.933080380294385" lon="30.374285534254867">
				<ele>16.540460675023496</ele>
				<time>2023-10-21T10:14:43Z</time>
			</trkpt>
			<trkpt lat="59.93306899117047" lon="30.374319432043645">
				<ele>14.933417583815753</ele>
				<time>2023-10-21T10:14:45Z</time>
			</trkpt>
			<trkpt lat="59.93305749691946" lon="30.374347862985562">
				<ele>11.751209482550621</ele>
				<time>2023-10-21T10:14:48Z</time>
			</trkpt>
			<trkpt lat="59.93303892119867" lon="30.374364259759844">
				<ele>12.22211052570492</ele>
				<time>2023-10-21T10:14:49Z</time>
			</trkpt>
			<trkpt lat="59.933032604079614" lon="30.374411128328568">
				<ele>12.453228749334812</ele>
				<time>2023-10-21T10:14:51Z</time>
			</trkpt>
			<trkpt lat="59.933044823690764" lon="30.37448185495005">
				<ele>14.76340410951525</ele>
				<time>2023-10-21T10:14:53Z</time>
			</trkpt>
			<trkpt lat="59.93303003799396" lon="30.37453862280035">
				<ele>14.333425417542458</ele>
				<time>2023-10-21T10:14:55Z</time>
			</trkpt>
			<trkpt lat="59.93301419049293" lon="30.374566573067714">
				<ele>14.954402069561183</ele>
				<time>2023-10-21T10:14:56Z</time>
			</trkpt>
			<trkpt lat="59.933017034316805" lon="30.374603917437934">
				<ele>15.061551982536912</ele>
				<time>2023-10-21T10:14:57Z</time>
			</trkpt>
			<trkpt lat="59.93302066020688" lon="30.374664678425322">
				<ele>14.755269425921142</ele>
				<time>2023-10-21T10:14:58Z</time>
			</trkpt>
			<trkpt lat="59.932993012935206" lon="30.37471326477395">
				<ele>15.097718151286244</ele>
				<time>2023-10-21T10:15:01Z</time>
			</trkpt>
			<trkpt lat="59.93297607795366" lon="30.37474501759062">
				<ele>15.52478813752532</ele>
				<time>2023-10-21T10:15:02Z</time>
			</trkpt>
			<trkpt lat="59.93295740553051" lon="30.37478000080092">
				<ele>17.398512240499258</ele>
				<time>2023-10-21T10:15:03Z</time>
			</trkpt>
			<trkpt lat="59.93293238265674" lon="30.374784372359066">
				<ele>18.818773202598095</ele>
				<time>2023-10-21T10:15:04Z</time>
			</trkpt>
			<trkpt lat="59.93291393038729" lon="30.37481284664264">
				<ele>19.468227774836123</ele>
				<time>2023-10-21T10:15:05Z</time>
			</trkpt>
			<trkpt lat="59.93289279955516" lon="30.37483292901626">
				<ele>18.708837033249438</ele>
				<time>2023-10-21T10:15:06Z</time>
			</trkpt>
			<trkpt lat="59.932865254431164" lon="30.374881098316695">
				<ele>20.80631633102894</ele>
				<time>2023-10-21T10:15:08Z</time>
			</trkpt>
			<trkpt lat="59.93284534336481" lon="30.374895049279488">
				<ele>21.15507978759706</ele>
				<time>2023-10-21T10:15:09Z</time>
			</trkpt>
			<trkpt lat="59.93281496373877" lon="30.37492928606685">
				<ele>21.516830033622682</ele>
				<time>2023-10-21T10:15:11Z</time>
			</trkpt>
			<trkpt lat="59.932804225486116" lon="30.374962058994864">
				<ele>22.17176868673414</ele>
				<time>2023-10-21T10:15:12Z</time>
			</trkpt>
			<trkpt lat="59.932786190595934" lon="30.3750218623938">
				<ele>23.03031815867871</ele>
				<time>2023-10-21T10:15:14Z</time>
			</trkpt>
			<trkpt lat="59.93277973447097" lon="30.375056753093645">
				<ele>22.778174257837236</ele>
				<time>2023-10-21T10:15:15Z</time>
			</trkpt>
			<trkpt lat="59.932765278548935" lon="30.375093788153002">
				<ele>20.756385347805917</ele>
				<time>2023-10-21T10:15:18Z</time>
			</trkpt>
			<trkpt lat="59.932759755381376" lon="30.375133542062905">
				<ele>22.75222358200699</ele>
				<time>2023-10-21T10:15:20Z</time>
			</trkpt>
			<trkpt lat="59.93274084029954" lon="30.37517259127575">
				<ele>21.410644963383675</ele>
				<time>2023-10-21T10:15:23Z</time>
			</trkpt>
			<trkpt lat="59.9327274753209" lon="30.375207823282924">
				<ele>20.948397661559284</ele>
				<time>2023-10-21T10:15:25Z</time>
			</trkpt>
			<trkpt lat="59.93271962092091" lon="30.375261870315445">
				<ele>22.14657636359334</ele>
				<time>2023-10-21T10:15:26Z</time>
			</trkpt>
			<trkpt lat="59.93271299213805" lon="30.375296879186703">
				<ele>22.26756402105093</ele>
				<time>2023-10-21T10:15:28Z</time>
			</trkpt>
			<trkpt lat="59.93269411277801" lon="30.37529102127502">
				<ele>17.85243791528046</ele>
				<time>2023-10-21T10:15:31Z</time>
			</trkpt>
			<trkpt lat="59.932686094589094" lon="30.375327010477886">
				<ele>19.754627604037523</ele>
				<time>2023-10-21T10:15:33Z</time>
			</trkpt>
			<trkpt lat="59.9326669927716" lon="30.375370930572693">
				<ele>18.68072411417961</ele>
				<time>2023-10-21T10:15:35Z</time>
			</trkpt>
			<trkpt lat="59.93264673684871" lon="30.375386269667132">
				<ele>15.319108393974602</ele>
				<time>2023-10-21T10:15:37Z</time>
			</trkpt>
			<trkpt lat="59.932627354625744" lon="30.375425635271622">
				<ele>15.350295883603394</ele>
				<time>2023-10-21T10:15:39Z</time>
			</trkpt>
			<trkpt lat="59.932607378519066" lon="30.375473041488448">
				<ele>12.913073617964983</ele>
				<time>2023-10-21T10:15:42Z</time>
			</trkpt>
			<trkpt lat="59.93259085481725" lon="30.375499295601898">
				<ele>11.74793364200741</ele>
				<time>2023-10-21T10:15:44Z</time>
			</trkpt>
			<trkpt lat="59.93257648619156" lon="30.37553670956876">
				<ele>11.568391184322536</ele>
				<time>2023-10-21T10:15:46Z</time>
			</trkpt>
			<trkpt lat="59.93256755333817" lon="30.375573542815538">
				<ele>11.729840269312263</ele>
				<time>2023-10-21T10:15:47Z</time>
			</trkpt>
			<trkpt lat="59.93255094990999" lon="30.37560024661285">
				<ele>10.858491824008524</ele>
				<time>2023-10-21T10:15:50Z</time>
			</trkpt>
			<trkpt lat="59.93252735715113" lon="30.37563397845035">
				<ele>10.426871352829039</ele>
				<time>2023-10-21T10:15:53Z</time>
			</trkpt>
			<trkpt lat="59.932517391881284" lon="30.375666781686036">
				<ele>9.676396511495113</ele>
				<time>2023-10-21T10:15:54Z</time>
			</trkpt>
			<trkpt lat="59.93252128740662" lon="30.375720746420527">
				<ele>11.021649601869285</ele>
				<time>2023-10-21T10:15:55Z</time>
			</trkpt>
			<trkpt lat="59.93251568449806" lon="30.37578337112171">
				<ele>12.120797242969275</ele>
				<time>2023-10-21T10:15:57Z</time>
			</trkpt>
			<trkpt lat="59.932510153411066" lon="30.375837453492164">
				<ele>13.59402625169605</ele>
				<time>2023-10-21T10:15:59Z</time>
			</trkpt>
			<trkpt lat="59.9324953246692" lon="30.375870075936767">
				<ele>12.499590830877423</ele>
				<time>2023-10-21T10:16:01Z</time>
			</trkpt>
			<trkpt lat="59.93247642024484" lon="30.375901218872066">
				<ele>11.92348525300622</ele>
				<time>2023-10-21T10:16:03Z</time>
			</trkpt>
			<trkpt lat="59.932455855500265" lon="30.375934000552352">
				<ele>11.895898093469441</ele>
				<time>2023-10-21T10:16:05Z</time>
			</trkpt>
			<trkpt lat="59.9324367319914" lon="30.37596365913223">
				<ele>11.47331453859806</ele>
				<time>2023-10-21T10:16:07Z</time>
			</trkpt>
			<trkpt lat="59.93242060776197" lon="30.375986922813368">
				<ele>11.736583080142736</ele>
				<time>2023-10-21T10:16:08Z</time>
			</trkpt>
			<trkpt lat="59.9324023506593" lon="30.37600984735397">
				<ele>11.796102669090033</ele>
				<time>2023-10-21T10:16:10Z</time>
			</trkpt>
			<trkpt lat="59.93237184024794" lon="30.375991062286424">
				<ele>11.839811415411532</ele>
				<time>2023-10-21T10:16:12Z</time>
			</trkpt>
			<trkpt lat="59.93234415600651" lon="30.375959774756442">
				<ele>12.7995092459023</ele>
				<time>2023-10-21T10:16:13Z</time>
			</trkpt>
			<trkpt lat="59.93232090939875" lon="30.375898057724314">
				<ele>9.733832821249962</ele>
				<time>2023-10-21T10:16:15Z</time>
			</trkpt>
			<trkpt lat="59.93231345028189" lon="30.3758627913175">
				<ele>8.467483959160745</ele>
				<time>2023-10-21T10:16:16Z</time>
			</trkpt>
			<trkpt lat="59.93230195030356" lon="30.375822700736755">
				<ele>7.972825091332197</ele>
				<time>2023-10-21T10:16:18Z</time>
			</trkpt>
			<trkpt lat="59.932297753606285" lon="30.375786795495404">
				<ele>7.393018713220954</ele>
				<time>2023-10-21T10:16:19Z</time>
			</trkpt>
			<trkpt lat="59.932281949801066" lon="30.375737077118497">
				<ele>6.4127319529652596</ele>
				<time>2023-10-21T10:16:21Z</time>
			</trkpt>
			<trkpt lat="59.93227394521099" lon="30.37569990697737">
				<ele>6.76926610711962</ele>
				<time>2023-10-21T10:16:23Z</time>
			</trkpt>
			<trkpt lat="59.93224575550384" lon="30.37566454795739">
				<ele>5.417356489226222</ele>
				<time>2023-10-21T10:16:25Z</time>
			</trkpt>
			<trkpt lat="59.93222542817355" lon="30.375670208066133">
				<ele>4.319463291205466</ele>
				<time>2023-10-21T10:16:26Z</time>
			</trkpt>
			<trkpt lat="59.932206439160346" lon="30.375641394083463">
				<ele>3.561720992438495</ele>
				<time>2023-10-21T10:16:27Z</time>
			</trkpt>
			<trkpt lat="59.93218637032617" lon="30.375631732612916">
				<ele>3.1036983458325267</ele>
				<time>2023-10-21T10:16:29Z</time>
			</trkpt>
			<trkpt lat="59.93215959714281" lon="30.37562463842022">
				<ele>3.612461590208113</ele>
				<time>2023-10-21T10:16:30Z</time>
			</trkpt>
			<trkpt lat="59.93215098797348" lon="30.375580804700178">
				<ele>0.9471308030188084</ele>
				<time>2023-10-21T10:16:32Z</time>
			</trkpt>
			<trkpt lat="59.932137491336604" lon="30.375548897034893">
				<ele>0.7343016695231199</ele>
				<time>2023-10-21T10:16:34Z</time>
			</trkpt>
			<trkpt lat="59.93211029624337" lon="30.375533258631876">
				<ele>2.236620707437396</ele>
				<time>2023-10-21T10:16:36Z</time>
			</trkpt>
			<trkpt lat="59.93209164314346" lon="30.37553294421199">
				<ele>1.2630726918578148</ele>
				<time>2023-10-21T10:16:38Z</time>
			</trkpt>
			<trkpt lat="59.93207345629356" lon="30.375480991914475">
				<ele>-0.959164384752512</ele>
				<time>2023-10-21T10:16:40Z</time>
			</trkpt>
			<trkpt lat="59.932048748532345" lon="30.375458224034407">
				<ele>-1.4549032468348742</ele>
				<time>2023-10-21T10:16:42Z</time>
			</trkpt>
			<trkpt lat="59.932017944960656" lon="30.37541042520095">
				<ele>-1.7405324066057801</ele>
				<time>2023-10-21T10:16:44Z</time>
			</trkpt>
			<trkpt lat="59.93200144040297" lon="30.375376756770855">
				<ele>-2.2424404928460717</ele>
				<time>2023-10-21T10:16:46Z</time>
			</trkpt>
			<trkpt lat="59.93198764090597" lon="30.375351641815122">
				<ele>-2.3185358084738255</ele>
				<time>2023-10-21T10:16:48Z</time>
			</trkpt>
			<trkpt lat="59.93196683411548" lon="30.37531138752766">
				<ele>-4.107693461701274</ele>
				<time>2023-10-21T10:16:50Z</time>
			</trkpt>
			<trkpt lat="59.93194990732291" lon="30.37529754685836">
				<ele>-3.7002885416150093</ele>
				<time>2023-10-21T10:16:51Z</time>
			</trkpt>
			<trkpt lat="59.93192637895354" lon="30.375273482966325">
				<ele>-3.844973227009177</ele>
				<time>2023-10-21T10:16:53Z</time>
			</trkpt>
			<trkpt lat="59.93191184547723" lon="30.375249783716807">
				<ele>-4.5206125639379025</ele>
				<time>2023-10-21T10:16:55Z</time>
			</trkpt>
			<trkpt lat="59.931890654766256" lon="30.37523749393744">
				<ele>-4.226244403980672</ele>
				<time>2023-10-21T10:16:57Z</time>
			</trkpt>
			<trkpt lat="59.931874681001545" lon="30.375209873531684">
				<ele>-3.510953784920275</ele>
				<time>2023-10-21T10:16:58Z</time>
			</trkpt>
			<trkpt lat="59.93184565866293" lon="30.37517022015646">
				<ele>-3.6333550605922937</ele>
				<time>2023-10-21T10:17:00Z</time>
			</trkpt>
			<trkpt lat="59.931822263495334" lon="30.375127824710113">
				<ele>-5.254282832145691</ele>
				<time>2023-10-21T10:17:02Z</time>
			</trkpt>
			<trkpt lat="59.93179211218113" lon="30.37509429736595">
				<ele>-4.774389494210482</ele>
				<time>2023-10-21T10:17:04Z</time>
			</trkpt>
			<trkpt lat="59.93177731944613" lon="30.37506881660258">
				<ele>-4.48572567012161</ele>
				<time>2023-10-21T10:17:06Z</time>
			</trkpt>
			<trkpt lat="59.931758694817184" lon="30.375052009287952">
				<ele>-4.4467946626245975</ele>
				<time>2023-10-21T10:17:09Z</time>
			</trkpt>
			<trkpt lat="59.93174047427934" lon="30.37502271122933">
				<ele>-6.185137588530779</ele>
				<time>2023-10-21T10:17:11Z</time>
			</trkpt>
			<trkpt lat="59.93172251072463" lon="30.375051130074368">
				<ele>-5.194230067543685</ele>
				<time>2023-10-21T10:17:12Z</time>
			</trkpt>
			<trkpt lat="59.93169636725285" lon="30.375016612720742">
				<ele>-1.5083359349519014</ele>
				<time>2023-10-21T10:17:15Z</time>
			</trkpt>
			<trkpt lat="59.93171448762302" lon="30.374977105478063">
				<ele>-0.3053469341248274</ele>
				<time>2023-10-21T10:17:16Z</time>
			</trkpt>
			<trkpt lat="59.93169338874988" lon="30.374911401710452">
				<ele>0.6189201837405562</ele>
				<time>2023-10-21T10:17:18Z</time>
			</trkpt>
			<trkpt lat="59.93172143129652" lon="30.374882395530083">
				<ele>1.9996552048251033</ele>
				<time>2023-10-21T10:17:19Z</time>
			</trkpt>
			<trkpt lat="59.93167706356563" lon="30.374787813277866">
				<ele>7.589299906045198</ele>
				<time>2023-10-21T10:17:21Z</time>
			</trkpt>
			<trkpt lat="59.93164854147743" lon="30.374748410846003">
				<ele>8.30261744465679</ele>
				<time>2023-10-21T10:17:22Z</time>
			</trkpt>
			<trkpt lat="59.93164229859686" lon="30.37468068334762">
				<ele>8.28140324447304</ele>
				<time>2023-10-21T10:17:24Z</time>
			</trkpt>
			<trkpt lat="59.93165610045925" lon="30.3746509139395">
				<ele>8.835430788807571</ele>
				<time>2023-10-21T10:17:25Z</time>
			</trkpt>
			<trkpt lat="59.93164408422797" lon="30.374604675951982">
				<ele>9.876541032455862</ele>
				<time>2023-10-21T10:17:26Z</time>
			</trkpt>
			<trkpt lat="59.93163361084324" lon="30.3745699997719">
				<ele>10.256638197228312</ele>
				<time>2023-10-21T10:17:27Z</time>
			</trkpt>
			<trkpt lat="59.93163351000474" lon="30.37449829157899">
				<ele>10.708763057366014</ele>
				<time>2023-10-21T10:17:29Z</time>
			</trkpt>
			<trkpt lat="59.93163692994698" lon="30.37445674560035">
				<ele>11.36796488519758</ele>
				<time>2023-10-21T10:17:30Z</time>
			</trkpt>
			<trkpt lat="59.93164494648916" lon="30.374415735349135">
				<ele>15.402928550727665</ele>
				<time>2023-10-21T10:17:32Z</time>
			</trkpt>
			<trkpt lat="59.93165853024899" lon="30.374371597819483">
				<ele>13.20318101439625</ele>
				<time>2023-10-21T10:17:34Z</time>
			</trkpt>
			<trkpt lat="59.931676859390784" lon="30.374334067949025">
				<ele>12.082226703874767</ele>
				<time>2023-10-21T10:17:36Z</time>
			</trkpt>
			<trkpt lat="59.93168132523228" lon="30.374296420022972">
				<ele>12.790248589590192</ele>
				<time>2023-10-21T10:17:37Z</time>
			</trkpt>
			<trkpt lat="59.93169900275617" lon="30.374253736506493">
				<ele>14.193127906881273</ele>
				<time>2023-10-21T10:17:39Z</time>
			</trkpt>
			<trkpt lat="59.931713178513455" lon="30.374210008836407">
				<ele>13.71031949762255</ele>
				<time>2023-10-21T10:17:41Z</time>
			</trkpt>
			<trkpt lat="59.93172749182166" lon="30.37417717575272">
				<ele>15.348763984628022</ele>
				<time>2023-10-21T10:17:43Z</time>
			</trkpt>
			<trkpt lat="59.93174700322176" lon="30.374144516425492">
				<ele>16.865026180632412</ele>
				<time>2023-10-21T10:17:45Z</time>
			</trkpt>
			<trkpt lat="59.93175645940959" lon="30.37411115341031">
				<ele>14.783070474863052</ele>
				<time>2023-10-21T10:17:47Z</time>
			</trkpt>
			<trkpt lat="59.93177414910535" lon="30.374066952644778">
				<ele>15.157030464150012</ele>
				<time>2023-10-21T10:17:49Z</time>
			</trkpt>
			<trkpt lat="59.93179890968306" lon="30.37404331230362">
				<ele>15.700154334306717</ele>
				<time>2023-10-21T10:17:51Z</time>
			</trkpt>
			<trkpt lat="59.93181949795145" lon="30.37404520886148">
				<ele>15.867037257179618</ele>
				<time>2023-10-21T10:17:52Z</time>
			</trkpt>
			<trkpt lat="59.93183746811766" lon="30.3739904785849">
				<ele>19.439663449302316</ele>
				<time>2023-10-21T10:17:54Z</time>
			</trkpt>
			<trkpt lat="59.931844182858995" lon="30.37395469201471">
				<ele>16.289205415174365</ele>
				<time>2023-10-21T10:17:56Z</time>
			</trkpt>
			<trkpt lat="59.93183740742876" lon="30.37390709431039">
				<ele>16.35220364201814</ele>
				<time>2023-10-21T10:17:58Z</time>
			</trkpt>
			<trkpt lat="59.931850567916015" lon="30.373851923056165">
				<ele>15.045917731709778</ele>
				<time>2023-10-21T10:18:01Z</time>
			</trkpt>
			<trkpt lat="59.931874763192866" lon="30.373825079726345">
				<ele>18.847170086577535</ele>
				<time>2023-10-21T10:18:02Z</time>
			</trkpt>
			<trkpt lat="59.93189008849166" lon="30.373791355687565">
				<ele>17.914265633560717</ele>
				<time>2023-10-21T10:18:04Z</time>
			</trkpt>
			<trkpt lat="59.931906715645226" lon="30.373762634077288">
				<ele>18.638318737968802</ele>
				<time>2023-10-21T10:18:05Z</time>
			</trkpt>
			<trkpt lat="59.93191917789605" lon="30.373732032441428">
				<ele>19.270645270124078</ele>
				<time>2023-10-21T10:18:07Z</time>
			</trkpt>
			<trkpt lat="59.9319362118636" lon="30.373686492175267">
				<ele>20.831868497654796</ele>
				<time>2023-10-21T10:18:09Z</time>
			</trkpt>
			<trkpt lat="59.93195996164576" lon="30.373674232902147">
				<ele>22.078446947038174</ele>
				<time>2023-10-21T10:18:10Z</time>
			</trkpt>
			<trkpt lat="59.931982355546374" lon="30.373646360858523">
				<ele>22.91122973151505</ele>
				<time>2023-10-21T10:18:12Z</time>
			</trkpt>
			<trkpt lat="59.93199057855822" lon="30.37361277554157">
				<ele>20.275711262598634</ele>
				<time>2023-10-21T10:18:14Z</time>
			</trkpt>
			<trkpt lat="59.931981220452876" lon="30.373564922252047">
				<ele>20.531185638159513</ele>
				<time>2023-10-21T10:18:16Z</time>
			</trkpt>
			<trkpt lat="59.932013040219864" lon="30.37355491810578">
				<ele>20.808625801466405</ele>
				<time>2023-10-21T10:18:18Z</time>
			</trkpt>
			<trkpt lat="59.93201498046344" lon="30.373514235985226">
				<ele>19.33935792837292</ele>
				<time>2023-10-21T10:18:20Z</time>
			</trkpt>
			<trkpt lat="59.93204051861421" lon="30.373494663846255">
				<ele>19.38810079265386</ele>
				<time>2023-10-21T10:18:22Z</time>
			</trkpt>
			<trkpt lat="59.93206877530206" lon="30.37346719011083">
				<ele>22.19579839706421</ele>
				<time>2023-10-21T10:18:23Z</time>
			</trkpt>
			<trkpt lat="59.93204958640171" lon="30.373430371125206">
				<ele>20.33241717237979</ele>
				<time>2023-10-21T10:18:24Z</time>
			</trkpt>
			<trkpt lat="59.93205543709426" lon="30.373386482372755">
				<ele>19.516416122205555</ele>
				<time>2023-10-21T10:18:26Z</time>
			</trkpt>
			<trkpt lat="59.93207853779789" lon="30.373361154828824">
				<ele>21.269192076288164</ele>
				<time>2023-10-21T10:18:28Z</time>
			</trkpt>
			<trkpt lat="59.93207570774438" lon="30.373313806963136">
				<ele>19.01756897289306</ele>
				<time>2023-10-21T10:18:30Z</time>
			</trkpt>
			<trkpt lat="59.93207524419688" lon="30.373263575668993">
				<ele>17.58561895508319</ele>
				<time>2023-10-21T10:18:32Z</time>
			</trkpt>
			<trkpt lat="59.93210022122055" lon="30.37324579579711">
				<ele>21.05339253693819</ele>
				<time>2023-10-21T10:18:33Z</time>
			</trkpt>
			<trkpt lat="59.9321073997592" lon="30.373201201518036">
				<ele>21.133636197075248</ele>
				<time>2023-10-21T10:18:35Z</time>
			</trkpt>
			<trkpt lat="59.93212599180859" lon="30.373177319175404">
				<ele>21.324935377575457</ele>
				<time>2023-10-21T10:18:36Z</time>
			</trkpt>
			<trkpt lat="59.93213459215945" lon="30.37314117633851">
				<ele>18.824927505105734</ele>
				<time>2023-10-21T10:18:38Z</time>
			</trkpt>
			<trkpt lat="59.9321715267791" lon="30.373122122362144">
				<ele>21.881763108074665</ele>
				<time>2023-10-21T10:18:40Z</time>
			</trkpt>
			<trkpt lat="59.932181845692035" lon="30.373090305138113">
				<ele>22.426404988393188</ele>
				<time>2023-10-21T10:18:41Z</time>
			</trkpt>
			<trkpt lat="59.93217898691375" lon="30.373048711603694">
				<ele>18.940918564796448</ele>
				<time>2023-10-21T10:18:43Z</time>
			</trkpt>
			<trkpt lat="59.93219820194977" lon="30.373035141004767">
				<ele>21.365680114366114</ele>
				<time>2023-10-21T10:18:44Z</time>
			</trkpt>
			<trkpt lat="59.932233240210415" lon="30.373011753218297">
				<ele>24.700170787982643</ele>
				<time>2023-10-21T10:18:45Z</time>
			</trkpt>
			<trkpt lat="59.93224170563049" lon="30.37295500566098">
				<ele>25.853383226320148</ele>
				<time>2023-10-21T10:18:47Z</time>
			</trkpt>
			<trkpt lat="59.932267002360234" lon="30.37293764637204">
				<ele>27.3223164556548</ele>
				<time>2023-10-21T10:18:48Z</time>
			</trkpt>
			<trkpt lat="59.93228081048833" lon="30.372898056977043">
				<ele>27.54299326427281</ele>
				<time>2023-10-21T10:18:50Z</time>
			</trkpt>
			<trkpt lat="59.932307324926114" lon="30.37286048316981">
				<ele>28.048054460436106</ele>
				<time>2023-10-21T10:18:52Z</time>
			</trkpt>
			<trkpt lat="59.932332869699216" lon="30.372820207504272">
				<ele>30.42698235437274</ele>
				<time>2023-10-21T10:18:54Z</time>
			</trkpt>
			<trkpt lat="59.93235056623282" lon="30.372782067571706">
				<ele>27.451823121868074</ele>
				<time>2023-10-21T10:18:56Z</time>
			</trkpt>
			<trkpt lat="59.932368250530665" lon="30.372735781601538">
				<ele>27.104915984906256</ele>
				<time>2023-10-21T10:18:58Z</time>
			</trkpt>
			<trkpt lat="59.93238446609062" lon="30.372692935795662">
				<ele>27.41126838605851</ele>
				<time>2023-10-21T10:19:00Z</time>
			</trkpt>
			<trkpt lat="59.93242883711995" lon="30.372662659323254">
				<ele>27.32578028459102</ele>
				<time>2023-10-21T10:19:02Z</time>
			</trkpt>
			<trkpt lat="59.93242507842306" lon="30.372626942071296">
				<ele>23.795813879929483</ele>
				<time>2023-10-21T10:19:05Z</time>
			</trkpt>
			<trkpt lat="59.93244710060904" lon="30.372602254182215">
				<ele>30.170082530006766</ele>
				<time>2023-10-21T10:19:07Z</time>
			</trkpt>
			<trkpt lat="59.932468275754076" lon="30.372570694582855">
				<ele>27.899387874640524</ele>
				<time>2023-10-21T10:19:09Z</time>
			</trkpt>
			<trkpt lat="59.93249372866124" lon="30.37254473022149">
				<ele>28.312909015454352</ele>
				<time>2023-10-21T10:19:11Z</time>
			</trkpt>
			<trkpt lat="59.93252663039113" lon="30.372517831725574">
				<ele>27.30267787259072</ele>
				<time>2023-10-21T10:19:13Z</time>
			</trkpt>
			<trkpt lat="59.93253405736354" lon="30.372477837383272">
				<ele>28.10471477545798</ele>
				<time>2023-10-21T10:19:15Z</time>
			</trkpt>
			<trkpt lat="59.93253096003658" lon="30.372428490447728">
				<ele>31.80897121038288</ele>
				<time>2023-10-21T10:19:17Z</time>
			</trkpt>
			<trkpt lat="59.93255030599827" lon="30.372427042504327">
				<ele>28.761460160836577</ele>
				<time>2023-10-21T10:19:18Z</time>
			</trkpt>
			<trkpt lat="59.932570756865104" lon="30.37239553801877">
				<ele>26.923876269720495</ele>
				<time>2023-10-21T10:19:19Z</time>
			</trkpt>
			<trkpt lat="59.93257762068558" lon="30.37241541344755">
				<ele>24.15048690326512</ele>
				<time>2023-10-21T10:19:21Z</time>
			</trkpt>
			<trkpt lat="59.9325511019721" lon="30.372352435800856">
				<ele>21.98014660924673</ele>
				<time>2023-10-21T10:19:23Z</time>
			</trkpt>
			<trkpt lat="59.93250652788843" lon="30.372318816833843">
				<ele>21.954301993362606</ele>
				<time>2023-10-21T10:19:24Z</time>
			</trkpt>
			<trkpt lat="59.93247724135439" lon="30.372333082445717">
				<ele>18.682858841493726</ele>
				<time>2023-10-21T10:19:25Z</time>
			</trkpt>
			<trkpt lat="59.932460072149134" lon="30.37234684159963">
				<ele>16.117877572774887</ele>
				<time>2023-10-21T10:19:27Z</time>
			</trkpt>
			<trkpt lat="59.932440472017674" lon="30.372338571181377">
				<ele>16.254348476417363</ele>
				<time>2023-10-21T10:19:28Z</time>
			</trkpt>
			<trkpt lat="59.93240794205657" lon="30.372323200760007">
				<ele>14.84408200532198</ele>
				<time>2023-10-21T10:19:31Z</time>
			</trkpt>
			<trkpt lat="59.9324303911221" lon="30.372259193715184">
				<ele>14.769270935095847</ele>
				<time>2023-10-21T10:19:35Z</time>
			</trkpt>
			<trkpt lat="59.93244601602122" lon="30.37223225902819">
				<ele>13.520279471762478</ele>
				<time>2023-10-21T10:19:37Z</time>
			</trkpt>
			<trkpt lat="59.932460803831525" lon="30.37219792470042">
				<ele>12.058708571828902</ele>
				<time>2023-10-21T10:19:39Z</time>
			</trkpt>
			<trkpt lat="59.93247566867511" lon="30.37217121918504">
				<ele>11.815717316232622</ele>
				<time>2023-10-21T10:19:40Z</time>
			</trkpt>
			<trkpt lat="59.93249852211137" lon="30.372180972634176">
				<ele>10.479482986964285</ele>
				<time>2023-10-21T10:19:42Z</time>
			</trkpt>
			<trkpt lat="59.932525348274616" lon="30.372159360958467">
				<ele>13.032209165394306</ele>
				<time>2023-10-21T10:19:43Z</time>
			</trkpt>
			<trkpt lat="59.93254416106026" lon="30.372145263211017">
				<ele>9.237799352966249</ele>
				<time>2023-10-21T10:19:45Z</time>
			</trkpt>
			<trkpt lat="59.93256212653767" lon="30.372126424866437">
				<ele>9.179583540186286</ele>
				<time>2023-10-21T10:19:46Z</time>
			</trkpt>
			<trkpt lat="59.93258957306987" lon="30.37212918552448">
				<ele>9.62410403508693</ele>
				<time>2023-10-21T10:19:47Z</time>
			</trkpt>
			<trkpt lat="59.932619814564035" lon="30.37210657117847">
				<ele>9.485419105738401</ele>
				<time>2023-10-21T10:19:49Z</time>
			</trkpt>
			<trkpt lat="59.93265471193752" lon="30.372090824724058">
				<ele>8.543442907743156</ele>
				<time>2023-10-21T10:19:51Z</time>
			</trkpt>
			<trkpt lat="59.93267837687805" lon="30.372087742081384">
				<ele>13.360027168877423</ele>
				<time>2023-10-21T10:19:52Z</time>
			</trkpt>
			<trkpt lat="59.9327089696878" lon="30.372071277193026">
				<ele>13.424749537371099</ele>
				<time>2023-10-21T10:19:54Z</time>
			</trkpt>
			<trkpt lat="59.93273210683949" lon="30.37208224030987">
				<ele>13.86537820380181</ele>
				<time>2023-10-21T10:19:55Z</time>
			</trkpt>
			<trkpt lat="59.93275614052255" lon="30.37208408756248">
				<ele>14.067139881663024</ele>
				<time>2023-10-21T10:19:56Z</time>
			</trkpt>
			<trkpt lat="59.9327918390551" lon="30.3720706719626">
				<ele>14.053059539757669</ele>
				<time>2023-10-21T10:19:58Z</time>
			</trkpt>
			<trkpt lat="59.93283006243684" lon="30.37206319563069">
				<ele>16.942837359383702</ele>
				<time>2023-10-21T10:20:00Z</time>
			</trkpt>
			<trkpt lat="59.93286426748825" lon="30.372041224553755">
				<ele>11.331984712742269</ele>
				<time>2023-10-21T10:20:02Z</time>
			</trkpt>
			<trkpt lat="59.93288172587151" lon="30.37201766555938">
				<ele>12.937195125035942</ele>
				<time>2023-10-21T10:20:04Z</time>
			</trkpt>
			<trkpt lat="59.9328802020633" lon="30.37198182209404">
				<ele>13.464324763976038</ele>
				<time>2023-10-21T10:20:06Z</time>
			</trkpt>
			<trkpt lat="59.93290161090412" lon="30.37194896388989">
				<ele>15.027969702146947</ele>
				<time>2023-10-21T10:20:08Z</time>
			</trkpt>
			<trkpt lat="59.93292903373073" lon="30.371914877241444">
				<ele>15.121072680689394</ele>
				<time>2023-10-21T10:20:10Z</time>
			</trkpt>
			<trkpt lat="59.9329413621963" lon="30.371862514115726">
				<ele>14.824762164615095</ele>
				<time>2023-10-21T10:20:12Z</time>
			</trkpt>
			<trkpt lat="59.932956330197015" lon="30.37182968509117">
				<ele>15.961778259836137</ele>
				<time>2023-10-21T10:20:14Z</time>
			</trkpt>
			<trkpt lat="59.93297217931555" lon="30.371789697088875">
				<ele>15.905823812820017</ele>
				<time>2023-10-21T10:20:16Z</time>
			</trkpt>
			<trkpt lat="59.932975769280745" lon="30.37173425363524">
				<ele>14.967986691743135</ele>
				<time>2023-10-21T10:20:18Z</time>
			</trkpt>
			<trkpt lat="59.932983765274265" lon="30.371673864404357">
				<ele>15.901058373972774</ele>
				<time>2023-10-21T10:20:20Z</time>
			</trkpt>
			<trkpt lat="59.932987833211556" lon="30.371621657869298">
				<ele>16.500313163734972</ele>
				<time>2023-10-21T10:20:22Z</time>
			</trkpt>
			<trkpt lat="59.93299052343862" lon="30.371568218925816">
				<ele>14.75304816942662</ele>
				<time>2023-10-21T10:20:24Z</time>
			</trkpt>
			<trkpt lat="59.933007407332234" lon="30.37151606245252">
				<ele>15.002961467020214</ele>
				<time>2023-10-21T10:20:26Z</time>
			</trkpt>
			<trkpt lat="59.93300877415296" lon="30.37146625334944">
				<ele>14.920885069295764</ele>
				<time>2023-10-21T10:20:28Z</time>
			</trkpt>
			<trkpt lat="59.93300735997506" lon="30.37141871161625">
				<ele>13.64609102718532</ele>
				<time>2023-10-21T10:20:30Z</time>
			</trkpt>
			<trkpt lat="59.93300787276287" lon="30.371382237770902">
				<ele>12.869705367833376</ele>
				<time>2023-10-21T10:20:31Z</time>
			</trkpt>
			<trkpt lat="59.93301052754907" lon="30.371340966869376">
				<ele>14.173456916585565</ele>
				<time>2023-10-21T10:20:32Z</time>
			</trkpt>
			<trkpt lat="59.93301275304748" lon="30.37130309831321">
				<ele>15.122926843352616</ele>
				<time>2023-10-21T10:20:34Z</time>
			</trkpt>
			<trkpt lat="59.93301864216508" lon="30.37125695091724">
				<ele>14.038132161833346</ele>
				<time>2023-10-21T10:20:35Z</time>
			</trkpt>
			<trkpt lat="59.93301393693909" lon="30.37120132356152">
				<ele>13.127494812943041</ele>
				<time>2023-10-21T10:20:37Z</time>
			</trkpt>
			<trkpt lat="59.93301574286218" lon="30.37116463088497">
				<ele>12.698078855872154</ele>
				<time>2023-10-21T10:20:39Z</time>
			</trkpt>
			<trkpt lat="59.93302690205866" lon="30.371114404279957">
				<ele>13.426574099808931</ele>
				<time>2023-10-21T10:20:41Z</time>
			</trkpt>
			<trkpt lat="59.93304138768495" lon="30.371066889396612">
				<ele>14.53969612903893</ele>
				<time>2023-10-21T10:20:43Z</time>
			</trkpt>
			<trkpt lat="59.93307118197171" lon="30.371047097280318">
				<ele>15.44431778229773</ele>
				<time>2023-10-21T10:20:45Z</time>
			</trkpt>
			<trkpt lat="59.93307138414796" lon="30.370998265224326">
				<ele>14.020073354244232</ele>
				<time>2023-10-21T10:20:46Z</time>
			</trkpt>
			<trkpt lat="59.93306233969343" lon="30.370966027687718">
				<ele>12.207478494383395</ele>
				<time>2023-10-21T10:20:48Z</time>
			</trkpt>
			<trkpt lat="59.933078388642656" lon="30.370933153504268">
				<ele>13.610424626618624</ele>
				<time>2023-10-21T10:20:50Z</time>
			</trkpt>
			<trkpt lat="59.93308307065593" lon="30.370883993538968">
				<ele>12.215041526593268</ele>
				<time>2023-10-21T10:20:52Z</time>
			</trkpt>
			<trkpt lat="59.933088244683034" lon="30.370817146535124">
				<ele>13.14165773615241</ele>
				<time>2023-10-21T10:20:54Z</time>
			</trkpt>
			<trkpt lat="59.933079606095646" lon="30.370761444056235">
				<ele>11.536268716678023</ele>
				<time>2023-10-21T10:20:56Z</time>
			</trkpt>
			<trkpt lat="59.93307298005393" lon="30.37072071408627">
				<ele>11.210200040601194</ele>
				<time>2023-10-21T10:20:57Z</time>
			</trkpt>
			<trkpt lat="59.93306826499787" lon="30.37065659815006">
				<ele>14.7348567917943</ele>
				<time>2023-10-21T10:20:59Z</time>
			</trkpt>
			<trkpt lat="59.93309620899793" lon="30.370634961345548">
				<ele>14.899635222740471</ele>
				<time>2023-10-21T10:21:02Z</time>
			</trkpt>
			<trkpt lat="59.9331371639901" lon="30.37060217902011">
				<ele>12.275982012040913</ele>
				<time>2023-10-21T10:21:04Z</time>
			</trkpt>
			<trkpt lat="59.933141899425756" lon="30.3705462361358">
				<ele>14.366204043850303</ele>
				<time>2023-10-21T10:21:07Z</time>
			</trkpt>
			<trkpt lat="59.93312571090019" lon="30.370488856915934">
				<ele>15.202180583029985</ele>
				<time>2023-10-21T10:21:08Z</time>
			</trkpt>
			<trkpt lat="59.933158855559164" lon="30.37048652890919">
				<ele>16.857319589704275</ele>
				<time>2023-10-21T10:21:10Z</time>
			</trkpt>
			<trkpt lat="59.933182541305" lon="30.370463365629206">
				<ele>13.142517716623843</ele>
				<time>2023-10-21T10:21:13Z</time>
			</trkpt>
			<trkpt lat="59.933172895586935" lon="30.370395126982732">
				<ele>13.24296828173101</ele>
				<time>2023-10-21T10:21:15Z</time>
			</trkpt>
			<trkpt lat="59.933191019026445" lon="30.370371123064583">
				<ele>12.876182405278087</ele>
				<time>2023-10-21T10:21:17Z</time>
			</trkpt>
			<trkpt lat="59.933201426190294" lon="30.370340857923324">
				<ele>15.561751718632877</ele>
				<time>2023-10-21T10:21:18Z</time>
			</trkpt>
			<trkpt lat="59.93320405067285" lon="30.370302742851138">
				<ele>13.423216631636024</ele>
				<time>2023-10-21T10:21:20Z</time>
			</trkpt>
			<trkpt lat="59.93323749876073" lon="30.370285857316002">
				<ele>13.032355211675167</ele>
				<time>2023-10-21T10:21:22Z</time>
			</trkpt>
			<trkpt lat="59.93326741770112" lon="30.37029688807923">
				<ele>13.490385752171278</ele>
				<time>2023-10-21T10:21:23Z</time>
			</trkpt>
			<trkpt lat="59.933264221723874" lon="30.370260691772067">
				<ele>12.427219709381461</ele>
				<time>2023-10-21T10:21:24Z</time>
			</trkpt>
			<trkpt lat="59.93329000200669" lon="30.370260976678335">
				<ele>16.296513456851244</ele>
				<time>2023-10-21T10:21:25Z</time>
			</trkpt>
			<trkpt lat="59.9333227755916" lon="30.370256799020233">
				<ele>12.426980214193463</ele>
				<time>2023-10-21T10:21:27Z</time>
			</trkpt>
			<trkpt lat="59.93334746154393" lon="30.370266089805476">
				<ele>12.245780006982386</ele>
				<time>2023-10-21T10:21:28Z</time>
			</trkpt>
			<trkpt lat="59.93337075668676" lon="30.37027399635302">
				<ele>12.766887313686311</ele>
				<time>2023-10-21T10:21:29Z</time>
			</trkpt>
			<trkpt lat="59.93337284681189" lon="30.370208871889638">
				<ele>10.572793803177774</ele>
				<time>2023-10-21T10:21:31Z</time>
			</trkpt>
			<trkpt lat="59.93335466625251" lon="30.370158171216563">
				<ele>9.697340827435255</ele>
				<time>2023-10-21T10:21:32Z</time>
			</trkpt>
			<trkpt lat="59.93333002615773" lon="30.370093362862">
				<ele>10.325384644791484</ele>
				<time>2023-10-21T10:21:33Z</time>
			</trkpt>
			<trkpt lat="59.93334530821223" lon="30.37006049674469">
				<ele>11.078765665180981</ele>
				<time>2023-10-21T10:21:35Z</time>
			</trkpt>
			<trkpt lat="59.93336782682094" lon="30.37001826119223">
				<ele>9.790217104367912</ele>
				<time>2023-10-21T10:21:37Z</time>
			</trkpt>
			<trkpt lat="59.933367240374025" lon="30.36996389989532">
				<ele>9.564756294712424</ele>
				<time>2023-10-21T10:21:39Z</time>
			</trkpt>
			<trkpt lat="59.933357559819015" lon="30.369925648748243">
				<ele>8.778348933905363</ele>
				<time>2023-10-21T10:21:40Z</time>
			</trkpt>
			<trkpt lat="59.93336287074367" lon="30.369890227182044">
				<ele>8.405453672632575</ele>
				<time>2023-10-21T10:21:41Z</time>
			</trkpt>
			<trkpt lat="59.93337291630146" lon="30.36985606467428">
				<ele>9.773128249682486</ele>
				<time>2023-10-21T10:21:43Z</time>
			</trkpt>
			<trkpt lat="59.93337475666416" lon="30.369815046082415">
				<ele>6.2053897604346275</ele>
				<time>2023-10-21T10:21:45Z</time>
			</trkpt>
			<trkpt lat="59.93338142916726" lon="30.369765531403456">
				<ele>7.202997355721891</ele>
				<time>2023-10-21T10:21:47Z</time>
			</trkpt>
			<trkpt lat="59.93339479723421" lon="30.369702283042994">
				<ele>8.950351961888373</ele>
				<time>2023-10-21T10:21:49Z</time>
			</trkpt>
			<trkpt lat="59.933411294579884" lon="30.369678291325496">
				<ele>8.809337869286537</ele>
				<time>2023-10-21T10:21:51Z</time>
			</trkpt>
			<trkpt lat="59.93343012796948" lon="30.36963224118272">
				<ele>9.539376397617161</ele>
				<time>2023-10-21T10:21:54Z</time>
			</trkpt>
			<trkpt lat="59.93344204458046" lon="30.369597620515993">
				<ele>8.64803218562156</ele>
				<time>2023-10-21T10:21:56Z</time>
			</trkpt>
			<trkpt lat="59.933440878023404" lon="30.369546310852822">
				<ele>8.009834242984653</ele>
				<time>2023-10-21T10:21:59Z</time>
			</trkpt>
			<trkpt lat="59.9334410850191" lon="30.36950991161038">
				<ele>9.387689596042037</ele>
				<time>2023-10-21T10:22:00Z</time>
			</trkpt>
			<trkpt lat="59.93341631890642" lon="30.36948088698162">
				<ele>9.089308939874172</ele>
				<time>2023-10-21T10:22:06Z</time>
			</trkpt>
			<trkpt lat="59.93340139365416" lon="30.369444408836248">
				<ele>9.952610488049686</ele>
				<time>2023-10-21T10:22:09Z</time>
			</trkpt>
			<trkpt lat="59.93337941087193" lon="30.369436508896875">
				<ele>10.654040584340692</ele>
				<time>2023-10-21T10:22:12Z</time>
			</trkpt>
			<trkpt lat="59.93336064484271" lon="30.369434000597238">
				<ele>10.555111568421125</ele>
				<time>2023-10-21T10:22:15Z</time>
			</trkpt>
			<trkpt lat="59.9333425830442" lon="30.369418053549925">
				<ele>12.260157748125494</ele>
				<time>2023-10-21T10:22:18Z</time>
			</trkpt>
			<trkpt lat="59.933329065961686" lon="30.369382799104038">
				<ele>14.585055720992386</ele>
				<time>2023-10-21T10:22:23Z</time>
			</trkpt>
			<trkpt lat="59.933333076795726" lon="30.369346203440234">
				<ele>12.853505832143128</ele>
				<time>2023-10-21T10:22:31Z</time>
			</trkpt>
			<trkpt lat="59.93333931414483" lon="30.36929742642924">
				<ele>13.803911563940346</ele>
				<time>2023-10-21T10:22:39Z</time>
			</trkpt>
			<trkpt lat="59.93335196030067" lon="30.3692578703012">
				<ele>13.669314761646092</ele>
				<time>2023-10-21T10:22:46Z</time>
			</trkpt>
			<trkpt lat="59.933350258938106" lon="30.36929487397054">
				<ele>11.211364580318332</ele>
				<time>2023-10-21T10:23:13Z</time>
			</trkpt>
			<trkpt lat="59.9333261747464" lon="30.369274589280625">
				<ele>10.829627186059952</ele>
				<time>2023-10-21T10:23:17Z</time>
			</trkpt>
			<trkpt lat="59.933307425625934" lon="30.369281835354354">
				<ele>10.470736265182495</ele>
				<time>2023-10-21T10:23:19Z</time>
			</trkpt>
			<trkpt lat="59.933290344959815" lon="30.369295966111">
				<ele>10.221295032650232</ele>
				<time>2023-10-21T10:23:22Z</time>
			</trkpt>
			<trkpt lat="59.93327082426257" lon="30.36929481260671">
				<ele>9.290659472346306</ele>
				<time>2023-10-21T10:23:25Z</time>
			</trkpt>
			<trkpt lat="59.93323601190241" lon="30.369298243917193">
				<ele>7.297099215909839</ele>
				<time>2023-10-21T10:23:30Z</time>
			</trkpt>
			<trkpt lat="59.93321395806458" lon="30.369300978323786">
				<ele>5.54376838169992</ele>
				<time>2023-10-21T10:23:32Z</time>
			</trkpt>
			<trkpt lat="59.93319002274183" lon="30.369296743451148">
				<ele>3.776621931232512</ele>
				<time>2023-10-21T10:23:34Z</time>
			</trkpt>
			<trkpt lat="59.933166373851236" lon="30.369248701990976">
				<ele>1.0986140547320247</ele>
				<time>2023-10-21T10:23:36Z</time>
			</trkpt>
			<trkpt lat="59.93314731254147" lon="30.36925325403793">
				<ele>-0.37311641313135624</ele>
				<time>2023-10-21T10:23:39Z</time>
			</trkpt>
			<trkpt lat="59.93312858677868" lon="30.369247557944078">
				<ele>-0.8770617926493287</ele>
				<time>2023-10-21T10:23:41Z</time>
			</trkpt>
			<trkpt lat="59.933110705640416" lon="30.369242706364478">
				<ele>-1.4200087822973728</ele>
				<time>2023-10-21T10:23:43Z</time>
			</trkpt>
			<trkpt lat="59.93308874216367" lon="30.369214669337584">
				<ele>-0.2814454762265086</ele>
				<time>2023-10-21T10:23:45Z</time>
			</trkpt>
			<trkpt lat="59.93307019607863" lon="30.36919809651826">
				<ele>-2.4233019668608904</ele>
				<time>2023-10-21T10:23:47Z</time>
			</trkpt>
			<trkpt lat="59.933050247807984" lon="30.36918303664211">
				<ele>-2.4459546878933907</ele>
				<time>2023-10-21T10:23:49Z</time>
			</trkpt>
			<trkpt lat="59.933031010450755" lon="30.36917135451584">
				<ele>-4.621775632724166</ele>
				<time>2023-10-21T10:23:51Z</time>
			</trkpt>
			<trkpt lat="59.933006207862036" lon="30.369114781405255">
				<ele>-0.6554160369560122</ele>
				<time>2023-10-21T10:23:53Z</time>
			</trkpt>
			<trkpt lat="59.932980926848586" lon="30.36911226322249">
				<ele>-3.2425470696762204</ele>
				<time>2023-10-21T10:23:56Z</time>
			</trkpt>
			<trkpt lat="59.93294111800692" lon="30.369099775918624">
				<ele>-2.3992580007761717</ele>
				<time>2023-10-21T10:23:58Z</time>
			</trkpt>
			<trkpt lat="59.932908252635094" lon="30.369063138501073">
				<ele>-1.1447320133447647</ele>
				<time>2023-10-21T10:24:02Z</time>
			</trkpt>
			<trkpt lat="59.932889621480015" lon="30.36908038959759">
				<ele>-4.208516029641032</ele>
				<time>2023-10-21T10:24:04Z</time>
			</trkpt>
			<trkpt lat="59.932876922432776" lon="30.36910734009483">
				<ele>-5.549069327302277</ele>
				<time>2023-10-21T10:24:06Z</time>
			</trkpt>
			<trkpt lat="59.932855820152795" lon="30.36905948559466">
				<ele>-1.8121410412713885</ele>
				<time>2023-10-21T10:24:08Z</time>
			</trkpt>
			<trkpt lat="59.93283429652704" lon="30.369053446621766">
				<ele>-6.471198977902532</ele>
				<time>2023-10-21T10:24:12Z</time>
			</trkpt>
			<trkpt lat="59.932816006019905" lon="30.369013774496835">
				<ele>-3.261871775612235</ele>
				<time>2023-10-21T10:24:13Z</time>
			</trkpt>
			<trkpt lat="59.93280455111985" lon="30.36898045017665">
				<ele>-2.921624829992652</ele>
				<time>2023-10-21T10:24:14Z</time>
			</trkpt>
			<trkpt lat="59.93277657923954" lon="30.368963372452328">
				<ele>-3.066477734595537</ele>
				<time>2023-10-21T10:24:16Z</time>
			</trkpt>
			<trkpt lat="59.932746666895724" lon="30.368939316752698">
				<ele>-2.265255237929523</ele>
				<time>2023-10-21T10:24:18Z</time>
			</trkpt>
			<trkpt lat="59.932717628619145" lon="30.368895886308437">
				<ele>-0.7094213645905256</ele>
				<time>2023-10-21T10:24:20Z</time>
			</trkpt>
			<trkpt lat="59.93270046619582" lon="30.368846369756394">
				<ele>3.368022322654724</ele>
				<time>2023-10-21T10:24:21Z</time>
			</trkpt>
			<trkpt lat="59.93267454974679" lon="30.3688509281794">
				<ele>0.8266464322805405</ele>
				<time>2023-10-21T10:24:23Z</time>
			</trkpt>
			<trkpt lat="59.93264384531499" lon="30.368879432717772">
				<ele>4.516734038479626</ele>
				<time>2023-10-21T10:24:26Z</time>
			</trkpt>
			<trkpt lat="59.93262931767702" lon="30.36891013257886">
				<ele>5.29000926297158</ele>
				<time>2023-10-21T10:24:28Z</time>
			</trkpt>
			<trkpt lat="59.93263594284951" lon="30.368953527086624">
				<ele>6.894140168093145</ele>
				<time>2023-10-21T10:24:30Z</time>
			</trkpt>
			<trkpt lat="59.93264216270723" lon="30.368987724488555">
				<ele>9.836488036438823</ele>
				<time>2023-10-21T10:24:32Z</time>
			</trkpt>
			<trkpt lat="59.932627236350534" lon="30.369034358002164">
				<ele>9.724646111018956</ele>
				<time>2023-10-21T10:24:35Z</time>
			</trkpt>
			<trkpt lat="59.93261783626615" lon="30.36907630811463">
				<ele>9.400455581955612</ele>
				<time>2023-10-21T10:24:37Z</time>
			</trkpt>
			<trkpt lat="59.93261068477786" lon="30.369122821138948">
				<ele>10.51565174292773</ele>
				<time>2023-10-21T10:24:39Z</time>
			</trkpt>
			<trkpt lat="59.93260697446244" lon="30.36916043208785">
				<ele>11.77730231359601</ele>
				<time>2023-10-21T10:24:41Z</time>
			</trkpt>
			<trkpt lat="59.932598727349806" lon="30.369198530114787">
				<ele>10.436617004685104</ele>
				<time>2023-10-21T10:24:43Z</time>
			</trkpt>
			<trkpt lat="59.932588758101176" lon="30.36924246281088">
				<ele>6.705079695209861</ele>
				<time>2023-10-21T10:24:45Z</time>
			</trkpt>
			<trkpt lat="59.932566789731794" lon="30.369294608260333">
				<ele>8.137657190673053</ele>
				<time>2023-10-21T10:24:48Z</time>
			</trkpt>
			<trkpt lat="59.93255153364999" lon="30.369338209327378">
				<ele>8.75465543847531</ele>
				<time>2023-10-21T10:24:50Z</time>
			</trkpt>
			<trkpt lat="59.932519482420986" lon="30.36935659079375">
				<ele>9.041901082731783</ele>
				<time>2023-10-21T10:24:51Z</time>
			</trkpt>
			<trkpt lat="59.93249327211421" lon="30.36937952021931">
				<ele>8.472770866006613</ele>
				<time>2023-10-21T10:24:52Z</time>
			</trkpt>
			<trkpt lat="59.93244645547948" lon="30.369359022117543">
				<ele>7.956320143304765</ele>
				<time>2023-10-21T10:24:53Z</time>
			</trkpt>
			<trkpt lat="59.93242438486651" lon="30.369395216561482">
				<ele>8.759308973327279</ele>
				<time>2023-10-21T10:24:55Z</time>
			</trkpt>
			<trkpt lat="59.93241016130719" lon="30.369424586584802">
				<ele>12.746653246693313</ele>
				<time>2023-10-21T10:24:57Z</time>
			</trkpt>
			<trkpt lat="59.93239430782103" lon="30.369452969155297">
				<ele>10.515349625609815</ele>
				<time>2023-10-21T10:25:00Z</time>
			</trkpt>
			<trkpt lat="59.932374458661705" lon="30.369483965529398">
				<ele>11.193911287933588</ele>
				<time>2023-10-21T10:25:02Z</time>
			</trkpt>
			<trkpt lat="59.93235828188569" lon="30.369533841752585">
				<ele>11.054393731057644</ele>
				<time>2023-10-21T10:25:05Z</time>
			</trkpt>
			<trkpt lat="59.93234054641955" lon="30.369577877741353">
				<ele>11.207466898486018</ele>
				<time>2023-10-21T10:25:07Z</time>
			</trkpt>
			<trkpt lat="59.93230758952192" lon="30.369655904598698">
				<ele>13.304859211668372</ele>
				<time>2023-10-21T10:25:10Z</time>
			</trkpt>
			<trkpt lat="59.93226887877037" lon="30.36969912688081">
				<ele>7.911171686835587</ele>
				<time>2023-10-21T10:25:12Z</time>
			</trkpt>
			<trkpt lat="59.93223405442057" lon="30.36969288771962">
				<ele>7.682861356064677</ele>
				<time>2023-10-21T10:25:13Z</time>
			</trkpt>
			<trkpt lat="59.93226786573055" lon="30.369733652918082">
				<ele>11.684929279610515</ele>
				<time>2023-10-21T10:25:14Z</time>
			</trkpt>
			<trkpt lat="59.932291831742845" lon="30.369767557610047">
				<ele>11.36498935893178</ele>
				<time>2023-10-21T10:25:15Z</time>
			</trkpt>
			<trkpt lat="59.93231537710525" lon="30.369804976126456">
				<ele>13.336023531854153</ele>
				<time>2023-10-21T10:25:16Z</time>
			</trkpt>
			<trkpt lat="59.93231294681682" lon="30.369866412196888">
				<ele>12.591291825287044</ele>
				<time>2023-10-21T10:25:18Z</time>
			</trkpt>
			<trkpt lat="59.93231880703568" lon="30.36991780802579">
				<ele>12.876876404508948</ele>
				<time>2023-10-21T10:25:20Z</time>
			</trkpt>
			<trkpt lat="59.9323114387742" lon="30.36996823305905">
				<ele>12.961309155449271</ele>
				<time>2023-10-21T10:25:22Z</time>
			</trkpt>
			<trkpt lat="59.93221917153284" lon="30.369902900057568">
				<ele>14.574172868393362</ele>
				<time>2023-10-21T10:25:24Z</time>
			</trkpt>
			<trkpt lat="59.932227369581994" lon="30.369944072157818">
				<ele>14.339479516260326</ele>
				<time>2023-10-21T10:25:25Z</time>
			</trkpt>
			<trkpt lat="59.932236266122416" lon="30.369979776912285">
				<ele>14.621300585567951</ele>
				<time>2023-10-21T10:25:26Z</time>
			</trkpt>
			<trkpt lat="59.93221956727121" lon="30.370007040525277">
				<ele>15.767475250177085</ele>
				<time>2023-10-21T10:25:27Z</time>
			</trkpt>
			<trkpt lat="59.93223079725525" lon="30.370056008348268">
				<ele>19.03336817678064</ele>
				<time>2023-10-21T10:25:29Z</time>
			</trkpt>
			<trkpt lat="59.93224147975691" lon="30.370118894665136">
				<ele>13.25633446779102</ele>
				<time>2023-10-21T10:25:31Z</time>
			</trkpt>
			<trkpt lat="59.932196061306314" lon="30.37009534251519">
				<ele>14.581497870385647</ele>
				<time>2023-10-21T10:25:32Z</time>
			</trkpt>
			<trkpt lat="59.932192854185445" lon="30.3701306679077">
				<ele>13.704306072555482</ele>
				<time>2023-10-21T10:25:33Z</time>
			</trkpt>
			<trkpt lat="59.93219214756964" lon="30.370195259665497">
				<ele>12.826591762714088</ele>
				<time>2023-10-21T10:25:35Z</time>
			</trkpt>
			<trkpt lat="59.93214985901521" lon="30.370230168737173">
				<ele>18.141899831593037</ele>
				<time>2023-10-21T10:25:37Z</time>
			</trkpt>
			<trkpt lat="59.93216964851497" lon="30.37024963925373">
				<ele>16.589647250249982</ele>
				<time>2023-10-21T10:25:38Z</time>
			</trkpt>
			<trkpt lat="59.932088629997665" lon="30.370228465074273">
				<ele>17.961526875384152</ele>
				<time>2023-10-21T10:25:39Z</time>
			</trkpt>
			<trkpt lat="59.93205488905804" lon="30.37023866093266">
				<ele>18.909057546406984</ele>
				<time>2023-10-21T10:25:41Z</time>
			</trkpt>
			<trkpt lat="59.9320074804078" lon="30.370256925748887">
				<ele>19.530813910998404</ele>
				<time>2023-10-21T10:25:43Z</time>
			</trkpt>
			<trkpt lat="59.931974748002794" lon="30.3702837556761">
				<ele>20.189739071764052</ele>
				<time>2023-10-21T10:25:46Z</time>
			</trkpt>
			<trkpt lat="59.931957202206874" lon="30.37029939764234">
				<ele>21.45599926263094</ele>
				<time>2023-10-21T10:25:47Z</time>
			</trkpt>
			<trkpt lat="59.93196903449936" lon="30.37033550955259">
				<ele>22.82695374172181</ele>
				<time>2023-10-21T10:25:48Z</time>
			</trkpt>
			<trkpt lat="59.931951403106225" lon="30.37037925905516">
				<ele>21.029481259174645</ele>
				<time>2023-10-21T10:25:50Z</time>
			</trkpt>
			<trkpt lat="59.931939506476596" lon="30.370424411035653">
				<ele>18.7453927481547</ele>
				<time>2023-10-21T10:25:52Z</time>
			</trkpt>
			<trkpt lat="59.93195542215642" lon="30.370466636168324">
				<ele>19.642021459527314</ele>
				<time>2023-10-21T10:25:54Z</time>
			</trkpt>
			<trkpt lat="59.931965867173155" lon="30.370532257245817">
				<ele>20.183000442571938</ele>
				<time>2023-10-21T10:25:57Z</time>
			</trkpt>
			<trkpt lat="59.93196863453722" lon="30.370568981190846">
				<ele>17.670918966643512</ele>
				<time>2023-10-21T10:25:58Z</time>
			</trkpt>
			<trkpt lat="59.93198734875111" lon="30.370602389239266">
				<ele>17.37540029361844</ele>
				<time>2023-10-21T10:25:59Z</time>
			</trkpt>
			<trkpt lat="59.932026049889465" lon="30.370642074144282">
				<ele>16.34452518261969</ele>
				<time>2023-10-21T10:26:00Z</time>
			</trkpt>
			<trkpt lat="59.93204526113575" lon="30.37071435084131">
				<ele>17.28805874660611</ele>
				<time>2023-10-21T10:26:01Z</time>
			</trkpt>
			<trkpt lat="59.932059625993055" lon="30.370751971924108">
				<ele>17.178851073607802</ele>
				<time>2023-10-21T10:26:02Z</time>
			</trkpt>
			<trkpt lat="59.93205970988259" lon="30.37081007792958">
				<ele>15.163235721178353</ele>
				<time>2023-10-21T10:26:04Z</time>
			</trkpt>
			<trkpt lat="59.9320384478507" lon="30.370873036556212">
				<ele>14.948924783617258</ele>
				<time>2023-10-21T10:26:06Z</time>
			</trkpt>
			<trkpt lat="59.932020989442684" lon="30.370936679501156">
				<ele>15.04387523047626</ele>
				<time>2023-10-21T10:26:07Z</time>
			</trkpt>
			<trkpt lat="59.93200915211506" lon="30.370992043746497">
				<ele>14.539137634448707</ele>
				<time>2023-10-21T10:26:10Z</time>
			</trkpt>
			<trkpt lat="59.932010701921165" lon="30.37105107175022">
				<ele>15.654768294654787</ele>
				<time>2023-10-21T10:26:12Z</time>
			</trkpt>
			<trkpt lat="59.931981838436904" lon="30.371081738959568">
				<ele>15.688894668594003</ele>
				<time>2023-10-21T10:26:14Z</time>
			</trkpt>
			<trkpt lat="59.9319631230587" lon="30.371092659566095">
				<ele>15.428777727298439</ele>
				<time>2023-10-21T10:26:15Z</time>
			</trkpt>
			<trkpt lat="59.93193719634402" lon="30.371132461538842">
				<ele>15.741494313813746</ele>
				<time>2023-10-21T10:26:17Z</time>
			</trkpt>
			<trkpt lat="59.93187939144684" lon="30.371169148579895">
				<ele>19.204997969791293</ele>
				<time>2023-10-21T10:26:19Z</time>
			</trkpt>
			<trkpt lat="59.931898776560885" lon="30.3711679601581">
				<ele>17.69738674443215</ele>
				<time>2023-10-21T10:26:20Z</time>
			</trkpt>
			<trkpt lat="59.93189066398411" lon="30.371216663635245">
				<ele>14.18058814201504</ele>
				<time>2023-10-21T10:26:23Z</time>
			</trkpt>
			<trkpt lat="59.93186886186137" lon="30.371240734301526">
				<ele>14.614795873872936</ele>
				<time>2023-10-21T10:26:25Z</time>
			</trkpt>
			<trkpt lat="59.931854754029175" lon="30.37126977872239">
				<ele>13.595224340446293</ele>
				<time>2023-10-21T10:26:27Z</time>
			</trkpt>
			<trkpt lat="59.93184841331107" lon="30.37131452678797">
				<ele>14.38712952658534</ele>
				<time>2023-10-21T10:26:28Z</time>
			</trkpt>
			<trkpt lat="59.93186794845515" lon="30.37138195012246">
				<ele>14.2067885780707</ele>
				<time>2023-10-21T10:26:31Z</time>
			</trkpt>
			<trkpt lat="59.93185163345369" lon="30.371447307436725">
				<ele>12.9190543750301</ele>
				<time>2023-10-21T10:26:34Z</time>
			</trkpt>
			<trkpt lat="59.93184640671218" lon="30.371484985070367">
				<ele>12.590960497036576</ele>
				<time>2023-10-21T10:26:36Z</time>
			</trkpt>
			<trkpt lat="59.931830453126054" lon="30.37153744912153">
				<ele>12.831048048101366</ele>
				<time>2023-10-21T10:26:38Z</time>
			</trkpt>
			<trkpt lat="59.93181221766823" lon="30.37158146795139">
				<ele>12.493594354949892</ele>
				<time>2023-10-21T10:26:40Z</time>
			</trkpt>
			<trkpt lat="59.931787596593836" lon="30.37162370639063">
				<ele>13.763202070258558</ele>
				<time>2023-10-21T10:26:42Z</time>
			</trkpt>
			<trkpt lat="59.93174506935845" lon="30.371583613589543">
				<ele>13.175348938442767</ele>
				<time>2023-10-21T10:26:43Z</time>
			</trkpt>
			<trkpt lat="59.93169977839895" lon="30.37154378956555">
				<ele>13.975858183577657</ele>
				<time>2023-10-21T10:26:44Z</time>
			</trkpt>
			<trkpt lat="59.93167381836897" lon="30.3715277371707">
				<ele>14.650101802311838</ele>
				<time>2023-10-21T10:26:46Z</time>
			</trkpt>
			<trkpt lat="59.93165566277143" lon="30.37151860190197">
				<ele>12.736743120476604</ele>
				<time>2023-10-21T10:26:47Z</time>
			</trkpt>
			<trkpt lat="59.93163518413422" lon="30.371496050958395">
				<ele>13.231922089122236</ele>
				<time>2023-10-21T10:26:48Z</time>
			</trkpt>
			<trkpt lat="59.93159852940079" lon="30.371454492414525">
				<ele>12.986071325838566</ele>
				<time>2023-10-21T10:26:50Z</time>
			</trkpt>
			<trkpt lat="59.931573517397" lon="30.371434015644482">
				<ele>11.866452830843627</ele>
				<time>2023-10-21T10:26:52Z</time>
			</trkpt>
			<trkpt lat="59.93159220299685" lon="30.371454038936438">
				<ele>10.77695881202817</ele>
				<time>2023-10-21T10:26:56Z</time>
			</trkpt>
			<trkpt lat="59.93161825022996" lon="30.371520884387685">
				<ele>11.786183022893965</ele>
				<time>2023-10-21T10:26:58Z</time>
			</trkpt>
			<trkpt lat="59.93164430364832" lon="30.371559008901603">
				<ele>12.189467272721231</ele>
				<time>2023-10-21T10:26:59Z</time>
			</trkpt>
			<trkpt lat="59.93166741730201" lon="30.37155300501729">
				<ele>13.301471333019435</ele>
				<time>2023-10-21T10:27:02Z</time>
			</trkpt>
			<trkpt lat="59.93167227593328" lon="30.37147766825555">
				<ele>16.12410379294306</ele>
				<time>2023-10-21T10:27:07Z</time>
			</trkpt>
			<trkpt lat="59.93165668942473" lon="30.371445628714838">
				<ele>13.601995861157775</ele>
				<time>2023-10-21T10:27:08Z</time>
			</trkpt>
			<trkpt lat="59.93163857105932" lon="30.371413391775135">
				<ele>12.867059882730246</ele>
				<time>2023-10-21T10:27:09Z</time>
			</trkpt>
			<trkpt lat="59.93161827985927" lon="30.37137718991303">
				<ele>10.107246840372682</ele>
				<time>2023-10-21T10:27:11Z</time>
			</trkpt>
			<trkpt lat="59.93157228686141" lon="30.371372022035835">
				<ele>11.053605945780873</ele>
				<time>2023-10-21T10:27:13Z</time>
			</trkpt>
			<trkpt lat="59.93154571855936" lon="30.37137079257681">
				<ele>8.933598560281098</ele>
				<time>2023-10-21T10:27:14Z</time>
			</trkpt>
			<trkpt lat="59.93152672803805" lon="30.371368967517633">
				<ele>7.312465910799801</ele>
				<time>2023-10-21T10:27:15Z</time>
			</trkpt>
			<trkpt lat="59.931496526791555" lon="30.371349827562774">
				<ele>7.322675107046962</ele>
				<time>2023-10-21T10:27:16Z</time>
			</trkpt>
			<trkpt lat="59.931477552140414" lon="30.37134590339759">
				<ele>6.335581579245627</ele>
				<time>2023-10-21T10:27:18Z</time>
			</trkpt>
			<trkpt lat="59.931447103622034" lon="30.371304291875173">
				<ele>5.431984142400324</ele>
				<time>2023-10-21T10:27:20Z</time>
			</trkpt>
			<trkpt lat="59.93141424272301" lon="30.37122702143193">
				<ele>4.04210904147476</ele>
				<time>2023-10-21T10:27:22Z</time>
			</trkpt>
			<trkpt lat="59.93140217177697" lon="30.37119869888382">
				<ele>3.7253932300955057</ele>
				<time>2023-10-21T10:27:25Z</time>
			</trkpt>
			<trkpt lat="59.93136980470077" lon="30.371161533096952">
				<ele>6.660433534532785</ele>
				<time>2023-10-21T10:27:27Z</time>
			</trkpt>
			<trkpt lat="59.93135150870437" lon="30.371155379284403">
				<ele>2.5907046822831035</ele>
				<time>2023-10-21T10:27:29Z</time>
			</trkpt>
			<trkpt lat="59.93132338789283" lon="30.37113037074293">
				<ele>2.7096744691953063</ele>
				<time>2023-10-21T10:27:31Z</time>
			</trkpt>
			<trkpt lat="59.931300226263225" lon="30.37110714726098">
				<ele>2.3470782274380326</ele>
				<time>2023-10-21T10:27:34Z</time>
			</trkpt>
			<trkpt lat="59.93127946020751" lon="30.37108472587816">
				<ele>2.8350147334858775</ele>
				<time>2023-10-21T10:27:35Z</time>
			</trkpt>
			<trkpt lat="59.931253932509684" lon="30.3710700539146">
				<ele>4.9361802926287055</ele>
				<time>2023-10-21T10:27:36Z</time>
			</trkpt>
			<trkpt lat="59.93122647439081" lon="30.371084526617643">
				<ele>3.2206261660903692</ele>
				<time>2023-10-21T10:27:38Z</time>
			</trkpt>
			<trkpt lat="59.93119212670631" lon="30.37104190599737">
				<ele>5.999649982899427</ele>
				<time>2023-10-21T10:27:42Z</time>
			</trkpt>
			<trkpt lat="59.931187304408994" lon="30.370996868215304">
				<ele>2.9979617912322283</ele>
				<time>2023-10-21T10:27:44Z</time>
			</trkpt>
			<trkpt lat="59.93117802705854" lon="30.37096355001883">
				<ele>3.900754808448255</ele>
				<time>2023-10-21T10:27:47Z</time>
			</trkpt>
			<trkpt lat="59.93116437912514" lon="30.37093747762697">
				<ele>4.528760519810021</ele>
				<time>2023-10-21T10:27:50Z</time>
			</trkpt>
			<trkpt lat="59.93115964834585" lon="30.37089651442045">
				<ele>8.398927073925734</ele>
				<time>2023-10-21T10:27:52Z</time>
			</trkpt>
			<trkpt lat="59.93113509252523" lon="30.3708737207872">
				<ele>1.5995250567793846</ele>
				<time>2023-10-21T10:27:55Z</time>
			</trkpt>
			<trkpt lat="59.93111320240634" lon="30.370823165810794">
				<ele>4.78095472138375</ele>
				<time>2023-10-21T10:27:57Z</time>
			</trkpt>
			<trkpt lat="59.93110167132898" lon="30.37087065920295">
				<ele>3.865765572525561</ele>
				<time>2023-10-21T10:27:59Z</time>
			</trkpt>
			<trkpt lat="59.931083406990645" lon="30.370886179749785">
				<ele>3.3036529812961817</ele>
				<time>2023-10-21T10:28:00Z</time>
			</trkpt>
			<trkpt lat="59.93105684729607" lon="30.370973979946072">
				<ele>4.745706613175571</ele>
				<time>2023-10-21T10:28:01Z</time>
			</trkpt>
			<trkpt lat="59.9310176749256" lon="30.37094118998507">
				<ele>11.049729480408132</ele>
				<time>2023-10-21T10:28:02Z</time>
			</trkpt>
			<trkpt lat="59.93100588434348" lon="30.370993305623553">
				<ele>10.257289445027709</ele>
				<time>2023-10-21T10:28:04Z</time>
			</trkpt>
			<trkpt lat="59.930983886786535" lon="30.370965057826798">
				<ele>11.304488684982061</ele>
				<time>2023-10-21T10:28:05Z</time>
			</trkpt>
			<trkpt lat="59.93100145523961" lon="30.37095124232185">
				<ele>9.942564038559794</ele>
				<time>2023-10-21T10:28:06Z</time>
			</trkpt>
			<trkpt lat="59.9310035547293" lon="30.370994325384338">
				<ele>7.826764709316194</ele>
				<time>2023-10-21T10:28:10Z</time>
			</trkpt>
			<trkpt lat="59.93102083883784" lon="30.371034050455798">
				<ele>8.345571502111852</ele>
				<time>2023-10-21T10:28:11Z</time>
			</trkpt>
			<trkpt lat="59.9310391963086" lon="30.37107947638277">
				<ele>9.697440328076482</ele>
				<time>2023-10-21T10:28:12Z</time>
			</trkpt>
			<trkpt lat="59.93105976229953" lon="30.371117918208384">
				<ele>10.534591045230627</ele>
				<time>2023-10-21T10:28:13Z</time>
			</trkpt>
			<trkpt lat="59.93106444519866" lon="30.37116726801999">
				<ele>9.713541872799397</ele>
				<time>2023-10-21T10:28:15Z</time>
			</trkpt>
			<trkpt lat="59.93105156525233" lon="30.371201797110263">
				<ele>11.277187591418624</ele>
				<time>2023-10-21T10:28:17Z</time>
			</trkpt>
			<trkpt lat="59.93102648238759" lon="30.371232330252838">
				<ele>11.476583793759346</ele>
				<time>2023-10-21T10:28:19Z</time>
			</trkpt>
			<trkpt lat="59.93101432443974" lon="30.37128381592393">
				<ele>10.847777704708278</ele>
				<time>2023-10-21T10:28:22Z</time>
			</trkpt>
			<trkpt lat="59.93100247889135" lon="30.371319159820303">
				<ele>10.940618485212326</ele>
				<time>2023-10-21T10:28:24Z</time>
			</trkpt>
			<trkpt lat="59.93100335579874" lon="30.371358694827226">
				<ele>12.309213169850409</ele>
				<time>2023-10-21T10:28:27Z</time>
			</trkpt>
			<trkpt lat="59.93098566660826" lon="30.371402440988014">
				<ele>11.471847183071077</ele>
				<time>2023-10-21T10:28:29Z</time>
			</trkpt>
			<trkpt lat="59.93096634020326" lon="30.37145677251006">
				<ele>12.598478410393</ele>
				<time>2023-10-21T10:28:31Z</time>
			</trkpt>
			<trkpt lat="59.930975179915286" lon="30.371492157787287">
				<ele>9.93275883141905</ele>
				<time>2023-10-21T10:28:33Z</time>
			</trkpt>
			<trkpt lat="59.93094873454419" lon="30.37152510380155">
				<ele>11.01950134895742</ele>
				<time>2023-10-21T10:28:36Z</time>
			</trkpt>
			<trkpt lat="59.930919055109555" lon="30.37153445739036">
				<ele>11.323764047585428</ele>
				<time>2023-10-21T10:28:38Z</time>
			</trkpt>
			<trkpt lat="59.93089857590096" lon="30.371544059297744">
				<ele>12.394302741624415</ele>
				<time>2023-10-21T10:28:39Z</time>
			</trkpt>
			<trkpt lat="59.930876269349426" lon="30.371544191385194">
				<ele>13.06573296431452</ele>
				<time>2023-10-21T10:28:40Z</time>
			</trkpt>
			<trkpt lat="59.93085810920021" lon="30.371549460604214">
				<ele>13.462887774221599</ele>
				<time>2023-10-21T10:28:41Z</time>
			</trkpt>
			<trkpt lat="59.930825067768936" lon="30.371569975417035">
				<ele>14.914989614859223</ele>
				<time>2023-10-21T10:28:43Z</time>
			</trkpt>
			<trkpt lat="59.93079997223392" lon="30.371572697163046">
				<ele>15.506244029849768</ele>
				<time>2023-10-21T10:28:44Z</time>
			</trkpt>
			<trkpt lat="59.93077736554982" lon="30.37158872933936">
				<ele>16.249725273810327</ele>
				<time>2023-10-21T10:28:45Z</time>
			</trkpt>
			<trkpt lat="59.93075673830407" lon="30.371590843304134">
				<ele>17.341523335315287</ele>
				<time>2023-10-21T10:28:46Z</time>
			</trkpt>
			<trkpt lat="59.93072495977011" lon="30.371590656271074">
				<ele>18.020098789595068</ele>
				<time>2023-10-21T10:28:48Z</time>
			</trkpt>
			<trkpt lat="59.93073574310273" lon="30.37162641665862">
				<ele>18.865240608341992</ele>
				<time>2023-10-21T10:28:50Z</time>
			</trkpt>
			<trkpt lat="59.93072102985967" lon="30.3716536625772">
				<ele>21.661500602960587</ele>
				<time>2023-10-21T10:28:53Z</time>
			</trkpt>
			<trkpt lat="59.930716148319576" lon="30.371695734088437">
				<ele>24.603337696753442</ele>
				<time>2023-10-21T10:28:56Z</time>
			</trkpt>
			<trkpt lat="59.9307251680266" lon="30.37163886019501">
				<ele>23.986013402231038</ele>
				<time>2023-10-21T10:28:59Z</time>
			</trkpt>
			<trkpt lat="59.9306840463" lon="30.371564494917088">
				<ele>24.3109059529379</ele>
				<time>2023-10-21T10:29:00Z</time>
			</trkpt>
			<trkpt lat="59.93069208163464" lon="30.371499194764084">
				<ele>24.103814410045743</ele>
				<time>2023-10-21T10:29:01Z</time>
			</trkpt>
			<trkpt lat="59.93069283681264" lon="30.371429887282854">
				<ele>23.530844608321786</ele>
				<time>2023-10-21T10:29:02Z</time>
			</trkpt>
			<trkpt lat="59.9306853142647" lon="30.371394142452555">
				<ele>23.52274619601667</ele>
				<time>2023-10-21T10:29:03Z</time>
			</trkpt>
			<trkpt lat="59.9306851911021" lon="30.37133233257984">
				<ele>23.591132472269237</ele>
				<time>2023-10-21T10:29:05Z</time>
			</trkpt>
			<trkpt lat="59.93066290123039" lon="30.371296302210197">
				<ele>23.980355876497924</ele>
				<time>2023-10-21T10:29:06Z</time>
			</trkpt>
			<trkpt lat="59.93065229153542" lon="30.371260725806632">
				<ele>24.385204810649157</ele>
				<time>2023-10-21T10:29:07Z</time>
			</trkpt>
			<trkpt lat="59.93065036004875" lon="30.37122260232975">
				<ele>25.52001633681357</ele>
				<time>2023-10-21T10:29:08Z</time>
			</trkpt>
			<trkpt lat="59.9306485489088" lon="30.371171308608794">
				<ele>25.793912923894823</ele>
				<time>2023-10-21T10:29:10Z</time>
			</trkpt>
			<trkpt lat="59.93066016617606" lon="30.37111423458304">
				<ele>26.25252410583198</ele>
				<time>2023-10-21T10:29:12Z</time>
			</trkpt>
			<trkpt lat="59.9306580709057" lon="30.37107531945171">
				<ele>24.50088602490723</ele>
				<time>2023-10-21T10:29:14Z</time>
			</trkpt>
			<trkpt lat="59.930676832170604" lon="30.371038355880835">
				<ele>23.249476767145097</ele>
				<time>2023-10-21T10:29:16Z</time>
			</trkpt>
			<trkpt lat="59.930695838060075" lon="30.37100408154873">
				<ele>22.40197299979627</ele>
				<time>2023-10-21T10:29:18Z</time>
			</trkpt>
			<trkpt lat="59.93072496613033" lon="30.370971047245618">
				<ele>22.804529486224055</ele>
				<time>2023-10-21T10:29:20Z</time>
			</trkpt>
			<trkpt lat="59.93074543426059" lon="30.37095726035471">
				<ele>23.688904634676874</ele>
				<time>2023-10-21T10:29:21Z</time>
			</trkpt>
			<trkpt lat="59.930762336355095" lon="30.370935037582143">
				<ele>23.585061346180737</ele>
				<time>2023-10-21T10:29:22Z</time>
			</trkpt>
			<trkpt lat="59.93078712055272" lon="30.370920262834666">
				<ele>21.944650792516768</ele>
				<time>2023-10-21T10:29:24Z</time>
			</trkpt>
			<trkpt lat="59.93081072972785" lon="30.37089962582607">
				<ele>22.12951497361064</ele>
				<time>2023-10-21T10:29:25Z</time>
			</trkpt>
			<trkpt lat="59.93084279257832" lon="30.370898220558587">
				<ele>22.773001522757113</ele>
				<time>2023-10-21T10:29:26Z</time>
			</trkpt>
			<trkpt lat="59.930866833611894" lon="30.370893280985555">
				<ele>23.583910854533315</ele>
				<time>2023-10-21T10:29:27Z</time>
			</trkpt>
			<trkpt lat="59.93088769533599" lon="30.370890448037425">
				<ele>23.6429819567129</ele>
				<time>2023-10-21T10:29:28Z</time>
			</trkpt>
			<trkpt lat="59.93092720689778" lon="30.370867249901647">
				<ele>21.854063949547708</ele>
				<time>2023-10-21T10:29:30Z</time>
			</trkpt>
			<trkpt lat="59.930945338769625" lon="30.370844360507526">
				<ele>21.787294001318514</ele>
				<time>2023-10-21T10:29:31Z</time>
			</trkpt>
			<trkpt lat="59.93096946370098" lon="30.370821430848046">
				<ele>21.883757094852626</ele>
				<time>2023-10-21T10:29:32Z</time>
			</trkpt>
			<trkpt lat="59.93098812618917" lon="30.370806624817817">
				<ele>20.53040991164744</ele>
				<time>2023-10-21T10:29:33Z</time>
			</trkpt>
			<trkpt lat="59.931013808454495" lon="30.370794772093152">
				<ele>20.050581664778292</ele>
				<time>2023-10-21T10:29:34Z</time>
			</trkpt>
			<trkpt lat="59.93100552895631" lon="30.37075036212696">
				<ele>20.08332838304341</ele>
				<time>2023-10-21T10:29:36Z</time>
			</trkpt>
			<trkpt lat="59.9309854217712" lon="30.37075266700522">
				<ele>13.97943316027522</ele>
				<time>2023-10-21T10:29:39Z</time>
			</trkpt>
			<trkpt lat="59.93095724704882" lon="30.37072833167928">
				<ele>12.61071287561208</ele>
				<time>2023-10-21T10:29:41Z</time>
			</trkpt>
			<trkpt lat="59.93093518863103" lon="30.370724592514094">
				<ele>6.918059406802058</ele>
				<time>2023-10-21T10:29:45Z</time>
			</trkpt>
			<trkpt lat="59.93092717404433" lon="30.37068887730666">
				<ele>7.04598296713084</ele>
				<time>2023-10-21T10:29:46Z</time>
			</trkpt>
			<trkpt lat="59.930918795406264" lon="30.3706467643743">
				<ele>6.705514909699559</ele>
				<time>2023-10-21T10:29:49Z</time>
			</trkpt>
			<trkpt lat="59.93091802666279" lon="30.37058497554023">
				<ele>6.832647358067334</ele>
				<time>2023-10-21T10:29:52Z</time>
			</trkpt>
			<trkpt lat="59.93091041848881" lon="30.370542414397338">
				<ele>6.593225550837815</ele>
				<time>2023-10-21T10:29:53Z</time>
			</trkpt>
			<trkpt lat="59.930923547097855" lon="30.370494572928372">
				<ele>6.2017949959263206</ele>
				<time>2023-10-21T10:29:55Z</time>
			</trkpt>
			<trkpt lat="59.93093685982777" lon="30.37044560213358">
				<ele>6.320415833964944</ele>
				<time>2023-10-21T10:29:57Z</time>
			</trkpt>
			<trkpt lat="59.93095772463709" lon="30.37041127175332">
				<ele>8.809288485907018</ele>
				<time>2023-10-21T10:29:59Z</time>
			</trkpt>
			<trkpt lat="59.93097409585633" lon="30.370380239601833">
				<ele>4.18070191796869</ele>
				<time>2023-10-21T10:30:01Z</time>
			</trkpt>
			<trkpt lat="59.931001880398654" lon="30.37036146179407">
				<ele>4.407719080336392</ele>
				<time>2023-10-21T10:30:03Z</time>
			</trkpt>
			<trkpt lat="59.931022064974314" lon="30.37032729536293">
				<ele>4.622388223186135</ele>
				<time>2023-10-21T10:30:05Z</time>
			</trkpt>
			<trkpt lat="59.93103263243859" lon="30.370296154867944">
				<ele>5.470716135576367</ele>
				<time>2023-10-21T10:30:06Z</time>
			</trkpt>
			<trkpt lat="59.931025229201474" lon="30.370259334701977">
				<ele>5.219489379785955</ele>
				<time>2023-10-21T10:30:07Z</time>
			</trkpt>
			<trkpt lat="59.9310406917509" lon="30.37022004066944">
				<ele>4.673353895545006</ele>
				<time>2023-10-21T10:30:09Z</time>
			</trkpt>
			<trkpt lat="59.93104545186224" lon="30.370179683870536">
				<ele>2.4940008064731956</ele>
				<time>2023-10-21T10:30:11Z</time>
			</trkpt>
			<trkpt lat="59.93106699011529" lon="30.37014072134323">
				<ele>6.987942227162421</ele>
				<time>2023-10-21T10:30:13Z</time>
			</trkpt>
			<trkpt lat="59.931078730943106" lon="30.370077106265214">
				<ele>7.247034762986004</ele>
				<time>2023-10-21T10:30:15Z</time>
			</trkpt>
			<trkpt lat="59.93108686985773" lon="30.370027527092926">
				<ele>6.097433815710247</ele>
				<time>2023-10-21T10:30:17Z</time>
			</trkpt>
			<trkpt lat="59.93110227456184" lon="30.369985738347626">
				<ele>5.775694607757032</ele>
				<time>2023-10-21T10:30:19Z</time>
			</trkpt>
			<trkpt lat="59.93112678197988" lon="30.36995221228363">
				<ele>6.450899105519056</ele>
				<time>2023-10-21T10:30:21Z</time>
			</trkpt>
			<trkpt lat="59.93111547912011" lon="30.369902901857706">
				<ele>6.682845452800393</ele>
				<time>2023-10-21T10:30:22Z</time>
			</trkpt>
			<trkpt lat="59.93113333500157" lon="30.36986087173276">
				<ele>6.896718621253967</ele>
				<time>2023-10-21T10:30:24Z</time>
			</trkpt>
			<trkpt lat="59.93114911712041" lon="30.36984264973775">
				<ele>6.088163873180747</ele>
				<time>2023-10-21T10:30:25Z</time>
			</trkpt>
			<trkpt lat="59.93115738392694" lon="30.36980606521697">
				<ele>6.556536924093962</ele>
				<time>2023-10-21T10:30:27Z</time>
			</trkpt>
			<trkpt lat="59.93117942743938" lon="30.36977580451214">
				<ele>6.858446342870593</ele>
				<time>2023-10-21T10:30:29Z</time>
			</trkpt>
			<trkpt lat="59.93119721069924" lon="30.36974262395856">
				<ele>6.195750803686678</ele>
				<time>2023-10-21T10:30:31Z</time>
			</trkpt>
			<trkpt lat="59.93119785586659" lon="30.3697003959293">
				<ele>7.927669606171548</ele>
				<time>2023-10-21T10:30:33Z</time>
			</trkpt>
			<trkpt lat="59.931205214812714" lon="30.36965848211646">
				<ele>5.212491223588586</ele>
				<time>2023-10-21T10:30:35Z</time>
			</trkpt>
			<trkpt lat="59.93122148882758" lon="30.369629346985693">
				<ele>4.135867630131543</ele>
				<time>2023-10-21T10:30:37Z</time>
			</trkpt>
			<trkpt lat="59.93123274696646" lon="30.369595608316025">
				<ele>4.9156223721802235</ele>
				<time>2023-10-21T10:30:39Z</time>
			</trkpt>
			<trkpt lat="59.93123434846149" lon="30.369544616038777">
				<ele>5.371979845687747</ele>
				<time>2023-10-21T10:30:42Z</time>
			</trkpt>
			<trkpt lat="59.93125471928868" lon="30.3695023725531">
				<ele>2.4500425355508924</ele>
				<time>2023-10-21T10:30:45Z</time>
			</trkpt>
			<trkpt lat="59.931280683868174" lon="30.369441256741602">
				<ele>3.411099636927247</ele>
				<time>2023-10-21T10:30:47Z</time>
			</trkpt>
			<trkpt lat="59.931295162730144" lon="30.369418458133108">
				<ele>6.825645487755537</ele>
				<time>2023-10-21T10:30:48Z</time>
			</trkpt>
			<trkpt lat="59.93129660269867" lon="30.36938148554931">
				<ele>7.9455592865124345</ele>
				<time>2023-10-21T10:30:49Z</time>
			</trkpt>
			<trkpt lat="59.93129864264669" lon="30.36930918895472">
				<ele>6.48554477840662</ele>
				<time>2023-10-21T10:30:51Z</time>
			</trkpt>
			<trkpt lat="59.93131041053881" lon="30.369250266322364">
				<ele>6.411942302249372</ele>
				<time>2023-10-21T10:30:53Z</time>
			</trkpt>
			<trkpt lat="59.93132393919417" lon="30.369217489883436">
				<ele>7.836505779996514</ele>
				<time>2023-10-21T10:30:55Z</time>
			</trkpt>
			<trkpt lat="59.93134732529784" lon="30.36918911916086">
				<ele>8.37630213610828</ele>
				<time>2023-10-21T10:30:57Z</time>
			</trkpt>
			<trkpt lat="59.93136372960199" lon="30.369148553965104">
				<ele>9.117243871092796</ele>
				<time>2023-10-21T10:30:59Z</time>
			</trkpt>
			<trkpt lat="59.9313667381323" lon="30.369094638965326">
				<ele>11.595366197638214</ele>
				<time>2023-10-21T10:31:01Z</time>
			</trkpt>
			<trkpt lat="59.931379091551825" lon="30.369057507662383">
				<ele>7.822767252102494</ele>
				<time>2023-10-21T10:31:03Z</time>
			</trkpt>
			<trkpt lat="59.93141676238253" lon="30.36903154288046">
				<ele>7.164255662821233</ele>
				<time>2023-10-21T10:31:06Z</time>
			</trkpt>
			<trkpt lat="59.93143504285716" lon="30.36900958145986">
				<ele>8.308078586123884</ele>
				<time>2023-10-21T10:31:08Z</time>
			</trkpt>
			<trkpt lat="59.93146143665742" lon="30.368997401408606">
				<ele>7.337284763343632</ele>
				<time>2023-10-21T10:31:10Z</time>
			</trkpt>
			<trkpt lat="59.93148921260186" lon="30.3689945331227">
				<ele>6.458264998160303</ele>
				<time>2023-10-21T10:31:11Z</time>
			</trkpt>
			<trkpt lat="59.93149276005402" lon="30.368920728798532">
				<ele>10.354592736810446</ele>
				<time>2023-10-21T10:31:14Z</time>
			</trkpt>
			<trkpt lat="59.93150306170775" lon="30.368873627102698">
				<ele>8.200934189371765</ele>
				<time>2023-10-21T10:31:16Z</time>
			</trkpt>
			<trkpt lat="59.93151918718427" lon="30.368815212990626">
				<ele>9.809342947788537</ele>
				<time>2023-10-21T10:31:18Z</time>
			</trkpt>
			<trkpt lat="59.931529249897466" lon="30.36876805713735">
				<ele>9.55051813274622</ele>
				<time>2023-10-21T10:31:20Z</time>
			</trkpt>
			<trkpt lat="59.93155011678242" lon="30.368743130294504">
				<ele>11.326073702424765</ele>
				<time>2023-10-21T10:31:22Z</time>
			</trkpt>
			<trkpt lat="59.93155766731126" lon="30.368703580997646">
				<ele>10.8811064818874</ele>
				<time>2023-10-21T10:31:24Z</time>
			</trkpt>
			<trkpt lat="59.93157920278201" lon="30.36866495464029">
				<ele>11.797374058514833</ele>
				<time>2023-10-21T10:31:26Z</time>
			</trkpt>
			<trkpt lat="59.93157738810273" lon="30.368617024053933">
				<ele>9.867172085680068</ele>
				<time>2023-10-21T10:31:28Z</time>
			</trkpt>
			<trkpt lat="59.93158912570404" lon="30.36858071374693">
				<ele>8.53626961633563</ele>
				<time>2023-10-21T10:31:30Z</time>
			</trkpt>
			<trkpt lat="59.93161024595323" lon="30.368537864878487">
				<ele>9.783267786726356</ele>
				<time>2023-10-21T10:31:32Z</time>
			</trkpt>
			<trkpt lat="59.93161132137777" lon="30.368486343131583">
				<ele>8.883863281458616</ele>
				<time>2023-10-21T10:31:34Z</time>
			</trkpt>
			<trkpt lat="59.93162236960364" lon="30.368436978683302">
				<ele>10.192768577486277</ele>
				<time>2023-10-21T10:31:36Z</time>
			</trkpt>
			<trkpt lat="59.93164003607914" lon="30.36841234227082">
				<ele>12.299174340441823</ele>
				<time>2023-10-21T10:31:38Z</time>
			</trkpt>
			<trkpt lat="59.93165235291365" lon="30.36836144714664">
				<ele>10.608371303416789</ele>
				<time>2023-10-21T10:31:40Z</time>
			</trkpt>
			<trkpt lat="59.931654185035484" lon="30.368323413143155">
				<ele>7.702878748998046</ele>
				<time>2023-10-21T10:31:42Z</time>
			</trkpt>
			<trkpt lat="59.931652914729455" lon="30.36827543649914">
				<ele>7.144864440895617</ele>
				<time>2023-10-21T10:31:43Z</time>
			</trkpt>
			<trkpt lat="59.93166733087328" lon="30.368236852693762">
				<ele>7.453218959271908</ele>
				<time>2023-10-21T10:31:45Z</time>
			</trkpt>
			<trkpt lat="59.931682383885864" lon="30.368201349601346">
				<ele>8.214073218405247</ele>
				<time>2023-10-21T10:31:47Z</time>
			</trkpt>
			<trkpt lat="59.93170384705049" lon="30.368202554854896">
				<ele>8.820245077833533</ele>
				<time>2023-10-21T10:31:48Z</time>
			</trkpt>
			<trkpt lat="59.93173879100052" lon="30.368215873922438">
				<ele>9.698789198882878</ele>
				<time>2023-10-21T10:31:49Z</time>
			</trkpt>
			<trkpt lat="59.931751630342" lon="30.368168451274524">
				<ele>10.236663674935699</ele>
				<time>2023-10-21T10:31:52Z</time>
			</trkpt>
			<trkpt lat="59.931770697016844" lon="30.368133096550874">
				<ele>10.448656771332026</ele>
				<time>2023-10-21T10:31:54Z</time>
			</trkpt>
			<trkpt lat="59.93180321140731" lon="30.368101134517893">
				<ele>10.86407167930156</ele>
				<time>2023-10-21T10:31:56Z</time>
			</trkpt>
			<trkpt lat="59.931822821241575" lon="30.368065619626428">
				<ele>10.707166056148708</ele>
				<time>2023-10-21T10:31:58Z</time>
			</trkpt>
			<trkpt lat="59.93184354580094" lon="30.36807236734846">
				<ele>11.938617954961956</ele>
				<time>2023-10-21T10:31:59Z</time>
			</trkpt>
			<trkpt lat="59.93184341778042" lon="30.36800978637998">
				<ele>9.826849641278386</ele>
				<time>2023-10-21T10:32:01Z</time>
			</trkpt>
			<trkpt lat="59.93184953737244" lon="30.367972517217435">
				<ele>8.59820597153157</ele>
				<time>2023-10-21T10:32:03Z</time>
			</trkpt>
			<trkpt lat="59.931860235034556" lon="30.36791637012511">
				<ele>11.00989330559969</ele>
				<time>2023-10-21T10:32:05Z</time>
			</trkpt>
			<trkpt lat="59.93187201100777" lon="30.367859775838358">
				<ele>11.9030708251521</ele>
				<time>2023-10-21T10:32:07Z</time>
			</trkpt>
			<trkpt lat="59.931892813533494" lon="30.3678139085503">
				<ele>10.56209934875369</ele>
				<time>2023-10-21T10:32:09Z</time>
			</trkpt>
			<trkpt lat="59.93190905462653" lon="30.367798131136677">
				<ele>11.452334878966212</ele>
				<time>2023-10-21T10:32:10Z</time>
			</trkpt>
			<trkpt lat="59.931911054905484" lon="30.367736169399144">
				<ele>11.350023809820414</ele>
				<time>2023-10-21T10:32:14Z</time>
			</trkpt>
			<trkpt lat="59.93192538562148" lon="30.36769142670821">
				<ele>11.73829279653728</ele>
				<time>2023-10-21T10:32:16Z</time>
			</trkpt>
			<trkpt lat="59.93194548086472" lon="30.36764154039587">
				<ele>12.65824344009161</ele>
				<time>2023-10-21T10:32:18Z</time>
			</trkpt>
			<trkpt lat="59.93196332978862" lon="30.367620508915774">
				<ele>15.956649885512888</ele>
				<time>2023-10-21T10:32:20Z</time>
			</trkpt>
			<trkpt lat="59.93194434034084" lon="30.36759241286671">
				<ele>13.7109200283885</ele>
				<time>2023-10-21T10:32:21Z</time>
			</trkpt>
			<trkpt lat="59.93194632995976" lon="30.367513701462634">
				<ele>6.269874113611877</ele>
				<time>2023-10-21T10:32:31Z</time>
			</trkpt>
			<trkpt lat="59.93196025884568" lon="30.367485023189925">
				<ele>5.13621255941689</ele>
				<time>2023-10-21T10:32:32Z</time>
			</trkpt>
			<trkpt lat="59.93198774678226" lon="30.367485046291517">
				<ele>2.8462866647168994</ele>
				<time>2023-10-21T10:32:36Z</time>
			</trkpt>
			<trkpt lat="59.93201154408558" lon="30.367463441390402">
				<ele>2.7084305649623275</ele>
				<time>2023-10-21T10:32:39Z</time>
			</trkpt>
			<trkpt lat="59.9320409737215" lon="30.36741187361857">
				<ele>4.050858575850725</ele>
				<time>2023-10-21T10:32:41Z</time>
			</trkpt>
			<trkpt lat="59.93207209278059" lon="30.367352968669003">
				<ele>5.213925049640238</ele>
				<time>2023-10-21T10:32:43Z</time>
			</trkpt>
			<trkpt lat="59.93208551559329" lon="30.367299379535922">
				<ele>6.266569687053561</ele>
				<time>2023-10-21T10:32:45Z</time>
			</trkpt>
			<trkpt lat="59.93210382048878" lon="30.367263191116134">
				<ele>6.876577059738338</ele>
				<time>2023-10-21T10:32:47Z</time>
			</trkpt>
			<trkpt lat="59.93212570526461" lon="30.367235606723273">
				<ele>9.956038119271398</ele>
				<time>2023-10-21T10:32:50Z</time>
			</trkpt>
			<trkpt lat="59.93214372554259" lon="30.367215695196947">
				<ele>9.01644420903176</ele>
				<time>2023-10-21T10:32:51Z</time>
			</trkpt>
			<trkpt lat="59.932165129932045" lon="30.367221472246086">
				<ele>8.725301709026098</ele>
				<time>2023-10-21T10:32:52Z</time>
			</trkpt>
			<trkpt lat="59.93218182486883" lon="30.36718352232548">
				<ele>6.601251004263759</ele>
				<time>2023-10-21T10:32:54Z</time>
			</trkpt>
			<trkpt lat="59.93218976298886" lon="30.367128551328758">
				<ele>5.225947239436209</ele>
				<time>2023-10-21T10:32:56Z</time>
			</trkpt>
			<trkpt lat="59.93217952907837" lon="30.367058425012402">
				<ele>5.451095402240753</ele>
				<time>2023-10-21T10:32:58Z</time>
			</trkpt>
			<trkpt lat="59.932204247264195" lon="30.367005312749065">
				<ele>6.739401366561651</ele>
				<time>2023-10-21T10:33:00Z</time>
			</trkpt>
			<trkpt lat="59.9322036885816" lon="30.366948862142475">
				<ele>6.415594761259854</ele>
				<time>2023-10-21T10:33:02Z</time>
			</trkpt>
			<trkpt lat="59.932217031057405" lon="30.366918011763296">
				<ele>6.857932361774147</ele>
				<time>2023-10-21T10:33:03Z</time>
			</trkpt>
			<trkpt lat="59.93222719598017" lon="30.36688772356569">
				<ele>7.690299774520099</ele>
				<time>2023-10-21T10:33:05Z</time>
			</trkpt>
			<trkpt lat="59.93222917572298" lon="30.36685149438059">
				<ele>7.074707471765578</ele>
				<time>2023-10-21T10:33:06Z</time>
			</trkpt>
			<trkpt lat="59.93223048355595" lon="30.366812231540326">
				<ele>4.706658408045769</ele>
				<time>2023-10-21T10:33:08Z</time>
			</trkpt>
			<trkpt lat="59.93224220467653" lon="30.366773184644178">
				<ele>9.441814147867262</ele>
				<time>2023-10-21T10:33:10Z</time>
			</trkpt>
			<trkpt lat="59.93224987409435" lon="30.366728391509685">
				<ele>8.134038127027452</ele>
				<time>2023-10-21T10:33:12Z</time>
			</trkpt>
			<trkpt lat="59.9322685122482" lon="30.366708400329063">
				<ele>9.333824501372874</ele>
				<time>2023-10-21T10:33:14Z</time>
			</trkpt>
			<trkpt lat="59.932274111015055" lon="30.36665806820228">
				<ele>9.74314765073359</ele>
				<time>2023-10-21T10:33:16Z</time>
			</trkpt>
			<trkpt lat="59.93228739086382" lon="30.366614764241607">
				<ele>11.720527851954103</ele>
				<time>2023-10-21T10:33:18Z</time>
			</trkpt>
			<trkpt lat="59.93230578142326" lon="30.366559152555148">
				<ele>8.576292794197798</ele>
				<time>2023-10-21T10:33:20Z</time>
			</trkpt>
			<trkpt lat="59.93232073754833" lon="30.366529526262678">
				<ele>7.106489302590489</ele>
				<time>2023-10-21T10:33:22Z</time>
			</trkpt>
			<trkpt lat="59.93232950264443" lon="30.366485240922653">
				<ele>9.000826686620712</ele>
				<time>2023-10-21T10:33:25Z</time>
			</trkpt>
			<trkpt lat="59.93234379631735" lon="30.36646323238597">
				<ele>9.511904693208635</ele>
				<time>2023-10-21T10:33:26Z</time>
			</trkpt>
			<trkpt lat="59.93235687369018" lon="30.36643830170232">
				<ele>10.948338167741895</ele>
				<time>2023-10-21T10:33:28Z</time>
			</trkpt>
			<trkpt lat="59.93238086687829" lon="30.366434885379704">
				<ele>11.20427765790373</ele>
				<time>2023-10-21T10:33:30Z</time>
			</trkpt>
			<trkpt lat="59.9324063715579" lon="30.366439310888065">
				<ele>13.204910681582987</ele>
				<time>2023-10-21T10:33:32Z</time>
			</trkpt>
			<trkpt lat="59.932433732698506" lon="30.366438500895512">
				<ele>13.872364762239158</ele>
				<time>2023-10-21T10:33:33Z</time>
			</trkpt>
			<trkpt lat="59.93245729626252" lon="30.36639504377825">
				<ele>12.951597325503826</ele>
				<time>2023-10-21T10:33:35Z</time>
			</trkpt>
			<trkpt lat="59.93247150289096" lon="30.366364158996436">
				<ele>16.346706523559988</ele>
				<time>2023-10-21T10:33:37Z</time>
			</trkpt>
			<trkpt lat="59.932475279003626" lon="30.36631258464216">
				<ele>13.036743788979948</ele>
				<time>2023-10-21T10:33:39Z</time>
			</trkpt>
			<trkpt lat="59.93248329193919" lon="30.366273218215028">
				<ele>12.806688339449465</ele>
				<time>2023-10-21T10:33:41Z</time>
			</trkpt>
			<trkpt lat="59.93252074584813" lon="30.36625454990608">
				<ele>12.475869281217456</ele>
				<time>2023-10-21T10:33:43Z</time>
			</trkpt>
			<trkpt lat="59.93251332290771" lon="30.366201973186463">
				<ele>9.719006569124758</ele>
				<time>2023-10-21T10:33:45Z</time>
			</trkpt>
			<trkpt lat="59.93252846858562" lon="30.366151247727746">
				<ele>8.594650918617845</ele>
				<time>2023-10-21T10:33:48Z</time>
			</trkpt>
			<trkpt lat="59.932554878603916" lon="30.36611055048477">
				<ele>10.890493558719754</ele>
				<time>2023-10-21T10:33:51Z</time>
			</trkpt>
			<trkpt lat="59.932559072557275" lon="30.36606043872019">
				<ele>11.37694511655718</ele>
				<time>2023-10-21T10:33:53Z</time>
			</trkpt>
			<trkpt lat="59.93256806011523" lon="30.365999091790396">
				<ele>11.399615725502372</ele>
				<time>2023-10-21T10:33:55Z</time>
			</trkpt>
			<trkpt lat="59.932576294396654" lon="30.365965263412633">
				<ele>11.620302744209766</ele>
				<time>2023-10-21T10:33:56Z</time>
			</trkpt>
			<trkpt lat="59.93258258478936" lon="30.365907485304966">
				<ele>14.249929261393845</ele>
				<time>2023-10-21T10:33:58Z</time>
			</trkpt>
			<trkpt lat="59.93258862420703" lon="30.365862204875825">
				<ele>10.68341903667897</ele>
				<time>2023-10-21T10:34:00Z</time>
			</trkpt>
			<trkpt lat="59.932605198831176" lon="30.36583516646477">
				<ele>11.817105763591826</ele>
				<time>2023-10-21T10:34:03Z</time>
			</trkpt>
			<trkpt lat="59.932621258387364" lon="30.365799348031672">
				<ele>11.385148375295103</ele>
				<time>2023-10-21T10:34:04Z</time>
			</trkpt>
			<trkpt lat="59.93262397880943" lon="30.365738245109377">
				<ele>11.090687138959765</ele>
				<time>2023-10-21T10:34:06Z</time>
			</trkpt>
			<trkpt lat="59.932621959764596" lon="30.36566974176707">
				<ele>8.289868284016848</ele>
				<time>2023-10-21T10:34:08Z</time>
			</trkpt>
			<trkpt lat="59.93263473577081" lon="30.365634573555287">
				<ele>8.535714648663998</ele>
				<time>2023-10-21T10:34:10Z</time>
			</trkpt>
			<trkpt lat="59.93263822868259" lon="30.365592020291995">
				<ele>7.776861392892897</ele>
				<time>2023-10-21T10:34:12Z</time>
			</trkpt>
			<trkpt lat="59.93264761957127" lon="30.36555245197191">
				<ele>9.206959328614175</ele>
				<time>2023-10-21T10:34:14Z</time>
			</trkpt>
			<trkpt lat="59.93266646742467" lon="30.365521616876226">
				<ele>9.556855127215385</ele>
				<time>2023-10-21T10:34:16Z</time>
			</trkpt>
			<trkpt lat="59.93267592812077" lon="30.365481491488698">
				<ele>9.194130674935877</ele>
				<time>2023-10-21T10:34:18Z</time>
			</trkpt>
			<trkpt lat="59.93269079485528" lon="30.365421565004958">
				<ele>10.285325452685356</ele>
				<time>2023-10-21T10:34:20Z</time>
			</trkpt>
			<trkpt lat="59.93271187847712" lon="30.365391491538418">
				<ele>10.967824649065733</ele>
				<time>2023-10-21T10:34:22Z</time>
			</trkpt>
			<trkpt lat="59.93273793747411" lon="30.365371680277804">
				<ele>11.12855807878077</ele>
				<time>2023-10-21T10:34:24Z</time>
			</trkpt>
			<trkpt lat="59.932761042313984" lon="30.365337642503487">
				<ele>12.974485062994063</ele>
				<time>2023-10-21T10:34:26Z</time>
			</trkpt>
			<trkpt lat="59.93275774318882" lon="30.365291826623803">
				<ele>9.87078705150634</ele>
				<time>2023-10-21T10:34:28Z</time>
			</trkpt>
			<trkpt lat="59.93277392470877" lon="30.365255320828375">
				<ele>10.221249976195395</ele>
				<time>2023-10-21T10:34:30Z</time>
			</trkpt>
			<trkpt lat="59.93278379111018" lon="30.365199026700413">
				<ele>10.233917095698416</ele>
				<time>2023-10-21T10:34:32Z</time>
			</trkpt>
			<trkpt lat="59.93279204783054" lon="30.365162691646066">
				<ele>10.11719239410013</ele>
				<time>2023-10-21T10:34:34Z</time>
			</trkpt>
			<trkpt lat="59.932811716062176" lon="30.36513221907522">
				<ele>8.98769654147327</ele>
				<time>2023-10-21T10:34:36Z</time>
			</trkpt>
			<trkpt lat="59.93282321672717" lon="30.365086217349358">
				<ele>7.288387390784919</ele>
				<time>2023-10-21T10:34:38Z</time>
			</trkpt>
			<trkpt lat="59.9328487109801" lon="30.365043375309114">
				<ele>12.311268473044038</ele>
				<time>2023-10-21T10:34:41Z</time>
			</trkpt>
			<trkpt lat="59.93286246654654" lon="30.364993735693073">
				<ele>13.079650812782347</ele>
				<time>2023-10-21T10:34:43Z</time>
			</trkpt>
			<trkpt lat="59.93288017396791" lon="30.364983973564915">
				<ele>12.441985392943025</ele>
				<time>2023-10-21T10:34:44Z</time>
			</trkpt>
			<trkpt lat="59.93289129717568" lon="30.36495536892951">
				<ele>11.7762640286237</ele>
				<time>2023-10-21T10:34:45Z</time>
			</trkpt>
			<trkpt lat="59.9329061142169" lon="30.36490925960314">
				<ele>11.705989288166165</ele>
				<time>2023-10-21T10:34:48Z</time>
			</trkpt>
			<trkpt lat="59.93292254759208" lon="30.364891301339174">
				<ele>12.087834894657135</ele>
				<time>2023-10-21T10:34:49Z</time>
			</trkpt>
			<trkpt lat="59.93292588633898" lon="30.36484518729972">
				<ele>10.81860296241939</ele>
				<time>2023-10-21T10:34:51Z</time>
			</trkpt>
			<trkpt lat="59.93293745177344" lon="30.364817178082344">
				<ele>10.756616337224841</ele>
				<time>2023-10-21T10:34:53Z</time>
			</trkpt>
			<trkpt lat="59.93295442518991" lon="30.364788567677493">
				<ele>10.688041446730494</ele>
				<time>2023-10-21T10:34:55Z</time>
			</trkpt>
			<trkpt lat="59.932976358148785" lon="30.36476050296132">
				<ele>13.804630634374917</ele>
				<time>2023-10-21T10:34:57Z</time>
			</trkpt>
			<trkpt lat="59.9329943898881" lon="30.36470582632862">
				<ele>13.456347197294235</ele>
				<time>2023-10-21T10:34:59Z</time>
			</trkpt>
			<trkpt lat="59.933005918501074" lon="30.364663292528462">
				<ele>11.079372892156243</ele>
				<time>2023-10-21T10:35:01Z</time>
			</trkpt>
			<trkpt lat="59.93301552881657" lon="30.364612320929716">
				<ele>9.495527585037053</ele>
				<time>2023-10-21T10:35:04Z</time>
			</trkpt>
			<trkpt lat="59.93303548049518" lon="30.36456560950033">
				<ele>10.339780355803668</ele>
				<time>2023-10-21T10:35:06Z</time>
			</trkpt>
			<trkpt lat="59.93304918240481" lon="30.3645252437052">
				<ele>11.298631763085723</ele>
				<time>2023-10-21T10:35:08Z</time>
			</trkpt>
			<trkpt lat="59.93306359443903" lon="30.364467800060602">
				<ele>11.23086444940418</ele>
				<time>2023-10-21T10:35:10Z</time>
			</trkpt>
			<trkpt lat="59.93306712577939" lon="30.364408288387377">
				<ele>9.347958380356431</ele>
				<time>2023-10-21T10:35:13Z</time>
			</trkpt>
			<trkpt lat="59.93308117532253" lon="30.36435675158871">
				<ele>9.454736870713532</ele>
				<time>2023-10-21T10:35:15Z</time>
			</trkpt>
			<trkpt lat="59.93309197233411" lon="30.36431885924811">
				<ele>11.623955257236958</ele>
				<time>2023-10-21T10:35:17Z</time>
			</trkpt>
			<trkpt lat="59.93310021208882" lon="30.364278043837064">
				<ele>9.342955868691206</ele>
				<time>2023-10-21T10:35:19Z</time>
			</trkpt>
			<trkpt lat="59.93310582639719" lon="30.3642133431017">
				<ele>8.81987290084362</ele>
				<time>2023-10-21T10:35:21Z</time>
			</trkpt>
			<trkpt lat="59.93310809221442" lon="30.36417678754074">
				<ele>7.997925762087107</ele>
				<time>2023-10-21T10:35:23Z</time>
			</trkpt>
			<trkpt lat="59.93312117535207" lon="30.364133607408522">
				<ele>8.257749622687697</ele>
				<time>2023-10-21T10:35:30Z</time>
			</trkpt>
			<trkpt lat="59.933144067301846" lon="30.364118906492553">
				<ele>7.750438062474132</ele>
				<time>2023-10-21T10:35:35Z</time>
			</trkpt>
			<trkpt lat="59.93310879329818" lon="30.36411118950724">
				<ele>6.2064790884032845</ele>
				<time>2023-10-21T10:35:44Z</time>
			</trkpt>
			<trkpt lat="59.933135201095546" lon="30.364098732229387">
				<ele>5.589013334363699</ele>
				<time>2023-10-21T10:35:49Z</time>
			</trkpt>
			<trkpt lat="59.933115425594515" lon="30.364063918807087">
				<ele>6.5163176683709025</ele>
				<time>2023-10-21T10:35:57Z</time>
			</trkpt>
			<trkpt lat="59.933104277638705" lon="30.364092730612963">
				<ele>5.042915152385831</ele>
				<time>2023-10-21T10:36:13Z</time>
			</trkpt>
			<trkpt lat="59.93309817032912" lon="30.364133285820337">
				<ele>3.75973913539201</ele>
				<time>2023-10-21T10:36:19Z</time>
			</trkpt>
			<trkpt lat="59.933107019829954" lon="30.3641017676359">
				<ele>3.8503214018419385</ele>
				<time>2023-10-21T10:36:21Z</time>
			</trkpt>
			<trkpt lat="59.93311297768177" lon="30.364065363541304">
				<ele>2.410681128501892</ele>
				<time>2023-10-21T10:36:23Z</time>
			</trkpt>
			<trkpt lat="59.93314258224494" lon="30.364045200465664">
				<ele>1.701270922087133</ele>
				<time>2023-10-21T10:36:25Z</time>
			</trkpt>
			<trkpt lat="59.9331733328158" lon="30.364043213134625">
				<ele>2.8802732080221176</ele>
				<time>2023-10-21T10:36:27Z</time>
			</trkpt>
			<trkpt lat="59.93319264817216" lon="30.36402588707798">
				<ele>3.640617481432855</ele>
				<time>2023-10-21T10:36:28Z</time>
			</trkpt>
			<trkpt lat="59.93320796832367" lon="30.364003961254706">
				<ele>3.8532390715554357</ele>
				<time>2023-10-21T10:36:29Z</time>
			</trkpt>
			<trkpt lat="59.9332255970868" lon="30.36397112101208">
				<ele>4.874664984643459</ele>
				<time>2023-10-21T10:36:31Z</time>
			</trkpt>
			<trkpt lat="59.93323464375042" lon="30.36393339683766">
				<ele>5.694816615432501</ele>
				<time>2023-10-21T10:36:32Z</time>
			</trkpt>
			<trkpt lat="59.93325345986747" lon="30.36390112980154">
				<ele>6.606176014058292</ele>
				<time>2023-10-21T10:36:34Z</time>
			</trkpt>
			<trkpt lat="59.9332751718612" lon="30.363873107643318">
				<ele>4.956883634440601</ele>
				<time>2023-10-21T10:36:36Z</time>
			</trkpt>
			<trkpt lat="59.933287682483645" lon="30.363839222647425">
				<ele>6.595061455853283</ele>
				<time>2023-10-21T10:36:38Z</time>
			</trkpt>
			<trkpt lat="59.93328550545982" lon="30.363800276240557">
				<ele>5.2315343683585525</ele>
				<time>2023-10-21T10:36:40Z</time>
			</trkpt>
			<trkpt lat="59.933289302016185" lon="30.36374615049602">
				<ele>8.004586554132402</ele>
				<time>2023-10-21T10:36:43Z</time>
			</trkpt>
			<trkpt lat="59.93331576573777" lon="30.363714052918727">
				<ele>12.09930475987494</ele>
				<time>2023-10-21T10:36:45Z</time>
			</trkpt>
			<trkpt lat="59.93332950056979" lon="30.363666459955997">
				<ele>10.204264680854976</ele>
				<time>2023-10-21T10:36:49Z</time>
			</trkpt>
			<trkpt lat="59.93335180679004" lon="30.363656792175103">
				<ele>9.493277983739972</ele>
				<time>2023-10-21T10:36:50Z</time>
			</trkpt>
			<trkpt lat="59.93340600211357" lon="30.363554122654417">
				<ele>8.906255850568414</ele>
				<time>2023-10-21T10:36:52Z</time>
			</trkpt>
			<trkpt lat="59.933418789033446" lon="30.36352569324488">
				<ele>8.721115418709815</ele>
				<time>2023-10-21T10:36:53Z</time>
			</trkpt>
			<trkpt lat="59.9334325145886" lon="30.363471297335387">
				<ele>9.637928794138134</ele>
				<time>2023-10-21T10:36:55Z</time>
			</trkpt>
			<trkpt lat="59.933443231402514" lon="30.36341426807893">
				<ele>9.758248631842434</ele>
				<time>2023-10-21T10:36:57Z</time>
			</trkpt>
			<trkpt lat="59.93345820892942" lon="30.36336888063713">
				<ele>9.625481249764562</ele>
				<time>2023-10-21T10:36:59Z</time>
			</trkpt>
			<trkpt lat="59.93344725847658" lon="30.363305010933743">
				<ele>10.131964546628296</ele>
				<time>2023-10-21T10:37:01Z</time>
			</trkpt>
			<trkpt lat="59.93346807623531" lon="30.363265048541113">
				<ele>10.743966662324965</ele>
				<time>2023-10-21T10:37:03Z</time>
			</trkpt>
			<trkpt lat="59.933483750968115" lon="30.363230117361336">
				<ele>10.057177453301847</ele>
				<time>2023-10-21T10:37:05Z</time>
			</trkpt>
			<trkpt lat="59.93349689336118" lon="30.36318488986325">
				<ele>11.937053065747023</ele>
				<time>2023-10-21T10:37:07Z</time>
			</trkpt>
			<trkpt lat="59.93352142690659" lon="30.363178715921432">
				<ele>12.78292038012296</ele>
				<time>2023-10-21T10:37:09Z</time>
			</trkpt>
			<trkpt lat="59.93353656366589" lon="30.363143478309077">
				<ele>14.433465826325119</ele>
				<time>2023-10-21T10:37:10Z</time>
			</trkpt>
			<trkpt lat="59.933535850161114" lon="30.36310402180263">
				<ele>14.635087453760207</ele>
				<time>2023-10-21T10:37:12Z</time>
			</trkpt>
			<trkpt lat="59.9335451314618" lon="30.36305268435857">
				<ele>14.548566965386271</ele>
				<time>2023-10-21T10:37:14Z</time>
			</trkpt>
			<trkpt lat="59.93353813963828" lon="30.36300546900813">
				<ele>10.379565948620439</ele>
				<time>2023-10-21T10:37:17Z</time>
			</trkpt>
			<trkpt lat="59.93352019613449" lon="30.36298077240472">
				<ele>10.725129874423146</ele>
				<time>2023-10-21T10:37:19Z</time>
			</trkpt>
			<trkpt lat="59.93350083032915" lon="30.36294267451554">
				<ele>8.77185799088329</ele>
				<time>2023-10-21T10:37:22Z</time>
			</trkpt>
			<trkpt lat="59.9334666937826" lon="30.362919121711478">
				<ele>7.58787483535707</ele>
				<time>2023-10-21T10:37:24Z</time>
			</trkpt>
			<trkpt lat="59.933438555623454" lon="30.362898643071194">
				<ele>6.201763212680817</ele>
				<time>2023-10-21T10:37:25Z</time>
			</trkpt>
			<trkpt lat="59.933424451816265" lon="30.36287080011818">
				<ele>5.177901869639754</ele>
				<time>2023-10-21T10:37:26Z</time>
			</trkpt>
			<trkpt lat="59.93340233029431" lon="30.36287280610189">
				<ele>5.3285775519907475</ele>
				<time>2023-10-21T10:37:27Z</time>
			</trkpt>
			<trkpt lat="59.93338264734524" lon="30.36285326311308">
				<ele>4.9293248895555735</ele>
				<time>2023-10-21T10:37:28Z</time>
			</trkpt>
			<trkpt lat="59.93336950366639" lon="30.362884323907377">
				<ele>3.4974292600527406</ele>
				<time>2023-10-21T10:37:30Z</time>
			</trkpt>
			<trkpt lat="59.933352950066066" lon="30.362863718614555">
				<ele>3.860974877141416</ele>
				<time>2023-10-21T10:37:31Z</time>
			</trkpt>
			<trkpt lat="59.93331897598453" lon="30.362859582197405">
				<ele>4.217361663468182</ele>
				<time>2023-10-21T10:37:33Z</time>
			</trkpt>
			<trkpt lat="59.93330725056678" lon="30.362911666114652">
				<ele>2.2199100740253925</ele>
				<time>2023-10-21T10:37:34Z</time>
			</trkpt>
			<trkpt lat="59.9332757130238" lon="30.362890880268743">
				<ele>2.3678817888721824</ele>
				<time>2023-10-21T10:37:36Z</time>
			</trkpt>
			<trkpt lat="59.93324649429704" lon="30.362897305848275">
				<ele>2.9832672141492367</ele>
				<time>2023-10-21T10:37:39Z</time>
			</trkpt>
			<trkpt lat="59.933223131482634" lon="30.362844157928166">
				<ele>2.388166308403015</ele>
				<time>2023-10-21T10:37:42Z</time>
			</trkpt>
			<trkpt lat="59.93319067033133" lon="30.362843009538302">
				<ele>2.2005751859396696</ele>
				<time>2023-10-21T10:37:44Z</time>
			</trkpt>
			<trkpt lat="59.93316800762343" lon="30.362809652010124">
				<ele>1.7125474950298667</ele>
				<time>2023-10-21T10:37:46Z</time>
			</trkpt>
			<trkpt lat="59.93315067855096" lon="30.362783928258235">
				<ele>2.4519985765218735</ele>
				<time>2023-10-21T10:37:47Z</time>
			</trkpt>
			<trkpt lat="59.93313362930649" lon="30.36276535831975">
				<ele>2.2848248574882746</ele>
				<time>2023-10-21T10:37:48Z</time>
			</trkpt>
			<trkpt lat="59.93310334827346" lon="30.36274551784861">
				<ele>2.807761713862419</ele>
				<time>2023-10-21T10:37:50Z</time>
			</trkpt>
			<trkpt lat="59.933070256370826" lon="30.362740772600993">
				<ele>3.92129678837955</ele>
				<time>2023-10-21T10:37:52Z</time>
			</trkpt>
			<trkpt lat="59.933035909814194" lon="30.3627238648896">
				<ele>4.157891722396016</ele>
				<time>2023-10-21T10:37:54Z</time>
			</trkpt>
			<trkpt lat="59.93301451281303" lon="30.362724457212007">
				<ele>3.5234932946041226</ele>
				<time>2023-10-21T10:37:56Z</time>
			</trkpt>
			<trkpt lat="59.93298719505013" lon="30.36271074905542">
				<ele>4.252389664761722</ele>
				<time>2023-10-21T10:37:58Z</time>
			</trkpt>
			<trkpt lat="59.932959420361094" lon="30.36267090802403">
				<ele>5.229605910368264</ele>
				<time>2023-10-21T10:38:00Z</time>
			</trkpt>
			<trkpt lat="59.93293536540497" lon="30.362645161796422">
				<ele>6.736588264815509</ele>
				<time>2023-10-21T10:38:01Z</time>
			</trkpt>
			<trkpt lat="59.93291205852219" lon="30.36262902583681">
				<ele>7.307647097855806</ele>
				<time>2023-10-21T10:38:02Z</time>
			</trkpt>
			<trkpt lat="59.93289508355762" lon="30.362650891091153">
				<ele>4.830325739458203</ele>
				<time>2023-10-21T10:38:04Z</time>
			</trkpt>
			<trkpt lat="59.932882866559915" lon="30.362677136641903">
				<ele>2.336820769123733</ele>
				<time>2023-10-21T10:38:06Z</time>
			</trkpt>
			<trkpt lat="59.93286034260752" lon="30.362659443365157">
				<ele>2.01664168946445</ele>
				<time>2023-10-21T10:38:09Z</time>
			</trkpt>
			<trkpt lat="59.93283787803222" lon="30.36263429309631">
				<ele>2.0832958864048123</ele>
				<time>2023-10-21T10:38:11Z</time>
			</trkpt>
			<trkpt lat="59.93281266704537" lon="30.362620149542835">
				<ele>2.1324584567919374</ele>
				<time>2023-10-21T10:38:13Z</time>
			</trkpt>
			<trkpt lat="59.93279510607602" lon="30.362596573172123">
				<ele>3.6566247921437025</ele>
				<time>2023-10-21T10:38:14Z</time>
			</trkpt>
			<trkpt lat="59.932770172238115" lon="30.362595667289806">
				<ele>1.2444191733375192</ele>
				<time>2023-10-21T10:38:17Z</time>
			</trkpt>
			<trkpt lat="59.932743584584685" lon="30.362577266490547">
				<ele>1.201694929972291</ele>
				<time>2023-10-21T10:38:19Z</time>
			</trkpt>
			<trkpt lat="59.93272148314352" lon="30.36256174858563">
				<ele>1.440793352201581</ele>
				<time>2023-10-21T10:38:22Z</time>
			</trkpt>
			<trkpt lat="59.932696358491064" lon="30.36255910223852">
				<ele>2.073846778832376</ele>
				<time>2023-10-21T10:38:24Z</time>
			</trkpt>
			<trkpt lat="59.9326804448872" lon="30.362537622642012">
				<ele>1.7937039211392403</ele>
				<time>2023-10-21T10:38:26Z</time>
			</trkpt>
			<trkpt lat="59.93265178196612" lon="30.36252704203902">
				<ele>1.8042865777388215</ele>
				<time>2023-10-21T10:38:28Z</time>
			</trkpt>
			<trkpt lat="59.93261879910647" lon="30.362499431625988">
				<ele>1.164274511858821</ele>
				<time>2023-10-21T10:38:30Z</time>
			</trkpt>
			<trkpt lat="59.932600137234665" lon="30.36250003619445">
				<ele>-2.122650880366564</ele>
				<time>2023-10-21T10:38:33Z</time>
			</trkpt>
			<trkpt lat="59.93258149484565" lon="30.36249717672394">
				<ele>-2.440784084610641</ele>
				<time>2023-10-21T10:38:34Z</time>
			</trkpt>
			<trkpt lat="59.932552972474" lon="30.362474990817894">
				<ele>-1.1579897366464138</ele>
				<time>2023-10-21T10:38:36Z</time>
			</trkpt>
			<trkpt lat="59.93253336828307" lon="30.36245331646916">
				<ele>-0.897160972468555</ele>
				<time>2023-10-21T10:38:37Z</time>
			</trkpt>
			<trkpt lat="59.93251077567316" lon="30.362429825859426">
				<ele>0.020182830281555653</ele>
				<time>2023-10-21T10:38:39Z</time>
			</trkpt>
			<trkpt lat="59.93249577499248" lon="30.362399127336936">
				<ele>0.1870300965383649</ele>
				<time>2023-10-21T10:38:40Z</time>
			</trkpt>
			<trkpt lat="59.93247744324315" lon="30.362388175926355">
				<ele>-0.4339253129437566</ele>
				<time>2023-10-21T10:38:42Z</time>
			</trkpt>
			<trkpt lat="59.93245463055661" lon="30.362374867230113">
				<ele>0.5666345385834575</ele>
				<time>2023-10-21T10:38:44Z</time>
			</trkpt>
			<trkpt lat="59.93242040728191" lon="30.362362696284457">
				<ele>-0.09844011161476374</ele>
				<time>2023-10-21T10:38:46Z</time>
			</trkpt>
			<trkpt lat="59.932402817908" lon="30.36234058289725">
				<ele>-0.6957361111417413</ele>
				<time>2023-10-21T10:38:48Z</time>
			</trkpt>
			<trkpt lat="59.932363534805454" lon="30.362314888220137">
				<ele>0.026387974619865417</ele>
				<time>2023-10-21T10:38:52Z</time>
			</trkpt>
			<trkpt lat="59.93233739006995" lon="30.362279986911137">
				<ele>1.0038756113499403</ele>
				<time>2023-10-21T10:38:53Z</time>
			</trkpt>
			<trkpt lat="59.932306070896075" lon="30.362241162232422">
				<ele>1.584979321807623</ele>
				<time>2023-10-21T10:38:54Z</time>
			</trkpt>
			<trkpt lat="59.93228742406372" lon="30.3622013889964">
				<ele>2.7162506952881813</ele>
				<time>2023-10-21T10:38:55Z</time>
			</trkpt>
			<trkpt lat="59.93226459225106" lon="30.36221670623403">
				<ele>0.5625868979841471</ele>
				<time>2023-10-21T10:38:58Z</time>
			</trkpt>
			<trkpt lat="59.93223622418653" lon="30.362222659849188">
				<ele>0.3021454010158777</ele>
				<time>2023-10-21T10:39:00Z</time>
			</trkpt>
			<trkpt lat="59.93219849830043" lon="30.36219621532773">
				<ele>0.30918188858777285</ele>
				<time>2023-10-21T10:39:02Z</time>
			</trkpt>
			<trkpt lat="59.93217118952249" lon="30.362162402972107">
				<ele>0.8473834386095405</ele>
				<time>2023-10-21T10:39:05Z</time>
			</trkpt>
			<trkpt lat="59.93215891768992" lon="30.36212859817555">
				<ele>1.6077951230108738</ele>
				<time>2023-10-21T10:39:06Z</time>
			</trkpt>
			<trkpt lat="59.93213358705317" lon="30.362107351468186">
				<ele>2.027739752084017</ele>
				<time>2023-10-21T10:39:08Z</time>
			</trkpt>
			<trkpt lat="59.93211374909188" lon="30.3621131833002">
				<ele>1.8098492855206132</ele>
				<time>2023-10-21T10:39:09Z</time>
			</trkpt>
			<trkpt lat="59.93209334624403" lon="30.36209997930769">
				<ele>0.5652965847402811</ele>
				<time>2023-10-21T10:39:11Z</time>
			</trkpt>
			<trkpt lat="59.93207711381108" lon="30.362077384210448">
				<ele>0.6220873324200511</ele>
				<time>2023-10-21T10:39:13Z</time>
			</trkpt>
			<trkpt lat="59.93204793848754" lon="30.36205864660335">
				<ele>0.7242431463673711</ele>
				<time>2023-10-21T10:39:15Z</time>
			</trkpt>
			<trkpt lat="59.93202979656503" lon="30.3620303722663">
				<ele>0.0537465438246727</ele>
				<time>2023-10-21T10:39:17Z</time>
			</trkpt>
			<trkpt lat="59.932011332696455" lon="30.3620202846051">
				<ele>0.3211644683033228</ele>
				<time>2023-10-21T10:39:18Z</time>
			</trkpt>
			<trkpt lat="59.93199665382357" lon="30.36199821961517">
				<ele>-0.5395102929323912</ele>
				<time>2023-10-21T10:39:20Z</time>
			</trkpt>
			<trkpt lat="59.93196608893791" lon="30.362001369427393">
				<ele>-0.6346478536725044</ele>
				<time>2023-10-21T10:39:22Z</time>
			</trkpt>
			<trkpt lat="59.931926448879196" lon="30.361921532539878">
				<ele>4.268094136379659</ele>
				<time>2023-10-21T10:39:23Z</time>
			</trkpt>
			<trkpt lat="59.93191028227444" lon="30.361900666604093">
				<ele>4.667296431958675</ele>
				<time>2023-10-21T10:39:25Z</time>
			</trkpt>
			<trkpt lat="59.93188654924056" lon="30.361889302430576">
				<ele>5.270251379348338</ele>
				<time>2023-10-21T10:39:27Z</time>
			</trkpt>
			<trkpt lat="59.93186738144493" lon="30.361889276143614">
				<ele>5.8118508495390415</ele>
				<time>2023-10-21T10:39:29Z</time>
			</trkpt>
			<trkpt lat="59.931845294535805" lon="30.36190449298885">
				<ele>2.5506461076438427</ele>
				<time>2023-10-21T10:39:31Z</time>
			</trkpt>
			<trkpt lat="59.931822627891854" lon="30.361912753577144">
				<ele>1.197676980867982</ele>
				<time>2023-10-21T10:39:33Z</time>
			</trkpt>
			<trkpt lat="59.931803695152986" lon="30.361914416502014">
				<ele>2.297899665310979</ele>
				<time>2023-10-21T10:39:34Z</time>
			</trkpt>
			<trkpt lat="59.9317687940673" lon="30.361877070318922">
				<ele>3.096052317880094</ele>
				<time>2023-10-21T10:39:36Z</time>
			</trkpt>
			<trkpt lat="59.93175152466032" lon="30.36185048380105">
				<ele>3.451224045827985</ele>
				<time>2023-10-21T10:39:38Z</time>
			</trkpt>
			<trkpt lat="59.93173288743141" lon="30.361836970391643">
				<ele>4.779310530051589</ele>
				<time>2023-10-21T10:39:39Z</time>
			</trkpt>
			<trkpt lat="59.931716780268985" lon="30.361810474949266">
				<ele>7.439813603647053</ele>
				<time>2023-10-21T10:39:40Z</time>
			</trkpt>
			<trkpt lat="59.93170689914097" lon="30.361762468356584">
				<ele>7.1342043755576015</ele>
				<time>2023-10-21T10:39:43Z</time>
			</trkpt>
			<trkpt lat="59.9317259328749" lon="30.361759414640762">
				<ele>5.85389728564769</ele>
				<time>2023-10-21T10:39:45Z</time>
			</trkpt>
			<trkpt lat="59.93173587422478" lon="30.361829292751466">
				<ele>3.7784437062218785</ele>
				<time>2023-10-21T10:39:48Z</time>
			</trkpt>
			<trkpt lat="59.93173407705676" lon="30.361707227814538">
				<ele>4.958723065443337</ele>
				<time>2023-10-21T10:40:15Z</time>
			</trkpt>
			<trkpt lat="59.93174198823367" lon="30.361754222529573">
				<ele>4.57058066315949</ele>
				<time>2023-10-21T10:40:54Z</time>
			</trkpt>
			<trkpt lat="59.93174342237683" lon="30.361696933493693">
				<ele>3.8932139724493027</ele>
				<time>2023-10-21T10:40:57Z</time>
			</trkpt>
			<trkpt lat="59.931744354384186" lon="30.361654612549955">
				<ele>4.010761615820229</ele>
				<time>2023-10-21T10:40:59Z</time>
			</trkpt>
			<trkpt lat="59.931749746987954" lon="30.361598790036243">
				<ele>4.680606723763049</ele>
				<time>2023-10-21T10:41:01Z</time>
			</trkpt>
			<trkpt lat="59.93175568324789" lon="30.36152569314432">
				<ele>4.962292172014713</ele>
				<time>2023-10-21T10:41:03Z</time>
			</trkpt>
			<trkpt lat="59.931756515966484" lon="30.361467122347694">
				<ele>3.18991475738585</ele>
				<time>2023-10-21T10:41:05Z</time>
			</trkpt>
			<trkpt lat="59.93176231413248" lon="30.361427842698166">
				<ele>3.9090427132323384</ele>
				<time>2023-10-21T10:41:07Z</time>
			</trkpt>
			<trkpt lat="59.93177035363845" lon="30.361395610106747">
				<ele>3.3638598127290606</ele>
				<time>2023-10-21T10:41:09Z</time>
			</trkpt>
			<trkpt lat="59.931774684532265" lon="30.361345031615166">
				<ele>5.211603409610689</ele>
				<time>2023-10-21T10:41:11Z</time>
			</trkpt>
			<trkpt lat="59.931777809068514" lon="30.361278842244005">
				<ele>4.100183478556573</ele>
				<time>2023-10-21T10:41:13Z</time>
			</trkpt>
			<trkpt lat="59.9317840484903" lon="30.361213519903238">
				<ele>5.241076291538775</ele>
				<time>2023-10-21T10:41:15Z</time>
			</trkpt>
			<trkpt lat="59.93178638993006" lon="30.361173436547993">
				<ele>5.230259933508933</ele>
				<time>2023-10-21T10:41:17Z</time>
			</trkpt>
			<trkpt lat="59.93179770273586" lon="30.361125086908856">
				<ele>5.992174574173987</ele>
				<time>2023-10-21T10:41:20Z</time>
			</trkpt>
			<trkpt lat="59.93179141009804" lon="30.36107405056935">
				<ele>7.050785510800779</ele>
				<time>2023-10-21T10:41:22Z</time>
			</trkpt>
			<trkpt lat="59.931770718956344" lon="30.3610167044485">
				<ele>6.010893420316279</ele>
				<time>2023-10-21T10:41:24Z</time>
			</trkpt>
			<trkpt lat="59.93174745007199" lon="30.360983718863295">
				<ele>6.3512410912662745</ele>
				<time>2023-10-21T10:41:27Z</time>
			</trkpt>
			<trkpt lat="59.93172317497588" lon="30.360966543717097">
				<ele>6.369206741452217</ele>
				<time>2023-10-21T10:41:29Z</time>
			</trkpt>
			<trkpt lat="59.93170574591135" lon="30.360947534731128">
				<ele>6.911539574153721</ele>
				<time>2023-10-21T10:41:30Z</time>
			</trkpt>
			<trkpt lat="59.93168214321478" lon="30.360927250458072">
				<ele>5.999229937791824</ele>
				<time>2023-10-21T10:41:32Z</time>
			</trkpt>
			<trkpt lat="59.93166187848656" lon="30.36089448868037">
				<ele>6.002733797766268</ele>
				<time>2023-10-21T10:41:34Z</time>
			</trkpt>
			<trkpt lat="59.93164544306369" lon="30.36085365170855">
				<ele>5.685784410685301</ele>
				<time>2023-10-21T10:41:36Z</time>
			</trkpt>
			<trkpt lat="59.931642048160754" lon="30.36081697105399">
				<ele>6.790567451156676</ele>
				<time>2023-10-21T10:41:38Z</time>
			</trkpt>
			<trkpt lat="59.93164632485891" lon="30.36076828117243">
				<ele>4.467026288621128</ele>
				<time>2023-10-21T10:41:40Z</time>
			</trkpt>
			<trkpt lat="59.93159414274642" lon="30.360914748190307">
				<ele>19.216434554196894</ele>
				<time>2023-10-21T10:41:46Z</time>
			</trkpt>
		</trkseg>
	</trk>
</gpx>
