<?xml version="1.0" encoding="UTF-8"?>
<gpx xmlns:xsi="http://www.w3.org/2001/XMLSchema-instance" xmlns="http://www.topografix.com/GPX/1/1" xsi:schemaLocation="http://www.topografix.com/GPX/1/1 http://www.topografix.com/GPX/1/1/gpx.xsd" version="1.1" creator="Open GPX Tracker for iOS">
	<trk>
		<trkseg>
			<trkpt lat="59.93370094732493" lon="30.312225791813184">
				<ele>8.311336517333984</ele>
				<time>2023-07-25T15:59:41Z</time>
			</trkpt>
			<trkpt lat="59.933720631580734" lon="30.31208219940803">
				<ele>17.22650146484375</ele>
				<time>2023-07-25T15:59:41Z</time>
			</trkpt>
			<trkpt lat="59.933698168080234" lon="30.31215730126045">
				<ele>16.40496826171875</ele>
				<time>2023-07-25T15:59:42Z</time>
			</trkpt>
			<trkpt lat="59.93366459855803" lon="30.31215788799367">
				<ele>15.49285888671875</ele>
				<time>2023-07-25T15:59:43Z</time>
			</trkpt>
			<trkpt lat="59.93362239567556" lon="30.312061831383325">
				<ele>5.027587890625</ele>
				<time>2023-07-25T15:59:44Z</time>
			</trkpt>
			<trkpt lat="59.93363195104518" lon="30.312107428936578">
				<ele>2.84161376953125</ele>
				<time>2023-07-25T15:59:45Z</time>
			</trkpt>
			<trkpt lat="59.93361807899543" lon="30.312067782534577">
				<ele>7.958251953125</ele>
				<time>2023-07-25T15:59:46Z</time>
			</trkpt>
			<trkpt lat="59.93359783669927" lon="30.312029561056114">
				<ele>5.97772216796875</ele>
				<time>2023-07-25T15:59:48Z</time>
			</trkpt>
			<trkpt lat="59.933573906365716" lon="30.311988908825732">
				<ele>2.762451171875</ele>
				<time>2023-07-25T15:59:51Z</time>
			</trkpt>
			<trkpt lat="59.93355803533255" lon="30.311958374366686">
				<ele>4.598428922705352</ele>
				<time>2023-07-25T15:59:53Z</time>
			</trkpt>
			<trkpt lat="59.9335444264065" lon="30.311919716340068">
				<ele>5.531082379631698</ele>
				<time>2023-07-25T15:59:55Z</time>
			</trkpt>
			<trkpt lat="59.9335305646896" lon="30.311875097167956">
				<ele>6.222816693596542</ele>
				<time>2023-07-25T15:59:57Z</time>
			</trkpt>
			<trkpt lat="59.93350613548738" lon="30.311833580404073">
				<ele>5.954708380624652</ele>
				<time>2023-07-25T16:00:00Z</time>
			</trkpt>
			<trkpt lat="59.93349233914433" lon="30.311795241830964">
				<ele>4.439422833733261</ele>
				<time>2023-07-25T16:00:02Z</time>
			</trkpt>
			<trkpt lat="59.93347707159008" lon="30.311771655687558">
				<ele>4.536323771812022</ele>
				<time>2023-07-25T16:00:04Z</time>
			</trkpt>
			<trkpt lat="59.933628565115214" lon="30.311652056677264">
				<ele>6.371135618537664</ele>
				<time>2023-07-25T16:00:13Z</time>
			</trkpt>
			<trkpt lat="59.93362904852169" lon="30.31159881904817">
				<ele>5.0761283822357655</ele>
				<time>2023-07-25T16:00:42Z</time>
			</trkpt>
			<trkpt lat="59.933613297083475" lon="30.31155723670762">
				<ele>5.1011625081300735</ele>
				<time>2023-07-25T16:00:45Z</time>
			</trkpt>
			<trkpt lat="59.933596857155486" lon="30.311539207453812">
				<ele>4.758623295463622</ele>
				<time>2023-07-25T16:00:47Z</time>
			</trkpt>
			<trkpt lat="59.93357290756964" lon="30.311517497503125">
				<ele>5.2778969667851925</ele>
				<time>2023-07-25T16:00:49Z</time>
			</trkpt>
			<trkpt lat="59.933553621883796" lon="30.31149907574215">
				<ele>6.227958790026605</ele>
				<time>2023-07-25T16:00:50Z</time>
			</trkpt>
			<trkpt lat="59.93353287226006" lon="30.311476324004797">
				<ele>6.111513719893992</ele>
				<time>2023-07-25T16:00:52Z</time>
			</trkpt>
			<trkpt lat="59.93350596709833" lon="30.311455318093337">
				<ele>6.141948610544205</ele>
				<time>2023-07-25T16:00:55Z</time>
			</trkpt>
			<trkpt lat="59.93348430916029" lon="30.31144171188848">
				<ele>5.704959222115576</ele>
				<time>2023-07-25T16:00:57Z</time>
			</trkpt>
			<trkpt lat="59.933501792665346" lon="30.31142389336478">
				<ele>6.706346904858947</ele>
				<time>2023-07-25T16:00:59Z</time>
			</trkpt>
			<trkpt lat="59.933486915165815" lon="30.3113854179115">
				<ele>5.1471280148252845</ele>
				<time>2023-07-25T16:01:01Z</time>
			</trkpt>
			<trkpt lat="59.93345901359269" lon="30.31137424217436">
				<ele>4.334984707646072</ele>
				<time>2023-07-25T16:01:04Z</time>
			</trkpt>
			<trkpt lat="59.93343679838066" lon="30.31135760258739">
				<ele>3.470373679883778</ele>
				<time>2023-07-25T16:01:06Z</time>
			</trkpt>
			<trkpt lat="59.93341315743357" lon="30.31133184042277">
				<ele>2.2203640630468726</ele>
				<time>2023-07-25T16:01:08Z</time>
			</trkpt>
			<trkpt lat="59.933400621619064" lon="30.311301790231177">
				<ele>2.259596903808415</ele>
				<time>2023-07-25T16:01:10Z</time>
			</trkpt>
			<trkpt lat="59.93337865693101" lon="30.311263281164205">
				<ele>2.3711115745827556</ele>
				<time>2023-07-25T16:01:12Z</time>
			</trkpt>
			<trkpt lat="59.93335455803509" lon="30.311226788079935">
				<ele>2.399073620326817</ele>
				<time>2023-07-25T16:01:14Z</time>
			</trkpt>
			<trkpt lat="59.93333476389798" lon="30.31119803326366">
				<ele>3.5225098934024572</ele>
				<time>2023-07-25T16:01:15Z</time>
			</trkpt>
			<trkpt lat="59.93331024460843" lon="30.311153007465794">
				<ele>4.7952254777774215</ele>
				<time>2023-07-25T16:01:17Z</time>
			</trkpt>
			<trkpt lat="59.933305825500746" lon="30.311116341828996">
				<ele>6.008301245979965</ele>
				<time>2023-07-25T16:01:18Z</time>
			</trkpt>
			<trkpt lat="59.933287295938" lon="30.311067093854433">
				<ele>6.171338628977537</ele>
				<time>2023-07-25T16:01:20Z</time>
			</trkpt>
			<trkpt lat="59.93327516937143" lon="30.311012956162244">
				<ele>5.13701809477061</ele>
				<time>2023-07-25T16:01:22Z</time>
			</trkpt>
			<trkpt lat="59.93325488306476" lon="30.310979257335084">
				<ele>4.358986931852996</ele>
				<time>2023-07-25T16:01:24Z</time>
			</trkpt>
			<trkpt lat="59.93324979114258" lon="30.31092474700845">
				<ele>3.566594543866813</ele>
				<time>2023-07-25T16:01:25Z</time>
			</trkpt>
			<trkpt lat="59.933222636917236" lon="30.310943711473758">
				<ele>3.1985748633742332</ele>
				<time>2023-07-25T16:01:26Z</time>
			</trkpt>
			<trkpt lat="59.93319233459863" lon="30.31090240473344">
				<ele>4.229997699148953</ele>
				<time>2023-07-25T16:01:28Z</time>
			</trkpt>
			<trkpt lat="59.93317945475207" lon="30.310866947031332">
				<ele>3.1566166346892715</ele>
				<time>2023-07-25T16:01:30Z</time>
			</trkpt>
			<trkpt lat="59.933162752777875" lon="30.310836185219813">
				<ele>4.423672034405172</ele>
				<time>2023-07-25T16:01:32Z</time>
			</trkpt>
			<trkpt lat="59.93315068897874" lon="30.31079779323954">
				<ele>4.6499546431005</ele>
				<time>2023-07-25T16:01:34Z</time>
			</trkpt>
			<trkpt lat="59.93312926162161" lon="30.31073548065613">
				<ele>7.170854081399739</ele>
				<time>2023-07-25T16:01:36Z</time>
			</trkpt>
			<trkpt lat="59.933105600682104" lon="30.310697113769216">
				<ele>7.304289725609124</ele>
				<time>2023-07-25T16:01:38Z</time>
			</trkpt>
			<trkpt lat="59.93308437849173" lon="30.31066491041411">
				<ele>1.9568645199760795</ele>
				<time>2023-07-25T16:01:40Z</time>
			</trkpt>
			<trkpt lat="59.93306409586271" lon="30.310619306799985">
				<ele>2.6784547436982393</ele>
				<time>2023-07-25T16:01:42Z</time>
			</trkpt>
			<trkpt lat="59.933042864594725" lon="30.310579414068535">
				<ele>3.359980938024819</ele>
				<time>2023-07-25T16:01:44Z</time>
			</trkpt>
			<trkpt lat="59.933025472727394" lon="30.31054400405399">
				<ele>3.021593644283712</ele>
				<time>2023-07-25T16:01:46Z</time>
			</trkpt>
			<trkpt lat="59.9329661071694" lon="30.31055723981468">
				<ele>1.2473746733739972</ele>
				<time>2023-07-25T16:01:48Z</time>
			</trkpt>
			<trkpt lat="59.93293812760369" lon="30.310554435565635">
				<ele>2.887133764103055</ele>
				<time>2023-07-25T16:01:49Z</time>
			</trkpt>
			<trkpt lat="59.932920429751086" lon="30.3105464743701">
				<ele>3.737938556820154</ele>
				<time>2023-07-25T16:01:50Z</time>
			</trkpt>
			<trkpt lat="59.93290547906209" lon="30.310513251553253">
				<ele>2.7680645575746894</ele>
				<time>2023-07-25T16:01:51Z</time>
			</trkpt>
			<trkpt lat="59.93288341900177" lon="30.310469778974397">
				<ele>0.9444120917469263</ele>
				<time>2023-07-25T16:01:53Z</time>
			</trkpt>
			<trkpt lat="59.93286832591399" lon="30.310495514389757">
				<ele>0.593545044772327</ele>
				<time>2023-07-25T16:01:55Z</time>
			</trkpt>
			<trkpt lat="59.93288769244257" lon="30.310453087692334">
				<ele>0.7727811094373465</ele>
				<time>2023-07-25T16:01:56Z</time>
			</trkpt>
			<trkpt lat="59.93289946630608" lon="30.310409948550372">
				<ele>1.160456145182252</ele>
				<time>2023-07-25T16:01:57Z</time>
			</trkpt>
			<trkpt lat="59.93288766822472" lon="30.31037446506071">
				<ele>1.9627672880887985</ele>
				<time>2023-07-25T16:01:58Z</time>
			</trkpt>
			<trkpt lat="59.932898728756165" lon="30.31033155684983">
				<ele>-1.6262804782018065</ele>
				<time>2023-07-25T16:02:01Z</time>
			</trkpt>
			<trkpt lat="59.93289755986405" lon="30.310294699490424">
				<ele>-2.1936161778867245</ele>
				<time>2023-07-25T16:02:03Z</time>
			</trkpt>
			<trkpt lat="59.93289645272443" lon="30.310255508613377">
				<ele>-1.3150635389611125</ele>
				<time>2023-07-25T16:02:04Z</time>
			</trkpt>
			<trkpt lat="59.93289157391391" lon="30.310209724298268">
				<ele>-1.9794469410553575</ele>
				<time>2023-07-25T16:02:06Z</time>
			</trkpt>
			<trkpt lat="59.93287849522802" lon="30.310160411003878">
				<ele>-0.8746803402900696</ele>
				<time>2023-07-25T16:02:09Z</time>
			</trkpt>
			<trkpt lat="59.93287201794669" lon="30.310118958980016">
				<ele>0.25740224681794643</ele>
				<time>2023-07-25T16:02:11Z</time>
			</trkpt>
			<trkpt lat="59.93286869106934" lon="30.31006531721144">
				<ele>0.47287504095584154</ele>
				<time>2023-07-25T16:02:13Z</time>
			</trkpt>
			<trkpt lat="59.93284615201538" lon="30.310018364096628">
				<ele>0.6182402651757002</ele>
				<time>2023-07-25T16:02:15Z</time>
			</trkpt>
			<trkpt lat="59.93283850126304" lon="30.309969915075506">
				<ele>1.0907117119058967</ele>
				<time>2023-07-25T16:02:17Z</time>
			</trkpt>
			<trkpt lat="59.932832004717795" lon="30.309928983624676">
				<ele>1.6404432319104671</ele>
				<time>2023-07-25T16:02:18Z</time>
			</trkpt>
			<trkpt lat="59.9328176812548" lon="30.309870104847995">
				<ele>2.311910718679428</ele>
				<time>2023-07-25T16:02:20Z</time>
			</trkpt>
			<trkpt lat="59.93280117072736" lon="30.309842966002993">
				<ele>2.916669176891446</ele>
				<time>2023-07-25T16:02:22Z</time>
			</trkpt>
			<trkpt lat="59.932787294008364" lon="30.309795892979803">
				<ele>3.5690749092027545</ele>
				<time>2023-07-25T16:02:24Z</time>
			</trkpt>
			<trkpt lat="59.932790078678615" lon="30.3097366551641">
				<ele>4.097618260420859</ele>
				<time>2023-07-25T16:02:26Z</time>
			</trkpt>
			<trkpt lat="59.93277845577163" lon="30.309702491869157">
				<ele>4.201301112771034</ele>
				<time>2023-07-25T16:02:28Z</time>
			</trkpt>
			<trkpt lat="59.93277307612596" lon="30.30965401046713">
				<ele>5.003280694596469</ele>
				<time>2023-07-25T16:02:30Z</time>
			</trkpt>
			<trkpt lat="59.93277041151393" lon="30.309604966041167">
				<ele>4.496276132762432</ele>
				<time>2023-07-25T16:02:32Z</time>
			</trkpt>
			<trkpt lat="59.93275765890314" lon="30.309559771949644">
				<ele>4.38828023802489</ele>
				<time>2023-07-25T16:02:34Z</time>
			</trkpt>
			<trkpt lat="59.93274402494" lon="30.30950021311662">
				<ele>5.506951162591577</ele>
				<time>2023-07-25T16:02:37Z</time>
			</trkpt>
			<trkpt lat="59.93274248148377" lon="30.3094576068347">
				<ele>5.133457793854177</ele>
				<time>2023-07-25T16:02:39Z</time>
			</trkpt>
			<trkpt lat="59.9327408371784" lon="30.30942133833919">
				<ele>4.12451091222465</ele>
				<time>2023-07-25T16:02:41Z</time>
			</trkpt>
			<trkpt lat="59.93274120859556" lon="30.3093720995256">
				<ele>5.1053647277876735</ele>
				<time>2023-07-25T16:02:42Z</time>
			</trkpt>
			<trkpt lat="59.9327241347035" lon="30.30933395120985">
				<ele>4.878540917299688</ele>
				<time>2023-07-25T16:02:44Z</time>
			</trkpt>
			<trkpt lat="59.93272154873861" lon="30.30929660831704">
				<ele>3.8980790190398693</ele>
				<time>2023-07-25T16:02:46Z</time>
			</trkpt>
			<trkpt lat="59.93272126252574" lon="30.309233354456076">
				<ele>5.002692971378565</ele>
				<time>2023-07-25T16:02:48Z</time>
			</trkpt>
			<trkpt lat="59.9326978936967" lon="30.30921883488321">
				<ele>2.695554762147367</ele>
				<time>2023-07-25T16:02:50Z</time>
			</trkpt>
			<trkpt lat="59.93265003678074" lon="30.309253379162165">
				<ele>1.0813357103616</ele>
				<time>2023-07-25T16:02:51Z</time>
			</trkpt>
			<trkpt lat="59.932623068421314" lon="30.309257631838058">
				<ele>1.878146638162434</ele>
				<time>2023-07-25T16:02:52Z</time>
			</trkpt>
			<trkpt lat="59.93260415306626" lon="30.30925923256217">
				<ele>1.770413595251739</ele>
				<time>2023-07-25T16:02:53Z</time>
			</trkpt>
			<trkpt lat="59.93261520691417" lon="30.309220561363887">
				<ele>2.5862532649189234</ele>
				<time>2023-07-25T16:03:05Z</time>
			</trkpt>
			<trkpt lat="59.93265080932973" lon="30.30923479590975">
				<ele>2.5365749150514603</ele>
				<time>2023-07-25T16:03:08Z</time>
			</trkpt>
			<trkpt lat="59.93267988414731" lon="30.309201964983192">
				<ele>2.683652932755649</ele>
				<time>2023-07-25T16:03:10Z</time>
			</trkpt>
			<trkpt lat="59.932694615915196" lon="30.30917060386712">
				<ele>4.046527222730219</ele>
				<time>2023-07-25T16:03:11Z</time>
			</trkpt>
			<trkpt lat="59.93271686154322" lon="30.309140219930104">
				<ele>1.9243138497695327</ele>
				<time>2023-07-25T16:03:14Z</time>
			</trkpt>
			<trkpt lat="59.93273037552439" lon="30.30909904848494">
				<ele>0.17860813811421394</ele>
				<time>2023-07-25T16:03:17Z</time>
			</trkpt>
			<trkpt lat="59.932737636459116" lon="30.309065016359636">
				<ele>0.16811073292046785</ele>
				<time>2023-07-25T16:03:19Z</time>
			</trkpt>
			<trkpt lat="59.93273138149232" lon="30.30900557835657">
				<ele>1.8003597389906645</ele>
				<time>2023-07-25T16:03:22Z</time>
			</trkpt>
			<trkpt lat="59.932736313610825" lon="30.308958370027774">
				<ele>-0.8033247031271458</ele>
				<time>2023-07-25T16:03:24Z</time>
			</trkpt>
			<trkpt lat="59.93272263538571" lon="30.30892522131927">
				<ele>1.8404564065858722</ele>
				<time>2023-07-25T16:03:25Z</time>
			</trkpt>
			<trkpt lat="59.932703557775184" lon="30.308898327330986">
				<ele>2.944525538943708</ele>
				<time>2023-07-25T16:03:26Z</time>
			</trkpt>
			<trkpt lat="59.93267257797941" lon="30.308861614310864">
				<ele>6.822726991958916</ele>
				<time>2023-07-25T16:03:27Z</time>
			</trkpt>
			<trkpt lat="59.93268062218414" lon="30.308816889931876">
				<ele>3.5586224254220724</ele>
				<time>2023-07-25T16:03:29Z</time>
			</trkpt>
			<trkpt lat="59.93266717652599" lon="30.30879225691718">
				<ele>4.178845130838454</ele>
				<time>2023-07-25T16:03:30Z</time>
			</trkpt>
			<trkpt lat="59.93266255595469" lon="30.308754471759947">
				<ele>4.67698962893337</ele>
				<time>2023-07-25T16:03:32Z</time>
			</trkpt>
			<trkpt lat="59.932657115410926" lon="30.30871020925441">
				<ele>4.3509218990802765</ele>
				<time>2023-07-25T16:03:34Z</time>
			</trkpt>
			<trkpt lat="59.93266255766349" lon="30.30866114707009">
				<ele>4.756212629377842</ele>
				<time>2023-07-25T16:03:36Z</time>
			</trkpt>
			<trkpt lat="59.93266667451777" lon="30.30861902884655">
				<ele>3.7313858745619655</ele>
				<time>2023-07-25T16:03:38Z</time>
			</trkpt>
			<trkpt lat="59.93268450159361" lon="30.30858023858149">
				<ele>2.4372254759073257</ele>
				<time>2023-07-25T16:03:40Z</time>
			</trkpt>
			<trkpt lat="59.932708289512874" lon="30.308552503456486">
				<ele>2.092348301783204</ele>
				<time>2023-07-25T16:03:42Z</time>
			</trkpt>
			<trkpt lat="59.93273380307585" lon="30.308508162914233">
				<ele>3.7372141601517797</ele>
				<time>2023-07-25T16:03:44Z</time>
			</trkpt>
			<trkpt lat="59.93272775780505" lon="30.308448466169967">
				<ele>-0.43983255233615637</ele>
				<time>2023-07-25T16:04:19Z</time>
			</trkpt>
			<trkpt lat="59.932717908154025" lon="30.30839529542884">
				<ele>-0.9152064928784966</ele>
				<time>2023-07-25T16:04:21Z</time>
			</trkpt>
			<trkpt lat="59.93272860051315" lon="30.30835916060654">
				<ele>0.5216171341016889</ele>
				<time>2023-07-25T16:04:24Z</time>
			</trkpt>
			<trkpt lat="59.9327244677224" lon="30.30830859338687">
				<ele>0.5019790045917034</ele>
				<time>2023-07-25T16:04:26Z</time>
			</trkpt>
			<trkpt lat="59.932727282941364" lon="30.308261371113147">
				<ele>1.9320094101130962</ele>
				<time>2023-07-25T16:04:28Z</time>
			</trkpt>
			<trkpt lat="59.93272178017351" lon="30.3082242050284">
				<ele>1.487203280441463</ele>
				<time>2023-07-25T16:04:29Z</time>
			</trkpt>
			<trkpt lat="59.93272401108282" lon="30.30816326890126">
				<ele>0.37707725912332535</ele>
				<time>2023-07-25T16:04:30Z</time>
			</trkpt>
			<trkpt lat="59.932738393482204" lon="30.308115163925947">
				<ele>0.4095799708738923</ele>
				<time>2023-07-25T16:04:32Z</time>
			</trkpt>
			<trkpt lat="59.93275009261848" lon="30.3080771253071">
				<ele>3.468381299637258</ele>
				<time>2023-07-25T16:04:33Z</time>
			</trkpt>
			<trkpt lat="59.93275114116658" lon="30.30803881141775">
				<ele>-0.3950295588001609</ele>
				<time>2023-07-25T16:04:35Z</time>
			</trkpt>
			<trkpt lat="59.93273393577381" lon="30.308001302053565">
				<ele>1.646048734895885</ele>
				<time>2023-07-25T16:04:38Z</time>
			</trkpt>
			<trkpt lat="59.93271407597481" lon="30.307973829216163">
				<ele>-0.6324435882270336</ele>
				<time>2023-07-25T16:04:40Z</time>
			</trkpt>
			<trkpt lat="59.93269148661151" lon="30.307959801958937">
				<ele>-2.071027181111276</ele>
				<time>2023-07-25T16:04:42Z</time>
			</trkpt>
			<trkpt lat="59.932666937868234" lon="30.30795010274588">
				<ele>0.9094280553981662</ele>
				<time>2023-07-25T16:04:44Z</time>
			</trkpt>
			<trkpt lat="59.93264486847896" lon="30.30791587920594">
				<ele>0.027221123687922955</ele>
				<time>2023-07-25T16:04:47Z</time>
			</trkpt>
			<trkpt lat="59.93262564010389" lon="30.30787968939374">
				<ele>-2.6791994711384177</ele>
				<time>2023-07-25T16:04:49Z</time>
			</trkpt>
			<trkpt lat="59.93261337362508" lon="30.30784996879167">
				<ele>-1.9783211005851626</ele>
				<time>2023-07-25T16:04:50Z</time>
			</trkpt>
			<trkpt lat="59.93260614615725" lon="30.307796222260567">
				<ele>-1.1947373282164335</ele>
				<time>2023-07-25T16:04:52Z</time>
			</trkpt>
			<trkpt lat="59.93260754081745" lon="30.307749670510674">
				<ele>0.9987681237980723</ele>
				<time>2023-07-25T16:04:53Z</time>
			</trkpt>
			<trkpt lat="59.93261295347079" lon="30.307699784455156">
				<ele>-0.26142680179327726</ele>
				<time>2023-07-25T16:04:56Z</time>
			</trkpt>
			<trkpt lat="59.93262352965491" lon="30.307659448518496">
				<ele>-0.5845496645197272</ele>
				<time>2023-07-25T16:04:58Z</time>
			</trkpt>
			<trkpt lat="59.932629048441335" lon="30.30761037004197">
				<ele>1.7064378801733255</ele>
				<time>2023-07-25T16:05:00Z</time>
			</trkpt>
			<trkpt lat="59.93261948234081" lon="30.30757052553043">
				<ele>0.4935107948258519</ele>
				<time>2023-07-25T16:05:02Z</time>
			</trkpt>
			<trkpt lat="59.93260647510883" lon="30.30753395985283">
				<ele>-0.6146363094449043</ele>
				<time>2023-07-25T16:05:05Z</time>
			</trkpt>
			<trkpt lat="59.932592866605845" lon="30.307484733594993">
				<ele>-0.7619233690202236</ele>
				<time>2023-07-25T16:05:07Z</time>
			</trkpt>
			<trkpt lat="59.932563400651084" lon="30.307463230396426">
				<ele>2.002906975336373</ele>
				<time>2023-07-25T16:05:09Z</time>
			</trkpt>
			<trkpt lat="59.93254111673011" lon="30.30745162232277">
				<ele>1.7715563727542758</ele>
				<time>2023-07-25T16:05:10Z</time>
			</trkpt>
			<trkpt lat="59.932515618678096" lon="30.307445605161934">
				<ele>1.148612568154931</ele>
				<time>2023-07-25T16:05:12Z</time>
			</trkpt>
			<trkpt lat="59.93248269210559" lon="30.307433491571874">
				<ele>2.23515403829515</ele>
				<time>2023-07-25T16:05:14Z</time>
			</trkpt>
			<trkpt lat="59.932468569112295" lon="30.307464306432195">
				<ele>1.401836320757866</ele>
				<time>2023-07-25T16:05:16Z</time>
			</trkpt>
			<trkpt lat="59.93245039004382" lon="30.307481100514128">
				<ele>1.1232241671532393</ele>
				<time>2023-07-25T16:05:23Z</time>
			</trkpt>
			<trkpt lat="59.93246722882169" lon="30.30746688165768">
				<ele>1.6690080612897873</ele>
				<time>2023-07-25T16:06:23Z</time>
			</trkpt>
			<trkpt lat="59.93244649590845" lon="30.307470369762083">
				<ele>0.6498954398557544</ele>
				<time>2023-07-25T16:06:26Z</time>
			</trkpt>
			<trkpt lat="59.932423215394415" lon="30.307434941954764">
				<ele>2.822516279295087</ele>
				<time>2023-07-25T16:06:27Z</time>
			</trkpt>
			<trkpt lat="59.93242309140567" lon="30.307391997863352">
				<ele>1.3929643742740154</ele>
				<time>2023-07-25T16:06:29Z</time>
			</trkpt>
			<trkpt lat="59.93241918129458" lon="30.307348467862596">
				<ele>0.677674138918519</ele>
				<time>2023-07-25T16:06:31Z</time>
			</trkpt>
			<trkpt lat="59.932405290665706" lon="30.3072987986988">
				<ele>0.5422854358330369</ele>
				<time>2023-07-25T16:06:33Z</time>
			</trkpt>
			<trkpt lat="59.93238965512999" lon="30.307228665240025">
				<ele>1.2700346298515797</ele>
				<time>2023-07-25T16:06:35Z</time>
			</trkpt>
			<trkpt lat="59.932381076614625" lon="30.30717432479128">
				<ele>2.033509273082018</ele>
				<time>2023-07-25T16:06:37Z</time>
			</trkpt>
			<trkpt lat="59.93238830187541" lon="30.30712103721775">
				<ele>2.209594919346273</ele>
				<time>2023-07-25T16:06:40Z</time>
			</trkpt>
			<trkpt lat="59.93237860305407" lon="30.307083590673738">
				<ele>1.0287445560097694</ele>
				<time>2023-07-25T16:06:41Z</time>
			</trkpt>
			<trkpt lat="59.93238561639341" lon="30.307010256743986">
				<ele>4.429099438712001</ele>
				<time>2023-07-25T16:06:43Z</time>
			</trkpt>
			<trkpt lat="59.93238931532956" lon="30.306967832120392">
				<ele>3.584562956355512</ele>
				<time>2023-07-25T16:06:44Z</time>
			</trkpt>
			<trkpt lat="59.93239410939001" lon="30.306932918834757">
				<ele>1.7650271831080317</ele>
				<time>2023-07-25T16:06:45Z</time>
			</trkpt>
			<trkpt lat="59.932409008307005" lon="30.30690924548798">
				<ele>0.7628070609644055</ele>
				<time>2023-07-25T16:06:47Z</time>
			</trkpt>
			<trkpt lat="59.9324299379057" lon="30.3068985132291">
				<ele>1.8772862516343594</ele>
				<time>2023-07-25T16:06:49Z</time>
			</trkpt>
			<trkpt lat="59.932459309803036" lon="30.306859060575167">
				<ele>1.707923755981028</ele>
				<time>2023-07-25T16:06:51Z</time>
			</trkpt>
			<trkpt lat="59.93247493586442" lon="30.30683878733004">
				<ele>2.234507813118398</ele>
				<time>2023-07-25T16:06:52Z</time>
			</trkpt>
			<trkpt lat="59.93249206632503" lon="30.30682450924757">
				<ele>3.1665172846987844</ele>
				<time>2023-07-25T16:06:53Z</time>
			</trkpt>
			<trkpt lat="59.93250883375745" lon="30.306800317673595">
				<ele>3.512632234953344</ele>
				<time>2023-07-25T16:06:54Z</time>
			</trkpt>
			<trkpt lat="59.932529481309025" lon="30.30678129882593">
				<ele>2.9267781153321266</ele>
				<time>2023-07-25T16:06:55Z</time>
			</trkpt>
			<trkpt lat="59.93253439513914" lon="30.306721972017883">
				<ele>1.1869594901800156</ele>
				<time>2023-07-25T16:06:57Z</time>
			</trkpt>
			<trkpt lat="59.93256021946581" lon="30.30669183120529">
				<ele>-0.20960529521107674</ele>
				<time>2023-07-25T16:06:59Z</time>
			</trkpt>
			<trkpt lat="59.932576989707314" lon="30.306674467947175">
				<ele>-0.2356655541807413</ele>
				<time>2023-07-25T16:07:00Z</time>
			</trkpt>
			<trkpt lat="59.93260459392087" lon="30.306636228307234">
				<ele>-0.19099281821399927</ele>
				<time>2023-07-25T16:07:02Z</time>
			</trkpt>
			<trkpt lat="59.932623559547544" lon="30.30659563018578">
				<ele>-1.1447678608819842</ele>
				<time>2023-07-25T16:07:04Z</time>
			</trkpt>
			<trkpt lat="59.93263684812647" lon="30.306561157375224">
				<ele>-0.9245787309482694</ele>
				<time>2023-07-25T16:07:06Z</time>
			</trkpt>
			<trkpt lat="59.932656145530345" lon="30.30656231572753">
				<ele>0.08553114999085665</ele>
				<time>2023-07-25T16:07:09Z</time>
			</trkpt>
			<trkpt lat="59.93267659299383" lon="30.306548881653917">
				<ele>0.9770745690912008</ele>
				<time>2023-07-25T16:07:11Z</time>
			</trkpt>
			<trkpt lat="59.93269209419599" lon="30.30652303483812">
				<ele>1.346351326443255</ele>
				<time>2023-07-25T16:07:13Z</time>
			</trkpt>
			<trkpt lat="59.93271939616941" lon="30.306491991408382">
				<ele>0.9848510297015309</ele>
				<time>2023-07-25T16:07:15Z</time>
			</trkpt>
			<trkpt lat="59.93273495845931" lon="30.30646343583811">
				<ele>1.6131006451323628</ele>
				<time>2023-07-25T16:07:17Z</time>
			</trkpt>
			<trkpt lat="59.93275426452163" lon="30.306435783854283">
				<ele>1.135956902988255</ele>
				<time>2023-07-25T16:07:19Z</time>
			</trkpt>
			<trkpt lat="59.93277273809815" lon="30.30640319980001">
				<ele>0.026571625843644142</ele>
				<time>2023-07-25T16:07:21Z</time>
			</trkpt>
			<trkpt lat="59.932780503661746" lon="30.30636499464491">
				<ele>-1.014292063191533</ele>
				<time>2023-07-25T16:07:23Z</time>
			</trkpt>
			<trkpt lat="59.932802049058836" lon="30.306318985726445">
				<ele>-1.987654535099864</ele>
				<time>2023-07-25T16:07:25Z</time>
			</trkpt>
			<trkpt lat="59.93282444961984" lon="30.30627791297809">
				<ele>-0.5440625501796603</ele>
				<time>2023-07-25T16:07:27Z</time>
			</trkpt>
			<trkpt lat="59.93284520106492" lon="30.306248781572158">
				<ele>0.7537316083908081</ele>
				<time>2023-07-25T16:07:29Z</time>
			</trkpt>
			<trkpt lat="59.932861852539226" lon="30.306228528832403">
				<ele>1.5185041278600693</ele>
				<time>2023-07-25T16:07:30Z</time>
			</trkpt>
			<trkpt lat="59.93288218101992" lon="30.30620201508214">
				<ele>2.3516248976811767</ele>
				<time>2023-07-25T16:07:32Z</time>
			</trkpt>
			<trkpt lat="59.9329070610407" lon="30.306165096881717">
				<ele>3.615286729298532</ele>
				<time>2023-07-25T16:07:34Z</time>
			</trkpt>
			<trkpt lat="59.932934120599086" lon="30.30613974096709">
				<ele>4.3515939293429255</ele>
				<time>2023-07-25T16:07:36Z</time>
			</trkpt>
			<trkpt lat="59.93294138826406" lon="30.306104497097326">
				<ele>5.75178128387779</ele>
				<time>2023-07-25T16:07:38Z</time>
			</trkpt>
			<trkpt lat="59.93295767530986" lon="30.306080463429705">
				<ele>5.130147659219801</ele>
				<time>2023-07-25T16:07:40Z</time>
			</trkpt>
			<trkpt lat="59.9329755912253" lon="30.306057949934615">
				<ele>6.553811693564057</ele>
				<time>2023-07-25T16:07:42Z</time>
			</trkpt>
			<trkpt lat="59.93299270922317" lon="30.306045873248">
				<ele>6.1894144881516695</ele>
				<time>2023-07-25T16:07:44Z</time>
			</trkpt>
			<trkpt lat="59.93301347626517" lon="30.306018604510164">
				<ele>4.784237125888467</ele>
				<time>2023-07-25T16:07:46Z</time>
			</trkpt>
			<trkpt lat="59.93303229130928" lon="30.305998847292013">
				<ele>3.7773312712088227</ele>
				<time>2023-07-25T16:07:48Z</time>
			</trkpt>
			<trkpt lat="59.93305116652351" lon="30.30594921693765">
				<ele>3.101259826682508</ele>
				<time>2023-07-25T16:07:50Z</time>
			</trkpt>
			<trkpt lat="59.93307454105353" lon="30.305910751108716">
				<ele>3.8666619202122092</ele>
				<time>2023-07-25T16:07:52Z</time>
			</trkpt>
			<trkpt lat="59.93309972394721" lon="30.305891181280494">
				<ele>3.6238737236708403</ele>
				<time>2023-07-25T16:07:53Z</time>
			</trkpt>
			<trkpt lat="59.933120890889455" lon="30.305890145809048">
				<ele>4.391468276269734</ele>
				<time>2023-07-25T16:07:54Z</time>
			</trkpt>
			<trkpt lat="59.9331430433691" lon="30.305886949972724">
				<ele>4.920965552330017</ele>
				<time>2023-07-25T16:07:56Z</time>
			</trkpt>
			<trkpt lat="59.93316029848029" lon="30.305861586104246">
				<ele>4.48173738270998</ele>
				<time>2023-07-25T16:07:58Z</time>
			</trkpt>
			<trkpt lat="59.93317624493589" lon="30.305823232053328">
				<ele>4.704067814163864</ele>
				<time>2023-07-25T16:08:00Z</time>
			</trkpt>
			<trkpt lat="59.93317859264566" lon="30.30578507465152">
				<ele>4.9666897393763065</ele>
				<time>2023-07-25T16:08:02Z</time>
			</trkpt>
			<trkpt lat="59.933180670589785" lon="30.305749140628468">
				<ele>6.1516473507508636</ele>
				<time>2023-07-25T16:08:04Z</time>
			</trkpt>
			<trkpt lat="59.93317599154831" lon="30.30569970575955">
				<ele>6.13936367444694</ele>
				<time>2023-07-25T16:08:06Z</time>
			</trkpt>
			<trkpt lat="59.93315618085181" lon="30.305678979949775">
				<ele>6.17817553319037</ele>
				<time>2023-07-25T16:08:07Z</time>
			</trkpt>
			<trkpt lat="59.93312816597051" lon="30.30565030810024">
				<ele>2.2349924789741635</ele>
				<time>2023-07-25T16:08:09Z</time>
			</trkpt>
			<trkpt lat="59.933110322811665" lon="30.305628368998196">
				<ele>0.8144942102953792</ele>
				<time>2023-07-25T16:08:11Z</time>
			</trkpt>
			<trkpt lat="59.93308294933774" lon="30.30559510401052">
				<ele>0.7474267119541764</ele>
				<time>2023-07-25T16:08:14Z</time>
			</trkpt>
			<trkpt lat="59.93307525270053" lon="30.30555390891933">
				<ele>2.207273058593273</ele>
				<time>2023-07-25T16:08:16Z</time>
			</trkpt>
			<trkpt lat="59.93307040588397" lon="30.305507397088668">
				<ele>4.674809018149972</ele>
				<time>2023-07-25T16:08:17Z</time>
			</trkpt>
			<trkpt lat="59.933062027086144" lon="30.305460272841113">
				<ele>4.479149385355413</ele>
				<time>2023-07-25T16:08:19Z</time>
			</trkpt>
			<trkpt lat="59.93304320576914" lon="30.305444867661116">
				<ele>1.3544444246217608</ele>
				<time>2023-07-25T16:08:21Z</time>
			</trkpt>
			<trkpt lat="59.93303274050289" lon="30.305409397069212">
				<ele>0.5714652445167303</ele>
				<time>2023-07-25T16:08:23Z</time>
			</trkpt>
			<trkpt lat="59.9330249586011" lon="30.305351801314842">
				<ele>1.8262932132929564</ele>
				<time>2023-07-25T16:08:25Z</time>
			</trkpt>
			<trkpt lat="59.93301335737479" lon="30.30529994473088">
				<ele>2.5752733210101724</ele>
				<time>2023-07-25T16:08:27Z</time>
			</trkpt>
			<trkpt lat="59.932999396983824" lon="30.305254264236066">
				<ele>-0.31937952246516943</ele>
				<time>2023-07-25T16:08:30Z</time>
			</trkpt>
			<trkpt lat="59.933002184912525" lon="30.305215521280413">
				<ele>0.6251532584428787</ele>
				<time>2023-07-25T16:08:32Z</time>
			</trkpt>
			<trkpt lat="59.933004083951666" lon="30.305160063705475">
				<ele>1.9137261863797903</ele>
				<time>2023-07-25T16:08:34Z</time>
			</trkpt>
			<trkpt lat="59.933003548797885" lon="30.305122127413405">
				<ele>1.9342670030891895</ele>
				<time>2023-07-25T16:08:35Z</time>
			</trkpt>
			<trkpt lat="59.932997984352205" lon="30.305068953936413">
				<ele>-1.381424218416214</ele>
				<time>2023-07-25T16:08:38Z</time>
			</trkpt>
			<trkpt lat="59.93298975643698" lon="30.305028007531693">
				<ele>-2.067474154755473</ele>
				<time>2023-07-25T16:08:40Z</time>
			</trkpt>
			<trkpt lat="59.932989430705305" lon="30.30497593087117">
				<ele>-2.801759757101536</ele>
				<time>2023-07-25T16:08:42Z</time>
			</trkpt>
			<trkpt lat="59.93298358533893" lon="30.304921178677816">
				<ele>-2.4618385285139084</ele>
				<time>2023-07-25T16:08:44Z</time>
			</trkpt>
			<trkpt lat="59.93297325754224" lon="30.304872580910203">
				<ele>-0.24743095133453608</ele>
				<time>2023-07-25T16:08:45Z</time>
			</trkpt>
			<trkpt lat="59.93296817381" lon="30.304829994417606">
				<ele>1.2724555721506476</ele>
				<time>2023-07-25T16:08:46Z</time>
			</trkpt>
			<trkpt lat="59.93296782281699" lon="30.304776456611">
				<ele>-2.108117380179465</ele>
				<time>2023-07-25T16:08:50Z</time>
			</trkpt>
			<trkpt lat="59.932967964968356" lon="30.304726700990425">
				<ele>-1.1058315709233284</ele>
				<time>2023-07-25T16:08:52Z</time>
			</trkpt>
			<trkpt lat="59.9329551836594" lon="30.30468760380907">
				<ele>-1.482023942284286</ele>
				<time>2023-07-25T16:08:54Z</time>
			</trkpt>
			<trkpt lat="59.932947687817226" lon="30.30463311725694">
				<ele>1.306492555886507</ele>
				<time>2023-07-25T16:08:56Z</time>
			</trkpt>
			<trkpt lat="59.93294757489542" lon="30.30458341616669">
				<ele>-0.4869479238986969</ele>
				<time>2023-07-25T16:08:59Z</time>
			</trkpt>
			<trkpt lat="59.9329343853157" lon="30.304542452843474">
				<ele>-2.4802762987092137</ele>
				<time>2023-07-25T16:09:01Z</time>
			</trkpt>
			<trkpt lat="59.93292874102269" lon="30.304507430403895">
				<ele>-2.535237426869571</ele>
				<time>2023-07-25T16:09:03Z</time>
			</trkpt>
			<trkpt lat="59.93291870761205" lon="30.30446122035047">
				<ele>-2.653960768133402</ele>
				<time>2023-07-25T16:09:05Z</time>
			</trkpt>
			<trkpt lat="59.93290788757477" lon="30.304415007124323">
				<ele>-3.1787525163963437</ele>
				<time>2023-07-25T16:09:07Z</time>
			</trkpt>
			<trkpt lat="59.93289319756342" lon="30.30436099866207">
				<ele>-2.6680743349716067</ele>
				<time>2023-07-25T16:09:09Z</time>
			</trkpt>
			<trkpt lat="59.932878809232285" lon="30.304322859234826">
				<ele>-0.845240194350481</ele>
				<time>2023-07-25T16:09:10Z</time>
			</trkpt>
			<trkpt lat="59.9328563229432" lon="30.304276472211182">
				<ele>-3.975072782486677</ele>
				<time>2023-07-25T16:09:13Z</time>
			</trkpt>
			<trkpt lat="59.93283831148725" lon="30.30423788954531">
				<ele>-2.0194152323529124</ele>
				<time>2023-07-25T16:09:15Z</time>
			</trkpt>
			<trkpt lat="59.932826435712265" lon="30.30420263834611">
				<ele>1.0898922542110085</ele>
				<time>2023-07-25T16:09:17Z</time>
			</trkpt>
			<trkpt lat="59.93280425380481" lon="30.304178404551948">
				<ele>-4.755309868603945</ele>
				<time>2023-07-25T16:09:20Z</time>
			</trkpt>
			<trkpt lat="59.93278064642269" lon="30.30413345915197">
				<ele>-1.878381758928299</ele>
				<time>2023-07-25T16:09:23Z</time>
			</trkpt>
			<trkpt lat="59.932764871670386" lon="30.30409888616777">
				<ele>-2.54123099707067</ele>
				<time>2023-07-25T16:09:25Z</time>
			</trkpt>
			<trkpt lat="59.93275548554672" lon="30.30406019106685">
				<ele>-3.1284863278269768</ele>
				<time>2023-07-25T16:09:27Z</time>
			</trkpt>
			<trkpt lat="59.93277163238341" lon="30.303982883294225">
				<ele>-2.5914468076080084</ele>
				<time>2023-07-25T16:09:28Z</time>
			</trkpt>
			<trkpt lat="59.932765548093094" lon="30.303936862239954">
				<ele>-1.3689261050894856</ele>
				<time>2023-07-25T16:09:29Z</time>
			</trkpt>
			<trkpt lat="59.93275976159185" lon="30.303898665678496">
				<ele>-2.114085200242698</ele>
				<time>2023-07-25T16:09:30Z</time>
			</trkpt>
			<trkpt lat="59.93274199941044" lon="30.303871783765292">
				<ele>-5.419236804358661</ele>
				<time>2023-07-25T16:09:33Z</time>
			</trkpt>
			<trkpt lat="59.93270614345387" lon="30.30377252726971">
				<ele>-0.8475854499265552</ele>
				<time>2023-07-25T16:09:35Z</time>
			</trkpt>
			<trkpt lat="59.932694543454026" lon="30.30372597766269">
				<ele>-0.025198801420629025</ele>
				<time>2023-07-25T16:09:36Z</time>
			</trkpt>
			<trkpt lat="59.93267606291013" lon="30.303699735460754">
				<ele>1.0617825975641608</ele>
				<time>2023-07-25T16:09:37Z</time>
			</trkpt>
			<trkpt lat="59.93266374796174" lon="30.303672109950988">
				<ele>2.1222365563735366</ele>
				<time>2023-07-25T16:09:38Z</time>
			</trkpt>
			<trkpt lat="59.93264065627777" lon="30.30366265427228">
				<ele>0.0538139408454299</ele>
				<time>2023-07-25T16:09:41Z</time>
			</trkpt>
			<trkpt lat="59.93262556837366" lon="30.30363980020197">
				<ele>0.663267276249826</ele>
				<time>2023-07-25T16:09:43Z</time>
			</trkpt>
			<trkpt lat="59.932610206568185" lon="30.30361235865598">
				<ele>2.2441247338429093</ele>
				<time>2023-07-25T16:09:45Z</time>
			</trkpt>
			<trkpt lat="59.9325839121484" lon="30.303581629187427">
				<ele>-1.4176768753677607</ele>
				<time>2023-07-25T16:09:47Z</time>
			</trkpt>
			<trkpt lat="59.93256566118105" lon="30.303552490059253">
				<ele>-1.351243524812162</ele>
				<time>2023-07-25T16:09:49Z</time>
			</trkpt>
			<trkpt lat="59.932551275308114" lon="30.303486998685063">
				<ele>0.035032167099416256</ele>
				<time>2023-07-25T16:09:51Z</time>
			</trkpt>
			<trkpt lat="59.93253762936621" lon="30.303440088356687">
				<ele>0.3019139487296343</ele>
				<time>2023-07-25T16:09:53Z</time>
			</trkpt>
			<trkpt lat="59.93252145033641" lon="30.30339708374118">
				<ele>0.15282430965453386</ele>
				<time>2023-07-25T16:09:55Z</time>
			</trkpt>
			<trkpt lat="59.93251014702375" lon="30.303343485953334">
				<ele>-0.07185494713485241</ele>
				<time>2023-07-25T16:09:57Z</time>
			</trkpt>
			<trkpt lat="59.93250209207093" lon="30.303306513876308">
				<ele>2.1040410781279206</ele>
				<time>2023-07-25T16:09:58Z</time>
			</trkpt>
			<trkpt lat="59.93248361772928" lon="30.303287171617107">
				<ele>-1.5147914355620742</ele>
				<time>2023-07-25T16:10:01Z</time>
			</trkpt>
			<trkpt lat="59.93246778352054" lon="30.303259007965888">
				<ele>-2.099228552542627</ele>
				<time>2023-07-25T16:10:04Z</time>
			</trkpt>
			<trkpt lat="59.93245295795435" lon="30.303211067905025">
				<ele>1.3360693398863077</ele>
				<time>2023-07-25T16:10:06Z</time>
			</trkpt>
			<trkpt lat="59.9324293214239" lon="30.303175856864613">
				<ele>1.0490677123889327</ele>
				<time>2023-07-25T16:10:08Z</time>
			</trkpt>
			<trkpt lat="59.932404723945325" lon="30.30313289488259">
				<ele>1.420695069245994</ele>
				<time>2023-07-25T16:10:10Z</time>
			</trkpt>
			<trkpt lat="59.93238530642384" lon="30.303088222956777">
				<ele>3.309613861143589</ele>
				<time>2023-07-25T16:10:12Z</time>
			</trkpt>
			<trkpt lat="59.93237590949942" lon="30.303051950361304">
				<ele>5.720156440511346</ele>
				<time>2023-07-25T16:10:13Z</time>
			</trkpt>
			<trkpt lat="59.93235480019042" lon="30.30305780501765">
				<ele>2.8023273171857</ele>
				<time>2023-07-25T16:10:15Z</time>
			</trkpt>
			<trkpt lat="59.93233729328672" lon="30.30303049710113">
				<ele>0.5192603198811412</ele>
				<time>2023-07-25T16:10:17Z</time>
			</trkpt>
			<trkpt lat="59.93233244680882" lon="30.302993477983993">
				<ele>-0.5055199190974236</ele>
				<time>2023-07-25T16:10:19Z</time>
			</trkpt>
			<trkpt lat="59.93233155365561" lon="30.302939882782518">
				<ele>-0.07971447706222534</ele>
				<time>2023-07-25T16:10:21Z</time>
			</trkpt>
			<trkpt lat="59.93231609185685" lon="30.302871268870998">
				<ele>2.1882559787482023</ele>
				<time>2023-07-25T16:10:23Z</time>
			</trkpt>
			<trkpt lat="59.93230222097395" lon="30.30283592540215">
				<ele>2.5111219957470894</ele>
				<time>2023-07-25T16:10:24Z</time>
			</trkpt>
			<trkpt lat="59.932275125752376" lon="30.302822329091107">
				<ele>-0.1559908902272582</ele>
				<time>2023-07-25T16:10:26Z</time>
			</trkpt>
			<trkpt lat="59.932257037306066" lon="30.302788913355936">
				<ele>0.46499913558363914</ele>
				<time>2023-07-25T16:10:28Z</time>
			</trkpt>
			<trkpt lat="59.93225119512391" lon="30.302747071176025">
				<ele>1.6345678241923451</ele>
				<time>2023-07-25T16:10:29Z</time>
			</trkpt>
			<trkpt lat="59.932234935746465" lon="30.30271985927414">
				<ele>3.054419414140284</ele>
				<time>2023-07-25T16:10:31Z</time>
			</trkpt>
			<trkpt lat="59.93222855028773" lon="30.30267353758741">
				<ele>0.8018930638208985</ele>
				<time>2023-07-25T16:10:33Z</time>
			</trkpt>
			<trkpt lat="59.932225949498886" lon="30.302614670891533">
				<ele>0.7786730518564582</ele>
				<time>2023-07-25T16:10:35Z</time>
			</trkpt>
			<trkpt lat="59.932216984924175" lon="30.30256578155893">
				<ele>-0.2430698722600937</ele>
				<time>2023-07-25T16:10:37Z</time>
			</trkpt>
			<trkpt lat="59.93221125241241" lon="30.302514396202458">
				<ele>1.9415100440382957</ele>
				<time>2023-07-25T16:10:38Z</time>
			</trkpt>
			<trkpt lat="59.9321981306637" lon="30.302483530630564">
				<ele>3.0415477827191353</ele>
				<time>2023-07-25T16:10:39Z</time>
			</trkpt>
			<trkpt lat="59.93217274765188" lon="30.302472278021504">
				<ele>2.78593173623085</ele>
				<time>2023-07-25T16:10:41Z</time>
			</trkpt>
			<trkpt lat="59.93215676414174" lon="30.302431149639606">
				<ele>1.6267681000754237</ele>
				<time>2023-07-25T16:10:45Z</time>
			</trkpt>
			<trkpt lat="59.93213973550775" lon="30.302380136972065">
				<ele>0.7911729887127876</ele>
				<time>2023-07-25T16:10:47Z</time>
			</trkpt>
			<trkpt lat="59.932120685944426" lon="30.30237042384026">
				<ele>-1.8554228767752647</ele>
				<time>2023-07-25T16:10:49Z</time>
			</trkpt>
			<trkpt lat="59.9321149360305" lon="30.302331454795635">
				<ele>-0.9825703408569098</ele>
				<time>2023-07-25T16:10:51Z</time>
			</trkpt>
			<trkpt lat="59.93209945536195" lon="30.302297119660135">
				<ele>-2.282438239082694</ele>
				<time>2023-07-25T16:10:53Z</time>
			</trkpt>
			<trkpt lat="59.93208537675477" lon="30.30225222599118">
				<ele>1.170854932628572</ele>
				<time>2023-07-25T16:10:55Z</time>
			</trkpt>
			<trkpt lat="59.93207280895963" lon="30.302217156927153">
				<ele>1.4416448967531323</ele>
				<time>2023-07-25T16:10:58Z</time>
			</trkpt>
			<trkpt lat="59.932060553557896" lon="30.30218664218554">
				<ele>0.8335238331928849</ele>
				<time>2023-07-25T16:11:01Z</time>
			</trkpt>
			<trkpt lat="59.93206979705483" lon="30.30215541321316">
				<ele>3.2079836428165436</ele>
				<time>2023-07-25T16:11:02Z</time>
			</trkpt>
			<trkpt lat="59.93208769339706" lon="30.302151461651455">
				<ele>1.05861122533679</ele>
				<time>2023-07-25T16:11:15Z</time>
			</trkpt>
			<trkpt lat="59.93209942766609" lon="30.30211742213904">
				<ele>3.1691561210900545</ele>
				<time>2023-07-25T16:11:24Z</time>
			</trkpt>
			<trkpt lat="59.93211571089359" lon="30.302156460425582">
				<ele>1.8299971697852015</ele>
				<time>2023-07-25T16:11:49Z</time>
			</trkpt>
			<trkpt lat="59.932107278292605" lon="30.302117216106165">
				<ele>3.0453300420194864</ele>
				<time>2023-07-25T16:11:51Z</time>
			</trkpt>
			<trkpt lat="59.93208627094278" lon="30.30209233473878">
				<ele>1.3995478693395853</ele>
				<time>2023-07-25T16:11:52Z</time>
			</trkpt>
			<trkpt lat="59.932070113604645" lon="30.30205307165144">
				<ele>0.46783658768981695</ele>
				<time>2023-07-25T16:11:54Z</time>
			</trkpt>
			<trkpt lat="59.932043827678775" lon="30.302012413460094">
				<ele>0.4573626797646284</ele>
				<time>2023-07-25T16:11:56Z</time>
			</trkpt>
			<trkpt lat="59.932018435299355" lon="30.302004232527576">
				<ele>1.0354586699977517</ele>
				<time>2023-07-25T16:11:59Z</time>
			</trkpt>
			<trkpt lat="59.931986678527494" lon="30.30199657882978">
				<ele>1.7164194593206048</ele>
				<time>2023-07-25T16:12:01Z</time>
			</trkpt>
			<trkpt lat="59.93195721556051" lon="30.302011262543413">
				<ele>2.031210985966027</ele>
				<time>2023-07-25T16:12:03Z</time>
			</trkpt>
			<trkpt lat="59.93193853979877" lon="30.302073033420776">
				<ele>2.650701105594635</ele>
				<time>2023-07-25T16:12:05Z</time>
			</trkpt>
			<trkpt lat="59.93194112172595" lon="30.30212690384743">
				<ele>0.4776924792677164</ele>
				<time>2023-07-25T16:12:07Z</time>
			</trkpt>
			<trkpt lat="59.931937124143815" lon="30.30217237312732">
				<ele>-0.319938812404871</ele>
				<time>2023-07-25T16:12:09Z</time>
			</trkpt>
			<trkpt lat="59.931925135771905" lon="30.30221545632646">
				<ele>-1.2592095695436</ele>
				<time>2023-07-25T16:12:10Z</time>
			</trkpt>
			<trkpt lat="59.931895052678826" lon="30.302240411341895">
				<ele>1.1351080993190408</ele>
				<time>2023-07-25T16:12:12Z</time>
			</trkpt>
			<trkpt lat="59.93188487383552" lon="30.302284042002025">
				<ele>-2.465686697512865</ele>
				<time>2023-07-25T16:12:14Z</time>
			</trkpt>
			<trkpt lat="59.931865218430666" lon="30.302317279203955">
				<ele>-2.8595381435006857</ele>
				<time>2023-07-25T16:12:17Z</time>
			</trkpt>
			<trkpt lat="59.931836094509045" lon="30.302334521524614">
				<ele>-0.5735400542616844</ele>
				<time>2023-07-25T16:12:19Z</time>
			</trkpt>
			<trkpt lat="59.93182580057411" lon="30.30237597312166">
				<ele>-1.921233349479735</ele>
				<time>2023-07-25T16:12:21Z</time>
			</trkpt>
			<trkpt lat="59.931809507240764" lon="30.302414566970164">
				<ele>-1.7627719761803746</ele>
				<time>2023-07-25T16:12:23Z</time>
			</trkpt>
			<trkpt lat="59.931780577519966" lon="30.302451152168754">
				<ele>-0.27426386810839176</ele>
				<time>2023-07-25T16:12:25Z</time>
			</trkpt>
			<trkpt lat="59.931762429284625" lon="30.302471422078376">
				<ele>0.04987707734107971</ele>
				<time>2023-07-25T16:12:26Z</time>
			</trkpt>
			<trkpt lat="59.93175261547137" lon="30.30250334327635">
				<ele>0.3855410013347864</ele>
				<time>2023-07-25T16:12:27Z</time>
			</trkpt>
			<trkpt lat="59.931761666318764" lon="30.302541255360516">
				<ele>-2.7316999761387706</ele>
				<time>2023-07-25T16:12:28Z</time>
			</trkpt>
			<trkpt lat="59.931741634752115" lon="30.30258054905866">
				<ele>-3.734470504336059</ele>
				<time>2023-07-25T16:12:31Z</time>
			</trkpt>
			<trkpt lat="59.93171448918499" lon="30.302612168343156">
				<ele>-3.5779609279707074</ele>
				<time>2023-07-25T16:12:33Z</time>
			</trkpt>
			<trkpt lat="59.93168137540103" lon="30.302624535134214">
				<ele>-0.30673698335886</ele>
				<time>2023-07-25T16:12:34Z</time>
			</trkpt>
			<trkpt lat="59.93165739725647" lon="30.302671764731276">
				<ele>-1.2478336263448</ele>
				<time>2023-07-25T16:12:36Z</time>
			</trkpt>
			<trkpt lat="59.931632431723074" lon="30.302694056110337">
				<ele>-0.9495143406093121</ele>
				<time>2023-07-25T16:12:39Z</time>
			</trkpt>
			<trkpt lat="59.93160404363943" lon="30.302714690029127">
				<ele>0.05386036168783903</ele>
				<time>2023-07-25T16:12:41Z</time>
			</trkpt>
			<trkpt lat="59.93158260199171" lon="30.302726826493178">
				<ele>1.315102276392281</ele>
				<time>2023-07-25T16:12:42Z</time>
			</trkpt>
			<trkpt lat="59.931571774166144" lon="30.30276811188534">
				<ele>-1.0621631080284715</ele>
				<time>2023-07-25T16:12:44Z</time>
			</trkpt>
			<trkpt lat="59.931555419104846" lon="30.30279061753768">
				<ele>-1.1889649266377091</ele>
				<time>2023-07-25T16:12:46Z</time>
			</trkpt>
			<trkpt lat="59.93153737983839" lon="30.30281222634555">
				<ele>-1.7258440870791674</ele>
				<time>2023-07-25T16:12:48Z</time>
			</trkpt>
			<trkpt lat="59.93151648812516" lon="30.30282982771984">
				<ele>-1.9441575622186065</ele>
				<time>2023-07-25T16:12:50Z</time>
			</trkpt>
			<trkpt lat="59.931496749112085" lon="30.302845198672504">
				<ele>-0.8587734363973141</ele>
				<time>2023-07-25T16:12:51Z</time>
			</trkpt>
			<trkpt lat="59.931462105786295" lon="30.302861504349597">
				<ele>0.920862777158618</ele>
				<time>2023-07-25T16:12:53Z</time>
			</trkpt>
			<trkpt lat="59.93143939926294" lon="30.302882511315627">
				<ele>-0.5548178106546402</ele>
				<time>2023-07-25T16:12:57Z</time>
			</trkpt>
			<trkpt lat="59.9314031874581" lon="30.302896435542976">
				<ele>1.9119040770456195</ele>
				<time>2023-07-25T16:12:59Z</time>
			</trkpt>
			<trkpt lat="59.93137698488131" lon="30.30292215812973">
				<ele>1.437127654440701</ele>
				<time>2023-07-25T16:13:01Z</time>
			</trkpt>
			<trkpt lat="59.9313578038227" lon="30.302944328213364">
				<ele>2.512200971134007</ele>
				<time>2023-07-25T16:13:02Z</time>
			</trkpt>
			<trkpt lat="59.93136731730524" lon="30.302836749987634">
				<ele>-3.9772704616189003</ele>
				<time>2023-07-25T16:13:04Z</time>
			</trkpt>
			<trkpt lat="59.93137844947297" lon="30.302784664917592">
				<ele>-5.878980001434684</ele>
				<time>2023-07-25T16:13:05Z</time>
			</trkpt>
			<trkpt lat="59.93138022835155" lon="30.302746748752632">
				<ele>-6.026075474917889</ele>
				<time>2023-07-25T16:13:06Z</time>
			</trkpt>
			<trkpt lat="59.93137807042208" lon="30.302685922300284">
				<ele>-5.712331051938236</ele>
				<time>2023-07-25T16:13:08Z</time>
			</trkpt>
			<trkpt lat="59.93136431159334" lon="30.302639008590827">
				<ele>-3.3830342059955</ele>
				<time>2023-07-25T16:13:10Z</time>
			</trkpt>
			<trkpt lat="59.93136553819073" lon="30.302597744021668">
				<ele>-6.263773488812149</ele>
				<time>2023-07-25T16:13:12Z</time>
			</trkpt>
			<trkpt lat="59.93135947842806" lon="30.302547492791263">
				<ele>-5.8358052568510175</ele>
				<time>2023-07-25T16:13:15Z</time>
			</trkpt>
			<trkpt lat="59.931350794416005" lon="30.302490506107702">
				<ele>-6.652782398276031</ele>
				<time>2023-07-25T16:13:17Z</time>
			</trkpt>
			<trkpt lat="59.93134997406761" lon="30.30243862301924">
				<ele>-9.275046638213098</ele>
				<time>2023-07-25T16:13:19Z</time>
			</trkpt>
			<trkpt lat="59.9313344935456" lon="30.302409829631998">
				<ele>-8.13646617345512</ele>
				<time>2023-07-25T16:13:21Z</time>
			</trkpt>
			<trkpt lat="59.93132030635028" lon="30.302361564698955">
				<ele>-6.599621598608792</ele>
				<time>2023-07-25T16:13:23Z</time>
			</trkpt>
			<trkpt lat="59.93130221291794" lon="30.302344051084535">
				<ele>-5.883892181329429</ele>
				<time>2023-07-25T16:13:24Z</time>
			</trkpt>
			<trkpt lat="59.93128753473531" lon="30.302320495916696">
				<ele>-7.414509369060397</ele>
				<time>2023-07-25T16:13:26Z</time>
			</trkpt>
			<trkpt lat="59.931272411981475" lon="30.302272651060058">
				<ele>-6.174960240721703</ele>
				<time>2023-07-25T16:13:28Z</time>
			</trkpt>
			<trkpt lat="59.9312495487658" lon="30.30225288211639">
				<ele>-4.443104328587651</ele>
				<time>2023-07-25T16:13:29Z</time>
			</trkpt>
			<trkpt lat="59.931240321117485" lon="30.302214507155558">
				<ele>-7.437161033041775</ele>
				<time>2023-07-25T16:13:31Z</time>
			</trkpt>
			<trkpt lat="59.931232224457" lon="30.302170385193083">
				<ele>-7.066294250078499</ele>
				<time>2023-07-25T16:13:33Z</time>
			</trkpt>
			<trkpt lat="59.9312202764178" lon="30.30212920781434">
				<ele>-5.081472722813487</ele>
				<time>2023-07-25T16:13:35Z</time>
			</trkpt>
			<trkpt lat="59.931217643434" lon="30.30207868547865">
				<ele>-6.44509161170572</ele>
				<time>2023-07-25T16:13:37Z</time>
			</trkpt>
			<trkpt lat="59.93118169233561" lon="30.302052001881446">
				<ele>-4.405411327257752</ele>
				<time>2023-07-25T16:13:39Z</time>
			</trkpt>
			<trkpt lat="59.93117521613248" lon="30.302012703973148">
				<ele>-5.024730772711337</ele>
				<time>2023-07-25T16:13:41Z</time>
			</trkpt>
			<trkpt lat="59.93115599674711" lon="30.301963670720166">
				<ele>-4.273592947982252</ele>
				<time>2023-07-25T16:13:44Z</time>
			</trkpt>
			<trkpt lat="59.93113820314379" lon="30.301940444190443">
				<ele>-1.7566540706902742</ele>
				<time>2023-07-25T16:13:45Z</time>
			</trkpt>
			<trkpt lat="59.931128136561526" lon="30.3019008624545">
				<ele>-1.866741944104433</ele>
				<time>2023-07-25T16:13:47Z</time>
			</trkpt>
			<trkpt lat="59.931111040780124" lon="30.301849679791932">
				<ele>0.6992713557556272</ele>
				<time>2023-07-25T16:13:49Z</time>
			</trkpt>
			<trkpt lat="59.93110267713754" lon="30.301801502408292">
				<ele>-1.0139381093904376</ele>
				<time>2023-07-25T16:13:51Z</time>
			</trkpt>
			<trkpt lat="59.931093107921434" lon="30.301763035823083">
				<ele>-1.2310476172715425</ele>
				<time>2023-07-25T16:13:53Z</time>
			</trkpt>
			<trkpt lat="59.9310768990261" lon="30.30173690874688">
				<ele>1.1832874361425638</ele>
				<time>2023-07-25T16:13:54Z</time>
			</trkpt>
			<trkpt lat="59.93105663597322" lon="30.301695986075686">
				<ele>1.968840149231255</ele>
				<time>2023-07-25T16:13:56Z</time>
			</trkpt>
			<trkpt lat="59.93104227312877" lon="30.30165113916386">
				<ele>2.510048302821815</ele>
				<time>2023-07-25T16:13:58Z</time>
			</trkpt>
			<trkpt lat="59.93102803059966" lon="30.301609501626064">
				<ele>3.6012619715183973</ele>
				<time>2023-07-25T16:14:00Z</time>
			</trkpt>
			<trkpt lat="59.93101348222334" lon="30.301562360445484">
				<ele>3.780415227636695</ele>
				<time>2023-07-25T16:14:02Z</time>
			</trkpt>
			<trkpt lat="59.93100110720229" lon="30.301525565776117">
				<ele>2.8139610532671213</ele>
				<time>2023-07-25T16:14:04Z</time>
			</trkpt>
			<trkpt lat="59.93099972229612" lon="30.30148691779845">
				<ele>2.4999417597427964</ele>
				<time>2023-07-25T16:14:06Z</time>
			</trkpt>
			<trkpt lat="59.930988233721905" lon="30.301443195757">
				<ele>2.5328010031953454</ele>
				<time>2023-07-25T16:14:08Z</time>
			</trkpt>
			<trkpt lat="59.9309719069466" lon="30.301409514743504">
				<ele>5.923591288737953</ele>
				<time>2023-07-25T16:14:09Z</time>
			</trkpt>
			<trkpt lat="59.930959140983" lon="30.30137066083902">
				<ele>6.071621692739427</ele>
				<time>2023-07-25T16:14:11Z</time>
			</trkpt>
			<trkpt lat="59.930954874887654" lon="30.30133375484735">
				<ele>4.6296251229941845</ele>
				<time>2023-07-25T16:14:13Z</time>
			</trkpt>
			<trkpt lat="59.93094815311507" lon="30.301291273085564">
				<ele>5.738559418357909</ele>
				<time>2023-07-25T16:14:15Z</time>
			</trkpt>
			<trkpt lat="59.93094078387728" lon="30.301256328783293">
				<ele>7.024760643020272</ele>
				<time>2023-07-25T16:14:17Z</time>
			</trkpt>
			<trkpt lat="59.93093170100381" lon="30.30120566285347">
				<ele>3.548239075578749</ele>
				<time>2023-07-25T16:14:19Z</time>
			</trkpt>
			<trkpt lat="59.93092562501123" lon="30.3011679485001">
				<ele>1.690357282757759</ele>
				<time>2023-07-25T16:14:21Z</time>
			</trkpt>
			<trkpt lat="59.930916757378256" lon="30.301133655027424">
				<ele>1.7424145126715302</ele>
				<time>2023-07-25T16:14:23Z</time>
			</trkpt>
			<trkpt lat="59.930911533092555" lon="30.30108425862902">
				<ele>4.2827293844893575</ele>
				<time>2023-07-25T16:14:26Z</time>
			</trkpt>
			<trkpt lat="59.93090205147756" lon="30.301047546909185">
				<ele>2.56205075327307</ele>
				<time>2023-07-25T16:14:30Z</time>
			</trkpt>
			<trkpt lat="59.93090986566301" lon="30.301008527674743">
				<ele>2.6499218344688416</ele>
				<time>2023-07-25T16:14:32Z</time>
			</trkpt>
			<trkpt lat="59.93089335172405" lon="30.300938637724773">
				<ele>3.0939469756558537</ele>
				<time>2023-07-25T16:14:33Z</time>
			</trkpt>
			<trkpt lat="59.93087336565679" lon="30.300905214291387">
				<ele>3.9774578837677836</ele>
				<time>2023-07-25T16:14:34Z</time>
			</trkpt>
			<trkpt lat="59.93086397058023" lon="30.300873556230208">
				<ele>6.307765492238104</ele>
				<time>2023-07-25T16:14:35Z</time>
			</trkpt>
			<trkpt lat="59.930858505947015" lon="30.300823981705772">
				<ele>4.409733282402158</ele>
				<time>2023-07-25T16:14:37Z</time>
			</trkpt>
			<trkpt lat="59.930861558629516" lon="30.300777638079175">
				<ele>2.8140304181724787</ele>
				<time>2023-07-25T16:14:39Z</time>
			</trkpt>
			<trkpt lat="59.93084905588807" lon="30.300740168069392">
				<ele>3.3221469232812524</ele>
				<time>2023-07-25T16:14:41Z</time>
			</trkpt>
			<trkpt lat="59.93083550382016" lon="30.300697278718935">
				<ele>3.4489457737654448</ele>
				<time>2023-07-25T16:14:43Z</time>
			</trkpt>
			<trkpt lat="59.93082906828336" lon="30.30066069138481">
				<ele>2.017402301542461</ele>
				<time>2023-07-25T16:14:45Z</time>
			</trkpt>
			<trkpt lat="59.93083138224909" lon="30.300618693726634">
				<ele>1.141323134303093</ele>
				<time>2023-07-25T16:14:47Z</time>
			</trkpt>
			<trkpt lat="59.930827384193" lon="30.30057712163548">
				<ele>-0.029312310740351677</ele>
				<time>2023-07-25T16:14:49Z</time>
			</trkpt>
			<trkpt lat="59.93081953385438" lon="30.300522263560502">
				<ele>-0.9354161582887173</ele>
				<time>2023-07-25T16:14:51Z</time>
			</trkpt>
			<trkpt lat="59.93080190447881" lon="30.3004753903799">
				<ele>0.2524003004655242</ele>
				<time>2023-07-25T16:14:53Z</time>
			</trkpt>
			<trkpt lat="59.93079413568406" lon="30.300438067734312">
				<ele>-0.4879374736919999</ele>
				<time>2023-07-25T16:14:55Z</time>
			</trkpt>
			<trkpt lat="59.93079296331708" lon="30.300388045594886">
				<ele>-1.665733190253377</ele>
				<time>2023-07-25T16:14:57Z</time>
			</trkpt>
			<trkpt lat="59.93078662174032" lon="30.300344045022637">
				<ele>-0.9587725335732102</ele>
				<time>2023-07-25T16:14:59Z</time>
			</trkpt>
			<trkpt lat="59.930767928484805" lon="30.300325173676992">
				<ele>1.3655290678143501</ele>
				<time>2023-07-25T16:15:00Z</time>
			</trkpt>
			<trkpt lat="59.930763033244205" lon="30.300286545876276">
				<ele>-0.18652504961937666</ele>
				<time>2023-07-25T16:15:02Z</time>
			</trkpt>
			<trkpt lat="59.93074741981911" lon="30.300250835203">
				<ele>0.9970271373167634</ele>
				<time>2023-07-25T16:15:05Z</time>
			</trkpt>
			<trkpt lat="59.930735937824124" lon="30.300200282817194">
				<ele>1.81134991068393</ele>
				<time>2023-07-25T16:15:11Z</time>
			</trkpt>
			<trkpt lat="59.93073205963645" lon="30.300145718200827">
				<ele>-0.11532013956457376</ele>
				<time>2023-07-25T16:15:14Z</time>
			</trkpt>
			<trkpt lat="59.93072353593819" lon="30.300100359601018">
				<ele>-0.5473759677261114</ele>
				<time>2023-07-25T16:15:16Z</time>
			</trkpt>
			<trkpt lat="59.9307021284107" lon="30.300051893509888">
				<ele>1.2755548255518079</ele>
				<time>2023-07-25T16:15:18Z</time>
			</trkpt>
			<trkpt lat="59.93069334545479" lon="30.299996885806845">
				<ele>0.553846525028348</ele>
				<time>2023-07-25T16:15:21Z</time>
			</trkpt>
			<trkpt lat="59.93068317665604" lon="30.299961205019116">
				<ele>1.0115796960890293</ele>
				<time>2023-07-25T16:15:23Z</time>
			</trkpt>
			<trkpt lat="59.93067445015074" lon="30.299919040458107">
				<ele>0.7440796857699752</ele>
				<time>2023-07-25T16:15:25Z</time>
			</trkpt>
			<trkpt lat="59.93066876834301" lon="30.299869128602218">
				<ele>-1.3360547060146928</ele>
				<time>2023-07-25T16:15:27Z</time>
			</trkpt>
			<trkpt lat="59.93064828929004" lon="30.29982272700592">
				<ele>1.6707967687398195</ele>
				<time>2023-07-25T16:15:30Z</time>
			</trkpt>
			<trkpt lat="59.93063437127457" lon="30.299778590222548">
				<ele>1.2392652872949839</ele>
				<time>2023-07-25T16:15:32Z</time>
			</trkpt>
			<trkpt lat="59.93062734092447" lon="30.29973592647534">
				<ele>1.574585346505046</ele>
				<time>2023-07-25T16:15:34Z</time>
			</trkpt>
			<trkpt lat="59.930611413326524" lon="30.299694886552878">
				<ele>3.7066996414214373</ele>
				<time>2023-07-25T16:15:36Z</time>
			</trkpt>
			<trkpt lat="59.9306087516176" lon="30.29965174984376">
				<ele>0.22858579829335213</ele>
				<time>2023-07-25T16:15:38Z</time>
			</trkpt>
			<trkpt lat="59.930600029784856" lon="30.29962970731359">
				<ele>-0.4181123534217477</ele>
				<time>2023-07-25T16:15:39Z</time>
			</trkpt>
			<trkpt lat="59.93057708001369" lon="30.29958026467378">
				<ele>1.2620748542249203</ele>
				<time>2023-07-25T16:15:41Z</time>
			</trkpt>
			<trkpt lat="59.93056899490608" lon="30.299540161233757">
				<ele>-0.5059095779433846</ele>
				<time>2023-07-25T16:15:43Z</time>
			</trkpt>
			<trkpt lat="59.93055627530881" lon="30.29950574696597">
				<ele>-0.24932288564741611</ele>
				<time>2023-07-25T16:15:45Z</time>
			</trkpt>
			<trkpt lat="59.93055082634443" lon="30.299458231246756">
				<ele>-0.016861499287188053</ele>
				<time>2023-07-25T16:15:47Z</time>
			</trkpt>
			<trkpt lat="59.93054102692368" lon="30.29941364448599">
				<ele>0.3721191110089421</ele>
				<time>2023-07-25T16:15:49Z</time>
			</trkpt>
			<trkpt lat="59.93054393152206" lon="30.299372118987083">
				<ele>-1.7032206198200583</ele>
				<time>2023-07-25T16:15:51Z</time>
			</trkpt>
			<trkpt lat="59.93053637450602" lon="30.29933415070304">
				<ele>-2.3930854285135865</ele>
				<time>2023-07-25T16:15:53Z</time>
			</trkpt>
			<trkpt lat="59.930516961124034" lon="30.299294528792842">
				<ele>-0.24742405023425817</ele>
				<time>2023-07-25T16:15:55Z</time>
			</trkpt>
			<trkpt lat="59.93050977180456" lon="30.299251624694648">
				<ele>-1.1067648520693183</ele>
				<time>2023-07-25T16:15:57Z</time>
			</trkpt>
			<trkpt lat="59.930508171238884" lon="30.299207092545974">
				<ele>-0.6590527445077896</ele>
				<time>2023-07-25T16:15:59Z</time>
			</trkpt>
			<trkpt lat="59.93049455686045" lon="30.299160899748777">
				<ele>0.35681060515344143</ele>
				<time>2023-07-25T16:16:01Z</time>
			</trkpt>
			<trkpt lat="59.93048427546951" lon="30.29911737353307">
				<ele>-3.7691960660740733</ele>
				<time>2023-07-25T16:16:03Z</time>
			</trkpt>
			<trkpt lat="59.93048526923142" lon="30.299064148468858">
				<ele>-1.927963875234127</ele>
				<time>2023-07-25T16:16:06Z</time>
			</trkpt>
			<trkpt lat="59.93047249380937" lon="30.29900363657499">
				<ele>-1.1843004003167152</ele>
				<time>2023-07-25T16:16:08Z</time>
			</trkpt>
			<trkpt lat="59.93045679342253" lon="30.2989759038968">
				<ele>0.015809476375579834</ele>
				<time>2023-07-25T16:16:10Z</time>
			</trkpt>
			<trkpt lat="59.93043850487282" lon="30.298956093513333">
				<ele>-1.56668134406209</ele>
				<time>2023-07-25T16:16:13Z</time>
			</trkpt>
			<trkpt lat="59.93043629799578" lon="30.298905195345636">
				<ele>-1.2167804883792996</ele>
				<time>2023-07-25T16:16:17Z</time>
			</trkpt>
			<trkpt lat="59.93042048456795" lon="30.29887129179024">
				<ele>1.6954475557431579</ele>
				<time>2023-07-25T16:16:18Z</time>
			</trkpt>
			<trkpt lat="59.93040941996132" lon="30.2988383179803">
				<ele>-0.5566745009273291</ele>
				<time>2023-07-25T16:16:20Z</time>
			</trkpt>
			<trkpt lat="59.93039454302963" lon="30.298723336924375">
				<ele>-3.3189253909513354</ele>
				<time>2023-07-25T16:16:23Z</time>
			</trkpt>
			<trkpt lat="59.93038731387682" lon="30.29867709188276">
				<ele>-2.4334684452041984</ele>
				<time>2023-07-25T16:16:24Z</time>
			</trkpt>
			<trkpt lat="59.93037653225249" lon="30.298631034990667">
				<ele>-1.6975745297968388</ele>
				<time>2023-07-25T16:16:26Z</time>
			</trkpt>
			<trkpt lat="59.93035149659487" lon="30.29859240999455">
				<ele>1.396054687909782</ele>
				<time>2023-07-25T16:16:28Z</time>
			</trkpt>
			<trkpt lat="59.93033458541119" lon="30.298557647354322">
				<ele>1.141242009587586</ele>
				<time>2023-07-25T16:16:30Z</time>
			</trkpt>
			<trkpt lat="59.93031597394304" lon="30.298513836386707">
				<ele>-0.7588015515357256</ele>
				<time>2023-07-25T16:16:33Z</time>
			</trkpt>
			<trkpt lat="59.93030264734153" lon="30.29848171554234">
				<ele>0.1375786829739809</ele>
				<time>2023-07-25T16:16:35Z</time>
			</trkpt>
			<trkpt lat="59.930286916475644" lon="30.29846409542089">
				<ele>1.6540135899558663</ele>
				<time>2023-07-25T16:16:36Z</time>
			</trkpt>
			<trkpt lat="59.930269266071704" lon="30.298438121260254">
				<ele>2.316981276497245</ele>
				<time>2023-07-25T16:16:38Z</time>
			</trkpt>
			<trkpt lat="59.930259402747296" lon="30.29839596811853">
				<ele>-0.7868415601551533</ele>
				<time>2023-07-25T16:16:40Z</time>
			</trkpt>
			<trkpt lat="59.93023870145256" lon="30.298357289336742">
				<ele>-0.3950367486104369</ele>
				<time>2023-07-25T16:16:42Z</time>
			</trkpt>
			<trkpt lat="59.93022085186756" lon="30.298327413363435">
				<ele>-0.17096809577196836</ele>
				<time>2023-07-25T16:16:44Z</time>
			</trkpt>
			<trkpt lat="59.93020655472979" lon="30.298299690224926">
				<ele>0.813188225030899</ele>
				<time>2023-07-25T16:16:46Z</time>
			</trkpt>
			<trkpt lat="59.93018480170181" lon="30.298261921191298">
				<ele>1.2896433286368847</ele>
				<time>2023-07-25T16:16:48Z</time>
			</trkpt>
			<trkpt lat="59.93016386342681" lon="30.298218852470924">
				<ele>1.574166570790112</ele>
				<time>2023-07-25T16:16:50Z</time>
			</trkpt>
			<trkpt lat="59.930151231039765" lon="30.298166964826265">
				<ele>1.355219037272036</ele>
				<time>2023-07-25T16:16:52Z</time>
			</trkpt>
			<trkpt lat="59.93015038770816" lon="30.298123051656876">
				<ele>0.9139862600713968</ele>
				<time>2023-07-25T16:16:54Z</time>
			</trkpt>
			<trkpt lat="59.93014522267866" lon="30.298065134593518">
				<ele>0.31388537026941776</ele>
				<time>2023-07-25T16:16:56Z</time>
			</trkpt>
			<trkpt lat="59.93012828830213" lon="30.298034661971883">
				<ele>0.8081109151244164</ele>
				<time>2023-07-25T16:16:57Z</time>
			</trkpt>
			<trkpt lat="59.930116932615846" lon="30.298004638667557">
				<ele>1.7374129416421056</ele>
				<time>2023-07-25T16:16:58Z</time>
			</trkpt>
			<trkpt lat="59.93009903352594" lon="30.2979805082146">
				<ele>2.4594937758520246</ele>
				<time>2023-07-25T16:16:59Z</time>
			</trkpt>
			<trkpt lat="59.930088033485646" lon="30.2979422672713">
				<ele>2.103581135161221</ele>
				<time>2023-07-25T16:17:01Z</time>
			</trkpt>
			<trkpt lat="59.93008725295389" lon="30.297897635480183">
				<ele>2.4594226898625493</ele>
				<time>2023-07-25T16:17:03Z</time>
			</trkpt>
			<trkpt lat="59.930095493326185" lon="30.297943445683032">
				<ele>2.5980622665956616</ele>
				<time>2023-07-25T16:17:08Z</time>
			</trkpt>
			<trkpt lat="59.9301155416166" lon="30.297933604323543">
				<ele>1.8641156982630491</ele>
				<time>2023-07-25T16:17:10Z</time>
			</trkpt>
			<trkpt lat="59.93013682377434" lon="30.297906346200737">
				<ele>2.2222166154533625</ele>
				<time>2023-07-25T16:17:11Z</time>
			</trkpt>
			<trkpt lat="59.93017398448397" lon="30.297919656225986">
				<ele>6.1426620073616505</ele>
				<time>2023-07-25T16:17:13Z</time>
			</trkpt>
			<trkpt lat="59.930238284889754" lon="30.297948359093734">
				<ele>5.347068737260997</ele>
				<time>2023-07-25T16:17:14Z</time>
			</trkpt>
			<trkpt lat="59.93021935529405" lon="30.29791970244021">
				<ele>4.992004785686731</ele>
				<time>2023-07-25T16:17:15Z</time>
			</trkpt>
			<trkpt lat="59.93023836872762" lon="30.297917136301233">
				<ele>5.535538610070944</ele>
				<time>2023-07-25T16:17:16Z</time>
			</trkpt>
			<trkpt lat="59.93027951507437" lon="30.297949659195396">
				<ele>6.4298355197533965</ele>
				<time>2023-07-25T16:17:18Z</time>
			</trkpt>
			<trkpt lat="59.93035203168711" lon="30.297963587732024">
				<ele>8.0313771488145</ele>
				<time>2023-07-25T16:17:20Z</time>
			</trkpt>
			<trkpt lat="59.930387512205996" lon="30.297971501856043">
				<ele>3.6148022143170238</ele>
				<time>2023-07-25T16:17:22Z</time>
			</trkpt>
			<trkpt lat="59.93041081764974" lon="30.297946124753466">
				<ele>2.9259544033557177</ele>
				<time>2023-07-25T16:17:24Z</time>
			</trkpt>
			<trkpt lat="59.93042860930183" lon="30.297933805008547">
				<ele>3.4118548054248095</ele>
				<time>2023-07-25T16:17:25Z</time>
			</trkpt>
			<trkpt lat="59.930455182419195" lon="30.29793814701931">
				<ele>2.9966102354228497</ele>
				<time>2023-07-25T16:17:26Z</time>
			</trkpt>
			<trkpt lat="59.93047018990241" lon="30.297913664935805">
				<ele>2.6454500360414386</ele>
				<time>2023-07-25T16:17:27Z</time>
			</trkpt>
			<trkpt lat="59.930451987306924" lon="30.29784795442484">
				<ele>2.018258781172335</ele>
				<time>2023-07-25T16:17:28Z</time>
			</trkpt>
			<trkpt lat="59.93048400925958" lon="30.297846241245484">
				<ele>6.748253772035241</ele>
				<time>2023-07-25T16:17:29Z</time>
			</trkpt>
			<trkpt lat="59.930511910584904" lon="30.29786766982739">
				<ele>7.438590084202588</ele>
				<time>2023-07-25T16:17:31Z</time>
			</trkpt>
			<trkpt lat="59.930503707314834" lon="30.29782160956833">
				<ele>7.880503047257662</ele>
				<time>2023-07-25T16:17:32Z</time>
			</trkpt>
			<trkpt lat="59.93052879884097" lon="30.297827567030403">
				<ele>8.663909182883799</ele>
				<time>2023-07-25T16:17:33Z</time>
			</trkpt>
			<trkpt lat="59.93055818017597" lon="30.29781949400171">
				<ele>8.815702574327588</ele>
				<time>2023-07-25T16:17:34Z</time>
			</trkpt>
			<trkpt lat="59.93058250947045" lon="30.29781297549014">
				<ele>8.693198531866074</ele>
				<time>2023-07-25T16:17:35Z</time>
			</trkpt>
			<trkpt lat="59.93058539290996" lon="30.297762443510575">
				<ele>7.275800224393606</ele>
				<time>2023-07-25T16:17:37Z</time>
			</trkpt>
			<trkpt lat="59.93058094859131" lon="30.29770916085697">
				<ele>7.898309551179409</ele>
				<time>2023-07-25T16:17:38Z</time>
			</trkpt>
			<trkpt lat="59.930584581079685" lon="30.297646697141463">
				<ele>7.14617664180696</ele>
				<time>2023-07-25T16:17:39Z</time>
			</trkpt>
			<trkpt lat="59.930579081792466" lon="30.297605686690503">
				<ele>8.126504469662905</ele>
				<time>2023-07-25T16:17:41Z</time>
			</trkpt>
			<trkpt lat="59.930619671145784" lon="30.297614986514006">
				<ele>8.699794854037464</ele>
				<time>2023-07-25T16:17:42Z</time>
			</trkpt>
			<trkpt lat="59.9306513042061" lon="30.297614150459967">
				<ele>9.554362413473427</ele>
				<time>2023-07-25T16:17:43Z</time>
			</trkpt>
			<trkpt lat="59.93069240574152" lon="30.297599988030765">
				<ele>9.545632329769433</ele>
				<time>2023-07-25T16:17:45Z</time>
			</trkpt>
			<trkpt lat="59.930709767184204" lon="30.29758474356721">
				<ele>7.215598184615374</ele>
				<time>2023-07-25T16:17:46Z</time>
			</trkpt>
			<trkpt lat="59.93073571822233" lon="30.297587845707167">
				<ele>6.4508564211428165</ele>
				<time>2023-07-25T16:17:47Z</time>
			</trkpt>
			<trkpt lat="59.93072852006815" lon="30.297544817571378">
				<ele>6.83255476038903</ele>
				<time>2023-07-25T16:17:48Z</time>
			</trkpt>
			<trkpt lat="59.930720067174505" lon="30.29748978533254">
				<ele>6.102082215249538</ele>
				<time>2023-07-25T16:17:49Z</time>
			</trkpt>
			<trkpt lat="59.93071832603376" lon="30.2974493598675">
				<ele>6.1206698743626475</ele>
				<time>2023-07-25T16:17:50Z</time>
			</trkpt>
			<trkpt lat="59.930712867237204" lon="30.297410520250565">
				<ele>5.562826671637595</ele>
				<time>2023-07-25T16:17:51Z</time>
			</trkpt>
			<trkpt lat="59.93070440961034" lon="30.297343375051092">
				<ele>8.42698349058628</ele>
				<time>2023-07-25T16:17:54Z</time>
			</trkpt>
			<trkpt lat="59.930704007821234" lon="30.29730133006348">
				<ele>5.72667618189007</ele>
				<time>2023-07-25T16:17:56Z</time>
			</trkpt>
			<trkpt lat="59.930724438747696" lon="30.29726387834826">
				<ele>7.533576280809939</ele>
				<time>2023-07-25T16:17:59Z</time>
			</trkpt>
			<trkpt lat="59.9307455829016" lon="30.29726948379268">
				<ele>5.3913409458473325</ele>
				<time>2023-07-25T16:18:01Z</time>
			</trkpt>
			<trkpt lat="59.93076212341473" lon="30.297245097734606">
				<ele>6.256222523748875</ele>
				<time>2023-07-25T16:18:03Z</time>
			</trkpt>
			<trkpt lat="59.930778982905636" lon="30.297229424745677">
				<ele>8.162619921378791</ele>
				<time>2023-07-25T16:18:04Z</time>
			</trkpt>
			<trkpt lat="59.930799434293" lon="30.297223814712233">
				<ele>6.832783490419388</ele>
				<time>2023-07-25T16:18:06Z</time>
			</trkpt>
			<trkpt lat="59.93082370724185" lon="30.297203255760227">
				<ele>8.11743035633117</ele>
				<time>2023-07-25T16:18:08Z</time>
			</trkpt>
			<trkpt lat="59.93085182711133" lon="30.29718058596795">
				<ele>9.558187758550048</ele>
				<time>2023-07-25T16:18:10Z</time>
			</trkpt>
			<trkpt lat="59.930870445081545" lon="30.29715665741564">
				<ele>7.599067000672221</ele>
				<time>2023-07-25T16:18:12Z</time>
			</trkpt>
			<trkpt lat="59.930909072194616" lon="30.29717270323168">
				<ele>8.056639846414328</ele>
				<time>2023-07-25T16:18:14Z</time>
			</trkpt>
			<trkpt lat="59.9309306973969" lon="30.297189670631756">
				<ele>8.380824828520417</ele>
				<time>2023-07-25T16:18:15Z</time>
			</trkpt>
			<trkpt lat="59.930961728173855" lon="30.29719363475404">
				<ele>11.784399186260998</ele>
				<time>2023-07-25T16:18:17Z</time>
			</trkpt>
			<trkpt lat="59.930979378878654" lon="30.297158317853754">
				<ele>11.027475426904857</ele>
				<time>2023-07-25T16:18:19Z</time>
			</trkpt>
			<trkpt lat="59.931006327919164" lon="30.297162201729268">
				<ele>9.925667131319642</ele>
				<time>2023-07-25T16:18:21Z</time>
			</trkpt>
			<trkpt lat="59.93102701605635" lon="30.297150745708763">
				<ele>11.359819121658802</ele>
				<time>2023-07-25T16:18:22Z</time>
			</trkpt>
			<trkpt lat="59.93105663180219" lon="30.29713264342424">
				<ele>13.672493846155703</ele>
				<time>2023-07-25T16:18:24Z</time>
			</trkpt>
			<trkpt lat="59.93107729959111" lon="30.297117925806038">
				<ele>10.43098286446184</ele>
				<time>2023-07-25T16:18:26Z</time>
			</trkpt>
			<trkpt lat="59.93109355120891" lon="30.29709564029797">
				<ele>9.181582109071314</ele>
				<time>2023-07-25T16:18:28Z</time>
			</trkpt>
			<trkpt lat="59.93112387684917" lon="30.297051214535276">
				<ele>12.177436918020248</ele>
				<time>2023-07-25T16:18:30Z</time>
			</trkpt>
			<trkpt lat="59.931140741668" lon="30.297028789833316">
				<ele>9.502816343680024</ele>
				<time>2023-07-25T16:18:33Z</time>
			</trkpt>
			<trkpt lat="59.9311726144371" lon="30.297013452963224">
				<ele>12.521199471317232</ele>
				<time>2023-07-25T16:18:35Z</time>
			</trkpt>
			<trkpt lat="59.931187888896076" lon="30.29698179919169">
				<ele>9.354189929552376</ele>
				<time>2023-07-25T16:18:37Z</time>
			</trkpt>
			<trkpt lat="59.931202608531" lon="30.29693931945268">
				<ele>8.922985896468163</ele>
				<time>2023-07-25T16:18:39Z</time>
			</trkpt>
			<trkpt lat="59.93121705444235" lon="30.296909941105746">
				<ele>9.175861421972513</ele>
				<time>2023-07-25T16:18:41Z</time>
			</trkpt>
			<trkpt lat="59.93124077863868" lon="30.29689795913489">
				<ele>11.321726090274751</ele>
				<time>2023-07-25T16:18:43Z</time>
			</trkpt>
			<trkpt lat="59.93125595386929" lon="30.296862164886793">
				<ele>9.336577246896923</ele>
				<time>2023-07-25T16:18:45Z</time>
			</trkpt>
			<trkpt lat="59.93127264300264" lon="30.29681580772483">
				<ele>9.812366879545152</ele>
				<time>2023-07-25T16:18:47Z</time>
			</trkpt>
			<trkpt lat="59.93129167253086" lon="30.296789614979883">
				<ele>10.350999977439642</ele>
				<time>2023-07-25T16:18:49Z</time>
			</trkpt>
			<trkpt lat="59.93131349192698" lon="30.296765446545546">
				<ele>8.696336101740599</ele>
				<time>2023-07-25T16:18:51Z</time>
			</trkpt>
			<trkpt lat="59.93131561907281" lon="30.296725958030486">
				<ele>6.060350532643497</ele>
				<time>2023-07-25T16:18:53Z</time>
			</trkpt>
			<trkpt lat="59.931336808419196" lon="30.2966957474842">
				<ele>6.162110921926796</ele>
				<time>2023-07-25T16:18:55Z</time>
			</trkpt>
			<trkpt lat="59.93135519389337" lon="30.296654491257495">
				<ele>6.559738046489656</ele>
				<time>2023-07-25T16:18:58Z</time>
			</trkpt>
			<trkpt lat="59.931374535884736" lon="30.29665506927351">
				<ele>8.033380400389433</ele>
				<time>2023-07-25T16:18:59Z</time>
			</trkpt>
			<trkpt lat="59.93138901729313" lon="30.296615120597444">
				<ele>7.1078659147024155</ele>
				<time>2023-07-25T16:19:01Z</time>
			</trkpt>
			<trkpt lat="59.931421432792" lon="30.296592629241076">
				<ele>8.823947512544692</ele>
				<time>2023-07-25T16:19:04Z</time>
			</trkpt>
			<trkpt lat="59.93144056045856" lon="30.296566274990848">
				<ele>10.654257581569254</ele>
				<time>2023-07-25T16:19:07Z</time>
			</trkpt>
			<trkpt lat="59.931447924316004" lon="30.296518711473457">
				<ele>9.283932181075215</ele>
				<time>2023-07-25T16:19:10Z</time>
			</trkpt>
			<trkpt lat="59.93147222465242" lon="30.29646605890221">
				<ele>6.014544930309057</ele>
				<time>2023-07-25T16:19:13Z</time>
			</trkpt>
			<trkpt lat="59.931495632009224" lon="30.29644136628711">
				<ele>5.121754385530949</ele>
				<time>2023-07-25T16:19:15Z</time>
			</trkpt>
			<trkpt lat="59.931512601124325" lon="30.296425306014903">
				<ele>5.312421454116702</ele>
				<time>2023-07-25T16:19:16Z</time>
			</trkpt>
			<trkpt lat="59.93153403869227" lon="30.296402580024857">
				<ele>4.8477987283840775</ele>
				<time>2023-07-25T16:19:18Z</time>
			</trkpt>
			<trkpt lat="59.931557986745425" lon="30.296384496128766">
				<ele>5.002252532169223</ele>
				<time>2023-07-25T16:19:19Z</time>
			</trkpt>
			<trkpt lat="59.93158287729247" lon="30.296360327195945">
				<ele>3.4279300533235073</ele>
				<time>2023-07-25T16:19:21Z</time>
			</trkpt>
			<trkpt lat="59.93160683487287" lon="30.296330116551353">
				<ele>5.856156217865646</ele>
				<time>2023-07-25T16:19:23Z</time>
			</trkpt>
			<trkpt lat="59.931641595714545" lon="30.296320713999638">
				<ele>4.913585134781897</ele>
				<time>2023-07-25T16:19:25Z</time>
			</trkpt>
			<trkpt lat="59.93166316242849" lon="30.29629659054612">
				<ele>4.002130827866495</ele>
				<time>2023-07-25T16:19:26Z</time>
			</trkpt>
			<trkpt lat="59.93167221586937" lon="30.29626118723329">
				<ele>4.362574054859579</ele>
				<time>2023-07-25T16:19:27Z</time>
			</trkpt>
			<trkpt lat="59.931690847989174" lon="30.29623145952689">
				<ele>9.604870931245387</ele>
				<time>2023-07-25T16:19:31Z</time>
			</trkpt>
			<trkpt lat="59.93169912400194" lon="30.296189297493918">
				<ele>8.575516919605434</ele>
				<time>2023-07-25T16:19:32Z</time>
			</trkpt>
			<trkpt lat="59.93171295506809" lon="30.296143364649883">
				<ele>8.821911128237844</ele>
				<time>2023-07-25T16:19:33Z</time>
			</trkpt>
			<trkpt lat="59.93173271776856" lon="30.2961145087156">
				<ele>6.677394399419427</ele>
				<time>2023-07-25T16:19:35Z</time>
			</trkpt>
			<trkpt lat="59.931767762815646" lon="30.29603837951114">
				<ele>5.990501459687948</ele>
				<time>2023-07-25T16:19:37Z</time>
			</trkpt>
			<trkpt lat="59.93174542851723" lon="30.296040471929228">
				<ele>5.764147256501019</ele>
				<time>2023-07-25T16:19:38Z</time>
			</trkpt>
			<trkpt lat="59.931737750034074" lon="30.295995229370398">
				<ele>1.1948789888992906</ele>
				<time>2023-07-25T16:19:41Z</time>
			</trkpt>
			<trkpt lat="59.93171687001598" lon="30.29598780147173">
				<ele>0.9122531712055206</ele>
				<time>2023-07-25T16:19:42Z</time>
			</trkpt>
			<trkpt lat="59.931676500261936" lon="30.295974772610727">
				<ele>2.2441633036360145</ele>
				<time>2023-07-25T16:19:43Z</time>
			</trkpt>
			<trkpt lat="59.931664588288626" lon="30.295937617898726">
				<ele>3.8060343991965055</ele>
				<time>2023-07-25T16:19:45Z</time>
			</trkpt>
			<trkpt lat="59.93167004372288" lon="30.2958917595348">
				<ele>2.5411526318639517</ele>
				<time>2023-07-25T16:19:46Z</time>
			</trkpt>
			<trkpt lat="59.93166013169654" lon="30.29584982245521">
				<ele>2.525583385489881</ele>
				<time>2023-07-25T16:19:48Z</time>
			</trkpt>
			<trkpt lat="59.93165184361713" lon="30.29580593702013">
				<ele>2.293929761275649</ele>
				<time>2023-07-25T16:19:50Z</time>
			</trkpt>
			<trkpt lat="59.931618703594275" lon="30.295757277479943">
				<ele>2.827192433178425</ele>
				<time>2023-07-25T16:19:52Z</time>
			</trkpt>
			<trkpt lat="59.931591894441816" lon="30.295763346447536">
				<ele>2.4365220069885254</ele>
				<time>2023-07-25T16:19:53Z</time>
			</trkpt>
			<trkpt lat="59.931561100179714" lon="30.29576784114874">
				<ele>1.5590850710868835</ele>
				<time>2023-07-25T16:19:54Z</time>
			</trkpt>
			<trkpt lat="59.93153700919198" lon="30.295746432319085">
				<ele>1.7793284161016345</ele>
				<time>2023-07-25T16:19:56Z</time>
			</trkpt>
			<trkpt lat="59.93153075659921" lon="30.295686025000357">
				<ele>1.0551132941618562</ele>
				<time>2023-07-25T16:19:58Z</time>
			</trkpt>
			<trkpt lat="59.93149269007786" lon="30.29564952216446">
				<ele>1.8703792002052069</ele>
				<time>2023-07-25T16:20:01Z</time>
			</trkpt>
			<trkpt lat="59.931478633448954" lon="30.295624256834756">
				<ele>2.97954379953444</ele>
				<time>2023-07-25T16:20:02Z</time>
			</trkpt>
			<trkpt lat="59.9314696954711" lon="30.295580600789595">
				<ele>2.0535065326839685</ele>
				<time>2023-07-25T16:20:04Z</time>
			</trkpt>
			<trkpt lat="59.931467289780755" lon="30.295539720319937">
				<ele>2.1324782259762287</ele>
				<time>2023-07-25T16:20:06Z</time>
			</trkpt>
			<trkpt lat="59.93145394950601" lon="30.295481675266444">
				<ele>2.1962825348600745</ele>
				<time>2023-07-25T16:20:08Z</time>
			</trkpt>
			<trkpt lat="59.9314447160828" lon="30.295439565348325">
				<ele>2.3590234350413084</ele>
				<time>2023-07-25T16:20:10Z</time>
			</trkpt>
			<trkpt lat="59.931454180604106" lon="30.29539510532645">
				<ele>0.3460420900955796</ele>
				<time>2023-07-25T16:20:12Z</time>
			</trkpt>
			<trkpt lat="59.931448392054875" lon="30.295333430779444">
				<ele>0.44732966646552086</ele>
				<time>2023-07-25T16:20:14Z</time>
			</trkpt>
			<trkpt lat="59.93146080522531" lon="30.295292163482873">
				<ele>-1.4344871835783124</ele>
				<time>2023-07-25T16:20:16Z</time>
			</trkpt>
			<trkpt lat="59.93143470410971" lon="30.295268372714347">
				<ele>-0.9449901524931192</ele>
				<time>2023-07-25T16:20:17Z</time>
			</trkpt>
			<trkpt lat="59.931426617301774" lon="30.295226430182453">
				<ele>0.6291996585205197</ele>
				<time>2023-07-25T16:20:18Z</time>
			</trkpt>
			<trkpt lat="59.93140964099175" lon="30.29521122305517">
				<ele>0.437919651158154</ele>
				<time>2023-07-25T16:20:20Z</time>
			</trkpt>
			<trkpt lat="59.93139390361598" lon="30.295175038580346">
				<ele>0.8360496526584029</ele>
				<time>2023-07-25T16:20:22Z</time>
			</trkpt>
			<trkpt lat="59.9313930223516" lon="30.29512415153861">
				<ele>0.3713427009060979</ele>
				<time>2023-07-25T16:20:24Z</time>
			</trkpt>
			<trkpt lat="59.931386811350244" lon="30.29507392656456">
				<ele>0.4407909335568547</ele>
				<time>2023-07-25T16:20:26Z</time>
			</trkpt>
			<trkpt lat="59.931383694721625" lon="30.2950299404041">
				<ele>0.5014121411368251</ele>
				<time>2023-07-25T16:20:28Z</time>
			</trkpt>
			<trkpt lat="59.93138397422464" lon="30.29497276520555">
				<ele>-0.5254555558785796</ele>
				<time>2023-07-25T16:20:30Z</time>
			</trkpt>
			<trkpt lat="59.931385913581565" lon="30.2949306228878">
				<ele>-3.324587095528841</ele>
				<time>2023-07-25T16:20:33Z</time>
			</trkpt>
			<trkpt lat="59.93137608109579" lon="30.29488338544286">
				<ele>-3.540651417337358</ele>
				<time>2023-07-25T16:20:35Z</time>
			</trkpt>
			<trkpt lat="59.93135147274585" lon="30.29487627018619">
				<ele>-3.2185708712786436</ele>
				<time>2023-07-25T16:20:36Z</time>
			</trkpt>
			<trkpt lat="59.93131631347346" lon="30.294883997469874">
				<ele>-2.078129821456969</ele>
				<time>2023-07-25T16:20:37Z</time>
			</trkpt>
			<trkpt lat="59.931277510059346" lon="30.29485150103865">
				<ele>1.6478571658954024</ele>
				<time>2023-07-25T16:20:39Z</time>
			</trkpt>
			<trkpt lat="59.93126795926647" lon="30.294813551925976">
				<ele>2.647306013852358</ele>
				<time>2023-07-25T16:20:40Z</time>
			</trkpt>
			<trkpt lat="59.93126635878248" lon="30.29476243227477">
				<ele>1.7611382333561778</ele>
				<time>2023-07-25T16:20:42Z</time>
			</trkpt>
			<trkpt lat="59.93127615935708" lon="30.29471831441923">
				<ele>0.3140929900109768</ele>
				<time>2023-07-25T16:20:44Z</time>
			</trkpt>
			<trkpt lat="59.93125450128275" lon="30.29468454440419">
				<ele>-0.5726282205432653</ele>
				<time>2023-07-25T16:20:45Z</time>
			</trkpt>
			<trkpt lat="59.931253262067216" lon="30.294641834944297">
				<ele>0.34075303189456463</ele>
				<time>2023-07-25T16:20:47Z</time>
			</trkpt>
			<trkpt lat="59.93123122854686" lon="30.294627972385417">
				<ele>1.8271889155730605</ele>
				<time>2023-07-25T16:20:48Z</time>
			</trkpt>
			<trkpt lat="59.93119751769461" lon="30.29457306321413">
				<ele>3.90950726903975</ele>
				<time>2023-07-25T16:20:50Z</time>
			</trkpt>
			<trkpt lat="59.93121458805506" lon="30.294561244195894">
				<ele>3.3407689444720745</ele>
				<time>2023-07-25T16:20:51Z</time>
			</trkpt>
			<trkpt lat="59.93119595608458" lon="30.294553169701974">
				<ele>3.278326234780252</ele>
				<time>2023-07-25T16:20:52Z</time>
			</trkpt>
			<trkpt lat="59.93117348289519" lon="30.294529943075396">
				<ele>3.1838137600570917</ele>
				<time>2023-07-25T16:20:53Z</time>
			</trkpt>
			<trkpt lat="59.93116403510323" lon="30.294492575084824">
				<ele>2.9802066637203097</ele>
				<time>2023-07-25T16:20:55Z</time>
			</trkpt>
			<trkpt lat="59.931159658421045" lon="30.294441030201124">
				<ele>2.1781095676124096</ele>
				<time>2023-07-25T16:20:57Z</time>
			</trkpt>
			<trkpt lat="59.931150941275874" lon="30.294391519266213">
				<ele>4.47474492713809</ele>
				<time>2023-07-25T16:20:59Z</time>
			</trkpt>
			<trkpt lat="59.9311377299913" lon="30.29433248552403">
				<ele>2.8806585939601064</ele>
				<time>2023-07-25T16:21:01Z</time>
			</trkpt>
			<trkpt lat="59.93115084481758" lon="30.294301657055776">
				<ele>2.9610702777281404</ele>
				<time>2023-07-25T16:21:02Z</time>
			</trkpt>
			<trkpt lat="59.93111389831693" lon="30.294262568624625">
				<ele>5.090706175193191</ele>
				<time>2023-07-25T16:21:04Z</time>
			</trkpt>
			<trkpt lat="59.93109756786301" lon="30.294218038366267">
				<ele>5.632360491901636</ele>
				<time>2023-07-25T16:21:06Z</time>
			</trkpt>
			<trkpt lat="59.9310883056881" lon="30.2941829551383">
				<ele>4.208084806799889</ele>
				<time>2023-07-25T16:21:08Z</time>
			</trkpt>
			<trkpt lat="59.931081658436256" lon="30.294132209825953">
				<ele>4.175242981873453</ele>
				<time>2023-07-25T16:21:10Z</time>
			</trkpt>
			<trkpt lat="59.93105577534647" lon="30.29409437843431">
				<ele>6.121272415854037</ele>
				<time>2023-07-25T16:21:12Z</time>
			</trkpt>
			<trkpt lat="59.93103567453205" lon="30.294076966734497">
				<ele>7.080032770521939</ele>
				<time>2023-07-25T16:21:13Z</time>
			</trkpt>
			<trkpt lat="59.93103243546078" lon="30.294016173407417">
				<ele>7.572845995426178</ele>
				<time>2023-07-25T16:21:15Z</time>
			</trkpt>
			<trkpt lat="59.93107445280113" lon="30.293966677047855">
				<ele>6.595109948888421</ele>
				<time>2023-07-25T16:21:16Z</time>
			</trkpt>
			<trkpt lat="59.93110139949837" lon="30.29393752495468">
				<ele>4.797645326703787</ele>
				<time>2023-07-25T16:21:17Z</time>
			</trkpt>
			<trkpt lat="59.93113269896185" lon="30.29392272594633">
				<ele>2.186041404493153</ele>
				<time>2023-07-25T16:21:21Z</time>
			</trkpt>
			<trkpt lat="59.93115588041695" lon="30.29389517515816">
				<ele>4.120640060864389</ele>
				<time>2023-07-25T16:21:22Z</time>
			</trkpt>
			<trkpt lat="59.93112204756615" lon="30.293827481676015">
				<ele>1.3296194216236472</ele>
				<time>2023-07-25T16:21:24Z</time>
			</trkpt>
			<trkpt lat="59.93110963233666" lon="30.293768805337482">
				<ele>2.046764529310167</ele>
				<time>2023-07-25T16:21:25Z</time>
			</trkpt>
			<trkpt lat="59.931116400193176" lon="30.293720671903454">
				<ele>-0.17663678992539644</ele>
				<time>2023-07-25T16:21:27Z</time>
			</trkpt>
			<trkpt lat="59.93112385800891" lon="30.293685399510373">
				<ele>-0.1341575961560011</ele>
				<time>2023-07-25T16:21:28Z</time>
			</trkpt>
			<trkpt lat="59.93114471424047" lon="30.293625223563346">
				<ele>0.7779378946870565</ele>
				<time>2023-07-25T16:21:29Z</time>
			</trkpt>
			<trkpt lat="59.931162847426506" lon="30.293624914349586">
				<ele>0.9927567653357983</ele>
				<time>2023-07-25T16:21:30Z</time>
			</trkpt>
			<trkpt lat="59.931180856425605" lon="30.293615227306038">
				<ele>1.9037660099565983</ele>
				<time>2023-07-25T16:21:31Z</time>
			</trkpt>
			<trkpt lat="59.93121128680464" lon="30.293604011562294">
				<ele>1.0514947744086385</ele>
				<time>2023-07-25T16:21:34Z</time>
			</trkpt>
			<trkpt lat="59.931242685831215" lon="30.293584768691677">
				<ele>1.068481333553791</ele>
				<time>2023-07-25T16:21:36Z</time>
			</trkpt>
			<trkpt lat="59.931269396728226" lon="30.29355421079177">
				<ele>1.0665993141010404</ele>
				<time>2023-07-25T16:21:38Z</time>
			</trkpt>
			<trkpt lat="59.9312899074219" lon="30.293513134024945">
				<ele>4.361058567650616</ele>
				<time>2023-07-25T16:21:39Z</time>
			</trkpt>
			<trkpt lat="59.93130359155382" lon="30.293476365487482">
				<ele>6.48871495295316</ele>
				<time>2023-07-25T16:21:40Z</time>
			</trkpt>
			<trkpt lat="59.93132618428911" lon="30.293444775321802">
				<ele>4.443757591769099</ele>
				<time>2023-07-25T16:21:42Z</time>
			</trkpt>
			<trkpt lat="59.93134711218568" lon="30.293413597066735">
				<ele>3.3519487055018544</ele>
				<time>2023-07-25T16:21:44Z</time>
			</trkpt>
			<trkpt lat="59.93136974698942" lon="30.293392533453677">
				<ele>2.9423356540501118</ele>
				<time>2023-07-25T16:21:46Z</time>
			</trkpt>
			<trkpt lat="59.931386740102525" lon="30.2933436738672">
				<ele>4.050960093736649</ele>
				<time>2023-07-25T16:21:48Z</time>
			</trkpt>
			<trkpt lat="59.93139719730421" lon="30.293305393401276">
				<ele>5.111680810339749</ele>
				<time>2023-07-25T16:21:50Z</time>
			</trkpt>
			<trkpt lat="59.93139426910995" lon="30.293265885212833">
				<ele>3.175249991938472</ele>
				<time>2023-07-25T16:21:53Z</time>
			</trkpt>
			<trkpt lat="59.93140737267139" lon="30.293232885798766">
				<ele>3.32478469889611</ele>
				<time>2023-07-25T16:21:56Z</time>
			</trkpt>
			<trkpt lat="59.93140937567685" lon="30.293188082467633">
				<ele>1.6746585704386234</ele>
				<time>2023-07-25T16:21:59Z</time>
			</trkpt>
			<trkpt lat="59.93141804370941" lon="30.293148520360656">
				<ele>2.0647260937839746</ele>
				<time>2023-07-25T16:22:03Z</time>
			</trkpt>
			<trkpt lat="59.93141544769939" lon="30.293109617883083">
				<ele>0.839844779111445</ele>
				<time>2023-07-25T16:22:06Z</time>
			</trkpt>
			<trkpt lat="59.93142377168482" lon="30.293064338560736">
				<ele>1.2164036249741912</ele>
				<time>2023-07-25T16:22:09Z</time>
			</trkpt>
			<trkpt lat="59.93142902818917" lon="30.29302948305965">
				<ele>0.4383158106356859</ele>
				<time>2023-07-25T16:22:12Z</time>
			</trkpt>
			<trkpt lat="59.931434100704166" lon="30.292988483308775">
				<ele>-0.41485752165317535</ele>
				<time>2023-07-25T16:22:15Z</time>
			</trkpt>
			<trkpt lat="59.931424617336894" lon="30.292942263686815">
				<ele>0.10101971961557865</ele>
				<time>2023-07-25T16:22:18Z</time>
			</trkpt>
			<trkpt lat="59.931435036361485" lon="30.29290963634304">
				<ele>-1.7415269976481795</ele>
				<time>2023-07-25T16:22:19Z</time>
			</trkpt>
			<trkpt lat="59.93144120674791" lon="30.292851242975065">
				<ele>-1.9920356795191765</ele>
				<time>2023-07-25T16:22:20Z</time>
			</trkpt>
			<trkpt lat="59.93144284890412" lon="30.29277549474713">
				<ele>-1.3401974961161613</ele>
				<time>2023-07-25T16:22:22Z</time>
			</trkpt>
			<trkpt lat="59.931427583569906" lon="30.29255153905004">
				<ele>4.914991896599531</ele>
				<time>2023-07-25T16:22:24Z</time>
			</trkpt>
			<trkpt lat="59.93142582337052" lon="30.292497391967082">
				<ele>4.980150741524994</ele>
				<time>2023-07-25T16:22:25Z</time>
			</trkpt>
			<trkpt lat="59.9314241833951" lon="30.29244574857117">
				<ele>5.045319125987589</ele>
				<time>2023-07-25T16:22:26Z</time>
			</trkpt>
			<trkpt lat="59.931422599967874" lon="30.29239523239817">
				<ele>5.110479899682105</ele>
				<time>2023-07-25T16:22:27Z</time>
			</trkpt>
			<trkpt lat="59.93155200605116" lon="30.29240937058385">
				<ele>5.110479831695557</ele>
				<time>2023-07-25T16:22:42Z</time>
			</trkpt>
			<trkpt lat="59.93148107289245" lon="30.292170422784466">
				<ele>-5.258612390607595</ele>
				<time>2023-07-25T16:22:43Z</time>
			</trkpt>
			<trkpt lat="59.9314834078893" lon="30.292118858928163">
				<ele>-3.4991616550832987</ele>
				<time>2023-07-25T16:22:45Z</time>
			</trkpt>
			<trkpt lat="59.93148380393752" lon="30.292061461725428">
				<ele>-2.183538492769003</ele>
				<time>2023-07-25T16:22:47Z</time>
			</trkpt>
			<trkpt lat="59.93147846224653" lon="30.29202214524617">
				<ele>-3.0252141868695617</ele>
				<time>2023-07-25T16:22:49Z</time>
			</trkpt>
			<trkpt lat="59.931659647319705" lon="30.29187116774758">
				<ele>-19.75434677209705</ele>
				<time>2023-07-25T16:22:51Z</time>
			</trkpt>
			<trkpt lat="59.931475020536475" lon="30.291961970463063">
				<ele>-3.8128073727712035</ele>
				<time>2023-07-25T16:22:53Z</time>
			</trkpt>
			<trkpt lat="59.9314626381882" lon="30.292073633274267">
				<ele>-3.2179794842377305</ele>
				<time>2023-07-25T16:22:55Z</time>
			</trkpt>
			<trkpt lat="59.931460525199455" lon="30.292036972973346">
				<ele>-5.057759381830692</ele>
				<time>2023-07-25T16:22:58Z</time>
			</trkpt>
			<trkpt lat="59.93145765582597" lon="30.29197502545642">
				<ele>-5.128458580002189</ele>
				<time>2023-07-25T16:23:00Z</time>
			</trkpt>
			<trkpt lat="59.9314605536305" lon="30.29193003555059">
				<ele>-3.904506392776966</ele>
				<time>2023-07-25T16:23:01Z</time>
			</trkpt>
			<trkpt lat="59.93132050168544" lon="30.29141785342926">
				<ele>-4.470630320720375</ele>
				<time>2023-07-25T16:23:18Z</time>
			</trkpt>
			<trkpt lat="59.9313404407319" lon="30.291315679737615">
				<ele>-4.443875092081726</ele>
				<time>2023-07-25T16:23:19Z</time>
			</trkpt>
			<trkpt lat="59.93175452747776" lon="30.29139134037107">
				<ele>-4.518037627451122</ele>
				<time>2023-07-25T16:23:20Z</time>
			</trkpt>
			<trkpt lat="59.9317927320962" lon="30.291352958320033">
				<ele>-4.51747434027493</ele>
				<time>2023-07-25T16:23:21Z</time>
			</trkpt>
			<trkpt lat="59.93181659897916" lon="30.291306874197723">
				<ele>-4.155554779805243</ele>
				<time>2023-07-25T16:23:22Z</time>
			</trkpt>
			<trkpt lat="59.93173682200442" lon="30.291373296517364">
				<ele>-3.822458024136722</ele>
				<time>2023-07-25T16:23:24Z</time>
			</trkpt>
			<trkpt lat="59.93162827465" lon="30.291856142170587">
				<ele>-1.6866824831813574</ele>
				<time>2023-07-25T16:23:25Z</time>
			</trkpt>
			<trkpt lat="59.93164483522283" lon="30.29187522904957">
				<ele>-0.3033949201926589</ele>
				<time>2023-07-25T16:23:26Z</time>
			</trkpt>
			<trkpt lat="59.93166570068207" lon="30.29188675363536">
				<ele>2.7581828413531184</ele>
				<time>2023-07-25T16:23:28Z</time>
			</trkpt>
			<trkpt lat="59.9316835533891" lon="30.291892061852696">
				<ele>-0.5355742061510682</ele>
				<time>2023-07-25T16:23:31Z</time>
			</trkpt>
			<trkpt lat="59.931701319670154" lon="30.291884260564085">
				<ele>3.010538632981479</ele>
				<time>2023-07-25T16:23:33Z</time>
			</trkpt>
			<trkpt lat="59.9317410535531" lon="30.29190913777978">
				<ele>3.7061067186295986</ele>
				<time>2023-07-25T16:23:36Z</time>
			</trkpt>
			<trkpt lat="59.93176094912651" lon="30.291891285765303">
				<ele>5.434551897458732</ele>
				<time>2023-07-25T16:23:37Z</time>
			</trkpt>
			<trkpt lat="59.93178022160203" lon="30.291862107494723">
				<ele>6.252843998372555</ele>
				<time>2023-07-25T16:23:38Z</time>
			</trkpt>
			<trkpt lat="59.9318014193222" lon="30.29184497884957">
				<ele>8.882044392637908</ele>
				<time>2023-07-25T16:23:39Z</time>
			</trkpt>
			<trkpt lat="59.93181699362488" lon="30.29181349017053">
				<ele>6.955127412453294</ele>
				<time>2023-07-25T16:23:41Z</time>
			</trkpt>
			<trkpt lat="59.93182844115822" lon="30.291775322270684">
				<ele>3.4220857126638293</ele>
				<time>2023-07-25T16:23:44Z</time>
			</trkpt>
			<trkpt lat="59.93185467444697" lon="30.29175245311321">
				<ele>1.964875171892345</ele>
				<time>2023-07-25T16:23:45Z</time>
			</trkpt>
			<trkpt lat="59.931877486959934" lon="30.29172285478682">
				<ele>4.881209486164153</ele>
				<time>2023-07-25T16:23:48Z</time>
			</trkpt>
			<trkpt lat="59.931893038416995" lon="30.291691210288562">
				<ele>6.152715107426047</ele>
				<time>2023-07-25T16:23:49Z</time>
			</trkpt>
			<trkpt lat="59.93190860162255" lon="30.291654163042192">
				<ele>5.277975739911199</ele>
				<time>2023-07-25T16:23:51Z</time>
			</trkpt>
			<trkpt lat="59.93190808819933" lon="30.29160010459727">
				<ele>3.691360712982714</ele>
				<time>2023-07-25T16:23:53Z</time>
			</trkpt>
			<trkpt lat="59.93191071249518" lon="30.291559919649643">
				<ele>3.6494980016723275</ele>
				<time>2023-07-25T16:23:54Z</time>
			</trkpt>
			<trkpt lat="59.931917384169175" lon="30.29150616668992">
				<ele>3.611689734272659</ele>
				<time>2023-07-25T16:23:56Z</time>
			</trkpt>
			<trkpt lat="59.931916609697616" lon="30.29143535338375">
				<ele>2.7780347745865583</ele>
				<time>2023-07-25T16:23:58Z</time>
			</trkpt>
			<trkpt lat="59.93191412345917" lon="30.291392909360678">
				<ele>1.0583088202401996</ele>
				<time>2023-07-25T16:24:00Z</time>
			</trkpt>
			<trkpt lat="59.93193130453671" lon="30.291345813915353">
				<ele>0.5065228436142206</ele>
				<time>2023-07-25T16:24:03Z</time>
			</trkpt>
			<trkpt lat="59.931963489061786" lon="30.291323398474947">
				<ele>2.34556823130697</ele>
				<time>2023-07-25T16:24:05Z</time>
			</trkpt>
			<trkpt lat="59.93198504467074" lon="30.29131187240534">
				<ele>2.996800702996552</ele>
				<time>2023-07-25T16:24:06Z</time>
			</trkpt>
			<trkpt lat="59.93201078767057" lon="30.291303377072598">
				<ele>1.678637932986021</ele>
				<time>2023-07-25T16:24:09Z</time>
			</trkpt>
			<trkpt lat="59.93203122057539" lon="30.29128374732535">
				<ele>3.24541137740016</ele>
				<time>2023-07-25T16:24:11Z</time>
			</trkpt>
			<trkpt lat="59.93205272651273" lon="30.29129182379315">
				<ele>3.993378891609609</ele>
				<time>2023-07-25T16:24:12Z</time>
			</trkpt>
			<trkpt lat="59.93207068314005" lon="30.2912863513711">
				<ele>4.441644334234297</ele>
				<time>2023-07-25T16:24:13Z</time>
			</trkpt>
			<trkpt lat="59.93210772668092" lon="30.291274819482563">
				<ele>1.8185736406594515</ele>
				<time>2023-07-25T16:24:16Z</time>
			</trkpt>
			<trkpt lat="59.932133178504685" lon="30.291266284639015">
				<ele>1.2277344837784767</ele>
				<time>2023-07-25T16:24:18Z</time>
			</trkpt>
			<trkpt lat="59.93215249052336" lon="30.291254150892563">
				<ele>1.1803479259833694</ele>
				<time>2023-07-25T16:24:20Z</time>
			</trkpt>
			<trkpt lat="59.93217942134242" lon="30.29124040897669">
				<ele>3.4528529262170196</ele>
				<time>2023-07-25T16:24:22Z</time>
			</trkpt>
			<trkpt lat="59.93220156062757" lon="30.291244837004253">
				<ele>3.6027041049674153</ele>
				<time>2023-07-25T16:24:23Z</time>
			</trkpt>
			<trkpt lat="59.93222792925659" lon="30.291251757718136">
				<ele>3.533650320954621</ele>
				<time>2023-07-25T16:24:25Z</time>
			</trkpt>
			<trkpt lat="59.93226226407223" lon="30.291259713352705">
				<ele>2.2512270528823137</ele>
				<time>2023-07-25T16:24:27Z</time>
			</trkpt>
			<trkpt lat="59.932290747515864" lon="30.29121376131581">
				<ele>3.469217559322715</ele>
				<time>2023-07-25T16:24:30Z</time>
			</trkpt>
			<trkpt lat="59.93231021476283" lon="30.29118526821465">
				<ele>2.004010052420199</ele>
				<time>2023-07-25T16:24:33Z</time>
			</trkpt>
			<trkpt lat="59.93233203204158" lon="30.29118374625788">
				<ele>1.4219055688008666</ele>
				<time>2023-07-25T16:24:35Z</time>
			</trkpt>
			<trkpt lat="59.932356012253486" lon="30.291198784407023">
				<ele>0.043606752529740334</ele>
				<time>2023-07-25T16:24:37Z</time>
			</trkpt>
			<trkpt lat="59.93238452783446" lon="30.291182521236745">
				<ele>-0.580614467151463</ele>
				<time>2023-07-25T16:24:39Z</time>
			</trkpt>
			<trkpt lat="59.9324152581546" lon="30.291157604691858">
				<ele>-0.48650500271469355</ele>
				<time>2023-07-25T16:24:41Z</time>
			</trkpt>
			<trkpt lat="59.932433718335375" lon="30.291134034063745">
				<ele>-0.866375157609582</ele>
				<time>2023-07-25T16:24:43Z</time>
			</trkpt>
			<trkpt lat="59.93245503125104" lon="30.29111565616675">
				<ele>-1.5918250028043985</ele>
				<time>2023-07-25T16:24:45Z</time>
			</trkpt>
			<trkpt lat="59.93247542739915" lon="30.29111044423846">
				<ele>-0.15225295070558786</ele>
				<time>2023-07-25T16:24:47Z</time>
			</trkpt>
			<trkpt lat="59.93250347400491" lon="30.291088031106252">
				<ele>1.4838113225996494</ele>
				<time>2023-07-25T16:24:49Z</time>
			</trkpt>
			<trkpt lat="59.9325272549002" lon="30.291065495969246">
				<ele>1.7115622172132134</ele>
				<time>2023-07-25T16:24:51Z</time>
			</trkpt>
			<trkpt lat="59.93255934543832" lon="30.29105984797697">
				<ele>-0.1713421456515789</ele>
				<time>2023-07-25T16:24:53Z</time>
			</trkpt>
			<trkpt lat="59.9325999780628" lon="30.29103690612198">
				<ele>1.4549659555777907</ele>
				<time>2023-07-25T16:24:55Z</time>
			</trkpt>
			<trkpt lat="59.93261825895118" lon="30.291019053723254">
				<ele>3.718774148263037</ele>
				<time>2023-07-25T16:24:57Z</time>
			</trkpt>
			<trkpt lat="59.932635893414336" lon="30.291011738815005">
				<ele>5.3055947395041585</ele>
				<time>2023-07-25T16:24:58Z</time>
			</trkpt>
			<trkpt lat="59.93266456888048" lon="30.290991424909027">
				<ele>2.3300943560898304</ele>
				<time>2023-07-25T16:25:02Z</time>
			</trkpt>
			<trkpt lat="59.93268352658207" lon="30.290985434198742">
				<ele>1.9497725693508983</ele>
				<time>2023-07-25T16:25:04Z</time>
			</trkpt>
			<trkpt lat="59.93269785460259" lon="30.29095278673909">
				<ele>4.630112588405609</ele>
				<time>2023-07-25T16:25:06Z</time>
			</trkpt>
			<trkpt lat="59.93272952142627" lon="30.290956933059736">
				<ele>4.719514528289437</ele>
				<time>2023-07-25T16:25:08Z</time>
			</trkpt>
			<trkpt lat="59.9327468928396" lon="30.290966024383348">
				<ele>3.663803053088486</ele>
				<time>2023-07-25T16:25:09Z</time>
			</trkpt>
			<trkpt lat="59.932767723625005" lon="30.29095884607441">
				<ele>3.8237303839996457</ele>
				<time>2023-07-25T16:25:11Z</time>
			</trkpt>
			<trkpt lat="59.93280338355729" lon="30.290931419196436">
				<ele>5.532734785228968</ele>
				<time>2023-07-25T16:25:13Z</time>
			</trkpt>
			<trkpt lat="59.93282800294606" lon="30.290918853682964">
				<ele>7.879460382275283</ele>
				<time>2023-07-25T16:25:15Z</time>
			</trkpt>
			<trkpt lat="59.93284382153233" lon="30.290889915628966">
				<ele>4.145553207024932</ele>
				<time>2023-07-25T16:25:17Z</time>
			</trkpt>
			<trkpt lat="59.93286919868363" lon="30.2908910246701">
				<ele>4.231686679646373</ele>
				<time>2023-07-25T16:25:19Z</time>
			</trkpt>
			<trkpt lat="59.93290448515413" lon="30.290875477640853">
				<ele>5.772696231491864</ele>
				<time>2023-07-25T16:25:22Z</time>
			</trkpt>
			<trkpt lat="59.93292063387064" lon="30.290842881331454">
				<ele>4.052922370843589</ele>
				<time>2023-07-25T16:25:24Z</time>
			</trkpt>
			<trkpt lat="59.93293854402037" lon="30.290812345603648">
				<ele>2.1004467895254493</ele>
				<time>2023-07-25T16:25:27Z</time>
			</trkpt>
			<trkpt lat="59.932968974303876" lon="30.290813462042244">
				<ele>3.1843597227707505</ele>
				<time>2023-07-25T16:25:29Z</time>
			</trkpt>
			<trkpt lat="59.93300146110002" lon="30.29080721252838">
				<ele>7.2171243811026216</ele>
				<time>2023-07-25T16:25:31Z</time>
			</trkpt>
			<trkpt lat="59.93303157463" lon="30.290805383180423">
				<ele>4.89335417188704</ele>
				<time>2023-07-25T16:25:33Z</time>
			</trkpt>
			<trkpt lat="59.933054581060716" lon="30.290802993303757">
				<ele>6.006505336612463</ele>
				<time>2023-07-25T16:25:34Z</time>
			</trkpt>
			<trkpt lat="59.933069351948156" lon="30.29078146593606">
				<ele>6.282181645743549</ele>
				<time>2023-07-25T16:25:35Z</time>
			</trkpt>
			<trkpt lat="59.933103538924605" lon="30.290784692497756">
				<ele>8.925103954970837</ele>
				<time>2023-07-25T16:25:38Z</time>
			</trkpt>
			<trkpt lat="59.9331295432404" lon="30.290783908615452">
				<ele>8.785421391017735</ele>
				<time>2023-07-25T16:25:40Z</time>
			</trkpt>
			<trkpt lat="59.93315496946049" lon="30.29079074868464">
				<ele>7.397092240862548</ele>
				<time>2023-07-25T16:25:45Z</time>
			</trkpt>
			<trkpt lat="59.93317781738004" lon="30.290783348049043">
				<ele>7.337970259599388</ele>
				<time>2023-07-25T16:25:47Z</time>
			</trkpt>
			<trkpt lat="59.933160982109435" lon="30.290765057409725">
				<ele>3.9257024163380265</ele>
				<time>2023-07-25T16:25:48Z</time>
			</trkpt>
			<trkpt lat="59.93317367423094" lon="30.290734416528508">
				<ele>4.711568494327366</ele>
				<time>2023-07-25T16:25:50Z</time>
			</trkpt>
			<trkpt lat="59.93317962177555" lon="30.290681990432045">
				<ele>7.653102886863053</ele>
				<time>2023-07-25T16:25:52Z</time>
			</trkpt>
			<trkpt lat="59.93320189282843" lon="30.290667554333776">
				<ele>8.914322692900896</ele>
				<time>2023-07-25T16:25:56Z</time>
			</trkpt>
			<trkpt lat="59.93321985186256" lon="30.29067205636519">
				<ele>8.901507164351642</ele>
				<time>2023-07-25T16:26:02Z</time>
			</trkpt>
			<trkpt lat="59.93324528346394" lon="30.290660231953794">
				<ele>7.088114342652261</ele>
				<time>2023-07-25T16:26:04Z</time>
			</trkpt>
			<trkpt lat="59.93326389656127" lon="30.290630625746104">
				<ele>8.496686766855419</ele>
				<time>2023-07-25T16:26:05Z</time>
			</trkpt>
			<trkpt lat="59.933282460128694" lon="30.29062572415429">
				<ele>9.773308438248932</ele>
				<time>2023-07-25T16:26:07Z</time>
			</trkpt>
			<trkpt lat="59.933303565888345" lon="30.290621142771162">
				<ele>11.777976860292256</ele>
				<time>2023-07-25T16:26:08Z</time>
			</trkpt>
			<trkpt lat="59.93331927120954" lon="30.29059523045422">
				<ele>11.726616282016039</ele>
				<time>2023-07-25T16:26:10Z</time>
			</trkpt>
			<trkpt lat="59.93333734271408" lon="30.290573105369244">
				<ele>10.666347712278366</ele>
				<time>2023-07-25T16:26:13Z</time>
			</trkpt>
			<trkpt lat="59.93336214972446" lon="30.2905676746039">
				<ele>12.263228166848421</ele>
				<time>2023-07-25T16:26:15Z</time>
			</trkpt>
			<trkpt lat="59.93338444205967" lon="30.290592830683103">
				<ele>11.771620680578053</ele>
				<time>2023-07-25T16:26:17Z</time>
			</trkpt>
			<trkpt lat="59.933404367074125" lon="30.290622939365033">
				<ele>11.913625286892056</ele>
				<time>2023-07-25T16:26:20Z</time>
			</trkpt>
			<trkpt lat="59.93343499447818" lon="30.29061577467887">
				<ele>9.690308100543916</ele>
				<time>2023-07-25T16:26:23Z</time>
			</trkpt>
			<trkpt lat="59.93345359703149" lon="30.290595879136482">
				<ele>10.990956689231098</ele>
				<time>2023-07-25T16:26:24Z</time>
			</trkpt>
			<trkpt lat="59.93346936824704" lon="30.29056752076993">
				<ele>9.468305371701717</ele>
				<time>2023-07-25T16:26:27Z</time>
			</trkpt>
			<trkpt lat="59.933486399205165" lon="30.290533835598964">
				<ele>10.484512268565595</ele>
				<time>2023-07-25T16:26:29Z</time>
			</trkpt>
			<trkpt lat="59.933501781704514" lon="30.29050427132536">
				<ele>9.44835539162159</ele>
				<time>2023-07-25T16:26:31Z</time>
			</trkpt>
			<trkpt lat="59.93351691551427" lon="30.290477077143606">
				<ele>6.592213013209403</ele>
				<time>2023-07-25T16:26:34Z</time>
			</trkpt>
			<trkpt lat="59.93353833136822" lon="30.290455992751284">
				<ele>6.923593424260616</ele>
				<time>2023-07-25T16:26:35Z</time>
			</trkpt>
			<trkpt lat="59.933562812351376" lon="30.29043817498193">
				<ele>9.272895072586834</ele>
				<time>2023-07-25T16:26:37Z</time>
			</trkpt>
			<trkpt lat="59.933582653780434" lon="30.290401486180684">
				<ele>7.076935017481446</ele>
				<time>2023-07-25T16:26:40Z</time>
			</trkpt>
			<trkpt lat="59.93361271445584" lon="30.29038501797464">
				<ele>7.882817790843546</ele>
				<time>2023-07-25T16:26:42Z</time>
			</trkpt>
			<trkpt lat="59.93363435013611" lon="30.290368870487885">
				<ele>8.130634249188006</ele>
				<time>2023-07-25T16:26:44Z</time>
			</trkpt>
			<trkpt lat="59.93364784662131" lon="30.29033516939907">
				<ele>6.339292834512889</ele>
				<time>2023-07-25T16:26:46Z</time>
			</trkpt>
			<trkpt lat="59.93367209125093" lon="30.2903215901145">
				<ele>7.320541131310165</ele>
				<time>2023-07-25T16:26:48Z</time>
			</trkpt>
			<trkpt lat="59.93369509104211" lon="30.290303825978953">
				<ele>7.355172341689467</ele>
				<time>2023-07-25T16:26:50Z</time>
			</trkpt>
			<trkpt lat="59.933713894698705" lon="30.290289414887038">
				<ele>8.775618458166718</ele>
				<time>2023-07-25T16:26:51Z</time>
			</trkpt>
			<trkpt lat="59.93373515666919" lon="30.29026116236931">
				<ele>7.696387177333236</ele>
				<time>2023-07-25T16:26:54Z</time>
			</trkpt>
			<trkpt lat="59.933763307184556" lon="30.290223745745404">
				<ele>9.532217211090028</ele>
				<time>2023-07-25T16:26:57Z</time>
			</trkpt>
			<trkpt lat="59.933795892898736" lon="30.290207391256168">
				<ele>11.316380047239363</ele>
				<time>2023-07-25T16:26:58Z</time>
			</trkpt>
			<trkpt lat="59.9338147463265" lon="30.290180521797073">
				<ele>8.32660011202097</ele>
				<time>2023-07-25T16:27:01Z</time>
			</trkpt>
			<trkpt lat="59.93383920699172" lon="30.290159627145453">
				<ele>7.600116319023073</ele>
				<time>2023-07-25T16:27:03Z</time>
			</trkpt>
			<trkpt lat="59.93385603544899" lon="30.290138985707085">
				<ele>10.231817891821265</ele>
				<time>2023-07-25T16:27:05Z</time>
			</trkpt>
			<trkpt lat="59.93387957996511" lon="30.290105318493023">
				<ele>8.23908615950495</ele>
				<time>2023-07-25T16:27:07Z</time>
			</trkpt>
			<trkpt lat="59.93390824563847" lon="30.29007481672731">
				<ele>9.005202662199736</ele>
				<time>2023-07-25T16:27:10Z</time>
			</trkpt>
			<trkpt lat="59.93392639512778" lon="30.290067910578593">
				<ele>9.082190063782036</ele>
				<time>2023-07-25T16:27:11Z</time>
			</trkpt>
			<trkpt lat="59.93394645626461" lon="30.290056688542766">
				<ele>8.737836465239525</ele>
				<time>2023-07-25T16:27:13Z</time>
			</trkpt>
			<trkpt lat="59.933971166695365" lon="30.290018229291157">
				<ele>8.578700412996113</ele>
				<time>2023-07-25T16:27:16Z</time>
			</trkpt>
			<trkpt lat="59.9339886283334" lon="30.29000531155911">
				<ele>8.931547960266471</ele>
				<time>2023-07-25T16:27:18Z</time>
			</trkpt>
			<trkpt lat="59.93400840473885" lon="30.28999521457706">
				<ele>10.636272811330855</ele>
				<time>2023-07-25T16:27:19Z</time>
			</trkpt>
			<trkpt lat="59.934032405397076" lon="30.289979153199734">
				<ele>9.982199859805405</ele>
				<time>2023-07-25T16:27:21Z</time>
			</trkpt>
			<trkpt lat="59.934052617035526" lon="30.289952955483567">
				<ele>9.93147306330502</ele>
				<time>2023-07-25T16:27:23Z</time>
			</trkpt>
			<trkpt lat="59.934078172480696" lon="30.289926694840272">
				<ele>10.975505229085684</ele>
				<time>2023-07-25T16:27:25Z</time>
			</trkpt>
			<trkpt lat="59.93409441536496" lon="30.289905855860514">
				<ele>12.306490018963814</ele>
				<time>2023-07-25T16:27:27Z</time>
			</trkpt>
			<trkpt lat="59.9341170653271" lon="30.289877944887042">
				<ele>10.54657771345228</ele>
				<time>2023-07-25T16:27:30Z</time>
			</trkpt>
			<trkpt lat="59.93413809282055" lon="30.2898492945158">
				<ele>10.003711076453328</ele>
				<time>2023-07-25T16:27:32Z</time>
			</trkpt>
			<trkpt lat="59.93416298586341" lon="30.289827448051998">
				<ele>9.048260009847581</ele>
				<time>2023-07-25T16:27:34Z</time>
			</trkpt>
			<trkpt lat="59.9341798879327" lon="30.28980870035815">
				<ele>11.45837433077395</ele>
				<time>2023-07-25T16:27:35Z</time>
			</trkpt>
			<trkpt lat="59.934203790857225" lon="30.28978479407418">
				<ele>10.299663154408336</ele>
				<time>2023-07-25T16:27:38Z</time>
			</trkpt>
			<trkpt lat="59.93422667755294" lon="30.289759241946705">
				<ele>10.13328760676086</ele>
				<time>2023-07-25T16:27:40Z</time>
			</trkpt>
			<trkpt lat="59.934254615294286" lon="30.289735961263826">
				<ele>11.79834149684757</ele>
				<time>2023-07-25T16:27:43Z</time>
			</trkpt>
			<trkpt lat="59.93428053669874" lon="30.289722487396443">
				<ele>11.42024659179151</ele>
				<time>2023-07-25T16:27:45Z</time>
			</trkpt>
			<trkpt lat="59.93430416203829" lon="30.289701437191482">
				<ele>10.313024943694472</ele>
				<time>2023-07-25T16:27:48Z</time>
			</trkpt>
			<trkpt lat="59.93433082688073" lon="30.28967232821262">
				<ele>10.649487061426044</ele>
				<time>2023-07-25T16:27:50Z</time>
			</trkpt>
			<trkpt lat="59.934347673584476" lon="30.289658025381726">
				<ele>10.445675344206393</ele>
				<time>2023-07-25T16:27:51Z</time>
			</trkpt>
			<trkpt lat="59.934364687173854" lon="30.28964288535544">
				<ele>9.667466474696994</ele>
				<time>2023-07-25T16:27:53Z</time>
			</trkpt>
			<trkpt lat="59.93438840494346" lon="30.289618277734135">
				<ele>9.528070562519133</ele>
				<time>2023-07-25T16:27:55Z</time>
			</trkpt>
			<trkpt lat="59.93440963322836" lon="30.28960009135071">
				<ele>12.24839413445443</ele>
				<time>2023-07-25T16:27:56Z</time>
			</trkpt>
			<trkpt lat="59.93442490644209" lon="30.28957164102126">
				<ele>11.80283454991877</ele>
				<time>2023-07-25T16:27:58Z</time>
			</trkpt>
			<trkpt lat="59.934448643602494" lon="30.289549499081634">
				<ele>11.816240263171494</ele>
				<time>2023-07-25T16:28:00Z</time>
			</trkpt>
			<trkpt lat="59.93446990011589" lon="30.289540476754542">
				<ele>12.458312302827835</ele>
				<time>2023-07-25T16:28:02Z</time>
			</trkpt>
			<trkpt lat="59.934490919444585" lon="30.289518777773733">
				<ele>12.220590782351792</ele>
				<time>2023-07-25T16:28:04Z</time>
			</trkpt>
			<trkpt lat="59.93451277777768" lon="30.289495114289092">
				<ele>11.408846001140773</ele>
				<time>2023-07-25T16:28:06Z</time>
			</trkpt>
			<trkpt lat="59.93453582663056" lon="30.28947354210736">
				<ele>9.423191921785474</ele>
				<time>2023-07-25T16:28:10Z</time>
			</trkpt>
			<trkpt lat="59.9345527697483" lon="30.289461521581895">
				<ele>9.588024532422423</ele>
				<time>2023-07-25T16:28:11Z</time>
			</trkpt>
			<trkpt lat="59.93457549999207" lon="30.289451452692735">
				<ele>10.212009011767805</ele>
				<time>2023-07-25T16:28:13Z</time>
			</trkpt>
			<trkpt lat="59.93459666252616" lon="30.289447041754038">
				<ele>12.131088739261031</ele>
				<time>2023-07-25T16:28:14Z</time>
			</trkpt>
			<trkpt lat="59.934619527477366" lon="30.289430863996685">
				<ele>12.317025570198894</ele>
				<time>2023-07-25T16:28:16Z</time>
			</trkpt>
			<trkpt lat="59.93464238058424" lon="30.289408995031785">
				<ele>10.81805048044771</ele>
				<time>2023-07-25T16:28:18Z</time>
			</trkpt>
			<trkpt lat="59.93466673931361" lon="30.28939616634869">
				<ele>12.590257309377193</ele>
				<time>2023-07-25T16:28:21Z</time>
			</trkpt>
			<trkpt lat="59.93469463519201" lon="30.289388711399784">
				<ele>14.660560824908316</ele>
				<time>2023-07-25T16:28:23Z</time>
			</trkpt>
			<trkpt lat="59.93471880226306" lon="30.28934341690122">
				<ele>11.849509663879871</ele>
				<time>2023-07-25T16:28:25Z</time>
			</trkpt>
			<trkpt lat="59.934733079916434" lon="30.289318179124756">
				<ele>12.188059063628316</ele>
				<time>2023-07-25T16:28:26Z</time>
			</trkpt>
			<trkpt lat="59.934751368235645" lon="30.28928096002306">
				<ele>11.285454844124615</ele>
				<time>2023-07-25T16:28:28Z</time>
			</trkpt>
			<trkpt lat="59.93477161618462" lon="30.28924465020129">
				<ele>11.276007651351392</ele>
				<time>2023-07-25T16:28:30Z</time>
			</trkpt>
			<trkpt lat="59.93479880017695" lon="30.289226077735123">
				<ele>12.070864827372134</ele>
				<time>2023-07-25T16:28:32Z</time>
			</trkpt>
			<trkpt lat="59.934816841900975" lon="30.28921302544278">
				<ele>12.11246551014483</ele>
				<time>2023-07-25T16:28:33Z</time>
			</trkpt>
			<trkpt lat="59.934839270231855" lon="30.289191109677866">
				<ele>12.997952255420387</ele>
				<time>2023-07-25T16:28:35Z</time>
			</trkpt>
			<trkpt lat="59.93486295255174" lon="30.28917316988788">
				<ele>11.810299709439278</ele>
				<time>2023-07-25T16:28:37Z</time>
			</trkpt>
			<trkpt lat="59.934885730005064" lon="30.289141348344934">
				<ele>11.011260703206062</ele>
				<time>2023-07-25T16:28:39Z</time>
			</trkpt>
			<trkpt lat="59.93491385207135" lon="30.28912102551104">
				<ele>11.199746600352228</ele>
				<time>2023-07-25T16:28:41Z</time>
			</trkpt>
			<trkpt lat="59.93493639287944" lon="30.289104974338084">
				<ele>11.305704727768898</ele>
				<time>2023-07-25T16:28:43Z</time>
			</trkpt>
			<trkpt lat="59.9349581609594" lon="30.289077578975345">
				<ele>10.87212597951293</ele>
				<time>2023-07-25T16:28:45Z</time>
			</trkpt>
			<trkpt lat="59.93498343835582" lon="30.289057977369414">
				<ele>11.158662071451545</ele>
				<time>2023-07-25T16:28:47Z</time>
			</trkpt>
			<trkpt lat="59.935009475254276" lon="30.28903047721305">
				<ele>10.151813422329724</ele>
				<time>2023-07-25T16:28:49Z</time>
			</trkpt>
			<trkpt lat="59.935034063419415" lon="30.28899684615389">
				<ele>10.912362694740295</ele>
				<time>2023-07-25T16:28:51Z</time>
			</trkpt>
			<trkpt lat="59.935056295144705" lon="30.288984014008417">
				<ele>9.591887862421572</ele>
				<time>2023-07-25T16:28:53Z</time>
			</trkpt>
			<trkpt lat="59.93507425145628" lon="30.28896598083402">
				<ele>9.21966767217964</ele>
				<time>2023-07-25T16:28:54Z</time>
			</trkpt>
			<trkpt lat="59.935101652176265" lon="30.288943586068005">
				<ele>8.488798696547747</ele>
				<time>2023-07-25T16:28:56Z</time>
			</trkpt>
			<trkpt lat="59.93512005025506" lon="30.28892198405521">
				<ele>7.600412795320153</ele>
				<time>2023-07-25T16:28:58Z</time>
			</trkpt>
			<trkpt lat="59.935150365235835" lon="30.28890390728057">
				<ele>9.074339319951832</ele>
				<time>2023-07-25T16:29:00Z</time>
			</trkpt>
			<trkpt lat="59.935176771255115" lon="30.288881353536397">
				<ele>8.78125359583646</ele>
				<time>2023-07-25T16:29:02Z</time>
			</trkpt>
			<trkpt lat="59.935198475040096" lon="30.28885942917668">
				<ele>7.241002583876252</ele>
				<time>2023-07-25T16:29:04Z</time>
			</trkpt>
			<trkpt lat="59.93521705549715" lon="30.28883980715727">
				<ele>6.847544218413532</ele>
				<time>2023-07-25T16:29:06Z</time>
			</trkpt>
			<trkpt lat="59.935237106604276" lon="30.2888237627835">
				<ele>8.049534515477717</ele>
				<time>2023-07-25T16:29:07Z</time>
			</trkpt>
			<trkpt lat="59.935265376556345" lon="30.288810596162744">
				<ele>8.156154056079686</ele>
				<time>2023-07-25T16:29:09Z</time>
			</trkpt>
			<trkpt lat="59.935293014886774" lon="30.288760404189805">
				<ele>6.677744908258319</ele>
				<time>2023-07-25T16:29:11Z</time>
			</trkpt>
			<trkpt lat="59.93531344371298" lon="30.28874330698964">
				<ele>7.591412903741002</ele>
				<time>2023-07-25T16:29:12Z</time>
			</trkpt>
			<trkpt lat="59.93534550660509" lon="30.28873428579009">
				<ele>9.257248261012137</ele>
				<time>2023-07-25T16:29:14Z</time>
			</trkpt>
			<trkpt lat="59.93536246962057" lon="30.288714134906733">
				<ele>9.446013456210494</ele>
				<time>2023-07-25T16:29:15Z</time>
			</trkpt>
			<trkpt lat="59.935382494479384" lon="30.288675982807174">
				<ele>9.129817740060389</ele>
				<time>2023-07-25T16:29:17Z</time>
			</trkpt>
			<trkpt lat="59.93540516852885" lon="30.288654902033247">
				<ele>9.20932939928025</ele>
				<time>2023-07-25T16:29:19Z</time>
			</trkpt>
			<trkpt lat="59.93542941357254" lon="30.288626434796996">
				<ele>8.82917857542634</ele>
				<time>2023-07-25T16:29:21Z</time>
			</trkpt>
			<trkpt lat="59.93545699191334" lon="30.288610588894436">
				<ele>10.316399969160557</ele>
				<time>2023-07-25T16:29:23Z</time>
			</trkpt>
			<trkpt lat="59.93547708786238" lon="30.288604909631847">
				<ele>13.891240034252405</ele>
				<time>2023-07-25T16:29:25Z</time>
			</trkpt>
			<trkpt lat="59.935502719555394" lon="30.28859824976713">
				<ele>14.598096117377281</ele>
				<time>2023-07-25T16:29:27Z</time>
			</trkpt>
			<trkpt lat="59.93551785111513" lon="30.288574405643423">
				<ele>14.31827028747648</ele>
				<time>2023-07-25T16:29:28Z</time>
			</trkpt>
			<trkpt lat="59.93554840747813" lon="30.288556466315875">
				<ele>13.56232251599431</ele>
				<time>2023-07-25T16:29:30Z</time>
			</trkpt>
			<trkpt lat="59.93557813308185" lon="30.28853730537509">
				<ele>14.166579090058804</ele>
				<time>2023-07-25T16:29:32Z</time>
			</trkpt>
			<trkpt lat="59.93559075243637" lon="30.28850787100035">
				<ele>12.951672623865306</ele>
				<time>2023-07-25T16:29:33Z</time>
			</trkpt>
			<trkpt lat="59.93561590285208" lon="30.28849592458416">
				<ele>11.303505506366491</ele>
				<time>2023-07-25T16:29:35Z</time>
			</trkpt>
			<trkpt lat="59.93563418735934" lon="30.288476403887454">
				<ele>11.815088797360659</ele>
				<time>2023-07-25T16:29:37Z</time>
			</trkpt>
			<trkpt lat="59.93565871268637" lon="30.288455574297203">
				<ele>10.873166758567095</ele>
				<time>2023-07-25T16:29:39Z</time>
			</trkpt>
			<trkpt lat="59.935677904284056" lon="30.288436858003827">
				<ele>10.943023890256882</ele>
				<time>2023-07-25T16:29:40Z</time>
			</trkpt>
			<trkpt lat="59.93570121711595" lon="30.288395508045113">
				<ele>10.035296210087836</ele>
				<time>2023-07-25T16:29:42Z</time>
			</trkpt>
			<trkpt lat="59.935725664751494" lon="30.288376079968987">
				<ele>10.74632160551846</ele>
				<time>2023-07-25T16:29:44Z</time>
			</trkpt>
			<trkpt lat="59.93574938939995" lon="30.288351468417908">
				<ele>9.928577761165798</ele>
				<time>2023-07-25T16:29:46Z</time>
			</trkpt>
			<trkpt lat="59.93577453076242" lon="30.28832828518911">
				<ele>9.905214056372643</ele>
				<time>2023-07-25T16:29:48Z</time>
			</trkpt>
			<trkpt lat="59.93579854352182" lon="30.28830201713454">
				<ele>10.531121488660574</ele>
				<time>2023-07-25T16:29:50Z</time>
			</trkpt>
			<trkpt lat="59.93581993789982" lon="30.28826379162804">
				<ele>10.937631314620376</ele>
				<time>2023-07-25T16:29:52Z</time>
			</trkpt>
			<trkpt lat="59.93584350137461" lon="30.28823473053526">
				<ele>10.3495177552104</ele>
				<time>2023-07-25T16:29:54Z</time>
			</trkpt>
			<trkpt lat="59.93587017938811" lon="30.2882212840549">
				<ele>9.805077807977796</ele>
				<time>2023-07-25T16:29:56Z</time>
			</trkpt>
			<trkpt lat="59.935896053129774" lon="30.288221538000492">
				<ele>7.567105695605278</ele>
				<time>2023-07-25T16:29:58Z</time>
			</trkpt>
			<trkpt lat="59.93592338783821" lon="30.288197692644633">
				<ele>6.675770266912878</ele>
				<time>2023-07-25T16:30:00Z</time>
			</trkpt>
			<trkpt lat="59.935944079918436" lon="30.288172528440906">
				<ele>5.4163280772045255</ele>
				<time>2023-07-25T16:30:02Z</time>
			</trkpt>
			<trkpt lat="59.93596081537619" lon="30.288140556725804">
				<ele>5.267025779001415</ele>
				<time>2023-07-25T16:30:04Z</time>
			</trkpt>
			<trkpt lat="59.935982412790466" lon="30.288114789728557">
				<ele>5.922176829539239</ele>
				<time>2023-07-25T16:30:06Z</time>
			</trkpt>
			<trkpt lat="59.936010349329756" lon="30.28809402170176">
				<ele>5.539177471771836</ele>
				<time>2023-07-25T16:30:09Z</time>
			</trkpt>
			<trkpt lat="59.93603037550289" lon="30.288092314340446">
				<ele>3.5803202465176582</ele>
				<time>2023-07-25T16:30:11Z</time>
			</trkpt>
			<trkpt lat="59.93604957719344" lon="30.288070974461423">
				<ele>3.366489190608263</ele>
				<time>2023-07-25T16:30:13Z</time>
			</trkpt>
			<trkpt lat="59.93606421878956" lon="30.288047566827277">
				<ele>3.884535063058138</ele>
				<time>2023-07-25T16:30:14Z</time>
			</trkpt>
			<trkpt lat="59.936080279032105" lon="30.288024366537545">
				<ele>5.171953214332461</ele>
				<time>2023-07-25T16:30:16Z</time>
			</trkpt>
			<trkpt lat="59.93610009778119" lon="30.287998877124817">
				<ele>6.890033299103379</ele>
				<time>2023-07-25T16:30:17Z</time>
			</trkpt>
			<trkpt lat="59.93612088314284" lon="30.28796762988221">
				<ele>4.774530131369829</ele>
				<time>2023-07-25T16:30:19Z</time>
			</trkpt>
			<trkpt lat="59.936143007309006" lon="30.28793692112201">
				<ele>2.594895316287875</ele>
				<time>2023-07-25T16:30:22Z</time>
			</trkpt>
			<trkpt lat="59.93615638838862" lon="30.287906001430812">
				<ele>2.7932170080021024</ele>
				<time>2023-07-25T16:30:23Z</time>
			</trkpt>
			<trkpt lat="59.93616537294651" lon="30.287856311342786">
				<ele>2.9924619952216744</ele>
				<time>2023-07-25T16:30:25Z</time>
			</trkpt>
			<trkpt lat="59.936167206359485" lon="30.287804691693673">
				<ele>4.928774451836944</ele>
				<time>2023-07-25T16:30:27Z</time>
			</trkpt>
			<trkpt lat="59.93616337831978" lon="30.287739523770377">
				<ele>5.550447103567421</ele>
				<time>2023-07-25T16:30:29Z</time>
			</trkpt>
			<trkpt lat="59.9361569250845" lon="30.2877054958603">
				<ele>4.98412362486124</ele>
				<time>2023-07-25T16:30:31Z</time>
			</trkpt>
			<trkpt lat="59.93614851926518" lon="30.28766676743478">
				<ele>6.579037792049348</ele>
				<time>2023-07-25T16:30:32Z</time>
			</trkpt>
			<trkpt lat="59.93613722678852" lon="30.287629554231074">
				<ele>7.398046617396176</ele>
				<time>2023-07-25T16:30:34Z</time>
			</trkpt>
			<trkpt lat="59.936115626310524" lon="30.28758776373307">
				<ele>8.333695628680289</ele>
				<time>2023-07-25T16:30:36Z</time>
			</trkpt>
			<trkpt lat="59.93611155796961" lon="30.28753942896486">
				<ele>6.38576518651098</ele>
				<time>2023-07-25T16:30:38Z</time>
			</trkpt>
			<trkpt lat="59.93610858296832" lon="30.287487864793167">
				<ele>5.750341086648405</ele>
				<time>2023-07-25T16:30:41Z</time>
			</trkpt>
			<trkpt lat="59.936102825094856" lon="30.287450892825493">
				<ele>7.181301864795387</ele>
				<time>2023-07-25T16:30:42Z</time>
			</trkpt>
			<trkpt lat="59.93609426959935" lon="30.287409515319933">
				<ele>7.905607490800321</ele>
				<time>2023-07-25T16:30:44Z</time>
			</trkpt>
			<trkpt lat="59.936084299376574" lon="30.28736431634766">
				<ele>6.319570440798998</ele>
				<time>2023-07-25T16:30:46Z</time>
			</trkpt>
			<trkpt lat="59.93607164091984" lon="30.287316437332017">
				<ele>6.052551123313606</ele>
				<time>2023-07-25T16:30:48Z</time>
			</trkpt>
			<trkpt lat="59.936063220663634" lon="30.287276396687112">
				<ele>5.675929790362716</ele>
				<time>2023-07-25T16:30:50Z</time>
			</trkpt>
			<trkpt lat="59.93605419912068" lon="30.28723434022577">
				<ele>5.143388335593045</ele>
				<time>2023-07-25T16:30:52Z</time>
			</trkpt>
			<trkpt lat="59.93604733073343" lon="30.28719614990339">
				<ele>3.894909229129553</ele>
				<time>2023-07-25T16:30:54Z</time>
			</trkpt>
			<trkpt lat="59.93604460812174" lon="30.287155764973775">
				<ele>4.7368891360238194</ele>
				<time>2023-07-25T16:30:56Z</time>
			</trkpt>
			<trkpt lat="59.93603144986564" lon="30.287118264400576">
				<ele>4.33208292350173</ele>
				<time>2023-07-25T16:30:58Z</time>
			</trkpt>
			<trkpt lat="59.93602152679735" lon="30.287065517672243">
				<ele>4.45600991230458</ele>
				<time>2023-07-25T16:31:00Z</time>
			</trkpt>
			<trkpt lat="59.93601302531162" lon="30.287027398336292">
				<ele>5.4718913808465</ele>
				<time>2023-07-25T16:31:02Z</time>
			</trkpt>
			<trkpt lat="59.93600467211228" lon="30.286986643734835">
				<ele>3.7311081532388926</ele>
				<time>2023-07-25T16:31:04Z</time>
			</trkpt>
			<trkpt lat="59.935995505947986" lon="30.28695327826027">
				<ele>3.824397834017873</ele>
				<time>2023-07-25T16:31:06Z</time>
			</trkpt>
			<trkpt lat="59.935988137375126" lon="30.28690721218158">
				<ele>3.129834688268602</ele>
				<time>2023-07-25T16:31:08Z</time>
			</trkpt>
			<trkpt lat="59.93597550204183" lon="30.28686043406613">
				<ele>3.961202356033027</ele>
				<time>2023-07-25T16:31:10Z</time>
			</trkpt>
			<trkpt lat="59.93596747408058" lon="30.28681305049706">
				<ele>4.841339610517025</ele>
				<time>2023-07-25T16:31:12Z</time>
			</trkpt>
			<trkpt lat="59.93596054973341" lon="30.286778271603804">
				<ele>4.227393681183457</ele>
				<time>2023-07-25T16:31:14Z</time>
			</trkpt>
			<trkpt lat="59.9359472795314" lon="30.286725680706695">
				<ele>4.750664873048663</ele>
				<time>2023-07-25T16:31:16Z</time>
			</trkpt>
			<trkpt lat="59.93593166771761" lon="30.286706280985527">
				<ele>6.522255604155362</ele>
				<time>2023-07-25T16:31:19Z</time>
			</trkpt>
			<trkpt lat="59.935936672621466" lon="30.286671752912383">
				<ele>5.703459068201482</ele>
				<time>2023-07-25T16:31:36Z</time>
			</trkpt>
			<trkpt lat="59.93592213676397" lon="30.286621779525998">
				<ele>7.907029843889177</ele>
				<time>2023-07-25T16:31:37Z</time>
			</trkpt>
			<trkpt lat="59.93592113594849" lon="30.286576310408666">
				<ele>5.276230135932565</ele>
				<time>2023-07-25T16:31:40Z</time>
			</trkpt>
			<trkpt lat="59.93591367375631" lon="30.286528907679703">
				<ele>4.6246756156906486</ele>
				<time>2023-07-25T16:31:42Z</time>
			</trkpt>
			<trkpt lat="59.93589812727662" lon="30.28647987574642">
				<ele>6.146353317424655</ele>
				<time>2023-07-25T16:31:44Z</time>
			</trkpt>
			<trkpt lat="59.935901233817496" lon="30.28642310646419">
				<ele>3.1761798430234194</ele>
				<time>2023-07-25T16:31:47Z</time>
			</trkpt>
			<trkpt lat="59.93589830644064" lon="30.286354569530367">
				<ele>3.160668292082846</ele>
				<time>2023-07-25T16:31:49Z</time>
			</trkpt>
			<trkpt lat="59.9358948962071" lon="30.286301661933283">
				<ele>1.49727738276124</ele>
				<time>2023-07-25T16:31:52Z</time>
			</trkpt>
			<trkpt lat="59.93589246032766" lon="30.28624537702781">
				<ele>1.1251445822417736</ele>
				<time>2023-07-25T16:31:55Z</time>
			</trkpt>
			<trkpt lat="59.93588786033787" lon="30.286208222799164">
				<ele>0.9989547710865736</ele>
				<time>2023-07-25T16:31:56Z</time>
			</trkpt>
			<trkpt lat="59.93588678379903" lon="30.2861538461512">
				<ele>0.14655350148677826</ele>
				<time>2023-07-25T16:31:59Z</time>
			</trkpt>
			<trkpt lat="59.93588333971443" lon="30.286082820050005">
				<ele>4.678545722737908</ele>
				<time>2023-07-25T16:32:02Z</time>
			</trkpt>
			<trkpt lat="59.93589500956119" lon="30.286051973695844">
				<ele>0.6958458106964827</ele>
				<time>2023-07-25T16:32:03Z</time>
			</trkpt>
			<trkpt lat="59.935911853135885" lon="30.286013341823523">
				<ele>0.2872932469472289</ele>
				<time>2023-07-25T16:32:05Z</time>
			</trkpt>
			<trkpt lat="59.935920640828066" lon="30.28595151212497">
				<ele>3.010330523364246</ele>
				<time>2023-07-25T16:32:07Z</time>
			</trkpt>
			<trkpt lat="59.935919503590895" lon="30.28590535935772">
				<ele>3.0065141413360834</ele>
				<time>2023-07-25T16:32:09Z</time>
			</trkpt>
			<trkpt lat="59.93591926117581" lon="30.28586770852622">
				<ele>3.620720445178449</ele>
				<time>2023-07-25T16:32:11Z</time>
			</trkpt>
			<trkpt lat="59.93593325799275" lon="30.28582780071604">
				<ele>4.954119472764432</ele>
				<time>2023-07-25T16:32:13Z</time>
			</trkpt>
			<trkpt lat="59.93594287764969" lon="30.2857811349351">
				<ele>1.9652812434360385</ele>
				<time>2023-07-25T16:32:15Z</time>
			</trkpt>
			<trkpt lat="59.93594455103486" lon="30.28571571146237">
				<ele>3.5731743536889553</ele>
				<time>2023-07-25T16:32:18Z</time>
			</trkpt>
			<trkpt lat="59.935956458026745" lon="30.285668863746046">
				<ele>5.492726545780897</ele>
				<time>2023-07-25T16:32:20Z</time>
			</trkpt>
			<trkpt lat="59.93597215555778" lon="30.285612730619384">
				<ele>5.013462046161294</ele>
				<time>2023-07-25T16:32:22Z</time>
			</trkpt>
			<trkpt lat="59.93598224326134" lon="30.28557655342982">
				<ele>7.872532442212105</ele>
				<time>2023-07-25T16:32:24Z</time>
			</trkpt>
			<trkpt lat="59.935973644297306" lon="30.28552069684632">
				<ele>6.6560972817242146</ele>
				<time>2023-07-25T16:32:26Z</time>
			</trkpt>
			<trkpt lat="59.93598920824246" lon="30.28546620490075">
				<ele>4.771382374688983</ele>
				<time>2023-07-25T16:32:29Z</time>
			</trkpt>
			<trkpt lat="59.93599497370249" lon="30.28542265463299">
				<ele>5.116191213950515</ele>
				<time>2023-07-25T16:32:31Z</time>
			</trkpt>
			<trkpt lat="59.935991626615966" lon="30.28538405896353">
				<ele>6.706032196059823</ele>
				<time>2023-07-25T16:32:33Z</time>
			</trkpt>
			<trkpt lat="59.935980271272825" lon="30.285356265064177">
				<ele>7.023308647796512</ele>
				<time>2023-07-25T16:32:34Z</time>
			</trkpt>
			<trkpt lat="59.93596898559162" lon="30.285316064584325">
				<ele>5.624759090133011</ele>
				<time>2023-07-25T16:32:36Z</time>
			</trkpt>
			<trkpt lat="59.93596105797047" lon="30.285280707122862">
				<ele>6.426265557296574</ele>
				<time>2023-07-25T16:32:38Z</time>
			</trkpt>
			<trkpt lat="59.935947402743125" lon="30.285238019860113">
				<ele>7.944092767313123</ele>
				<time>2023-07-25T16:32:40Z</time>
			</trkpt>
			<trkpt lat="59.93593491797694" lon="30.28519378885224">
				<ele>5.519766645506024</ele>
				<time>2023-07-25T16:32:43Z</time>
			</trkpt>
			<trkpt lat="59.93592096665774" lon="30.285169949485365">
				<ele>6.373230077326298</ele>
				<time>2023-07-25T16:32:44Z</time>
			</trkpt>
			<trkpt lat="59.93590688175801" lon="30.28513107885813">
				<ele>5.353069164790213</ele>
				<time>2023-07-25T16:32:46Z</time>
			</trkpt>
			<trkpt lat="59.93589109249169" lon="30.285089250248518">
				<ele>7.802279558964074</ele>
				<time>2023-07-25T16:32:48Z</time>
			</trkpt>
			<trkpt lat="59.935870627079794" lon="30.285042618546438">
				<ele>6.638858524151146</ele>
				<time>2023-07-25T16:32:50Z</time>
			</trkpt>
			<trkpt lat="59.935857453908206" lon="30.284995595233365">
				<ele>5.932142470963299</ele>
				<time>2023-07-25T16:32:53Z</time>
			</trkpt>
			<trkpt lat="59.93584723946793" lon="30.284938216618833">
				<ele>7.321031594648957</ele>
				<time>2023-07-25T16:32:55Z</time>
			</trkpt>
			<trkpt lat="59.93583920221194" lon="30.28490421405121">
				<ele>5.876404891721904</ele>
				<time>2023-07-25T16:32:57Z</time>
			</trkpt>
			<trkpt lat="59.93583235634671" lon="30.284848735760814">
				<ele>4.412376688793302</ele>
				<time>2023-07-25T16:33:00Z</time>
			</trkpt>
			<trkpt lat="59.935822007379564" lon="30.284799806080994">
				<ele>5.14466945733875</ele>
				<time>2023-07-25T16:33:02Z</time>
			</trkpt>
			<trkpt lat="59.93581756616387" lon="30.284750915977284">
				<ele>6.860726439394057</ele>
				<time>2023-07-25T16:33:04Z</time>
			</trkpt>
			<trkpt lat="59.935813230430504" lon="30.284703242595494">
				<ele>4.6510993568226695</ele>
				<time>2023-07-25T16:33:06Z</time>
			</trkpt>
			<trkpt lat="59.93580391544535" lon="30.284660546408706">
				<ele>5.508741469122469</ele>
				<time>2023-07-25T16:33:08Z</time>
			</trkpt>
			<trkpt lat="59.93579592849879" lon="30.284616570650986">
				<ele>6.012563819997013</ele>
				<time>2023-07-25T16:33:10Z</time>
			</trkpt>
			<trkpt lat="59.93578843258651" lon="30.284583985679667">
				<ele>6.243685373105109</ele>
				<time>2023-07-25T16:33:11Z</time>
			</trkpt>
			<trkpt lat="59.93578222614599" lon="30.284535425211484">
				<ele>4.014187612570822</ele>
				<time>2023-07-25T16:33:14Z</time>
			</trkpt>
			<trkpt lat="59.93577389550702" lon="30.284494829238703">
				<ele>4.416214348748326</ele>
				<time>2023-07-25T16:33:16Z</time>
			</trkpt>
			<trkpt lat="59.93576602844711" lon="30.28446096744769">
				<ele>3.9145819023251534</ele>
				<time>2023-07-25T16:33:18Z</time>
			</trkpt>
			<trkpt lat="59.93574561948081" lon="30.28440708576006">
				<ele>6.705210953019559</ele>
				<time>2023-07-25T16:33:20Z</time>
			</trkpt>
			<trkpt lat="59.93574301934323" lon="30.284354870379943">
				<ele>5.683450213633478</ele>
				<time>2023-07-25T16:33:23Z</time>
			</trkpt>
			<trkpt lat="59.935732853168496" lon="30.284306440834698">
				<ele>5.735733490437269</ele>
				<time>2023-07-25T16:33:25Z</time>
			</trkpt>
			<trkpt lat="59.93571992356458" lon="30.284266263671128">
				<ele>5.301769962534308</ele>
				<time>2023-07-25T16:33:27Z</time>
			</trkpt>
			<trkpt lat="59.935707451459514" lon="30.28420778884364">
				<ele>3.305902819149196</ele>
				<time>2023-07-25T16:33:30Z</time>
			</trkpt>
			<trkpt lat="59.93569749227456" lon="30.284165322205226">
				<ele>3.544562770985067</ele>
				<time>2023-07-25T16:33:32Z</time>
			</trkpt>
			<trkpt lat="59.93568550872772" lon="30.28412153946517">
				<ele>4.017928618006408</ele>
				<time>2023-07-25T16:33:34Z</time>
			</trkpt>
			<trkpt lat="59.93567793150875" lon="30.284074992346056">
				<ele>4.248754180036485</ele>
				<time>2023-07-25T16:33:36Z</time>
			</trkpt>
			<trkpt lat="59.93566832250691" lon="30.28402403532536">
				<ele>4.18439912609756</ele>
				<time>2023-07-25T16:33:38Z</time>
			</trkpt>
			<trkpt lat="59.93565595449784" lon="30.283979105904233">
				<ele>5.681730426847935</ele>
				<time>2023-07-25T16:33:40Z</time>
			</trkpt>
			<trkpt lat="59.93564245787231" lon="30.283934896845157">
				<ele>5.71132579818368</ele>
				<time>2023-07-25T16:33:43Z</time>
			</trkpt>
			<trkpt lat="59.935642830986225" lon="30.28389057724484">
				<ele>4.010549432598054</ele>
				<time>2023-07-25T16:33:45Z</time>
			</trkpt>
			<trkpt lat="59.93564004232837" lon="30.283829778433603">
				<ele>5.45191549975425</ele>
				<time>2023-07-25T16:33:47Z</time>
			</trkpt>
			<trkpt lat="59.935617255916675" lon="30.28377936638395">
				<ele>8.480047276243567</ele>
				<time>2023-07-25T16:33:49Z</time>
			</trkpt>
			<trkpt lat="59.935602740711275" lon="30.28372168610236">
				<ele>5.117844231426716</ele>
				<time>2023-07-25T16:33:51Z</time>
			</trkpt>
			<trkpt lat="59.93558433292037" lon="30.2836811678782">
				<ele>4.274911225773394</ele>
				<time>2023-07-25T16:33:54Z</time>
			</trkpt>
			<trkpt lat="59.93557081296769" lon="30.283635572068853">
				<ele>5.9382490664720535</ele>
				<time>2023-07-25T16:33:56Z</time>
			</trkpt>
			<trkpt lat="59.93557309109421" lon="30.283594782416834">
				<ele>5.062107055447996</ele>
				<time>2023-07-25T16:33:58Z</time>
			</trkpt>
			<trkpt lat="59.93558343563951" lon="30.28356195068615">
				<ele>3.947298356331885</ele>
				<time>2023-07-25T16:34:00Z</time>
			</trkpt>
			<trkpt lat="59.93561553428669" lon="30.28356879968959">
				<ele>5.696751669980586</ele>
				<time>2023-07-25T16:34:03Z</time>
			</trkpt>
			<trkpt lat="59.9356477146866" lon="30.283552403867443">
				<ele>3.421832635998726</ele>
				<time>2023-07-25T16:34:05Z</time>
			</trkpt>
			<trkpt lat="59.93567123928694" lon="30.283560191216345">
				<ele>-0.2214465569704771</ele>
				<time>2023-07-25T16:34:08Z</time>
			</trkpt>
			<trkpt lat="59.93570201477856" lon="30.283530654329613">
				<ele>1.2003441387787461</ele>
				<time>2023-07-25T16:34:10Z</time>
			</trkpt>
			<trkpt lat="59.93572670852514" lon="30.2834954862356">
				<ele>1.552722044289112</ele>
				<time>2023-07-25T16:34:12Z</time>
			</trkpt>
			<trkpt lat="59.93574531048289" lon="30.28347389621265">
				<ele>2.2970996433869004</ele>
				<time>2023-07-25T16:34:14Z</time>
			</trkpt>
			<trkpt lat="59.93577433924823" lon="30.283448928031717">
				<ele>2.5188803067430854</ele>
				<time>2023-07-25T16:34:16Z</time>
			</trkpt>
			<trkpt lat="59.935798443896566" lon="30.28343067715658">
				<ele>2.48996773455292</ele>
				<time>2023-07-25T16:34:18Z</time>
			</trkpt>
			<trkpt lat="59.93582333647065" lon="30.283413898294747">
				<ele>2.445327417925</ele>
				<time>2023-07-25T16:34:20Z</time>
			</trkpt>
			<trkpt lat="59.9358497235353" lon="30.283391818092174">
				<ele>1.9634124767035246</ele>
				<time>2023-07-25T16:34:22Z</time>
			</trkpt>
			<trkpt lat="59.935877389455186" lon="30.283365817473975">
				<ele>1.4734905511140823</ele>
				<time>2023-07-25T16:34:24Z</time>
			</trkpt>
			<trkpt lat="59.93589449335333" lon="30.28334181989555">
				<ele>1.5449134362861514</ele>
				<time>2023-07-25T16:34:25Z</time>
			</trkpt>
			<trkpt lat="59.935916561970764" lon="30.283320645911633">
				<ele>3.4675818402320147</ele>
				<time>2023-07-25T16:34:26Z</time>
			</trkpt>
			<trkpt lat="59.93595091059305" lon="30.28329219392691">
				<ele>6.564215847291052</ele>
				<time>2023-07-25T16:34:28Z</time>
			</trkpt>
			<trkpt lat="59.93597593673175" lon="30.28327206037753">
				<ele>5.953942405059934</ele>
				<time>2023-07-25T16:34:30Z</time>
			</trkpt>
			<trkpt lat="59.9359960190327" lon="30.28326092625675">
				<ele>2.8056388134136796</ele>
				<time>2023-07-25T16:34:33Z</time>
			</trkpt>
			<trkpt lat="59.93601544445973" lon="30.28325057766015">
				<ele>1.686838073655963</ele>
				<time>2023-07-25T16:34:35Z</time>
			</trkpt>
			<trkpt lat="59.936025084333714" lon="30.283214497200362">
				<ele>2.2074096836149693</ele>
				<time>2023-07-25T16:34:36Z</time>
			</trkpt>
			<trkpt lat="59.93603469133267" lon="30.283165918771502">
				<ele>1.37799774389714</ele>
				<time>2023-07-25T16:34:38Z</time>
			</trkpt>
			<trkpt lat="59.936045061046215" lon="30.28313476783389">
				<ele>2.0856884075328708</ele>
				<time>2023-07-25T16:34:39Z</time>
			</trkpt>
			<trkpt lat="59.936055637941294" lon="30.28310396841614">
				<ele>3.7980272006243467</ele>
				<time>2023-07-25T16:34:40Z</time>
			</trkpt>
			<trkpt lat="59.936074443833924" lon="30.2830737738583">
				<ele>4.516162583604455</ele>
				<time>2023-07-25T16:34:42Z</time>
			</trkpt>
			<trkpt lat="59.93609736595918" lon="30.283054875081454">
				<ele>3.5486485743895173</ele>
				<time>2023-07-25T16:34:44Z</time>
			</trkpt>
			<trkpt lat="59.93612908469276" lon="30.28307898755067">
				<ele>4.055332055315375</ele>
				<time>2023-07-25T16:34:46Z</time>
			</trkpt>
			<trkpt lat="59.93613798943082" lon="30.283042878358696">
				<ele>4.866311650723219</ele>
				<time>2023-07-25T16:34:48Z</time>
			</trkpt>
			<trkpt lat="59.93615924935536" lon="30.283024803041442">
				<ele>4.374504794366658</ele>
				<time>2023-07-25T16:34:50Z</time>
			</trkpt>
			<trkpt lat="59.936185068511584" lon="30.283022720144068">
				<ele>4.619108660146594</ele>
				<time>2023-07-25T16:34:52Z</time>
			</trkpt>
			<trkpt lat="59.93620174217625" lon="30.282998941137215">
				<ele>4.738680614158511</ele>
				<time>2023-07-25T16:34:54Z</time>
			</trkpt>
			<trkpt lat="59.93624010247748" lon="30.28298959904405">
				<ele>6.117433656938374</ele>
				<time>2023-07-25T16:34:57Z</time>
			</trkpt>
			<trkpt lat="59.9362686339546" lon="30.282987072149087">
				<ele>6.022757180966437</ele>
				<time>2023-07-25T16:34:59Z</time>
			</trkpt>
			<trkpt lat="59.93628993857312" lon="30.28297784036943">
				<ele>6.693124859593809</ele>
				<time>2023-07-25T16:35:01Z</time>
			</trkpt>
			<trkpt lat="59.936311891638944" lon="30.282944443487033">
				<ele>7.092531369999051</ele>
				<time>2023-07-25T16:35:03Z</time>
			</trkpt>
			<trkpt lat="59.93633946474193" lon="30.282943016338656">
				<ele>7.735765106976032</ele>
				<time>2023-07-25T16:35:05Z</time>
			</trkpt>
			<trkpt lat="59.93636226601296" lon="30.282933702771285">
				<ele>7.819987527094781</ele>
				<time>2023-07-25T16:35:07Z</time>
			</trkpt>
			<trkpt lat="59.93637726524937" lon="30.282913771419796">
				<ele>7.242113848216832</ele>
				<time>2023-07-25T16:35:09Z</time>
			</trkpt>
			<trkpt lat="59.93640167497638" lon="30.282892693105328">
				<ele>7.309139787219465</ele>
				<time>2023-07-25T16:35:11Z</time>
			</trkpt>
			<trkpt lat="59.93642352315504" lon="30.282859832071964">
				<ele>6.010509523563087</ele>
				<time>2023-07-25T16:35:13Z</time>
			</trkpt>
			<trkpt lat="59.93644623634859" lon="30.282845179600542">
				<ele>7.335617288947105</ele>
				<time>2023-07-25T16:35:14Z</time>
			</trkpt>
			<trkpt lat="59.93646708867171" lon="30.282805835921">
				<ele>5.07168195117265</ele>
				<time>2023-07-25T16:35:16Z</time>
			</trkpt>
			<trkpt lat="59.93648491071352" lon="30.282796534293567">
				<ele>4.58286564797163</ele>
				<time>2023-07-25T16:35:17Z</time>
			</trkpt>
			<trkpt lat="59.93651781059598" lon="30.282769072205717">
				<ele>5.055942186154425</ele>
				<time>2023-07-25T16:35:20Z</time>
			</trkpt>
			<trkpt lat="59.93653045590384" lon="30.28273626838388">
				<ele>5.395813447423279</ele>
				<time>2023-07-25T16:35:21Z</time>
			</trkpt>
			<trkpt lat="59.9365463073131" lon="30.282694718818146">
				<ele>7.063623528927565</ele>
				<time>2023-07-25T16:35:22Z</time>
			</trkpt>
			<trkpt lat="59.9365619735863" lon="30.282658100337073">
				<ele>7.243175333365798</ele>
				<time>2023-07-25T16:35:24Z</time>
			</trkpt>
			<trkpt lat="59.93656617262832" lon="30.282593646897322">
				<ele>3.5213806880638003</ele>
				<time>2023-07-25T16:35:27Z</time>
			</trkpt>
			<trkpt lat="59.93656790506424" lon="30.28253995916106">
				<ele>3.77942565176636</ele>
				<time>2023-07-25T16:35:29Z</time>
			</trkpt>
			<trkpt lat="59.93657519395283" lon="30.282492810140266">
				<ele>2.3376117069274187</ele>
				<time>2023-07-25T16:35:31Z</time>
			</trkpt>
			<trkpt lat="59.93657233424764" lon="30.282448333932653">
				<ele>3.4097862243652344</ele>
				<time>2023-07-25T16:35:32Z</time>
			</trkpt>
			<trkpt lat="59.93656843375789" lon="30.28241135890067">
				<ele>6.064416963607073</ele>
				<time>2023-07-25T16:35:33Z</time>
			</trkpt>
			<trkpt lat="59.936536746584096" lon="30.28243979574804">
				<ele>5.674368563108146</ele>
				<time>2023-07-25T16:35:34Z</time>
			</trkpt>
			<trkpt lat="59.93650432543516" lon="30.28244558442861">
				<ele>5.713010574690998</ele>
				<time>2023-07-25T16:35:35Z</time>
			</trkpt>
			<trkpt lat="59.93647474033779" lon="30.282404105935207">
				<ele>3.5693658078089356</ele>
				<time>2023-07-25T16:35:37Z</time>
			</trkpt>
			<trkpt lat="59.93645313042069" lon="30.282356124224314">
				<ele>3.9301308868452907</ele>
				<time>2023-07-25T16:35:39Z</time>
			</trkpt>
			<trkpt lat="59.936426619664516" lon="30.28234426764923">
				<ele>4.907791844569147</ele>
				<time>2023-07-25T16:35:40Z</time>
			</trkpt>
			<trkpt lat="59.936400590389674" lon="30.282329835271245">
				<ele>5.503261297941208</ele>
				<time>2023-07-25T16:35:41Z</time>
			</trkpt>
			<trkpt lat="59.93639849886492" lon="30.28227377247667">
				<ele>7.163417669013143</ele>
				<time>2023-07-25T16:35:43Z</time>
			</trkpt>
			<trkpt lat="59.936393369741175" lon="30.282233531526774">
				<ele>5.81845966167748</ele>
				<time>2023-07-25T16:35:45Z</time>
			</trkpt>
			<trkpt lat="59.93637805734239" lon="30.28221092982535">
				<ele>2.209543543867767</ele>
				<time>2023-07-25T16:35:48Z</time>
			</trkpt>
			<trkpt lat="59.936356485518864" lon="30.28216676557529">
				<ele>2.1855147583410144</ele>
				<time>2023-07-25T16:35:49Z</time>
			</trkpt>
			<trkpt lat="59.93633264760882" lon="30.28211940418044">
				<ele>5.263036967255175</ele>
				<time>2023-07-25T16:35:51Z</time>
			</trkpt>
			<trkpt lat="59.93630230207226" lon="30.28209434042428">
				<ele>3.3281045351177454</ele>
				<time>2023-07-25T16:35:54Z</time>
			</trkpt>
			<trkpt lat="59.936276287624985" lon="30.282012194203055">
				<ele>7.470303752459586</ele>
				<time>2023-07-25T16:35:56Z</time>
			</trkpt>
			<trkpt lat="59.93629787490249" lon="30.28200628844537">
				<ele>6.850949143990874</ele>
				<time>2023-07-25T16:35:57Z</time>
			</trkpt>
			<trkpt lat="59.93630853758802" lon="30.28194578817173">
				<ele>5.291240241378546</ele>
				<time>2023-07-25T16:36:00Z</time>
			</trkpt>
			<trkpt lat="59.93627812450073" lon="30.28197925217574">
				<ele>4.710505462251604</ele>
				<time>2023-07-25T16:36:01Z</time>
			</trkpt>
			<trkpt lat="59.93626604562073" lon="30.281944145023584">
				<ele>5.3897585878148675</ele>
				<time>2023-07-25T16:36:03Z</time>
			</trkpt>
			<trkpt lat="59.936282762900014" lon="30.281969510042785">
				<ele>0.23970863316208124</ele>
				<time>2023-07-25T16:36:08Z</time>
			</trkpt>
			<trkpt lat="59.93630122233483" lon="30.28183315387423">
				<ele>4.647304380312562</ele>
				<time>2023-07-25T16:36:10Z</time>
			</trkpt>
			<trkpt lat="59.936278796121556" lon="30.28182146023423">
				<ele>4.805920558050275</ele>
				<time>2023-07-25T16:36:11Z</time>
			</trkpt>
			<trkpt lat="59.936256977767464" lon="30.28182012082019">
				<ele>3.3481412027031183</ele>
				<time>2023-07-25T16:36:12Z</time>
			</trkpt>
			<trkpt lat="59.93624039305164" lon="30.281800530234392">
				<ele>3.8546933671459556</ele>
				<time>2023-07-25T16:36:14Z</time>
			</trkpt>
			<trkpt lat="59.93621925717687" lon="30.281777688953902">
				<ele>5.780473617836833</ele>
				<time>2023-07-25T16:36:15Z</time>
			</trkpt>
			<trkpt lat="59.936231698177444" lon="30.281734270518527">
				<ele>1.4638489913195372</ele>
				<time>2023-07-25T16:36:18Z</time>
			</trkpt>
			<trkpt lat="59.936221391713865" lon="30.281694936460216">
				<ele>3.3518133014440536</ele>
				<time>2023-07-25T16:36:20Z</time>
			</trkpt>
			<trkpt lat="59.93622277554884" lon="30.28164689392198">
				<ele>5.770565670914948</ele>
				<time>2023-07-25T16:36:21Z</time>
			</trkpt>
			<trkpt lat="59.93622728690567" lon="30.281607552727007">
				<ele>5.121436581015587</ele>
				<time>2023-07-25T16:36:23Z</time>
			</trkpt>
			<trkpt lat="59.93622945812754" lon="30.28154852834054">
				<ele>8.052192106842995</ele>
				<time>2023-07-25T16:36:24Z</time>
			</trkpt>
			<trkpt lat="59.93624459987432" lon="30.28157067125355">
				<ele>6.058658400550485</ele>
				<time>2023-07-25T16:36:28Z</time>
			</trkpt>
			<trkpt lat="59.936212985483984" lon="30.281549160622347">
				<ele>6.437462738715112</ele>
				<time>2023-07-25T16:36:30Z</time>
			</trkpt>
			<trkpt lat="59.93623223124666" lon="30.281550058649273">
				<ele>0.06518400833010674</ele>
				<time>2023-07-25T16:36:36Z</time>
			</trkpt>
			<trkpt lat="59.936225655035535" lon="30.28162145864823">
				<ele>2.26857590675354</ele>
				<time>2023-07-25T16:36:37Z</time>
			</trkpt>
			<trkpt lat="59.93620534560535" lon="30.281612372771722">
				<ele>1.1683134334161878</ele>
				<time>2023-07-25T16:36:41Z</time>
			</trkpt>
			<trkpt lat="59.936211470442274" lon="30.28164639127731">
				<ele>3.4701150627806783</ele>
				<time>2023-07-25T16:36:43Z</time>
			</trkpt>
			<trkpt lat="59.936208800059504" lon="30.281648151299823">
				<ele>2.942962937988341</ele>
				<time>2023-07-25T16:36:44Z</time>
			</trkpt>
			<trkpt lat="59.93624611614327" lon="30.281613209251184">
				<ele>3.622687106952071</ele>
				<time>2023-07-25T16:37:00Z</time>
			</trkpt>
			<trkpt lat="59.936293131607506" lon="30.281608346137613">
				<ele>4.160828924737871</ele>
				<time>2023-07-25T16:37:01Z</time>
			</trkpt>
			<trkpt lat="59.93626175547185" lon="30.281559896197788">
				<ele>-0.11831208784133196</ele>
				<time>2023-07-25T16:37:03Z</time>
			</trkpt>
			<trkpt lat="59.93626584629437" lon="30.281678563616463">
				<ele>-1.3826119918376207</ele>
				<time>2023-07-25T16:37:04Z</time>
			</trkpt>
			<trkpt lat="59.936260301288776" lon="30.281724259370325">
				<ele>3.014577011577785</ele>
				<time>2023-07-25T16:37:05Z</time>
			</trkpt>
			<trkpt lat="59.93628130998906" lon="30.281750833485432">
				<ele>1.3216075040400028</ele>
				<time>2023-07-25T16:37:08Z</time>
			</trkpt>
			<trkpt lat="59.93630759640903" lon="30.281773967500676">
				<ele>4.66313795465976</ele>
				<time>2023-07-25T16:37:12Z</time>
			</trkpt>
			<trkpt lat="59.93632467231997" lon="30.2818073170102">
				<ele>3.884473298676312</ele>
				<time>2023-07-25T16:37:14Z</time>
			</trkpt>
			<trkpt lat="59.93634479427691" lon="30.281845899465136">
				<ele>1.5761146619915962</ele>
				<time>2023-07-25T16:37:15Z</time>
			</trkpt>
			<trkpt lat="59.93636461916557" lon="30.28185014321974">
				<ele>0.9196726037189364</ele>
				<time>2023-07-25T16:37:17Z</time>
			</trkpt>
			<trkpt lat="59.93636745538398" lon="30.281886835525757">
				<ele>0.3432120010256767</ele>
				<time>2023-07-25T16:37:20Z</time>
			</trkpt>
			<trkpt lat="59.93636267919875" lon="30.281947514702168">
				<ele>3.3577749133110046</ele>
				<time>2023-07-25T16:37:22Z</time>
			</trkpt>
			<trkpt lat="59.93634848618513" lon="30.2820426301372">
				<ele>1.0684908786788583</ele>
				<time>2023-07-25T16:37:23Z</time>
			</trkpt>
			<trkpt lat="59.93636068940427" lon="30.282077915637057">
				<ele>-0.06475142668932676</ele>
				<time>2023-07-25T16:37:26Z</time>
			</trkpt>
			<trkpt lat="59.93634877424703" lon="30.28214182273891">
				<ele>-0.2856521848589182</ele>
				<time>2023-07-25T16:37:28Z</time>
			</trkpt>
			<trkpt lat="59.93636923437467" lon="30.282158915078867">
				<ele>2.946151022799313</ele>
				<time>2023-07-25T16:37:29Z</time>
			</trkpt>
			<trkpt lat="59.93636765497979" lon="30.282200844378647">
				<ele>0.13793289009481668</ele>
				<time>2023-07-25T16:37:30Z</time>
			</trkpt>
			<trkpt lat="59.936384432388245" lon="30.28224339433664">
				<ele>-2.515082404948771</ele>
				<time>2023-07-25T16:37:32Z</time>
			</trkpt>
			<trkpt lat="59.93637208294353" lon="30.282310129915068">
				<ele>-1.5970874140039086</ele>
				<time>2023-07-25T16:37:33Z</time>
			</trkpt>
			<trkpt lat="59.9363948819457" lon="30.28231759869757">
				<ele>-0.8358610402792692</ele>
				<time>2023-07-25T16:37:35Z</time>
			</trkpt>
			<trkpt lat="59.93641900590044" lon="30.282313820450284">
				<ele>2.096577930264175</ele>
				<time>2023-07-25T16:37:36Z</time>
			</trkpt>
			<trkpt lat="59.93643122455688" lon="30.282378000421556">
				<ele>3.178625112399459</ele>
				<time>2023-07-25T16:37:38Z</time>
			</trkpt>
			<trkpt lat="59.936455271683286" lon="30.282408900496876">
				<ele>1.2503328761085868</ele>
				<time>2023-07-25T16:37:40Z</time>
			</trkpt>
			<trkpt lat="59.93648795207403" lon="30.28242405389309">
				<ele>1.4030420957133174</ele>
				<time>2023-07-25T16:37:42Z</time>
			</trkpt>
			<trkpt lat="59.936497797554495" lon="30.28245484213211">
				<ele>1.74352097325027</ele>
				<time>2023-07-25T16:37:43Z</time>
			</trkpt>
			<trkpt lat="59.93652290854838" lon="30.282469021473883">
				<ele>1.6250297194346786</ele>
				<time>2023-07-25T16:37:45Z</time>
			</trkpt>
			<trkpt lat="59.93653825438577" lon="30.282491610854127">
				<ele>1.0085121998563409</ele>
				<time>2023-07-25T16:37:46Z</time>
			</trkpt>
			<trkpt lat="59.93654782370223" lon="30.28253651826159">
				<ele>1.8667430030182004</ele>
				<time>2023-07-25T16:37:48Z</time>
			</trkpt>
			<trkpt lat="59.93655613463279" lon="30.28258314512351">
				<ele>2.6653556814417243</ele>
				<time>2023-07-25T16:37:50Z</time>
			</trkpt>
			<trkpt lat="59.936566930807516" lon="30.282619503008455">
				<ele>2.740667635574937</ele>
				<time>2023-07-25T16:37:52Z</time>
			</trkpt>
			<trkpt lat="59.93660213609409" lon="30.282611119757245">
				<ele>4.852872018702328</ele>
				<time>2023-07-25T16:37:54Z</time>
			</trkpt>
			<trkpt lat="59.93663924275595" lon="30.28258656062394">
				<ele>5.6026675933972</ele>
				<time>2023-07-25T16:37:55Z</time>
			</trkpt>
			<trkpt lat="59.93665109327696" lon="30.28254510425292">
				<ele>3.8775251945480704</ele>
				<time>2023-07-25T16:37:57Z</time>
			</trkpt>
			<trkpt lat="59.936670459002166" lon="30.28252117163306">
				<ele>1.9859658516943455</ele>
				<time>2023-07-25T16:37:59Z</time>
			</trkpt>
			<trkpt lat="59.936686636261186" lon="30.282488617342345">
				<ele>2.293597794137895</ele>
				<time>2023-07-25T16:38:00Z</time>
			</trkpt>
			<trkpt lat="59.936697632531725" lon="30.282437151571482">
				<ele>2.774926168844104</ele>
				<time>2023-07-25T16:38:02Z</time>
			</trkpt>
			<trkpt lat="59.9367161542725" lon="30.282391707123953">
				<ele>3.6646131286397576</ele>
				<time>2023-07-25T16:38:04Z</time>
			</trkpt>
			<trkpt lat="59.93672665026015" lon="30.282361731045505">
				<ele>3.9875849010422826</ele>
				<time>2023-07-25T16:38:05Z</time>
			</trkpt>
			<trkpt lat="59.93673700004291" lon="30.28232861379219">
				<ele>3.306154537014663</ele>
				<time>2023-07-25T16:38:07Z</time>
			</trkpt>
			<trkpt lat="59.93675380790288" lon="30.282296345315082">
				<ele>7.594157784245908</ele>
				<time>2023-07-25T16:38:09Z</time>
			</trkpt>
			<trkpt lat="59.93677566927086" lon="30.282273595806405">
				<ele>5.22943131159991</ele>
				<time>2023-07-25T16:38:11Z</time>
			</trkpt>
			<trkpt lat="59.93679170778379" lon="30.282248991498378">
				<ele>3.5410807160660625</ele>
				<time>2023-07-25T16:38:13Z</time>
			</trkpt>
			<trkpt lat="59.93684262751954" lon="30.282265530661057">
				<ele>4.7081672213971615</ele>
				<time>2023-07-25T16:38:16Z</time>
			</trkpt>
			<trkpt lat="59.93687805192638" lon="30.282271944595973">
				<ele>8.120063195936382</ele>
				<time>2023-07-25T16:38:18Z</time>
			</trkpt>
			<trkpt lat="59.936892021677416" lon="30.28224717110957">
				<ele>5.649100217036903</ele>
				<time>2023-07-25T16:38:20Z</time>
			</trkpt>
			<trkpt lat="59.93690643722441" lon="30.28220979678677">
				<ele>3.874538728967309</ele>
				<time>2023-07-25T16:38:22Z</time>
			</trkpt>
			<trkpt lat="59.93693972764433" lon="30.28220203116867">
				<ele>3.8859242787584662</ele>
				<time>2023-07-25T16:38:24Z</time>
			</trkpt>
			<trkpt lat="59.93697321666435" lon="30.282171670494815">
				<ele>4.728412810713053</ele>
				<time>2023-07-25T16:38:26Z</time>
			</trkpt>
			<trkpt lat="59.93699220489697" lon="30.28215313429807">
				<ele>6.720032300800085</ele>
				<time>2023-07-25T16:38:27Z</time>
			</trkpt>
			<trkpt lat="59.93702023752478" lon="30.28211465776019">
				<ele>6.28784869145602</ele>
				<time>2023-07-25T16:38:30Z</time>
			</trkpt>
			<trkpt lat="59.937043080823514" lon="30.28209337944171">
				<ele>4.527518370188773</ele>
				<time>2023-07-25T16:38:32Z</time>
			</trkpt>
			<trkpt lat="59.93706274415917" lon="30.28205595455184">
				<ele>4.728755965828896</ele>
				<time>2023-07-25T16:38:34Z</time>
			</trkpt>
			<trkpt lat="59.937063385207885" lon="30.282007817669946">
				<ele>5.542906355112791</ele>
				<time>2023-07-25T16:38:36Z</time>
			</trkpt>
			<trkpt lat="59.937083307317565" lon="30.281986232228405">
				<ele>6.883042638190091</ele>
				<time>2023-07-25T16:38:38Z</time>
			</trkpt>
			<trkpt lat="59.93712031843381" lon="30.28196224329444">
				<ele>9.890932854264975</ele>
				<time>2023-07-25T16:38:40Z</time>
			</trkpt>
			<trkpt lat="59.93715291898302" lon="30.281951648388077">
				<ele>3.632569395005703</ele>
				<time>2023-07-25T16:38:43Z</time>
			</trkpt>
			<trkpt lat="59.93718288501761" lon="30.28194444887483">
				<ele>3.1845215689390898</ele>
				<time>2023-07-25T16:38:44Z</time>
			</trkpt>
			<trkpt lat="59.93716179782832" lon="30.281909215316603">
				<ele>2.7600809391587973</ele>
				<time>2023-07-25T16:38:45Z</time>
			</trkpt>
			<trkpt lat="59.93719286691142" lon="30.281897421987775">
				<ele>3.4513035537675023</ele>
				<time>2023-07-25T16:38:46Z</time>
			</trkpt>
			<trkpt lat="59.937213744646506" lon="30.281913311252968">
				<ele>3.3033718075603247</ele>
				<time>2023-07-25T16:38:47Z</time>
			</trkpt>
			<trkpt lat="59.93724145447379" lon="30.281889415180054">
				<ele>4.9874292723834515</ele>
				<time>2023-07-25T16:38:49Z</time>
			</trkpt>
			<trkpt lat="59.937272427821675" lon="30.281872848838407">
				<ele>7.215156342834234</ele>
				<time>2023-07-25T16:38:52Z</time>
			</trkpt>
			<trkpt lat="59.93729035282833" lon="30.281849330488843">
				<ele>5.0229463735595345</ele>
				<time>2023-07-25T16:38:54Z</time>
			</trkpt>
			<trkpt lat="59.93730058012042" lon="30.281805557112833">
				<ele>6.097098844125867</ele>
				<time>2023-07-25T16:38:56Z</time>
			</trkpt>
			<trkpt lat="59.937318971338605" lon="30.281775959725028">
				<ele>7.529694767668843</ele>
				<time>2023-07-25T16:38:58Z</time>
			</trkpt>
			<trkpt lat="59.93734092513415" lon="30.281757426968912">
				<ele>4.234265542589128</ele>
				<time>2023-07-25T16:39:01Z</time>
			</trkpt>
			<trkpt lat="59.93736156314748" lon="30.28173574445161">
				<ele>3.7210681419819593</ele>
				<time>2023-07-25T16:39:03Z</time>
			</trkpt>
			<trkpt lat="59.93740078576461" lon="30.281698416863765">
				<ele>5.343491953797638</ele>
				<time>2023-07-25T16:39:07Z</time>
			</trkpt>
			<trkpt lat="59.937436162911105" lon="30.281673744913416">
				<ele>7.925360029563308</ele>
				<time>2023-07-25T16:39:08Z</time>
			</trkpt>
			<trkpt lat="59.93745625843833" lon="30.281638973025395">
				<ele>7.215017638169229</ele>
				<time>2023-07-25T16:39:10Z</time>
			</trkpt>
			<trkpt lat="59.937456036433005" lon="30.281593865828924">
				<ele>6.722947750240564</ele>
				<time>2023-07-25T16:39:11Z</time>
			</trkpt>
			<trkpt lat="59.93747561195831" lon="30.281576163135703">
				<ele>5.736905941739678</ele>
				<time>2023-07-25T16:39:13Z</time>
			</trkpt>
			<trkpt lat="59.937496050822794" lon="30.28154377370032">
				<ele>6.571729486808181</ele>
				<time>2023-07-25T16:39:15Z</time>
			</trkpt>
			<trkpt lat="59.93751644798658" lon="30.28153399864789">
				<ele>7.996359492652118</ele>
				<time>2023-07-25T16:39:16Z</time>
			</trkpt>
			<trkpt lat="59.93754192109684" lon="30.281514423668806">
				<ele>6.98386297468096</ele>
				<time>2023-07-25T16:39:18Z</time>
			</trkpt>
			<trkpt lat="59.93756288708211" lon="30.281458416925226">
				<ele>5.748199077323079</ele>
				<time>2023-07-25T16:39:21Z</time>
			</trkpt>
			<trkpt lat="59.93758354418116" lon="30.28142797205873">
				<ele>5.86109652556479</ele>
				<time>2023-07-25T16:39:23Z</time>
			</trkpt>
			<trkpt lat="59.93760042508685" lon="30.281408045194112">
				<ele>5.321598859503865</ele>
				<time>2023-07-25T16:39:25Z</time>
			</trkpt>
			<trkpt lat="59.93761937545818" lon="30.28141093846259">
				<ele>5.725954406894743</ele>
				<time>2023-07-25T16:39:26Z</time>
			</trkpt>
			<trkpt lat="59.93764059083907" lon="30.281368696232907">
				<ele>6.805304677225649</ele>
				<time>2023-07-25T16:39:28Z</time>
			</trkpt>
			<trkpt lat="59.937667277035914" lon="30.281363903047136">
				<ele>7.467127139680088</ele>
				<time>2023-07-25T16:39:30Z</time>
			</trkpt>
			<trkpt lat="59.937687972002266" lon="30.281342306271366">
				<ele>7.997209012508392</ele>
				<time>2023-07-25T16:39:32Z</time>
			</trkpt>
			<trkpt lat="59.93771034322578" lon="30.281331578784545">
				<ele>7.2083101850003</ele>
				<time>2023-07-25T16:39:34Z</time>
			</trkpt>
			<trkpt lat="59.937740860648546" lon="30.281315285784785">
				<ele>6.575086353346705</ele>
				<time>2023-07-25T16:39:36Z</time>
			</trkpt>
			<trkpt lat="59.93776885639744" lon="30.281319581500803">
				<ele>6.588244408369064</ele>
				<time>2023-07-25T16:39:38Z</time>
			</trkpt>
			<trkpt lat="59.93778636300379" lon="30.28129084990768">
				<ele>6.423174122348428</ele>
				<time>2023-07-25T16:39:40Z</time>
			</trkpt>
			<trkpt lat="59.9378022722419" lon="30.28127310177642">
				<ele>6.662346830591559</ele>
				<time>2023-07-25T16:39:41Z</time>
			</trkpt>
			<trkpt lat="59.937816153143075" lon="30.281246391980932">
				<ele>5.295944290235639</ele>
				<time>2023-07-25T16:39:43Z</time>
			</trkpt>
			<trkpt lat="59.93785045689605" lon="30.281198442613746">
				<ele>5.151294009760022</ele>
				<time>2023-07-25T16:39:45Z</time>
			</trkpt>
			<trkpt lat="59.93787548636298" lon="30.28115929283399">
				<ele>5.544609477743506</ele>
				<time>2023-07-25T16:39:48Z</time>
			</trkpt>
			<trkpt lat="59.93790269796659" lon="30.28114250210897">
				<ele>6.684368025511503</ele>
				<time>2023-07-25T16:39:50Z</time>
			</trkpt>
			<trkpt lat="59.93792368989117" lon="30.281112696539026">
				<ele>6.647987497039139</ele>
				<time>2023-07-25T16:39:52Z</time>
			</trkpt>
			<trkpt lat="59.9379540613845" lon="30.28108731514176">
				<ele>6.5941366367042065</ele>
				<time>2023-07-25T16:39:54Z</time>
			</trkpt>
			<trkpt lat="59.937969044651076" lon="30.281042428916745">
				<ele>6.178267069160938</ele>
				<time>2023-07-25T16:39:56Z</time>
			</trkpt>
			<trkpt lat="59.93799214976832" lon="30.281028915034558">
				<ele>5.242820189334452</ele>
				<time>2023-07-25T16:39:58Z</time>
			</trkpt>
			<trkpt lat="59.93799206757479" lon="30.28095416760906">
				<ele>3.45285333506763</ele>
				<time>2023-07-25T16:40:00Z</time>
			</trkpt>
			<trkpt lat="59.93801009189652" lon="30.280944515550107">
				<ele>4.18248716276139</ele>
				<time>2023-07-25T16:40:01Z</time>
			</trkpt>
			<trkpt lat="59.93802233388593" lon="30.280911160856903">
				<ele>3.2073746686801314</ele>
				<time>2023-07-25T16:40:03Z</time>
			</trkpt>
			<trkpt lat="59.9380433570133" lon="30.280864161000913">
				<ele>3.188022448681295</ele>
				<time>2023-07-25T16:40:05Z</time>
			</trkpt>
			<trkpt lat="59.93805426620095" lon="30.28082526033434">
				<ele>2.5719945719465613</ele>
				<time>2023-07-25T16:40:07Z</time>
			</trkpt>
			<trkpt lat="59.93807439207622" lon="30.280804256259565">
				<ele>5.035282981581986</ele>
				<time>2023-07-25T16:40:09Z</time>
			</trkpt>
			<trkpt lat="59.938111401394" lon="30.280794707616565">
				<ele>4.39019881747663</ele>
				<time>2023-07-25T16:40:11Z</time>
			</trkpt>
			<trkpt lat="59.93812065355016" lon="30.280762746352927">
				<ele>1.8789407229050994</ele>
				<time>2023-07-25T16:40:13Z</time>
			</trkpt>
			<trkpt lat="59.93815392106655" lon="30.280744355832038">
				<ele>1.816373917274177</ele>
				<time>2023-07-25T16:40:15Z</time>
			</trkpt>
			<trkpt lat="59.93816785522359" lon="30.28069944725583">
				<ele>4.782086467370391</ele>
				<time>2023-07-25T16:40:17Z</time>
			</trkpt>
			<trkpt lat="59.93819233037692" lon="30.280673226735207">
				<ele>6.446119464933872</ele>
				<time>2023-07-25T16:40:19Z</time>
			</trkpt>
			<trkpt lat="59.93821759452385" lon="30.280659186189094">
				<ele>6.771523860283196</ele>
				<time>2023-07-25T16:40:21Z</time>
			</trkpt>
			<trkpt lat="59.93825375071118" lon="30.280621433296297">
				<ele>7.646831187419593</ele>
				<time>2023-07-25T16:40:23Z</time>
			</trkpt>
			<trkpt lat="59.938271462633175" lon="30.28061431507063">
				<ele>6.120949536561966</ele>
				<time>2023-07-25T16:40:25Z</time>
			</trkpt>
			<trkpt lat="59.93829648198126" lon="30.280594219164428">
				<ele>5.279705305583775</ele>
				<time>2023-07-25T16:40:28Z</time>
			</trkpt>
			<trkpt lat="59.938321513502835" lon="30.28058216949296">
				<ele>5.392893192358315</ele>
				<time>2023-07-25T16:40:30Z</time>
			</trkpt>
			<trkpt lat="59.938335888500056" lon="30.28053835166849">
				<ele>5.636786823160946</ele>
				<time>2023-07-25T16:40:32Z</time>
			</trkpt>
			<trkpt lat="59.93833267466369" lon="30.280480069215976">
				<ele>4.8334557535126805</ele>
				<time>2023-07-25T16:40:34Z</time>
			</trkpt>
			<trkpt lat="59.938324574551366" lon="30.280443569531464">
				<ele>5.49454677850008</ele>
				<time>2023-07-25T16:40:35Z</time>
			</trkpt>
			<trkpt lat="59.9383117266942" lon="30.28040116948674">
				<ele>3.89178460650146</ele>
				<time>2023-07-25T16:40:37Z</time>
			</trkpt>
			<trkpt lat="59.93829418740991" lon="30.28035060701221">
				<ele>4.415611351840198</ele>
				<time>2023-07-25T16:40:39Z</time>
			</trkpt>
			<trkpt lat="59.93828379178004" lon="30.280313189477432">
				<ele>5.222261227667332</ele>
				<time>2023-07-25T16:40:40Z</time>
			</trkpt>
			<trkpt lat="59.93827249272152" lon="30.280280356187404">
				<ele>4.518299869261682</ele>
				<time>2023-07-25T16:40:42Z</time>
			</trkpt>
			<trkpt lat="59.93826008148168" lon="30.280234862716593">
				<ele>4.5275311563164</ele>
				<time>2023-07-25T16:40:44Z</time>
			</trkpt>
			<trkpt lat="59.93823752101123" lon="30.28020034374243">
				<ele>3.617508730851114</ele>
				<time>2023-07-25T16:40:46Z</time>
			</trkpt>
			<trkpt lat="59.938225050772765" lon="30.280156669257774">
				<ele>3.347761291079223</ele>
				<time>2023-07-25T16:40:48Z</time>
			</trkpt>
			<trkpt lat="59.93821647000337" lon="30.28011571077619">
				<ele>2.2401843266561627</ele>
				<time>2023-07-25T16:40:50Z</time>
			</trkpt>
			<trkpt lat="59.93820056378922" lon="30.280072563372514">
				<ele>2.690209988504648</ele>
				<time>2023-07-25T16:40:52Z</time>
			</trkpt>
			<trkpt lat="59.93818842164126" lon="30.28002936942682">
				<ele>3.7585707902908325</ele>
				<time>2023-07-25T16:40:54Z</time>
			</trkpt>
			<trkpt lat="59.93817422789941" lon="30.280052389500167">
				<ele>0.8923327540978789</ele>
				<time>2023-07-25T16:40:56Z</time>
			</trkpt>
			<trkpt lat="59.93815415789052" lon="30.280091366642548">
				<ele>2.68510237429291</ele>
				<time>2023-07-25T16:41:04Z</time>
			</trkpt>
			<trkpt lat="59.93815683237873" lon="30.280038291346667">
				<ele>3.209695032797754</ele>
				<time>2023-07-25T16:41:09Z</time>
			</trkpt>
			<trkpt lat="59.93815600627923" lon="30.280001331850663">
				<ele>2.0095421373844147</ele>
				<time>2023-07-25T16:41:11Z</time>
			</trkpt>
			<trkpt lat="59.93814546167761" lon="30.279960470606927">
				<ele>2.0692166881635785</ele>
				<time>2023-07-25T16:41:12Z</time>
			</trkpt>
			<trkpt lat="59.93813666791027" lon="30.279925955785075">
				<ele>2.469405423849821</ele>
				<time>2023-07-25T16:41:13Z</time>
			</trkpt>
			<trkpt lat="59.93812706734047" lon="30.279853941484202">
				<ele>4.229843411594629</ele>
				<time>2023-07-25T16:41:15Z</time>
			</trkpt>
			<trkpt lat="59.93811214914234" lon="30.2798184796809">
				<ele>0.8983988175168633</ele>
				<time>2023-07-25T16:41:17Z</time>
			</trkpt>
			<trkpt lat="59.93810175793028" lon="30.27977674514403">
				<ele>2.0262212501838803</ele>
				<time>2023-07-25T16:41:19Z</time>
			</trkpt>
			<trkpt lat="59.93808846286229" lon="30.279724741719743">
				<ele>2.839974155649543</ele>
				<time>2023-07-25T16:41:21Z</time>
			</trkpt>
			<trkpt lat="59.93807745861912" lon="30.27967478216875">
				<ele>2.6497270641848445</ele>
				<time>2023-07-25T16:41:24Z</time>
			</trkpt>
			<trkpt lat="59.93806633876902" lon="30.279635554488255">
				<ele>2.560567980632186</ele>
				<time>2023-07-25T16:41:25Z</time>
			</trkpt>
			<trkpt lat="59.93805521968882" lon="30.27959452749814">
				<ele>3.4340444561094046</ele>
				<time>2023-07-25T16:41:27Z</time>
			</trkpt>
			<trkpt lat="59.93804771285935" lon="30.27955646057212">
				<ele>3.5371051020920277</ele>
				<time>2023-07-25T16:41:29Z</time>
			</trkpt>
			<trkpt lat="59.938034039566936" lon="30.27951447564062">
				<ele>2.7888465775176883</ele>
				<time>2023-07-25T16:41:31Z</time>
			</trkpt>
			<trkpt lat="59.93801695425615" lon="30.279472084298195">
				<ele>2.5118096992373466</ele>
				<time>2023-07-25T16:41:33Z</time>
			</trkpt>
			<trkpt lat="59.938004036764255" lon="30.27942535800384">
				<ele>2.479584440588951</ele>
				<time>2023-07-25T16:41:35Z</time>
			</trkpt>
			<trkpt lat="59.937989453687464" lon="30.279384422071985">
				<ele>2.7829975727945566</ele>
				<time>2023-07-25T16:41:37Z</time>
			</trkpt>
			<trkpt lat="59.937976174637846" lon="30.279335368113724">
				<ele>3.7488554306328297</ele>
				<time>2023-07-25T16:41:39Z</time>
			</trkpt>
			<trkpt lat="59.93796563354406" lon="30.279283682931833">
				<ele>4.148679961450398</ele>
				<time>2023-07-25T16:41:40Z</time>
			</trkpt>
			<trkpt lat="59.93796132032949" lon="30.279229831845754">
				<ele>6.261352174915373</ele>
				<time>2023-07-25T16:41:43Z</time>
			</trkpt>
			<trkpt lat="59.93794702313828" lon="30.2791901480667">
				<ele>4.377619336359203</ele>
				<time>2023-07-25T16:41:45Z</time>
			</trkpt>
			<trkpt lat="59.93793557740793" lon="30.279152436750817">
				<ele>4.437784804031253</ele>
				<time>2023-07-25T16:41:47Z</time>
			</trkpt>
			<trkpt lat="59.93791874178961" lon="30.279088183523037">
				<ele>4.667946668341756</ele>
				<time>2023-07-25T16:41:49Z</time>
			</trkpt>
			<trkpt lat="59.93790119946184" lon="30.279065371387432">
				<ele>4.632625573314726</ele>
				<time>2023-07-25T16:41:51Z</time>
			</trkpt>
			<trkpt lat="59.93788425185369" lon="30.279030395079598">
				<ele>4.703764650039375</ele>
				<time>2023-07-25T16:41:53Z</time>
			</trkpt>
			<trkpt lat="59.937865637466395" lon="30.27898763489612">
				<ele>4.339125355705619</ele>
				<time>2023-07-25T16:41:55Z</time>
			</trkpt>
			<trkpt lat="59.93784355093513" lon="30.27896039147675">
				<ele>3.439016990363598</ele>
				<time>2023-07-25T16:41:57Z</time>
			</trkpt>
			<trkpt lat="59.93782447959824" lon="30.278926407156256">
				<ele>4.186461444944143</ele>
				<time>2023-07-25T16:41:59Z</time>
			</trkpt>
			<trkpt lat="59.9377996896012" lon="30.278909300915096">
				<ele>5.360580300912261</ele>
				<time>2023-07-25T16:42:01Z</time>
			</trkpt>
			<trkpt lat="59.93777100139755" lon="30.27889109262012">
				<ele>5.201975874602795</ele>
				<time>2023-07-25T16:42:03Z</time>
			</trkpt>
			<trkpt lat="59.93774391191007" lon="30.278876470670838">
				<ele>4.429998094215989</ele>
				<time>2023-07-25T16:42:05Z</time>
			</trkpt>
			<trkpt lat="59.93772292769987" lon="30.278846835401843">
				<ele>3.3376375576481223</ele>
				<time>2023-07-25T16:42:07Z</time>
			</trkpt>
			<trkpt lat="59.93770515489607" lon="30.2788259552983">
				<ele>3.5380234010517597</ele>
				<time>2023-07-25T16:42:09Z</time>
			</trkpt>
			<trkpt lat="59.93767438115219" lon="30.278780626347356">
				<ele>3.4097778433933854</ele>
				<time>2023-07-25T16:42:11Z</time>
			</trkpt>
			<trkpt lat="59.93765331967795" lon="30.278790188163267">
				<ele>5.92192442342639</ele>
				<time>2023-07-25T16:42:15Z</time>
			</trkpt>
			<trkpt lat="59.937638946740186" lon="30.278709065279916">
				<ele>6.200666965916753</ele>
				<time>2023-07-25T16:42:16Z</time>
			</trkpt>
			<trkpt lat="59.93763348873289" lon="30.278665761379614">
				<ele>7.812622649595141</ele>
				<time>2023-07-25T16:42:17Z</time>
			</trkpt>
			<trkpt lat="59.93760131948607" lon="30.278638061605744">
				<ele>8.172973868437111</ele>
				<time>2023-07-25T16:42:19Z</time>
			</trkpt>
			<trkpt lat="59.93758275269973" lon="30.278613162644266">
				<ele>7.483774887397885</ele>
				<time>2023-07-25T16:42:20Z</time>
			</trkpt>
			<trkpt lat="59.9375645676873" lon="30.278571076092938">
				<ele>5.361471432261169</ele>
				<time>2023-07-25T16:42:22Z</time>
			</trkpt>
			<trkpt lat="59.93754214566971" lon="30.27853455072586">
				<ele>3.927523300051689</ele>
				<time>2023-07-25T16:42:24Z</time>
			</trkpt>
			<trkpt lat="59.937521793892266" lon="30.27851915877938">
				<ele>4.632976301014423</ele>
				<time>2023-07-25T16:42:25Z</time>
			</trkpt>
			<trkpt lat="59.937502661335614" lon="30.27852848513251">
				<ele>3.6267939219251275</ele>
				<time>2023-07-25T16:42:27Z</time>
			</trkpt>
			<trkpt lat="59.93748627118666" lon="30.27850444799759">
				<ele>4.8847651137039065</ele>
				<time>2023-07-25T16:42:29Z</time>
			</trkpt>
			<trkpt lat="59.93746575333535" lon="30.278478313696255">
				<ele>4.711611649021506</ele>
				<time>2023-07-25T16:42:31Z</time>
			</trkpt>
			<trkpt lat="59.93743770765341" lon="30.278439128766962">
				<ele>4.879880611784756</ele>
				<time>2023-07-25T16:42:33Z</time>
			</trkpt>
			<trkpt lat="59.93743296958835" lon="30.27839118462812">
				<ele>6.47911015059799</ele>
				<time>2023-07-25T16:42:35Z</time>
			</trkpt>
			<trkpt lat="59.937420577398505" lon="30.27835741823881">
				<ele>7.457330040633678</ele>
				<time>2023-07-25T16:42:37Z</time>
			</trkpt>
			<trkpt lat="59.93740790358676" lon="30.27832755300889">
				<ele>9.057746393606067</ele>
				<time>2023-07-25T16:42:39Z</time>
			</trkpt>
			<trkpt lat="59.93739024995102" lon="30.278296374465345">
				<ele>10.80080988444388</ele>
				<time>2023-07-25T16:42:41Z</time>
			</trkpt>
			<trkpt lat="59.937365184794224" lon="30.278309973254323">
				<ele>8.99346618913114</ele>
				<time>2023-07-25T16:42:43Z</time>
			</trkpt>
			<trkpt lat="59.937345600651206" lon="30.278324078603124">
				<ele>9.063900946639478</ele>
				<time>2023-07-25T16:42:45Z</time>
			</trkpt>
			<trkpt lat="59.9373186248545" lon="30.278376251266888">
				<ele>10.893181554041803</ele>
				<time>2023-07-25T16:42:47Z</time>
			</trkpt>
			<trkpt lat="59.93730053062957" lon="30.278382918215776">
				<ele>7.776996126398444</ele>
				<time>2023-07-25T16:42:49Z</time>
			</trkpt>
			<trkpt lat="59.93728304196035" lon="30.278403416283854">
				<ele>7.065092826262116</ele>
				<time>2023-07-25T16:42:51Z</time>
			</trkpt>
			<trkpt lat="59.937264574549644" lon="30.27842234605224">
				<ele>6.565627032890916</ele>
				<time>2023-07-25T16:42:53Z</time>
			</trkpt>
			<trkpt lat="59.93724257864033" lon="30.278466359890317">
				<ele>7.740086799487472</ele>
				<time>2023-07-25T16:42:55Z</time>
			</trkpt>
			<trkpt lat="59.937228969237935" lon="30.278522992172494">
				<ele>7.4199008252471685</ele>
				<time>2023-07-25T16:42:57Z</time>
			</trkpt>
			<trkpt lat="59.937212320565386" lon="30.278538142961068">
				<ele>9.798905862495303</ele>
				<time>2023-07-25T16:42:58Z</time>
			</trkpt>
			<trkpt lat="59.937191385738764" lon="30.27857091554753">
				<ele>8.99313843715936</ele>
				<time>2023-07-25T16:43:01Z</time>
			</trkpt>
			<trkpt lat="59.93716446700244" lon="30.27859085083943">
				<ele>9.066856027580798</ele>
				<time>2023-07-25T16:43:03Z</time>
			</trkpt>
			<trkpt lat="59.937130213973965" lon="30.278612857385625">
				<ele>7.9114785166457295</ele>
				<time>2023-07-25T16:43:05Z</time>
			</trkpt>
			<trkpt lat="59.937101467769544" lon="30.27863243650584">
				<ele>8.262264520861208</ele>
				<time>2023-07-25T16:43:07Z</time>
			</trkpt>
			<trkpt lat="59.93708670427279" lon="30.278677076125977">
				<ele>8.978876697830856</ele>
				<time>2023-07-25T16:43:08Z</time>
			</trkpt>
			<trkpt lat="59.93707286731441" lon="30.278704774856607">
				<ele>10.123138763010502</ele>
				<time>2023-07-25T16:43:09Z</time>
			</trkpt>
			<trkpt lat="59.937060008249915" lon="30.278730135452733">
				<ele>10.241741738282144</ele>
				<time>2023-07-25T16:43:11Z</time>
			</trkpt>
			<trkpt lat="59.93703864213873" lon="30.27872686300672">
				<ele>8.745544362813234</ele>
				<time>2023-07-25T16:43:13Z</time>
			</trkpt>
			<trkpt lat="59.93700782423162" lon="30.27874440620681">
				<ele>6.920582097955048</ele>
				<time>2023-07-25T16:43:16Z</time>
			</trkpt>
			<trkpt lat="59.93698922844272" lon="30.278761694835353">
				<ele>7.625412174500525</ele>
				<time>2023-07-25T16:43:18Z</time>
			</trkpt>
			<trkpt lat="59.93695933561995" lon="30.278807720389946">
				<ele>7.516920960508287</ele>
				<time>2023-07-25T16:43:21Z</time>
			</trkpt>
			<trkpt lat="59.936939223911295" lon="30.2788503916966">
				<ele>8.379911349155009</ele>
				<time>2023-07-25T16:43:23Z</time>
			</trkpt>
			<trkpt lat="59.93691428822942" lon="30.278882253393654">
				<ele>9.515804061666131</ele>
				<time>2023-07-25T16:43:26Z</time>
			</trkpt>
			<trkpt lat="59.93688024207629" lon="30.278908595247557">
				<ele>8.421990623697639</ele>
				<time>2023-07-25T16:43:28Z</time>
			</trkpt>
			<trkpt lat="59.93686034121026" lon="30.278931500310982">
				<ele>7.273991029709578</ele>
				<time>2023-07-25T16:43:30Z</time>
			</trkpt>
			<trkpt lat="59.93683810657662" lon="30.2789692700664">
				<ele>7.791262209415436</ele>
				<time>2023-07-25T16:43:32Z</time>
			</trkpt>
			<trkpt lat="59.93681782679636" lon="30.278986404917852">
				<ele>6.90184454806149</ele>
				<time>2023-07-25T16:43:35Z</time>
			</trkpt>
			<trkpt lat="59.936794191186024" lon="30.27900954905458">
				<ele>7.859943863004446</ele>
				<time>2023-07-25T16:43:37Z</time>
			</trkpt>
			<trkpt lat="59.93676700978622" lon="30.279038243806703">
				<ele>7.048558892682195</ele>
				<time>2023-07-25T16:43:39Z</time>
			</trkpt>
			<trkpt lat="59.93674279084022" lon="30.279076110506143">
				<ele>8.65987044479698</ele>
				<time>2023-07-25T16:43:41Z</time>
			</trkpt>
			<trkpt lat="59.93671961326948" lon="30.27907719764794">
				<ele>11.538834385573864</ele>
				<time>2023-07-25T16:43:43Z</time>
			</trkpt>
			<trkpt lat="59.936693430768656" lon="30.279083606631442">
				<ele>8.845379220321774</ele>
				<time>2023-07-25T16:43:47Z</time>
			</trkpt>
			<trkpt lat="59.9366727151523" lon="30.279088016764398">
				<ele>8.005065431818366</ele>
				<time>2023-07-25T16:43:49Z</time>
			</trkpt>
			<trkpt lat="59.936638482246174" lon="30.27908599443743">
				<ele>7.9887907626107335</ele>
				<time>2023-07-25T16:43:50Z</time>
			</trkpt>
			<trkpt lat="59.936608876572244" lon="30.279074072524264">
				<ele>8.564527775160968</ele>
				<time>2023-07-25T16:43:52Z</time>
			</trkpt>
			<trkpt lat="59.93658134030904" lon="30.279108212120814">
				<ele>8.481859187595546</ele>
				<time>2023-07-25T16:43:54Z</time>
			</trkpt>
			<trkpt lat="59.936540634143455" lon="30.27914213575695">
				<ele>9.738420095294714</ele>
				<time>2023-07-25T16:43:57Z</time>
			</trkpt>
			<trkpt lat="59.93652800799776" lon="30.2791970681468">
				<ele>10.375696511007845</ele>
				<time>2023-07-25T16:43:58Z</time>
			</trkpt>
			<trkpt lat="59.93651082516009" lon="30.27922753253847">
				<ele>11.133703425526619</ele>
				<time>2023-07-25T16:43:59Z</time>
			</trkpt>
			<trkpt lat="59.93648287553113" lon="30.279257861467254">
				<ele>11.552577109076083</ele>
				<time>2023-07-25T16:44:01Z</time>
			</trkpt>
			<trkpt lat="59.936466198553234" lon="30.27920928099977">
				<ele>10.998770269565284</ele>
				<time>2023-07-25T16:44:02Z</time>
			</trkpt>
			<trkpt lat="59.93644841329134" lon="30.27932965959395">
				<ele>10.710423957556486</ele>
				<time>2023-07-25T16:44:04Z</time>
			</trkpt>
			<trkpt lat="59.936471238188254" lon="30.27931204426132">
				<ele>8.906332554295659</ele>
				<time>2023-07-25T16:44:05Z</time>
			</trkpt>
			<trkpt lat="59.93646999411961" lon="30.279362873452484">
				<ele>8.31405911501497</ele>
				<time>2023-07-25T16:44:06Z</time>
			</trkpt>
			<trkpt lat="59.93645314097452" lon="30.279386574251088">
				<ele>6.0754279950633645</ele>
				<time>2023-07-25T16:44:07Z</time>
			</trkpt>
			<trkpt lat="59.93643854268412" lon="30.279412971989288">
				<ele>5.117134121246636</ele>
				<time>2023-07-25T16:44:08Z</time>
			</trkpt>
			<trkpt lat="59.93641900180923" lon="30.27943126302913">
				<ele>5.430812519975007</ele>
				<time>2023-07-25T16:44:09Z</time>
			</trkpt>
			<trkpt lat="59.936412689419726" lon="30.279468990819524">
				<ele>8.272848580032587</ele>
				<time>2023-07-25T16:44:11Z</time>
			</trkpt>
			<trkpt lat="59.936372756731636" lon="30.279476160979424">
				<ele>8.045599211007357</ele>
				<time>2023-07-25T16:44:14Z</time>
			</trkpt>
			<trkpt lat="59.93634364165633" lon="30.279517595106086">
				<ele>8.992760415188968</ele>
				<time>2023-07-25T16:44:16Z</time>
			</trkpt>
			<trkpt lat="59.936328273948206" lon="30.27955056671878">
				<ele>10.794951831921935</ele>
				<time>2023-07-25T16:44:18Z</time>
			</trkpt>
			<trkpt lat="59.936304149577644" lon="30.279573499419037">
				<ele>10.244518727064133</ele>
				<time>2023-07-25T16:44:20Z</time>
			</trkpt>
			<trkpt lat="59.9362841488636" lon="30.27959041768518">
				<ele>10.223016262054443</ele>
				<time>2023-07-25T16:44:22Z</time>
			</trkpt>
			<trkpt lat="59.93627160148499" lon="30.279616051262586">
				<ele>8.488699425943196</ele>
				<time>2023-07-25T16:44:24Z</time>
			</trkpt>
			<trkpt lat="59.93625304130353" lon="30.279635373951574">
				<ele>8.360583777539432</ele>
				<time>2023-07-25T16:44:25Z</time>
			</trkpt>
			<trkpt lat="59.93623329108714" lon="30.279678193486358">
				<ele>8.006651565432549</ele>
				<time>2023-07-25T16:44:26Z</time>
			</trkpt>
			<trkpt lat="59.936212561820895" lon="30.279713347379513">
				<ele>7.607652581296861</ele>
				<time>2023-07-25T16:44:29Z</time>
			</trkpt>
			<trkpt lat="59.936191181579865" lon="30.27974316251868">
				<ele>7.432105088606477</ele>
				<time>2023-07-25T16:44:31Z</time>
			</trkpt>
			<trkpt lat="59.93617272538424" lon="30.27976168709733">
				<ele>8.821837477385998</ele>
				<time>2023-07-25T16:44:32Z</time>
			</trkpt>
			<trkpt lat="59.93615040363317" lon="30.27976790719">
				<ele>9.417432262562215</ele>
				<time>2023-07-25T16:44:34Z</time>
			</trkpt>
			<trkpt lat="59.93613264823255" lon="30.279786882825647">
				<ele>10.376877990551293</ele>
				<time>2023-07-25T16:44:35Z</time>
			</trkpt>
			<trkpt lat="59.936112292215086" lon="30.279809803237185">
				<ele>10.368292927742004</ele>
				<time>2023-07-25T16:44:37Z</time>
			</trkpt>
			<trkpt lat="59.93608526713024" lon="30.279835545063673">
				<ele>9.511356633156538</ele>
				<time>2023-07-25T16:44:39Z</time>
			</trkpt>
			<trkpt lat="59.93605850220627" lon="30.27989886739687">
				<ele>12.1887631630525</ele>
				<time>2023-07-25T16:44:41Z</time>
			</trkpt>
			<trkpt lat="59.93604125423033" lon="30.279917608987116">
				<ele>12.726527146995068</ele>
				<time>2023-07-25T16:44:43Z</time>
			</trkpt>
			<trkpt lat="59.936025117458236" lon="30.279945411574225">
				<ele>12.672308719716966</ele>
				<time>2023-07-25T16:44:44Z</time>
			</trkpt>
			<trkpt lat="59.936011016838776" lon="30.27998250754536">
				<ele>11.701829383149743</ele>
				<time>2023-07-25T16:44:46Z</time>
			</trkpt>
			<trkpt lat="59.93599115921003" lon="30.279971382076504">
				<ele>9.391345841810107</ele>
				<time>2023-07-25T16:44:50Z</time>
			</trkpt>
			<trkpt lat="59.93597676663285" lon="30.27999510231275">
				<ele>9.625892636366189</ele>
				<time>2023-07-25T16:44:51Z</time>
			</trkpt>
			<trkpt lat="59.935958632822484" lon="30.27999484148787">
				<ele>10.33096637390554</ele>
				<time>2023-07-25T16:44:52Z</time>
			</trkpt>
			<trkpt lat="59.93592811984642" lon="30.280020788067226">
				<ele>10.49358638562262</ele>
				<time>2023-07-25T16:44:54Z</time>
			</trkpt>
			<trkpt lat="59.93589648366189" lon="30.280056153621572">
				<ele>10.716999495401978</ele>
				<time>2023-07-25T16:44:56Z</time>
			</trkpt>
			<trkpt lat="59.93587699188364" lon="30.28007077940866">
				<ele>11.03819717746228</ele>
				<time>2023-07-25T16:44:57Z</time>
			</trkpt>
			<trkpt lat="59.93585154129807" lon="30.28010679807119">
				<ele>11.72557216975838</ele>
				<time>2023-07-25T16:44:59Z</time>
			</trkpt>
			<trkpt lat="59.93581680307398" lon="30.280160633940202">
				<ele>12.217945131473243</ele>
				<time>2023-07-25T16:45:01Z</time>
			</trkpt>
			<trkpt lat="59.9357954116523" lon="30.28015388529503">
				<ele>12.489040650427341</ele>
				<time>2023-07-25T16:45:03Z</time>
			</trkpt>
			<trkpt lat="59.93577223144515" lon="30.2802079619885">
				<ele>12.837326428852975</ele>
				<time>2023-07-25T16:45:05Z</time>
			</trkpt>
			<trkpt lat="59.93575624459692" lon="30.280231558247692">
				<ele>11.380234436132014</ele>
				<time>2023-07-25T16:45:07Z</time>
			</trkpt>
			<trkpt lat="59.93573830961595" lon="30.280247091846554">
				<ele>10.846317332237959</ele>
				<time>2023-07-25T16:45:09Z</time>
			</trkpt>
			<trkpt lat="59.93571630496828" lon="30.280290051612262">
				<ele>11.676766376942396</ele>
				<time>2023-07-25T16:45:11Z</time>
			</trkpt>
			<trkpt lat="59.935698015181146" lon="30.280312185569933">
				<ele>11.555354562588036</ele>
				<time>2023-07-25T16:45:13Z</time>
			</trkpt>
			<trkpt lat="59.9356718495648" lon="30.28033970776983">
				<ele>11.936720003373921</ele>
				<time>2023-07-25T16:45:15Z</time>
			</trkpt>
			<trkpt lat="59.93565200963224" lon="30.28035757485286">
				<ele>10.43190107960254</ele>
				<time>2023-07-25T16:45:17Z</time>
			</trkpt>
			<trkpt lat="59.935623502186615" lon="30.280373332467768">
				<ele>10.45697913505137</ele>
				<time>2023-07-25T16:45:19Z</time>
			</trkpt>
			<trkpt lat="59.93560659404324" lon="30.28035357333749">
				<ele>10.09287585504353</ele>
				<time>2023-07-25T16:45:21Z</time>
			</trkpt>
			<trkpt lat="59.93557399372281" lon="30.280375108959017">
				<ele>9.641892418265343</ele>
				<time>2023-07-25T16:45:23Z</time>
			</trkpt>
			<trkpt lat="59.93554855815299" lon="30.280406996475932">
				<ele>8.368954668752849</ele>
				<time>2023-07-25T16:45:25Z</time>
			</trkpt>
			<trkpt lat="59.93552353341624" lon="30.280433348426993">
				<ele>8.918998234905303</ele>
				<time>2023-07-25T16:45:27Z</time>
			</trkpt>
			<trkpt lat="59.93550221489061" lon="30.280455233133246">
				<ele>8.914566163904965</ele>
				<time>2023-07-25T16:45:29Z</time>
			</trkpt>
			<trkpt lat="59.935484483776214" lon="30.280495341262636">
				<ele>8.600161041133106</ele>
				<time>2023-07-25T16:45:31Z</time>
			</trkpt>
			<trkpt lat="59.93546225495696" lon="30.280523187753747">
				<ele>8.565868466161191</ele>
				<time>2023-07-25T16:45:33Z</time>
			</trkpt>
			<trkpt lat="59.93543542369253" lon="30.280549645837628">
				<ele>8.90957351680845</ele>
				<time>2023-07-25T16:45:35Z</time>
			</trkpt>
			<trkpt lat="59.935407151129326" lon="30.2805804307143">
				<ele>9.219210846349597</ele>
				<time>2023-07-25T16:45:37Z</time>
			</trkpt>
			<trkpt lat="59.93538123730947" lon="30.28059977423181">
				<ele>8.357979621738195</ele>
				<time>2023-07-25T16:45:39Z</time>
			</trkpt>
			<trkpt lat="59.935355988785766" lon="30.280616500934716">
				<ele>8.163212052546442</ele>
				<time>2023-07-25T16:45:41Z</time>
			</trkpt>
			<trkpt lat="59.935329893042216" lon="30.280662146422422">
				<ele>8.701411169022322</ele>
				<time>2023-07-25T16:45:43Z</time>
			</trkpt>
			<trkpt lat="59.93530137712415" lon="30.280687998617893">
				<ele>8.216782909817994</ele>
				<time>2023-07-25T16:45:45Z</time>
			</trkpt>
			<trkpt lat="59.93527838892976" lon="30.280701549675314">
				<ele>9.327549112029374</ele>
				<time>2023-07-25T16:45:47Z</time>
			</trkpt>
			<trkpt lat="59.93526205409914" lon="30.28072982882972">
				<ele>9.20279934629798</ele>
				<time>2023-07-25T16:45:48Z</time>
			</trkpt>
			<trkpt lat="59.93523776038655" lon="30.28070459512889">
				<ele>8.95078665483743</ele>
				<time>2023-07-25T16:45:50Z</time>
			</trkpt>
			<trkpt lat="59.93522599436931" lon="30.28065933689282">
				<ele>9.853874408639967</ele>
				<time>2023-07-25T16:45:52Z</time>
			</trkpt>
			<trkpt lat="59.935207399095525" lon="30.28060904008287">
				<ele>10.513585606589913</ele>
				<time>2023-07-25T16:45:54Z</time>
			</trkpt>
			<trkpt lat="59.93520284255664" lon="30.280553093208912">
				<ele>9.945885074324906</ele>
				<time>2023-07-25T16:45:56Z</time>
			</trkpt>
			<trkpt lat="59.935189200011045" lon="30.280517252049723">
				<ele>10.378131199628115</ele>
				<time>2023-07-25T16:45:57Z</time>
			</trkpt>
			<trkpt lat="59.93517141963122" lon="30.280467310420274">
				<ele>10.695338890887797</ele>
				<time>2023-07-25T16:45:59Z</time>
			</trkpt>
			<trkpt lat="59.93515664914879" lon="30.280416905722163">
				<ele>10.182045822031796</ele>
				<time>2023-07-25T16:46:01Z</time>
			</trkpt>
			<trkpt lat="59.93513516851297" lon="30.28037802218024">
				<ele>11.233975709415972</ele>
				<time>2023-07-25T16:46:03Z</time>
			</trkpt>
			<trkpt lat="59.93511912599822" lon="30.280332087912964">
				<ele>11.227051722817123</ele>
				<time>2023-07-25T16:46:05Z</time>
			</trkpt>
			<trkpt lat="59.93510426377981" lon="30.280288827125787">
				<ele>10.666483393870294</ele>
				<time>2023-07-25T16:46:07Z</time>
			</trkpt>
			<trkpt lat="59.93508957107512" lon="30.28023456145282">
				<ele>11.00768741313368</ele>
				<time>2023-07-25T16:46:09Z</time>
			</trkpt>
			<trkpt lat="59.93507807891505" lon="30.280190765251177">
				<ele>11.627622215077281</ele>
				<time>2023-07-25T16:46:11Z</time>
			</trkpt>
			<trkpt lat="59.9350685292291" lon="30.280146743707164">
				<ele>11.571357518434525</ele>
				<time>2023-07-25T16:46:13Z</time>
			</trkpt>
			<trkpt lat="59.935053923315664" lon="30.28009477899144">
				<ele>11.146205035038292</ele>
				<time>2023-07-25T16:46:15Z</time>
			</trkpt>
			<trkpt lat="59.935045176941316" lon="30.280043907477953">
				<ele>11.493762901984155</ele>
				<time>2023-07-25T16:46:17Z</time>
			</trkpt>
			<trkpt lat="59.935030985020056" lon="30.279992097704547">
				<ele>12.126052003353834</ele>
				<time>2023-07-25T16:46:19Z</time>
			</trkpt>
			<trkpt lat="59.93501867174358" lon="30.279946985636652">
				<ele>10.688373050652444</ele>
				<time>2023-07-25T16:46:21Z</time>
			</trkpt>
			<trkpt lat="59.93500441840575" lon="30.279898878612034">
				<ele>8.834831315092742</ele>
				<time>2023-07-25T16:46:24Z</time>
			</trkpt>
			<trkpt lat="59.934982404445066" lon="30.279854888380584">
				<ele>9.681720678694546</ele>
				<time>2023-07-25T16:46:26Z</time>
			</trkpt>
			<trkpt lat="59.934964081443354" lon="30.27981389516276">
				<ele>9.751747395843267</ele>
				<time>2023-07-25T16:46:28Z</time>
			</trkpt>
			<trkpt lat="59.934949327687676" lon="30.279767995775725">
				<ele>9.907921195030212</ele>
				<time>2023-07-25T16:46:30Z</time>
			</trkpt>
			<trkpt lat="59.934946727427985" lon="30.27973215055554">
				<ele>8.417700835503638</ele>
				<time>2023-07-25T16:46:31Z</time>
			</trkpt>
			<trkpt lat="59.93495345195732" lon="30.279677269720356">
				<ele>7.620601625181735</ele>
				<time>2023-07-25T16:46:33Z</time>
			</trkpt>
			<trkpt lat="59.93492817482242" lon="30.279626894228745">
				<ele>7.747370702214539</ele>
				<time>2023-07-25T16:46:35Z</time>
			</trkpt>
			<trkpt lat="59.93490176567504" lon="30.279605581770547">
				<ele>6.814684702083468</ele>
				<time>2023-07-25T16:46:36Z</time>
			</trkpt>
			<trkpt lat="59.93489178388839" lon="30.2795738679106">
				<ele>8.319846571423113</ele>
				<time>2023-07-25T16:46:38Z</time>
			</trkpt>
			<trkpt lat="59.93487284797835" lon="30.279527901955316">
				<ele>8.79863709025085</ele>
				<time>2023-07-25T16:46:40Z</time>
			</trkpt>
			<trkpt lat="59.93485852133649" lon="30.279489802272167">
				<ele>8.966049074195325</ele>
				<time>2023-07-25T16:46:42Z</time>
			</trkpt>
			<trkpt lat="59.934845207580956" lon="30.279436954665385">
				<ele>7.2543997801840305</ele>
				<time>2023-07-25T16:46:44Z</time>
			</trkpt>
			<trkpt lat="59.93483925861243" lon="30.279393110159972">
				<ele>6.563226514495909</ele>
				<time>2023-07-25T16:46:46Z</time>
			</trkpt>
			<trkpt lat="59.93482760576505" lon="30.279344087324024">
				<ele>5.071793245151639</ele>
				<time>2023-07-25T16:46:48Z</time>
			</trkpt>
			<trkpt lat="59.934818454259485" lon="30.279292879193743">
				<ele>6.329073401167989</ele>
				<time>2023-07-25T16:46:50Z</time>
			</trkpt>
			<trkpt lat="59.93480467077003" lon="30.279233936491032">
				<ele>5.826840773224831</ele>
				<time>2023-07-25T16:46:53Z</time>
			</trkpt>
			<trkpt lat="59.934781518993994" lon="30.279186219961097">
				<ele>8.073281136341393</ele>
				<time>2023-07-25T16:46:55Z</time>
			</trkpt>
			<trkpt lat="59.93476753571577" lon="30.27914439060073">
				<ele>8.751249429769814</ele>
				<time>2023-07-25T16:46:57Z</time>
			</trkpt>
			<trkpt lat="59.934771985961895" lon="30.27909252718481">
				<ele>8.477066720835865</ele>
				<time>2023-07-25T16:46:59Z</time>
			</trkpt>
			<trkpt lat="59.93475927801103" lon="30.279054888672714">
				<ele>6.756746854633093</ele>
				<time>2023-07-25T16:47:01Z</time>
			</trkpt>
			<trkpt lat="59.93475028376531" lon="30.27899793363141">
				<ele>6.17853341344744</ele>
				<time>2023-07-25T16:47:03Z</time>
			</trkpt>
			<trkpt lat="59.9347365582211" lon="30.27896054224075">
				<ele>5.716719983145595</ele>
				<time>2023-07-25T16:47:05Z</time>
			</trkpt>
			<trkpt lat="59.93472606939656" lon="30.278929909151234">
				<ele>6.890274227596819</ele>
				<time>2023-07-25T16:47:07Z</time>
			</trkpt>
			<trkpt lat="59.93472852356308" lon="30.278874055943973">
				<ele>5.781915090046823</ele>
				<time>2023-07-25T16:47:09Z</time>
			</trkpt>
			<trkpt lat="59.93471814476911" lon="30.27883456001049">
				<ele>8.587222134694457</ele>
				<time>2023-07-25T16:47:11Z</time>
			</trkpt>
			<trkpt lat="59.93470859787018" lon="30.278793992738375">
				<ele>9.562627975828946</ele>
				<time>2023-07-25T16:47:13Z</time>
			</trkpt>
			<trkpt lat="59.93469858991543" lon="30.278749689274857">
				<ele>7.2520033987239</ele>
				<time>2023-07-25T16:47:15Z</time>
			</trkpt>
			<trkpt lat="59.93468588386379" lon="30.27869586217843">
				<ele>5.985225033015013</ele>
				<time>2023-07-25T16:47:17Z</time>
			</trkpt>
			<trkpt lat="59.93464503913288" lon="30.27863404023808">
				<ele>7.206471813842654</ele>
				<time>2023-07-25T16:47:19Z</time>
			</trkpt>
			<trkpt lat="59.93462858640976" lon="30.278612267851948">
				<ele>8.157356937415898</ele>
				<time>2023-07-25T16:47:20Z</time>
			</trkpt>
			<trkpt lat="59.93460565034057" lon="30.27857020149309">
				<ele>9.474289725534618</ele>
				<time>2023-07-25T16:47:22Z</time>
			</trkpt>
			<trkpt lat="59.93459792347009" lon="30.278525191189402">
				<ele>10.422625443898141</ele>
				<time>2023-07-25T16:47:24Z</time>
			</trkpt>
			<trkpt lat="59.93461728477211" lon="30.278484022681816">
				<ele>9.049092038534582</ele>
				<time>2023-07-25T16:47:26Z</time>
			</trkpt>
			<trkpt lat="59.93464906308088" lon="30.27845760537221">
				<ele>8.568121941760182</ele>
				<time>2023-07-25T16:47:28Z</time>
			</trkpt>
			<trkpt lat="59.93467044009754" lon="30.278426901592965">
				<ele>11.079074679873884</ele>
				<time>2023-07-25T16:47:30Z</time>
			</trkpt>
			<trkpt lat="59.93468869203239" lon="30.27842502418687">
				<ele>11.026840249076486</ele>
				<time>2023-07-25T16:47:32Z</time>
			</trkpt>
			<trkpt lat="59.934701150500906" lon="30.278392618796076">
				<ele>11.45091321785003</ele>
				<time>2023-07-25T16:47:33Z</time>
			</trkpt>
			<trkpt lat="59.93471654496817" lon="30.278342304636304">
				<ele>11.491737714968622</ele>
				<time>2023-07-25T16:47:36Z</time>
			</trkpt>
			<trkpt lat="59.93473331221832" lon="30.278313275893687">
				<ele>11.276269093155861</ele>
				<time>2023-07-25T16:47:38Z</time>
			</trkpt>
			<trkpt lat="59.93474511838695" lon="30.278281539286173">
				<ele>11.841066775843501</ele>
				<time>2023-07-25T16:47:40Z</time>
			</trkpt>
			<trkpt lat="59.934765578027225" lon="30.278270466108733">
				<ele>11.254043648950756</ele>
				<time>2023-07-25T16:47:42Z</time>
			</trkpt>
			<trkpt lat="59.934785248219406" lon="30.27826052900618">
				<ele>8.824854388833046</ele>
				<time>2023-07-25T16:47:44Z</time>
			</trkpt>
			<trkpt lat="59.93481883886868" lon="30.278242784957875">
				<ele>8.610642026178539</ele>
				<time>2023-07-25T16:47:47Z</time>
			</trkpt>
			<trkpt lat="59.93486493652839" lon="30.278216842778164">
				<ele>7.682949174195528</ele>
				<time>2023-07-25T16:47:49Z</time>
			</trkpt>
			<trkpt lat="59.93487768749772" lon="30.278190768619858">
				<ele>8.376105483621359</ele>
				<time>2023-07-25T16:47:50Z</time>
			</trkpt>
			<trkpt lat="59.93491684220438" lon="30.27815025869145">
				<ele>11.491998631507158</ele>
				<time>2023-07-25T16:47:51Z</time>
			</trkpt>
			<trkpt lat="59.934897808816125" lon="30.27816116632553">
				<ele>11.650154464878142</ele>
				<time>2023-07-25T16:47:52Z</time>
			</trkpt>
			<trkpt lat="59.9349391139271" lon="30.278136870026735">
				<ele>10.83283634018153</ele>
				<time>2023-07-25T16:47:56Z</time>
			</trkpt>
			<trkpt lat="59.93495715735869" lon="30.278133172856922">
				<ele>10.495937483385205</ele>
				<time>2023-07-25T16:47:57Z</time>
			</trkpt>
			<trkpt lat="59.93498790027426" lon="30.278114918253568">
				<ele>8.950644875876606</ele>
				<time>2023-07-25T16:47:59Z</time>
			</trkpt>
			<trkpt lat="59.9350189713702" lon="30.27811096143529">
				<ele>8.300017116591334</ele>
				<time>2023-07-25T16:48:01Z</time>
			</trkpt>
			<trkpt lat="59.93504776596563" lon="30.278085782582156">
				<ele>8.644901468418539</ele>
				<time>2023-07-25T16:48:03Z</time>
			</trkpt>
			<trkpt lat="59.93506875961638" lon="30.278086178982925">
				<ele>8.82088893931359</ele>
				<time>2023-07-25T16:48:04Z</time>
			</trkpt>
			<trkpt lat="59.93507018570228" lon="30.278042163414057">
				<ele>10.133371895179152</ele>
				<time>2023-07-25T16:48:06Z</time>
			</trkpt>
			<trkpt lat="59.935097745886445" lon="30.278028388451137">
				<ele>12.868959498591721</ele>
				<time>2023-07-25T16:48:07Z</time>
			</trkpt>
			<trkpt lat="59.93511828636415" lon="30.278002351234964">
				<ele>12.900349846109748</ele>
				<time>2023-07-25T16:48:09Z</time>
			</trkpt>
			<trkpt lat="59.93514227384694" lon="30.277984868186998">
				<ele>9.783685491420329</ele>
				<time>2023-07-25T16:48:11Z</time>
			</trkpt>
			<trkpt lat="59.93516828713235" lon="30.27796025422571">
				<ele>8.41904447041452</ele>
				<time>2023-07-25T16:48:13Z</time>
			</trkpt>
			<trkpt lat="59.93519998178059" lon="30.27796610363448">
				<ele>5.3647721372544765</ele>
				<time>2023-07-25T16:48:16Z</time>
			</trkpt>
			<trkpt lat="59.93522162191641" lon="30.277956974574295">
				<ele>3.591991836205125</ele>
				<time>2023-07-25T16:48:18Z</time>
			</trkpt>
			<trkpt lat="59.93524671906539" lon="30.277947251695707">
				<ele>4.559934016317129</ele>
				<time>2023-07-25T16:48:20Z</time>
			</trkpt>
			<trkpt lat="59.93526007697623" lon="30.27791508772679">
				<ele>5.283256133086979</ele>
				<time>2023-07-25T16:48:22Z</time>
			</trkpt>
			<trkpt lat="59.93527403652739" lon="30.277874765990035">
				<ele>4.816477525047958</ele>
				<time>2023-07-25T16:48:24Z</time>
			</trkpt>
			<trkpt lat="59.93529670285041" lon="30.277842812938673">
				<ele>2.3917392659932375</ele>
				<time>2023-07-25T16:48:26Z</time>
			</trkpt>
			<trkpt lat="59.93531695873096" lon="30.277812652321924">
				<ele>0.607606721110642</ele>
				<time>2023-07-25T16:48:28Z</time>
			</trkpt>
			<trkpt lat="59.93533409560524" lon="30.27776761404976">
				<ele>1.4965107468888164</ele>
				<time>2023-07-25T16:48:30Z</time>
			</trkpt>
			<trkpt lat="59.935361526388974" lon="30.277750824754854">
				<ele>2.5704001542180777</ele>
				<time>2023-07-25T16:48:32Z</time>
			</trkpt>
			<trkpt lat="59.935378322403366" lon="30.27771420474882">
				<ele>2.6137861777096987</ele>
				<time>2023-07-25T16:48:34Z</time>
			</trkpt>
			<trkpt lat="59.935401793823964" lon="30.27768281852162">
				<ele>2.550603933632374</ele>
				<time>2023-07-25T16:48:36Z</time>
			</trkpt>
			<trkpt lat="59.935436632217254" lon="30.277667314504033">
				<ele>3.5646431650966406</ele>
				<time>2023-07-25T16:48:39Z</time>
			</trkpt>
			<trkpt lat="59.93546787845358" lon="30.277637677881103">
				<ele>4.864715955220163</ele>
				<time>2023-07-25T16:48:41Z</time>
			</trkpt>
			<trkpt lat="59.93549556439394" lon="30.277607101532304">
				<ele>4.920442678965628</ele>
				<time>2023-07-25T16:48:43Z</time>
			</trkpt>
			<trkpt lat="59.93552855195542" lon="30.277589216832467">
				<ele>3.6797217279672623</ele>
				<time>2023-07-25T16:48:45Z</time>
			</trkpt>
			<trkpt lat="59.93555043348772" lon="30.277556696364286">
				<ele>0.6010790970176458</ele>
				<time>2023-07-25T16:48:49Z</time>
			</trkpt>
			<trkpt lat="59.93557698797837" lon="30.277519881748894">
				<ele>1.1099639246240258</ele>
				<time>2023-07-25T16:48:51Z</time>
			</trkpt>
			<trkpt lat="59.935602877489494" lon="30.27748992003179">
				<ele>1.6567673524841666</ele>
				<time>2023-07-25T16:48:53Z</time>
			</trkpt>
			<trkpt lat="59.935597081097114" lon="30.277451483726377">
				<ele>1.933736746199429</ele>
				<time>2023-07-25T16:48:54Z</time>
			</trkpt>
			<trkpt lat="59.93561931861344" lon="30.27742542487938">
				<ele>1.4373711049556732</ele>
				<time>2023-07-25T16:48:56Z</time>
			</trkpt>
			<trkpt lat="59.93565328308156" lon="30.277411577664665">
				<ele>2.385534974746406</ele>
				<time>2023-07-25T16:48:58Z</time>
			</trkpt>
			<trkpt lat="59.93566780748853" lon="30.277387218150505">
				<ele>2.3003149442374706</ele>
				<time>2023-07-25T16:49:00Z</time>
			</trkpt>
			<trkpt lat="59.935689580810305" lon="30.27736864499672">
				<ele>0.7586523601785302</ele>
				<time>2023-07-25T16:49:01Z</time>
			</trkpt>
			<trkpt lat="59.9357059014896" lon="30.277352137935505">
				<ele>0.22139746230095625</ele>
				<time>2023-07-25T16:49:03Z</time>
			</trkpt>
			<trkpt lat="59.93573031203438" lon="30.277321680356675">
				<ele>0.10765593219548464</ele>
				<time>2023-07-25T16:49:05Z</time>
			</trkpt>
			<trkpt lat="59.93575634930621" lon="30.277297070494104">
				<ele>2.5808151895180345</ele>
				<time>2023-07-25T16:49:07Z</time>
			</trkpt>
			<trkpt lat="59.93577648273491" lon="30.277261948300502">
				<ele>5.261572550982237</ele>
				<time>2023-07-25T16:49:08Z</time>
			</trkpt>
			<trkpt lat="59.9357958589337" lon="30.277261936896892">
				<ele>2.1781464582309127</ele>
				<time>2023-07-25T16:49:10Z</time>
			</trkpt>
			<trkpt lat="59.93581440546427" lon="30.277245991333658">
				<ele>0.21851066499948502</ele>
				<time>2023-07-25T16:49:12Z</time>
			</trkpt>
			<trkpt lat="59.9358293983548" lon="30.277208516263034">
				<ele>1.004807303659618</ele>
				<time>2023-07-25T16:49:14Z</time>
			</trkpt>
			<trkpt lat="59.93585620955895" lon="30.27718384216031">
				<ele>1.4811037061735988</ele>
				<time>2023-07-25T16:49:16Z</time>
			</trkpt>
			<trkpt lat="59.93588707499059" lon="30.27715237211751">
				<ele>4.219719416461885</ele>
				<time>2023-07-25T16:49:19Z</time>
			</trkpt>
			<trkpt lat="59.93591348399401" lon="30.277137017952942">
				<ele>4.7010443713516</ele>
				<time>2023-07-25T16:49:21Z</time>
			</trkpt>
			<trkpt lat="59.93593163632212" lon="30.277138561309485">
				<ele>3.7471165265887976</ele>
				<time>2023-07-25T16:49:22Z</time>
			</trkpt>
			<trkpt lat="59.93595566917416" lon="30.277108991656274">
				<ele>2.7330890214070678</ele>
				<time>2023-07-25T16:49:24Z</time>
			</trkpt>
			<trkpt lat="59.93597455070109" lon="30.27708311630326">
				<ele>4.20946788508445</ele>
				<time>2023-07-25T16:49:26Z</time>
			</trkpt>
			<trkpt lat="59.93599288413999" lon="30.27704464658707">
				<ele>4.567110246047378</ele>
				<time>2023-07-25T16:49:28Z</time>
			</trkpt>
			<trkpt lat="59.936011677024005" lon="30.27700988081334">
				<ele>7.525148458778858</ele>
				<time>2023-07-25T16:49:30Z</time>
			</trkpt>
			<trkpt lat="59.936033954113505" lon="30.27698080852752">
				<ele>4.8262689635157585</ele>
				<time>2023-07-25T16:49:32Z</time>
			</trkpt>
			<trkpt lat="59.936053116954916" lon="30.27695926065391">
				<ele>3.061365772038698</ele>
				<time>2023-07-25T16:49:34Z</time>
			</trkpt>
			<trkpt lat="59.9360760431669" lon="30.276940493302586">
				<ele>3.603115356527269</ele>
				<time>2023-07-25T16:49:37Z</time>
			</trkpt>
			<trkpt lat="59.936099042429646" lon="30.276931535008796">
				<ele>2.688084884546697</ele>
				<time>2023-07-25T16:49:39Z</time>
			</trkpt>
			<trkpt lat="59.936134850149195" lon="30.276918381898163">
				<ele>6.509975150227547</ele>
				<time>2023-07-25T16:49:41Z</time>
			</trkpt>
			<trkpt lat="59.936158799274025" lon="30.276911180215716">
				<ele>2.6561900172382593</ele>
				<time>2023-07-25T16:49:43Z</time>
			</trkpt>
			<trkpt lat="59.93617638958677" lon="30.276876689268693">
				<ele>3.43257949501276</ele>
				<time>2023-07-25T16:49:45Z</time>
			</trkpt>
			<trkpt lat="59.93619029773709" lon="30.276846947430354">
				<ele>5.242250449955463</ele>
				<time>2023-07-25T16:49:46Z</time>
			</trkpt>
			<trkpt lat="59.936218282936885" lon="30.27684025747167">
				<ele>7.544377721846104</ele>
				<time>2023-07-25T16:49:48Z</time>
			</trkpt>
			<trkpt lat="59.936196875959254" lon="30.276812542807896">
				<ele>5.543641583062708</ele>
				<time>2023-07-25T16:49:49Z</time>
			</trkpt>
			<trkpt lat="59.93620802081904" lon="30.276783645399505">
				<ele>2.456414060667157</ele>
				<time>2023-07-25T16:49:50Z</time>
			</trkpt>
			<trkpt lat="59.9362282112242" lon="30.276741680788774">
				<ele>2.292905447073281</ele>
				<time>2023-07-25T16:49:52Z</time>
			</trkpt>
			<trkpt lat="59.936254425083455" lon="30.276717453046093">
				<ele>1.317833631299436</ele>
				<time>2023-07-25T16:49:54Z</time>
			</trkpt>
			<trkpt lat="59.9362775605058" lon="30.276702982709917">
				<ele>3.6717267017811537</ele>
				<time>2023-07-25T16:49:56Z</time>
			</trkpt>
			<trkpt lat="59.93629663014626" lon="30.276708251822125">
				<ele>-3.17006581928581</ele>
				<time>2023-07-25T16:50:00Z</time>
			</trkpt>
			<trkpt lat="59.9363131613222" lon="30.276691844530248">
				<ele>-1.6388528356328607</ele>
				<time>2023-07-25T16:50:01Z</time>
			</trkpt>
			<trkpt lat="59.93633201665822" lon="30.276679706947185">
				<ele>0.05491129029542208</ele>
				<time>2023-07-25T16:50:02Z</time>
			</trkpt>
			<trkpt lat="59.936348442038664" lon="30.27666155510487">
				<ele>1.6380290109664202</ele>
				<time>2023-07-25T16:50:04Z</time>
			</trkpt>
			<trkpt lat="59.93636006858679" lon="30.276616378027214">
				<ele>0.6761520123109221</ele>
				<time>2023-07-25T16:50:06Z</time>
			</trkpt>
			<trkpt lat="59.93638308877574" lon="30.27659847584668">
				<ele>-0.7197950351983309</ele>
				<time>2023-07-25T16:50:08Z</time>
			</trkpt>
			<trkpt lat="59.936410978756875" lon="30.276583173883004">
				<ele>-1.0162040190771222</ele>
				<time>2023-07-25T16:50:10Z</time>
			</trkpt>
			<trkpt lat="59.93643042194709" lon="30.276582122972655">
				<ele>-1.0853175418451428</ele>
				<time>2023-07-25T16:50:11Z</time>
			</trkpt>
			<trkpt lat="59.93644504873936" lon="30.276547831725235">
				<ele>-1.7665429608896375</ele>
				<time>2023-07-25T16:50:13Z</time>
			</trkpt>
			<trkpt lat="59.936466574224525" lon="30.27651184225027">
				<ele>-0.9479736099019647</ele>
				<time>2023-07-25T16:50:15Z</time>
			</trkpt>
			<trkpt lat="59.936495648765316" lon="30.276499721964747">
				<ele>-0.6906660664826632</ele>
				<time>2023-07-25T16:50:16Z</time>
			</trkpt>
			<trkpt lat="59.9365162084498" lon="30.276485338113236">
				<ele>-0.5237391898408532</ele>
				<time>2023-07-25T16:50:18Z</time>
			</trkpt>
			<trkpt lat="59.936540537510886" lon="30.276457652265346">
				<ele>0.21095024142414331</ele>
				<time>2023-07-25T16:50:20Z</time>
			</trkpt>
			<trkpt lat="59.936559118045416" lon="30.276428512708197">
				<ele>1.0734501099213958</ele>
				<time>2023-07-25T16:50:22Z</time>
			</trkpt>
			<trkpt lat="59.93657699468491" lon="30.276415696097303">
				<ele>2.70724159386009</ele>
				<time>2023-07-25T16:50:23Z</time>
			</trkpt>
			<trkpt lat="59.93659545875175" lon="30.27638505916981">
				<ele>4.598629394546151</ele>
				<time>2023-07-25T16:50:25Z</time>
			</trkpt>
			<trkpt lat="59.93661428688572" lon="30.276393182658218">
				<ele>4.629003060050309</ele>
				<time>2023-07-25T16:50:26Z</time>
			</trkpt>
			<trkpt lat="59.93664107958857" lon="30.27635824683787">
				<ele>4.926682852208614</ele>
				<time>2023-07-25T16:50:28Z</time>
			</trkpt>
			<trkpt lat="59.93666138808155" lon="30.276343652892">
				<ele>3.877475601620972</ele>
				<time>2023-07-25T16:50:30Z</time>
			</trkpt>
			<trkpt lat="59.93668355531765" lon="30.276314066110135">
				<ele>2.5520549854263663</ele>
				<time>2023-07-25T16:50:32Z</time>
			</trkpt>
			<trkpt lat="59.93670231922993" lon="30.27627688161426">
				<ele>2.536851049400866</ele>
				<time>2023-07-25T16:50:34Z</time>
			</trkpt>
			<trkpt lat="59.93671970157227" lon="30.276256111518446">
				<ele>1.9621674939990044</ele>
				<time>2023-07-25T16:50:36Z</time>
			</trkpt>
			<trkpt lat="59.93674597239623" lon="30.27621427671151">
				<ele>3.259409338235855</ele>
				<time>2023-07-25T16:50:38Z</time>
			</trkpt>
			<trkpt lat="59.93675139333504" lon="30.276163821070693">
				<ele>5.525004515424371</ele>
				<time>2023-07-25T16:50:41Z</time>
			</trkpt>
			<trkpt lat="59.93673282041766" lon="30.27609185789398">
				<ele>3.729300527833402</ele>
				<time>2023-07-25T16:50:43Z</time>
			</trkpt>
			<trkpt lat="59.93672373632514" lon="30.276054191142077">
				<ele>3.539742729626596</ele>
				<time>2023-07-25T16:50:44Z</time>
			</trkpt>
			<trkpt lat="59.93670598109217" lon="30.276001315256035">
				<ele>3.395214783027768</ele>
				<time>2023-07-25T16:50:46Z</time>
			</trkpt>
			<trkpt lat="59.9366990559977" lon="30.275910594862314">
				<ele>2.0909171383827925</ele>
				<time>2023-07-25T16:50:48Z</time>
			</trkpt>
			<trkpt lat="59.93669175637457" lon="30.275867336084765">
				<ele>2.190642782486975</ele>
				<time>2023-07-25T16:50:49Z</time>
			</trkpt>
			<trkpt lat="59.93668116672412" lon="30.275827237756594">
				<ele>3.317952654324472</ele>
				<time>2023-07-25T16:50:50Z</time>
			</trkpt>
			<trkpt lat="59.936675171807224" lon="30.27578682681402">
				<ele>5.284753512591124</ele>
				<time>2023-07-25T16:50:51Z</time>
			</trkpt>
			<trkpt lat="59.93666472774239" lon="30.27573407954545">
				<ele>4.929199761711061</ele>
				<time>2023-07-25T16:50:54Z</time>
			</trkpt>
			<trkpt lat="59.93668263584505" lon="30.27570285837806">
				<ele>3.2820242727175355</ele>
				<time>2023-07-25T16:50:56Z</time>
			</trkpt>
			<trkpt lat="59.936705244588225" lon="30.2756788717074">
				<ele>3.16098503023386</ele>
				<time>2023-07-25T16:50:58Z</time>
			</trkpt>
			<trkpt lat="59.936723123713925" lon="30.275650528309612">
				<ele>5.3476607371121645</ele>
				<time>2023-07-25T16:51:00Z</time>
			</trkpt>
			<trkpt lat="59.93670629277185" lon="30.275665479698517">
				<ele>2.795898286625743</ele>
				<time>2023-07-25T16:51:02Z</time>
			</trkpt>
			<trkpt lat="59.93668517592071" lon="30.27566407350307">
				<ele>3.1362569900229573</ele>
				<time>2023-07-25T16:51:04Z</time>
			</trkpt>
			<trkpt lat="59.93666473153039" lon="30.275625012406444">
				<ele>3.057487340644002</ele>
				<time>2023-07-25T16:51:07Z</time>
			</trkpt>
			<trkpt lat="59.936642708862" lon="30.275604631309896">
				<ele>5.192930466495454</ele>
				<time>2023-07-25T16:51:10Z</time>
			</trkpt>
			<trkpt lat="59.93662448134952" lon="30.275565741060284">
				<ele>7.02090232167393</ele>
				<time>2023-07-25T16:51:12Z</time>
			</trkpt>
			<trkpt lat="59.936602951682914" lon="30.275543505721842">
				<ele>4.9841194013133645</ele>
				<time>2023-07-25T16:51:14Z</time>
			</trkpt>
			<trkpt lat="59.936585675173525" lon="30.27550938590848">
				<ele>3.596962352283299</ele>
				<time>2023-07-25T16:51:17Z</time>
			</trkpt>
			<trkpt lat="59.93657040114119" lon="30.275485326180885">
				<ele>4.406086053699255</ele>
				<time>2023-07-25T16:51:20Z</time>
			</trkpt>
			<trkpt lat="59.93654257040554" lon="30.275494576048146">
				<ele>5.09681461378932</ele>
				<time>2023-07-25T16:51:22Z</time>
			</trkpt>
			<trkpt lat="59.93654278272862" lon="30.275445863509226">
				<ele>4.803725518286228</ele>
				<time>2023-07-25T16:51:23Z</time>
			</trkpt>
			<trkpt lat="59.93651732935353" lon="30.275342969839798">
				<ele>7.279947370290756</ele>
				<time>2023-07-25T16:51:25Z</time>
			</trkpt>
			<trkpt lat="59.936485392162005" lon="30.27532669219499">
				<ele>6.314888583496213</ele>
				<time>2023-07-25T16:51:27Z</time>
			</trkpt>
			<trkpt lat="59.936474899843766" lon="30.275282751669884">
				<ele>5.614911231212318</ele>
				<time>2023-07-25T16:51:28Z</time>
			</trkpt>
			<trkpt lat="59.936467594304084" lon="30.275213045512583">
				<ele>5.699725630693138</ele>
				<time>2023-07-25T16:51:29Z</time>
			</trkpt>
			<trkpt lat="59.93646098840937" lon="30.275141197355335">
				<ele>6.113560141064227</ele>
				<time>2023-07-25T16:51:31Z</time>
			</trkpt>
			<trkpt lat="59.93645654396015" lon="30.27510398227431">
				<ele>6.161483407020569</ele>
				<time>2023-07-25T16:51:32Z</time>
			</trkpt>
			<trkpt lat="59.93644316953815" lon="30.27506856147961">
				<ele>6.224212748929858</ele>
				<time>2023-07-25T16:51:33Z</time>
			</trkpt>
			<trkpt lat="59.93642736403146" lon="30.27501139544957">
				<ele>5.378463733009994</ele>
				<time>2023-07-25T16:51:35Z</time>
			</trkpt>
			<trkpt lat="59.93642411606707" lon="30.274963474553164">
				<ele>6.426066594198346</ele>
				<time>2023-07-25T16:51:37Z</time>
			</trkpt>
			<trkpt lat="59.93641233476531" lon="30.27491071606326">
				<ele>6.3385160733014345</ele>
				<time>2023-07-25T16:51:39Z</time>
			</trkpt>
			<trkpt lat="59.9363929754275" lon="30.274879360647834">
				<ele>5.303607213310897</ele>
				<time>2023-07-25T16:51:41Z</time>
			</trkpt>
			<trkpt lat="59.93637459623677" lon="30.274833156723517">
				<ele>5.034972011111677</ele>
				<time>2023-07-25T16:51:43Z</time>
			</trkpt>
			<trkpt lat="59.9363497895797" lon="30.274803709027243">
				<ele>6.61931918002665</ele>
				<time>2023-07-25T16:51:45Z</time>
			</trkpt>
			<trkpt lat="59.93633179585969" lon="30.274752346497074">
				<ele>6.372970576398075</ele>
				<time>2023-07-25T16:51:47Z</time>
			</trkpt>
			<trkpt lat="59.93632787197815" lon="30.274715240551906">
				<ele>6.978703699074686</ele>
				<time>2023-07-25T16:51:48Z</time>
			</trkpt>
			<trkpt lat="59.9363228640479" lon="30.274679011202338">
				<ele>6.950614088214934</ele>
				<time>2023-07-25T16:51:49Z</time>
			</trkpt>
			<trkpt lat="59.93629970126754" lon="30.274637813394076">
				<ele>8.417594947852194</ele>
				<time>2023-07-25T16:51:51Z</time>
			</trkpt>
			<trkpt lat="59.93629562482968" lon="30.274601760032215">
				<ele>7.930961056612432</ele>
				<time>2023-07-25T16:51:52Z</time>
			</trkpt>
			<trkpt lat="59.9362855678217" lon="30.274553944200587">
				<ele>8.520199472084641</ele>
				<time>2023-07-25T16:51:55Z</time>
			</trkpt>
			<trkpt lat="59.936269040742296" lon="30.274504405365708">
				<ele>9.113095248118043</ele>
				<time>2023-07-25T16:51:57Z</time>
			</trkpt>
			<trkpt lat="59.93625281393772" lon="30.274455584755966">
				<ele>9.371273085474968</ele>
				<time>2023-07-25T16:51:59Z</time>
			</trkpt>
			<trkpt lat="59.936236435286006" lon="30.274408258685607">
				<ele>8.910688262432814</ele>
				<time>2023-07-25T16:52:01Z</time>
			</trkpt>
			<trkpt lat="59.93622872254602" lon="30.274374403460783">
				<ele>8.322396320290864</ele>
				<time>2023-07-25T16:52:03Z</time>
			</trkpt>
			<trkpt lat="59.936209924655486" lon="30.274314976377937">
				<ele>8.128647543489933</ele>
				<time>2023-07-25T16:52:05Z</time>
			</trkpt>
			<trkpt lat="59.936202298307045" lon="30.274281716960814">
				<ele>8.3968397481367</ele>
				<time>2023-07-25T16:52:06Z</time>
			</trkpt>
			<trkpt lat="59.9361905338489" lon="30.274232489532896">
				<ele>8.012440257705748</ele>
				<time>2023-07-25T16:52:08Z</time>
			</trkpt>
			<trkpt lat="59.936161790166366" lon="30.274198166868146">
				<ele>8.90661802701652</ele>
				<time>2023-07-25T16:52:10Z</time>
			</trkpt>
			<trkpt lat="59.936149097286034" lon="30.27416629639599">
				<ele>8.850466396659613</ele>
				<time>2023-07-25T16:52:12Z</time>
			</trkpt>
			<trkpt lat="59.93613760256318" lon="30.27412345367701">
				<ele>10.01750598102808</ele>
				<time>2023-07-25T16:52:14Z</time>
			</trkpt>
			<trkpt lat="59.9361270124231" lon="30.274064410189037">
				<ele>9.846719638444483</ele>
				<time>2023-07-25T16:52:16Z</time>
			</trkpt>
			<trkpt lat="59.93611907845781" lon="30.274007324147654">
				<ele>7.7730700029060245</ele>
				<time>2023-07-25T16:52:18Z</time>
			</trkpt>
			<trkpt lat="59.936118108764674" lon="30.273962673735788">
				<ele>7.727116716094315</ele>
				<time>2023-07-25T16:52:20Z</time>
			</trkpt>
			<trkpt lat="59.93610998290771" lon="30.27391826436795">
				<ele>8.138291190378368</ele>
				<time>2023-07-25T16:52:22Z</time>
			</trkpt>
			<trkpt lat="59.936101949614766" lon="30.273883385504377">
				<ele>8.242855532094836</ele>
				<time>2023-07-25T16:52:23Z</time>
			</trkpt>
			<trkpt lat="59.93608531872924" lon="30.273846980144498">
				<ele>6.823655316606164</ele>
				<time>2023-07-25T16:52:25Z</time>
			</trkpt>
			<trkpt lat="59.93607157076079" lon="30.27379430712359">
				<ele>7.454836598597467</ele>
				<time>2023-07-25T16:52:27Z</time>
			</trkpt>
			<trkpt lat="59.93606061832851" lon="30.27374827296964">
				<ele>7.949283355847001</ele>
				<time>2023-07-25T16:52:29Z</time>
			</trkpt>
			<trkpt lat="59.93604613374487" lon="30.273713583780182">
				<ele>7.6430274192243814</ele>
				<time>2023-07-25T16:52:31Z</time>
			</trkpt>
			<trkpt lat="59.936035846351515" lon="30.273680432808536">
				<ele>7.1581966215744615</ele>
				<time>2023-07-25T16:52:32Z</time>
			</trkpt>
			<trkpt lat="59.93602728310135" lon="30.273615741576393">
				<ele>7.090219189412892</ele>
				<time>2023-07-25T16:52:34Z</time>
			</trkpt>
			<trkpt lat="59.93603550482149" lon="30.273551388467645">
				<ele>7.363443565554917</ele>
				<time>2023-07-25T16:52:36Z</time>
			</trkpt>
			<trkpt lat="59.936059872911756" lon="30.27352243531435">
				<ele>6.782649983651936</ele>
				<time>2023-07-25T16:52:37Z</time>
			</trkpt>
			<trkpt lat="59.9360824243533" lon="30.27350023834803">
				<ele>7.638915239833295</ele>
				<time>2023-07-25T16:52:38Z</time>
			</trkpt>
			<trkpt lat="59.93611006808735" lon="30.273476493468362">
				<ele>8.350739832036197</ele>
				<time>2023-07-25T16:52:40Z</time>
			</trkpt>
			<trkpt lat="59.9361284964941" lon="30.2734518037068">
				<ele>8.077819114550948</ele>
				<time>2023-07-25T16:52:41Z</time>
			</trkpt>
			<trkpt lat="59.9361557927165" lon="30.273415886741944">
				<ele>8.114150293171406</ele>
				<time>2023-07-25T16:52:43Z</time>
			</trkpt>
			<trkpt lat="59.936176822994966" lon="30.27337564098665">
				<ele>6.896356204524636</ele>
				<time>2023-07-25T16:52:45Z</time>
			</trkpt>
			<trkpt lat="59.9361953693105" lon="30.2733457837151">
				<ele>5.788540927693248</ele>
				<time>2023-07-25T16:52:48Z</time>
			</trkpt>
			<trkpt lat="59.93622404912527" lon="30.27333348229681">
				<ele>5.505437222309411</ele>
				<time>2023-07-25T16:52:50Z</time>
			</trkpt>
			<trkpt lat="59.93625592413521" lon="30.27330454965359">
				<ele>3.518384418450296</ele>
				<time>2023-07-25T16:52:52Z</time>
			</trkpt>
			<trkpt lat="59.93628081656324" lon="30.273287867600274">
				<ele>2.960965479724109</ele>
				<time>2023-07-25T16:52:54Z</time>
			</trkpt>
			<trkpt lat="59.936302688123625" lon="30.27324885901962">
				<ele>4.3689759112894535</ele>
				<time>2023-07-25T16:52:56Z</time>
			</trkpt>
			<trkpt lat="59.936331165594034" lon="30.273210890439014">
				<ele>3.2133836476132274</ele>
				<time>2023-07-25T16:52:58Z</time>
			</trkpt>
			<trkpt lat="59.93635230387249" lon="30.273181278948947">
				<ele>3.0956719564273953</ele>
				<time>2023-07-25T16:53:00Z</time>
			</trkpt>
			<trkpt lat="59.93637359092806" lon="30.27316456798816">
				<ele>2.492987111210823</ele>
				<time>2023-07-25T16:53:02Z</time>
			</trkpt>
			<trkpt lat="59.9363944544807" lon="30.273121542935822">
				<ele>2.2588609252125025</ele>
				<time>2023-07-25T16:53:04Z</time>
			</trkpt>
			<trkpt lat="59.936417934904306" lon="30.27308911650146">
				<ele>1.794447174295783</ele>
				<time>2023-07-25T16:53:06Z</time>
			</trkpt>
			<trkpt lat="59.93643168535471" lon="30.273065914498897">
				<ele>3.647233827970922</ele>
				<time>2023-07-25T16:53:07Z</time>
			</trkpt>
			<trkpt lat="59.93645329806618" lon="30.273025267098653">
				<ele>5.048499213531613</ele>
				<time>2023-07-25T16:53:09Z</time>
			</trkpt>
			<trkpt lat="59.93647982813941" lon="30.27299213476589">
				<ele>4.6696579130366445</ele>
				<time>2023-07-25T16:53:11Z</time>
			</trkpt>
			<trkpt lat="59.936498851799456" lon="30.2729727607484">
				<ele>3.9393180971965194</ele>
				<time>2023-07-25T16:53:13Z</time>
			</trkpt>
			<trkpt lat="59.93652406768996" lon="30.272935241225195">
				<ele>4.059279485605657</ele>
				<time>2023-07-25T16:53:16Z</time>
			</trkpt>
			<trkpt lat="59.936545797643674" lon="30.272928537047683">
				<ele>4.3148596389219165</ele>
				<time>2023-07-25T16:53:17Z</time>
			</trkpt>
			<trkpt lat="59.936568318491204" lon="30.272908336830547">
				<ele>3.940154387615621</ele>
				<time>2023-07-25T16:53:19Z</time>
			</trkpt>
			<trkpt lat="59.936588670262836" lon="30.272891306623237">
				<ele>3.7622859245166183</ele>
				<time>2023-07-25T16:53:21Z</time>
			</trkpt>
			<trkpt lat="59.93660761558433" lon="30.27290494322942">
				<ele>2.9125264501199126</ele>
				<time>2023-07-25T16:53:22Z</time>
			</trkpt>
			<trkpt lat="59.936634958308645" lon="30.27287336045221">
				<ele>2.327695770189166</ele>
				<time>2023-07-25T16:53:24Z</time>
			</trkpt>
			<trkpt lat="59.936644159043766" lon="30.27283704666863">
				<ele>2.6547463061288</ele>
				<time>2023-07-25T16:53:25Z</time>
			</trkpt>
			<trkpt lat="59.93665921885581" lon="30.272815837976033">
				<ele>2.234046078287065</ele>
				<time>2023-07-25T16:53:26Z</time>
			</trkpt>
			<trkpt lat="59.93668191465272" lon="30.272784832009375">
				<ele>2.2259866911917925</ele>
				<time>2023-07-25T16:53:28Z</time>
			</trkpt>
			<trkpt lat="59.936703648433735" lon="30.272783972073224">
				<ele>2.7898732852190733</ele>
				<time>2023-07-25T16:53:30Z</time>
			</trkpt>
			<trkpt lat="59.93672551285502" lon="30.272763231668655">
				<ele>2.7290656147524714</ele>
				<time>2023-07-25T16:53:32Z</time>
			</trkpt>
			<trkpt lat="59.93674781937816" lon="30.272739453720664">
				<ele>2.7629052931442857</ele>
				<time>2023-07-25T16:53:34Z</time>
			</trkpt>
			<trkpt lat="59.93676490997278" lon="30.27270951394114">
				<ele>1.4464539401233196</ele>
				<time>2023-07-25T16:53:36Z</time>
			</trkpt>
			<trkpt lat="59.93678825339004" lon="30.272671407880516">
				<ele>2.406521332450211</ele>
				<time>2023-07-25T16:53:38Z</time>
			</trkpt>
			<trkpt lat="59.93680462920697" lon="30.272656165171803">
				<ele>2.0450826650485396</ele>
				<time>2023-07-25T16:53:39Z</time>
			</trkpt>
			<trkpt lat="59.936823270574834" lon="30.272618289705512">
				<ele>2.838128606788814</ele>
				<time>2023-07-25T16:53:41Z</time>
			</trkpt>
			<trkpt lat="59.936843569515446" lon="30.27258873858784">
				<ele>2.0821343073621392</ele>
				<time>2023-07-25T16:53:42Z</time>
			</trkpt>
			<trkpt lat="59.93686057473328" lon="30.272557719540444">
				<ele>1.9339943202212453</ele>
				<time>2023-07-25T16:53:44Z</time>
			</trkpt>
			<trkpt lat="59.936889254860745" lon="30.272541006175945">
				<ele>2.9407810298725963</ele>
				<time>2023-07-25T16:53:46Z</time>
			</trkpt>
			<trkpt lat="59.93690555063111" lon="30.27252476788882">
				<ele>3.1851942921057343</ele>
				<time>2023-07-25T16:53:47Z</time>
			</trkpt>
			<trkpt lat="59.9369303670318" lon="30.272517010672928">
				<ele>6.880807477980852</ele>
				<time>2023-07-25T16:53:49Z</time>
			</trkpt>
			<trkpt lat="59.936959589952956" lon="30.272498392947274">
				<ele>5.571359179913998</ele>
				<time>2023-07-25T16:53:51Z</time>
			</trkpt>
			<trkpt lat="59.93697739116813" lon="30.27246554536848">
				<ele>4.278676978312433</ele>
				<time>2023-07-25T16:53:53Z</time>
			</trkpt>
			<trkpt lat="59.9370007466156" lon="30.272441133236715">
				<ele>3.9178085261955857</ele>
				<time>2023-07-25T16:53:55Z</time>
			</trkpt>
			<trkpt lat="59.937024398623095" lon="30.272407481129996">
				<ele>3.8608749927952886</ele>
				<time>2023-07-25T16:53:57Z</time>
			</trkpt>
			<trkpt lat="59.93704472822129" lon="30.27237894124262">
				<ele>3.7438220558688045</ele>
				<time>2023-07-25T16:53:59Z</time>
			</trkpt>
			<trkpt lat="59.93705086133755" lon="30.2723107349761">
				<ele>4.55022226460278</ele>
				<time>2023-07-25T16:54:01Z</time>
			</trkpt>
			<trkpt lat="59.93707174792856" lon="30.272282590674635">
				<ele>4.041573089547455</ele>
				<time>2023-07-25T16:54:03Z</time>
			</trkpt>
			<trkpt lat="59.93708505702379" lon="30.272247078727293">
				<ele>4.782629672437906</ele>
				<time>2023-07-25T16:54:05Z</time>
			</trkpt>
			<trkpt lat="59.937118554187194" lon="30.27222962239696">
				<ele>5.257577833719552</ele>
				<time>2023-07-25T16:54:07Z</time>
			</trkpt>
			<trkpt lat="59.93714229925753" lon="30.27223017790851">
				<ele>5.215936234220862</ele>
				<time>2023-07-25T16:54:08Z</time>
			</trkpt>
			<trkpt lat="59.93716345949474" lon="30.272211373762655">
				<ele>6.886203410103917</ele>
				<time>2023-07-25T16:54:10Z</time>
			</trkpt>
			<trkpt lat="59.93718940991565" lon="30.272191477354948">
				<ele>7.729425028897822</ele>
				<time>2023-07-25T16:54:12Z</time>
			</trkpt>
			<trkpt lat="59.93721146091409" lon="30.272197178513935">
				<ele>5.798656191676855</ele>
				<time>2023-07-25T16:54:13Z</time>
			</trkpt>
			<trkpt lat="59.93724102646482" lon="30.27217012237114">
				<ele>4.701841140165925</ele>
				<time>2023-07-25T16:54:15Z</time>
			</trkpt>
			<trkpt lat="59.93726367732814" lon="30.272132585643988">
				<ele>4.82787746284157</ele>
				<time>2023-07-25T16:54:17Z</time>
			</trkpt>
			<trkpt lat="59.93729599759946" lon="30.27210061259872">
				<ele>5.732010212726891</ele>
				<time>2023-07-25T16:54:19Z</time>
			</trkpt>
			<trkpt lat="59.93731570426676" lon="30.27209739265552">
				<ele>5.32934167701751</ele>
				<time>2023-07-25T16:54:20Z</time>
			</trkpt>
			<trkpt lat="59.93731911457847" lon="30.27206461933569">
				<ele>6.15280750952661</ele>
				<time>2023-07-25T16:54:21Z</time>
			</trkpt>
			<trkpt lat="59.93735437011837" lon="30.272056912439965">
				<ele>9.179635337553918</ele>
				<time>2023-07-25T16:54:22Z</time>
			</trkpt>
			<trkpt lat="59.93737209615624" lon="30.272030574722795">
				<ele>6.421606604009867</ele>
				<time>2023-07-25T16:54:27Z</time>
			</trkpt>
			<trkpt lat="59.937396844042254" lon="30.272026253448697">
				<ele>4.692663223482668</ele>
				<time>2023-07-25T16:54:30Z</time>
			</trkpt>
			<trkpt lat="59.93743285334298" lon="30.272023333520647">
				<ele>4.576168398372829</ele>
				<time>2023-07-25T16:54:32Z</time>
			</trkpt>
			<trkpt lat="59.93743824338067" lon="30.27196630587498">
				<ele>6.578132603317499</ele>
				<time>2023-07-25T16:54:33Z</time>
			</trkpt>
			<trkpt lat="59.93745999371635" lon="30.27196023856979">
				<ele>5.663368675857782</ele>
				<time>2023-07-25T16:54:34Z</time>
			</trkpt>
			<trkpt lat="59.93748933445878" lon="30.271934698071693">
				<ele>4.946769027039409</ele>
				<time>2023-07-25T16:54:36Z</time>
			</trkpt>
			<trkpt lat="59.937511923087044" lon="30.271932466679836">
				<ele>6.71887887828052</ele>
				<time>2023-07-25T16:54:37Z</time>
			</trkpt>
			<trkpt lat="59.93753018127905" lon="30.271913956198436">
				<ele>9.43612156715244</ele>
				<time>2023-07-25T16:54:38Z</time>
			</trkpt>
			<trkpt lat="59.937547357105586" lon="30.271892866769328">
				<ele>10.286409937776625</ele>
				<time>2023-07-25T16:54:39Z</time>
			</trkpt>
			<trkpt lat="59.937574654829845" lon="30.271859060507023">
				<ele>10.175750888884068</ele>
				<time>2023-07-25T16:54:41Z</time>
			</trkpt>
			<trkpt lat="59.9375817245336" lon="30.271823458974644">
				<ele>9.529526782222092</ele>
				<time>2023-07-25T16:54:42Z</time>
			</trkpt>
			<trkpt lat="59.93760327115571" lon="30.271834903253485">
				<ele>8.90083351265639</ele>
				<time>2023-07-25T16:54:43Z</time>
			</trkpt>
			<trkpt lat="59.93763453234387" lon="30.271836929838294">
				<ele>8.699659858830273</ele>
				<time>2023-07-25T16:54:45Z</time>
			</trkpt>
			<trkpt lat="59.937667645283796" lon="30.271840303144398">
				<ele>7.913465798832476</ele>
				<time>2023-07-25T16:54:47Z</time>
			</trkpt>
			<trkpt lat="59.937697989307544" lon="30.27182393238386">
				<ele>8.400119836442173</ele>
				<time>2023-07-25T16:54:49Z</time>
			</trkpt>
			<trkpt lat="59.9377222199057" lon="30.271822445619403">
				<ele>9.91279402654618</ele>
				<time>2023-07-25T16:54:51Z</time>
			</trkpt>
			<trkpt lat="59.93773541969578" lon="30.27177285821703">
				<ele>9.641443422995508</ele>
				<time>2023-07-25T16:54:53Z</time>
			</trkpt>
			<trkpt lat="59.93775795377143" lon="30.271777936579053">
				<ele>9.658061580732465</ele>
				<time>2023-07-25T16:54:54Z</time>
			</trkpt>
			<trkpt lat="59.93778596041491" lon="30.271733228777823">
				<ele>11.694222947582603</ele>
				<time>2023-07-25T16:54:56Z</time>
			</trkpt>
			<trkpt lat="59.937802843102276" lon="30.27167505011499">
				<ele>11.946668620221317</ele>
				<time>2023-07-25T16:54:58Z</time>
			</trkpt>
			<trkpt lat="59.93781178346288" lon="30.271631617902475">
				<ele>6.4040663708001375</ele>
				<time>2023-07-25T16:55:01Z</time>
			</trkpt>
			<trkpt lat="59.93783351918886" lon="30.271593846289957">
				<ele>7.384448457509279</ele>
				<time>2023-07-25T16:55:03Z</time>
			</trkpt>
			<trkpt lat="59.93785559295828" lon="30.27157519275442">
				<ele>7.453437170013785</ele>
				<time>2023-07-25T16:55:05Z</time>
			</trkpt>
			<trkpt lat="59.937875239695565" lon="30.271536218593962">
				<ele>6.077793118543923</ele>
				<time>2023-07-25T16:55:07Z</time>
			</trkpt>
			<trkpt lat="59.93791369879604" lon="30.27151538481416">
				<ele>11.420962674543262</ele>
				<time>2023-07-25T16:55:10Z</time>
			</trkpt>
			<trkpt lat="59.9379352215272" lon="30.271482837880217">
				<ele>9.461236260831356</ele>
				<time>2023-07-25T16:55:12Z</time>
			</trkpt>
			<trkpt lat="59.93794390526328" lon="30.271410332351344">
				<ele>8.633886056020856</ele>
				<time>2023-07-25T16:55:14Z</time>
			</trkpt>
			<trkpt lat="59.937953861499835" lon="30.271378290876406">
				<ele>10.894722945056856</ele>
				<time>2023-07-25T16:55:16Z</time>
			</trkpt>
			<trkpt lat="59.93796754381591" lon="30.271327711391947">
				<ele>11.16920477990061</ele>
				<time>2023-07-25T16:55:18Z</time>
			</trkpt>
			<trkpt lat="59.937983377120865" lon="30.27128568755939">
				<ele>11.589921799488366</ele>
				<time>2023-07-25T16:55:20Z</time>
			</trkpt>
			<trkpt lat="59.938016177452056" lon="30.27127548968733">
				<ele>8.573297569528222</ele>
				<time>2023-07-25T16:55:22Z</time>
			</trkpt>
			<trkpt lat="59.93804106120647" lon="30.271272543665987">
				<ele>7.3525504963472486</ele>
				<time>2023-07-25T16:55:24Z</time>
			</trkpt>
			<trkpt lat="59.93805966408962" lon="30.271258083645133">
				<ele>6.918900567106903</ele>
				<time>2023-07-25T16:55:25Z</time>
			</trkpt>
			<trkpt lat="59.93807772925128" lon="30.27127744287904">
				<ele>4.845256399363279</ele>
				<time>2023-07-25T16:55:28Z</time>
			</trkpt>
			<trkpt lat="59.93809693310675" lon="30.27126677864034">
				<ele>4.274711519479752</ele>
				<time>2023-07-25T16:55:30Z</time>
			</trkpt>
			<trkpt lat="59.938117519135446" lon="30.27123703843472">
				<ele>4.9170580534264445</ele>
				<time>2023-07-25T16:55:31Z</time>
			</trkpt>
			<trkpt lat="59.938117868216004" lon="30.271192705839013">
				<ele>3.967409291304648</ele>
				<time>2023-07-25T16:55:33Z</time>
			</trkpt>
			<trkpt lat="59.93813577887631" lon="30.271177138682813">
				<ele>4.40787470061332</ele>
				<time>2023-07-25T16:55:34Z</time>
			</trkpt>
			<trkpt lat="59.938156987666446" lon="30.27117373560444">
				<ele>6.278962407261133</ele>
				<time>2023-07-25T16:55:36Z</time>
			</trkpt>
			<trkpt lat="59.93818306259304" lon="30.271159898262848">
				<ele>6.793488428927958</ele>
				<time>2023-07-25T16:55:38Z</time>
			</trkpt>
			<trkpt lat="59.938207770473326" lon="30.27113296423949">
				<ele>5.674168782308698</ele>
				<time>2023-07-25T16:55:39Z</time>
			</trkpt>
			<trkpt lat="59.93822922514324" lon="30.271105479623458">
				<ele>4.858792765066028</ele>
				<time>2023-07-25T16:55:41Z</time>
			</trkpt>
			<trkpt lat="59.93826398667622" lon="30.271095563500698">
				<ele>5.247185913845897</ele>
				<time>2023-07-25T16:55:43Z</time>
			</trkpt>
			<trkpt lat="59.93828088540454" lon="30.271062070254466">
				<ele>3.8918062392622232</ele>
				<time>2023-07-25T16:55:45Z</time>
			</trkpt>
			<trkpt lat="59.9383034147769" lon="30.27103095920259">
				<ele>5.058778245933354</ele>
				<time>2023-07-25T16:55:47Z</time>
			</trkpt>
			<trkpt lat="59.93832336793271" lon="30.271010379574978">
				<ele>5.463956186547875</ele>
				<time>2023-07-25T16:55:48Z</time>
			</trkpt>
			<trkpt lat="59.938339663734524" lon="30.270990960517693">
				<ele>8.347019894979894</ele>
				<time>2023-07-25T16:55:50Z</time>
			</trkpt>
			<trkpt lat="59.938335493859576" lon="30.27094626477354">
				<ele>9.354744816198945</ele>
				<time>2023-07-25T16:55:52Z</time>
			</trkpt>
			<trkpt lat="59.93835281381203" lon="30.270922140229715">
				<ele>7.7165210554376245</ele>
				<time>2023-07-25T16:55:54Z</time>
			</trkpt>
			<trkpt lat="59.938384742275" lon="30.270894226796525">
				<ele>7.162815285846591</ele>
				<time>2023-07-25T16:55:56Z</time>
			</trkpt>
			<trkpt lat="59.938402243315146" lon="30.27084988616595">
				<ele>7.199904854409397</ele>
				<time>2023-07-25T16:55:58Z</time>
			</trkpt>
			<trkpt lat="59.93841831602634" lon="30.270814421039915">
				<ele>7.129935283213854</ele>
				<time>2023-07-25T16:56:00Z</time>
			</trkpt>
			<trkpt lat="59.938433804337734" lon="30.270791021345946">
				<ele>6.897717522457242</ele>
				<time>2023-07-25T16:56:01Z</time>
			</trkpt>
			<trkpt lat="59.93844868922883" lon="30.27075672621449">
				<ele>6.680032508447766</ele>
				<time>2023-07-25T16:56:03Z</time>
			</trkpt>
			<trkpt lat="59.93846176102415" lon="30.27072835133642">
				<ele>7.115572958253324</ele>
				<time>2023-07-25T16:56:04Z</time>
			</trkpt>
			<trkpt lat="59.938486885585114" lon="30.27071300253814">
				<ele>8.280191238038242</ele>
				<time>2023-07-25T16:56:06Z</time>
			</trkpt>
			<trkpt lat="59.938511621470894" lon="30.270703660593394">
				<ele>8.795179191976786</ele>
				<time>2023-07-25T16:56:09Z</time>
			</trkpt>
			<trkpt lat="59.93853499683819" lon="30.2706840831812">
				<ele>6.704412461258471</ele>
				<time>2023-07-25T16:56:11Z</time>
			</trkpt>
			<trkpt lat="59.938549927396664" lon="30.270654464660893">
				<ele>7.014520501717925</ele>
				<time>2023-07-25T16:56:14Z</time>
			</trkpt>
			<trkpt lat="59.93856871098503" lon="30.270632627803327">
				<ele>4.999468168243766</ele>
				<time>2023-07-25T16:56:16Z</time>
			</trkpt>
			<trkpt lat="59.938596390147694" lon="30.27064817316468">
				<ele>0.23146368470042944</ele>
				<time>2023-07-25T16:56:24Z</time>
			</trkpt>
			<trkpt lat="59.93861025158698" lon="30.270620437511564">
				<ele>1.353307956829667</ele>
				<time>2023-07-25T16:56:26Z</time>
			</trkpt>
			<trkpt lat="59.938622389254306" lon="30.27058748119088">
				<ele>2.588474780321121</ele>
				<time>2023-07-25T16:56:28Z</time>
			</trkpt>
			<trkpt lat="59.938647386398216" lon="30.270576382858813">
				<ele>0.9267531456425786</ele>
				<time>2023-07-25T16:56:31Z</time>
			</trkpt>
			<trkpt lat="59.93867210445875" lon="30.270539295016853">
				<ele>1.2202425813302398</ele>
				<time>2023-07-25T16:56:33Z</time>
			</trkpt>
			<trkpt lat="59.938688340364756" lon="30.270495974842966">
				<ele>3.3113477025181055</ele>
				<time>2023-07-25T16:56:36Z</time>
			</trkpt>
			<trkpt lat="59.93870529066999" lon="30.270466048114024">
				<ele>4.185593685135245</ele>
				<time>2023-07-25T16:56:38Z</time>
			</trkpt>
			<trkpt lat="59.93872445335926" lon="30.270457915426245">
				<ele>0.13463188149034977</ele>
				<time>2023-07-25T16:56:40Z</time>
			</trkpt>
			<trkpt lat="59.93874502519283" lon="30.270433950077944">
				<ele>0.6886144345626235</ele>
				<time>2023-07-25T16:56:42Z</time>
			</trkpt>
			<trkpt lat="59.938773107287254" lon="30.270424610092334">
				<ele>1.911206979304552</ele>
				<time>2023-07-25T16:56:44Z</time>
			</trkpt>
			<trkpt lat="59.93879800073521" lon="30.27040322065058">
				<ele>2.2131607811897993</ele>
				<time>2023-07-25T16:56:46Z</time>
			</trkpt>
			<trkpt lat="59.938826468520396" lon="30.270397197287465">
				<ele>0.8510528914630413</ele>
				<time>2023-07-25T16:56:48Z</time>
			</trkpt>
			<trkpt lat="59.93885085766188" lon="30.27037593121773">
				<ele>1.092832950875163</ele>
				<time>2023-07-25T16:56:50Z</time>
			</trkpt>
			<trkpt lat="59.938868447671624" lon="30.270359645350393">
				<ele>2.4442978324368596</ele>
				<time>2023-07-25T16:56:52Z</time>
			</trkpt>
			<trkpt lat="59.93889306547296" lon="30.270316825468328">
				<ele>-0.6599149033427238</ele>
				<time>2023-07-25T16:56:55Z</time>
			</trkpt>
			<trkpt lat="59.93890813038672" lon="30.270294236132223">
				<ele>-1.3692801957949996</ele>
				<time>2023-07-25T16:56:56Z</time>
			</trkpt>
			<trkpt lat="59.93893027732301" lon="30.270277250790084">
				<ele>-0.4239871595054865</ele>
				<time>2023-07-25T16:56:59Z</time>
			</trkpt>
			<trkpt lat="59.938947416933296" lon="30.270253500243108">
				<ele>1.5578350573778152</ele>
				<time>2023-07-25T16:57:01Z</time>
			</trkpt>
			<trkpt lat="59.938956017550154" lon="30.27020258996321">
				<ele>0.7748286239802837</ele>
				<time>2023-07-25T16:57:02Z</time>
			</trkpt>
			<trkpt lat="59.93896464225826" lon="30.270093379131787">
				<ele>3.0435591228306293</ele>
				<time>2023-07-25T16:57:04Z</time>
			</trkpt>
			<trkpt lat="59.93896137007758" lon="30.270047505909805">
				<ele>6.094048925675452</ele>
				<time>2023-07-25T16:57:06Z</time>
			</trkpt>
			<trkpt lat="59.938952855445706" lon="30.270014316252258">
				<ele>7.675451831892133</ele>
				<time>2023-07-25T16:57:08Z</time>
			</trkpt>
			<trkpt lat="59.93897491449223" lon="30.269951252175346">
				<ele>8.165437660180032</ele>
				<time>2023-07-25T16:57:10Z</time>
			</trkpt>
			<trkpt lat="59.93898282819146" lon="30.269904415688384">
				<ele>10.046536829322577</ele>
				<time>2023-07-25T16:57:12Z</time>
			</trkpt>
			<trkpt lat="59.93898710646276" lon="30.26985786391545">
				<ele>10.771890318021178</ele>
				<time>2023-07-25T16:57:13Z</time>
			</trkpt>
			<trkpt lat="59.93898499747262" lon="30.26979505504869">
				<ele>12.616102644242346</ele>
				<time>2023-07-25T16:57:14Z</time>
			</trkpt>
			<trkpt lat="59.93898760469293" lon="30.269744223893913">
				<ele>13.765325613319874</ele>
				<time>2023-07-25T16:57:15Z</time>
			</trkpt>
			<trkpt lat="59.938996503425585" lon="30.269711445772113">
				<ele>14.297051221132278</ele>
				<time>2023-07-25T16:57:16Z</time>
			</trkpt>
			<trkpt lat="59.939007574309834" lon="30.26965917951856">
				<ele>15.944356881082058</ele>
				<time>2023-07-25T16:57:18Z</time>
			</trkpt>
			<trkpt lat="59.939018891789466" lon="30.26960916643861">
				<ele>17.232377028092742</ele>
				<time>2023-07-25T16:57:20Z</time>
			</trkpt>
			<trkpt lat="59.93903403449984" lon="30.269565318992896">
				<ele>18.171504030004144</ele>
				<time>2023-07-25T16:57:22Z</time>
			</trkpt>
			<trkpt lat="59.93905976541046" lon="30.269545875573737">
				<ele>18.40043815691024</ele>
				<time>2023-07-25T16:57:24Z</time>
			</trkpt>
			<trkpt lat="59.93908371410244" lon="30.269518143165854">
				<ele>18.55574513040483</ele>
				<time>2023-07-25T16:57:26Z</time>
			</trkpt>
			<trkpt lat="59.9391022895332" lon="30.26951555388991">
				<ele>18.16223190166056</ele>
				<time>2023-07-25T16:57:28Z</time>
			</trkpt>
			<trkpt lat="59.9391255664132" lon="30.269493937290495">
				<ele>18.145562743768096</ele>
				<time>2023-07-25T16:57:30Z</time>
			</trkpt>
			<trkpt lat="59.939142003659704" lon="30.269460484664883">
				<ele>17.991163616999984</ele>
				<time>2023-07-25T16:57:32Z</time>
			</trkpt>
			<trkpt lat="59.93916114303231" lon="30.269420816592998">
				<ele>18.62782440520823</ele>
				<time>2023-07-25T16:57:34Z</time>
			</trkpt>
			<trkpt lat="59.93917632522128" lon="30.269399532308253">
				<ele>17.498898888006806</ele>
				<time>2023-07-25T16:57:36Z</time>
			</trkpt>
			<trkpt lat="59.93919712318649" lon="30.269386406915494">
				<ele>15.147035917267203</ele>
				<time>2023-07-25T16:57:38Z</time>
			</trkpt>
			<trkpt lat="59.93922105347934" lon="30.269359947636925">
				<ele>16.465520235709846</ele>
				<time>2023-07-25T16:57:40Z</time>
			</trkpt>
			<trkpt lat="59.93923829630581" lon="30.269349440148083">
				<ele>17.565885773859918</ele>
				<time>2023-07-25T16:57:41Z</time>
			</trkpt>
			<trkpt lat="59.939256638715946" lon="30.269347780130467">
				<ele>16.542938041500747</ele>
				<time>2023-07-25T16:57:42Z</time>
			</trkpt>
			<trkpt lat="59.93929641167973" lon="30.269338462594085">
				<ele>15.12816059961915</ele>
				<time>2023-07-25T16:57:44Z</time>
			</trkpt>
			<trkpt lat="59.93931587675135" lon="30.269327071511544">
				<ele>15.06832965835929</ele>
				<time>2023-07-25T16:57:47Z</time>
			</trkpt>
			<trkpt lat="59.939338085837235" lon="30.269332598546733">
				<ele>14.341342805884778</ele>
				<time>2023-07-25T16:57:49Z</time>
			</trkpt>
			<trkpt lat="59.93938197752788" lon="30.269353657988617">
				<ele>14.67151535116136</ele>
				<time>2023-07-25T16:57:51Z</time>
			</trkpt>
			<trkpt lat="59.93939952353083" lon="30.269335144476937">
				<ele>15.472944269888103</ele>
				<time>2023-07-25T16:57:52Z</time>
			</trkpt>
			<trkpt lat="59.93942317408937" lon="30.269353824517072">
				<ele>16.71847503259778</ele>
				<time>2023-07-25T16:57:53Z</time>
			</trkpt>
			<trkpt lat="59.93945999624524" lon="30.269355652556598">
				<ele>15.125595597550273</ele>
				<time>2023-07-25T16:57:55Z</time>
			</trkpt>
			<trkpt lat="59.9394820550882" lon="30.26934857560805">
				<ele>12.87617536727339</ele>
				<time>2023-07-25T16:57:57Z</time>
			</trkpt>
			<trkpt lat="59.939501173904574" lon="30.269358721560124">
				<ele>12.76258962135762</ele>
				<time>2023-07-25T16:57:58Z</time>
			</trkpt>
			<trkpt lat="59.93953668705109" lon="30.269371719776164">
				<ele>12.34042704012245</ele>
				<time>2023-07-25T16:58:00Z</time>
			</trkpt>
			<trkpt lat="59.939553957911855" lon="30.269384645248294">
				<ele>12.71639794204384</ele>
				<time>2023-07-25T16:58:01Z</time>
			</trkpt>
			<trkpt lat="59.939585613300125" lon="30.269390244091255">
				<ele>12.093373685143888</ele>
				<time>2023-07-25T16:58:03Z</time>
			</trkpt>
			<trkpt lat="59.93960544186886" lon="30.269400479116705">
				<ele>10.916229605674744</ele>
				<time>2023-07-25T16:58:04Z</time>
			</trkpt>
			<trkpt lat="59.93963610193065" lon="30.26940251510393">
				<ele>9.975309969857335</ele>
				<time>2023-07-25T16:58:06Z</time>
			</trkpt>
			<trkpt lat="59.939676059588805" lon="30.269390923806462">
				<ele>10.123589056544006</ele>
				<time>2023-07-25T16:58:08Z</time>
			</trkpt>
			<trkpt lat="59.93969097474006" lon="30.269361463339266">
				<ele>10.535892707295716</ele>
				<time>2023-07-25T16:58:09Z</time>
			</trkpt>
			<trkpt lat="59.939730063989806" lon="30.2693819135531">
				<ele>11.753944221884012</ele>
				<time>2023-07-25T16:58:11Z</time>
			</trkpt>
			<trkpt lat="59.93975413497926" lon="30.269385337233697">
				<ele>11.381082961335778</ele>
				<time>2023-07-25T16:58:12Z</time>
			</trkpt>
			<trkpt lat="59.93977768877253" lon="30.269371939031664">
				<ele>9.572456180118024</ele>
				<time>2023-07-25T16:58:14Z</time>
			</trkpt>
			<trkpt lat="59.93979330591619" lon="30.269329529191815">
				<ele>8.723238805308938</ele>
				<time>2023-07-25T16:58:16Z</time>
			</trkpt>
			<trkpt lat="59.9398232211371" lon="30.269303353339694">
				<ele>6.674506239593029</ele>
				<time>2023-07-25T16:58:19Z</time>
			</trkpt>
			<trkpt lat="59.9398388147193" lon="30.269270780920493">
				<ele>5.765496760606766</ele>
				<time>2023-07-25T16:58:21Z</time>
			</trkpt>
			<trkpt lat="59.93986027064013" lon="30.26924584453321">
				<ele>5.674631452187896</ele>
				<time>2023-07-25T16:58:23Z</time>
			</trkpt>
			<trkpt lat="59.93988384026422" lon="30.269225043472307">
				<ele>6.000575750134885</ele>
				<time>2023-07-25T16:58:25Z</time>
			</trkpt>
			<trkpt lat="59.93989529441971" lon="30.26917814449201">
				<ele>5.808512979187071</ele>
				<time>2023-07-25T16:58:27Z</time>
			</trkpt>
			<trkpt lat="59.939924921475495" lon="30.269175464082373">
				<ele>4.819469096139073</ele>
				<time>2023-07-25T16:58:28Z</time>
			</trkpt>
			<trkpt lat="59.93994888112099" lon="30.269161816860144">
				<ele>5.988386214710772</ele>
				<time>2023-07-25T16:58:31Z</time>
			</trkpt>
			<trkpt lat="59.93997482317948" lon="30.26913322535983">
				<ele>5.703626371920109</ele>
				<time>2023-07-25T16:58:33Z</time>
			</trkpt>
			<trkpt lat="59.93999759717345" lon="30.269112140773082">
				<ele>6.373247745446861</ele>
				<time>2023-07-25T16:58:34Z</time>
			</trkpt>
			<trkpt lat="59.940015730546705" lon="30.2690966012884">
				<ele>6.121442319825292</ele>
				<time>2023-07-25T16:58:35Z</time>
			</trkpt>
			<trkpt lat="59.94003708734033" lon="30.26910857956943">
				<ele>2.4231233205646276</ele>
				<time>2023-07-25T16:58:37Z</time>
			</trkpt>
			<trkpt lat="59.94006224088693" lon="30.26911148014604">
				<ele>1.2371800551190972</ele>
				<time>2023-07-25T16:58:39Z</time>
			</trkpt>
			<trkpt lat="59.94008053011425" lon="30.26906721950796">
				<ele>0.01714459341019392</ele>
				<time>2023-07-25T16:58:42Z</time>
			</trkpt>
			<trkpt lat="59.94009364658112" lon="30.269040674069256">
				<ele>0.6413506595417857</ele>
				<time>2023-07-25T16:58:43Z</time>
			</trkpt>
			<trkpt lat="59.94007964657676" lon="30.269015470841858">
				<ele>-0.5299777956679463</ele>
				<time>2023-07-25T16:58:44Z</time>
			</trkpt>
			<trkpt lat="59.94009302979587" lon="30.268964770242626">
				<ele>-0.18133222311735153</ele>
				<time>2023-07-25T16:58:46Z</time>
			</trkpt>
			<trkpt lat="59.94010901550655" lon="30.268947964233494">
				<ele>-0.5037777246907353</ele>
				<time>2023-07-25T16:58:47Z</time>
			</trkpt>
			<trkpt lat="59.94012473104858" lon="30.268928177796337">
				<ele>-0.30004972498863935</ele>
				<time>2023-07-25T16:58:48Z</time>
			</trkpt>
			<trkpt lat="59.94014642052615" lon="30.268906411082572">
				<ele>-0.0651896484196186</ele>
				<time>2023-07-25T16:58:50Z</time>
			</trkpt>
			<trkpt lat="59.9401647495879" lon="30.2688836760722">
				<ele>-2.193385104648769</ele>
				<time>2023-07-25T16:58:52Z</time>
			</trkpt>
			<trkpt lat="59.94017994578417" lon="30.268864210839173">
				<ele>-2.255424965173006</ele>
				<time>2023-07-25T16:58:54Z</time>
			</trkpt>
			<trkpt lat="59.94017017071376" lon="30.26883283360827">
				<ele>-2.0459297178313136</ele>
				<time>2023-07-25T16:58:57Z</time>
			</trkpt>
			<trkpt lat="59.940149180918084" lon="30.26877855534277">
				<ele>-1.6683743838220835</ele>
				<time>2023-07-25T16:58:59Z</time>
			</trkpt>
			<trkpt lat="59.940125046160304" lon="30.26872772440741">
				<ele>-0.2337297685444355</ele>
				<time>2023-07-25T16:59:00Z</time>
			</trkpt>
			<trkpt lat="59.94010619407105" lon="30.26868016527145">
				<ele>-0.8032184652984142</ele>
				<time>2023-07-25T16:59:02Z</time>
			</trkpt>
			<trkpt lat="59.94010509014447" lon="30.268632287180296">
				<ele>-1.39674068428576</ele>
				<time>2023-07-25T16:59:04Z</time>
			</trkpt>
			<trkpt lat="59.940092033900015" lon="30.268573913354718">
				<ele>-1.261782018467784</ele>
				<time>2023-07-25T16:59:05Z</time>
			</trkpt>
			<trkpt lat="59.940076213813825" lon="30.268488759615895">
				<ele>0.08046313654631376</ele>
				<time>2023-07-25T16:59:06Z</time>
			</trkpt>
			<trkpt lat="59.94006314781385" lon="30.268445187058358">
				<ele>-2.0216644713655114</ele>
				<time>2023-07-25T16:59:07Z</time>
			</trkpt>
			<trkpt lat="59.940059928665534" lon="30.268400055435176">
				<ele>-1.89197335857898</ele>
				<time>2023-07-25T16:59:08Z</time>
			</trkpt>
			<trkpt lat="59.940051614974365" lon="30.268326114669954">
				<ele>-1.6449175411835313</ele>
				<time>2023-07-25T16:59:10Z</time>
			</trkpt>
			<trkpt lat="59.940055512519045" lon="30.26828838558797">
				<ele>-1.1395281394943595</ele>
				<time>2023-07-25T16:59:11Z</time>
			</trkpt>
			<trkpt lat="59.94005226960081" lon="30.26822040824332">
				<ele>-1.68781700078398</ele>
				<time>2023-07-25T16:59:13Z</time>
			</trkpt>
			<trkpt lat="59.9400410177416" lon="30.26818055990048">
				<ele>0.12833639327436686</ele>
				<time>2023-07-25T16:59:14Z</time>
			</trkpt>
			<trkpt lat="59.94002916591354" lon="30.268126278411483">
				<ele>2.651397902518511</ele>
				<time>2023-07-25T16:59:16Z</time>
			</trkpt>
			<trkpt lat="59.94000096195766" lon="30.26807385783276">
				<ele>2.669539848342538</ele>
				<time>2023-07-25T16:59:18Z</time>
			</trkpt>
			<trkpt lat="59.939975491548495" lon="30.26808942864924">
				<ele>3.1812495021149516</ele>
				<time>2023-07-25T16:59:22Z</time>
			</trkpt>
			<trkpt lat="59.9399554581433" lon="30.268067317412935">
				<ele>2.9525097804144025</ele>
				<time>2023-07-25T16:59:24Z</time>
			</trkpt>
			<trkpt lat="59.93993615146351" lon="30.268021751921776">
				<ele>3.8259715531021357</ele>
				<time>2023-07-25T16:59:26Z</time>
			</trkpt>
			<trkpt lat="59.93992219889611" lon="30.267981950271142">
				<ele>4.023776916787028</ele>
				<time>2023-07-25T16:59:28Z</time>
			</trkpt>
			<trkpt lat="59.939908355297455" lon="30.26793346784562">
				<ele>4.732268845662475</ele>
				<time>2023-07-25T16:59:30Z</time>
			</trkpt>
			<trkpt lat="59.939888365767935" lon="30.267885001576133">
				<ele>5.443404256366193</ele>
				<time>2023-07-25T16:59:32Z</time>
			</trkpt>
			<trkpt lat="59.93987974591809" lon="30.267838980719272">
				<ele>6.631418942473829</ele>
				<time>2023-07-25T16:59:34Z</time>
			</trkpt>
			<trkpt lat="59.93985469540725" lon="30.26780397906845">
				<ele>8.728308704681695</ele>
				<time>2023-07-25T16:59:36Z</time>
			</trkpt>
			<trkpt lat="59.9398619145005" lon="30.267751765936655">
				<ele>6.172734278254211</ele>
				<time>2023-07-25T16:59:38Z</time>
			</trkpt>
			<trkpt lat="59.939853702017224" lon="30.267698439346837">
				<ele>5.7664281623438</ele>
				<time>2023-07-25T16:59:40Z</time>
			</trkpt>
			<trkpt lat="59.939839863255806" lon="30.26763609656237">
				<ele>4.376143118366599</ele>
				<time>2023-07-25T16:59:43Z</time>
			</trkpt>
			<trkpt lat="59.939827742266864" lon="30.267583780839093">
				<ele>4.051953551359475</ele>
				<time>2023-07-25T16:59:45Z</time>
			</trkpt>
			<trkpt lat="59.939814770214596" lon="30.26752154537769">
				<ele>4.654328650794923</ele>
				<time>2023-07-25T16:59:47Z</time>
			</trkpt>
			<trkpt lat="59.93979968763051" lon="30.267459885881987">
				<ele>4.63759611081332</ele>
				<time>2023-07-25T16:59:50Z</time>
			</trkpt>
			<trkpt lat="59.939786743363115" lon="30.26741396916221">
				<ele>5.481064730323851</ele>
				<time>2023-07-25T16:59:52Z</time>
			</trkpt>
			<trkpt lat="59.939771183255225" lon="30.26736254242198">
				<ele>5.477675521746278</ele>
				<time>2023-07-25T16:59:54Z</time>
			</trkpt>
			<trkpt lat="59.939758334055895" lon="30.267312640433026">
				<ele>5.4533108510077</ele>
				<time>2023-07-25T16:59:56Z</time>
			</trkpt>
			<trkpt lat="59.93974423818424" lon="30.267286912074034">
				<ele>4.628136944025755</ele>
				<time>2023-07-25T16:59:58Z</time>
			</trkpt>
			<trkpt lat="59.939729045069356" lon="30.26725178120975">
				<ele>6.1986454371362925</ele>
				<time>2023-07-25T16:59:59Z</time>
			</trkpt>
			<trkpt lat="59.93972111338207" lon="30.267216650882116">
				<ele>6.158763165585697</ele>
				<time>2023-07-25T17:00:00Z</time>
			</trkpt>
			<trkpt lat="59.939718599260566" lon="30.26717074113448">
				<ele>7.062091312371194</ele>
				<time>2023-07-25T17:00:02Z</time>
			</trkpt>
			<trkpt lat="59.93971279724167" lon="30.267118423087233">
				<ele>7.940355182625353</ele>
				<time>2023-07-25T17:00:04Z</time>
			</trkpt>
			<trkpt lat="59.93969708515231" lon="30.26707402616197">
				<ele>7.708406072109938</ele>
				<time>2023-07-25T17:00:06Z</time>
			</trkpt>
			<trkpt lat="59.939680746224454" lon="30.26702774848217">
				<ele>7.719683801755309</ele>
				<time>2023-07-25T17:00:08Z</time>
			</trkpt>
			<trkpt lat="59.93966728036766" lon="30.266969880003764">
				<ele>8.389120635576546</ele>
				<time>2023-07-25T17:00:10Z</time>
			</trkpt>
			<trkpt lat="59.93965435062269" lon="30.266914734243166">
				<ele>7.5080835577100515</ele>
				<time>2023-07-25T17:00:12Z</time>
			</trkpt>
			<trkpt lat="59.93963490743313" lon="30.26688352620901">
				<ele>7.023105909116566</ele>
				<time>2023-07-25T17:00:14Z</time>
			</trkpt>
			<trkpt lat="59.93961849900289" lon="30.266852445004805">
				<ele>6.416115312837064</ele>
				<time>2023-07-25T17:00:16Z</time>
			</trkpt>
			<trkpt lat="59.93960414521836" lon="30.266797647053036">
				<ele>6.04695934150368</ele>
				<time>2023-07-25T17:00:18Z</time>
			</trkpt>
			<trkpt lat="59.939590438596554" lon="30.2667560053593">
				<ele>4.625868151895702</ele>
				<time>2023-07-25T17:00:20Z</time>
			</trkpt>
			<trkpt lat="59.939575561905436" lon="30.266717386852953">
				<ele>5.9250749899074435</ele>
				<time>2023-07-25T17:00:22Z</time>
			</trkpt>
			<trkpt lat="59.93955426881872" lon="30.26667970574622">
				<ele>5.680171719752252</ele>
				<time>2023-07-25T17:00:24Z</time>
			</trkpt>
			<trkpt lat="59.939532577198136" lon="30.26666795307533">
				<ele>5.75752208661288</ele>
				<time>2023-07-25T17:00:26Z</time>
			</trkpt>
			<trkpt lat="59.939508680230844" lon="30.26663574203928">
				<ele>6.24361305590719</ele>
				<time>2023-07-25T17:00:29Z</time>
			</trkpt>
			<trkpt lat="59.93949797157906" lon="30.266606143986035">
				<ele>8.467393633909523</ele>
				<time>2023-07-25T17:00:30Z</time>
			</trkpt>
			<trkpt lat="59.9395070013806" lon="30.26652164146426">
				<ele>9.093076654709876</ele>
				<time>2023-07-25T17:00:31Z</time>
			</trkpt>
			<trkpt lat="59.93950297696733" lon="30.266483261993827">
				<ele>9.301221176050603</ele>
				<time>2023-07-25T17:00:32Z</time>
			</trkpt>
			<trkpt lat="59.939487399429225" lon="30.266435899868377">
				<ele>8.200291474349797</ele>
				<time>2023-07-25T17:00:34Z</time>
			</trkpt>
			<trkpt lat="59.93948032585067" lon="30.266402797667258">
				<ele>7.310224184766412</ele>
				<time>2023-07-25T17:00:35Z</time>
			</trkpt>
			<trkpt lat="59.939470035757545" lon="30.266366456558778">
				<ele>6.927149852737784</ele>
				<time>2023-07-25T17:00:37Z</time>
			</trkpt>
			<trkpt lat="59.9394524835808" lon="30.26634208898114">
				<ele>7.607707040384412</ele>
				<time>2023-07-25T17:00:40Z</time>
			</trkpt>
			<trkpt lat="59.93944050616656" lon="30.266291820891517">
				<ele>6.5602780897170305</ele>
				<time>2023-07-25T17:00:43Z</time>
			</trkpt>
			<trkpt lat="59.939456354527444" lon="30.266255971001286">
				<ele>6.770212955772877</ele>
				<time>2023-07-25T17:00:44Z</time>
			</trkpt>
			<trkpt lat="59.93944572147222" lon="30.266224950907333">
				<ele>8.865802270360291</ele>
				<time>2023-07-25T17:00:46Z</time>
			</trkpt>
			<trkpt lat="59.93944010189923" lon="30.266190405424528">
				<ele>9.801098722033203</ele>
				<time>2023-07-25T17:00:49Z</time>
			</trkpt>
			<trkpt lat="59.93945648472736" lon="30.26620676614554">
				<ele>6.9862658912315965</ele>
				<time>2023-07-25T17:01:01Z</time>
			</trkpt>
			<trkpt lat="59.93947970924158" lon="30.2661335679372">
				<ele>7.115337707102299</ele>
				<time>2023-07-25T17:01:15Z</time>
			</trkpt>
			<trkpt lat="59.939478782254646" lon="30.266221435460867">
				<ele>5.516627702862024</ele>
				<time>2023-07-25T17:01:20Z</time>
			</trkpt>
			<trkpt lat="59.93945518211914" lon="30.266116315201064">
				<ele>6.200415871106088</ele>
				<time>2023-07-25T17:01:39Z</time>
			</trkpt>
			<trkpt lat="59.939480497754715" lon="30.266118231839187">
				<ele>3.2154889181256294</ele>
				<time>2023-07-25T17:01:42Z</time>
			</trkpt>
			<trkpt lat="59.9394983244872" lon="30.266095061983435">
				<ele>3.4085537903010845</ele>
				<time>2023-07-25T17:01:43Z</time>
			</trkpt>
			<trkpt lat="59.939514607852715" lon="30.26607881881505">
				<ele>4.154761577025056</ele>
				<time>2023-07-25T17:01:44Z</time>
			</trkpt>
			<trkpt lat="59.93954637090252" lon="30.266050290333492">
				<ele>3.412289459258318</ele>
				<time>2023-07-25T17:01:46Z</time>
			</trkpt>
			<trkpt lat="59.93957217663621" lon="30.266068476121728">
				<ele>3.2487585293129086</ele>
				<time>2023-07-25T17:01:48Z</time>
			</trkpt>
			<trkpt lat="59.9395953140531" lon="30.26607976978793">
				<ele>3.1785341361537576</ele>
				<time>2023-07-25T17:01:50Z</time>
			</trkpt>
			<trkpt lat="59.939620767496784" lon="30.266081623010173">
				<ele>3.0496938629075885</ele>
				<time>2023-07-25T17:01:52Z</time>
			</trkpt>
			<trkpt lat="59.93963991419482" lon="30.266068137443007">
				<ele>5.77598212659359</ele>
				<time>2023-07-25T17:01:54Z</time>
			</trkpt>
			<trkpt lat="59.93962136411971" lon="30.266015870434142">
				<ele>4.519466190598905</ele>
				<time>2023-07-25T17:01:56Z</time>
			</trkpt>
			<trkpt lat="59.939620820665915" lon="30.265968759343817">
				<ele>3.6570453345775604</ele>
				<time>2023-07-25T17:01:58Z</time>
			</trkpt>
			<trkpt lat="59.939637105375326" lon="30.265952811844837">
				<ele>3.169391338713467</ele>
				<time>2023-07-25T17:01:59Z</time>
			</trkpt>
			<trkpt lat="59.939661857051014" lon="30.26592349917406">
				<ele>3.740578473545611</ele>
				<time>2023-07-25T17:02:01Z</time>
			</trkpt>
			<trkpt lat="59.93968374799465" lon="30.265895534440435">
				<ele>4.11481059435755</ele>
				<time>2023-07-25T17:02:03Z</time>
			</trkpt>
			<trkpt lat="59.93971218500391" lon="30.265881095064685">
				<ele>6.54895191360265</ele>
				<time>2023-07-25T17:02:05Z</time>
			</trkpt>
			<trkpt lat="59.9397389694303" lon="30.26586704863874">
				<ele>5.3064309461042285</ele>
				<time>2023-07-25T17:02:07Z</time>
			</trkpt>
			<trkpt lat="59.93975586708338" lon="30.26583663637192">
				<ele>4.495149532333016</ele>
				<time>2023-07-25T17:02:10Z</time>
			</trkpt>
			<trkpt lat="59.93977889052042" lon="30.26581914999176">
				<ele>3.54088537953794</ele>
				<time>2023-07-25T17:02:12Z</time>
			</trkpt>
			<trkpt lat="59.93979748637434" lon="30.265801432418094">
				<ele>3.4684537081047893</ele>
				<time>2023-07-25T17:02:14Z</time>
			</trkpt>
			<trkpt lat="59.93982981278776" lon="30.265785282842014">
				<ele>6.435787315480411</ele>
				<time>2023-07-25T17:02:16Z</time>
			</trkpt>
			<trkpt lat="59.93985520242602" lon="30.26576091108996">
				<ele>5.114608206786215</ele>
				<time>2023-07-25T17:02:18Z</time>
			</trkpt>
			<trkpt lat="59.939875344922136" lon="30.26574219621878">
				<ele>4.443995620124042</ele>
				<time>2023-07-25T17:02:20Z</time>
			</trkpt>
			<trkpt lat="59.93989627419574" lon="30.265719421075243">
				<ele>3.2092291470617056</ele>
				<time>2023-07-25T17:02:22Z</time>
			</trkpt>
			<trkpt lat="59.93992248643617" lon="30.265707958001126">
				<ele>3.935285964049399</ele>
				<time>2023-07-25T17:02:25Z</time>
			</trkpt>
			<trkpt lat="59.939954655159106" lon="30.265717923780006">
				<ele>3.8251699041575193</ele>
				<time>2023-07-25T17:02:27Z</time>
			</trkpt>
			<trkpt lat="59.93997308140437" lon="30.265717922985345">
				<ele>4.583520481362939</ele>
				<time>2023-07-25T17:02:28Z</time>
			</trkpt>
			<trkpt lat="59.93999810596516" lon="30.265695720570427">
				<ele>4.156619764864445</ele>
				<time>2023-07-25T17:02:30Z</time>
			</trkpt>
			<trkpt lat="59.940026027058735" lon="30.26570336946678">
				<ele>3.627448184415698</ele>
				<time>2023-07-25T17:02:31Z</time>
			</trkpt>
			<trkpt lat="59.940042012135955" lon="30.265669138698772">
				<ele>2.9878743812441826</ele>
				<time>2023-07-25T17:02:33Z</time>
			</trkpt>
			<trkpt lat="59.94004813427333" lon="30.26562730043478">
				<ele>1.6719505852088332</ele>
				<time>2023-07-25T17:02:34Z</time>
			</trkpt>
			<trkpt lat="59.94005872868504" lon="30.265596079723608">
				<ele>2.1239159889519215</ele>
				<time>2023-07-25T17:02:35Z</time>
			</trkpt>
			<trkpt lat="59.94008444874188" lon="30.265568144749857">
				<ele>1.2808873010799289</ele>
				<time>2023-07-25T17:02:36Z</time>
			</trkpt>
			<trkpt lat="59.940102175335554" lon="30.265544115362967">
				<ele>2.4671360794454813</ele>
				<time>2023-07-25T17:02:38Z</time>
			</trkpt>
			<trkpt lat="59.94012220470406" lon="30.26550493720181">
				<ele>3.3521479098126292</ele>
				<time>2023-07-25T17:02:40Z</time>
			</trkpt>
			<trkpt lat="59.940152259401515" lon="30.26548052794432">
				<ele>3.548784777522087</ele>
				<time>2023-07-25T17:02:42Z</time>
			</trkpt>
			<trkpt lat="59.940166614705745" lon="30.265429158310454">
				<ele>1.3614691635593772</ele>
				<time>2023-07-25T17:02:44Z</time>
			</trkpt>
			<trkpt lat="59.9401762373617" lon="30.26547602361579">
				<ele>2.537205148488283</ele>
				<time>2023-07-25T17:02:46Z</time>
			</trkpt>
			<trkpt lat="59.94018932257871" lon="30.265515809927756">
				<ele>2.223778238520026</ele>
				<time>2023-07-25T17:02:48Z</time>
			</trkpt>
			<trkpt lat="59.94020285450336" lon="30.26555228971193">
				<ele>2.6631924882531166</ele>
				<time>2023-07-25T17:02:50Z</time>
			</trkpt>
			<trkpt lat="59.94022325907965" lon="30.265591389644033">
				<ele>2.6706356769427657</ele>
				<time>2023-07-25T17:02:52Z</time>
			</trkpt>
			<trkpt lat="59.94022176374149" lon="30.265629101247164">
				<ele>3.2427227506414056</ele>
				<time>2023-07-25T17:02:53Z</time>
			</trkpt>
			<trkpt lat="59.94023663407045" lon="30.2656720629663">
				<ele>2.95371553953737</ele>
				<time>2023-07-25T17:02:55Z</time>
			</trkpt>
			<trkpt lat="59.94024320019216" lon="30.265733819785027">
				<ele>5.6821593614295125</ele>
				<time>2023-07-25T17:02:57Z</time>
			</trkpt>
			<trkpt lat="59.94025643506082" lon="30.265769053695976">
				<ele>6.320018134079874</ele>
				<time>2023-07-25T17:02:59Z</time>
			</trkpt>
			<trkpt lat="59.940288045700534" lon="30.265742525815224">
				<ele>5.6916764341294765</ele>
				<time>2023-07-25T17:03:01Z</time>
			</trkpt>
			<trkpt lat="59.940215852731185" lon="30.265700865731215">
				<ele>4.506762403063476</ele>
				<time>2023-07-25T17:03:04Z</time>
			</trkpt>
			<trkpt lat="59.940188539842076" lon="30.265656697924175">
				<ele>4.721424113959074</ele>
				<time>2023-07-25T17:03:06Z</time>
			</trkpt>
			<trkpt lat="59.94016476532243" lon="30.265612723906187">
				<ele>3.2342496728524566</ele>
				<time>2023-07-25T17:03:08Z</time>
			</trkpt>
			<trkpt lat="59.94015151897613" lon="30.26555810726511">
				<ele>3.475757627747953</ele>
				<time>2023-07-25T17:03:10Z</time>
			</trkpt>
			<trkpt lat="59.94013462384235" lon="30.265543995929757">
				<ele>2.9929719204083085</ele>
				<time>2023-07-25T17:03:11Z</time>
			</trkpt>
			<trkpt lat="59.940120980112624" lon="30.265519222351138">
				<ele>3.3496537627652287</ele>
				<time>2023-07-25T17:03:12Z</time>
			</trkpt>
			<trkpt lat="59.940123223296986" lon="30.265445414878826">
				<ele>3.695106622762978</ele>
				<time>2023-07-25T17:03:14Z</time>
			</trkpt>
			<trkpt lat="59.94013001305754" lon="30.265376516676202">
				<ele>2.771895538084209</ele>
				<time>2023-07-25T17:03:16Z</time>
			</trkpt>
			<trkpt lat="59.94016574948106" lon="30.265360812780603">
				<ele>1.270080973394215</ele>
				<time>2023-07-25T17:03:17Z</time>
			</trkpt>
			<trkpt lat="59.94018791922561" lon="30.26534430733502">
				<ele>1.3471935791894794</ele>
				<time>2023-07-25T17:03:18Z</time>
			</trkpt>
			<trkpt lat="59.94021144909169" lon="30.265332260666717">
				<ele>0.7341441884636879</ele>
				<time>2023-07-25T17:03:19Z</time>
			</trkpt>
			<trkpt lat="59.94023247611503" lon="30.26531412226272">
				<ele>1.50624493137002</ele>
				<time>2023-07-25T17:03:20Z</time>
			</trkpt>
			<trkpt lat="59.94025463710684" lon="30.26531529400073">
				<ele>1.7032884061336517</ele>
				<time>2023-07-25T17:03:21Z</time>
			</trkpt>
			<trkpt lat="59.94028646100173" lon="30.265293833698916">
				<ele>1.627751935273409</ele>
				<time>2023-07-25T17:03:23Z</time>
			</trkpt>
			<trkpt lat="59.940302498785115" lon="30.2652688697267">
				<ele>1.6465051574632525</ele>
				<time>2023-07-25T17:03:25Z</time>
			</trkpt>
			<trkpt lat="59.94032806961772" lon="30.265234097795112">
				<ele>1.576583239249885</ele>
				<time>2023-07-25T17:03:27Z</time>
			</trkpt>
			<trkpt lat="59.94034359700653" lon="30.265210853737628">
				<ele>1.153684601187706</ele>
				<time>2023-07-25T17:03:29Z</time>
			</trkpt>
			<trkpt lat="59.94035231820226" lon="30.265170455506414">
				<ele>1.095573772676289</ele>
				<time>2023-07-25T17:03:30Z</time>
			</trkpt>
			<trkpt lat="59.940374287637546" lon="30.265151373399103">
				<ele>1.273124466650188</ele>
				<time>2023-07-25T17:03:32Z</time>
			</trkpt>
			<trkpt lat="59.94039128367607" lon="30.265139267199853">
				<ele>2.157942598685622</ele>
				<time>2023-07-25T17:03:33Z</time>
			</trkpt>
			<trkpt lat="59.940403881937534" lon="30.265108960647556">
				<ele>2.2657521571964025</ele>
				<time>2023-07-25T17:03:35Z</time>
			</trkpt>
			<trkpt lat="59.940421956887974" lon="30.26510693117867">
				<ele>3.0244250297546387</ele>
				<time>2023-07-25T17:03:36Z</time>
			</trkpt>
			<trkpt lat="59.94044461306162" lon="30.2650758415659">
				<ele>3.002203583717346</ele>
				<time>2023-07-25T17:03:38Z</time>
			</trkpt>
			<trkpt lat="59.940462052177644" lon="30.265055773734296">
				<ele>3.102136588655412</ele>
				<time>2023-07-25T17:03:39Z</time>
			</trkpt>
			<trkpt lat="59.94048476241079" lon="30.265026432158805">
				<ele>4.538133856840432</ele>
				<time>2023-07-25T17:03:41Z</time>
			</trkpt>
			<trkpt lat="59.94051036445234" lon="30.264996265711225">
				<ele>3.2258826103061438</ele>
				<time>2023-07-25T17:03:43Z</time>
			</trkpt>
			<trkpt lat="59.9405373306874" lon="30.264956610414767">
				<ele>3.2448661914095283</ele>
				<time>2023-07-25T17:03:45Z</time>
			</trkpt>
			<trkpt lat="59.9405597682663" lon="30.264940858124852">
				<ele>3.7025409368798137</ele>
				<time>2023-07-25T17:03:46Z</time>
			</trkpt>
			<trkpt lat="59.940576483490986" lon="30.26490171050535">
				<ele>3.2993850335478783</ele>
				<time>2023-07-25T17:03:48Z</time>
			</trkpt>
			<trkpt lat="59.940629426621925" lon="30.26490552557816">
				<ele>4.596587995067239</ele>
				<time>2023-07-25T17:03:50Z</time>
			</trkpt>
			<trkpt lat="59.9406612185107" lon="30.264894808869673">
				<ele>4.316396296955645</ele>
				<time>2023-07-25T17:03:53Z</time>
			</trkpt>
			<trkpt lat="59.940676304683706" lon="30.2648616317145">
				<ele>4.769428503699601</ele>
				<time>2023-07-25T17:03:55Z</time>
			</trkpt>
			<trkpt lat="59.94069990326411" lon="30.264845523042464">
				<ele>5.279419637285173</ele>
				<time>2023-07-25T17:03:56Z</time>
			</trkpt>
			<trkpt lat="59.9407254065958" lon="30.264814488597672">
				<ele>4.571898013353348</ele>
				<time>2023-07-25T17:03:59Z</time>
			</trkpt>
			<trkpt lat="59.940744152446456" lon="30.264815916620638">
				<ele>2.7008384680375457</ele>
				<time>2023-07-25T17:04:01Z</time>
			</trkpt>
			<trkpt lat="59.940763345222926" lon="30.26477449476671">
				<ele>2.523339453153312</ele>
				<time>2023-07-25T17:04:03Z</time>
			</trkpt>
			<trkpt lat="59.94077514208221" lon="30.264743061202672">
				<ele>3.0778532065451145</ele>
				<time>2023-07-25T17:04:04Z</time>
			</trkpt>
			<trkpt lat="59.94079762453502" lon="30.26469431137117">
				<ele>3.8742928449064493</ele>
				<time>2023-07-25T17:04:06Z</time>
			</trkpt>
			<trkpt lat="59.9408318187123" lon="30.264684034353316">
				<ele>4.124818011187017</ele>
				<time>2023-07-25T17:04:08Z</time>
			</trkpt>
			<trkpt lat="59.94085626449891" lon="30.26464751861358">
				<ele>4.538838247768581</ele>
				<time>2023-07-25T17:04:10Z</time>
			</trkpt>
			<trkpt lat="59.94087444657943" lon="30.264641089830658">
				<ele>5.0325633538886905</ele>
				<time>2023-07-25T17:04:11Z</time>
			</trkpt>
			<trkpt lat="59.94089583953582" lon="30.26460908775232">
				<ele>4.558581855148077</ele>
				<time>2023-07-25T17:04:13Z</time>
			</trkpt>
			<trkpt lat="59.94091560181597" lon="30.264568851868518">
				<ele>2.8079085191711783</ele>
				<time>2023-07-25T17:04:15Z</time>
			</trkpt>
			<trkpt lat="59.94093385346353" lon="30.264567376986616">
				<ele>3.3373852344229817</ele>
				<time>2023-07-25T17:04:16Z</time>
			</trkpt>
			<trkpt lat="59.94095166088299" lon="30.264535489544862">
				<ele>3.3295422177761793</ele>
				<time>2023-07-25T17:04:18Z</time>
			</trkpt>
			<trkpt lat="59.940977479637816" lon="30.264504595666335">
				<ele>4.199614600278437</ele>
				<time>2023-07-25T17:04:20Z</time>
			</trkpt>
			<trkpt lat="59.94100761752979" lon="30.264488915156022">
				<ele>5.361804173327982</ele>
				<time>2023-07-25T17:04:22Z</time>
			</trkpt>
			<trkpt lat="59.94103349991665" lon="30.26447251843937">
				<ele>5.521257923915982</ele>
				<time>2023-07-25T17:04:24Z</time>
			</trkpt>
			<trkpt lat="59.941048420345346" lon="30.264436459639427">
				<ele>5.26510851457715</ele>
				<time>2023-07-25T17:04:26Z</time>
			</trkpt>
			<trkpt lat="59.941076252791575" lon="30.264434992873102">
				<ele>3.166174571029842</ele>
				<time>2023-07-25T17:04:28Z</time>
			</trkpt>
			<trkpt lat="59.94108891990315" lon="30.264378966229373">
				<ele>2.8433440197259188</ele>
				<time>2023-07-25T17:04:30Z</time>
			</trkpt>
			<trkpt lat="59.941106542750774" lon="30.264363336498672">
				<ele>2.8513295175507665</ele>
				<time>2023-07-25T17:04:31Z</time>
			</trkpt>
			<trkpt lat="59.941121292825876" lon="30.264324690909596">
				<ele>2.151120857335627</ele>
				<time>2023-07-25T17:04:33Z</time>
			</trkpt>
			<trkpt lat="59.941139783963756" lon="30.264325679638816">
				<ele>2.983278010971844</ele>
				<time>2023-07-25T17:04:34Z</time>
			</trkpt>
			<trkpt lat="59.941157445301315" lon="30.26428016996825">
				<ele>3.1038430519402027</ele>
				<time>2023-07-25T17:04:36Z</time>
			</trkpt>
			<trkpt lat="59.941191993524036" lon="30.26426967112757">
				<ele>3.983278499916196</ele>
				<time>2023-07-25T17:04:40Z</time>
			</trkpt>
			<trkpt lat="59.941216603129845" lon="30.26423570119642">
				<ele>3.9142622705549</ele>
				<time>2023-07-25T17:04:42Z</time>
			</trkpt>
			<trkpt lat="59.94122413496052" lon="30.26420263008469">
				<ele>4.057361092418432</ele>
				<time>2023-07-25T17:04:43Z</time>
			</trkpt>
			<trkpt lat="59.94124128048025" lon="30.264174078652655">
				<ele>4.724929233081639</ele>
				<time>2023-07-25T17:04:45Z</time>
			</trkpt>
			<trkpt lat="59.941262210492255" lon="30.264124224898527">
				<ele>4.938872216269374</ele>
				<time>2023-07-25T17:04:47Z</time>
			</trkpt>
			<trkpt lat="59.941275097046" lon="30.264098427168076">
				<ele>4.679929306730628</ele>
				<time>2023-07-25T17:04:48Z</time>
			</trkpt>
			<trkpt lat="59.941299629977536" lon="30.264070899602476">
				<ele>4.712080947123468</ele>
				<time>2023-07-25T17:04:50Z</time>
			</trkpt>
			<trkpt lat="59.94131503049948" lon="30.26403937719782">
				<ele>2.6026625307276845</ele>
				<time>2023-07-25T17:04:52Z</time>
			</trkpt>
			<trkpt lat="59.941345932414336" lon="30.264016117875585">
				<ele>6.2150151608511806</ele>
				<time>2023-07-25T17:04:54Z</time>
			</trkpt>
			<trkpt lat="59.94137013637372" lon="30.26398518237798">
				<ele>6.897198070771992</ele>
				<time>2023-07-25T17:04:56Z</time>
			</trkpt>
			<trkpt lat="59.9413914799714" lon="30.26394075664464">
				<ele>5.932721531018615</ele>
				<time>2023-07-25T17:04:58Z</time>
			</trkpt>
			<trkpt lat="59.94141081646329" lon="30.26390209297154">
				<ele>5.543951276689768</ele>
				<time>2023-07-25T17:05:00Z</time>
			</trkpt>
			<trkpt lat="59.94143244813745" lon="30.263887883143823">
				<ele>5.4766334146261215</ele>
				<time>2023-07-25T17:05:02Z</time>
			</trkpt>
			<trkpt lat="59.94146416211236" lon="30.263877113815195">
				<ele>5.398746405728161</ele>
				<time>2023-07-25T17:05:04Z</time>
			</trkpt>
			<trkpt lat="59.941483816347564" lon="30.26384553835435">
				<ele>4.671760651282966</ele>
				<time>2023-07-25T17:05:06Z</time>
			</trkpt>
			<trkpt lat="59.94149004833504" lon="30.26380149336661">
				<ele>3.5213734451681376</ele>
				<time>2023-07-25T17:05:08Z</time>
			</trkpt>
			<trkpt lat="59.94151613338338" lon="30.263746424934048">
				<ele>3.1466082967817783</ele>
				<time>2023-07-25T17:05:10Z</time>
			</trkpt>
			<trkpt lat="59.94154291244306" lon="30.263714277123242">
				<ele>3.775859395042062</ele>
				<time>2023-07-25T17:05:13Z</time>
			</trkpt>
			<trkpt lat="59.94156166887581" lon="30.263695286728694">
				<ele>2.9437181735411286</ele>
				<time>2023-07-25T17:05:15Z</time>
			</trkpt>
			<trkpt lat="59.941576142963946" lon="30.263660561782938">
				<ele>2.936061571352184</ele>
				<time>2023-07-25T17:05:17Z</time>
			</trkpt>
			<trkpt lat="59.941602635593675" lon="30.263650352847748">
				<ele>0.7422025641426444</ele>
				<time>2023-07-25T17:05:19Z</time>
			</trkpt>
			<trkpt lat="59.941627979619206" lon="30.26364125324845">
				<ele>0.22984683606773615</ele>
				<time>2023-07-25T17:05:21Z</time>
			</trkpt>
			<trkpt lat="59.941651629407396" lon="30.26361120894812">
				<ele>1.731281979009509</ele>
				<time>2023-07-25T17:05:23Z</time>
			</trkpt>
			<trkpt lat="59.94166882272696" lon="30.26359814009623">
				<ele>1.3687439747154713</ele>
				<time>2023-07-25T17:05:25Z</time>
			</trkpt>
			<trkpt lat="59.94169176419872" lon="30.263574902318094">
				<ele>1.4031162867322564</ele>
				<time>2023-07-25T17:05:27Z</time>
			</trkpt>
			<trkpt lat="59.94171485198596" lon="30.2635432307675">
				<ele>0.9586549466475844</ele>
				<time>2023-07-25T17:05:30Z</time>
			</trkpt>
			<trkpt lat="59.94173326242652" lon="30.263511619354052">
				<ele>3.7374950954690576</ele>
				<time>2023-07-25T17:05:31Z</time>
			</trkpt>
			<trkpt lat="59.94174591620715" lon="30.263478900736043">
				<ele>4.081884326413274</ele>
				<time>2023-07-25T17:05:33Z</time>
			</trkpt>
			<trkpt lat="59.941768366602936" lon="30.263441158823593">
				<ele>5.297599238343537</ele>
				<time>2023-07-25T17:05:35Z</time>
			</trkpt>
			<trkpt lat="59.941780100822946" lon="30.263380670077268">
				<ele>5.589105398394167</ele>
				<time>2023-07-25T17:05:37Z</time>
			</trkpt>
			<trkpt lat="59.94178149217724" lon="30.26333585656959">
				<ele>7.192030283622444</ele>
				<time>2023-07-25T17:05:38Z</time>
			</trkpt>
			<trkpt lat="59.94180194882412" lon="30.263304442647883">
				<ele>7.381898630410433</ele>
				<time>2023-07-25T17:05:40Z</time>
			</trkpt>
			<trkpt lat="59.941821480384476" lon="30.263257418051744">
				<ele>8.36390732228756</ele>
				<time>2023-07-25T17:05:42Z</time>
			</trkpt>
			<trkpt lat="59.94183614933999" lon="30.263220603674892">
				<ele>9.071982746012509</ele>
				<time>2023-07-25T17:05:44Z</time>
			</trkpt>
			<trkpt lat="59.941854306638106" lon="30.26318860329221">
				<ele>9.65288149844855</ele>
				<time>2023-07-25T17:05:46Z</time>
			</trkpt>
			<trkpt lat="59.94187894356355" lon="30.26314095348758">
				<ele>10.868597144261003</ele>
				<time>2023-07-25T17:05:49Z</time>
			</trkpt>
			<trkpt lat="59.941900296989616" lon="30.263123669393064">
				<ele>9.728799674659967</ele>
				<time>2023-07-25T17:05:51Z</time>
			</trkpt>
			<trkpt lat="59.94191929588845" lon="30.263103808688175">
				<ele>9.977070054970682</ele>
				<time>2023-07-25T17:05:53Z</time>
			</trkpt>
			<trkpt lat="59.941939415738716" lon="30.263090189782087">
				<ele>11.330144881270826</ele>
				<time>2023-07-25T17:05:55Z</time>
			</trkpt>
			<trkpt lat="59.94196603598337" lon="30.26306991240649">
				<ele>12.142851772718132</ele>
				<time>2023-07-25T17:05:58Z</time>
			</trkpt>
			<trkpt lat="59.9419893485892" lon="30.263053580667517">
				<ele>10.949469026178122</ele>
				<time>2023-07-25T17:06:00Z</time>
			</trkpt>
			<trkpt lat="59.942041001816456" lon="30.263077498235536">
				<ele>9.68800684157759</ele>
				<time>2023-07-25T17:06:02Z</time>
			</trkpt>
			<trkpt lat="59.94206523996623" lon="30.263082818341953">
				<ele>8.298501996323466</ele>
				<time>2023-07-25T17:06:03Z</time>
			</trkpt>
			<trkpt lat="59.94208734254298" lon="30.263041619968302">
				<ele>6.701790742576122</ele>
				<time>2023-07-25T17:06:05Z</time>
			</trkpt>
			<trkpt lat="59.94210457259057" lon="30.263020397383407">
				<ele>5.313265196979046</ele>
				<time>2023-07-25T17:06:06Z</time>
			</trkpt>
			<trkpt lat="59.942128709372156" lon="30.26299515204588">
				<ele>6.690495057031512</ele>
				<time>2023-07-25T17:06:09Z</time>
			</trkpt>
			<trkpt lat="59.94215037824815" lon="30.26296347049988">
				<ele>5.587633749470115</ele>
				<time>2023-07-25T17:06:11Z</time>
			</trkpt>
			<trkpt lat="59.94217588310922" lon="30.26293629356674">
				<ele>5.166188663803041</ele>
				<time>2023-07-25T17:06:13Z</time>
			</trkpt>
			<trkpt lat="59.94219516918258" lon="30.262925692946272">
				<ele>5.749584391713142</ele>
				<time>2023-07-25T17:06:15Z</time>
			</trkpt>
			<trkpt lat="59.94222555321378" lon="30.262907739778292">
				<ele>5.636899513192475</ele>
				<time>2023-07-25T17:06:17Z</time>
			</trkpt>
			<trkpt lat="59.94225212105807" lon="30.262886162052652">
				<ele>3.912666236050427</ele>
				<time>2023-07-25T17:06:19Z</time>
			</trkpt>
			<trkpt lat="59.942270456305536" lon="30.262848527666595">
				<ele>3.2021155497059226</ele>
				<time>2023-07-25T17:06:21Z</time>
			</trkpt>
			<trkpt lat="59.94229207244798" lon="30.262834587601255">
				<ele>2.9560501081869006</ele>
				<time>2023-07-25T17:06:23Z</time>
			</trkpt>
			<trkpt lat="59.94231277363665" lon="30.26280654032488">
				<ele>3.0154223516583443</ele>
				<time>2023-07-25T17:06:25Z</time>
			</trkpt>
			<trkpt lat="59.942335117224516" lon="30.262764980082583">
				<ele>3.9730377830564976</ele>
				<time>2023-07-25T17:06:28Z</time>
			</trkpt>
			<trkpt lat="59.9423623888123" lon="30.262755991679352">
				<ele>4.693552395328879</ele>
				<time>2023-07-25T17:06:30Z</time>
			</trkpt>
			<trkpt lat="59.9423848663927" lon="30.262745979157387">
				<ele>4.865005321800709</ele>
				<time>2023-07-25T17:06:32Z</time>
			</trkpt>
			<trkpt lat="59.942397896608796" lon="30.26271294049261">
				<ele>4.492248114198446</ele>
				<time>2023-07-25T17:06:34Z</time>
			</trkpt>
			<trkpt lat="59.94242515285335" lon="30.262683217819255">
				<ele>2.602369625121355</ele>
				<time>2023-07-25T17:06:37Z</time>
			</trkpt>
			<trkpt lat="59.94244843379393" lon="30.262658331740486">
				<ele>1.8849338134750724</ele>
				<time>2023-07-25T17:06:39Z</time>
			</trkpt>
			<trkpt lat="59.94246734954765" lon="30.262660770617845">
				<ele>1.3710978524759412</ele>
				<time>2023-07-25T17:06:40Z</time>
			</trkpt>
			<trkpt lat="59.94249664300672" lon="30.262632691818435">
				<ele>1.696019683033228</ele>
				<time>2023-07-25T17:06:42Z</time>
			</trkpt>
			<trkpt lat="59.94251114540841" lon="30.262610015378556">
				<ele>1.4335517957806587</ele>
				<time>2023-07-25T17:06:43Z</time>
			</trkpt>
			<trkpt lat="59.94253796730682" lon="30.262574720155904">
				<ele>2.11481046769768</ele>
				<time>2023-07-25T17:06:45Z</time>
			</trkpt>
			<trkpt lat="59.942555961161695" lon="30.26253620401352">
				<ele>3.176051212474704</ele>
				<time>2023-07-25T17:06:47Z</time>
			</trkpt>
			<trkpt lat="59.94258008769504" lon="30.26249417621383">
				<ele>1.8364433273673058</ele>
				<time>2023-07-25T17:06:49Z</time>
			</trkpt>
			<trkpt lat="59.94260524983689" lon="30.26246991661281">
				<ele>-0.1584371542558074</ele>
				<time>2023-07-25T17:06:51Z</time>
			</trkpt>
			<trkpt lat="59.94261765312459" lon="30.262418887971943">
				<ele>0.2774809505790472</ele>
				<time>2023-07-25T17:06:53Z</time>
			</trkpt>
			<trkpt lat="59.942641879645635" lon="30.262397016725245">
				<ele>-0.6686780629679561</ele>
				<time>2023-07-25T17:06:55Z</time>
			</trkpt>
			<trkpt lat="59.942664653848205" lon="30.262374807726445">
				<ele>-0.3040659325197339</ele>
				<time>2023-07-25T17:06:57Z</time>
			</trkpt>
			<trkpt lat="59.94269579040111" lon="30.262389637778735">
				<ele>1.7677230266854167</ele>
				<time>2023-07-25T17:06:59Z</time>
			</trkpt>
			<trkpt lat="59.94271266808767" lon="30.26237610059497">
				<ele>1.2581921694800258</ele>
				<time>2023-07-25T17:07:01Z</time>
			</trkpt>
			<trkpt lat="59.942731737029206" lon="30.26233746981158">
				<ele>1.4397210655733943</ele>
				<time>2023-07-25T17:07:03Z</time>
			</trkpt>
			<trkpt lat="59.94274754315605" lon="30.262308093690557">
				<ele>1.357594751752913</ele>
				<time>2023-07-25T17:07:05Z</time>
			</trkpt>
			<trkpt lat="59.94276064234901" lon="30.262283512098954">
				<ele>1.6158525636419654</ele>
				<time>2023-07-25T17:07:07Z</time>
			</trkpt>
			<trkpt lat="59.942781109207836" lon="30.26224052567862">
				<ele>1.1710055386647582</ele>
				<time>2023-07-25T17:07:09Z</time>
			</trkpt>
			<trkpt lat="59.94280307938418" lon="30.26220117612168">
				<ele>1.9725974956527352</ele>
				<time>2023-07-25T17:07:11Z</time>
			</trkpt>
			<trkpt lat="59.94282645717727" lon="30.2621732048982">
				<ele>0.9853899022564292</ele>
				<time>2023-07-25T17:07:13Z</time>
			</trkpt>
			<trkpt lat="59.94284307374643" lon="30.2621584304481">
				<ele>1.5325146038085222</ele>
				<time>2023-07-25T17:07:14Z</time>
			</trkpt>
			<trkpt lat="59.94286291211499" lon="30.26216427298077">
				<ele>0.24710179772228003</ele>
				<time>2023-07-25T17:07:15Z</time>
			</trkpt>
			<trkpt lat="59.942884979535314" lon="30.262162153165043">
				<ele>-1.013534115627408</ele>
				<time>2023-07-25T17:07:16Z</time>
			</trkpt>
			<trkpt lat="59.94290595030475" lon="30.2621446933011">
				<ele>-0.7584763811901212</ele>
				<time>2023-07-25T17:07:18Z</time>
			</trkpt>
			<trkpt lat="59.94293426787919" lon="30.26213537583686">
				<ele>-0.8663634322583675</ele>
				<time>2023-07-25T17:07:20Z</time>
			</trkpt>
			<trkpt lat="59.942951633119385" lon="30.262121617817108">
				<ele>-0.834642400033772</ele>
				<time>2023-07-25T17:07:22Z</time>
			</trkpt>
			<trkpt lat="59.94298118185409" lon="30.26211738865811">
				<ele>0.56755331158638</ele>
				<time>2023-07-25T17:07:24Z</time>
			</trkpt>
			<trkpt lat="59.94299257118159" lon="30.262070216138262">
				<ele>0.40993532352149487</ele>
				<time>2023-07-25T17:07:25Z</time>
			</trkpt>
			<trkpt lat="59.943014504737626" lon="30.262047556591334">
				<ele>-0.29141300544142723</ele>
				<time>2023-07-25T17:07:28Z</time>
			</trkpt>
			<trkpt lat="59.943036853991636" lon="30.262023253654018">
				<ele>0.8922928282991052</ele>
				<time>2023-07-25T17:07:30Z</time>
			</trkpt>
			<trkpt lat="59.94305383117125" lon="30.2620015680995">
				<ele>-1.3193858321756124</ele>
				<time>2023-07-25T17:07:32Z</time>
			</trkpt>
			<trkpt lat="59.943040918122115" lon="30.261841774214588">
				<ele>-0.7278457963839173</ele>
				<time>2023-07-25T17:07:33Z</time>
			</trkpt>
			<trkpt lat="59.943036411134585" lon="30.26175790579693">
				<ele>0.05354290921241045</ele>
				<time>2023-07-25T17:07:34Z</time>
			</trkpt>
			<trkpt lat="59.94304508675681" lon="30.261707253691295">
				<ele>1.2690898487344384</ele>
				<time>2023-07-25T17:07:35Z</time>
			</trkpt>
			<trkpt lat="59.94307110549998" lon="30.26167931253363">
				<ele>4.0173124792054296</ele>
				<time>2023-07-25T17:07:37Z</time>
			</trkpt>
			<trkpt lat="59.943094735295944" lon="30.261686749552062">
				<ele>5.005740134976804</ele>
				<time>2023-07-25T17:07:38Z</time>
			</trkpt>
			<trkpt lat="59.94313298900723" lon="30.261668293799495">
				<ele>6.403782587498426</ele>
				<time>2023-07-25T17:07:40Z</time>
			</trkpt>
			<trkpt lat="59.9431680362135" lon="30.261653883629574">
				<ele>6.916312897577882</ele>
				<time>2023-07-25T17:07:42Z</time>
			</trkpt>
			<trkpt lat="59.943197448198504" lon="30.26163980117447">
				<ele>6.292761210352182</ele>
				<time>2023-07-25T17:07:45Z</time>
			</trkpt>
			<trkpt lat="59.94319739147141" lon="30.261587482964345">
				<ele>6.693999628536403</ele>
				<time>2023-07-25T17:07:47Z</time>
			</trkpt>
			<trkpt lat="59.943217460475154" lon="30.26156978985214">
				<ele>10.942187684588134</ele>
				<time>2023-07-25T17:07:48Z</time>
			</trkpt>
			<trkpt lat="59.94321948801929" lon="30.261503252184852">
				<ele>10.720360956154764</ele>
				<time>2023-07-25T17:07:50Z</time>
			</trkpt>
			<trkpt lat="59.94320828032263" lon="30.261471411540988">
				<ele>12.217962697148323</ele>
				<time>2023-07-25T17:08:05Z</time>
			</trkpt>
			<trkpt lat="59.94321324501703" lon="30.261434507666298">
				<ele>14.468789014033973</ele>
				<time>2023-07-25T17:08:08Z</time>
			</trkpt>
			<trkpt lat="59.9432005812742" lon="30.261337557351727">
				<ele>19.20471976324916</ele>
				<time>2023-07-25T17:08:18Z</time>
			</trkpt>
		</trkseg>
	</trk>
</gpx>
