<?xml version="1.0" encoding="UTF-8"?>
<gpx xmlns:xsi="http://www.w3.org/2001/XMLSchema-instance" xmlns="http://www.topografix.com/GPX/1/1" xsi:schemaLocation="http://www.topografix.com/GPX/1/1 http://www.topografix.com/GPX/1/1/gpx.xsd" version="1.1" creator="Open GPX Tracker for iOS">
	<trk>
		<trkseg>
			<trkpt lat="59.93825004441658" lon="30.242118453635126">
				<ele>-5.0335693359375</ele>
				<time>2022-08-27T15:25:15Z</time>
			</trkpt>
			<trkpt lat="59.93823323870072" lon="30.242056427551656">
				<ele>5.37921142578125</ele>
				<time>2022-08-27T15:25:16Z</time>
			</trkpt>
			<trkpt lat="59.93821701971808" lon="30.241909660427122">
				<ele>14.39208984375</ele>
				<time>2022-08-27T15:25:17Z</time>
			</trkpt>
			<trkpt lat="59.938199375811905" lon="30.24188602346018">
				<ele>12.83740234375</ele>
				<time>2022-08-27T15:25:18Z</time>
			</trkpt>
			<trkpt lat="59.9382453505508" lon="30.24173556829825">
				<ele>9.83673095703125</ele>
				<time>2022-08-27T15:25:19Z</time>
			</trkpt>
			<trkpt lat="59.93821827700356" lon="30.241889124764352">
				<ele>7.21002197265625</ele>
				<time>2022-08-27T15:25:20Z</time>
			</trkpt>
			<trkpt lat="59.9382178579084" lon="30.241840761183052">
				<ele>9.5765380859375</ele>
				<time>2022-08-27T15:25:21Z</time>
			</trkpt>
			<trkpt lat="59.93821295449504" lon="30.241732466994076">
				<ele>11.33258056640625</ele>
				<time>2022-08-27T15:25:22Z</time>
			</trkpt>
			<trkpt lat="59.93823311297217" lon="30.24160506206587">
				<ele>12.47265625</ele>
				<time>2022-08-27T15:25:23Z</time>
			</trkpt>
			<trkpt lat="59.938229215387196" lon="30.24164906705752">
				<ele>9.51629638671875</ele>
				<time>2022-08-27T15:25:25Z</time>
			</trkpt>
			<trkpt lat="59.938211221769336" lon="30.241604500380475">
				<ele>6.524254320189357</ele>
				<time>2022-08-27T15:25:27Z</time>
			</trkpt>
			<trkpt lat="59.93814937611688" lon="30.241575161039947">
				<ele>6.000801546499133</ele>
				<time>2022-08-27T15:25:28Z</time>
			</trkpt>
			<trkpt lat="59.93821297909491" lon="30.241604216737592">
				<ele>9.389187318272889</ele>
				<time>2022-08-27T15:25:29Z</time>
			</trkpt>
			<trkpt lat="59.93827711670122" lon="30.241604126108925">
				<ele>6.494780043140054</ele>
				<time>2022-08-27T15:25:30Z</time>
			</trkpt>
			<trkpt lat="59.93836154810996" lon="30.24145622171461">
				<ele>6.641281368210912</ele>
				<time>2022-08-27T15:25:31Z</time>
			</trkpt>
			<trkpt lat="59.93831994012252" lon="30.241470900797893">
				<ele>11.500685263425112</ele>
				<time>2022-08-27T15:25:33Z</time>
			</trkpt>
			<trkpt lat="59.93882820269086" lon="30.24111618619598">
				<ele>-13.851842689327896</ele>
				<time>2022-08-27T15:25:34Z</time>
			</trkpt>
			<trkpt lat="59.938421005314304" lon="30.24124668532836">
				<ele>-0.0799386901780963</ele>
				<time>2022-08-27T15:25:35Z</time>
			</trkpt>
			<trkpt lat="59.93840567979574" lon="30.24122475690317">
				<ele>3.414730340242386</ele>
				<time>2022-08-27T15:25:36Z</time>
			</trkpt>
			<trkpt lat="59.938399400336536" lon="30.241187212942073">
				<ele>0.579565186984837</ele>
				<time>2022-08-27T15:25:39Z</time>
			</trkpt>
			<trkpt lat="59.9383746268843" lon="30.241153923712815">
				<ele>1.3542443746700883</ele>
				<time>2022-08-27T15:25:41Z</time>
			</trkpt>
			<trkpt lat="59.938381166941916" lon="30.241100904471924">
				<ele>-3.2084482396021485</ele>
				<time>2022-08-27T15:25:43Z</time>
			</trkpt>
			<trkpt lat="59.938382019529676" lon="30.241064296694166">
				<ele>-4.199857457540929</ele>
				<time>2022-08-27T15:25:44Z</time>
			</trkpt>
			<trkpt lat="59.93838280591312" lon="30.24101952727303">
				<ele>-2.6656988002359867</ele>
				<time>2022-08-27T15:25:46Z</time>
			</trkpt>
			<trkpt lat="59.938394074257054" lon="30.24098738352211">
				<ele>-0.5785638680681586</ele>
				<time>2022-08-27T15:25:47Z</time>
			</trkpt>
			<trkpt lat="59.93835533055713" lon="30.240983192930145">
				<ele>0.401073613204062</ele>
				<time>2022-08-27T15:25:48Z</time>
			</trkpt>
			<trkpt lat="59.93833045626346" lon="30.24095505986198">
				<ele>0.9862974658608437</ele>
				<time>2022-08-27T15:25:49Z</time>
			</trkpt>
			<trkpt lat="59.93830971747672" lon="30.240918507619064">
				<ele>2.669650763273239</ele>
				<time>2022-08-27T15:25:51Z</time>
			</trkpt>
			<trkpt lat="59.93829438076167" lon="30.240880866528926">
				<ele>3.254109961912036</ele>
				<time>2022-08-27T15:25:53Z</time>
			</trkpt>
			<trkpt lat="59.93828263470721" lon="30.24082812929995">
				<ele>3.5011306814849377</ele>
				<time>2022-08-27T15:25:55Z</time>
			</trkpt>
			<trkpt lat="59.93826274730033" lon="30.240773872417606">
				<ele>3.2722477428615093</ele>
				<time>2022-08-27T15:25:57Z</time>
			</trkpt>
			<trkpt lat="59.93827578899624" lon="30.240737857508588">
				<ele>0.7871379824355245</ele>
				<time>2022-08-27T15:25:59Z</time>
			</trkpt>
			<trkpt lat="59.938260803819894" lon="30.2406947884587">
				<ele>1.685685153119266</ele>
				<time>2022-08-27T15:26:01Z</time>
			</trkpt>
			<trkpt lat="59.938253245476304" lon="30.240658602827413">
				<ele>1.3053044248372316</ele>
				<time>2022-08-27T15:26:03Z</time>
			</trkpt>
			<trkpt lat="59.93824709554657" lon="30.240619822204906">
				<ele>1.0325421132147312</ele>
				<time>2022-08-27T15:26:05Z</time>
			</trkpt>
			<trkpt lat="59.93824726567027" lon="30.240574768271063">
				<ele>0.3438101867213845</ele>
				<time>2022-08-27T15:26:07Z</time>
			</trkpt>
			<trkpt lat="59.938245265292146" lon="30.24052297290998">
				<ele>1.5281533831730485</ele>
				<time>2022-08-27T15:26:10Z</time>
			</trkpt>
			<trkpt lat="59.93824508817028" lon="30.240430679905874">
				<ele>2.825016570277512</ele>
				<time>2022-08-27T15:26:12Z</time>
			</trkpt>
			<trkpt lat="59.93823670018584" lon="30.240384378446684">
				<ele>1.0364960422739387</ele>
				<time>2022-08-27T15:26:15Z</time>
			</trkpt>
			<trkpt lat="59.9382396896381" lon="30.240344666299197">
				<ele>1.2382556879892945</ele>
				<time>2022-08-27T15:26:16Z</time>
			</trkpt>
			<trkpt lat="59.93822677799554" lon="30.240314711715566">
				<ele>1.2152028940618038</ele>
				<time>2022-08-27T15:26:18Z</time>
			</trkpt>
			<trkpt lat="59.93822592664844" lon="30.24024237911209">
				<ele>2.8150851940736175</ele>
				<time>2022-08-27T15:26:20Z</time>
			</trkpt>
			<trkpt lat="59.938233122628574" lon="30.240196165188127">
				<ele>2.7337196664884686</ele>
				<time>2022-08-27T15:26:22Z</time>
			</trkpt>
			<trkpt lat="59.93823368925529" lon="30.24014873299847">
				<ele>-0.324326254427433</ele>
				<time>2022-08-27T15:26:24Z</time>
			</trkpt>
			<trkpt lat="59.93822705446333" lon="30.240108038256402">
				<ele>-0.36595606431365013</ele>
				<time>2022-08-27T15:26:26Z</time>
			</trkpt>
			<trkpt lat="59.938213369501966" lon="30.24007472051116">
				<ele>-0.8714156877249479</ele>
				<time>2022-08-27T15:26:28Z</time>
			</trkpt>
			<trkpt lat="59.93821075713558" lon="30.24002659595718">
				<ele>2.264325249940157</ele>
				<time>2022-08-27T15:26:30Z</time>
			</trkpt>
			<trkpt lat="59.93820338322" lon="30.239976808090482">
				<ele>2.1954054590314627</ele>
				<time>2022-08-27T15:26:32Z</time>
			</trkpt>
			<trkpt lat="59.93820168965327" lon="30.23991284375436">
				<ele>1.3037308044731617</ele>
				<time>2022-08-27T15:26:34Z</time>
			</trkpt>
			<trkpt lat="59.938203249692265" lon="30.2398661493219">
				<ele>2.1184079851955175</ele>
				<time>2022-08-27T15:26:36Z</time>
			</trkpt>
			<trkpt lat="59.9382026541577" lon="30.23982702229953">
				<ele>4.538256311789155</ele>
				<time>2022-08-27T15:26:39Z</time>
			</trkpt>
			<trkpt lat="59.9382050690716" lon="30.239785084955386">
				<ele>3.058182168751955</ele>
				<time>2022-08-27T15:26:41Z</time>
			</trkpt>
			<trkpt lat="59.93819004596435" lon="30.23972915625872">
				<ele>0.0648337323218584</ele>
				<time>2022-08-27T15:26:44Z</time>
			</trkpt>
			<trkpt lat="59.93818070823381" lon="30.239688519112885">
				<ele>1.571026023477316</ele>
				<time>2022-08-27T15:26:45Z</time>
			</trkpt>
			<trkpt lat="59.938153845931794" lon="30.239657778173967">
				<ele>2.450628586113453</ele>
				<time>2022-08-27T15:26:46Z</time>
			</trkpt>
			<trkpt lat="59.938127343626576" lon="30.239633797702197">
				<ele>2.8177515100687742</ele>
				<time>2022-08-27T15:26:48Z</time>
			</trkpt>
			<trkpt lat="59.938109344792764" lon="30.239610140298762">
				<ele>2.622594630345702</ele>
				<time>2022-08-27T15:26:49Z</time>
			</trkpt>
			<trkpt lat="59.93809432129038" lon="30.239589094415237">
				<ele>1.6501282881945372</ele>
				<time>2022-08-27T15:26:50Z</time>
			</trkpt>
			<trkpt lat="59.938075209839816" lon="30.23956418781411">
				<ele>1.3559854924678802</ele>
				<time>2022-08-27T15:26:52Z</time>
			</trkpt>
			<trkpt lat="59.93805286278615" lon="30.239519649682023">
				<ele>3.0435364693403244</ele>
				<time>2022-08-27T15:26:54Z</time>
			</trkpt>
			<trkpt lat="59.938047322348645" lon="30.23947722118702">
				<ele>2.671888453885913</ele>
				<time>2022-08-27T15:26:56Z</time>
			</trkpt>
			<trkpt lat="59.93804022047997" lon="30.23941950308478">
				<ele>2.9498712150380015</ele>
				<time>2022-08-27T15:26:58Z</time>
			</trkpt>
			<trkpt lat="59.93803314606024" lon="30.239384665581888">
				<ele>2.6070040725171566</ele>
				<time>2022-08-27T15:26:59Z</time>
			</trkpt>
			<trkpt lat="59.93802289160475" lon="30.23933781685834">
				<ele>3.221517794765532</ele>
				<time>2022-08-27T15:27:01Z</time>
			</trkpt>
			<trkpt lat="59.938017528242014" lon="30.239293095797613">
				<ele>2.5923782056197524</ele>
				<time>2022-08-27T15:27:03Z</time>
			</trkpt>
			<trkpt lat="59.938017975783204" lon="30.239244053559247">
				<ele>1.6076617604121566</ele>
				<time>2022-08-27T15:27:05Z</time>
			</trkpt>
			<trkpt lat="59.938013585993836" lon="30.239199493169554">
				<ele>1.3602536031976342</ele>
				<time>2022-08-27T15:27:07Z</time>
			</trkpt>
			<trkpt lat="59.938018511778154" lon="30.23915981628604">
				<ele>1.8492290377616882</ele>
				<time>2022-08-27T15:27:09Z</time>
			</trkpt>
			<trkpt lat="59.93802693640311" lon="30.239099196993408">
				<ele>1.4193835044279695</ele>
				<time>2022-08-27T15:27:11Z</time>
			</trkpt>
			<trkpt lat="59.93802364918623" lon="30.239028943557887">
				<ele>2.5877810111269355</ele>
				<time>2022-08-27T15:27:13Z</time>
			</trkpt>
			<trkpt lat="59.9380183413257" lon="30.238994511351713">
				<ele>3.576002337038517</ele>
				<time>2022-08-27T15:27:15Z</time>
			</trkpt>
			<trkpt lat="59.93801727660108" lon="30.23895089810468">
				<ele>3.9000702099874616</ele>
				<time>2022-08-27T15:27:17Z</time>
			</trkpt>
			<trkpt lat="59.938031194589925" lon="30.238912895549113">
				<ele>0.15911991521716118</ele>
				<time>2022-08-27T15:27:19Z</time>
			</trkpt>
			<trkpt lat="59.93803361515987" lon="30.238832458897722">
				<ele>-0.9721969338133931</ele>
				<time>2022-08-27T15:27:22Z</time>
			</trkpt>
			<trkpt lat="59.93803182640169" lon="30.23877667322763">
				<ele>-0.7289156652987003</ele>
				<time>2022-08-27T15:27:24Z</time>
			</trkpt>
			<trkpt lat="59.938029932899234" lon="30.23873806876332">
				<ele>0.3389347027987242</ele>
				<time>2022-08-27T15:27:26Z</time>
			</trkpt>
			<trkpt lat="59.93802136296895" lon="30.238686870232602">
				<ele>0.4097979152575135</ele>
				<time>2022-08-27T15:27:27Z</time>
			</trkpt>
			<trkpt lat="59.93800488238585" lon="30.238649422655723">
				<ele>1.6161289662122726</ele>
				<time>2022-08-27T15:27:28Z</time>
			</trkpt>
			<trkpt lat="59.93798770970933" lon="30.238614779324276">
				<ele>2.4019430922344327</ele>
				<time>2022-08-27T15:27:30Z</time>
			</trkpt>
			<trkpt lat="59.937977673218874" lon="30.238571604440214">
				<ele>3.335645327344537</ele>
				<time>2022-08-27T15:27:32Z</time>
			</trkpt>
			<trkpt lat="59.93796019545819" lon="30.238533125989402">
				<ele>3.751412662677467</ele>
				<time>2022-08-27T15:27:34Z</time>
			</trkpt>
			<trkpt lat="59.9379081533338" lon="30.238511411582635">
				<ele>5.120234111323953</ele>
				<time>2022-08-27T15:27:36Z</time>
			</trkpt>
			<trkpt lat="59.937896666280764" lon="30.23847598349591">
				<ele>5.265748533420265</ele>
				<time>2022-08-27T15:27:38Z</time>
			</trkpt>
			<trkpt lat="59.937918896465355" lon="30.238407541630078">
				<ele>3.6333822486922145</ele>
				<time>2022-08-27T15:27:40Z</time>
			</trkpt>
			<trkpt lat="59.9379253034288" lon="30.238366257395175">
				<ele>3.5637133046984673</ele>
				<time>2022-08-27T15:27:41Z</time>
			</trkpt>
			<trkpt lat="59.937926387729114" lon="30.238305481399234">
				<ele>2.9962563011795282</ele>
				<time>2022-08-27T15:27:43Z</time>
			</trkpt>
			<trkpt lat="59.937912052472775" lon="30.238265709243947">
				<ele>3.618612367659807</ele>
				<time>2022-08-27T15:27:45Z</time>
			</trkpt>
			<trkpt lat="59.937902944090254" lon="30.238220783158514">
				<ele>5.289704866707325</ele>
				<time>2022-08-27T15:27:47Z</time>
			</trkpt>
			<trkpt lat="59.93789921175137" lon="30.238173875555603">
				<ele>4.511145771481097</ele>
				<time>2022-08-27T15:27:49Z</time>
			</trkpt>
			<trkpt lat="59.937904438277705" lon="30.238129758366448">
				<ele>2.847887304611504</ele>
				<time>2022-08-27T15:27:51Z</time>
			</trkpt>
			<trkpt lat="59.93790453768622" lon="30.238090011115446">
				<ele>2.100442824885249</ele>
				<time>2022-08-27T15:27:53Z</time>
			</trkpt>
			<trkpt lat="59.937920821422274" lon="30.23803159602572">
				<ele>1.2989949034526944</ele>
				<time>2022-08-27T15:27:55Z</time>
			</trkpt>
			<trkpt lat="59.937922607699704" lon="30.237994580172387">
				<ele>0.8892398728057742</ele>
				<time>2022-08-27T15:27:56Z</time>
			</trkpt>
			<trkpt lat="59.93791554274227" lon="30.237959272564964">
				<ele>0.2168439608067274</ele>
				<time>2022-08-27T15:27:57Z</time>
			</trkpt>
			<trkpt lat="59.93791037935909" lon="30.23791563246716">
				<ele>0.3094753762707114</ele>
				<time>2022-08-27T15:27:59Z</time>
			</trkpt>
			<trkpt lat="59.937935345897934" lon="30.237836165304877">
				<ele>0.922977190464735</ele>
				<time>2022-08-27T15:28:01Z</time>
			</trkpt>
			<trkpt lat="59.93796221409145" lon="30.237833720878307">
				<ele>0.7355564385652542</ele>
				<time>2022-08-27T15:28:03Z</time>
			</trkpt>
			<trkpt lat="59.937947892814684" lon="30.23778517324756">
				<ele>0.8353881556540728</ele>
				<time>2022-08-27T15:28:06Z</time>
			</trkpt>
			<trkpt lat="59.937944322943366" lon="30.237726965637634">
				<ele>0.2180011412128806</ele>
				<time>2022-08-27T15:28:08Z</time>
			</trkpt>
			<trkpt lat="59.937948753949065" lon="30.2376744548728">
				<ele>0.09642824158072472</ele>
				<time>2022-08-27T15:28:10Z</time>
			</trkpt>
			<trkpt lat="59.937945288470424" lon="30.237614417293166">
				<ele>1.1588573809713125</ele>
				<time>2022-08-27T15:28:12Z</time>
			</trkpt>
			<trkpt lat="59.937934558253154" lon="30.23755145980405">
				<ele>1.1517149163410068</ele>
				<time>2022-08-27T15:28:14Z</time>
			</trkpt>
			<trkpt lat="59.93792471369989" lon="30.23750140984694">
				<ele>1.1630063094198704</ele>
				<time>2022-08-27T15:28:16Z</time>
			</trkpt>
			<trkpt lat="59.93791811773894" lon="30.23746298920844">
				<ele>1.8996257055550814</ele>
				<time>2022-08-27T15:28:18Z</time>
			</trkpt>
			<trkpt lat="59.93792236257696" lon="30.237426654885834">
				<ele>1.6719675501808524</ele>
				<time>2022-08-27T15:28:20Z</time>
			</trkpt>
			<trkpt lat="59.93793639269769" lon="30.237385960905833">
				<ele>1.4831467177718878</ele>
				<time>2022-08-27T15:28:21Z</time>
			</trkpt>
			<trkpt lat="59.937935737654854" lon="30.237338190903557">
				<ele>1.1012212485074997</ele>
				<time>2022-08-27T15:28:23Z</time>
			</trkpt>
			<trkpt lat="59.937928200551745" lon="30.237294374296734">
				<ele>2.595106804743409</ele>
				<time>2022-08-27T15:28:25Z</time>
			</trkpt>
			<trkpt lat="59.937951644404286" lon="30.23723724984008">
				<ele>0.6549693085253239</ele>
				<time>2022-08-27T15:28:27Z</time>
			</trkpt>
			<trkpt lat="59.937947836488384" lon="30.237198190916914">
				<ele>-0.7865114556625485</ele>
				<time>2022-08-27T15:28:29Z</time>
			</trkpt>
			<trkpt lat="59.937953266927906" lon="30.23715034048068">
				<ele>-0.10193736664950848</ele>
				<time>2022-08-27T15:28:32Z</time>
			</trkpt>
			<trkpt lat="59.93794258872037" lon="30.237111490957503">
				<ele>0.4349569920450449</ele>
				<time>2022-08-27T15:28:34Z</time>
			</trkpt>
			<trkpt lat="59.93794152482473" lon="30.237062901952555">
				<ele>-1.1442001573741436</ele>
				<time>2022-08-27T15:28:36Z</time>
			</trkpt>
			<trkpt lat="59.93793089842233" lon="30.236999854954096">
				<ele>0.9497138960286975</ele>
				<time>2022-08-27T15:28:38Z</time>
			</trkpt>
			<trkpt lat="59.93792803643849" lon="30.236955744066922">
				<ele>0.338949590921402</ele>
				<time>2022-08-27T15:28:40Z</time>
			</trkpt>
			<trkpt lat="59.937915629620875" lon="30.23691796859834">
				<ele>0.10843774024397135</ele>
				<time>2022-08-27T15:28:42Z</time>
			</trkpt>
			<trkpt lat="59.937902105273636" lon="30.23686729544624">
				<ele>1.0500669637694955</ele>
				<time>2022-08-27T15:28:44Z</time>
			</trkpt>
			<trkpt lat="59.937900957662194" lon="30.236814552410046">
				<ele>2.209819315932691</ele>
				<time>2022-08-27T15:28:46Z</time>
			</trkpt>
			<trkpt lat="59.937903014986965" lon="30.236759227185193">
				<ele>1.8960139360278845</ele>
				<time>2022-08-27T15:28:48Z</time>
			</trkpt>
			<trkpt lat="59.93788970900371" lon="30.236708853398145">
				<ele>1.7319197924807668</ele>
				<time>2022-08-27T15:28:50Z</time>
			</trkpt>
			<trkpt lat="59.93787434647904" lon="30.236652060693043">
				<ele>1.3537771506235003</ele>
				<time>2022-08-27T15:28:52Z</time>
			</trkpt>
			<trkpt lat="59.9378698965147" lon="30.23659280331812">
				<ele>1.323959132656455</ele>
				<time>2022-08-27T15:28:54Z</time>
			</trkpt>
			<trkpt lat="59.937861119737406" lon="30.23654193355323">
				<ele>3.070681399665773</ele>
				<time>2022-08-27T15:28:56Z</time>
			</trkpt>
			<trkpt lat="59.937863893296004" lon="30.236478891045408">
				<ele>2.6365256793797016</ele>
				<time>2022-08-27T15:28:58Z</time>
			</trkpt>
			<trkpt lat="59.937858752570804" lon="30.23643370955645">
				<ele>1.2637562612071633</ele>
				<time>2022-08-27T15:29:00Z</time>
			</trkpt>
			<trkpt lat="59.937867262142134" lon="30.23640029429482">
				<ele>0.007857655175030231</ele>
				<time>2022-08-27T15:29:02Z</time>
			</trkpt>
			<trkpt lat="59.93788947786534" lon="30.2363693678086">
				<ele>-0.49976182635873556</ele>
				<time>2022-08-27T15:29:03Z</time>
			</trkpt>
			<trkpt lat="59.93790586800411" lon="30.2363277946745">
				<ele>-0.43718309979885817</ele>
				<time>2022-08-27T15:29:05Z</time>
			</trkpt>
			<trkpt lat="59.93790549685713" lon="30.2362913243223">
				<ele>-0.6290350165218115</ele>
				<time>2022-08-27T15:29:07Z</time>
			</trkpt>
			<trkpt lat="59.93791453315035" lon="30.2362533962796">
				<ele>-0.6944069182500243</ele>
				<time>2022-08-27T15:29:08Z</time>
			</trkpt>
			<trkpt lat="59.93791131183264" lon="30.236188681837596">
				<ele>-2.5032759942114353</ele>
				<time>2022-08-27T15:29:10Z</time>
			</trkpt>
			<trkpt lat="59.93788732720979" lon="30.236154751592625">
				<ele>-0.1985451029613614</ele>
				<time>2022-08-27T15:29:12Z</time>
			</trkpt>
			<trkpt lat="59.93787444888481" lon="30.2361149443963">
				<ele>0.14704284816980362</ele>
				<time>2022-08-27T15:29:14Z</time>
			</trkpt>
			<trkpt lat="59.93786072781031" lon="30.236070257911926">
				<ele>0.050509268417954445</ele>
				<time>2022-08-27T15:29:16Z</time>
			</trkpt>
			<trkpt lat="59.93786015364323" lon="30.236011551508778">
				<ele>-0.41597860492765903</ele>
				<time>2022-08-27T15:29:18Z</time>
			</trkpt>
			<trkpt lat="59.93785392475213" lon="30.235960330306394">
				<ele>0.5038143619894981</ele>
				<time>2022-08-27T15:29:20Z</time>
			</trkpt>
			<trkpt lat="59.937852590034325" lon="30.235924111045744">
				<ele>0.702849886380136</ele>
				<time>2022-08-27T15:29:21Z</time>
			</trkpt>
			<trkpt lat="59.93785028632299" lon="30.235874645249996">
				<ele>-0.25819410011172295</ele>
				<time>2022-08-27T15:29:23Z</time>
			</trkpt>
			<trkpt lat="59.9378487299078" lon="30.235824156948677">
				<ele>0.6570892641320825</ele>
				<time>2022-08-27T15:29:26Z</time>
			</trkpt>
			<trkpt lat="59.937851350411606" lon="30.235781054679777">
				<ele>-1.948098547756672</ele>
				<time>2022-08-27T15:29:28Z</time>
			</trkpt>
			<trkpt lat="59.9378510397462" lon="30.235722659417025">
				<ele>-3.2108199326321483</ele>
				<time>2022-08-27T15:29:30Z</time>
			</trkpt>
			<trkpt lat="59.937846809837595" lon="30.235657075469668">
				<ele>-2.684459002688527</ele>
				<time>2022-08-27T15:29:32Z</time>
			</trkpt>
			<trkpt lat="59.93784083301629" lon="30.235597086161032">
				<ele>-2.517813015729189</ele>
				<time>2022-08-27T15:29:34Z</time>
			</trkpt>
			<trkpt lat="59.93781999677364" lon="30.235536839055392">
				<ele>-1.6880118269473314</ele>
				<time>2022-08-27T15:29:36Z</time>
			</trkpt>
			<trkpt lat="59.937828929625304" lon="30.235483241495704">
				<ele>-0.822234695777297</ele>
				<time>2022-08-27T15:29:38Z</time>
			</trkpt>
			<trkpt lat="59.93781788915745" lon="30.235439736966008">
				<ele>-1.8062314512208104</ele>
				<time>2022-08-27T15:29:40Z</time>
			</trkpt>
			<trkpt lat="59.93780067001091" lon="30.23540028670781">
				<ele>0.752741452306509</ele>
				<time>2022-08-27T15:29:42Z</time>
			</trkpt>
			<trkpt lat="59.93778140499102" lon="30.235354892123734">
				<ele>0.10138422064483166</ele>
				<time>2022-08-27T15:29:44Z</time>
			</trkpt>
			<trkpt lat="59.93776951155557" lon="30.23531508372998">
				<ele>0.40026601776480675</ele>
				<time>2022-08-27T15:29:46Z</time>
			</trkpt>
			<trkpt lat="59.93775768674346" lon="30.235275995533826">
				<ele>0.6932241879403591</ele>
				<time>2022-08-27T15:29:48Z</time>
			</trkpt>
			<trkpt lat="59.93774671745311" lon="30.2352153273111">
				<ele>0.7309179911389947</ele>
				<time>2022-08-27T15:29:50Z</time>
			</trkpt>
			<trkpt lat="59.93773954476013" lon="30.23516686028064">
				<ele>0.8461027033627033</ele>
				<time>2022-08-27T15:29:52Z</time>
			</trkpt>
			<trkpt lat="59.937735207721495" lon="30.23512703349871">
				<ele>0.3668597200885415</ele>
				<time>2022-08-27T15:29:53Z</time>
			</trkpt>
			<trkpt lat="59.937726729071926" lon="30.235074698276826">
				<ele>0.6258252933621407</ele>
				<time>2022-08-27T15:29:55Z</time>
			</trkpt>
			<trkpt lat="59.93772406795252" lon="30.235024384860687">
				<ele>-0.3090284960344434</ele>
				<time>2022-08-27T15:29:57Z</time>
			</trkpt>
			<trkpt lat="59.9377356286528" lon="30.234966334774697">
				<ele>-0.9284725785255432</ele>
				<time>2022-08-27T15:29:59Z</time>
			</trkpt>
			<trkpt lat="59.937725462500076" lon="30.2349110690256">
				<ele>-0.21323198080062866</ele>
				<time>2022-08-27T15:30:01Z</time>
			</trkpt>
			<trkpt lat="59.937718827385716" lon="30.23487759079566">
				<ele>0.4000748563557863</ele>
				<time>2022-08-27T15:30:02Z</time>
			</trkpt>
			<trkpt lat="59.93770946626321" lon="30.23483586426738">
				<ele>0.6857790499925613</ele>
				<time>2022-08-27T15:30:04Z</time>
			</trkpt>
			<trkpt lat="59.93768904666435" lon="30.23481346544255">
				<ele>0.9179286193102598</ele>
				<time>2022-08-27T15:30:06Z</time>
			</trkpt>
			<trkpt lat="59.93768785442394" lon="30.234752994805707">
				<ele>1.1331104841083288</ele>
				<time>2022-08-27T15:30:08Z</time>
			</trkpt>
			<trkpt lat="59.93769283272127" lon="30.234686233307407">
				<ele>0.6018045442178845</ele>
				<time>2022-08-27T15:30:10Z</time>
			</trkpt>
			<trkpt lat="59.93768716655246" lon="30.23463747220738">
				<ele>0.24001739360392094</ele>
				<time>2022-08-27T15:30:12Z</time>
			</trkpt>
			<trkpt lat="59.937678681535786" lon="30.234604816763856">
				<ele>0.2793235704302788</ele>
				<time>2022-08-27T15:30:13Z</time>
			</trkpt>
			<trkpt lat="59.9376741735128" lon="30.23454846180051">
				<ele>-0.5099628008902073</ele>
				<time>2022-08-27T15:30:15Z</time>
			</trkpt>
			<trkpt lat="59.93766610033194" lon="30.234505594953106">
				<ele>-0.36198144871741533</ele>
				<time>2022-08-27T15:30:17Z</time>
			</trkpt>
			<trkpt lat="59.93765827987296" lon="30.234464033345674">
				<ele>-1.0704771503806114</ele>
				<time>2022-08-27T15:30:19Z</time>
			</trkpt>
			<trkpt lat="59.937664385237674" lon="30.234419812338245">
				<ele>-0.4662335617467761</ele>
				<time>2022-08-27T15:30:21Z</time>
			</trkpt>
			<trkpt lat="59.937670589671285" lon="30.23436390482615">
				<ele>-1.1789950532838702</ele>
				<time>2022-08-27T15:30:23Z</time>
			</trkpt>
			<trkpt lat="59.93766992780787" lon="30.234305473308357">
				<ele>-0.5121448859572411</ele>
				<time>2022-08-27T15:30:25Z</time>
			</trkpt>
			<trkpt lat="59.93765584154362" lon="30.2342730972959">
				<ele>-0.4128753151744604</ele>
				<time>2022-08-27T15:30:27Z</time>
			</trkpt>
			<trkpt lat="59.93765592966652" lon="30.234211958702556">
				<ele>0.05155105050653219</ele>
				<time>2022-08-27T15:30:29Z</time>
			</trkpt>
			<trkpt lat="59.9376704615395" lon="30.234166834688562">
				<ele>-0.7873457670211792</ele>
				<time>2022-08-27T15:30:31Z</time>
			</trkpt>
			<trkpt lat="59.937693512257184" lon="30.234128243380994">
				<ele>-1.539623649790883</ele>
				<time>2022-08-27T15:30:33Z</time>
			</trkpt>
			<trkpt lat="59.93771299291456" lon="30.23411265799885">
				<ele>-2.5336729902774096</ele>
				<time>2022-08-27T15:30:35Z</time>
			</trkpt>
			<trkpt lat="59.93773299731638" lon="30.23413249971157">
				<ele>-3.259627710096538</ele>
				<time>2022-08-27T15:30:37Z</time>
			</trkpt>
			<trkpt lat="59.937758856070126" lon="30.234121933809327">
				<ele>-3.4573291894048452</ele>
				<time>2022-08-27T15:30:39Z</time>
			</trkpt>
			<trkpt lat="59.93778364451732" lon="30.234119393160906">
				<ele>-2.1747874403372407</ele>
				<time>2022-08-27T15:30:41Z</time>
			</trkpt>
			<trkpt lat="59.93780451608393" lon="30.23410420894237">
				<ele>-2.5206597158685327</ele>
				<time>2022-08-27T15:30:43Z</time>
			</trkpt>
			<trkpt lat="59.93783316262081" lon="30.234095307960388">
				<ele>-1.1177922748029232</ele>
				<time>2022-08-27T15:30:45Z</time>
			</trkpt>
			<trkpt lat="59.93786408986" lon="30.234091546003008">
				<ele>-2.033530413173139</ele>
				<time>2022-08-27T15:30:47Z</time>
			</trkpt>
			<trkpt lat="59.93789115766342" lon="30.234091529202928">
				<ele>-2.0183969167992473</ele>
				<time>2022-08-27T15:30:49Z</time>
			</trkpt>
			<trkpt lat="59.937911064297566" lon="30.234079113730534">
				<ele>-2.0572853814810514</ele>
				<time>2022-08-27T15:30:51Z</time>
			</trkpt>
			<trkpt lat="59.937931501205064" lon="30.23406467345487">
				<ele>-1.1324553405866027</ele>
				<time>2022-08-27T15:30:53Z</time>
			</trkpt>
			<trkpt lat="59.93795625586406" lon="30.23405777303168">
				<ele>-0.1914340192452073</ele>
				<time>2022-08-27T15:30:55Z</time>
			</trkpt>
			<trkpt lat="59.93798548637542" lon="30.234053051743672">
				<ele>-1.3269880888983607</ele>
				<time>2022-08-27T15:30:57Z</time>
			</trkpt>
			<trkpt lat="59.93800515618527" lon="30.234029162652412">
				<ele>-0.5851119989529252</ele>
				<time>2022-08-27T15:30:59Z</time>
			</trkpt>
			<trkpt lat="59.938032768045396" lon="30.234007827134754">
				<ele>-1.3328299345448613</ele>
				<time>2022-08-27T15:31:01Z</time>
			</trkpt>
			<trkpt lat="59.93805672192927" lon="30.234016377866215">
				<ele>-3.2671885695308447</ele>
				<time>2022-08-27T15:31:03Z</time>
			</trkpt>
			<trkpt lat="59.938083347887535" lon="30.23401344267344">
				<ele>-3.6578747471794486</ele>
				<time>2022-08-27T15:31:05Z</time>
			</trkpt>
			<trkpt lat="59.93810803969711" lon="30.234010717426468">
				<ele>-3.6118533238768578</ele>
				<time>2022-08-27T15:31:07Z</time>
			</trkpt>
			<trkpt lat="59.93812803329582" lon="30.2339985446303">
				<ele>-4.5311864875257015</ele>
				<time>2022-08-27T15:31:09Z</time>
			</trkpt>
			<trkpt lat="59.93814445888186" lon="30.233973592674584">
				<ele>-5.075025197118521</ele>
				<time>2022-08-27T15:31:11Z</time>
			</trkpt>
			<trkpt lat="59.93816039570323" lon="30.233937389334564">
				<ele>-4.992889882996678</ele>
				<time>2022-08-27T15:31:13Z</time>
			</trkpt>
			<trkpt lat="59.93817419034928" lon="30.233887581276306">
				<ele>-4.431825139559805</ele>
				<time>2022-08-27T15:31:15Z</time>
			</trkpt>
			<trkpt lat="59.93817536569472" lon="30.23384470529402">
				<ele>-3.7073316033929586</ele>
				<time>2022-08-27T15:31:16Z</time>
			</trkpt>
			<trkpt lat="59.93817066280588" lon="30.233779519414053">
				<ele>-1.3087012087926269</ele>
				<time>2022-08-27T15:31:18Z</time>
			</trkpt>
			<trkpt lat="59.938161013145" lon="30.233726439921885">
				<ele>-0.5212388820946217</ele>
				<time>2022-08-27T15:31:20Z</time>
			</trkpt>
			<trkpt lat="59.93815475122832" lon="30.23368293591938">
				<ele>0.31257496774196625</ele>
				<time>2022-08-27T15:31:22Z</time>
			</trkpt>
			<trkpt lat="59.93814708194198" lon="30.233638176830606">
				<ele>2.2260795440524817</ele>
				<time>2022-08-27T15:31:25Z</time>
			</trkpt>
			<trkpt lat="59.93816573988447" lon="30.233664168040146">
				<ele>0.5284609198570251</ele>
				<time>2022-08-27T15:31:39Z</time>
			</trkpt>
			<trkpt lat="59.938161442807385" lon="30.23362912628651">
				<ele>0.03780989069491625</ele>
				<time>2022-08-27T15:32:36Z</time>
			</trkpt>
			<trkpt lat="59.938180475190876" lon="30.23360977155254">
				<ele>0.9459038330242038</ele>
				<time>2022-08-27T15:32:52Z</time>
			</trkpt>
			<trkpt lat="59.93818387597438" lon="30.23357024370676">
				<ele>0.4925365475937724</ele>
				<time>2022-08-27T15:32:55Z</time>
			</trkpt>
			<trkpt lat="59.93817083229303" lon="30.233532577648077">
				<ele>0.6099569806829095</ele>
				<time>2022-08-27T15:32:57Z</time>
			</trkpt>
			<trkpt lat="59.93815725255921" lon="30.23346141298736">
				<ele>0.6769154584035277</ele>
				<time>2022-08-27T15:32:59Z</time>
			</trkpt>
			<trkpt lat="59.938147672827895" lon="30.23339947817272">
				<ele>0.22287283744663</ele>
				<time>2022-08-27T15:33:01Z</time>
			</trkpt>
			<trkpt lat="59.93813906004318" lon="30.23334601657356">
				<ele>1.9861277248710394</ele>
				<time>2022-08-27T15:33:03Z</time>
			</trkpt>
			<trkpt lat="59.938138430527275" lon="30.233285815048358">
				<ele>0.8353445762768388</ele>
				<time>2022-08-27T15:33:06Z</time>
			</trkpt>
			<trkpt lat="59.938133233652806" lon="30.233232873093712">
				<ele>-1.1214748015627265</ele>
				<time>2022-08-27T15:33:09Z</time>
			</trkpt>
			<trkpt lat="59.938125169503685" lon="30.233176041708187">
				<ele>-0.9910940304398537</ele>
				<time>2022-08-27T15:33:11Z</time>
			</trkpt>
			<trkpt lat="59.938132176476365" lon="30.23312565136656">
				<ele>-0.2872509192675352</ele>
				<time>2022-08-27T15:33:13Z</time>
			</trkpt>
			<trkpt lat="59.938123484798865" lon="30.233091439638685">
				<ele>-0.22411950398236513</ele>
				<time>2022-08-27T15:33:14Z</time>
			</trkpt>
			<trkpt lat="59.938118643352475" lon="30.233014482527413">
				<ele>0.48927968833595514</ele>
				<time>2022-08-27T15:33:17Z</time>
			</trkpt>
			<trkpt lat="59.93811382942596" lon="30.232970472777193">
				<ele>1.5040476499125361</ele>
				<time>2022-08-27T15:33:19Z</time>
			</trkpt>
			<trkpt lat="59.93810582066576" lon="30.232922974924694">
				<ele>1.6487786062061787</ele>
				<time>2022-08-27T15:33:21Z</time>
			</trkpt>
			<trkpt lat="59.93810537190133" lon="30.232867279761084">
				<ele>1.4316481361165643</ele>
				<time>2022-08-27T15:33:23Z</time>
			</trkpt>
			<trkpt lat="59.93810773173144" lon="30.232821519959014">
				<ele>0.6968214018270373</ele>
				<time>2022-08-27T15:33:25Z</time>
			</trkpt>
			<trkpt lat="59.93812041335383" lon="30.232780318174118">
				<ele>-0.025022421032190323</ele>
				<time>2022-08-27T15:33:27Z</time>
			</trkpt>
			<trkpt lat="59.938130222702846" lon="30.23274915161235">
				<ele>-0.21849675383418798</ele>
				<time>2022-08-27T15:33:29Z</time>
			</trkpt>
			<trkpt lat="59.93813202488264" lon="30.232700710496857">
				<ele>0.23137236293405294</ele>
				<time>2022-08-27T15:33:31Z</time>
			</trkpt>
			<trkpt lat="59.938126798769815" lon="30.232664037967684">
				<ele>0.0046922992914915085</ele>
				<time>2022-08-27T15:33:32Z</time>
			</trkpt>
			<trkpt lat="59.93812883511808" lon="30.23262288084717">
				<ele>0.3015879839658737</ele>
				<time>2022-08-27T15:33:34Z</time>
			</trkpt>
			<trkpt lat="59.93813611172765" lon="30.23257580134985">
				<ele>-0.08615724463015795</ele>
				<time>2022-08-27T15:33:36Z</time>
			</trkpt>
			<trkpt lat="59.938144857057544" lon="30.232524220349163">
				<ele>-0.02808338962495327</ele>
				<time>2022-08-27T15:33:38Z</time>
			</trkpt>
			<trkpt lat="59.93816731835659" lon="30.23247929892769">
				<ele>1.3861343646422029</ele>
				<time>2022-08-27T15:33:40Z</time>
			</trkpt>
			<trkpt lat="59.93817859799944" lon="30.232421207202872">
				<ele>1.8465352896600962</ele>
				<time>2022-08-27T15:33:42Z</time>
			</trkpt>
			<trkpt lat="59.938189252905204" lon="30.232386150226297">
				<ele>1.6414733557030559</ele>
				<time>2022-08-27T15:33:44Z</time>
			</trkpt>
			<trkpt lat="59.93820570010216" lon="30.232341127141098">
				<ele>1.2828880362212658</ele>
				<time>2022-08-27T15:33:46Z</time>
			</trkpt>
			<trkpt lat="59.938221124632264" lon="30.232301727976612">
				<ele>0.7085811858996749</ele>
				<time>2022-08-27T15:33:48Z</time>
			</trkpt>
			<trkpt lat="59.93822845128378" lon="30.232248868766785">
				<ele>0.18010822962969542</ele>
				<time>2022-08-27T15:33:50Z</time>
			</trkpt>
			<trkpt lat="59.938241967702616" lon="30.2322140166652">
				<ele>-0.5153885604813695</ele>
				<time>2022-08-27T15:33:52Z</time>
			</trkpt>
			<trkpt lat="59.93825687623069" lon="30.232171544322387">
				<ele>-0.45510665979236364</ele>
				<time>2022-08-27T15:33:54Z</time>
			</trkpt>
			<trkpt lat="59.9382686183113" lon="30.232123047665198">
				<ele>-0.09506990294903517</ele>
				<time>2022-08-27T15:33:56Z</time>
			</trkpt>
			<trkpt lat="59.93828732750718" lon="30.23209246830459">
				<ele>-0.3195854788646102</ele>
				<time>2022-08-27T15:33:58Z</time>
			</trkpt>
			<trkpt lat="59.93829948118664" lon="30.232032455113192">
				<ele>0.6155826402828097</ele>
				<time>2022-08-27T15:34:00Z</time>
			</trkpt>
			<trkpt lat="59.93831210997216" lon="30.23197783056755">
				<ele>0.1365562565624714</ele>
				<time>2022-08-27T15:34:03Z</time>
			</trkpt>
			<trkpt lat="59.938327161262954" lon="30.23194103122486">
				<ele>0.4747662888839841</ele>
				<time>2022-08-27T15:34:05Z</time>
			</trkpt>
			<trkpt lat="59.938340913360335" lon="30.231899926489135">
				<ele>0.4704428156837821</ele>
				<time>2022-08-27T15:34:07Z</time>
			</trkpt>
			<trkpt lat="59.93835158851532" lon="30.231855587165757">
				<ele>0.8655231967568398</ele>
				<time>2022-08-27T15:34:09Z</time>
			</trkpt>
			<trkpt lat="59.93837789205233" lon="30.23182531939318">
				<ele>0.3524931212887168</ele>
				<time>2022-08-27T15:34:11Z</time>
			</trkpt>
			<trkpt lat="59.93838747677121" lon="30.231778947010696">
				<ele>-0.4351125117391348</ele>
				<time>2022-08-27T15:34:13Z</time>
			</trkpt>
			<trkpt lat="59.93839397338699" lon="30.231726586888325">
				<ele>-0.5750799374654889</ele>
				<time>2022-08-27T15:34:15Z</time>
			</trkpt>
			<trkpt lat="59.93840374708327" lon="30.231683441231848">
				<ele>-0.27246264461427927</ele>
				<time>2022-08-27T15:34:17Z</time>
			</trkpt>
			<trkpt lat="59.9384206183509" lon="30.231622153316163">
				<ele>0.5765618830919266</ele>
				<time>2022-08-27T15:34:19Z</time>
			</trkpt>
			<trkpt lat="59.93844130037772" lon="30.231593557568523">
				<ele>0.6835202891379595</ele>
				<time>2022-08-27T15:34:21Z</time>
			</trkpt>
			<trkpt lat="59.93845451703315" lon="30.23155129040097">
				<ele>0.9277716800570488</ele>
				<time>2022-08-27T15:34:23Z</time>
			</trkpt>
			<trkpt lat="59.9384660141717" lon="30.231491160273745">
				<ele>1.4348515132442117</ele>
				<time>2022-08-27T15:34:25Z</time>
			</trkpt>
			<trkpt lat="59.938473808006485" lon="30.231443510183404">
				<ele>2.3673532838001847</ele>
				<time>2022-08-27T15:34:27Z</time>
			</trkpt>
			<trkpt lat="59.93848356335849" lon="30.231399591504733">
				<ele>2.043447802774608</ele>
				<time>2022-08-27T15:34:29Z</time>
			</trkpt>
			<trkpt lat="59.93849772636935" lon="30.231353799187353">
				<ele>1.7274258686229587</ele>
				<time>2022-08-27T15:34:31Z</time>
			</trkpt>
			<trkpt lat="59.93851412481606" lon="30.23130025554566">
				<ele>3.0866062436252832</ele>
				<time>2022-08-27T15:34:33Z</time>
			</trkpt>
			<trkpt lat="59.93853225893069" lon="30.231266513667777">
				<ele>3.239582847803831</ele>
				<time>2022-08-27T15:34:35Z</time>
			</trkpt>
			<trkpt lat="59.93854637494348" lon="30.231228976924154">
				<ele>3.14134578127414</ele>
				<time>2022-08-27T15:34:37Z</time>
			</trkpt>
			<trkpt lat="59.938563309782324" lon="30.231191332338994">
				<ele>3.051829337142408</ele>
				<time>2022-08-27T15:34:39Z</time>
			</trkpt>
			<trkpt lat="59.938580010253936" lon="30.23114706621339">
				<ele>3.7209811490029097</ele>
				<time>2022-08-27T15:34:41Z</time>
			</trkpt>
			<trkpt lat="59.93859384923388" lon="30.23112198838434">
				<ele>5.322964771650732</ele>
				<time>2022-08-27T15:34:42Z</time>
			</trkpt>
			<trkpt lat="59.93860604564322" lon="30.2310830412812">
				<ele>4.188470606692135</ele>
				<time>2022-08-27T15:34:44Z</time>
			</trkpt>
			<trkpt lat="59.9386229092332" lon="30.231061358877408">
				<ele>2.4315187763422728</ele>
				<time>2022-08-27T15:34:46Z</time>
			</trkpt>
			<trkpt lat="59.93863897025698" lon="30.231030550865555">
				<ele>2.472635244950652</ele>
				<time>2022-08-27T15:34:48Z</time>
			</trkpt>
			<trkpt lat="59.9386599332141" lon="30.23101557889431">
				<ele>3.4704029308632016</ele>
				<time>2022-08-27T15:34:50Z</time>
			</trkpt>
			<trkpt lat="59.93867568460718" lon="30.230967653927923">
				<ele>5.036015041172504</ele>
				<time>2022-08-27T15:34:53Z</time>
			</trkpt>
			<trkpt lat="59.93868657899346" lon="30.2309157748146">
				<ele>5.219510298222303</ele>
				<time>2022-08-27T15:34:55Z</time>
			</trkpt>
			<trkpt lat="59.93867863082776" lon="30.230869404983885">
				<ele>5.243706447072327</ele>
				<time>2022-08-27T15:34:56Z</time>
			</trkpt>
			<trkpt lat="59.938677205552324" lon="30.23083095269724">
				<ele>4.741333514451981</ele>
				<time>2022-08-27T15:34:57Z</time>
			</trkpt>
			<trkpt lat="59.93868308743564" lon="30.230755465576202">
				<ele>5.7096356535330415</ele>
				<time>2022-08-27T15:34:59Z</time>
			</trkpt>
			<trkpt lat="59.93868248698412" lon="30.23071455295641">
				<ele>6.269557029940188</ele>
				<time>2022-08-27T15:35:00Z</time>
			</trkpt>
			<trkpt lat="59.93868286150454" lon="30.230669873848857">
				<ele>7.375425161793828</ele>
				<time>2022-08-27T15:35:01Z</time>
			</trkpt>
			<trkpt lat="59.938700687174375" lon="30.230647936824944">
				<ele>6.581240895204246</ele>
				<time>2022-08-27T15:35:03Z</time>
			</trkpt>
			<trkpt lat="59.93871875838442" lon="30.23063160744359">
				<ele>4.993251860141754</ele>
				<time>2022-08-27T15:35:05Z</time>
			</trkpt>
			<trkpt lat="59.93873567170597" lon="30.230604528804534">
				<ele>4.863585302606225</ele>
				<time>2022-08-27T15:35:07Z</time>
			</trkpt>
			<trkpt lat="59.93874942699645" lon="30.230565768747258">
				<ele>5.655355418100953</ele>
				<time>2022-08-27T15:35:09Z</time>
			</trkpt>
			<trkpt lat="59.938766926466805" lon="30.23053445632717">
				<ele>4.401116533204913</ele>
				<time>2022-08-27T15:35:11Z</time>
			</trkpt>
			<trkpt lat="59.93878340230146" lon="30.230488910604233">
				<ele>3.503070028498769</ele>
				<time>2022-08-27T15:35:13Z</time>
			</trkpt>
			<trkpt lat="59.93879993789476" lon="30.230458494372595">
				<ele>3.4717536410316825</ele>
				<time>2022-08-27T15:35:15Z</time>
			</trkpt>
			<trkpt lat="59.93881968268676" lon="30.230422322353395">
				<ele>3.374252331443131</ele>
				<time>2022-08-27T15:35:18Z</time>
			</trkpt>
			<trkpt lat="59.938835148388584" lon="30.230379762526457">
				<ele>2.251538397744298</ele>
				<time>2022-08-27T15:35:20Z</time>
			</trkpt>
			<trkpt lat="59.93885353187486" lon="30.230364334981044">
				<ele>3.448980367742479</ele>
				<time>2022-08-27T15:35:21Z</time>
			</trkpt>
			<trkpt lat="59.93887353304825" lon="30.230315456134917">
				<ele>4.092798994854093</ele>
				<time>2022-08-27T15:35:23Z</time>
			</trkpt>
			<trkpt lat="59.93887525967421" lon="30.230261818422935">
				<ele>3.7349388943985105</ele>
				<time>2022-08-27T15:35:25Z</time>
			</trkpt>
			<trkpt lat="59.938888365710575" lon="30.230220126689268">
				<ele>3.218397089280188</ele>
				<time>2022-08-27T15:35:27Z</time>
			</trkpt>
			<trkpt lat="59.938903282556595" lon="30.230185602828545">
				<ele>2.837001263163984</ele>
				<time>2022-08-27T15:35:29Z</time>
			</trkpt>
			<trkpt lat="59.93892887740335" lon="30.23016411191652">
				<ele>3.2017967021092772</ele>
				<time>2022-08-27T15:35:31Z</time>
			</trkpt>
			<trkpt lat="59.938942015743734" lon="30.230112756315826">
				<ele>4.392641752958298</ele>
				<time>2022-08-27T15:35:33Z</time>
			</trkpt>
			<trkpt lat="59.938955087749775" lon="30.230064515290596">
				<ele>4.713465703651309</ele>
				<time>2022-08-27T15:35:35Z</time>
			</trkpt>
			<trkpt lat="59.938968669981584" lon="30.230007444694518">
				<ele>4.994216442108154</ele>
				<time>2022-08-27T15:35:37Z</time>
			</trkpt>
			<trkpt lat="59.93898035999138" lon="30.22997187693562">
				<ele>4.314289415255189</ele>
				<time>2022-08-27T15:35:39Z</time>
			</trkpt>
			<trkpt lat="59.938988524574015" lon="30.22993386798023">
				<ele>3.8126698965206742</ele>
				<time>2022-08-27T15:35:41Z</time>
			</trkpt>
			<trkpt lat="59.93900636805385" lon="30.229889018033813">
				<ele>4.620599694550037</ele>
				<time>2022-08-27T15:35:43Z</time>
			</trkpt>
			<trkpt lat="59.93901514228214" lon="30.229842852876878">
				<ele>3.5655244728550315</ele>
				<time>2022-08-27T15:35:45Z</time>
			</trkpt>
			<trkpt lat="59.93902985963905" lon="30.229807203785704">
				<ele>3.2719830721616745</ele>
				<time>2022-08-27T15:35:47Z</time>
			</trkpt>
			<trkpt lat="59.93903729478061" lon="30.229766718609262">
				<ele>2.910162903368473</ele>
				<time>2022-08-27T15:35:49Z</time>
			</trkpt>
			<trkpt lat="59.939059219095114" lon="30.229717444302324">
				<ele>3.1388469887897372</ele>
				<time>2022-08-27T15:35:51Z</time>
			</trkpt>
			<trkpt lat="59.93907495716872" lon="30.229678584225066">
				<ele>3.3288982259109616</ele>
				<time>2022-08-27T15:35:53Z</time>
			</trkpt>
			<trkpt lat="59.93907930533984" lon="30.229640101576063">
				<ele>4.167367524467409</ele>
				<time>2022-08-27T15:35:55Z</time>
			</trkpt>
			<trkpt lat="59.939093477467964" lon="30.229599515648395">
				<ele>3.4857119005173445</ele>
				<time>2022-08-27T15:35:57Z</time>
			</trkpt>
			<trkpt lat="59.93911368503178" lon="30.2295615509978">
				<ele>3.8547953628003597</ele>
				<time>2022-08-27T15:35:59Z</time>
			</trkpt>
			<trkpt lat="59.93914024548469" lon="30.22953095884574">
				<ele>4.264544014818966</ele>
				<time>2022-08-27T15:36:01Z</time>
			</trkpt>
			<trkpt lat="59.93914727409748" lon="30.229488999143634">
				<ele>3.2771728048101068</ele>
				<time>2022-08-27T15:36:03Z</time>
			</trkpt>
			<trkpt lat="59.93915895734592" lon="30.22945719656326">
				<ele>3.6690947404131293</ele>
				<time>2022-08-27T15:36:05Z</time>
			</trkpt>
			<trkpt lat="59.93918661439748" lon="30.229424661807403">
				<ele>4.971206555142999</ele>
				<time>2022-08-27T15:36:07Z</time>
			</trkpt>
			<trkpt lat="59.93920272675225" lon="30.229389048209867">
				<ele>4.905324062332511</ele>
				<time>2022-08-27T15:36:09Z</time>
			</trkpt>
			<trkpt lat="59.939214666957284" lon="30.22934971907554">
				<ele>4.457824099808931</ele>
				<time>2022-08-27T15:36:11Z</time>
			</trkpt>
			<trkpt lat="59.93921949222259" lon="30.229306061840777">
				<ele>3.738818141631782</ele>
				<time>2022-08-27T15:36:13Z</time>
			</trkpt>
			<trkpt lat="59.93923211982671" lon="30.229270659451434">
				<ele>3.4978208020329475</ele>
				<time>2022-08-27T15:36:15Z</time>
			</trkpt>
			<trkpt lat="59.93924192572568" lon="30.229228856536597">
				<ele>3.630961876362562</ele>
				<time>2022-08-27T15:36:17Z</time>
			</trkpt>
			<trkpt lat="59.93924523387782" lon="30.229190057775607">
				<ele>3.143833906389773</ele>
				<time>2022-08-27T15:36:20Z</time>
			</trkpt>
			<trkpt lat="59.93924340498866" lon="30.22914489297738">
				<ele>4.603945001959801</ele>
				<time>2022-08-27T15:36:24Z</time>
			</trkpt>
			<trkpt lat="59.93923015996583" lon="30.229113194146727">
				<ele>5.1161928698420525</ele>
				<time>2022-08-27T15:36:28Z</time>
			</trkpt>
			<trkpt lat="59.939220634036346" lon="30.229145731550084">
				<ele>8.316696219146252</ele>
				<time>2022-08-27T15:36:43Z</time>
			</trkpt>
			<trkpt lat="59.939231197552864" lon="30.229110467170198">
				<ele>6.271002466790378</ele>
				<time>2022-08-27T15:36:45Z</time>
			</trkpt>
			<trkpt lat="59.939207965677994" lon="30.22914513657216">
				<ele>9.068939345888793</ele>
				<time>2022-08-27T15:36:53Z</time>
			</trkpt>
			<trkpt lat="59.9391905954793" lon="30.229091488162865">
				<ele>9.778637254610658</ele>
				<time>2022-08-27T15:37:11Z</time>
			</trkpt>
			<trkpt lat="59.93916767993856" lon="30.22908234720751">
				<ele>6.181257252581418</ele>
				<time>2022-08-27T15:37:48Z</time>
			</trkpt>
			<trkpt lat="59.93915090574922" lon="30.229056791906647">
				<ele>6.424923477694392</ele>
				<time>2022-08-27T15:37:50Z</time>
			</trkpt>
			<trkpt lat="59.9391206082496" lon="30.229029038410374">
				<ele>7.4474885649979115</ele>
				<time>2022-08-27T15:37:52Z</time>
			</trkpt>
			<trkpt lat="59.93910757709903" lon="30.22899111735364">
				<ele>3.253485527820885</ele>
				<time>2022-08-27T15:37:56Z</time>
			</trkpt>
			<trkpt lat="59.939089411321795" lon="30.22896882013008">
				<ele>3.61479355301708</ele>
				<time>2022-08-27T15:37:57Z</time>
			</trkpt>
			<trkpt lat="59.939064715307296" lon="30.22894203851253">
				<ele>5.226660591550171</ele>
				<time>2022-08-27T15:37:59Z</time>
			</trkpt>
			<trkpt lat="59.93904511103053" lon="30.22893044469496">
				<ele>6.506162276491523</ele>
				<time>2022-08-27T15:38:01Z</time>
			</trkpt>
			<trkpt lat="59.939049897568324" lon="30.22889120059064">
				<ele>6.208384926430881</ele>
				<time>2022-08-27T15:38:04Z</time>
			</trkpt>
			<trkpt lat="59.93902514367544" lon="30.228845221310277">
				<ele>2.261491756886244</ele>
				<time>2022-08-27T15:38:07Z</time>
			</trkpt>
			<trkpt lat="59.939009466359515" lon="30.22881876565193">
				<ele>2.056186749599874</ele>
				<time>2022-08-27T15:38:09Z</time>
			</trkpt>
			<trkpt lat="59.938996116323096" lon="30.228785808062486">
				<ele>3.433698020875454</ele>
				<time>2022-08-27T15:38:11Z</time>
			</trkpt>
			<trkpt lat="59.93897928545222" lon="30.228745955600672">
				<ele>2.741442789323628</ele>
				<time>2022-08-27T15:38:13Z</time>
			</trkpt>
			<trkpt lat="59.93895840133508" lon="30.22870251629239">
				<ele>2.252362048253417</ele>
				<time>2022-08-27T15:38:15Z</time>
			</trkpt>
			<trkpt lat="59.93894465523215" lon="30.22866302276991">
				<ele>3.584336807951331</ele>
				<time>2022-08-27T15:38:17Z</time>
			</trkpt>
			<trkpt lat="59.93893255547447" lon="30.228622876492594">
				<ele>2.0087815122678876</ele>
				<time>2022-08-27T15:38:19Z</time>
			</trkpt>
			<trkpt lat="59.938907430194185" lon="30.22859049609308">
				<ele>2.1699207480996847</ele>
				<time>2022-08-27T15:38:21Z</time>
			</trkpt>
			<trkpt lat="59.938893604934194" lon="30.228566169341658">
				<ele>3.2092023408040404</ele>
				<time>2022-08-27T15:38:22Z</time>
			</trkpt>
			<trkpt lat="59.938875112019545" lon="30.228539703938118">
				<ele>3.319137836806476</ele>
				<time>2022-08-27T15:38:23Z</time>
			</trkpt>
			<trkpt lat="59.93886549809673" lon="30.228507246219888">
				<ele>6.115545377135277</ele>
				<time>2022-08-27T15:38:25Z</time>
			</trkpt>
			<trkpt lat="59.938846728939666" lon="30.22849137349343">
				<ele>5.274362205527723</ele>
				<time>2022-08-27T15:38:27Z</time>
			</trkpt>
			<trkpt lat="59.93882399161435" lon="30.228460654131062">
				<ele>5.796025508083403</ele>
				<time>2022-08-27T15:38:29Z</time>
			</trkpt>
			<trkpt lat="59.93880495662646" lon="30.228439155241404">
				<ele>5.8026906587183475</ele>
				<time>2022-08-27T15:38:31Z</time>
			</trkpt>
			<trkpt lat="59.93878895373748" lon="30.228392937434613">
				<ele>7.825775681994855</ele>
				<time>2022-08-27T15:38:33Z</time>
			</trkpt>
			<trkpt lat="59.93877120954482" lon="30.228364302180573">
				<ele>4.658095957711339</ele>
				<time>2022-08-27T15:38:36Z</time>
			</trkpt>
			<trkpt lat="59.93875937036697" lon="30.22833280015511">
				<ele>5.334980919957161</ele>
				<time>2022-08-27T15:38:38Z</time>
			</trkpt>
			<trkpt lat="59.938746456207305" lon="30.22829635734516">
				<ele>5.332580544985831</ele>
				<time>2022-08-27T15:38:40Z</time>
			</trkpt>
			<trkpt lat="59.93872702784281" lon="30.228269679088793">
				<ele>6.328776643611491</ele>
				<time>2022-08-27T15:38:42Z</time>
			</trkpt>
			<trkpt lat="59.938728142403164" lon="30.228220321296657">
				<ele>4.935482974164188</ele>
				<time>2022-08-27T15:38:45Z</time>
			</trkpt>
			<trkpt lat="59.93871755479885" lon="30.22818496657131">
				<ele>3.5408917237073183</ele>
				<time>2022-08-27T15:38:48Z</time>
			</trkpt>
			<trkpt lat="59.938710904962946" lon="30.228141672724604">
				<ele>3.1783342584967613</ele>
				<time>2022-08-27T15:38:50Z</time>
			</trkpt>
			<trkpt lat="59.93870482287354" lon="30.228101675235322">
				<ele>-0.030475469306111336</ele>
				<time>2022-08-27T15:38:53Z</time>
			</trkpt>
			<trkpt lat="59.938691899275135" lon="30.22805473279765">
				<ele>2.359674783423543</ele>
				<time>2022-08-27T15:38:55Z</time>
			</trkpt>
			<trkpt lat="59.93868542336557" lon="30.228012994385306">
				<ele>1.560739236883819</ele>
				<time>2022-08-27T15:38:57Z</time>
			</trkpt>
			<trkpt lat="59.938678903548116" lon="30.227956549931573">
				<ele>0.796045795083046</ele>
				<time>2022-08-27T15:39:01Z</time>
			</trkpt>
			<trkpt lat="59.93870385637026" lon="30.22793249896398">
				<ele>0.48037464171648026</ele>
				<time>2022-08-27T15:39:06Z</time>
			</trkpt>
			<trkpt lat="59.93872659343395" lon="30.227922040981515">
				<ele>0.3803186882287264</ele>
				<time>2022-08-27T15:39:08Z</time>
			</trkpt>
			<trkpt lat="59.93871921861532" lon="30.227961253515225">
				<ele>-0.028413322754204273</ele>
				<time>2022-08-27T15:39:21Z</time>
			</trkpt>
			<trkpt lat="59.93869247724788" lon="30.22795258202726">
				<ele>-0.0901682935655117</ele>
				<time>2022-08-27T15:39:25Z</time>
			</trkpt>
			<trkpt lat="59.93867761584094" lon="30.227929376733215">
				<ele>-2.3719409368932247</ele>
				<time>2022-08-27T15:39:27Z</time>
			</trkpt>
			<trkpt lat="59.938672175195144" lon="30.22786882646327">
				<ele>-0.8336665276437998</ele>
				<time>2022-08-27T15:39:29Z</time>
			</trkpt>
			<trkpt lat="59.93866407571071" lon="30.227830013659645">
				<ele>0.016177920624613762</ele>
				<time>2022-08-27T15:39:31Z</time>
			</trkpt>
			<trkpt lat="59.9386504559498" lon="30.227795650915226">
				<ele>1.4335189228877425</ele>
				<time>2022-08-27T15:39:33Z</time>
			</trkpt>
			<trkpt lat="59.938642118966676" lon="30.22775757799539">
				<ele>0.19506321381777525</ele>
				<time>2022-08-27T15:39:35Z</time>
			</trkpt>
			<trkpt lat="59.93863700665047" lon="30.22771955055973">
				<ele>1.035350564867258</ele>
				<time>2022-08-27T15:39:37Z</time>
			</trkpt>
			<trkpt lat="59.93862968472521" lon="30.227679861227344">
				<ele>0.5074072144925594</ele>
				<time>2022-08-27T15:39:39Z</time>
			</trkpt>
			<trkpt lat="59.93861835693223" lon="30.227645525654506">
				<ele>-1.5379305118694901</ele>
				<time>2022-08-27T15:39:42Z</time>
			</trkpt>
			<trkpt lat="59.938610975821284" lon="30.227609761881467">
				<ele>-0.5486494200304151</ele>
				<time>2022-08-27T15:39:44Z</time>
			</trkpt>
			<trkpt lat="59.938604126440524" lon="30.22756813509515">
				<ele>0.6346968524158001</ele>
				<time>2022-08-27T15:39:46Z</time>
			</trkpt>
			<trkpt lat="59.93859221598197" lon="30.22752516644587">
				<ele>1.1231941413134336</ele>
				<time>2022-08-27T15:39:48Z</time>
			</trkpt>
			<trkpt lat="59.938583658032684" lon="30.22747938320073">
				<ele>0.4748759772628546</ele>
				<time>2022-08-27T15:39:51Z</time>
			</trkpt>
			<trkpt lat="59.93857731466566" lon="30.227437456978198">
				<ele>2.352989870123565</ele>
				<time>2022-08-27T15:39:53Z</time>
			</trkpt>
			<trkpt lat="59.93856680447892" lon="30.227392900033124">
				<ele>1.0764853060245514</ele>
				<time>2022-08-27T15:39:56Z</time>
			</trkpt>
			<trkpt lat="59.9385537032462" lon="30.227357272321346">
				<ele>1.3875069031491876</ele>
				<time>2022-08-27T15:39:58Z</time>
			</trkpt>
			<trkpt lat="59.93854647414161" lon="30.227321723994592">
				<ele>1.6585204005241394</ele>
				<time>2022-08-27T15:40:00Z</time>
			</trkpt>
			<trkpt lat="59.93853779596518" lon="30.22727140776006">
				<ele>1.0652285236865282</ele>
				<time>2022-08-27T15:40:03Z</time>
			</trkpt>
			<trkpt lat="59.938528032426674" lon="30.227237930573025">
				<ele>-0.6076140785589814</ele>
				<time>2022-08-27T15:40:06Z</time>
			</trkpt>
			<trkpt lat="59.938522464980615" lon="30.227201652461076">
				<ele>-0.12574192509055138</ele>
				<time>2022-08-27T15:40:08Z</time>
			</trkpt>
			<trkpt lat="59.93851449252093" lon="30.22715764142224">
				<ele>0.8269013939425349</ele>
				<time>2022-08-27T15:40:10Z</time>
			</trkpt>
			<trkpt lat="59.938504138840564" lon="30.227124164484838">
				<ele>0.44339769054204226</ele>
				<time>2022-08-27T15:40:13Z</time>
			</trkpt>
			<trkpt lat="59.938492065700444" lon="30.227074947083473">
				<ele>-0.05476750526577234</ele>
				<time>2022-08-27T15:40:16Z</time>
			</trkpt>
			<trkpt lat="59.93848190794915" lon="30.227031588005982">
				<ele>0.01470712386071682</ele>
				<time>2022-08-27T15:40:19Z</time>
			</trkpt>
			<trkpt lat="59.93846854585865" lon="30.226992310332623">
				<ele>0.017591621726751328</ele>
				<time>2022-08-27T15:40:21Z</time>
			</trkpt>
			<trkpt lat="59.93845910227595" lon="30.226961193388533">
				<ele>-1.60871338006109</ele>
				<time>2022-08-27T15:40:24Z</time>
			</trkpt>
			<trkpt lat="59.93845015574726" lon="30.22692579040057">
				<ele>-1.3150464817881584</ele>
				<time>2022-08-27T15:40:26Z</time>
			</trkpt>
			<trkpt lat="59.938442818860274" lon="30.226878852829007">
				<ele>-0.11998116504400969</ele>
				<time>2022-08-27T15:40:28Z</time>
			</trkpt>
			<trkpt lat="59.938428566996734" lon="30.226837925145468">
				<ele>1.148285980336368</ele>
				<time>2022-08-27T15:40:30Z</time>
			</trkpt>
			<trkpt lat="59.938423167559975" lon="30.226799751110015">
				<ele>0.7567636715248227</ele>
				<time>2022-08-27T15:40:32Z</time>
			</trkpt>
			<trkpt lat="59.938418871095244" lon="30.22676160818597">
				<ele>-2.028148061595857</ele>
				<time>2022-08-27T15:40:34Z</time>
			</trkpt>
			<trkpt lat="59.93840907050991" lon="30.226718241230298">
				<ele>0.7249855455011129</ele>
				<time>2022-08-27T15:40:36Z</time>
			</trkpt>
			<trkpt lat="59.938403174313414" lon="30.226673806014922">
				<ele>-0.04513950925320387</ele>
				<time>2022-08-27T15:40:38Z</time>
			</trkpt>
			<trkpt lat="59.938385367935815" lon="30.226647180678523">
				<ele>-3.6200556168332696</ele>
				<time>2022-08-27T15:40:41Z</time>
			</trkpt>
			<trkpt lat="59.938382607616134" lon="30.226609150467777">
				<ele>-4.0038443729281425</ele>
				<time>2022-08-27T15:40:43Z</time>
			</trkpt>
			<trkpt lat="59.93837517268555" lon="30.226575646045152">
				<ele>-1.9469403522089124</ele>
				<time>2022-08-27T15:40:44Z</time>
			</trkpt>
			<trkpt lat="59.938361376898335" lon="30.226530308758633">
				<ele>-2.409681798890233</ele>
				<time>2022-08-27T15:40:46Z</time>
			</trkpt>
			<trkpt lat="59.93835106106644" lon="30.226496553417388">
				<ele>-1.845398304052651</ele>
				<time>2022-08-27T15:40:48Z</time>
			</trkpt>
			<trkpt lat="59.93834929485337" lon="30.226458993287128">
				<ele>-1.4079747777432203</ele>
				<time>2022-08-27T15:40:50Z</time>
			</trkpt>
			<trkpt lat="59.9383360566074" lon="30.22640067540152">
				<ele>-2.1095324205234647</ele>
				<time>2022-08-27T15:40:53Z</time>
			</trkpt>
			<trkpt lat="59.938327241622744" lon="30.22636713220153">
				<ele>0.10642850399017334</ele>
				<time>2022-08-27T15:40:54Z</time>
			</trkpt>
			<trkpt lat="59.938308354825836" lon="30.22631573595999">
				<ele>0.08377374708652496</ele>
				<time>2022-08-27T15:40:57Z</time>
			</trkpt>
			<trkpt lat="59.93829823518968" lon="30.226260201533396">
				<ele>-1.3728004498407245</ele>
				<time>2022-08-27T15:41:00Z</time>
			</trkpt>
			<trkpt lat="59.93829120865721" lon="30.226226792894806">
				<ele>-1.7555418526753783</ele>
				<time>2022-08-27T15:41:02Z</time>
			</trkpt>
			<trkpt lat="59.938290478954606" lon="30.226190322929423">
				<ele>-2.2024535024538636</ele>
				<time>2022-08-27T15:41:04Z</time>
			</trkpt>
			<trkpt lat="59.93827864610511" lon="30.226141958970757">
				<ele>-1.7068350706249475</ele>
				<time>2022-08-27T15:41:06Z</time>
			</trkpt>
			<trkpt lat="59.938262625849525" lon="30.226103430476282">
				<ele>-2.1021639239042997</ele>
				<time>2022-08-27T15:41:08Z</time>
			</trkpt>
			<trkpt lat="59.93825441005565" lon="30.22604797957019">
				<ele>-1.3460762575268745</ele>
				<time>2022-08-27T15:41:11Z</time>
			</trkpt>
			<trkpt lat="59.938244945333814" lon="30.22599720496735">
				<ele>-1.09426009375602</ele>
				<time>2022-08-27T15:41:14Z</time>
			</trkpt>
			<trkpt lat="59.93823588864388" lon="30.22595117778588">
				<ele>-1.1612053932622075</ele>
				<time>2022-08-27T15:41:16Z</time>
			</trkpt>
			<trkpt lat="59.938226588834794" lon="30.225895772653686">
				<ele>0.33985738921910524</ele>
				<time>2022-08-27T15:41:18Z</time>
			</trkpt>
			<trkpt lat="59.93822492969377" lon="30.225855370390708">
				<ele>-0.04764103516936302</ele>
				<time>2022-08-27T15:41:20Z</time>
			</trkpt>
			<trkpt lat="59.938209510029786" lon="30.225811707061016">
				<ele>-0.050291928462684155</ele>
				<time>2022-08-27T15:41:22Z</time>
			</trkpt>
			<trkpt lat="59.938203737016266" lon="30.22576792082252">
				<ele>0.2553686769679189</ele>
				<time>2022-08-27T15:41:24Z</time>
			</trkpt>
			<trkpt lat="59.93819667610025" lon="30.22573417971345">
				<ele>-0.5662866830825806</ele>
				<time>2022-08-27T15:41:26Z</time>
			</trkpt>
			<trkpt lat="59.93818059922302" lon="30.225712875621156">
				<ele>-0.812976136803627</ele>
				<time>2022-08-27T15:41:28Z</time>
			</trkpt>
			<trkpt lat="59.93817048349906" lon="30.225659947704752">
				<ele>0.28686109744012356</ele>
				<time>2022-08-27T15:41:30Z</time>
			</trkpt>
			<trkpt lat="59.93816673465134" lon="30.225618003275798">
				<ele>-0.6585250468924642</ele>
				<time>2022-08-27T15:41:32Z</time>
			</trkpt>
			<trkpt lat="59.93815334237555" lon="30.22558553932076">
				<ele>0.5724593326449394</ele>
				<time>2022-08-27T15:41:34Z</time>
			</trkpt>
			<trkpt lat="59.93814575712153" lon="30.225542561829066">
				<ele>1.1797479772940278</ele>
				<time>2022-08-27T15:41:36Z</time>
			</trkpt>
			<trkpt lat="59.93813628155338" lon="30.225479479575224">
				<ele>-1.5240957476198673</ele>
				<time>2022-08-27T15:41:39Z</time>
			</trkpt>
			<trkpt lat="59.938119631514795" lon="30.225430479825704">
				<ele>1.1492748595774174</ele>
				<time>2022-08-27T15:41:42Z</time>
			</trkpt>
			<trkpt lat="59.93810082501649" lon="30.225389176523375">
				<ele>2.485716632567346</ele>
				<time>2022-08-27T15:41:47Z</time>
			</trkpt>
			<trkpt lat="59.93808511019954" lon="30.22534812266193">
				<ele>3.034408045001328</ele>
				<time>2022-08-27T15:41:50Z</time>
			</trkpt>
			<trkpt lat="59.938074939462005" lon="30.225309294002983">
				<ele>3.690523559227586</ele>
				<time>2022-08-27T15:41:53Z</time>
			</trkpt>
			<trkpt lat="59.9380570890504" lon="30.225272661497566">
				<ele>4.7580317705869675</ele>
				<time>2022-08-27T15:41:55Z</time>
			</trkpt>
			<trkpt lat="59.93804914021373" lon="30.225237176779935">
				<ele>4.722772850655019</ele>
				<time>2022-08-27T15:41:57Z</time>
			</trkpt>
			<trkpt lat="59.938043295565244" lon="30.225197720471307">
				<ele>4.557409976609051</ele>
				<time>2022-08-27T15:41:59Z</time>
			</trkpt>
			<trkpt lat="59.93803242562898" lon="30.225148289601517">
				<ele>4.323760132305324</ele>
				<time>2022-08-27T15:42:01Z</time>
			</trkpt>
			<trkpt lat="59.93801607763319" lon="30.225125867760596">
				<ele>4.57073228340596</ele>
				<time>2022-08-27T15:42:03Z</time>
			</trkpt>
			<trkpt lat="59.93801164201682" lon="30.225070842581058">
				<ele>4.622511426918209</ele>
				<time>2022-08-27T15:42:06Z</time>
			</trkpt>
			<trkpt lat="59.938002374392354" lon="30.225025587393457">
				<ele>4.5958371460437775</ele>
				<time>2022-08-27T15:42:08Z</time>
			</trkpt>
			<trkpt lat="59.93799761073258" lon="30.224963989843108">
				<ele>6.644447382539511</ele>
				<time>2022-08-27T15:42:10Z</time>
			</trkpt>
			<trkpt lat="59.93797867113689" lon="30.224914104333397">
				<ele>5.777907544746995</ele>
				<time>2022-08-27T15:42:13Z</time>
			</trkpt>
			<trkpt lat="59.937978027550464" lon="30.224875326156067">
				<ele>7.36236800160259</ele>
				<time>2022-08-27T15:42:14Z</time>
			</trkpt>
			<trkpt lat="59.93796596230289" lon="30.22482836875419">
				<ele>6.408429176546633</ele>
				<time>2022-08-27T15:42:16Z</time>
			</trkpt>
			<trkpt lat="59.93796588261105" lon="30.224792573067663">
				<ele>7.1051475098356605</ele>
				<time>2022-08-27T15:42:17Z</time>
			</trkpt>
			<trkpt lat="59.937963655278445" lon="30.22475701196117">
				<ele>8.095496649853885</ele>
				<time>2022-08-27T15:42:19Z</time>
			</trkpt>
			<trkpt lat="59.93796383692684" lon="30.224692663068172">
				<ele>10.540579391643405</ele>
				<time>2022-08-27T15:42:21Z</time>
			</trkpt>
			<trkpt lat="59.93795167125333" lon="30.22466438201157">
				<ele>7.378133385442197</ele>
				<time>2022-08-27T15:42:24Z</time>
			</trkpt>
			<trkpt lat="59.9379445776586" lon="30.224623986435315">
				<ele>6.36458161380142</ele>
				<time>2022-08-27T15:42:26Z</time>
			</trkpt>
			<trkpt lat="59.93793352781551" lon="30.224574295796252">
				<ele>7.757992576807737</ele>
				<time>2022-08-27T15:42:27Z</time>
			</trkpt>
			<trkpt lat="59.937921746227815" lon="30.224531048953914">
				<ele>7.4731033174321055</ele>
				<time>2022-08-27T15:42:29Z</time>
			</trkpt>
			<trkpt lat="59.93791053059944" lon="30.224489008910297">
				<ele>9.263768068514764</ele>
				<time>2022-08-27T15:42:30Z</time>
			</trkpt>
			<trkpt lat="59.93790678450702" lon="30.22454354797584">
				<ele>6.008190958760679</ele>
				<time>2022-08-27T15:42:32Z</time>
			</trkpt>
			<trkpt lat="59.937885832982204" lon="30.22448382577065">
				<ele>7.230448225513101</ele>
				<time>2022-08-27T15:42:34Z</time>
			</trkpt>
			<trkpt lat="59.937865831876934" lon="30.22443721758783">
				<ele>6.5552938869223</ele>
				<time>2022-08-27T15:42:38Z</time>
			</trkpt>
			<trkpt lat="59.937853292089876" lon="30.224395981637066">
				<ele>3.7325388165190816</ele>
				<time>2022-08-27T15:42:41Z</time>
			</trkpt>
			<trkpt lat="59.93784749877485" lon="30.22435456649988">
				<ele>3.668414051644504</ele>
				<time>2022-08-27T15:42:43Z</time>
			</trkpt>
			<trkpt lat="59.93784502103432" lon="30.224297616914594">
				<ele>5.206743940711021</ele>
				<time>2022-08-27T15:42:45Z</time>
			</trkpt>
			<trkpt lat="59.937849762672286" lon="30.224239782938593">
				<ele>4.987355217337608</ele>
				<time>2022-08-27T15:42:47Z</time>
			</trkpt>
			<trkpt lat="59.937863025366525" lon="30.22421063553215">
				<ele>4.33567694760859</ele>
				<time>2022-08-27T15:42:48Z</time>
			</trkpt>
			<trkpt lat="59.93787791102368" lon="30.224173237526365">
				<ele>4.977677053771913</ele>
				<time>2022-08-27T15:42:50Z</time>
			</trkpt>
			<trkpt lat="59.93789880342308" lon="30.224169181118988">
				<ele>3.6016732240095735</ele>
				<time>2022-08-27T15:42:51Z</time>
			</trkpt>
			<trkpt lat="59.93792479954327" lon="30.224163407649392">
				<ele>1.7583496794104576</ele>
				<time>2022-08-27T15:42:53Z</time>
			</trkpt>
			<trkpt lat="59.93794598471574" lon="30.224139147255155">
				<ele>1.3797360230237246</ele>
				<time>2022-08-27T15:42:55Z</time>
			</trkpt>
			<trkpt lat="59.937960853696524" lon="30.224117710365768">
				<ele>2.7197810783982277</ele>
				<time>2022-08-27T15:42:57Z</time>
			</trkpt>
			<trkpt lat="59.937980659048065" lon="30.224072008217043">
				<ele>2.9602685468271375</ele>
				<time>2022-08-27T15:42:59Z</time>
			</trkpt>
			<trkpt lat="59.937981827197724" lon="30.224023618585115">
				<ele>2.7676047924906015</ele>
				<time>2022-08-27T15:43:01Z</time>
			</trkpt>
			<trkpt lat="59.93798414345074" lon="30.22398751567341">
				<ele>3.390988194383681</ele>
				<time>2022-08-27T15:43:02Z</time>
			</trkpt>
			<trkpt lat="59.93798437201231" lon="30.22394012469741">
				<ele>3.7738296864554286</ele>
				<time>2022-08-27T15:43:03Z</time>
			</trkpt>
			<trkpt lat="59.937979572227455" lon="30.223903380792347">
				<ele>4.559423943981528</ele>
				<time>2022-08-27T15:43:05Z</time>
			</trkpt>
			<trkpt lat="59.937980944308556" lon="30.22385360594827">
				<ele>4.0526881497353315</ele>
				<time>2022-08-27T15:43:07Z</time>
			</trkpt>
			<trkpt lat="59.9379876939241" lon="30.22380244255912">
				<ele>4.444347401149571</ele>
				<time>2022-08-27T15:43:09Z</time>
			</trkpt>
			<trkpt lat="59.93800487923142" lon="30.223756738992975">
				<ele>3.872010719962418</ele>
				<time>2022-08-27T15:43:12Z</time>
			</trkpt>
			<trkpt lat="59.938017551088905" lon="30.223727931924373">
				<ele>3.910494857467711</ele>
				<time>2022-08-27T15:43:14Z</time>
			</trkpt>
			<trkpt lat="59.93803717778134" lon="30.22368967574305">
				<ele>4.698369092307985</ele>
				<time>2022-08-27T15:43:16Z</time>
			</trkpt>
			<trkpt lat="59.93805484494959" lon="30.22367994224269">
				<ele>4.346965558826923</ele>
				<time>2022-08-27T15:43:18Z</time>
			</trkpt>
			<trkpt lat="59.93807667191323" lon="30.223649203372126">
				<ele>5.117744918912649</ele>
				<time>2022-08-27T15:43:20Z</time>
			</trkpt>
			<trkpt lat="59.93810389919646" lon="30.22365071191729">
				<ele>1.8966928515583277</ele>
				<time>2022-08-27T15:43:23Z</time>
			</trkpt>
			<trkpt lat="59.93812723638467" lon="30.22361929153916">
				<ele>3.8952556336298585</ele>
				<time>2022-08-27T15:43:25Z</time>
			</trkpt>
			<trkpt lat="59.93816017592187" lon="30.223617494584936">
				<ele>4.2921131225302815</ele>
				<time>2022-08-27T15:43:27Z</time>
			</trkpt>
			<trkpt lat="59.93818427069917" lon="30.223627523728688">
				<ele>-0.01914757490158081</ele>
				<time>2022-08-27T15:43:31Z</time>
			</trkpt>
			<trkpt lat="59.93820456353275" lon="30.223614620073015">
				<ele>2.7164914589375257</ele>
				<time>2022-08-27T15:43:34Z</time>
			</trkpt>
			<trkpt lat="59.93821007331593" lon="30.223559203581203">
				<ele>3.5966948932036757</ele>
				<time>2022-08-27T15:43:38Z</time>
			</trkpt>
			<trkpt lat="59.938222063294496" lon="30.22350920263265">
				<ele>2.4584339382126927</ele>
				<time>2022-08-27T15:43:40Z</time>
			</trkpt>
			<trkpt lat="59.938218285648404" lon="30.22343622157287">
				<ele>3.334750543348491</ele>
				<time>2022-08-27T15:43:41Z</time>
			</trkpt>
			<trkpt lat="59.938234124636985" lon="30.22345356483419">
				<ele>4.571716326288879</ele>
				<time>2022-08-27T15:43:42Z</time>
			</trkpt>
			<trkpt lat="59.93825539820692" lon="30.223443079526582">
				<ele>1.0079594794660807</ele>
				<time>2022-08-27T15:43:44Z</time>
			</trkpt>
			<trkpt lat="59.938274449824064" lon="30.223413247714653">
				<ele>3.2103740219026804</ele>
				<time>2022-08-27T15:43:46Z</time>
			</trkpt>
			<trkpt lat="59.93827781949108" lon="30.22344879935985">
				<ele>2.3911282047629356</ele>
				<time>2022-08-27T15:43:49Z</time>
			</trkpt>
			<trkpt lat="59.938303957275885" lon="30.223414769504785">
				<ele>2.5649991119280457</ele>
				<time>2022-08-27T15:43:52Z</time>
			</trkpt>
			<trkpt lat="59.93831293416614" lon="30.223356904791586">
				<ele>3.4838521368801594</ele>
				<time>2022-08-27T15:43:57Z</time>
			</trkpt>
			<trkpt lat="59.93832689938556" lon="30.22333269531647">
				<ele>2.8942394265905023</ele>
				<time>2022-08-27T15:43:58Z</time>
			</trkpt>
			<trkpt lat="59.93834646747421" lon="30.223311236428273">
				<ele>4.9395986422896385</ele>
				<time>2022-08-27T15:44:00Z</time>
			</trkpt>
			<trkpt lat="59.93836345334938" lon="30.223290274268642">
				<ele>5.819302698597312</ele>
				<time>2022-08-27T15:44:01Z</time>
			</trkpt>
			<trkpt lat="59.938377117078616" lon="30.22326492355821">
				<ele>1.845907156355679</ele>
				<time>2022-08-27T15:44:04Z</time>
			</trkpt>
			<trkpt lat="59.93840559851337" lon="30.22324887426989">
				<ele>2.489299169741571</ele>
				<time>2022-08-27T15:44:07Z</time>
			</trkpt>
			<trkpt lat="59.938422212913295" lon="30.22322433309436">
				<ele>4.1648032162338495</ele>
				<time>2022-08-27T15:44:08Z</time>
			</trkpt>
			<trkpt lat="59.938439021227886" lon="30.22319312008646">
				<ele>4.920738780871034</ele>
				<time>2022-08-27T15:44:09Z</time>
			</trkpt>
			<trkpt lat="59.93845712879505" lon="30.2231785731154">
				<ele>5.679883195087314</ele>
				<time>2022-08-27T15:44:11Z</time>
			</trkpt>
			<trkpt lat="59.93847724390322" lon="30.223166706810606">
				<ele>3.8424558732658625</ele>
				<time>2022-08-27T15:44:14Z</time>
			</trkpt>
			<trkpt lat="59.93849365640208" lon="30.22314577750317">
				<ele>1.6437279377132654</ele>
				<time>2022-08-27T15:44:16Z</time>
			</trkpt>
			<trkpt lat="59.938511579385455" lon="30.22313487999307">
				<ele>1.8842931361868978</ele>
				<time>2022-08-27T15:44:18Z</time>
			</trkpt>
			<trkpt lat="59.93853088164117" lon="30.223099899646968">
				<ele>2.974063226953149</ele>
				<time>2022-08-27T15:44:21Z</time>
			</trkpt>
			<trkpt lat="59.938559988081856" lon="30.22311175960591">
				<ele>0.0847714738920331</ele>
				<time>2022-08-27T15:44:24Z</time>
			</trkpt>
			<trkpt lat="59.93858429471419" lon="30.22311246325258">
				<ele>1.2933818995952606</ele>
				<time>2022-08-27T15:44:26Z</time>
			</trkpt>
			<trkpt lat="59.938604306000414" lon="30.22309227141116">
				<ele>-0.690542864613235</ele>
				<time>2022-08-27T15:44:30Z</time>
			</trkpt>
			<trkpt lat="59.93862602974574" lon="30.22306611254042">
				<ele>2.3307980122044683</ele>
				<time>2022-08-27T15:44:32Z</time>
			</trkpt>
			<trkpt lat="59.93864111430908" lon="30.22303951493088">
				<ele>1.220584586262703</ele>
				<time>2022-08-27T15:44:34Z</time>
			</trkpt>
			<trkpt lat="59.938659498979185" lon="30.223012353571626">
				<ele>1.6136481240391731</ele>
				<time>2022-08-27T15:44:37Z</time>
			</trkpt>
			<trkpt lat="59.9386849670495" lon="30.223002562141627">
				<ele>2.422422058880329</ele>
				<time>2022-08-27T15:44:39Z</time>
			</trkpt>
			<trkpt lat="59.93870727148607" lon="30.222977480015096">
				<ele>0.6564990049228072</ele>
				<time>2022-08-27T15:44:41Z</time>
			</trkpt>
			<trkpt lat="59.93873277661452" lon="30.222960736731125">
				<ele>0.6476732725277543</ele>
				<time>2022-08-27T15:44:43Z</time>
			</trkpt>
			<trkpt lat="59.93874823299204" lon="30.22292729310359">
				<ele>0.26533287670463324</ele>
				<time>2022-08-27T15:44:45Z</time>
			</trkpt>
			<trkpt lat="59.938766233632535" lon="30.22290844851392">
				<ele>0.01887902431190014</ele>
				<time>2022-08-27T15:44:48Z</time>
			</trkpt>
			<trkpt lat="59.93878783558198" lon="30.222900180626098">
				<ele>-0.29162645153701305</ele>
				<time>2022-08-27T15:44:50Z</time>
			</trkpt>
			<trkpt lat="59.93880625683592" lon="30.22289596683473">
				<ele>0.9884474566206336</ele>
				<time>2022-08-27T15:44:51Z</time>
			</trkpt>
			<trkpt lat="59.93881242644018" lon="30.222852119894288">
				<ele>-2.138010905124247</ele>
				<time>2022-08-27T15:44:54Z</time>
			</trkpt>
			<trkpt lat="59.93883369248522" lon="30.222830542603326">
				<ele>0.28231475315988064</ele>
				<time>2022-08-27T15:44:57Z</time>
			</trkpt>
			<trkpt lat="59.93882804092983" lon="30.222874016173655">
				<ele>-0.0892152227461338</ele>
				<time>2022-08-27T15:44:59Z</time>
			</trkpt>
			<trkpt lat="59.93885518756553" lon="30.222855904964707">
				<ele>0.7354309540241957</ele>
				<time>2022-08-27T15:45:14Z</time>
			</trkpt>
			<trkpt lat="59.93887087700568" lon="30.222823159559354">
				<ele>2.2500909650698304</ele>
				<time>2022-08-27T15:45:16Z</time>
			</trkpt>
			<trkpt lat="59.9388765640295" lon="30.222781551517198">
				<ele>3.347228548489511</ele>
				<time>2022-08-27T15:45:18Z</time>
			</trkpt>
			<trkpt lat="59.9388924691119" lon="30.222764605082983">
				<ele>3.7810353646054864</ele>
				<time>2022-08-27T15:45:20Z</time>
			</trkpt>
			<trkpt lat="59.938906557672006" lon="30.222734929579946">
				<ele>4.138939029537141</ele>
				<time>2022-08-27T15:45:22Z</time>
			</trkpt>
			<trkpt lat="59.93893002681585" lon="30.222715002074818">
				<ele>2.063267221674323</ele>
				<time>2022-08-27T15:45:25Z</time>
			</trkpt>
			<trkpt lat="59.938945187540135" lon="30.222694069723516">
				<ele>1.4960874589160085</ele>
				<time>2022-08-27T15:45:27Z</time>
			</trkpt>
			<trkpt lat="59.93895955148539" lon="30.222667254188508">
				<ele>0.8891844060271978</ele>
				<time>2022-08-27T15:45:29Z</time>
			</trkpt>
			<trkpt lat="59.93897768633706" lon="30.22263752266212">
				<ele>5.251837708055973</ele>
				<time>2022-08-27T15:45:31Z</time>
			</trkpt>
			<trkpt lat="59.93899997181039" lon="30.222660054769655">
				<ele>-2.565379222854972</ele>
				<time>2022-08-27T15:45:33Z</time>
			</trkpt>
			<trkpt lat="59.939029603632655" lon="30.222652848110624">
				<ele>0.9018026385456324</ele>
				<time>2022-08-27T15:45:35Z</time>
			</trkpt>
			<trkpt lat="59.93905378240982" lon="30.22265253676146">
				<ele>0.6877192920073867</ele>
				<time>2022-08-27T15:45:36Z</time>
			</trkpt>
			<trkpt lat="59.93907215128733" lon="30.222650540118043">
				<ele>0.0715546514838934</ele>
				<time>2022-08-27T15:45:37Z</time>
			</trkpt>
			<trkpt lat="59.9390954348866" lon="30.222638735298755">
				<ele>0.6046752259135246</ele>
				<time>2022-08-27T15:45:38Z</time>
			</trkpt>
			<trkpt lat="59.93909478362219" lon="30.2225905559084">
				<ele>1.3610735768452287</ele>
				<time>2022-08-27T15:45:40Z</time>
			</trkpt>
			<trkpt lat="59.939101638338734" lon="30.222552209618875">
				<ele>1.2220279090106487</ele>
				<time>2022-08-27T15:45:41Z</time>
			</trkpt>
			<trkpt lat="59.93909582581405" lon="30.222541157658647">
				<ele>-1.6745916409417987</ele>
				<time>2022-08-27T15:45:42Z</time>
			</trkpt>
			<trkpt lat="59.93909284560323" lon="30.222499870345736">
				<ele>-0.28310873825103045</ele>
				<time>2022-08-27T15:45:43Z</time>
			</trkpt>
			<trkpt lat="59.93907435856739" lon="30.222469881593558">
				<ele>0.39353739004582167</ele>
				<time>2022-08-27T15:45:44Z</time>
			</trkpt>
			<trkpt lat="59.939075943716325" lon="30.22240553950164">
				<ele>1.1496968334540725</ele>
				<time>2022-08-27T15:45:47Z</time>
			</trkpt>
			<trkpt lat="59.939087266987976" lon="30.2223565288952">
				<ele>-2.8147459272295237</ele>
				<time>2022-08-27T15:45:50Z</time>
			</trkpt>
			<trkpt lat="59.93909918214196" lon="30.222303280589436">
				<ele>-1.1665006140246987</ele>
				<time>2022-08-27T15:45:52Z</time>
			</trkpt>
			<trkpt lat="59.939105845784574" lon="30.22225458233837">
				<ele>1.5469289906322956</ele>
				<time>2022-08-27T15:45:54Z</time>
			</trkpt>
			<trkpt lat="59.93912266752717" lon="30.222222743087315">
				<ele>-1.6707805525511503</ele>
				<time>2022-08-27T15:45:57Z</time>
			</trkpt>
			<trkpt lat="59.93914722473367" lon="30.222198192034128">
				<ele>-0.05551705975085497</ele>
				<time>2022-08-27T15:45:59Z</time>
			</trkpt>
			<trkpt lat="59.93915424007056" lon="30.222162134811846">
				<ele>1.4484893241897225</ele>
				<time>2022-08-27T15:46:01Z</time>
			</trkpt>
			<trkpt lat="59.93916662892136" lon="30.222103574567143">
				<ele>0.13077674806118011</ele>
				<time>2022-08-27T15:46:05Z</time>
			</trkpt>
			<trkpt lat="59.93916363235564" lon="30.22205885845631">
				<ele>1.2363495361059904</ele>
				<time>2022-08-27T15:46:07Z</time>
			</trkpt>
			<trkpt lat="59.939149007180134" lon="30.222006284569556">
				<ele>3.193870659917593</ele>
				<time>2022-08-27T15:46:09Z</time>
			</trkpt>
			<trkpt lat="59.939138358454606" lon="30.221947710853982">
				<ele>4.12874661013484</ele>
				<time>2022-08-27T15:46:12Z</time>
			</trkpt>
			<trkpt lat="59.93913997885947" lon="30.221902742046733">
				<ele>3.0939558064565063</ele>
				<time>2022-08-27T15:46:14Z</time>
			</trkpt>
			<trkpt lat="59.93914269698513" lon="30.22182436513276">
				<ele>6.121318647637963</ele>
				<time>2022-08-27T15:46:16Z</time>
			</trkpt>
			<trkpt lat="59.93912423219969" lon="30.22182750478286">
				<ele>4.626005192287266</ele>
				<time>2022-08-27T15:46:17Z</time>
			</trkpt>
			<trkpt lat="59.93912480054779" lon="30.221790380055783">
				<ele>3.031500087119639</ele>
				<time>2022-08-27T15:46:19Z</time>
			</trkpt>
			<trkpt lat="59.93912750511813" lon="30.221738585558924">
				<ele>3.524196450598538</ele>
				<time>2022-08-27T15:46:21Z</time>
			</trkpt>
			<trkpt lat="59.93912231783396" lon="30.22168710018126">
				<ele>5.060816581360996</ele>
				<time>2022-08-27T15:46:23Z</time>
			</trkpt>
			<trkpt lat="59.93911150068618" lon="30.221647548631886">
				<ele>0.5330089433118701</ele>
				<time>2022-08-27T15:46:26Z</time>
			</trkpt>
			<trkpt lat="59.939104112748645" lon="30.221607175291147">
				<ele>2.7980911238119006</ele>
				<time>2022-08-27T15:46:28Z</time>
			</trkpt>
			<trkpt lat="59.939095063728836" lon="30.2215425771573">
				<ele>2.655980828218162</ele>
				<time>2022-08-27T15:46:30Z</time>
			</trkpt>
			<trkpt lat="59.93908905298561" lon="30.221468175825077">
				<ele>3.0470637138932943</ele>
				<time>2022-08-27T15:46:32Z</time>
			</trkpt>
			<trkpt lat="59.93908756700228" lon="30.221426740473095">
				<ele>-0.42354728002101183</ele>
				<time>2022-08-27T15:46:35Z</time>
			</trkpt>
			<trkpt lat="59.939082213010394" lon="30.221380507405346">
				<ele>1.482933604158461</ele>
				<time>2022-08-27T15:46:37Z</time>
			</trkpt>
			<trkpt lat="59.93908413291572" lon="30.22132326533184">
				<ele>2.8469700925052166</ele>
				<time>2022-08-27T15:46:39Z</time>
			</trkpt>
			<trkpt lat="59.93909839177343" lon="30.221275263364948">
				<ele>4.844726948067546</ele>
				<time>2022-08-27T15:46:41Z</time>
			</trkpt>
			<trkpt lat="59.93911280177514" lon="30.22122329534703">
				<ele>1.7882331339642406</ele>
				<time>2022-08-27T15:46:44Z</time>
			</trkpt>
			<trkpt lat="59.93912917850946" lon="30.221188788544396">
				<ele>3.9031786723062396</ele>
				<time>2022-08-27T15:46:46Z</time>
			</trkpt>
			<trkpt lat="59.93913226947157" lon="30.221133244906227">
				<ele>3.9873965037986636</ele>
				<time>2022-08-27T15:46:48Z</time>
			</trkpt>
			<trkpt lat="59.939124701359454" lon="30.221095883258457">
				<ele>3.189906617626548</ele>
				<time>2022-08-27T15:46:51Z</time>
			</trkpt>
			<trkpt lat="59.93912123580285" lon="30.221051337175567">
				<ele>3.113268105313182</ele>
				<time>2022-08-27T15:46:54Z</time>
			</trkpt>
			<trkpt lat="59.93910654053122" lon="30.221000328599153">
				<ele>4.995321408845484</ele>
				<time>2022-08-27T15:46:56Z</time>
			</trkpt>
			<trkpt lat="59.93909129809111" lon="30.2209535707831">
				<ele>2.571923606097698</ele>
				<time>2022-08-27T15:47:00Z</time>
			</trkpt>
			<trkpt lat="59.93907438437384" lon="30.220920151244194">
				<ele>2.9706274094060063</ele>
				<time>2022-08-27T15:47:02Z</time>
			</trkpt>
			<trkpt lat="59.939055450010784" lon="30.220882365448187">
				<ele>4.282320999540389</ele>
				<time>2022-08-27T15:47:04Z</time>
			</trkpt>
			<trkpt lat="59.93903045377413" lon="30.22087122593618">
				<ele>4.0888922698795795</ele>
				<time>2022-08-27T15:47:07Z</time>
			</trkpt>
			<trkpt lat="59.939003823808676" lon="30.220868862534083">
				<ele>2.882836471311748</ele>
				<time>2022-08-27T15:47:09Z</time>
			</trkpt>
			<trkpt lat="59.93898985041658" lon="30.220896182317425">
				<ele>-0.0697356378659606</ele>
				<time>2022-08-27T15:47:14Z</time>
			</trkpt>
			<trkpt lat="59.93897173362901" lon="30.220939292514405">
				<ele>-0.7521377373486757</ele>
				<time>2022-08-27T15:47:16Z</time>
			</trkpt>
			<trkpt lat="59.93895208533084" lon="30.22094881923998">
				<ele>-3.457767370156944</ele>
				<time>2022-08-27T15:47:19Z</time>
			</trkpt>
			<trkpt lat="59.93892782026242" lon="30.220950345616583">
				<ele>-2.9164839098230004</ele>
				<time>2022-08-27T15:47:21Z</time>
			</trkpt>
			<trkpt lat="59.938904940826866" lon="30.22096524617957">
				<ele>-2.265720086172223</ele>
				<time>2022-08-27T15:47:24Z</time>
			</trkpt>
			<trkpt lat="59.93888561935274" lon="30.220989296774817">
				<ele>-1.764759263023734</ele>
				<time>2022-08-27T15:47:27Z</time>
			</trkpt>
			<trkpt lat="59.93886683780553" lon="30.220998381018205">
				<ele>-0.7125789569690824</ele>
				<time>2022-08-27T15:47:30Z</time>
			</trkpt>
			<trkpt lat="59.93884804732369" lon="30.220996640162618">
				<ele>0.20289644971489906</ele>
				<time>2022-08-27T15:47:31Z</time>
			</trkpt>
			<trkpt lat="59.93882282388869" lon="30.220992433114755">
				<ele>1.2824538545683026</ele>
				<time>2022-08-27T15:47:33Z</time>
			</trkpt>
			<trkpt lat="59.93879831928078" lon="30.221016472381148">
				<ele>0.5469477297738194</ele>
				<time>2022-08-27T15:47:35Z</time>
			</trkpt>
			<trkpt lat="59.938778423069564" lon="30.221016798646154">
				<ele>0.39939157851040363</ele>
				<time>2022-08-27T15:47:36Z</time>
			</trkpt>
			<trkpt lat="59.9387715218804" lon="30.221059878236307">
				<ele>-0.33568283542990685</ele>
				<time>2022-08-27T15:47:38Z</time>
			</trkpt>
			<trkpt lat="59.938763210697694" lon="30.22109982131005">
				<ele>-3.308902829885483</ele>
				<time>2022-08-27T15:47:40Z</time>
			</trkpt>
			<trkpt lat="59.938739067665345" lon="30.22111702400068">
				<ele>-1.0290707098320127</ele>
				<time>2022-08-27T15:47:43Z</time>
			</trkpt>
			<trkpt lat="59.93872104177655" lon="30.22112589398415">
				<ele>-0.40631879679858685</ele>
				<time>2022-08-27T15:47:45Z</time>
			</trkpt>
			<trkpt lat="59.938671809774476" lon="30.221168694077566">
				<ele>-2.9837982719764113</ele>
				<time>2022-08-27T15:47:48Z</time>
			</trkpt>
			<trkpt lat="59.938650515189586" lon="30.2211628975927">
				<ele>-2.09569806791842</ele>
				<time>2022-08-27T15:47:52Z</time>
			</trkpt>
			<trkpt lat="59.938625985955525" lon="30.221178409319243">
				<ele>0.5277775675058365</ele>
				<time>2022-08-27T15:47:54Z</time>
			</trkpt>
			<trkpt lat="59.93860798167333" lon="30.221179049025167">
				<ele>2.143479526974261</ele>
				<time>2022-08-27T15:47:56Z</time>
			</trkpt>
			<trkpt lat="59.938597255079316" lon="30.221142757591664">
				<ele>-3.0924453902989626</ele>
				<time>2022-08-27T15:47:59Z</time>
			</trkpt>
			<trkpt lat="59.938607182831504" lon="30.221183300818808">
				<ele>-0.8438172377645969</ele>
				<time>2022-08-27T15:48:02Z</time>
			</trkpt>
			<trkpt lat="59.938611341793184" lon="30.221234202008635">
				<ele>-0.5902514765039086</ele>
				<time>2022-08-27T15:48:03Z</time>
			</trkpt>
			<trkpt lat="59.93863755446751" lon="30.221288428916665">
				<ele>3.252217517234385</ele>
				<time>2022-08-27T15:48:05Z</time>
			</trkpt>
			<trkpt lat="59.93865480638812" lon="30.221276496946853">
				<ele>0.20603894721716642</ele>
				<time>2022-08-27T15:48:06Z</time>
			</trkpt>
			<trkpt lat="59.93867529945149" lon="30.221296889219058">
				<ele>-0.9018367873504758</ele>
				<time>2022-08-27T15:48:08Z</time>
			</trkpt>
			<trkpt lat="59.938700309493136" lon="30.22134283224639">
				<ele>1.5091385086998343</ele>
				<time>2022-08-27T15:48:10Z</time>
			</trkpt>
			<trkpt lat="59.93870286844485" lon="30.22138094846829">
				<ele>2.348271164111793</ele>
				<time>2022-08-27T15:48:12Z</time>
			</trkpt>
			<trkpt lat="59.938690345993614" lon="30.221414438600988">
				<ele>3.926675131544471</ele>
				<time>2022-08-27T15:48:13Z</time>
			</trkpt>
			<trkpt lat="59.938650911919076" lon="30.221457914454177">
				<ele>0.21140707470476627</ele>
				<time>2022-08-27T15:48:16Z</time>
			</trkpt>
			<trkpt lat="59.93863424129043" lon="30.221485697094185">
				<ele>0.9099783757701516</ele>
				<time>2022-08-27T15:48:17Z</time>
			</trkpt>
			<trkpt lat="59.93860087997434" lon="30.221514517483335">
				<ele>1.058218227699399</ele>
				<time>2022-08-27T15:48:19Z</time>
			</trkpt>
			<trkpt lat="59.938580947729136" lon="30.22153765086752">
				<ele>0.932997046969831</ele>
				<time>2022-08-27T15:48:20Z</time>
			</trkpt>
			<trkpt lat="59.9385606590061" lon="30.22153222799107">
				<ele>0.18100246787071228</ele>
				<time>2022-08-27T15:48:21Z</time>
			</trkpt>
			<trkpt lat="59.938534341122" lon="30.221530695669642">
				<ele>0.6908908477053046</ele>
				<time>2022-08-27T15:48:23Z</time>
			</trkpt>
			<trkpt lat="59.93850969751777" lon="30.22154690266351">
				<ele>1.077044129371643</ele>
				<time>2022-08-27T15:48:25Z</time>
			</trkpt>
			<trkpt lat="59.93848059848811" lon="30.22157409312075">
				<ele>0.13357883412390947</ele>
				<time>2022-08-27T15:48:28Z</time>
			</trkpt>
			<trkpt lat="59.93846102544712" lon="30.221595637772026">
				<ele>1.3006107909604907</ele>
				<time>2022-08-27T15:48:30Z</time>
			</trkpt>
			<trkpt lat="59.93844090851682" lon="30.22161562417738">
				<ele>1.5793621558696032</ele>
				<time>2022-08-27T15:48:32Z</time>
			</trkpt>
			<trkpt lat="59.93842476738196" lon="30.22163155467218">
				<ele>3.4425372993573546</ele>
				<time>2022-08-27T15:48:33Z</time>
			</trkpt>
			<trkpt lat="59.938401197257235" lon="30.22165217780489">
				<ele>3.0906860530376434</ele>
				<time>2022-08-27T15:48:36Z</time>
			</trkpt>
			<trkpt lat="59.93838163431798" lon="30.221673382061265">
				<ele>0.6899306578561664</ele>
				<time>2022-08-27T15:48:39Z</time>
			</trkpt>
			<trkpt lat="59.93835316098193" lon="30.221688225699474">
				<ele>2.4859429942443967</ele>
				<time>2022-08-27T15:48:41Z</time>
			</trkpt>
			<trkpt lat="59.93833432397452" lon="30.221703946204613">
				<ele>-0.22798188962042332</ele>
				<time>2022-08-27T15:48:44Z</time>
			</trkpt>
			<trkpt lat="59.93831604239879" lon="30.221718744400633">
				<ele>1.7303793169558048</ele>
				<time>2022-08-27T15:48:45Z</time>
			</trkpt>
			<trkpt lat="59.938295909492574" lon="30.22173786683565">
				<ele>1.2054328555241227</ele>
				<time>2022-08-27T15:48:47Z</time>
			</trkpt>
			<trkpt lat="59.93827431113039" lon="30.22174919364468">
				<ele>2.940614363178611</ele>
				<time>2022-08-27T15:48:49Z</time>
			</trkpt>
			<trkpt lat="59.938254699670786" lon="30.221769185045595">
				<ele>4.204893246293068</ele>
				<time>2022-08-27T15:48:51Z</time>
			</trkpt>
			<trkpt lat="59.93822825843773" lon="30.221814154418304">
				<ele>9.96847028285265</ele>
				<time>2022-08-27T15:48:58Z</time>
			</trkpt>
			<trkpt lat="59.93820391917201" lon="30.22181874535039">
				<ele>9.924879695288837</ele>
				<time>2022-08-27T15:48:59Z</time>
			</trkpt>
			<trkpt lat="59.93818001706213" lon="30.22183518294016">
				<ele>9.816116074100137</ele>
				<time>2022-08-27T15:49:00Z</time>
			</trkpt>
			<trkpt lat="59.9381550219222" lon="30.221857930715345">
				<ele>8.018832406029105</ele>
				<time>2022-08-27T15:49:04Z</time>
			</trkpt>
			<trkpt lat="59.938130981362534" lon="30.221884267545498">
				<ele>7.773255851119757</ele>
				<time>2022-08-27T15:49:06Z</time>
			</trkpt>
			<trkpt lat="59.93811583935138" lon="30.221909419301117">
				<ele>8.031162895262241</ele>
				<time>2022-08-27T15:49:08Z</time>
			</trkpt>
			<trkpt lat="59.93809329781255" lon="30.221937101771196">
				<ele>5.867971519008279</ele>
				<time>2022-08-27T15:49:11Z</time>
			</trkpt>
			<trkpt lat="59.93811737589109" lon="30.221937874883672">
				<ele>3.879852612502873</ele>
				<time>2022-08-27T15:49:13Z</time>
			</trkpt>
			<trkpt lat="59.93809659669448" lon="30.221951195995793">
				<ele>4.02368635404855</ele>
				<time>2022-08-27T15:49:15Z</time>
			</trkpt>
			<trkpt lat="59.93807522438958" lon="30.221975768534406">
				<ele>-2.957854219712317</ele>
				<time>2022-08-27T15:49:22Z</time>
			</trkpt>
			<trkpt lat="59.9380455873152" lon="30.221975317080236">
				<ele>-2.0058441208675504</ele>
				<time>2022-08-27T15:49:25Z</time>
			</trkpt>
			<trkpt lat="59.938032811064716" lon="30.222006343964033">
				<ele>0.7644580407068133</ele>
				<time>2022-08-27T15:49:27Z</time>
			</trkpt>
			<trkpt lat="59.93799855477453" lon="30.222019977565907">
				<ele>0.03148808982223272</ele>
				<time>2022-08-27T15:49:29Z</time>
			</trkpt>
			<trkpt lat="59.937975177400496" lon="30.222048198715164">
				<ele>1.4206460248678923</ele>
				<time>2022-08-27T15:49:33Z</time>
			</trkpt>
			<trkpt lat="59.937957093503066" lon="30.22204754736142">
				<ele>2.833141670562327</ele>
				<time>2022-08-27T15:49:35Z</time>
			</trkpt>
			<trkpt lat="59.93793756458409" lon="30.222069634541334">
				<ele>2.5181984920054674</ele>
				<time>2022-08-27T15:49:37Z</time>
			</trkpt>
			<trkpt lat="59.9379091324721" lon="30.222084433388428">
				<ele>4.723024564795196</ele>
				<time>2022-08-27T15:49:39Z</time>
			</trkpt>
			<trkpt lat="59.93788992742831" lon="30.22211227737213">
				<ele>6.275830611586571</ele>
				<time>2022-08-27T15:49:40Z</time>
			</trkpt>
			<trkpt lat="59.93788300368696" lon="30.222146417046577">
				<ele>6.391974872909486</ele>
				<time>2022-08-27T15:49:43Z</time>
			</trkpt>
			<trkpt lat="59.93786385141469" lon="30.222182468356827">
				<ele>5.778647824190557</ele>
				<time>2022-08-27T15:49:49Z</time>
			</trkpt>
			<trkpt lat="59.93783699613205" lon="30.222190653488113">
				<ele>3.920216854661703</ele>
				<time>2022-08-27T15:49:51Z</time>
			</trkpt>
			<trkpt lat="59.93780925227368" lon="30.222204029946866">
				<ele>3.8006530283018947</ele>
				<time>2022-08-27T15:49:52Z</time>
			</trkpt>
			<trkpt lat="59.93778923305363" lon="30.222229970023378">
				<ele>4.047884128056467</ele>
				<time>2022-08-27T15:49:53Z</time>
			</trkpt>
			<trkpt lat="59.937764632113606" lon="30.222228641256198">
				<ele>6.908945878967643</ele>
				<time>2022-08-27T15:49:57Z</time>
			</trkpt>
			<trkpt lat="59.937743159612936" lon="30.222229275986756">
				<ele>8.559008216485381</ele>
				<time>2022-08-27T15:49:59Z</time>
			</trkpt>
			<trkpt lat="59.937715662776995" lon="30.222243791773007">
				<ele>9.090459837578237</ele>
				<time>2022-08-27T15:50:01Z</time>
			</trkpt>
			<trkpt lat="59.93773382675593" lon="30.22225748858505">
				<ele>5.847847901284695</ele>
				<time>2022-08-27T15:50:11Z</time>
			</trkpt>
			<trkpt lat="59.93774965015188" lon="30.222232179000777">
				<ele>1.384963108226657</ele>
				<time>2022-08-27T15:50:37Z</time>
			</trkpt>
			<trkpt lat="59.93777159740728" lon="30.22223767254611">
				<ele>4.26611770875752</ele>
				<time>2022-08-27T15:50:40Z</time>
			</trkpt>
			<trkpt lat="59.937785303892824" lon="30.222205823280607">
				<ele>6.438705061562359</ele>
				<time>2022-08-27T15:50:42Z</time>
			</trkpt>
			<trkpt lat="59.93780732043751" lon="30.222204134735527">
				<ele>4.070519430562854</ele>
				<time>2022-08-27T15:50:46Z</time>
			</trkpt>
			<trkpt lat="59.93782835359314" lon="30.222173633392607">
				<ele>3.2470573829486966</ele>
				<time>2022-08-27T15:50:49Z</time>
			</trkpt>
			<trkpt lat="59.937842756333566" lon="30.22214537606131">
				<ele>2.1912825321778655</ele>
				<time>2022-08-27T15:50:51Z</time>
			</trkpt>
			<trkpt lat="59.937855033569434" lon="30.222102217503963">
				<ele>4.887701262719929</ele>
				<time>2022-08-27T15:50:53Z</time>
			</trkpt>
			<trkpt lat="59.93787760977369" lon="30.222071849558514">
				<ele>5.758886331692338</ele>
				<time>2022-08-27T15:50:55Z</time>
			</trkpt>
			<trkpt lat="59.93790869435489" lon="30.22205722916135">
				<ele>2.259108274243772</ele>
				<time>2022-08-27T15:50:59Z</time>
			</trkpt>
			<trkpt lat="59.93793783383426" lon="30.222042752025487">
				<ele>2.0041369143873453</ele>
				<time>2022-08-27T15:51:01Z</time>
			</trkpt>
			<trkpt lat="59.93795314917493" lon="30.222012801109006">
				<ele>3.2283178539946675</ele>
				<time>2022-08-27T15:51:04Z</time>
			</trkpt>
			<trkpt lat="59.937978170471744" lon="30.222000651754424">
				<ele>4.274675943888724</ele>
				<time>2022-08-27T15:51:07Z</time>
			</trkpt>
			<trkpt lat="59.93800551346811" lon="30.221991787661125">
				<ele>3.2868529306724668</ele>
				<time>2022-08-27T15:51:09Z</time>
			</trkpt>
			<trkpt lat="59.938027634233094" lon="30.221979240678806">
				<ele>5.7284812945872545</ele>
				<time>2022-08-27T15:51:11Z</time>
			</trkpt>
			<trkpt lat="59.9380491718617" lon="30.221953742106315">
				<ele>4.21874148119241</ele>
				<time>2022-08-27T15:51:13Z</time>
			</trkpt>
			<trkpt lat="59.9380743521577" lon="30.22193144481713">
				<ele>4.554604451172054</ele>
				<time>2022-08-27T15:51:15Z</time>
			</trkpt>
			<trkpt lat="59.93809451844771" lon="30.221928484614697">
				<ele>2.0236955396831036</ele>
				<time>2022-08-27T15:51:18Z</time>
			</trkpt>
			<trkpt lat="59.938111594015616" lon="30.22190344674813">
				<ele>3.196390865370631</ele>
				<time>2022-08-27T15:51:21Z</time>
			</trkpt>
			<trkpt lat="59.93812973523898" lon="30.22188908156229">
				<ele>6.33808349724859</ele>
				<time>2022-08-27T15:51:23Z</time>
			</trkpt>
			<trkpt lat="59.93815958889113" lon="30.221883577137245">
				<ele>4.240796839818358</ele>
				<time>2022-08-27T15:51:26Z</time>
			</trkpt>
			<trkpt lat="59.9381750605342" lon="30.22190818060214">
				<ele>3.8180872462689877</ele>
				<time>2022-08-27T15:51:28Z</time>
			</trkpt>
			<trkpt lat="59.938158880795086" lon="30.221919339567993">
				<ele>3.0363507196307182</ele>
				<time>2022-08-27T15:51:33Z</time>
			</trkpt>
			<trkpt lat="59.93816358617429" lon="30.221873279166505">
				<ele>3.044206263497472</ele>
				<time>2022-08-27T15:51:38Z</time>
			</trkpt>
			<trkpt lat="59.93817972646861" lon="30.221843561439606">
				<ele>3.5797749292105436</ele>
				<time>2022-08-27T15:51:40Z</time>
			</trkpt>
			<trkpt lat="59.938196366875296" lon="30.22181981315986">
				<ele>2.92561146710068</ele>
				<time>2022-08-27T15:51:42Z</time>
			</trkpt>
			<trkpt lat="59.9382198145298" lon="30.221794138619575">
				<ele>2.5186643740162253</ele>
				<time>2022-08-27T15:51:45Z</time>
			</trkpt>
			<trkpt lat="59.93823849973411" lon="30.221759100930075">
				<ele>3.159548786468804</ele>
				<time>2022-08-27T15:51:47Z</time>
			</trkpt>
			<trkpt lat="59.93824183339521" lon="30.221723519090393">
				<ele>5.159653814509511</ele>
				<time>2022-08-27T15:51:49Z</time>
			</trkpt>
			<trkpt lat="59.93826273755176" lon="30.221732609030624">
				<ele>1.842137599363923</ele>
				<time>2022-08-27T15:51:52Z</time>
			</trkpt>
			<trkpt lat="59.938288460245104" lon="30.221724428096625">
				<ele>3.39627733360976</ele>
				<time>2022-08-27T15:51:54Z</time>
			</trkpt>
			<trkpt lat="59.93830333579212" lon="30.221693127987766">
				<ele>4.289967748336494</ele>
				<time>2022-08-27T15:51:56Z</time>
			</trkpt>
			<trkpt lat="59.93831784117439" lon="30.22166369358045">
				<ele>4.362554886378348</ele>
				<time>2022-08-27T15:51:57Z</time>
			</trkpt>
			<trkpt lat="59.938337933482174" lon="30.221639919579953">
				<ele>5.134452213533223</ele>
				<time>2022-08-27T15:52:00Z</time>
			</trkpt>
			<trkpt lat="59.93836592538271" lon="30.221638465220636">
				<ele>2.4468993516638875</ele>
				<time>2022-08-27T15:52:03Z</time>
			</trkpt>
			<trkpt lat="59.938378804330355" lon="30.221613408548873">
				<ele>6.362528583034873</ele>
				<time>2022-08-27T15:52:06Z</time>
			</trkpt>
			<trkpt lat="59.938389360162276" lon="30.221574024179258">
				<ele>6.29057780187577</ele>
				<time>2022-08-27T15:52:09Z</time>
			</trkpt>
			<trkpt lat="59.9384156455735" lon="30.221578466061953">
				<ele>7.072504269890487</ele>
				<time>2022-08-27T15:52:12Z</time>
			</trkpt>
			<trkpt lat="59.93843714411108" lon="30.221597731027288">
				<ele>6.901322815567255</ele>
				<time>2022-08-27T15:52:14Z</time>
			</trkpt>
			<trkpt lat="59.93845266554488" lon="30.221570279117117">
				<ele>9.745325091294944</ele>
				<time>2022-08-27T15:52:16Z</time>
			</trkpt>
			<trkpt lat="59.938471196025404" lon="30.221550660264793">
				<ele>7.251747006550431</ele>
				<time>2022-08-27T15:52:17Z</time>
			</trkpt>
			<trkpt lat="59.938495765694405" lon="30.221545326923533">
				<ele>7.550473436713219</ele>
				<time>2022-08-27T15:52:19Z</time>
			</trkpt>
			<trkpt lat="59.938501246742405" lon="30.221507290729765">
				<ele>10.073789039626718</ele>
				<time>2022-08-27T15:52:22Z</time>
			</trkpt>
			<trkpt lat="59.93852091260345" lon="30.221480138497345">
				<ele>10.617556822486222</ele>
				<time>2022-08-27T15:52:24Z</time>
			</trkpt>
			<trkpt lat="59.938542081430455" lon="30.221444954968725">
				<ele>10.609573993831873</ele>
				<time>2022-08-27T15:52:27Z</time>
			</trkpt>
			<trkpt lat="59.93855592187176" lon="30.2213985674327">
				<ele>10.13124980777502</ele>
				<time>2022-08-27T15:52:30Z</time>
			</trkpt>
			<trkpt lat="59.938560192806655" lon="30.22135160817042">
				<ele>12.497578226029873</ele>
				<time>2022-08-27T15:52:31Z</time>
			</trkpt>
			<trkpt lat="59.938579802650736" lon="30.221331028272864">
				<ele>9.169333277270198</ele>
				<time>2022-08-27T15:52:34Z</time>
			</trkpt>
			<trkpt lat="59.93858984185334" lon="30.221299627635204">
				<ele>8.656979554332793</ele>
				<time>2022-08-27T15:52:37Z</time>
			</trkpt>
			<trkpt lat="59.93857549092443" lon="30.22124306082557">
				<ele>3.9056500075384974</ele>
				<time>2022-08-27T15:52:42Z</time>
			</trkpt>
			<trkpt lat="59.9385658537759" lon="30.221195047625883">
				<ele>4.423706476576626</ele>
				<time>2022-08-27T15:52:44Z</time>
			</trkpt>
			<trkpt lat="59.93856029686202" lon="30.221154421984938">
				<ele>4.206371831707656</ele>
				<time>2022-08-27T15:52:46Z</time>
			</trkpt>
			<trkpt lat="59.93854233190939" lon="30.22112403533943">
				<ele>6.555167715065181</ele>
				<time>2022-08-27T15:52:48Z</time>
			</trkpt>
			<trkpt lat="59.9385316174866" lon="30.221086044155026">
				<ele>5.313663439825177</ele>
				<time>2022-08-27T15:52:50Z</time>
			</trkpt>
			<trkpt lat="59.93852842829692" lon="30.22104822824098">
				<ele>5.024419832974672</ele>
				<time>2022-08-27T15:52:52Z</time>
			</trkpt>
			<trkpt lat="59.93852003566253" lon="30.221003195883252">
				<ele>3.7983938502147794</ele>
				<time>2022-08-27T15:52:54Z</time>
			</trkpt>
			<trkpt lat="59.93851260371865" lon="30.220959315419172">
				<ele>2.90976435597986</ele>
				<time>2022-08-27T15:52:57Z</time>
			</trkpt>
			<trkpt lat="59.93851009375215" lon="30.22091775665462">
				<ele>2.982764758169651</ele>
				<time>2022-08-27T15:52:59Z</time>
			</trkpt>
			<trkpt lat="59.93849454778067" lon="30.22087447184795">
				<ele>4.260010019876063</ele>
				<time>2022-08-27T15:53:01Z</time>
			</trkpt>
			<trkpt lat="59.93847964330945" lon="30.220828287380172">
				<ele>4.565394012257457</ele>
				<time>2022-08-27T15:53:04Z</time>
			</trkpt>
			<trkpt lat="59.93846778659542" lon="30.22079200325583">
				<ele>4.284452890045941</ele>
				<time>2022-08-27T15:53:06Z</time>
			</trkpt>
			<trkpt lat="59.93845486146226" lon="30.220752059545347">
				<ele>1.4068735539913177</ele>
				<time>2022-08-27T15:53:09Z</time>
			</trkpt>
			<trkpt lat="59.93845579483612" lon="30.220700648516253">
				<ele>2.1364886658266187</ele>
				<time>2022-08-27T15:53:11Z</time>
			</trkpt>
			<trkpt lat="59.938443845979165" lon="30.220658561766548">
				<ele>2.245730632916093</ele>
				<time>2022-08-27T15:53:13Z</time>
			</trkpt>
			<trkpt lat="59.93843264253879" lon="30.220620099615406">
				<ele>-0.11437580827623606</ele>
				<time>2022-08-27T15:53:15Z</time>
			</trkpt>
			<trkpt lat="59.93841276942482" lon="30.220606162935653">
				<ele>1.1698795054107904</ele>
				<time>2022-08-27T15:53:17Z</time>
			</trkpt>
			<trkpt lat="59.93840383068531" lon="30.220568428221394">
				<ele>1.4078099858015776</ele>
				<time>2022-08-27T15:53:19Z</time>
			</trkpt>
			<trkpt lat="59.93839653802111" lon="30.22051619404628">
				<ele>3.23017187230289</ele>
				<time>2022-08-27T15:53:21Z</time>
			</trkpt>
			<trkpt lat="59.938399813149175" lon="30.22046003904905">
				<ele>2.3254882395267487</ele>
				<time>2022-08-27T15:53:24Z</time>
			</trkpt>
			<trkpt lat="59.93842946847667" lon="30.220451285169524">
				<ele>2.832549628801644</ele>
				<time>2022-08-27T15:53:26Z</time>
			</trkpt>
			<trkpt lat="59.93844336335295" lon="30.22042551247607">
				<ele>2.9958626851439476</ele>
				<time>2022-08-27T15:53:27Z</time>
			</trkpt>
			<trkpt lat="59.93846020507586" lon="30.220438541773508">
				<ele>-0.43038103356957436</ele>
				<time>2022-08-27T15:53:28Z</time>
			</trkpt>
			<trkpt lat="59.93848103538106" lon="30.220431751803297">
				<ele>1.2222782680764794</ele>
				<time>2022-08-27T15:53:30Z</time>
			</trkpt>
			<trkpt lat="59.9385006510365" lon="30.220407155663512">
				<ele>1.2076153196394444</ele>
				<time>2022-08-27T15:53:32Z</time>
			</trkpt>
			<trkpt lat="59.938521749946794" lon="30.220392828979634">
				<ele>2.7799458196386695</ele>
				<time>2022-08-27T15:53:33Z</time>
			</trkpt>
			<trkpt lat="59.93853776822366" lon="30.22036904759144">
				<ele>1.2814835039898753</ele>
				<time>2022-08-27T15:53:36Z</time>
			</trkpt>
			<trkpt lat="59.93855632885882" lon="30.220368918324812">
				<ele>1.796426354907453</ele>
				<time>2022-08-27T15:53:37Z</time>
			</trkpt>
			<trkpt lat="59.93857686548366" lon="30.22034085798923">
				<ele>1.4936836054548621</ele>
				<time>2022-08-27T15:53:39Z</time>
			</trkpt>
			<trkpt lat="59.93860191309577" lon="30.220321877185437">
				<ele>3.9009636463597417</ele>
				<time>2022-08-27T15:53:41Z</time>
			</trkpt>
			<trkpt lat="59.93862716115358" lon="30.22030174373383">
				<ele>4.238566284067929</ele>
				<time>2022-08-27T15:53:44Z</time>
			</trkpt>
			<trkpt lat="59.938644944759986" lon="30.220291780537483">
				<ele>3.319448151625693</ele>
				<time>2022-08-27T15:53:46Z</time>
			</trkpt>
			<trkpt lat="59.93868401112792" lon="30.220289346578074">
				<ele>3.652524411678314</ele>
				<time>2022-08-27T15:53:48Z</time>
			</trkpt>
			<trkpt lat="59.9387119828848" lon="30.2202964132421">
				<ele>0.8599718166515231</ele>
				<time>2022-08-27T15:53:52Z</time>
			</trkpt>
			<trkpt lat="59.93873808531392" lon="30.22028126784488">
				<ele>2.8656428372487426</ele>
				<time>2022-08-27T15:53:54Z</time>
			</trkpt>
			<trkpt lat="59.9387377985122" lon="30.22023675407105">
				<ele>-2.8445829385891557</ele>
				<time>2022-08-27T15:53:56Z</time>
			</trkpt>
			<trkpt lat="59.938755652114104" lon="30.220224401816683">
				<ele>-1.7714987341314554</ele>
				<time>2022-08-27T15:53:57Z</time>
			</trkpt>
			<trkpt lat="59.938776396928866" lon="30.220209144274065">
				<ele>-0.7442318219691515</ele>
				<time>2022-08-27T15:54:00Z</time>
			</trkpt>
			<trkpt lat="59.938790680291106" lon="30.220181269854752">
				<ele>1.5853292206302285</ele>
				<time>2022-08-27T15:54:02Z</time>
			</trkpt>
			<trkpt lat="59.93880888156736" lon="30.220136341192376">
				<ele>1.6610402390360832</ele>
				<time>2022-08-27T15:54:05Z</time>
			</trkpt>
			<trkpt lat="59.938837823310934" lon="30.220097440151612">
				<ele>2.4772093957290053</ele>
				<time>2022-08-27T15:54:07Z</time>
			</trkpt>
			<trkpt lat="59.938854889648724" lon="30.22008212450599">
				<ele>2.4905707370489836</ele>
				<time>2022-08-27T15:54:08Z</time>
			</trkpt>
			<trkpt lat="59.938867560668115" lon="30.22005445907565">
				<ele>1.310487031005323</ele>
				<time>2022-08-27T15:54:10Z</time>
			</trkpt>
			<trkpt lat="59.93889634943122" lon="30.220022842161036">
				<ele>3.3657212080433965</ele>
				<time>2022-08-27T15:54:13Z</time>
			</trkpt>
			<trkpt lat="59.93891791212101" lon="30.21998002739607">
				<ele>2.097498466260731</ele>
				<time>2022-08-27T15:54:15Z</time>
			</trkpt>
			<trkpt lat="59.938918076731845" lon="30.21993032240022">
				<ele>3.9299555011093616</ele>
				<time>2022-08-27T15:54:17Z</time>
			</trkpt>
			<trkpt lat="59.93890578968722" lon="30.219897900295134">
				<ele>1.5191783821210265</ele>
				<time>2022-08-27T15:54:19Z</time>
			</trkpt>
			<trkpt lat="59.93889457861227" lon="30.219867659021592">
				<ele>1.7393132746219635</ele>
				<time>2022-08-27T15:54:20Z</time>
			</trkpt>
			<trkpt lat="59.938869920143915" lon="30.219832650538315">
				<ele>3.05666262190789</ele>
				<time>2022-08-27T15:54:22Z</time>
			</trkpt>
			<trkpt lat="59.938856039851046" lon="30.2197964240487">
				<ele>2.3449880769476295</ele>
				<time>2022-08-27T15:54:24Z</time>
			</trkpt>
			<trkpt lat="59.93884140312324" lon="30.219761904020768">
				<ele>4.382169781252742</ele>
				<time>2022-08-27T15:54:26Z</time>
			</trkpt>
			<trkpt lat="59.938824849887254" lon="30.219708650792363">
				<ele>0.7954100845381618</ele>
				<time>2022-08-27T15:54:29Z</time>
			</trkpt>
			<trkpt lat="59.9388155775428" lon="30.219675842081212">
				<ele>2.641412586905062</ele>
				<time>2022-08-27T15:54:31Z</time>
			</trkpt>
			<trkpt lat="59.93879587864681" lon="30.219641664149787">
				<ele>2.3615273404866457</ele>
				<time>2022-08-27T15:54:33Z</time>
			</trkpt>
			<trkpt lat="59.93878617351" lon="30.219609565863713">
				<ele>3.9691427564248443</ele>
				<time>2022-08-27T15:54:34Z</time>
			</trkpt>
			<trkpt lat="59.93878853024736" lon="30.21956425919163">
				<ele>1.5313157429918647</ele>
				<time>2022-08-27T15:54:37Z</time>
			</trkpt>
			<trkpt lat="59.93878775539264" lon="30.21951162106289">
				<ele>4.151468872092664</ele>
				<time>2022-08-27T15:54:39Z</time>
			</trkpt>
			<trkpt lat="59.93878819422214" lon="30.21945550866698">
				<ele>4.606873200275004</ele>
				<time>2022-08-27T15:54:41Z</time>
			</trkpt>
			<trkpt lat="59.93878700287074" lon="30.219410503136384">
				<ele>5.9399036495015025</ele>
				<time>2022-08-27T15:54:43Z</time>
			</trkpt>
			<trkpt lat="59.93878084877787" lon="30.219361975618135">
				<ele>3.5740049332380295</ele>
				<time>2022-08-27T15:54:46Z</time>
			</trkpt>
			<trkpt lat="59.93877504776955" lon="30.219310016219847">
				<ele>5.374721345491707</ele>
				<time>2022-08-27T15:54:48Z</time>
			</trkpt>
			<trkpt lat="59.93876119434597" lon="30.219274385436087">
				<ele>5.469292470254004</ele>
				<time>2022-08-27T15:54:50Z</time>
			</trkpt>
			<trkpt lat="59.93874647160456" lon="30.219243864150155">
				<ele>4.6136999521404505</ele>
				<time>2022-08-27T15:54:52Z</time>
			</trkpt>
			<trkpt lat="59.938736682509095" lon="30.219191316399986">
				<ele>5.818303687497973</ele>
				<time>2022-08-27T15:54:54Z</time>
			</trkpt>
			<trkpt lat="59.93872664985948" lon="30.219152770662408">
				<ele>4.450566901825368</ele>
				<time>2022-08-27T15:54:56Z</time>
			</trkpt>
			<trkpt lat="59.93872066860452" lon="30.219106538756822">
				<ele>4.387401050888002</ele>
				<time>2022-08-27T15:54:58Z</time>
			</trkpt>
			<trkpt lat="59.93870776111055" lon="30.21907111883883">
				<ele>4.486036706715822</ele>
				<time>2022-08-27T15:55:00Z</time>
			</trkpt>
			<trkpt lat="59.938698622627015" lon="30.21900973369212">
				<ele>3.6929912231862545</ele>
				<time>2022-08-27T15:55:02Z</time>
			</trkpt>
			<trkpt lat="59.93869048257976" lon="30.218966546132197">
				<ele>1.202081928960979</ele>
				<time>2022-08-27T15:55:05Z</time>
			</trkpt>
			<trkpt lat="59.93868368534621" lon="30.218906006893576">
				<ele>4.0112124886363745</ele>
				<time>2022-08-27T15:55:08Z</time>
			</trkpt>
			<trkpt lat="59.93867880674188" lon="30.218857096540997">
				<ele>3.7149877976626158</ele>
				<time>2022-08-27T15:55:10Z</time>
			</trkpt>
			<trkpt lat="59.93866315634551" lon="30.218796203274103">
				<ele>7.5026637222617865</ele>
				<time>2022-08-27T15:55:12Z</time>
			</trkpt>
			<trkpt lat="59.93865117105766" lon="30.218762405209773">
				<ele>2.7903527431190014</ele>
				<time>2022-08-27T15:55:15Z</time>
			</trkpt>
			<trkpt lat="59.938643732294004" lon="30.21872300168991">
				<ele>3.7919458895921707</ele>
				<time>2022-08-27T15:55:18Z</time>
			</trkpt>
			<trkpt lat="59.93862813981157" lon="30.21866519763219">
				<ele>5.302317100577056</ele>
				<time>2022-08-27T15:55:21Z</time>
			</trkpt>
			<trkpt lat="59.938606900746414" lon="30.218616284976484">
				<ele>2.727997627109289</ele>
				<time>2022-08-27T15:55:23Z</time>
			</trkpt>
			<trkpt lat="59.93860715021874" lon="30.21857284988324">
				<ele>2.2896661404520273</ele>
				<time>2022-08-27T15:55:25Z</time>
			</trkpt>
			<trkpt lat="59.938598710570346" lon="30.21852803064148">
				<ele>2.8727370342239738</ele>
				<time>2022-08-27T15:55:27Z</time>
			</trkpt>
			<trkpt lat="59.93858957147366" lon="30.218490414460504">
				<ele>3.2113142609596252</ele>
				<time>2022-08-27T15:55:29Z</time>
			</trkpt>
			<trkpt lat="59.93857874233733" lon="30.218449043837996">
				<ele>2.440490514971316</ele>
				<time>2022-08-27T15:55:31Z</time>
			</trkpt>
			<trkpt lat="59.938573881643464" lon="30.21840962612242">
				<ele>3.738246859051287</ele>
				<time>2022-08-27T15:55:33Z</time>
			</trkpt>
			<trkpt lat="59.938564939455865" lon="30.21836519009537">
				<ele>2.4793966207653284</ele>
				<time>2022-08-27T15:55:35Z</time>
			</trkpt>
			<trkpt lat="59.938559100125644" lon="30.21832694643427">
				<ele>3.250377731397748</ele>
				<time>2022-08-27T15:55:37Z</time>
			</trkpt>
			<trkpt lat="59.93855054413665" lon="30.218287961822696">
				<ele>2.70233491435647</ele>
				<time>2022-08-27T15:55:39Z</time>
			</trkpt>
			<trkpt lat="59.938546055378346" lon="30.21824512779013">
				<ele>3.4336481289938092</ele>
				<time>2022-08-27T15:55:41Z</time>
			</trkpt>
			<trkpt lat="59.938535076635624" lon="30.218199588917972">
				<ele>0.5954605508595705</ele>
				<time>2022-08-27T15:55:44Z</time>
			</trkpt>
			<trkpt lat="59.93851400598216" lon="30.218168120957206">
				<ele>1.0293711880221963</ele>
				<time>2022-08-27T15:55:46Z</time>
			</trkpt>
			<trkpt lat="59.938498779229754" lon="30.21811984569923">
				<ele>3.7537167090922594</ele>
				<time>2022-08-27T15:55:48Z</time>
			</trkpt>
			<trkpt lat="59.938485628398425" lon="30.218090164484977">
				<ele>2.348477807827294</ele>
				<time>2022-08-27T15:55:50Z</time>
			</trkpt>
			<trkpt lat="59.93845624721378" lon="30.21805785356093">
				<ele>4.385192438028753</ele>
				<time>2022-08-27T15:55:52Z</time>
			</trkpt>
			<trkpt lat="59.93843909228861" lon="30.21803369686438">
				<ele>3.893456400372088</ele>
				<time>2022-08-27T15:55:53Z</time>
			</trkpt>
			<trkpt lat="59.93842341242259" lon="30.217996975028267">
				<ele>5.988550117239356</ele>
				<time>2022-08-27T15:55:55Z</time>
			</trkpt>
			<trkpt lat="59.93843564496981" lon="30.217966127107346">
				<ele>1.0518795242533088</ele>
				<time>2022-08-27T15:55:57Z</time>
			</trkpt>
			<trkpt lat="59.93842780909002" lon="30.217924403945357">
				<ele>2.6342463539913297</ele>
				<time>2022-08-27T15:55:59Z</time>
			</trkpt>
			<trkpt lat="59.93840846732992" lon="30.21788713565459">
				<ele>2.0515864118933678</ele>
				<time>2022-08-27T15:56:01Z</time>
			</trkpt>
			<trkpt lat="59.93839441053911" lon="30.217862408647026">
				<ele>2.271120635792613</ele>
				<time>2022-08-27T15:56:03Z</time>
			</trkpt>
			<trkpt lat="59.93838078544999" lon="30.217834363537644">
				<ele>-0.4264785163104534</ele>
				<time>2022-08-27T15:56:06Z</time>
			</trkpt>
			<trkpt lat="59.938367825724775" lon="30.217793970496402">
				<ele>0.9179909322410822</ele>
				<time>2022-08-27T15:56:07Z</time>
			</trkpt>
			<trkpt lat="59.93834725392815" lon="30.21776219685006">
				<ele>-0.0712276641279459</ele>
				<time>2022-08-27T15:56:10Z</time>
			</trkpt>
			<trkpt lat="59.93834085503181" lon="30.217711243173383">
				<ele>-1.6782781016081572</ele>
				<time>2022-08-27T15:56:12Z</time>
			</trkpt>
			<trkpt lat="59.93834043377499" lon="30.217669780825567">
				<ele>-2.3576715709641576</ele>
				<time>2022-08-27T15:56:14Z</time>
			</trkpt>
			<trkpt lat="59.93833846357417" lon="30.21762860919576">
				<ele>-0.24973930697888136</ele>
				<time>2022-08-27T15:56:16Z</time>
			</trkpt>
			<trkpt lat="59.93833664308568" lon="30.217570992111906">
				<ele>-0.1434415178373456</ele>
				<time>2022-08-27T15:56:18Z</time>
			</trkpt>
			<trkpt lat="59.938340970793604" lon="30.217508163942693">
				<ele>2.0653482293710113</ele>
				<time>2022-08-27T15:56:20Z</time>
			</trkpt>
			<trkpt lat="59.93832981155024" lon="30.21746589440123">
				<ele>0.3043916765600443</ele>
				<time>2022-08-27T15:56:23Z</time>
			</trkpt>
			<trkpt lat="59.93833922652714" lon="30.217426686553683">
				<ele>0.8595382561907172</ele>
				<time>2022-08-27T15:56:25Z</time>
			</trkpt>
			<trkpt lat="59.93832582514983" lon="30.217381394188568">
				<ele>0.5389517601579428</ele>
				<time>2022-08-27T15:56:27Z</time>
			</trkpt>
			<trkpt lat="59.93831793479068" lon="30.217348990164457">
				<ele>0.3574876273050904</ele>
				<time>2022-08-27T15:56:28Z</time>
			</trkpt>
			<trkpt lat="59.93830735650926" lon="30.217318878942432">
				<ele>1.371110113337636</ele>
				<time>2022-08-27T15:56:30Z</time>
			</trkpt>
			<trkpt lat="59.93829162749799" lon="30.217290565880006">
				<ele>-2.7150007681921124</ele>
				<time>2022-08-27T15:56:32Z</time>
			</trkpt>
			<trkpt lat="59.938276632755034" lon="30.217240260267836">
				<ele>-1.9823314137756824</ele>
				<time>2022-08-27T15:56:35Z</time>
			</trkpt>
			<trkpt lat="59.93825221838067" lon="30.217190953657532">
				<ele>-2.8650458436459303</ele>
				<time>2022-08-27T15:56:38Z</time>
			</trkpt>
			<trkpt lat="59.938243630064164" lon="30.21715497658201">
				<ele>-0.6507118260487914</ele>
				<time>2022-08-27T15:56:39Z</time>
			</trkpt>
			<trkpt lat="59.93823652047665" lon="30.217117498791687">
				<ele>-3.9496045475825667</ele>
				<time>2022-08-27T15:56:42Z</time>
			</trkpt>
			<trkpt lat="59.93823849388292" lon="30.217080275802566">
				<ele>-1.9467181973159313</ele>
				<time>2022-08-27T15:56:43Z</time>
			</trkpt>
			<trkpt lat="59.93822625744035" lon="30.217022967818924">
				<ele>-2.5233649369329214</ele>
				<time>2022-08-27T15:56:45Z</time>
			</trkpt>
			<trkpt lat="59.938236463617876" lon="30.21698205940137">
				<ele>-0.4737940998747945</ele>
				<time>2022-08-27T15:56:47Z</time>
			</trkpt>
			<trkpt lat="59.93822612599459" lon="30.216939024108246">
				<ele>-2.273890543729067</ele>
				<time>2022-08-27T15:56:50Z</time>
			</trkpt>
			<trkpt lat="59.93822205791063" lon="30.21690075252687">
				<ele>-0.4836610425263643</ele>
				<time>2022-08-27T15:56:51Z</time>
			</trkpt>
			<trkpt lat="59.93821475889437" lon="30.216860286130434">
				<ele>0.9406590247526765</ele>
				<time>2022-08-27T15:56:53Z</time>
			</trkpt>
			<trkpt lat="59.9382003403569" lon="30.216821217199644">
				<ele>0.8854755591601133</ele>
				<time>2022-08-27T15:56:56Z</time>
			</trkpt>
			<trkpt lat="59.93819396774538" lon="30.21678775311552">
				<ele>2.5600337693467736</ele>
				<time>2022-08-27T15:56:57Z</time>
			</trkpt>
			<trkpt lat="59.938193104449645" lon="30.216747534697962">
				<ele>1.0875754533335567</ele>
				<time>2022-08-27T15:56:59Z</time>
			</trkpt>
			<trkpt lat="59.93817881473985" lon="30.216711218681347">
				<ele>2.624547545798123</ele>
				<time>2022-08-27T15:57:01Z</time>
			</trkpt>
			<trkpt lat="59.9381683501789" lon="30.216680865935622">
				<ele>2.198001896031201</ele>
				<time>2022-08-27T15:57:03Z</time>
			</trkpt>
			<trkpt lat="59.93815309160308" lon="30.21663867450442">
				<ele>3.556599554605782</ele>
				<time>2022-08-27T15:57:05Z</time>
			</trkpt>
			<trkpt lat="59.938154723277144" lon="30.216600573250663">
				<ele>-0.10516233276575804</ele>
				<time>2022-08-27T15:57:07Z</time>
			</trkpt>
			<trkpt lat="59.93813987980538" lon="30.21656954940088">
				<ele>0.9998344769701362</ele>
				<time>2022-08-27T15:57:09Z</time>
			</trkpt>
			<trkpt lat="59.938131187176715" lon="30.216527970880676">
				<ele>1.1167252995073795</ele>
				<time>2022-08-27T15:57:11Z</time>
			</trkpt>
			<trkpt lat="59.9381202992731" lon="30.21647731287138">
				<ele>1.604452295228839</ele>
				<time>2022-08-27T15:57:13Z</time>
			</trkpt>
			<trkpt lat="59.93810624569579" lon="30.216445964646738">
				<ele>1.6477169543504715</ele>
				<time>2022-08-27T15:57:17Z</time>
			</trkpt>
			<trkpt lat="59.938100085841214" lon="30.21638986940817">
				<ele>2.0740230679512024</ele>
				<time>2022-08-27T15:57:20Z</time>
			</trkpt>
			<trkpt lat="59.9380871917894" lon="30.21632749311397">
				<ele>4.364553624764085</ele>
				<time>2022-08-27T15:57:22Z</time>
			</trkpt>
			<trkpt lat="59.938082964263735" lon="30.21636257497604">
				<ele>8.143119449727237</ele>
				<time>2022-08-27T15:57:28Z</time>
			</trkpt>
			<trkpt lat="59.93806751414042" lon="30.216381782476457">
				<ele>6.581622272729874</ele>
				<time>2022-08-27T15:57:33Z</time>
			</trkpt>
			<trkpt lat="59.9380683471439" lon="30.216334438528282">
				<ele>6.689485824666917</ele>
				<time>2022-08-27T15:57:35Z</time>
			</trkpt>
			<trkpt lat="59.93806831204345" lon="30.216442470832146">
				<ele>4.6332498556002975</ele>
				<time>2022-08-27T15:57:51Z</time>
			</trkpt>
			<trkpt lat="59.938049432921616" lon="30.216442882752137">
				<ele>-0.38619193248450756</ele>
				<time>2022-08-27T15:57:53Z</time>
			</trkpt>
			<trkpt lat="59.93804543513828" lon="30.216403739505353">
				<ele>-6.520730727352202</ele>
				<time>2022-08-27T15:57:55Z</time>
			</trkpt>
			<trkpt lat="59.93804788791979" lon="30.216363245353953">
				<ele>-2.2541449731215835</ele>
				<time>2022-08-27T15:57:57Z</time>
			</trkpt>
			<trkpt lat="59.938042997231044" lon="30.216324492526486">
				<ele>-2.9570527896285057</ele>
				<time>2022-08-27T15:57:59Z</time>
			</trkpt>
			<trkpt lat="59.938037069381544" lon="30.21628021747032">
				<ele>-1.1561522530391812</ele>
				<time>2022-08-27T15:58:01Z</time>
			</trkpt>
			<trkpt lat="59.93802514627623" lon="30.216252679366022">
				<ele>-3.483362109400332</ele>
				<time>2022-08-27T15:58:03Z</time>
			</trkpt>
			<trkpt lat="59.93801777583069" lon="30.216213821725937">
				<ele>-1.704088426195085</ele>
				<time>2022-08-27T15:58:05Z</time>
			</trkpt>
			<trkpt lat="59.93800658051848" lon="30.21616583335963">
				<ele>0.5190568370744586</ele>
				<time>2022-08-27T15:58:07Z</time>
			</trkpt>
			<trkpt lat="59.9380026268945" lon="30.21612955933325">
				<ele>1.6127132438123226</ele>
				<time>2022-08-27T15:58:09Z</time>
			</trkpt>
			<trkpt lat="59.93798190165573" lon="30.216095525624365">
				<ele>0.7727780127897859</ele>
				<time>2022-08-27T15:58:11Z</time>
			</trkpt>
			<trkpt lat="59.937981604714" lon="30.2161333141089">
				<ele>2.1323752757161856</ele>
				<time>2022-08-27T15:58:14Z</time>
			</trkpt>
			<trkpt lat="59.93795879977426" lon="30.216173284840725">
				<ele>2.6718784254044294</ele>
				<time>2022-08-27T15:58:16Z</time>
			</trkpt>
			<trkpt lat="59.93793709097887" lon="30.216205023464738">
				<ele>1.8412389671429992</ele>
				<time>2022-08-27T15:58:17Z</time>
			</trkpt>
			<trkpt lat="59.93791437662945" lon="30.21624862940905">
				<ele>1.9699262576177716</ele>
				<time>2022-08-27T15:58:18Z</time>
			</trkpt>
			<trkpt lat="59.937884285875704" lon="30.216255942181874">
				<ele>-2.8982767714187503</ele>
				<time>2022-08-27T15:58:21Z</time>
			</trkpt>
			<trkpt lat="59.93787033686383" lon="30.21622441783313">
				<ele>2.165364163927734</ele>
				<time>2022-08-27T15:58:26Z</time>
			</trkpt>
			<trkpt lat="59.93785082070628" lon="30.21618740447688">
				<ele>2.6160847200080752</ele>
				<time>2022-08-27T15:58:28Z</time>
			</trkpt>
			<trkpt lat="59.93782911827804" lon="30.21614184141836">
				<ele>1.9239435121417046</ele>
				<time>2022-08-27T15:58:30Z</time>
			</trkpt>
			<trkpt lat="59.9378078476808" lon="30.216114789062598">
				<ele>2.355138278566301</ele>
				<time>2022-08-27T15:58:31Z</time>
			</trkpt>
			<trkpt lat="59.937794595845666" lon="30.216075232140117">
				<ele>2.023329084739089</ele>
				<time>2022-08-27T15:58:34Z</time>
			</trkpt>
			<trkpt lat="59.93777703785047" lon="30.216040721793018">
				<ele>-0.24168294481933117</ele>
				<time>2022-08-27T15:58:36Z</time>
			</trkpt>
			<trkpt lat="59.93776968666072" lon="30.21598343059348">
				<ele>2.252256221137941</ele>
				<time>2022-08-27T15:58:38Z</time>
			</trkpt>
			<trkpt lat="59.937756509067135" lon="30.215947987387917">
				<ele>2.2773109981790185</ele>
				<time>2022-08-27T15:58:40Z</time>
			</trkpt>
			<trkpt lat="59.937747846179384" lon="30.215897770654518">
				<ele>3.8661992931738496</ele>
				<time>2022-08-27T15:58:42Z</time>
			</trkpt>
			<trkpt lat="59.93772512504402" lon="30.21589236246108">
				<ele>0.47782412078231573</ele>
				<time>2022-08-27T15:58:43Z</time>
			</trkpt>
			<trkpt lat="59.93772564407429" lon="30.215831537840817">
				<ele>1.8846349976956844</ele>
				<time>2022-08-27T15:58:46Z</time>
			</trkpt>
			<trkpt lat="59.937720929656535" lon="30.21579672932787">
				<ele>1.4615510664880276</ele>
				<time>2022-08-27T15:58:48Z</time>
			</trkpt>
			<trkpt lat="59.93771207383681" lon="30.215758679747942">
				<ele>2.0374163389205933</ele>
				<time>2022-08-27T15:58:49Z</time>
			</trkpt>
			<trkpt lat="59.93769567082516" lon="30.215743254581344">
				<ele>-0.6204312471672893</ele>
				<time>2022-08-27T15:58:51Z</time>
			</trkpt>
			<trkpt lat="59.93767740410144" lon="30.215708695652545">
				<ele>0.5087751625105739</ele>
				<time>2022-08-27T15:58:52Z</time>
			</trkpt>
			<trkpt lat="59.93767572617888" lon="30.21566444759249">
				<ele>4.336259436793625</ele>
				<time>2022-08-27T15:58:54Z</time>
			</trkpt>
			<trkpt lat="59.93766633123366" lon="30.215623769299174">
				<ele>3.7448906740173697</ele>
				<time>2022-08-27T15:58:57Z</time>
			</trkpt>
			<trkpt lat="59.9376656299024" lon="30.21558774797886">
				<ele>5.422509852796793</ele>
				<time>2022-08-27T15:58:58Z</time>
			</trkpt>
			<trkpt lat="59.93765848246088" lon="30.215550070666865">
				<ele>5.183871112763882</ele>
				<time>2022-08-27T15:59:00Z</time>
			</trkpt>
			<trkpt lat="59.937655431160906" lon="30.215509335251525">
				<ele>4.641011409461498</ele>
				<time>2022-08-27T15:59:02Z</time>
			</trkpt>
			<trkpt lat="59.937645444157376" lon="30.215474881772078">
				<ele>4.56924853194505</ele>
				<time>2022-08-27T15:59:04Z</time>
			</trkpt>
			<trkpt lat="59.93763170793642" lon="30.21542477366716">
				<ele>6.075338156893849</ele>
				<time>2022-08-27T15:59:06Z</time>
			</trkpt>
			<trkpt lat="59.937629559365384" lon="30.215387189630537">
				<ele>5.702928255312145</ele>
				<time>2022-08-27T15:59:08Z</time>
			</trkpt>
			<trkpt lat="59.937626357807694" lon="30.215348486236067">
				<ele>8.898529208265245</ele>
				<time>2022-08-27T15:59:09Z</time>
			</trkpt>
			<trkpt lat="59.937602890425694" lon="30.215344316254566">
				<ele>6.733915344811976</ele>
				<time>2022-08-27T15:59:11Z</time>
			</trkpt>
			<trkpt lat="59.93757800535561" lon="30.215267434539545">
				<ele>9.812979261390865</ele>
				<time>2022-08-27T15:59:13Z</time>
			</trkpt>
			<trkpt lat="59.93757010324384" lon="30.215209004179673">
				<ele>5.072878443636</ele>
				<time>2022-08-27T15:59:18Z</time>
			</trkpt>
			<trkpt lat="59.9375629220412" lon="30.215161782376526">
				<ele>6.574104028753936</ele>
				<time>2022-08-27T15:59:21Z</time>
			</trkpt>
			<trkpt lat="59.93756484704761" lon="30.215124874104355">
				<ele>4.49820648226887</ele>
				<time>2022-08-27T15:59:24Z</time>
			</trkpt>
			<trkpt lat="59.9375525004892" lon="30.21509132151279">
				<ele>5.1235787300392985</ele>
				<time>2022-08-27T15:59:27Z</time>
			</trkpt>
			<trkpt lat="59.9375362323394" lon="30.21504871242583">
				<ele>0.6861095670610666</ele>
				<time>2022-08-27T15:59:30Z</time>
			</trkpt>
			<trkpt lat="59.93752131798685" lon="30.21500569440919">
				<ele>1.1598934354260564</ele>
				<time>2022-08-27T15:59:32Z</time>
			</trkpt>
			<trkpt lat="59.937501564496905" lon="30.214960945440282">
				<ele>1.9826938388869166</ele>
				<time>2022-08-27T15:59:34Z</time>
			</trkpt>
			<trkpt lat="59.93749739643563" lon="30.21491392465876">
				<ele>0.6709068519994617</ele>
				<time>2022-08-27T15:59:36Z</time>
			</trkpt>
			<trkpt lat="59.937496682002326" lon="30.214849141829163">
				<ele>1.4932414311915636</ele>
				<time>2022-08-27T15:59:39Z</time>
			</trkpt>
			<trkpt lat="59.937497106037775" lon="30.214787463118878">
				<ele>1.9211402125656605</ele>
				<time>2022-08-27T15:59:41Z</time>
			</trkpt>
			<trkpt lat="59.937487188819965" lon="30.21475303402558">
				<ele>4.0517047718167305</ele>
				<time>2022-08-27T15:59:43Z</time>
			</trkpt>
			<trkpt lat="59.9374693330898" lon="30.214745120547303">
				<ele>0.1058290796354413</ele>
				<time>2022-08-27T15:59:45Z</time>
			</trkpt>
			<trkpt lat="59.937460685406194" lon="30.214689297078174">
				<ele>-0.24416745640337467</ele>
				<time>2022-08-27T15:59:48Z</time>
			</trkpt>
			<trkpt lat="59.93744739577337" lon="30.214639371173906">
				<ele>1.085126604884863</ele>
				<time>2022-08-27T15:59:50Z</time>
			</trkpt>
			<trkpt lat="59.937440793346724" lon="30.21459430956738">
				<ele>2.7549070129171014</ele>
				<time>2022-08-27T15:59:52Z</time>
			</trkpt>
			<trkpt lat="59.93743366984698" lon="30.214536020048925">
				<ele>0.4482859196141362</ele>
				<time>2022-08-27T15:59:55Z</time>
			</trkpt>
			<trkpt lat="59.937411295557204" lon="30.214493444199583">
				<ele>2.3938525654375553</ele>
				<time>2022-08-27T15:59:58Z</time>
			</trkpt>
			<trkpt lat="59.93740599457265" lon="30.21443293119262">
				<ele>3.5371522149071097</ele>
				<time>2022-08-27T16:00:00Z</time>
			</trkpt>
			<trkpt lat="59.93740352155242" lon="30.214392308689185">
				<ele>2.515933836810291</ele>
				<time>2022-08-27T16:00:02Z</time>
			</trkpt>
			<trkpt lat="59.937400022780096" lon="30.21434859771579">
				<ele>3.3270420972257853</ele>
				<time>2022-08-27T16:00:05Z</time>
			</trkpt>
			<trkpt lat="59.937385831315396" lon="30.2143108210519">
				<ele>2.4010611549019814</ele>
				<time>2022-08-27T16:00:07Z</time>
			</trkpt>
			<trkpt lat="59.937366348903076" lon="30.21426630201178">
				<ele>3.326322289183736</ele>
				<time>2022-08-27T16:00:09Z</time>
			</trkpt>
			<trkpt lat="59.93734337035918" lon="30.214195375243154">
				<ele>5.249838761053979</ele>
				<time>2022-08-27T16:00:11Z</time>
			</trkpt>
			<trkpt lat="59.93734068663948" lon="30.214155012269227">
				<ele>6.053632312454283</ele>
				<time>2022-08-27T16:00:14Z</time>
			</trkpt>
			<trkpt lat="59.93733268556867" lon="30.214109878143788">
				<ele>4.071220796555281</ele>
				<time>2022-08-27T16:00:17Z</time>
			</trkpt>
			<trkpt lat="59.93731305680089" lon="30.21404180863885">
				<ele>5.250225710682571</ele>
				<time>2022-08-27T16:00:20Z</time>
			</trkpt>
			<trkpt lat="59.93731262517512" lon="30.214003371770048">
				<ele>4.410167547874153</ele>
				<time>2022-08-27T16:00:22Z</time>
			</trkpt>
			<trkpt lat="59.937314489205214" lon="30.213963659732745">
				<ele>4.087402985431254</ele>
				<time>2022-08-27T16:00:24Z</time>
			</trkpt>
			<trkpt lat="59.93730923913664" lon="30.213917940332863">
				<ele>2.6880006520077586</ele>
				<time>2022-08-27T16:00:27Z</time>
			</trkpt>
			<trkpt lat="59.93730249489891" lon="30.213875779493716">
				<ele>2.8425388047471642</ele>
				<time>2022-08-27T16:00:29Z</time>
			</trkpt>
			<trkpt lat="59.937285745934254" lon="30.213821174041687">
				<ele>5.624218478798866</ele>
				<time>2022-08-27T16:00:31Z</time>
			</trkpt>
			<trkpt lat="59.937286336877015" lon="30.213778073713605">
				<ele>0.3256631325930357</ele>
				<time>2022-08-27T16:00:36Z</time>
			</trkpt>
			<trkpt lat="59.93727924207342" lon="30.21374075292632">
				<ele>-0.34278806298971176</ele>
				<time>2022-08-27T16:00:37Z</time>
			</trkpt>
			<trkpt lat="59.93726356290526" lon="30.21370503259948">
				<ele>2.9952010195702314</ele>
				<time>2022-08-27T16:00:38Z</time>
			</trkpt>
			<trkpt lat="59.93724764898703" lon="30.213688445871114">
				<ele>-0.6070257304236293</ele>
				<time>2022-08-27T16:00:41Z</time>
			</trkpt>
			<trkpt lat="59.93724389053649" lon="30.213651916599098">
				<ele>1.8268496431410313</ele>
				<time>2022-08-27T16:00:43Z</time>
			</trkpt>
			<trkpt lat="59.93723490880526" lon="30.21359959695793">
				<ele>3.049407041631639</ele>
				<time>2022-08-27T16:00:45Z</time>
			</trkpt>
			<trkpt lat="59.93722182932854" lon="30.213543715490246">
				<ele>4.738846126943827</ele>
				<time>2022-08-27T16:00:47Z</time>
			</trkpt>
			<trkpt lat="59.93720990891865" lon="30.213503933931765">
				<ele>4.810661300085485</ele>
				<time>2022-08-27T16:00:49Z</time>
			</trkpt>
			<trkpt lat="59.937191796636306" lon="30.213481282835158">
				<ele>6.607213541865349</ele>
				<time>2022-08-27T16:00:51Z</time>
			</trkpt>
			<trkpt lat="59.937179941666685" lon="30.213434161028882">
				<ele>6.99559198692441</ele>
				<time>2022-08-27T16:00:53Z</time>
			</trkpt>
			<trkpt lat="59.93716818630408" lon="30.213378618357094">
				<ele>10.066825380548835</ele>
				<time>2022-08-27T16:00:54Z</time>
			</trkpt>
			<trkpt lat="59.937159015800475" lon="30.21331963802248">
				<ele>5.143383486196399</ele>
				<time>2022-08-27T16:00:58Z</time>
			</trkpt>
			<trkpt lat="59.937154879513514" lon="30.213273310021794">
				<ele>4.159119698219001</ele>
				<time>2022-08-27T16:01:01Z</time>
			</trkpt>
			<trkpt lat="59.93714441803131" lon="30.213236956193818">
				<ele>5.799131906591356</ele>
				<time>2022-08-27T16:01:03Z</time>
			</trkpt>
			<trkpt lat="59.937134821131146" lon="30.213190172648737">
				<ele>3.6646854300051928</ele>
				<time>2022-08-27T16:01:05Z</time>
			</trkpt>
			<trkpt lat="59.937122726279846" lon="30.21315025727471">
				<ele>5.937960029579699</ele>
				<time>2022-08-27T16:01:07Z</time>
			</trkpt>
			<trkpt lat="59.937125593968595" lon="30.213114595104976">
				<ele>4.886389280669391</ele>
				<time>2022-08-27T16:01:09Z</time>
			</trkpt>
			<trkpt lat="59.9371133826054" lon="30.213069415245148">
				<ele>7.1915378123521805</ele>
				<time>2022-08-27T16:01:11Z</time>
			</trkpt>
			<trkpt lat="59.93711114839196" lon="30.213028074028962">
				<ele>6.256884720176458</ele>
				<time>2022-08-27T16:01:13Z</time>
			</trkpt>
			<trkpt lat="59.93710314389564" lon="30.212961909053057">
				<ele>6.347733880393207</ele>
				<time>2022-08-27T16:01:16Z</time>
			</trkpt>
			<trkpt lat="59.93708823610068" lon="30.21291151311729">
				<ele>3.002138185314834</ele>
				<time>2022-08-27T16:01:20Z</time>
			</trkpt>
			<trkpt lat="59.93708172663519" lon="30.21286714733771">
				<ele>2.637027459219098</ele>
				<time>2022-08-27T16:01:22Z</time>
			</trkpt>
			<trkpt lat="59.937071219655046" lon="30.212824382870235">
				<ele>3.6286656772717834</ele>
				<time>2022-08-27T16:01:25Z</time>
			</trkpt>
			<trkpt lat="59.937070937862565" lon="30.212774466682863">
				<ele>1.6833824953064322</ele>
				<time>2022-08-27T16:01:27Z</time>
			</trkpt>
			<trkpt lat="59.93707340890188" lon="30.21272566859721">
				<ele>1.5444008223712444</ele>
				<time>2022-08-27T16:01:29Z</time>
			</trkpt>
			<trkpt lat="59.93706958056498" lon="30.212680230190752">
				<ele>3.4579517589882016</ele>
				<time>2022-08-27T16:01:31Z</time>
			</trkpt>
			<trkpt lat="59.9370624640052" lon="30.21263580801071">
				<ele>2.748962638899684</ele>
				<time>2022-08-27T16:01:33Z</time>
			</trkpt>
			<trkpt lat="59.93705218594835" lon="30.212588541799704">
				<ele>4.00693164113909</ele>
				<time>2022-08-27T16:01:35Z</time>
			</trkpt>
			<trkpt lat="59.93704278461105" lon="30.212552372942834">
				<ele>3.235988332889974</ele>
				<time>2022-08-27T16:01:40Z</time>
			</trkpt>
			<trkpt lat="59.93702272212627" lon="30.212534282686768">
				<ele>6.134555802680552</ele>
				<time>2022-08-27T16:01:49Z</time>
			</trkpt>
			<trkpt lat="59.93701303249884" lon="30.212481614778344">
				<ele>6.809543411247432</ele>
				<time>2022-08-27T16:01:53Z</time>
			</trkpt>
			<trkpt lat="59.93700861508453" lon="30.212445061444832">
				<ele>6.954710680991411</ele>
				<time>2022-08-27T16:01:55Z</time>
			</trkpt>
			<trkpt lat="59.93699926623276" lon="30.212395254518896">
				<ele>8.245223592035472</ele>
				<time>2022-08-27T16:01:57Z</time>
			</trkpt>
			<trkpt lat="59.937011166596896" lon="30.212346942628656">
				<ele>6.6553754433989525</ele>
				<time>2022-08-27T16:02:00Z</time>
			</trkpt>
			<trkpt lat="59.93701600109984" lon="30.21229817499093">
				<ele>7.442055751569569</ele>
				<time>2022-08-27T16:02:02Z</time>
			</trkpt>
			<trkpt lat="59.93702436130385" lon="30.212255890322318">
				<ele>7.063285884447396</ele>
				<time>2022-08-27T16:02:04Z</time>
			</trkpt>
			<trkpt lat="59.93704255723362" lon="30.212228887380924">
				<ele>6.79255448281765</ele>
				<time>2022-08-27T16:02:06Z</time>
			</trkpt>
			<trkpt lat="59.93705458543376" lon="30.21219317546776">
				<ele>6.154188808053732</ele>
				<time>2022-08-27T16:02:08Z</time>
			</trkpt>
			<trkpt lat="59.937054488030626" lon="30.212157281272685">
				<ele>5.816472936421633</ele>
				<time>2022-08-27T16:02:10Z</time>
			</trkpt>
			<trkpt lat="59.93704042229509" lon="30.21211307162613">
				<ele>4.6795669654384255</ele>
				<time>2022-08-27T16:02:13Z</time>
			</trkpt>
			<trkpt lat="59.937038808637574" lon="30.21206856357109">
				<ele>5.184346842579544</ele>
				<time>2022-08-27T16:02:16Z</time>
			</trkpt>
			<trkpt lat="59.937034969881324" lon="30.21201994276487">
				<ele>4.356157716363668</ele>
				<time>2022-08-27T16:02:18Z</time>
			</trkpt>
			<trkpt lat="59.937023887462104" lon="30.21198008034448">
				<ele>2.2811216302216053</ele>
				<time>2022-08-27T16:02:21Z</time>
			</trkpt>
			<trkpt lat="59.93700289834874" lon="30.2119429078733">
				<ele>0.6067489618435502</ele>
				<time>2022-08-27T16:02:25Z</time>
			</trkpt>
			<trkpt lat="59.93698373035567" lon="30.211922691747247">
				<ele>2.0345029681921005</ele>
				<time>2022-08-27T16:02:27Z</time>
			</trkpt>
			<trkpt lat="59.93696263749964" lon="30.21190378242523">
				<ele>2.574530183337629</ele>
				<time>2022-08-27T16:02:29Z</time>
			</trkpt>
			<trkpt lat="59.93693979095075" lon="30.211877511675922">
				<ele>2.2182019539177418</ele>
				<time>2022-08-27T16:02:31Z</time>
			</trkpt>
			<trkpt lat="59.936912984783625" lon="30.21186554299734">
				<ele>4.066518787294626</ele>
				<time>2022-08-27T16:02:33Z</time>
			</trkpt>
			<trkpt lat="59.936890157428074" lon="30.2118726545525">
				<ele>1.0921019725501537</ele>
				<time>2022-08-27T16:02:35Z</time>
			</trkpt>
			<trkpt lat="59.93686803607905" lon="30.21184656244298">
				<ele>-0.18548403680324554</ele>
				<time>2022-08-27T16:02:37Z</time>
			</trkpt>
			<trkpt lat="59.93686615796347" lon="30.211809673067034">
				<ele>1.3180265109986067</ele>
				<time>2022-08-27T16:02:38Z</time>
			</trkpt>
			<trkpt lat="59.936841224215605" lon="30.211774860074847">
				<ele>1.7116572810336947</ele>
				<time>2022-08-27T16:02:40Z</time>
			</trkpt>
			<trkpt lat="59.93684858533704" lon="30.211724812543476">
				<ele>2.270421721972525</ele>
				<time>2022-08-27T16:02:43Z</time>
			</trkpt>
			<trkpt lat="59.93682861122788" lon="30.211691883353954">
				<ele>1.5522930203005672</ele>
				<time>2022-08-27T16:02:45Z</time>
			</trkpt>
			<trkpt lat="59.93681074311754" lon="30.21164594943219">
				<ele>2.4739437652751803</ele>
				<time>2022-08-27T16:02:48Z</time>
			</trkpt>
			<trkpt lat="59.93680122558425" lon="30.211612599506733">
				<ele>1.0898458920419216</ele>
				<time>2022-08-27T16:02:50Z</time>
			</trkpt>
			<trkpt lat="59.93678608120109" lon="30.211575844441864">
				<ele>2.5606030812487006</ele>
				<time>2022-08-27T16:02:52Z</time>
			</trkpt>
			<trkpt lat="59.93678222971322" lon="30.21153406915172">
				<ele>-0.6528286952525377</ele>
				<time>2022-08-27T16:02:55Z</time>
			</trkpt>
			<trkpt lat="59.93676887011808" lon="30.211483585618247">
				<ele>1.0923164542764425</ele>
				<time>2022-08-27T16:02:57Z</time>
			</trkpt>
			<trkpt lat="59.93675411504424" lon="30.21143192551352">
				<ele>1.0332676693797112</ele>
				<time>2022-08-27T16:02:59Z</time>
			</trkpt>
			<trkpt lat="59.936745795815156" lon="30.21138392762764">
				<ele>0.9352146415039897</ele>
				<time>2022-08-27T16:03:01Z</time>
			</trkpt>
			<trkpt lat="59.93673232721277" lon="30.21132909841043">
				<ele>2.9721579421311617</ele>
				<time>2022-08-27T16:03:03Z</time>
			</trkpt>
			<trkpt lat="59.936727061801356" lon="30.211271034859998">
				<ele>0.6326647326350212</ele>
				<time>2022-08-27T16:03:06Z</time>
			</trkpt>
			<trkpt lat="59.93671292041782" lon="30.21124041503996">
				<ele>1.5729438858106732</ele>
				<time>2022-08-27T16:03:08Z</time>
			</trkpt>
			<trkpt lat="59.93670086536667" lon="30.211198298523467">
				<ele>2.598803968168795</ele>
				<time>2022-08-27T16:03:10Z</time>
			</trkpt>
			<trkpt lat="59.936694107571455" lon="30.211135162494372">
				<ele>-1.37808517832309</ele>
				<time>2022-08-27T16:03:13Z</time>
			</trkpt>
			<trkpt lat="59.93668291623128" lon="30.2111004515578">
				<ele>1.8508622124791145</ele>
				<time>2022-08-27T16:03:15Z</time>
			</trkpt>
			<trkpt lat="59.936672288504816" lon="30.211062458745477">
				<ele>1.0578029323369265</ele>
				<time>2022-08-27T16:03:17Z</time>
			</trkpt>
			<trkpt lat="59.93666598679797" lon="30.21102213908754">
				<ele>1.782008359208703</ele>
				<time>2022-08-27T16:03:19Z</time>
			</trkpt>
			<trkpt lat="59.93665410925688" lon="30.210988052780223">
				<ele>3.5347150024026632</ele>
				<time>2022-08-27T16:03:21Z</time>
			</trkpt>
			<trkpt lat="59.93664479314352" lon="30.210953424974043">
				<ele>1.9852547198534012</ele>
				<time>2022-08-27T16:03:23Z</time>
			</trkpt>
			<trkpt lat="59.93663983738256" lon="30.210910442215045">
				<ele>3.2366442112252116</ele>
				<time>2022-08-27T16:03:25Z</time>
			</trkpt>
			<trkpt lat="59.936636054192945" lon="30.210873725014235">
				<ele>4.312699188478291</ele>
				<time>2022-08-27T16:03:27Z</time>
			</trkpt>
			<trkpt lat="59.93661447484723" lon="30.210836286196724">
				<ele>4.687560352496803</ele>
				<time>2022-08-27T16:03:30Z</time>
			</trkpt>
			<trkpt lat="59.93659482347888" lon="30.210817767207093">
				<ele>3.939568968489766</ele>
				<time>2022-08-27T16:03:34Z</time>
			</trkpt>
			<trkpt lat="59.93661819774554" lon="30.21083705983141">
				<ele>5.083144304342568</ele>
				<time>2022-08-27T16:03:42Z</time>
			</trkpt>
			<trkpt lat="59.93663657834239" lon="30.210855682394694">
				<ele>4.033612756058574</ele>
				<time>2022-08-27T16:03:43Z</time>
			</trkpt>
			<trkpt lat="59.93664534562219" lon="30.21092435904696">
				<ele>4.736945030279458</ele>
				<time>2022-08-27T16:03:46Z</time>
			</trkpt>
			<trkpt lat="59.93665081390534" lon="30.2109888858631">
				<ele>1.7725424962118268</ele>
				<time>2022-08-27T16:03:49Z</time>
			</trkpt>
			<trkpt lat="59.936657992514164" lon="30.211038916774573">
				<ele>1.5636233799159527</ele>
				<time>2022-08-27T16:03:50Z</time>
			</trkpt>
			<trkpt lat="59.93667080975701" lon="30.211092279228787">
				<ele>3.683700742200017</ele>
				<time>2022-08-27T16:03:52Z</time>
			</trkpt>
			<trkpt lat="59.93668323907398" lon="30.211126876427944">
				<ele>3.4108691085129976</ele>
				<time>2022-08-27T16:03:54Z</time>
			</trkpt>
			<trkpt lat="59.93668873616572" lon="30.211164869443596">
				<ele>3.331852987408638</ele>
				<time>2022-08-27T16:03:55Z</time>
			</trkpt>
			<trkpt lat="59.93669326844345" lon="30.211199985136076">
				<ele>3.133010814897716</ele>
				<time>2022-08-27T16:03:57Z</time>
			</trkpt>
			<trkpt lat="59.93670296484407" lon="30.211269549215565">
				<ele>5.538959705270827</ele>
				<time>2022-08-27T16:03:59Z</time>
			</trkpt>
			<trkpt lat="59.936715805013236" lon="30.21129962903101">
				<ele>2.7747929906472564</ele>
				<time>2022-08-27T16:04:02Z</time>
			</trkpt>
			<trkpt lat="59.93673006522586" lon="30.2113464350883">
				<ele>1.8441681368276477</ele>
				<time>2022-08-27T16:04:04Z</time>
			</trkpt>
			<trkpt lat="59.936742543060596" lon="30.211400203976986">
				<ele>2.793166103772819</ele>
				<time>2022-08-27T16:04:06Z</time>
			</trkpt>
			<trkpt lat="59.93675419281721" lon="30.21143245926857">
				<ele>1.7479624515399337</ele>
				<time>2022-08-27T16:04:08Z</time>
			</trkpt>
			<trkpt lat="59.93676772915562" lon="30.211484065441216">
				<ele>1.408832567743957</ele>
				<time>2022-08-27T16:04:10Z</time>
			</trkpt>
			<trkpt lat="59.93677986890979" lon="30.211523326238687">
				<ele>-0.757124581374228</ele>
				<time>2022-08-27T16:04:13Z</time>
			</trkpt>
			<trkpt lat="59.93678807873264" lon="30.211556468472427">
				<ele>-1.5322289066389203</ele>
				<time>2022-08-27T16:04:15Z</time>
			</trkpt>
			<trkpt lat="59.936800678978734" lon="30.211623499771704">
				<ele>0.11974886991083622</ele>
				<time>2022-08-27T16:04:17Z</time>
			</trkpt>
			<trkpt lat="59.936806826958595" lon="30.211659880035548">
				<ele>-0.2747227447107434</ele>
				<time>2022-08-27T16:04:19Z</time>
			</trkpt>
			<trkpt lat="59.936817649987795" lon="30.21170721693441">
				<ele>-1.1167817758396268</ele>
				<time>2022-08-27T16:04:21Z</time>
			</trkpt>
			<trkpt lat="59.93683048232666" lon="30.21173360497293">
				<ele>1.0460540000349283</ele>
				<time>2022-08-27T16:04:23Z</time>
			</trkpt>
			<trkpt lat="59.93683364780846" lon="30.211783877503375">
				<ele>-2.679070067591965</ele>
				<time>2022-08-27T16:04:25Z</time>
			</trkpt>
			<trkpt lat="59.93684005496271" lon="30.211838739242612">
				<ele>-2.6706849839538336</ele>
				<time>2022-08-27T16:04:27Z</time>
			</trkpt>
			<trkpt lat="59.936857038508386" lon="30.211880908170592">
				<ele>-1.5005353717133403</ele>
				<time>2022-08-27T16:04:29Z</time>
			</trkpt>
			<trkpt lat="59.93686364811093" lon="30.211922988531207">
				<ele>-1.6269098641350865</ele>
				<time>2022-08-27T16:04:32Z</time>
			</trkpt>
			<trkpt lat="59.936846717399966" lon="30.21195149541078">
				<ele>-3.4018164863809943</ele>
				<time>2022-08-27T16:04:34Z</time>
			</trkpt>
			<trkpt lat="59.936828759021644" lon="30.21196868562041">
				<ele>-2.267365069128573</ele>
				<time>2022-08-27T16:04:36Z</time>
			</trkpt>
			<trkpt lat="59.93680236455626" lon="30.211960836410896">
				<ele>-1.3330277698114514</ele>
				<time>2022-08-27T16:04:38Z</time>
			</trkpt>
			<trkpt lat="59.936782593061196" lon="30.21196072856843">
				<ele>-0.9862950854003429</ele>
				<time>2022-08-27T16:04:40Z</time>
			</trkpt>
			<trkpt lat="59.936763961383924" lon="30.211949037786727">
				<ele>-0.8462796499952674</ele>
				<time>2022-08-27T16:04:41Z</time>
			</trkpt>
			<trkpt lat="59.93674042513655" lon="30.211944585105037">
				<ele>-2.6425317870453</ele>
				<time>2022-08-27T16:04:44Z</time>
			</trkpt>
			<trkpt lat="59.93670857346411" lon="30.211917788110398">
				<ele>-0.6127836424857378</ele>
				<time>2022-08-27T16:04:47Z</time>
			</trkpt>
			<trkpt lat="59.936685204764345" lon="30.211931683443837">
				<ele>-0.5741657158359885</ele>
				<time>2022-08-27T16:04:49Z</time>
			</trkpt>
			<trkpt lat="59.936661786604034" lon="30.21193979687902">
				<ele>1.8671170407906175</ele>
				<time>2022-08-27T16:04:51Z</time>
			</trkpt>
			<trkpt lat="59.93663967624491" lon="30.211947753847525">
				<ele>-1.6294056782498956</ele>
				<time>2022-08-27T16:04:54Z</time>
			</trkpt>
			<trkpt lat="59.93662114167657" lon="30.211945242266683">
				<ele>0.3221044186502695</ele>
				<time>2022-08-27T16:04:55Z</time>
			</trkpt>
			<trkpt lat="59.93659870545129" lon="30.21193893306954">
				<ele>-0.43914197105914354</ele>
				<time>2022-08-27T16:04:57Z</time>
			</trkpt>
			<trkpt lat="59.93656950016451" lon="30.21194050903523">
				<ele>2.3467268999665976</ele>
				<time>2022-08-27T16:04:59Z</time>
			</trkpt>
			<trkpt lat="59.93654440740496" lon="30.211934776208096">
				<ele>-0.5638023326173425</ele>
				<time>2022-08-27T16:05:02Z</time>
			</trkpt>
			<trkpt lat="59.93651961946617" lon="30.211910757159036">
				<ele>1.7035798523575068</ele>
				<time>2022-08-27T16:05:04Z</time>
			</trkpt>
			<trkpt lat="59.93650150678402" lon="30.211905165534294">
				<ele>0.6531321266666055</ele>
				<time>2022-08-27T16:05:06Z</time>
			</trkpt>
			<trkpt lat="59.93648033758335" lon="30.211916282457036">
				<ele>1.5741781489923596</ele>
				<time>2022-08-27T16:05:08Z</time>
			</trkpt>
			<trkpt lat="59.93647927043559" lon="30.21195380075701">
				<ele>1.9364146208390594</ele>
				<time>2022-08-27T16:05:09Z</time>
			</trkpt>
			<trkpt lat="59.93646308931624" lon="30.21193549638768">
				<ele>-1.927160371094942</ele>
				<time>2022-08-27T16:05:13Z</time>
			</trkpt>
			<trkpt lat="59.93644147808063" lon="30.211916343675004">
				<ele>0.11191362608224154</ele>
				<time>2022-08-27T16:05:15Z</time>
			</trkpt>
			<trkpt lat="59.93639527657229" lon="30.211928636313647">
				<ele>-0.9649532791227102</ele>
				<time>2022-08-27T16:05:17Z</time>
			</trkpt>
			<trkpt lat="59.93637492609722" lon="30.211916636489807">
				<ele>-0.21709350496530533</ele>
				<time>2022-08-27T16:05:18Z</time>
			</trkpt>
			<trkpt lat="59.93636572313771" lon="30.211948683573148">
				<ele>0.49662213679403067</ele>
				<time>2022-08-27T16:05:19Z</time>
			</trkpt>
			<trkpt lat="59.9363476777705" lon="30.21194647569337">
				<ele>-3.7249848376959562</ele>
				<time>2022-08-27T16:05:21Z</time>
			</trkpt>
			<trkpt lat="59.936326584232525" lon="30.211959112148676">
				<ele>-1.7948272274807096</ele>
				<time>2022-08-27T16:05:24Z</time>
			</trkpt>
			<trkpt lat="59.93631801218872" lon="30.212005906977556">
				<ele>-0.17928159795701504</ele>
				<time>2022-08-27T16:05:26Z</time>
			</trkpt>
			<trkpt lat="59.936281244239716" lon="30.212007979273004">
				<ele>0.06185966543853283</ele>
				<time>2022-08-27T16:05:28Z</time>
			</trkpt>
			<trkpt lat="59.936249669144296" lon="30.211986840270907">
				<ele>1.1481916224583983</ele>
				<time>2022-08-27T16:05:29Z</time>
			</trkpt>
			<trkpt lat="59.93622189421672" lon="30.212001759542662">
				<ele>1.4373423820361495</ele>
				<time>2022-08-27T16:05:31Z</time>
			</trkpt>
			<trkpt lat="59.93620316473891" lon="30.21201377404566">
				<ele>-1.4782195687294006</ele>
				<time>2022-08-27T16:05:34Z</time>
			</trkpt>
			<trkpt lat="59.936185150878636" lon="30.212049031757434">
				<ele>-0.12225755956023932</ele>
				<time>2022-08-27T16:05:37Z</time>
			</trkpt>
			<trkpt lat="59.93616001282523" lon="30.212042535147">
				<ele>0.3166029816493392</ele>
				<time>2022-08-27T16:05:39Z</time>
			</trkpt>
			<trkpt lat="59.93613441239875" lon="30.21204189602808">
				<ele>0.6430200459435582</ele>
				<time>2022-08-27T16:05:41Z</time>
			</trkpt>
			<trkpt lat="59.93611144479151" lon="30.21203493959538">
				<ele>1.7642056792974472</ele>
				<time>2022-08-27T16:05:42Z</time>
			</trkpt>
			<trkpt lat="59.93608897373117" lon="30.212042226225982">
				<ele>-1.7509810216724873</ele>
				<time>2022-08-27T16:05:44Z</time>
			</trkpt>
			<trkpt lat="59.9360618460751" lon="30.21205014687604">
				<ele>0.6073205666616559</ele>
				<time>2022-08-27T16:05:47Z</time>
			</trkpt>
			<trkpt lat="59.936032364642955" lon="30.212035023364816">
				<ele>0.8498107250779867</ele>
				<time>2022-08-27T16:05:49Z</time>
			</trkpt>
			<trkpt lat="59.936008071133934" lon="30.21206536751002">
				<ele>1.3890894427895546</ele>
				<time>2022-08-27T16:05:51Z</time>
			</trkpt>
			<trkpt lat="59.935986838529466" lon="30.212041635650845">
				<ele>0.7920019440352917</ele>
				<time>2022-08-27T16:05:52Z</time>
			</trkpt>
			<trkpt lat="59.93595166459411" lon="30.212048781063185">
				<ele>2.293297295458615</ele>
				<time>2022-08-27T16:05:54Z</time>
			</trkpt>
			<trkpt lat="59.93591883294973" lon="30.212049142789038">
				<ele>2.3027022378519177</ele>
				<time>2022-08-27T16:05:56Z</time>
			</trkpt>
			<trkpt lat="59.935892453276004" lon="30.21203041408061">
				<ele>0.6185131315141916</ele>
				<time>2022-08-27T16:06:00Z</time>
			</trkpt>
			<trkpt lat="59.93586426704791" lon="30.212027708810595">
				<ele>1.7426476310938597</ele>
				<time>2022-08-27T16:06:02Z</time>
			</trkpt>
			<trkpt lat="59.935841487364385" lon="30.212037594436303">
				<ele>3.644318257458508</ele>
				<time>2022-08-27T16:06:04Z</time>
			</trkpt>
			<trkpt lat="59.93581690877441" lon="30.212047927966122">
				<ele>5.963253067806363</ele>
				<time>2022-08-27T16:06:06Z</time>
			</trkpt>
			<trkpt lat="59.93579284889664" lon="30.212044971215654">
				<ele>3.150784196332097</ele>
				<time>2022-08-27T16:06:08Z</time>
			</trkpt>
			<trkpt lat="59.935770855827855" lon="30.212046905309034">
				<ele>4.781349342316389</ele>
				<time>2022-08-27T16:06:10Z</time>
			</trkpt>
			<trkpt lat="59.9357450282587" lon="30.21205494620673">
				<ele>4.778088075108826</ele>
				<time>2022-08-27T16:06:12Z</time>
			</trkpt>
			<trkpt lat="59.93572299167013" lon="30.212063119865448">
				<ele>5.172776906751096</ele>
				<time>2022-08-27T16:06:14Z</time>
			</trkpt>
			<trkpt lat="59.93570167562779" lon="30.212068249963703">
				<ele>2.5389346070587635</ele>
				<time>2022-08-27T16:06:18Z</time>
			</trkpt>
			<trkpt lat="59.935675145231095" lon="30.21208138883398">
				<ele>2.3911976842209697</ele>
				<time>2022-08-27T16:06:21Z</time>
			</trkpt>
			<trkpt lat="59.93564794986428" lon="30.21209692762606">
				<ele>3.66378132160753</ele>
				<time>2022-08-27T16:06:23Z</time>
			</trkpt>
			<trkpt lat="59.93561897340587" lon="30.21210481216357">
				<ele>0.9957416588440537</ele>
				<time>2022-08-27T16:06:26Z</time>
			</trkpt>
			<trkpt lat="59.93559538268531" lon="30.212119951271074">
				<ele>1.8872844632714987</ele>
				<time>2022-08-27T16:06:28Z</time>
			</trkpt>
			<trkpt lat="59.9355765919048" lon="30.212125274458952">
				<ele>1.2900744257494807</ele>
				<time>2022-08-27T16:06:30Z</time>
			</trkpt>
			<trkpt lat="59.935551239244596" lon="30.212121397646666">
				<ele>2.658397225663066</ele>
				<time>2022-08-27T16:06:32Z</time>
			</trkpt>
			<trkpt lat="59.93552625056198" lon="30.212111803240273">
				<ele>-0.05743937101215124</ele>
				<time>2022-08-27T16:06:35Z</time>
			</trkpt>
			<trkpt lat="59.93550487634295" lon="30.21211978973814">
				<ele>1.843910782597959</ele>
				<time>2022-08-27T16:06:37Z</time>
			</trkpt>
			<trkpt lat="59.93548239182804" lon="30.212102960046696">
				<ele>2.2196994740515947</ele>
				<time>2022-08-27T16:06:54Z</time>
			</trkpt>
			<trkpt lat="59.935450427727254" lon="30.212087798864168">
				<ele>1.9662308488041162</ele>
				<time>2022-08-27T16:06:57Z</time>
			</trkpt>
			<trkpt lat="59.93543014941025" lon="30.212085474947337">
				<ele>1.3964220508933067</ele>
				<time>2022-08-27T16:06:59Z</time>
			</trkpt>
			<trkpt lat="59.935410994277476" lon="30.212074372081716">
				<ele>-0.6825188072398305</ele>
				<time>2022-08-27T16:07:02Z</time>
			</trkpt>
			<trkpt lat="59.93539148560825" lon="30.21208616714018">
				<ele>0.6231603333726525</ele>
				<time>2022-08-27T16:07:04Z</time>
			</trkpt>
			<trkpt lat="59.93537437165736" lon="30.212111760776676">
				<ele>4.706032479181886</ele>
				<time>2022-08-27T16:07:15Z</time>
			</trkpt>
			<trkpt lat="59.93535177048386" lon="30.21211179912305">
				<ele>3.8362464010715485</ele>
				<time>2022-08-27T16:07:18Z</time>
			</trkpt>
			<trkpt lat="59.9353292533421" lon="30.212097355554814">
				<ele>3.1516213975846767</ele>
				<time>2022-08-27T16:07:21Z</time>
			</trkpt>
			<trkpt lat="59.93530874301336" lon="30.212086030725605">
				<ele>-1.5836895424872637</ele>
				<time>2022-08-27T16:07:24Z</time>
			</trkpt>
			<trkpt lat="59.935274441402676" lon="30.2121051290628">
				<ele>1.5319344326853752</ele>
				<time>2022-08-27T16:07:26Z</time>
			</trkpt>
			<trkpt lat="59.93525641965786" lon="30.212104335978996">
				<ele>1.1664068456739187</ele>
				<time>2022-08-27T16:07:28Z</time>
			</trkpt>
			<trkpt lat="59.935231196734215" lon="30.212096334709052">
				<ele>1.4997586915269494</ele>
				<time>2022-08-27T16:07:30Z</time>
			</trkpt>
			<trkpt lat="59.935205260817376" lon="30.21209542623783">
				<ele>2.1862841192632914</ele>
				<time>2022-08-27T16:07:33Z</time>
			</trkpt>
			<trkpt lat="59.93517646324103" lon="30.212101367293435">
				<ele>1.8703828677535057</ele>
				<time>2022-08-27T16:07:35Z</time>
			</trkpt>
			<trkpt lat="59.93515972831807" lon="30.212115956707148">
				<ele>2.208287958987057</ele>
				<time>2022-08-27T16:07:37Z</time>
			</trkpt>
			<trkpt lat="59.93513914678172" lon="30.212123593383303">
				<ele>1.4775401251390576</ele>
				<time>2022-08-27T16:07:39Z</time>
			</trkpt>
			<trkpt lat="59.93511402400098" lon="30.212130261468584">
				<ele>1.0316161643713713</ele>
				<time>2022-08-27T16:07:41Z</time>
			</trkpt>
			<trkpt lat="59.93509567333357" lon="30.212141615280462">
				<ele>2.3032053066417575</ele>
				<time>2022-08-27T16:07:43Z</time>
			</trkpt>
			<trkpt lat="59.93507370028922" lon="30.212148280220713">
				<ele>3.1173054575920105</ele>
				<time>2022-08-27T16:07:45Z</time>
			</trkpt>
			<trkpt lat="59.93505175252749" lon="30.212154448574292">
				<ele>-1.4641029899939895</ele>
				<time>2022-08-27T16:07:47Z</time>
			</trkpt>
			<trkpt lat="59.93502961010335" lon="30.212150455324593">
				<ele>0.8642652714625001</ele>
				<time>2022-08-27T16:07:49Z</time>
			</trkpt>
			<trkpt lat="59.93500749947621" lon="30.21216389642234">
				<ele>0.0581020237877965</ele>
				<time>2022-08-27T16:07:51Z</time>
			</trkpt>
			<trkpt lat="59.93498209574396" lon="30.21218241396816">
				<ele>0.6716720750555396</ele>
				<time>2022-08-27T16:07:53Z</time>
			</trkpt>
			<trkpt lat="59.93495983163177" lon="30.21220280668663">
				<ele>1.0945530040189624</ele>
				<time>2022-08-27T16:07:55Z</time>
			</trkpt>
			<trkpt lat="59.93493987935831" lon="30.212214142324026">
				<ele>1.1844128360971808</ele>
				<time>2022-08-27T16:07:57Z</time>
			</trkpt>
			<trkpt lat="59.9349197757116" lon="30.212216253614688">
				<ele>3.1622035102918744</ele>
				<time>2022-08-27T16:07:59Z</time>
			</trkpt>
			<trkpt lat="59.934900124479455" lon="30.21222985810429">
				<ele>2.877210909500718</ele>
				<time>2022-08-27T16:08:00Z</time>
			</trkpt>
			<trkpt lat="59.934881416240934" lon="30.212276379095087">
				<ele>3.730060805566609</ele>
				<time>2022-08-27T16:08:03Z</time>
			</trkpt>
			<trkpt lat="59.934859799470296" lon="30.21229748905971">
				<ele>0.6790161076933146</ele>
				<time>2022-08-27T16:08:06Z</time>
			</trkpt>
			<trkpt lat="59.93483851874462" lon="30.212340011016003">
				<ele>1.0857287179678679</ele>
				<time>2022-08-27T16:08:09Z</time>
			</trkpt>
			<trkpt lat="59.93482843090556" lon="30.212373417789355">
				<ele>2.7581701930612326</ele>
				<time>2022-08-27T16:08:11Z</time>
			</trkpt>
			<trkpt lat="59.93481155777501" lon="30.21240916228035">
				<ele>-1.9041078304871917</ele>
				<time>2022-08-27T16:08:15Z</time>
			</trkpt>
			<trkpt lat="59.934800379336295" lon="30.212443662936728">
				<ele>0.5273840595036745</ele>
				<time>2022-08-27T16:08:17Z</time>
			</trkpt>
			<trkpt lat="59.93477352620118" lon="30.212463224774606">
				<ele>0.08985109720379114</ele>
				<time>2022-08-27T16:08:19Z</time>
			</trkpt>
			<trkpt lat="59.93475384858199" lon="30.212486011429423">
				<ele>2.6581538412719965</ele>
				<time>2022-08-27T16:08:20Z</time>
			</trkpt>
			<trkpt lat="59.93473502427998" lon="30.212489882712934">
				<ele>-0.035622223280370235</ele>
				<time>2022-08-27T16:08:21Z</time>
			</trkpt>
			<trkpt lat="59.934712455844505" lon="30.212500173137144">
				<ele>-3.2389410762116313</ele>
				<time>2022-08-27T16:08:22Z</time>
			</trkpt>
			<trkpt lat="59.93469756999705" lon="30.212559404239194">
				<ele>-0.5503343092277646</ele>
				<time>2022-08-27T16:08:25Z</time>
			</trkpt>
			<trkpt lat="59.93468118469463" lon="30.212574085225377">
				<ele>-1.121121191419661</ele>
				<time>2022-08-27T16:08:26Z</time>
			</trkpt>
			<trkpt lat="59.93466447249154" lon="30.212588906917333">
				<ele>1.467890964820981</ele>
				<time>2022-08-27T16:08:28Z</time>
			</trkpt>
			<trkpt lat="59.934647125925935" lon="30.21256884946469">
				<ele>-0.8283652774989605</ele>
				<time>2022-08-27T16:08:30Z</time>
			</trkpt>
			<trkpt lat="59.934625467916455" lon="30.212605711310133">
				<ele>-0.7751484271138906</ele>
				<time>2022-08-27T16:08:32Z</time>
			</trkpt>
			<trkpt lat="59.934609060941725" lon="30.2126412891332">
				<ele>0.5201284559443593</ele>
				<time>2022-08-27T16:08:33Z</time>
			</trkpt>
			<trkpt lat="59.93458166154229" lon="30.212681217960352">
				<ele>0.4748904136940837</ele>
				<time>2022-08-27T16:08:36Z</time>
			</trkpt>
			<trkpt lat="59.93456628190993" lon="30.21271195783976">
				<ele>1.9260208820924163</ele>
				<time>2022-08-27T16:08:38Z</time>
			</trkpt>
			<trkpt lat="59.93454629877889" lon="30.212748679908813">
				<ele>0.02908320166170597</ele>
				<time>2022-08-27T16:08:40Z</time>
			</trkpt>
			<trkpt lat="59.93451806882194" lon="30.212760373865343">
				<ele>0.8180255526676774</ele>
				<time>2022-08-27T16:08:43Z</time>
			</trkpt>
			<trkpt lat="59.93449637339794" lon="30.212789810774353">
				<ele>0.7794219888746738</ele>
				<time>2022-08-27T16:08:45Z</time>
			</trkpt>
			<trkpt lat="59.93447743093865" lon="30.212803790829692">
				<ele>1.1446467153728008</ele>
				<time>2022-08-27T16:08:47Z</time>
			</trkpt>
			<trkpt lat="59.934459615980195" lon="30.212837356439053">
				<ele>2.5441833715885878</ele>
				<time>2022-08-27T16:08:49Z</time>
			</trkpt>
			<trkpt lat="59.93443597824406" lon="30.212868457077104">
				<ele>2.8958107363432646</ele>
				<time>2022-08-27T16:08:51Z</time>
			</trkpt>
			<trkpt lat="59.93442021632706" lon="30.21288934876699">
				<ele>3.869937324896455</ele>
				<time>2022-08-27T16:08:52Z</time>
			</trkpt>
			<trkpt lat="59.93440117484996" lon="30.21290385790261">
				<ele>2.671476428397</ele>
				<time>2022-08-27T16:08:54Z</time>
			</trkpt>
			<trkpt lat="59.93438130729618" lon="30.212937555896904">
				<ele>2.5883995248004794</ele>
				<time>2022-08-27T16:08:56Z</time>
			</trkpt>
			<trkpt lat="59.93435278111396" lon="30.212950423185436">
				<ele>0.8238100558519363</ele>
				<time>2022-08-27T16:08:59Z</time>
			</trkpt>
			<trkpt lat="59.934333008638774" lon="30.21298051469317">
				<ele>2.9430012544617057</ele>
				<time>2022-08-27T16:09:01Z</time>
			</trkpt>
			<trkpt lat="59.93431307146286" lon="30.212995226509946">
				<ele>3.487545082345605</ele>
				<time>2022-08-27T16:09:03Z</time>
			</trkpt>
			<trkpt lat="59.93429424319488" lon="30.21300607606902">
				<ele>1.8390044523403049</ele>
				<time>2022-08-27T16:09:05Z</time>
			</trkpt>
			<trkpt lat="59.93427441045419" lon="30.2130287613228">
				<ele>2.597596771083772</ele>
				<time>2022-08-27T16:09:07Z</time>
			</trkpt>
			<trkpt lat="59.9342566858782" lon="30.213040818792425">
				<ele>3.3442431883886456</ele>
				<time>2022-08-27T16:09:09Z</time>
			</trkpt>
			<trkpt lat="59.9342354549418" lon="30.21306319178265">
				<ele>5.3060771860182285</ele>
				<time>2022-08-27T16:09:11Z</time>
			</trkpt>
			<trkpt lat="59.93420910173102" lon="30.213088044575933">
				<ele>3.828901401720941</ele>
				<time>2022-08-27T16:09:13Z</time>
			</trkpt>
			<trkpt lat="59.93418751546114" lon="30.21310287722027">
				<ele>4.098037854768336</ele>
				<time>2022-08-27T16:09:15Z</time>
			</trkpt>
			<trkpt lat="59.9341682791499" lon="30.213105575156977">
				<ele>4.401412647217512</ele>
				<time>2022-08-27T16:09:17Z</time>
			</trkpt>
			<trkpt lat="59.93414541146257" lon="30.213127297434177">
				<ele>4.224798860028386</ele>
				<time>2022-08-27T16:09:19Z</time>
			</trkpt>
			<trkpt lat="59.93412800851653" lon="30.213150060242864">
				<ele>4.090876765549183</ele>
				<time>2022-08-27T16:09:21Z</time>
			</trkpt>
			<trkpt lat="59.93410716179808" lon="30.213150252116442">
				<ele>1.104275201447308</ele>
				<time>2022-08-27T16:09:23Z</time>
			</trkpt>
			<trkpt lat="59.934085277163476" lon="30.213163417010513">
				<ele>4.016836814582348</ele>
				<time>2022-08-27T16:09:25Z</time>
			</trkpt>
			<trkpt lat="59.934054513856765" lon="30.213168378439086">
				<ele>3.6385825825855136</ele>
				<time>2022-08-27T16:09:27Z</time>
			</trkpt>
			<trkpt lat="59.93403180784679" lon="30.213178315591307">
				<ele>4.967513740062714</ele>
				<time>2022-08-27T16:09:29Z</time>
			</trkpt>
			<trkpt lat="59.934007343351134" lon="30.213184315691883">
				<ele>4.267314929515123</ele>
				<time>2022-08-27T16:09:32Z</time>
			</trkpt>
			<trkpt lat="59.93398593995525" lon="30.213193752037107">
				<ele>4.465562018565834</ele>
				<time>2022-08-27T16:09:34Z</time>
			</trkpt>
			<trkpt lat="59.93396052589021" lon="30.213212934275866">
				<ele>5.130035977810621</ele>
				<time>2022-08-27T16:09:36Z</time>
			</trkpt>
			<trkpt lat="59.933936753476985" lon="30.213238290910326">
				<ele>4.912101869471371</ele>
				<time>2022-08-27T16:09:38Z</time>
			</trkpt>
			<trkpt lat="59.933917144602184" lon="30.213246206165064">
				<ele>5.045425157994032</ele>
				<time>2022-08-27T16:09:40Z</time>
			</trkpt>
			<trkpt lat="59.93389536656087" lon="30.213268570973856">
				<ele>5.6212022276595235</ele>
				<time>2022-08-27T16:09:42Z</time>
			</trkpt>
			<trkpt lat="59.93387202446036" lon="30.213279601866006">
				<ele>6.064540609717369</ele>
				<time>2022-08-27T16:09:44Z</time>
			</trkpt>
			<trkpt lat="59.93385251726716" lon="30.21329855554739">
				<ele>4.544248706661165</ele>
				<time>2022-08-27T16:09:46Z</time>
			</trkpt>
			<trkpt lat="59.93382852611283" lon="30.213313628904803">
				<ele>4.357060779817402</ele>
				<time>2022-08-27T16:09:48Z</time>
			</trkpt>
			<trkpt lat="59.93380480322619" lon="30.21332588905925">
				<ele>5.049101286567748</ele>
				<time>2022-08-27T16:09:51Z</time>
			</trkpt>
			<trkpt lat="59.93377560962055" lon="30.21334445658769">
				<ele>7.037007755599916</ele>
				<time>2022-08-27T16:09:53Z</time>
			</trkpt>
			<trkpt lat="59.933755897259516" lon="30.213392147547847">
				<ele>5.79640175960958</ele>
				<time>2022-08-27T16:09:56Z</time>
			</trkpt>
			<trkpt lat="59.93374147536034" lon="30.213422177323878">
				<ele>5.457046000286937</ele>
				<time>2022-08-27T16:09:58Z</time>
			</trkpt>
			<trkpt lat="59.93371918448517" lon="30.21344010194558">
				<ele>6.738585131242871</ele>
				<time>2022-08-27T16:10:00Z</time>
			</trkpt>
			<trkpt lat="59.93370342205659" lon="30.213464690511728">
				<ele>6.899909135885537</ele>
				<time>2022-08-27T16:10:02Z</time>
			</trkpt>
			<trkpt lat="59.933683401500915" lon="30.213488462424525">
				<ele>7.518582918681204</ele>
				<time>2022-08-27T16:10:04Z</time>
			</trkpt>
			<trkpt lat="59.93366513424069" lon="30.213521147571168">
				<ele>6.95784858148545</ele>
				<time>2022-08-27T16:10:06Z</time>
			</trkpt>
			<trkpt lat="59.93364727358721" lon="30.213546150283896">
				<ele>6.734014167450368</ele>
				<time>2022-08-27T16:10:08Z</time>
			</trkpt>
			<trkpt lat="59.93362608963846" lon="30.213579595922237">
				<ele>6.782566269859672</ele>
				<time>2022-08-27T16:10:11Z</time>
			</trkpt>
			<trkpt lat="59.93360953389714" lon="30.213622588061764">
				<ele>6.916628539562225</ele>
				<time>2022-08-27T16:10:14Z</time>
			</trkpt>
			<trkpt lat="59.933595850829" lon="30.21365633065303">
				<ele>6.9407042087987065</ele>
				<time>2022-08-27T16:10:16Z</time>
			</trkpt>
			<trkpt lat="59.93357690274746" lon="30.213664609969207">
				<ele>7.340187944471836</ele>
				<time>2022-08-27T16:10:18Z</time>
			</trkpt>
			<trkpt lat="59.93355863001055" lon="30.213656050936805">
				<ele>5.911689856089652</ele>
				<time>2022-08-27T16:10:20Z</time>
			</trkpt>
			<trkpt lat="59.9335411368536" lon="30.21366744382708">
				<ele>5.658457882702351</ele>
				<time>2022-08-27T16:10:22Z</time>
			</trkpt>
			<trkpt lat="59.93350779265715" lon="30.21367354081226">
				<ele>7.206445909105241</ele>
				<time>2022-08-27T16:10:24Z</time>
			</trkpt>
			<trkpt lat="59.93349490350374" lon="30.213701290739365">
				<ele>8.58939956407994</ele>
				<time>2022-08-27T16:10:26Z</time>
			</trkpt>
			<trkpt lat="59.933476653239474" lon="30.21372031798199">
				<ele>7.529886650852859</ele>
				<time>2022-08-27T16:10:29Z</time>
			</trkpt>
			<trkpt lat="59.933455108106784" lon="30.213757402215585">
				<ele>8.270138988271356</ele>
				<time>2022-08-27T16:10:32Z</time>
			</trkpt>
			<trkpt lat="59.93343919238857" lon="30.213774143010966">
				<ele>8.315851235762239</ele>
				<time>2022-08-27T16:10:34Z</time>
			</trkpt>
			<trkpt lat="59.93342454288479" lon="30.213796739032993">
				<ele>7.342659454792738</ele>
				<time>2022-08-27T16:10:36Z</time>
			</trkpt>
			<trkpt lat="59.93340936893863" lon="30.213822276930706">
				<ele>7.704196053557098</ele>
				<time>2022-08-27T16:10:38Z</time>
			</trkpt>
			<trkpt lat="59.93337854208572" lon="30.213858866988577">
				<ele>10.400898152962327</ele>
				<time>2022-08-27T16:10:40Z</time>
			</trkpt>
			<trkpt lat="59.93336550717953" lon="30.213892446117338">
				<ele>7.5166658740490675</ele>
				<time>2022-08-27T16:10:44Z</time>
			</trkpt>
			<trkpt lat="59.9333480292296" lon="30.21391630778849">
				<ele>2.9286116398870945</ele>
				<time>2022-08-27T16:10:48Z</time>
			</trkpt>
			<trkpt lat="59.93333142366963" lon="30.213935075817748">
				<ele>4.53632861468941</ele>
				<time>2022-08-27T16:10:50Z</time>
			</trkpt>
			<trkpt lat="59.93331298903249" lon="30.2139634690418">
				<ele>5.831846120767295</ele>
				<time>2022-08-27T16:10:52Z</time>
			</trkpt>
			<trkpt lat="59.93329217824419" lon="30.2139801527412">
				<ele>6.189239948056638</ele>
				<time>2022-08-27T16:10:54Z</time>
			</trkpt>
			<trkpt lat="59.93327597435278" lon="30.2140015143513">
				<ele>5.542432271875441</ele>
				<time>2022-08-27T16:10:55Z</time>
			</trkpt>
			<trkpt lat="59.93325814172306" lon="30.21401154089156">
				<ele>4.951113460585475</ele>
				<time>2022-08-27T16:10:58Z</time>
			</trkpt>
			<trkpt lat="59.93323453361203" lon="30.214026720012754">
				<ele>5.103865115903318</ele>
				<time>2022-08-27T16:11:00Z</time>
			</trkpt>
			<trkpt lat="59.933210764059304" lon="30.214052187475627">
				<ele>7.4142568577080965</ele>
				<time>2022-08-27T16:11:03Z</time>
			</trkpt>
			<trkpt lat="59.93324025873264" lon="30.214043057514132">
				<ele>7.602439131587744</ele>
				<time>2022-08-27T16:11:12Z</time>
			</trkpt>
			<trkpt lat="59.93326840149968" lon="30.21402340773058">
				<ele>11.09032915905118</ele>
				<time>2022-08-27T16:11:15Z</time>
			</trkpt>
			<trkpt lat="59.933286793318366" lon="30.213991422771283">
				<ele>10.329352644272149</ele>
				<time>2022-08-27T16:11:17Z</time>
			</trkpt>
			<trkpt lat="59.93330309975841" lon="30.213969266974612">
				<ele>10.745799442753196</ele>
				<time>2022-08-27T16:11:19Z</time>
			</trkpt>
			<trkpt lat="59.93331949528454" lon="30.2139399677814">
				<ele>12.214501801878214</ele>
				<time>2022-08-27T16:11:21Z</time>
			</trkpt>
			<trkpt lat="59.933334571110976" lon="30.213917431730103">
				<ele>10.884012961760163</ele>
				<time>2022-08-27T16:11:23Z</time>
			</trkpt>
			<trkpt lat="59.93335540873304" lon="30.213884695476388">
				<ele>11.549951375462115</ele>
				<time>2022-08-27T16:11:26Z</time>
			</trkpt>
			<trkpt lat="59.93339140228713" lon="30.21386439869163">
				<ele>13.982261349447072</ele>
				<time>2022-08-27T16:11:28Z</time>
			</trkpt>
			<trkpt lat="59.93341196488302" lon="30.213824925322594">
				<ele>13.565647915005684</ele>
				<time>2022-08-27T16:11:31Z</time>
			</trkpt>
			<trkpt lat="59.93343052636419" lon="30.213818588646696">
				<ele>11.290579365566373</ele>
				<time>2022-08-27T16:11:33Z</time>
			</trkpt>
			<trkpt lat="59.93344687839553" lon="30.21378946962695">
				<ele>10.809866365976632</ele>
				<time>2022-08-27T16:11:35Z</time>
			</trkpt>
			<trkpt lat="59.93347025961507" lon="30.213761308085285">
				<ele>12.606990705244243</ele>
				<time>2022-08-27T16:11:37Z</time>
			</trkpt>
			<trkpt lat="59.93349132720373" lon="30.21374227676417">
				<ele>9.263644000515342</ele>
				<time>2022-08-27T16:11:40Z</time>
			</trkpt>
			<trkpt lat="59.93351228039673" lon="30.213724448838015">
				<ele>9.113257518969476</ele>
				<time>2022-08-27T16:11:42Z</time>
			</trkpt>
			<trkpt lat="59.933534465310395" lon="30.213688816197422">
				<ele>9.969598482362926</ele>
				<time>2022-08-27T16:11:45Z</time>
			</trkpt>
			<trkpt lat="59.933550729493945" lon="30.213665439938158">
				<ele>10.451210759580135</ele>
				<time>2022-08-27T16:11:47Z</time>
			</trkpt>
			<trkpt lat="59.933561498632834" lon="30.213634168356794">
				<ele>10.771073991432786</ele>
				<time>2022-08-27T16:11:49Z</time>
			</trkpt>
			<trkpt lat="59.933578608603845" lon="30.21360096449961">
				<ele>11.33632408734411</ele>
				<time>2022-08-27T16:11:51Z</time>
			</trkpt>
			<trkpt lat="59.933598299228734" lon="30.21356221408063">
				<ele>9.960887967608869</ele>
				<time>2022-08-27T16:11:54Z</time>
			</trkpt>
			<trkpt lat="59.933615941899035" lon="30.2135329329914">
				<ele>7.444603748619556</ele>
				<time>2022-08-27T16:11:57Z</time>
			</trkpt>
			<trkpt lat="59.93362792451555" lon="30.213505399589707">
				<ele>8.109647038392723</ele>
				<time>2022-08-27T16:11:59Z</time>
			</trkpt>
			<trkpt lat="59.9336516991452" lon="30.213473835335833">
				<ele>9.77002389729023</ele>
				<time>2022-08-27T16:12:01Z</time>
			</trkpt>
			<trkpt lat="59.93366789274152" lon="30.213447067956587">
				<ele>8.073881064541638</ele>
				<time>2022-08-27T16:12:05Z</time>
			</trkpt>
			<trkpt lat="59.93368888021001" lon="30.213426452919354">
				<ele>7.5626339027658105</ele>
				<time>2022-08-27T16:12:07Z</time>
			</trkpt>
			<trkpt lat="59.93370666008661" lon="30.21340624203797">
				<ele>6.113140504807234</ele>
				<time>2022-08-27T16:12:09Z</time>
			</trkpt>
			<trkpt lat="59.93373199182578" lon="30.21338918763381">
				<ele>6.590296348556876</ele>
				<time>2022-08-27T16:12:12Z</time>
			</trkpt>
			<trkpt lat="59.93376410360406" lon="30.21337156822188">
				<ele>9.485611698590219</ele>
				<time>2022-08-27T16:12:14Z</time>
			</trkpt>
			<trkpt lat="59.93378151587813" lon="30.21334334462327">
				<ele>8.268935116007924</ele>
				<time>2022-08-27T16:12:16Z</time>
			</trkpt>
			<trkpt lat="59.933802410867024" lon="30.213319384266605">
				<ele>7.788280769251287</ele>
				<time>2022-08-27T16:12:17Z</time>
			</trkpt>
			<trkpt lat="59.93381995978927" lon="30.21330095033085">
				<ele>6.651761533692479</ele>
				<time>2022-08-27T16:12:19Z</time>
			</trkpt>
			<trkpt lat="59.93384291912524" lon="30.21329361439394">
				<ele>8.634915621951222</ele>
				<time>2022-08-27T16:12:21Z</time>
			</trkpt>
			<trkpt lat="59.933870213725626" lon="30.213274361046373">
				<ele>6.7929150043055415</ele>
				<time>2022-08-27T16:12:24Z</time>
			</trkpt>
			<trkpt lat="59.933909568039034" lon="30.213250590761586">
				<ele>8.638218812644482</ele>
				<time>2022-08-27T16:12:27Z</time>
			</trkpt>
			<trkpt lat="59.93392832374995" lon="30.21323991657455">
				<ele>5.574490745551884</ele>
				<time>2022-08-27T16:12:30Z</time>
			</trkpt>
			<trkpt lat="59.933948154893244" lon="30.213226115433613">
				<ele>4.8006544932723045</ele>
				<time>2022-08-27T16:12:33Z</time>
			</trkpt>
			<trkpt lat="59.933974944426694" lon="30.213208988377975">
				<ele>6.804812170565128</ele>
				<time>2022-08-27T16:12:35Z</time>
			</trkpt>
			<trkpt lat="59.93400269943736" lon="30.213206171706783">
				<ele>8.4406933253631</ele>
				<time>2022-08-27T16:12:38Z</time>
			</trkpt>
			<trkpt lat="59.934032824799644" lon="30.2131898358018">
				<ele>7.128324432298541</ele>
				<time>2022-08-27T16:12:41Z</time>
			</trkpt>
			<trkpt lat="59.934056634803504" lon="30.21317328061915">
				<ele>7.952469284646213</ele>
				<time>2022-08-27T16:12:44Z</time>
			</trkpt>
			<trkpt lat="59.93407570325871" lon="30.213168240102718">
				<ele>5.35987788811326</ele>
				<time>2022-08-27T16:12:46Z</time>
			</trkpt>
			<trkpt lat="59.934098074306554" lon="30.21314837127987">
				<ele>5.3874018387869</ele>
				<time>2022-08-27T16:12:48Z</time>
			</trkpt>
			<trkpt lat="59.934122869221184" lon="30.213139255009438">
				<ele>6.282479261979461</ele>
				<time>2022-08-27T16:12:50Z</time>
			</trkpt>
			<trkpt lat="59.93414216521416" lon="30.213128251327667">
				<ele>4.535852893255651</ele>
				<time>2022-08-27T16:12:53Z</time>
			</trkpt>
			<trkpt lat="59.9341667348457" lon="30.213103175263004">
				<ele>3.608029145747423</ele>
				<time>2022-08-27T16:12:55Z</time>
			</trkpt>
			<trkpt lat="59.9341859097654" lon="30.21308969249722">
				<ele>4.711865443736315</ele>
				<time>2022-08-27T16:12:58Z</time>
			</trkpt>
			<trkpt lat="59.93420565374753" lon="30.213052469707286">
				<ele>4.405955706723034</ele>
				<time>2022-08-27T16:13:01Z</time>
			</trkpt>
			<trkpt lat="59.93422349688614" lon="30.213027338284355">
				<ele>5.330387716181576</ele>
				<time>2022-08-27T16:13:03Z</time>
			</trkpt>
			<trkpt lat="59.934241750269685" lon="30.212997109358987">
				<ele>6.040530901402235</ele>
				<time>2022-08-27T16:13:05Z</time>
			</trkpt>
			<trkpt lat="59.93425944767803" lon="30.212988863548343">
				<ele>5.0042195450514555</ele>
				<time>2022-08-27T16:13:07Z</time>
			</trkpt>
			<trkpt lat="59.9342820600365" lon="30.212979205315257">
				<ele>3.8900120882317424</ele>
				<time>2022-08-27T16:13:09Z</time>
			</trkpt>
			<trkpt lat="59.93429911539155" lon="30.21296420029041">
				<ele>3.544775345362723</ele>
				<time>2022-08-27T16:13:11Z</time>
			</trkpt>
			<trkpt lat="59.934319945587205" lon="30.212951952836836">
				<ele>2.941292593255639</ele>
				<time>2022-08-27T16:13:13Z</time>
			</trkpt>
			<trkpt lat="59.93434044585467" lon="30.212942668902972">
				<ele>2.9868993749842048</ele>
				<time>2022-08-27T16:13:15Z</time>
			</trkpt>
			<trkpt lat="59.93436179863181" lon="30.212929577589808">
				<ele>2.326323970220983</ele>
				<time>2022-08-27T16:13:17Z</time>
			</trkpt>
			<trkpt lat="59.93437968443949" lon="30.212901241730105">
				<ele>1.7987284157425165</ele>
				<time>2022-08-27T16:13:20Z</time>
			</trkpt>
			<trkpt lat="59.93440128442712" lon="30.212878112601835">
				<ele>2.288469190709293</ele>
				<time>2022-08-27T16:13:22Z</time>
			</trkpt>
			<trkpt lat="59.93442006496388" lon="30.212862959109696">
				<ele>1.744753085076809</ele>
				<time>2022-08-27T16:13:26Z</time>
			</trkpt>
			<trkpt lat="59.93443918913674" lon="30.212845019531596">
				<ele>1.2750641545280814</ele>
				<time>2022-08-27T16:13:28Z</time>
			</trkpt>
			<trkpt lat="59.93446318514091" lon="30.212833719075874">
				<ele>2.2939748968929052</ele>
				<time>2022-08-27T16:13:30Z</time>
			</trkpt>
			<trkpt lat="59.934494477643625" lon="30.212817300022714">
				<ele>4.0734045300632715</ele>
				<time>2022-08-27T16:13:33Z</time>
			</trkpt>
			<trkpt lat="59.93451762956322" lon="30.21279263831879">
				<ele>4.96324101742357</ele>
				<time>2022-08-27T16:13:34Z</time>
			</trkpt>
			<trkpt lat="59.93453284462534" lon="30.21277252579036">
				<ele>5.926172869279981</ele>
				<time>2022-08-27T16:13:36Z</time>
			</trkpt>
			<trkpt lat="59.93456249562417" lon="30.212748835011922">
				<ele>5.328777072951198</ele>
				<time>2022-08-27T16:13:38Z</time>
			</trkpt>
			<trkpt lat="59.93458011376131" lon="30.212732504111777">
				<ele>5.747973942197859</ele>
				<time>2022-08-27T16:13:40Z</time>
			</trkpt>
			<trkpt lat="59.93459695863028" lon="30.212712247345905">
				<ele>3.883259770460427</ele>
				<time>2022-08-27T16:13:41Z</time>
			</trkpt>
			<trkpt lat="59.93462956089892" lon="30.212691097424113">
				<ele>5.143390915356576</ele>
				<time>2022-08-27T16:13:43Z</time>
			</trkpt>
			<trkpt lat="59.93464863514104" lon="30.21265533089868">
				<ele>6.226440045051277</ele>
				<time>2022-08-27T16:13:45Z</time>
			</trkpt>
			<trkpt lat="59.934666503056455" lon="30.21262032221051">
				<ele>8.307939334772527</ele>
				<time>2022-08-27T16:13:47Z</time>
			</trkpt>
			<trkpt lat="59.934693563132974" lon="30.21260558279472">
				<ele>9.529699855484068</ele>
				<time>2022-08-27T16:13:49Z</time>
			</trkpt>
			<trkpt lat="59.934712984251775" lon="30.212581259145164">
				<ele>7.4426825530827045</ele>
				<time>2022-08-27T16:13:53Z</time>
			</trkpt>
			<trkpt lat="59.93473488138215" lon="30.21255184465172">
				<ele>4.486097178421915</ele>
				<time>2022-08-27T16:13:57Z</time>
			</trkpt>
			<trkpt lat="59.93475113001116" lon="30.212522413715366">
				<ele>3.6189364744350314</ele>
				<time>2022-08-27T16:13:59Z</time>
			</trkpt>
			<trkpt lat="59.93476715742936" lon="30.212494337349685">
				<ele>5.47450312320143</ele>
				<time>2022-08-27T16:14:01Z</time>
			</trkpt>
			<trkpt lat="59.934787631598795" lon="30.21246829635519">
				<ele>3.3457376323640347</ele>
				<time>2022-08-27T16:14:03Z</time>
			</trkpt>
			<trkpt lat="59.93480428919896" lon="30.212442112625467">
				<ele>4.251581251621246</ele>
				<time>2022-08-27T16:14:05Z</time>
			</trkpt>
			<trkpt lat="59.93481446363887" lon="30.212408862359084">
				<ele>3.504146824590862</ele>
				<time>2022-08-27T16:14:07Z</time>
			</trkpt>
			<trkpt lat="59.93484398928197" lon="30.212367461361058">
				<ele>5.868539298884571</ele>
				<time>2022-08-27T16:14:09Z</time>
			</trkpt>
			<trkpt lat="59.93484778010372" lon="30.212331327898703">
				<ele>0.9973972607403994</ele>
				<time>2022-08-27T16:14:12Z</time>
			</trkpt>
			<trkpt lat="59.93486529639827" lon="30.212303530069118">
				<ele>2.822365981526673</ele>
				<time>2022-08-27T16:14:14Z</time>
			</trkpt>
			<trkpt lat="59.93487671489651" lon="30.212233978870465">
				<ele>6.6157736936584115</ele>
				<time>2022-08-27T16:14:16Z</time>
			</trkpt>
			<trkpt lat="59.934898341775664" lon="30.212226148347916">
				<ele>7.6497509172186255</ele>
				<time>2022-08-27T16:14:17Z</time>
			</trkpt>
			<trkpt lat="59.93492272666407" lon="30.212220951036354">
				<ele>7.24848501663655</ele>
				<time>2022-08-27T16:14:20Z</time>
			</trkpt>
			<trkpt lat="59.93494613158273" lon="30.212230727603774">
				<ele>6.394383114762604</ele>
				<time>2022-08-27T16:14:22Z</time>
			</trkpt>
			<trkpt lat="59.93496311036741" lon="30.21221430386737">
				<ele>10.848250854760408</ele>
				<time>2022-08-27T16:14:24Z</time>
			</trkpt>
			<trkpt lat="59.934981554029065" lon="30.21221329148103">
				<ele>11.266775229945779</ele>
				<time>2022-08-27T16:14:25Z</time>
			</trkpt>
			<trkpt lat="59.93501036025787" lon="30.212187818302922">
				<ele>6.981399079784751</ele>
				<time>2022-08-27T16:14:27Z</time>
			</trkpt>
			<trkpt lat="59.935036472133966" lon="30.21218563500977">
				<ele>8.413054543547332</ele>
				<time>2022-08-27T16:14:29Z</time>
			</trkpt>
			<trkpt lat="59.93506320754789" lon="30.2121724255899">
				<ele>8.749950651079416</ele>
				<time>2022-08-27T16:14:31Z</time>
			</trkpt>
			<trkpt lat="59.93509419897292" lon="30.2121700135782">
				<ele>3.9070978220552206</ele>
				<time>2022-08-27T16:14:36Z</time>
			</trkpt>
			<trkpt lat="59.935116250909864" lon="30.212166213106865">
				<ele>4.949990794993937</ele>
				<time>2022-08-27T16:14:38Z</time>
			</trkpt>
			<trkpt lat="59.93514437627759" lon="30.212175641230413">
				<ele>1.829144699499011</ele>
				<time>2022-08-27T16:14:42Z</time>
			</trkpt>
			<trkpt lat="59.935166373266405" lon="30.212184899457295">
				<ele>1.8709897920489311</ele>
				<time>2022-08-27T16:14:44Z</time>
			</trkpt>
			<trkpt lat="59.93519060586264" lon="30.212180872305545">
				<ele>4.162802445702255</ele>
				<time>2022-08-27T16:14:46Z</time>
			</trkpt>
			<trkpt lat="59.93521436898409" lon="30.212171541323798">
				<ele>1.478054509498179</ele>
				<time>2022-08-27T16:14:49Z</time>
			</trkpt>
			<trkpt lat="59.93523381162357" lon="30.212172761766624">
				<ele>1.4685923857614398</ele>
				<time>2022-08-27T16:14:51Z</time>
			</trkpt>
			<trkpt lat="59.93525652369635" lon="30.212162285001078">
				<ele>2.921193866059184</ele>
				<time>2022-08-27T16:14:52Z</time>
			</trkpt>
			<trkpt lat="59.93527032994074" lon="30.212138862168583">
				<ele>2.6373181138187647</ele>
				<time>2022-08-27T16:14:55Z</time>
			</trkpt>
			<trkpt lat="59.93530153073503" lon="30.21213194973338">
				<ele>2.238182218745351</ele>
				<time>2022-08-27T16:15:00Z</time>
			</trkpt>
			<trkpt lat="59.93532208303741" lon="30.212128814524934">
				<ele>2.5685974415391684</ele>
				<time>2022-08-27T16:15:02Z</time>
			</trkpt>
			<trkpt lat="59.93534364866377" lon="30.21210993921359">
				<ele>3.09582632035017</ele>
				<time>2022-08-27T16:15:03Z</time>
			</trkpt>
			<trkpt lat="59.935361862445966" lon="30.21211841902828">
				<ele>3.007899641059339</ele>
				<time>2022-08-27T16:15:04Z</time>
			</trkpt>
			<trkpt lat="59.93538594909232" lon="30.21211238734633">
				<ele>0.6387711716815829</ele>
				<time>2022-08-27T16:15:06Z</time>
			</trkpt>
			<trkpt lat="59.93541132063305" lon="30.21211712303651">
				<ele>0.4792518075555563</ele>
				<time>2022-08-27T16:15:08Z</time>
			</trkpt>
			<trkpt lat="59.935432729448436" lon="30.212102188757797">
				<ele>0.41590901743620634</ele>
				<time>2022-08-27T16:15:10Z</time>
			</trkpt>
			<trkpt lat="59.935459344940604" lon="30.21209799687439">
				<ele>1.9884712621569633</ele>
				<time>2022-08-27T16:15:12Z</time>
			</trkpt>
			<trkpt lat="59.93547962292479" lon="30.21211019051512">
				<ele>1.35898772533983</ele>
				<time>2022-08-27T16:15:14Z</time>
			</trkpt>
			<trkpt lat="59.93550135744998" lon="30.212108614923086">
				<ele>2.0612612375989556</ele>
				<time>2022-08-27T16:15:16Z</time>
			</trkpt>
			<trkpt lat="59.93552020754687" lon="30.21211364388863">
				<ele>0.9297147504985332</ele>
				<time>2022-08-27T16:15:18Z</time>
			</trkpt>
			<trkpt lat="59.93554457956155" lon="30.21211897545661">
				<ele>3.3131580781191587</ele>
				<time>2022-08-27T16:15:21Z</time>
			</trkpt>
			<trkpt lat="59.93556282996107" lon="30.212132450606553">
				<ele>4.078119517304003</ele>
				<time>2022-08-27T16:15:23Z</time>
			</trkpt>
			<trkpt lat="59.93553896896311" lon="30.212163978944734">
				<ele>1.6697880625724792</ele>
				<time>2022-08-27T16:15:26Z</time>
			</trkpt>
			<trkpt lat="59.9355140830388" lon="30.21220560362177">
				<ele>4.257592494599521</ele>
				<time>2022-08-27T16:15:28Z</time>
			</trkpt>
			<trkpt lat="59.935501666881905" lon="30.2122378573844">
				<ele>3.647155557759106</ele>
				<time>2022-08-27T16:15:30Z</time>
			</trkpt>
			<trkpt lat="59.93548828885479" lon="30.212278603681252">
				<ele>5.840042342431843</ele>
				<time>2022-08-27T16:15:32Z</time>
			</trkpt>
			<trkpt lat="59.93548029075289" lon="30.212319060201775">
				<ele>4.745792115107179</ele>
				<time>2022-08-27T16:15:34Z</time>
			</trkpt>
			<trkpt lat="59.93547843933697" lon="30.212374489682844">
				<ele>4.021120584569871</ele>
				<time>2022-08-27T16:15:37Z</time>
			</trkpt>
			<trkpt lat="59.935489454509586" lon="30.21240314378041">
				<ele>6.3027736665681005</ele>
				<time>2022-08-27T16:15:38Z</time>
			</trkpt>
			<trkpt lat="59.93549021747973" lon="30.212449212411236">
				<ele>4.312688601203263</ele>
				<time>2022-08-27T16:15:40Z</time>
			</trkpt>
			<trkpt lat="59.93549104738247" lon="30.212493196493913">
				<ele>4.517369564622641</ele>
				<time>2022-08-27T16:15:42Z</time>
			</trkpt>
			<trkpt lat="59.93550203598155" lon="30.212533753541717">
				<ele>4.210628755390644</ele>
				<time>2022-08-27T16:15:44Z</time>
			</trkpt>
			<trkpt lat="59.93551283907311" lon="30.21256283279619">
				<ele>6.499820353463292</ele>
				<time>2022-08-27T16:15:45Z</time>
			</trkpt>
			<trkpt lat="59.93551763540028" lon="30.212614735777564">
				<ele>5.665596642531455</ele>
				<time>2022-08-27T16:15:48Z</time>
			</trkpt>
			<trkpt lat="59.93550977608958" lon="30.212650046012115">
				<ele>4.873650880530477</ele>
				<time>2022-08-27T16:15:50Z</time>
			</trkpt>
			<trkpt lat="59.93549141406449" lon="30.212677630850877">
				<ele>3.009517683647573</ele>
				<time>2022-08-27T16:15:52Z</time>
			</trkpt>
			<trkpt lat="59.935471338491595" lon="30.212691268661438">
				<ele>3.5460745189338923</ele>
				<time>2022-08-27T16:15:54Z</time>
			</trkpt>
			<trkpt lat="59.93545067076352" lon="30.212706878989685">
				<ele>4.605217802338302</ele>
				<time>2022-08-27T16:15:56Z</time>
			</trkpt>
			<trkpt lat="59.9354228772124" lon="30.21271960736158">
				<ele>4.0356511967256665</ele>
				<time>2022-08-27T16:15:58Z</time>
			</trkpt>
			<trkpt lat="59.935401812352566" lon="30.212732595031934">
				<ele>3.9331031003966928</ele>
				<time>2022-08-27T16:16:00Z</time>
			</trkpt>
			<trkpt lat="59.9353759127235" lon="30.212733326182157">
				<ele>4.356649086810648</ele>
				<time>2022-08-27T16:16:02Z</time>
			</trkpt>
			<trkpt lat="59.935356035135186" lon="30.212739347071096">
				<ele>6.3239344749599695</ele>
				<time>2022-08-27T16:16:03Z</time>
			</trkpt>
			<trkpt lat="59.93533135304075" lon="30.212755363859134">
				<ele>3.44016292411834</ele>
				<time>2022-08-27T16:16:07Z</time>
			</trkpt>
			<trkpt lat="59.93531041802276" lon="30.212751271423784">
				<ele>3.4510846519842744</ele>
				<time>2022-08-27T16:16:08Z</time>
			</trkpt>
			<trkpt lat="59.93527931725659" lon="30.212769281509807">
				<ele>5.59494021628052</ele>
				<time>2022-08-27T16:16:10Z</time>
			</trkpt>
			<trkpt lat="59.93525606522956" lon="30.21276785670256">
				<ele>3.1012486647814512</ele>
				<time>2022-08-27T16:16:14Z</time>
			</trkpt>
			<trkpt lat="59.93523441375339" lon="30.212790709086143">
				<ele>3.1367816738784313</ele>
				<time>2022-08-27T16:16:16Z</time>
			</trkpt>
			<trkpt lat="59.9352139539657" lon="30.21281153818282">
				<ele>3.603991623967886</ele>
				<time>2022-08-27T16:16:18Z</time>
			</trkpt>
			<trkpt lat="59.93519239279417" lon="30.212818126181467">
				<ele>2.9389534452930093</ele>
				<time>2022-08-27T16:16:21Z</time>
			</trkpt>
			<trkpt lat="59.93515990481924" lon="30.212838618479555">
				<ele>5.567485477775335</ele>
				<time>2022-08-27T16:16:24Z</time>
			</trkpt>
			<trkpt lat="59.93513462925386" lon="30.212859114256972">
				<ele>4.819348286837339</ele>
				<time>2022-08-27T16:16:27Z</time>
			</trkpt>
			<trkpt lat="59.9351105183631" lon="30.21287982037454">
				<ele>6.7464253306388855</ele>
				<time>2022-08-27T16:16:29Z</time>
			</trkpt>
			<trkpt lat="59.935082449661316" lon="30.212892379919193">
				<ele>5.946318639442325</ele>
				<time>2022-08-27T16:16:32Z</time>
			</trkpt>
			<trkpt lat="59.93506475649254" lon="30.212914522267713">
				<ele>5.300707200542092</ele>
				<time>2022-08-27T16:16:34Z</time>
			</trkpt>
			<trkpt lat="59.935040405876556" lon="30.212941092236637">
				<ele>6.675769840367138</ele>
				<time>2022-08-27T16:16:36Z</time>
			</trkpt>
			<trkpt lat="59.93501996634397" lon="30.21296144770829">
				<ele>5.8645352851599455</ele>
				<time>2022-08-27T16:16:38Z</time>
			</trkpt>
			<trkpt lat="59.934992994260874" lon="30.212977058215913">
				<ele>4.84399110917002</ele>
				<time>2022-08-27T16:16:41Z</time>
			</trkpt>
			<trkpt lat="59.93497520171633" lon="30.21298803232114">
				<ele>6.390454029664397</ele>
				<time>2022-08-27T16:16:43Z</time>
			</trkpt>
			<trkpt lat="59.934960280029465" lon="30.213012765550573">
				<ele>5.775401598773897</ele>
				<time>2022-08-27T16:16:45Z</time>
			</trkpt>
			<trkpt lat="59.934944076329884" lon="30.213030559863125">
				<ele>6.443842528387904</ele>
				<time>2022-08-27T16:16:46Z</time>
			</trkpt>
			<trkpt lat="59.93492651899299" lon="30.213039790639037">
				<ele>3.264507512561977</ele>
				<time>2022-08-27T16:16:49Z</time>
			</trkpt>
			<trkpt lat="59.934905359110644" lon="30.213058814643507">
				<ele>4.347755022346973</ele>
				<time>2022-08-27T16:16:51Z</time>
			</trkpt>
			<trkpt lat="59.93488529887226" lon="30.213071563006075">
				<ele>2.5147431837394834</ele>
				<time>2022-08-27T16:16:54Z</time>
			</trkpt>
			<trkpt lat="59.93487087401164" lon="30.21309463946163">
				<ele>5.014810516498983</ele>
				<time>2022-08-27T16:16:56Z</time>
			</trkpt>
			<trkpt lat="59.93485134012975" lon="30.21312081817406">
				<ele>5.649687251076102</ele>
				<time>2022-08-27T16:16:58Z</time>
			</trkpt>
			<trkpt lat="59.93482719875711" lon="30.21314175790665">
				<ele>2.1649819361045957</ele>
				<time>2022-08-27T16:17:01Z</time>
			</trkpt>
			<trkpt lat="59.934808844883364" lon="30.21315695834092">
				<ele>2.9108593417331576</ele>
				<time>2022-08-27T16:17:03Z</time>
			</trkpt>
			<trkpt lat="59.93479219271013" lon="30.21318014829124">
				<ele>6.10678590927273</ele>
				<time>2022-08-27T16:17:05Z</time>
			</trkpt>
			<trkpt lat="59.93477293028969" lon="30.21323644062773">
				<ele>6.84730929415673</ele>
				<time>2022-08-27T16:17:08Z</time>
			</trkpt>
			<trkpt lat="59.9347586586343" lon="30.213264174778747">
				<ele>1.3951098825782537</ele>
				<time>2022-08-27T16:17:12Z</time>
			</trkpt>
			<trkpt lat="59.93474344013181" lon="30.213312155528616">
				<ele>2.179115197621286</ele>
				<time>2022-08-27T16:17:14Z</time>
			</trkpt>
			<trkpt lat="59.93472819140562" lon="30.21334054298886">
				<ele>2.384089697152376</ele>
				<time>2022-08-27T16:17:16Z</time>
			</trkpt>
			<trkpt lat="59.93471526505066" lon="30.21337224555974">
				<ele>2.9086541263386607</ele>
				<time>2022-08-27T16:17:18Z</time>
			</trkpt>
			<trkpt lat="59.934703025425144" lon="30.21340448955368">
				<ele>2.9567444268614054</ele>
				<time>2022-08-27T16:17:20Z</time>
			</trkpt>
			<trkpt lat="59.9346854403265" lon="30.213448570779224">
				<ele>4.948620541021228</ele>
				<time>2022-08-27T16:17:23Z</time>
			</trkpt>
			<trkpt lat="59.93467236501983" lon="30.21349064833213">
				<ele>4.746861865743995</ele>
				<time>2022-08-27T16:17:25Z</time>
			</trkpt>
			<trkpt lat="59.93466660622401" lon="30.213534430908094">
				<ele>5.41241848282516</ele>
				<time>2022-08-27T16:17:27Z</time>
			</trkpt>
			<trkpt lat="59.934649318875046" lon="30.213561398520074">
				<ele>2.121463575400412</ele>
				<time>2022-08-27T16:17:30Z</time>
			</trkpt>
			<trkpt lat="59.9346319845261" lon="30.21359983480449">
				<ele>2.6310251615941525</ele>
				<time>2022-08-27T16:17:32Z</time>
			</trkpt>
			<trkpt lat="59.93461492526066" lon="30.213626608652028">
				<ele>5.106133597902954</ele>
				<time>2022-08-27T16:17:33Z</time>
			</trkpt>
			<trkpt lat="59.93459653505388" lon="30.213646981309104">
				<ele>3.680701688863337</ele>
				<time>2022-08-27T16:17:37Z</time>
			</trkpt>
			<trkpt lat="59.93458234695558" lon="30.213689429934135">
				<ele>4.2045566802844405</ele>
				<time>2022-08-27T16:17:39Z</time>
			</trkpt>
			<trkpt lat="59.93456966181628" lon="30.21371535050708">
				<ele>1.0039155650883913</ele>
				<time>2022-08-27T16:17:42Z</time>
			</trkpt>
			<trkpt lat="59.934552769547125" lon="30.213752090632646">
				<ele>5.240697297267616</ele>
				<time>2022-08-27T16:17:44Z</time>
			</trkpt>
			<trkpt lat="59.93451911643865" lon="30.213786668955034">
				<ele>2.0884675038978457</ele>
				<time>2022-08-27T16:17:50Z</time>
			</trkpt>
			<trkpt lat="59.93449865012564" lon="30.2137798675407">
				<ele>2.4451421443372965</ele>
				<time>2022-08-27T16:17:52Z</time>
			</trkpt>
			<trkpt lat="59.93447392321868" lon="30.213776492531537">
				<ele>2.9377734661102295</ele>
				<time>2022-08-27T16:17:54Z</time>
			</trkpt>
			<trkpt lat="59.934443284313495" lon="30.2138018860998">
				<ele>0.804604253731668</ele>
				<time>2022-08-27T16:17:57Z</time>
			</trkpt>
			<trkpt lat="59.93442281723354" lon="30.213811960626998">
				<ele>2.204999640583992</ele>
				<time>2022-08-27T16:17:58Z</time>
			</trkpt>
			<trkpt lat="59.93439573090824" lon="30.213839732132467">
				<ele>4.741929126903415</ele>
				<time>2022-08-27T16:18:00Z</time>
			</trkpt>
			<trkpt lat="59.93437348682547" lon="30.213845448010595">
				<ele>5.199955720454454</ele>
				<time>2022-08-27T16:18:03Z</time>
			</trkpt>
			<trkpt lat="59.934344749054496" lon="30.213842916405536">
				<ele>5.811191949993372</ele>
				<time>2022-08-27T16:18:05Z</time>
			</trkpt>
			<trkpt lat="59.93432572652469" lon="30.21385722921476">
				<ele>6.169643420726061</ele>
				<time>2022-08-27T16:18:07Z</time>
			</trkpt>
			<trkpt lat="59.934288954020225" lon="30.21388058655137">
				<ele>9.435132783837616</ele>
				<time>2022-08-27T16:18:09Z</time>
			</trkpt>
			<trkpt lat="59.93428936502011" lon="30.2139299285122">
				<ele>8.145905245095491</ele>
				<time>2022-08-27T16:18:10Z</time>
			</trkpt>
			<trkpt lat="59.93426754197119" lon="30.213915475947953">
				<ele>8.101083610206842</ele>
				<time>2022-08-27T16:18:14Z</time>
			</trkpt>
			<trkpt lat="59.93424500463428" lon="30.213947163844672">
				<ele>7.491277241148055</ele>
				<time>2022-08-27T16:18:16Z</time>
			</trkpt>
			<trkpt lat="59.93421860499921" lon="30.21396939289797">
				<ele>9.95517669338733</ele>
				<time>2022-08-27T16:18:18Z</time>
			</trkpt>
			<trkpt lat="59.934195615946955" lon="30.213990358255653">
				<ele>6.917760974727571</ele>
				<time>2022-08-27T16:18:21Z</time>
			</trkpt>
			<trkpt lat="59.93416725690705" lon="30.213988651566503">
				<ele>7.629661976359785</ele>
				<time>2022-08-27T16:18:23Z</time>
			</trkpt>
			<trkpt lat="59.93414577256582" lon="30.214000166958815">
				<ele>8.995250074192882</ele>
				<time>2022-08-27T16:18:25Z</time>
			</trkpt>
			<trkpt lat="59.93412273209184" lon="30.21401495857296">
				<ele>10.333920639008284</ele>
				<time>2022-08-27T16:18:27Z</time>
			</trkpt>
			<trkpt lat="59.93409166582005" lon="30.214025293119523">
				<ele>11.974331865087152</ele>
				<time>2022-08-27T16:18:29Z</time>
			</trkpt>
			<trkpt lat="59.9340723275914" lon="30.214010925144027">
				<ele>12.729742889292538</ele>
				<time>2022-08-27T16:18:32Z</time>
			</trkpt>
			<trkpt lat="59.93407485222675" lon="30.21405437049563">
				<ele>10.478340178728104</ele>
				<time>2022-08-27T16:18:34Z</time>
			</trkpt>
			<trkpt lat="59.93405653412576" lon="30.214051349422185">
				<ele>8.778214409016073</ele>
				<time>2022-08-27T16:18:36Z</time>
			</trkpt>
			<trkpt lat="59.93402601270199" lon="30.214085381922583">
				<ele>10.712531183846295</ele>
				<time>2022-08-27T16:18:38Z</time>
			</trkpt>
			<trkpt lat="59.93400276763613" lon="30.214111328385062">
				<ele>12.041575787588954</ele>
				<time>2022-08-27T16:18:40Z</time>
			</trkpt>
			<trkpt lat="59.93398150396563" lon="30.214125684342868">
				<ele>12.539805312640965</ele>
				<time>2022-08-27T16:18:41Z</time>
			</trkpt>
			<trkpt lat="59.933950601664684" lon="30.21416362323678">
				<ele>14.256020719185472</ele>
				<time>2022-08-27T16:18:43Z</time>
			</trkpt>
			<trkpt lat="59.93395853353572" lon="30.214209533510083">
				<ele>10.092429127544165</ele>
				<time>2022-08-27T16:18:47Z</time>
			</trkpt>
			<trkpt lat="59.93394019718254" lon="30.214250385064243">
				<ele>10.609517921693623</ele>
				<time>2022-08-27T16:18:50Z</time>
			</trkpt>
			<trkpt lat="59.93392495120322" lon="30.214271327552417">
				<ele>12.014939307235181</ele>
				<time>2022-08-27T16:18:52Z</time>
			</trkpt>
			<trkpt lat="59.93389986963887" lon="30.21429781591961">
				<ele>12.150916510261595</ele>
				<time>2022-08-27T16:18:54Z</time>
			</trkpt>
			<trkpt lat="59.93387769993712" lon="30.214325224744076">
				<ele>12.135539140552282</ele>
				<time>2022-08-27T16:18:57Z</time>
			</trkpt>
			<trkpt lat="59.93386195585663" lon="30.21434540940889">
				<ele>9.541002366691828</ele>
				<time>2022-08-27T16:18:58Z</time>
			</trkpt>
			<trkpt lat="59.93383929104676" lon="30.214368542017965">
				<ele>9.02092762105167</ele>
				<time>2022-08-27T16:19:01Z</time>
			</trkpt>
			<trkpt lat="59.93382075289205" lon="30.214381078408806">
				<ele>9.933231579139829</ele>
				<time>2022-08-27T16:19:03Z</time>
			</trkpt>
			<trkpt lat="59.9337988336908" lon="30.214425797941434">
				<ele>8.970146847888827</ele>
				<time>2022-08-27T16:19:07Z</time>
			</trkpt>
			<trkpt lat="59.93377742106895" lon="30.214451153920972">
				<ele>11.25547953788191</ele>
				<time>2022-08-27T16:19:09Z</time>
			</trkpt>
			<trkpt lat="59.933757076825636" lon="30.214490912183944">
				<ele>9.611640578135848</ele>
				<time>2022-08-27T16:19:13Z</time>
			</trkpt>
			<trkpt lat="59.93373832814765" lon="30.214501940901243">
				<ele>9.725264507345855</ele>
				<time>2022-08-27T16:19:15Z</time>
			</trkpt>
			<trkpt lat="59.93371826312306" lon="30.214544891639434">
				<ele>9.430369088426232</ele>
				<time>2022-08-27T16:19:18Z</time>
			</trkpt>
			<trkpt lat="59.933698449726265" lon="30.21459162490681">
				<ele>12.27533019054681</ele>
				<time>2022-08-27T16:19:21Z</time>
			</trkpt>
			<trkpt lat="59.93367634311639" lon="30.21460365273652">
				<ele>12.209141558036208</ele>
				<time>2022-08-27T16:19:23Z</time>
			</trkpt>
			<trkpt lat="59.93365712120691" lon="30.214608565852668">
				<ele>11.756885882467031</ele>
				<time>2022-08-27T16:19:25Z</time>
			</trkpt>
			<trkpt lat="59.93363668447164" lon="30.214626728726557">
				<ele>11.532873589545488</ele>
				<time>2022-08-27T16:19:27Z</time>
			</trkpt>
			<trkpt lat="59.93361624965606" lon="30.214629518033746">
				<ele>12.052209268324077</ele>
				<time>2022-08-27T16:19:30Z</time>
			</trkpt>
			<trkpt lat="59.93360027937259" lon="30.214660790375905">
				<ele>11.187533457763493</ele>
				<time>2022-08-27T16:19:34Z</time>
			</trkpt>
			<trkpt lat="59.93363402037947" lon="30.21461869344515">
				<ele>11.53841956704855</ele>
				<time>2022-08-27T16:19:38Z</time>
			</trkpt>
			<trkpt lat="59.933624918205176" lon="30.214654382875647">
				<ele>10.7226447109133</ele>
				<time>2022-08-27T16:20:10Z</time>
			</trkpt>
			<trkpt lat="59.93364581559537" lon="30.214642296169767">
				<ele>9.575140952132642</ele>
				<time>2022-08-27T16:20:26Z</time>
			</trkpt>
			<trkpt lat="59.93368061376388" lon="30.21460229299387">
				<ele>9.507912882603705</ele>
				<time>2022-08-27T16:20:29Z</time>
			</trkpt>
			<trkpt lat="59.93371230001716" lon="30.21456636128148">
				<ele>13.349725156091154</ele>
				<time>2022-08-27T16:20:32Z</time>
			</trkpt>
			<trkpt lat="59.933735830733326" lon="30.214544951628856">
				<ele>12.043779041618109</ele>
				<time>2022-08-27T16:20:34Z</time>
			</trkpt>
			<trkpt lat="59.93375595472122" lon="30.214513402142604">
				<ele>13.06825449410826</ele>
				<time>2022-08-27T16:20:36Z</time>
			</trkpt>
			<trkpt lat="59.93377714090811" lon="30.21444868974867">
				<ele>12.547403533942997</ele>
				<time>2022-08-27T16:20:39Z</time>
			</trkpt>
			<trkpt lat="59.933799356496884" lon="30.214417498576342">
				<ele>12.62279103975743</ele>
				<time>2022-08-27T16:20:42Z</time>
			</trkpt>
			<trkpt lat="59.93381801647764" lon="30.214382701939673">
				<ele>13.600110323168337</ele>
				<time>2022-08-27T16:20:44Z</time>
			</trkpt>
			<trkpt lat="59.93383617378803" lon="30.2143659009013">
				<ele>14.837454150430858</ele>
				<time>2022-08-27T16:20:46Z</time>
			</trkpt>
			<trkpt lat="59.933856703877865" lon="30.214329184093334">
				<ele>16.543324707075953</ele>
				<time>2022-08-27T16:20:48Z</time>
			</trkpt>
			<trkpt lat="59.933881754750146" lon="30.21431620949138">
				<ele>16.33592712134123</ele>
				<time>2022-08-27T16:20:51Z</time>
			</trkpt>
			<trkpt lat="59.93390273113597" lon="30.214285135781257">
				<ele>15.195398468524218</ele>
				<time>2022-08-27T16:20:53Z</time>
			</trkpt>
			<trkpt lat="59.93392556709601" lon="30.214285919492106">
				<ele>15.931424863636494</ele>
				<time>2022-08-27T16:20:56Z</time>
			</trkpt>
			<trkpt lat="59.93394289989877" lon="30.214260925427393">
				<ele>14.857823303900659</ele>
				<time>2022-08-27T16:20:58Z</time>
			</trkpt>
			<trkpt lat="59.93396362459461" lon="30.21423340654921">
				<ele>14.088711420074105</ele>
				<time>2022-08-27T16:21:00Z</time>
			</trkpt>
			<trkpt lat="59.93398633073447" lon="30.21420662689582">
				<ele>13.940361311659217</ele>
				<time>2022-08-27T16:21:02Z</time>
			</trkpt>
			<trkpt lat="59.93400603515049" lon="30.21418720086594">
				<ele>11.983532995916903</ele>
				<time>2022-08-27T16:21:04Z</time>
			</trkpt>
			<trkpt lat="59.93401971619909" lon="30.214157800929897">
				<ele>13.179677063599229</ele>
				<time>2022-08-27T16:21:06Z</time>
			</trkpt>
			<trkpt lat="59.93403492767374" lon="30.21412506899063">
				<ele>14.469982449896634</ele>
				<time>2022-08-27T16:21:08Z</time>
			</trkpt>
			<trkpt lat="59.93405796922527" lon="30.214097961951424">
				<ele>12.965202211402357</ele>
				<time>2022-08-27T16:21:11Z</time>
			</trkpt>
			<trkpt lat="59.934082373538075" lon="30.214089910673923">
				<ele>9.187641442753375</ele>
				<time>2022-08-27T16:21:15Z</time>
			</trkpt>
			<trkpt lat="59.934105802910885" lon="30.21407465775941">
				<ele>9.012102596461773</ele>
				<time>2022-08-27T16:21:18Z</time>
			</trkpt>
			<trkpt lat="59.93412497699823" lon="30.214061202706795">
				<ele>9.594495016150177</ele>
				<time>2022-08-27T16:21:20Z</time>
			</trkpt>
			<trkpt lat="59.93414568907992" lon="30.214061040832927">
				<ele>8.075966590084136</ele>
				<time>2022-08-27T16:21:23Z</time>
			</trkpt>
			<trkpt lat="59.93417265736829" lon="30.214042992107316">
				<ele>8.512824417091906</ele>
				<time>2022-08-27T16:21:25Z</time>
			</trkpt>
			<trkpt lat="59.93419398103545" lon="30.214026809001506">
				<ele>10.129402481019497</ele>
				<time>2022-08-27T16:21:27Z</time>
			</trkpt>
			<trkpt lat="59.93421708907885" lon="30.21400621980076">
				<ele>8.845900431275368</ele>
				<time>2022-08-27T16:21:30Z</time>
			</trkpt>
			<trkpt lat="59.93423787327095" lon="30.213973035729385">
				<ele>10.925455590710044</ele>
				<time>2022-08-27T16:21:33Z</time>
			</trkpt>
			<trkpt lat="59.93425917732906" lon="30.213952056994955">
				<ele>11.016303170472383</ele>
				<time>2022-08-27T16:21:35Z</time>
			</trkpt>
			<trkpt lat="59.934282882310455" lon="30.21393634380365">
				<ele>10.896189949475229</ele>
				<time>2022-08-27T16:21:37Z</time>
			</trkpt>
			<trkpt lat="59.93431360147623" lon="30.213914737367197">
				<ele>10.590775390155613</ele>
				<time>2022-08-27T16:21:39Z</time>
			</trkpt>
			<trkpt lat="59.93433150997411" lon="30.213897503764162">
				<ele>11.028788375668228</ele>
				<time>2022-08-27T16:21:41Z</time>
			</trkpt>
			<trkpt lat="59.93435413407096" lon="30.2138808728677">
				<ele>10.275187621824443</ele>
				<time>2022-08-27T16:21:43Z</time>
			</trkpt>
			<trkpt lat="59.934379883960645" lon="30.2138554073538">
				<ele>11.284136298112571</ele>
				<time>2022-08-27T16:21:45Z</time>
			</trkpt>
			<trkpt lat="59.934412009175766" lon="30.21385272671062">
				<ele>9.38496433570981</ele>
				<time>2022-08-27T16:21:48Z</time>
			</trkpt>
			<trkpt lat="59.93443852945642" lon="30.21382235495659">
				<ele>11.048923793248832</ele>
				<time>2022-08-27T16:21:50Z</time>
			</trkpt>
			<trkpt lat="59.93445949990022" lon="30.213816166223463">
				<ele>5.813601267524064</ele>
				<time>2022-08-27T16:21:53Z</time>
			</trkpt>
			<trkpt lat="59.93448473990248" lon="30.21380607484376">
				<ele>6.356701853685081</ele>
				<time>2022-08-27T16:21:55Z</time>
			</trkpt>
			<trkpt lat="59.934517903176946" lon="30.213778524805804">
				<ele>5.184121140278876</ele>
				<time>2022-08-27T16:21:57Z</time>
			</trkpt>
			<trkpt lat="59.93453488493031" lon="30.213765292126357">
				<ele>6.270077124238014</ele>
				<time>2022-08-27T16:21:59Z</time>
			</trkpt>
			<trkpt lat="59.934560062715214" lon="30.21372603922418">
				<ele>8.691582928411663</ele>
				<time>2022-08-27T16:22:01Z</time>
			</trkpt>
			<trkpt lat="59.934575977486126" lon="30.213692801550906">
				<ele>4.289808617904782</ele>
				<time>2022-08-27T16:22:05Z</time>
			</trkpt>
			<trkpt lat="59.93458977106393" lon="30.213641889120865">
				<ele>5.525609012693167</ele>
				<time>2022-08-27T16:22:09Z</time>
			</trkpt>
			<trkpt lat="59.93459065991117" lon="30.213604022902576">
				<ele>3.217804162763059</ele>
				<time>2022-08-27T16:22:18Z</time>
			</trkpt>
			<trkpt lat="59.93462539692869" lon="30.213576267886946">
				<ele>5.705631314776838</ele>
				<time>2022-08-27T16:22:20Z</time>
			</trkpt>
			<trkpt lat="59.934632910449345" lon="30.213529449263444">
				<ele>6.2416589288041</ele>
				<time>2022-08-27T16:22:22Z</time>
			</trkpt>
			<trkpt lat="59.93465841378306" lon="30.213493951108212">
				<ele>6.11126509308815</ele>
				<time>2022-08-27T16:22:23Z</time>
			</trkpt>
			<trkpt lat="59.93467977101353" lon="30.213461398898875">
				<ele>6.719501030631363</ele>
				<time>2022-08-27T16:22:24Z</time>
			</trkpt>
			<trkpt lat="59.93470187086557" lon="30.213444999146287">
				<ele>5.50152273196727</ele>
				<time>2022-08-27T16:22:27Z</time>
			</trkpt>
			<trkpt lat="59.9347152891749" lon="30.213415457273292">
				<ele>6.322358276695013</ele>
				<time>2022-08-27T16:22:29Z</time>
			</trkpt>
			<trkpt lat="59.934736500361645" lon="30.213359927178537">
				<ele>8.62472564354539</ele>
				<time>2022-08-27T16:22:31Z</time>
			</trkpt>
			<trkpt lat="59.93475510761919" lon="30.2133319559483">
				<ele>7.997442436404526</ele>
				<time>2022-08-27T16:22:33Z</time>
			</trkpt>
			<trkpt lat="59.93477030733837" lon="30.213305353352577">
				<ele>8.893758699297905</ele>
				<time>2022-08-27T16:22:35Z</time>
			</trkpt>
			<trkpt lat="59.934786447680644" lon="30.213269211718377">
				<ele>7.374703354202211</ele>
				<time>2022-08-27T16:22:37Z</time>
			</trkpt>
			<trkpt lat="59.93480466545284" lon="30.21323539595132">
				<ele>8.735819928348064</ele>
				<time>2022-08-27T16:22:39Z</time>
			</trkpt>
			<trkpt lat="59.93482523873191" lon="30.21318741749006">
				<ele>9.796232928521931</ele>
				<time>2022-08-27T16:22:41Z</time>
			</trkpt>
			<trkpt lat="59.93483886712438" lon="30.213163519524326">
				<ele>9.896118785254657</ele>
				<time>2022-08-27T16:22:43Z</time>
			</trkpt>
			<trkpt lat="59.93485641907401" lon="30.213130777228013">
				<ele>9.994747650809586</ele>
				<time>2022-08-27T16:22:45Z</time>
			</trkpt>
			<trkpt lat="59.93487822740269" lon="30.213104056735467">
				<ele>11.378178212791681</ele>
				<time>2022-08-27T16:22:47Z</time>
			</trkpt>
			<trkpt lat="59.93490031703349" lon="30.213080740515004">
				<ele>7.361988028511405</ele>
				<time>2022-08-27T16:22:50Z</time>
			</trkpt>
			<trkpt lat="59.93492717238308" lon="30.213057631186132">
				<ele>8.62961649429053</ele>
				<time>2022-08-27T16:22:52Z</time>
			</trkpt>
			<trkpt lat="59.93494645710832" lon="30.213046610409243">
				<ele>9.966306760907173</ele>
				<time>2022-08-27T16:22:53Z</time>
			</trkpt>
			<trkpt lat="59.93497365502863" lon="30.213022361867743">
				<ele>8.09900405537337</ele>
				<time>2022-08-27T16:22:55Z</time>
			</trkpt>
			<trkpt lat="59.935005049710256" lon="30.212998821194436">
				<ele>8.899453879334033</ele>
				<time>2022-08-27T16:22:58Z</time>
			</trkpt>
			<trkpt lat="59.9350228429415" lon="30.212970412499295">
				<ele>4.274196667596698</ele>
				<time>2022-08-27T16:23:01Z</time>
			</trkpt>
			<trkpt lat="59.935052775050416" lon="30.21296139697391">
				<ele>4.6254147766157985</ele>
				<time>2022-08-27T16:23:03Z</time>
			</trkpt>
			<trkpt lat="59.93508105091124" lon="30.212931663385945">
				<ele>4.874822276644409</ele>
				<time>2022-08-27T16:23:05Z</time>
			</trkpt>
			<trkpt lat="59.935096264750186" lon="30.212908704165184">
				<ele>5.6912316447123885</ele>
				<time>2022-08-27T16:23:07Z</time>
			</trkpt>
			<trkpt lat="59.935120456236746" lon="30.21288924175879">
				<ele>6.119576971977949</ele>
				<time>2022-08-27T16:23:09Z</time>
			</trkpt>
			<trkpt lat="59.93513750424943" lon="30.212873038355372">
				<ele>5.725067769177258</ele>
				<time>2022-08-27T16:23:10Z</time>
			</trkpt>
			<trkpt lat="59.93515894812293" lon="30.212864826178343">
				<ele>6.129587030038238</ele>
				<time>2022-08-27T16:23:12Z</time>
			</trkpt>
			<trkpt lat="59.93519308908149" lon="30.212840889459056">
				<ele>6.460283115506172</ele>
				<time>2022-08-27T16:23:14Z</time>
			</trkpt>
			<trkpt lat="59.935224084667794" lon="30.212823339753513">
				<ele>5.9066111305728555</ele>
				<time>2022-08-27T16:23:17Z</time>
			</trkpt>
			<trkpt lat="59.93525068700029" lon="30.212817133835994">
				<ele>3.1636037873104215</ele>
				<time>2022-08-27T16:23:20Z</time>
			</trkpt>
			<trkpt lat="59.935276843844804" lon="30.212797880763656">
				<ele>3.6642714962363243</ele>
				<time>2022-08-27T16:23:22Z</time>
			</trkpt>
			<trkpt lat="59.93530429780746" lon="30.212780222399207">
				<ele>4.665169928222895</ele>
				<time>2022-08-27T16:23:24Z</time>
			</trkpt>
			<trkpt lat="59.9353333219222" lon="30.212770927930507">
				<ele>4.501612995751202</ele>
				<time>2022-08-27T16:23:26Z</time>
			</trkpt>
			<trkpt lat="59.935352281495696" lon="30.212753729523335">
				<ele>5.8670482793822885</ele>
				<time>2022-08-27T16:23:28Z</time>
			</trkpt>
			<trkpt lat="59.935375092345566" lon="30.21275540123924">
				<ele>1.4778861468657851</ele>
				<time>2022-08-27T16:23:30Z</time>
			</trkpt>
			<trkpt lat="59.93540790081074" lon="30.21274548078384">
				<ele>4.792480521835387</ele>
				<time>2022-08-27T16:23:33Z</time>
			</trkpt>
			<trkpt lat="59.935432339485885" lon="30.21273645214492">
				<ele>3.9899119501933455</ele>
				<time>2022-08-27T16:23:35Z</time>
			</trkpt>
			<trkpt lat="59.93545520751926" lon="30.212717114208505">
				<ele>3.515806450508535</ele>
				<time>2022-08-27T16:23:37Z</time>
			</trkpt>
			<trkpt lat="59.93547688885127" lon="30.212720842801687">
				<ele>4.174513007514179</ele>
				<time>2022-08-27T16:23:39Z</time>
			</trkpt>
			<trkpt lat="59.93549517977462" lon="30.21270152468667">
				<ele>4.130286195315421</ele>
				<time>2022-08-27T16:23:41Z</time>
			</trkpt>
			<trkpt lat="59.93552192519529" lon="30.212697603343347">
				<ele>2.042108350433409</ele>
				<time>2022-08-27T16:23:44Z</time>
			</trkpt>
			<trkpt lat="59.935543889062046" lon="30.212719019808112">
				<ele>0.9568844176828861</ele>
				<time>2022-08-27T16:23:46Z</time>
			</trkpt>
			<trkpt lat="59.93557632341967" lon="30.21273609275341">
				<ele>4.081470544449985</ele>
				<time>2022-08-27T16:23:48Z</time>
			</trkpt>
			<trkpt lat="59.935605930825204" lon="30.212774488606655">
				<ele>-0.16915631014853716</ele>
				<time>2022-08-27T16:23:52Z</time>
			</trkpt>
			<trkpt lat="59.93561856672655" lon="30.212809383190205">
				<ele>0.4463388416916132</ele>
				<time>2022-08-27T16:23:54Z</time>
			</trkpt>
			<trkpt lat="59.9356314097498" lon="30.212845920643684">
				<ele>0.13961154222488403</ele>
				<time>2022-08-27T16:23:56Z</time>
			</trkpt>
			<trkpt lat="59.935642419795315" lon="30.212899123846483">
				<ele>3.725749217905104</ele>
				<time>2022-08-27T16:23:59Z</time>
			</trkpt>
			<trkpt lat="59.93565815253922" lon="30.21294442358778">
				<ele>4.110997018404305</ele>
				<time>2022-08-27T16:24:01Z</time>
			</trkpt>
			<trkpt lat="59.93567199838161" lon="30.21299017905366">
				<ele>3.8160344222560525</ele>
				<time>2022-08-27T16:24:03Z</time>
			</trkpt>
			<trkpt lat="59.93568175571975" lon="30.213030558598177">
				<ele>6.873701512813568</ele>
				<time>2022-08-27T16:24:05Z</time>
			</trkpt>
			<trkpt lat="59.93568127801246" lon="30.213078352666493">
				<ele>2.7373850839212537</ele>
				<time>2022-08-27T16:24:08Z</time>
			</trkpt>
			<trkpt lat="59.935689212078714" lon="30.213113376247428">
				<ele>3.979865187779069</ele>
				<time>2022-08-27T16:24:10Z</time>
			</trkpt>
			<trkpt lat="59.93569454502813" lon="30.213149541747224">
				<ele>3.7720233788713813</ele>
				<time>2022-08-27T16:24:11Z</time>
			</trkpt>
			<trkpt lat="59.935701929033726" lon="30.213192016346046">
				<ele>3.2481249384582043</ele>
				<time>2022-08-27T16:24:13Z</time>
			</trkpt>
			<trkpt lat="59.93571033040426" lon="30.213236481882156">
				<ele>1.7111617224290967</ele>
				<time>2022-08-27T16:24:15Z</time>
			</trkpt>
			<trkpt lat="59.935723488564946" lon="30.2132756937834">
				<ele>3.122282836586237</ele>
				<time>2022-08-27T16:24:17Z</time>
			</trkpt>
			<trkpt lat="59.93573872579298" lon="30.213313843208994">
				<ele>3.014510135166347</ele>
				<time>2022-08-27T16:24:19Z</time>
			</trkpt>
			<trkpt lat="59.93575560921297" lon="30.213347603914308">
				<ele>4.853175483644009</ele>
				<time>2022-08-27T16:24:21Z</time>
			</trkpt>
			<trkpt lat="59.93574788012157" lon="30.213394313548253">
				<ele>0.07751367893069983</ele>
				<time>2022-08-27T16:24:23Z</time>
			</trkpt>
			<trkpt lat="59.935766055134685" lon="30.213429251486936">
				<ele>2.5457391515374184</ele>
				<time>2022-08-27T16:24:25Z</time>
			</trkpt>
			<trkpt lat="59.93576987517056" lon="30.213474107370633">
				<ele>1.8289065239951015</ele>
				<time>2022-08-27T16:24:27Z</time>
			</trkpt>
			<trkpt lat="59.93577600494481" lon="30.21353044352468">
				<ele>3.874127868562937</ele>
				<time>2022-08-27T16:24:29Z</time>
			</trkpt>
			<trkpt lat="59.935781064353066" lon="30.21356731514748">
				<ele>1.2239057905972004</ele>
				<time>2022-08-27T16:24:31Z</time>
			</trkpt>
			<trkpt lat="59.93579090132744" lon="30.213600923342565">
				<ele>2.388306200504303</ele>
				<time>2022-08-27T16:24:33Z</time>
			</trkpt>
			<trkpt lat="59.93579986815462" lon="30.213649421043698">
				<ele>1.1974192997440696</ele>
				<time>2022-08-27T16:24:35Z</time>
			</trkpt>
			<trkpt lat="59.935813035235945" lon="30.213696263815358">
				<ele>3.5662420243024826</ele>
				<time>2022-08-27T16:24:37Z</time>
			</trkpt>
			<trkpt lat="59.93582008182487" lon="30.213753145286734">
				<ele>1.2638390120118856</ele>
				<time>2022-08-27T16:24:40Z</time>
			</trkpt>
			<trkpt lat="59.93582963977165" lon="30.21380264039382">
				<ele>2.7000399567186832</ele>
				<time>2022-08-27T16:24:42Z</time>
			</trkpt>
			<trkpt lat="59.935851373879906" lon="30.21383700062665">
				<ele>4.234635976143181</ele>
				<time>2022-08-27T16:24:45Z</time>
			</trkpt>
			<trkpt lat="59.93586958108758" lon="30.213853895714994">
				<ele>5.096078555099666</ele>
				<time>2022-08-27T16:24:47Z</time>
			</trkpt>
			<trkpt lat="59.93588805454818" lon="30.213896916719687">
				<ele>5.88178373221308</ele>
				<time>2022-08-27T16:24:49Z</time>
			</trkpt>
			<trkpt lat="59.935893874333125" lon="30.213942815364117">
				<ele>5.032086486928165</ele>
				<time>2022-08-27T16:24:51Z</time>
			</trkpt>
			<trkpt lat="59.93590946033098" lon="30.213986115473457">
				<ele>8.202749704942107</ele>
				<time>2022-08-27T16:24:53Z</time>
			</trkpt>
			<trkpt lat="59.935902334174855" lon="30.214030636867932">
				<ele>6.647303740493953</ele>
				<time>2022-08-27T16:24:55Z</time>
			</trkpt>
			<trkpt lat="59.935905564740224" lon="30.214090936885228">
				<ele>5.3814760176464915</ele>
				<time>2022-08-27T16:24:58Z</time>
			</trkpt>
			<trkpt lat="59.935915568331886" lon="30.21413707958729">
				<ele>5.901080714538693</ele>
				<time>2022-08-27T16:25:01Z</time>
			</trkpt>
			<trkpt lat="59.93592417445209" lon="30.214177013270724">
				<ele>6.615790041163564</ele>
				<time>2022-08-27T16:25:03Z</time>
			</trkpt>
			<trkpt lat="59.935942857334744" lon="30.21420088660663">
				<ele>6.263450740836561</ele>
				<time>2022-08-27T16:25:05Z</time>
			</trkpt>
			<trkpt lat="59.9359532613568" lon="30.21423672541523">
				<ele>6.65908248629421</ele>
				<time>2022-08-27T16:25:07Z</time>
			</trkpt>
			<trkpt lat="59.935965784110124" lon="30.21426420942997">
				<ele>5.753156820312142</ele>
				<time>2022-08-27T16:25:09Z</time>
			</trkpt>
			<trkpt lat="59.93597790681742" lon="30.214300126829556">
				<ele>6.11175565700978</ele>
				<time>2022-08-27T16:25:11Z</time>
			</trkpt>
			<trkpt lat="59.93599578352783" lon="30.214338726469002">
				<ele>6.793105193413794</ele>
				<time>2022-08-27T16:25:13Z</time>
			</trkpt>
			<trkpt lat="59.93600028806076" lon="30.214385874207267">
				<ele>5.405419124290347</ele>
				<time>2022-08-27T16:25:16Z</time>
			</trkpt>
			<trkpt lat="59.93600640235584" lon="30.214425564469146">
				<ele>4.601436221972108</ele>
				<time>2022-08-27T16:25:18Z</time>
			</trkpt>
			<trkpt lat="59.93600835517696" lon="30.2144680288272">
				<ele>5.157635947689414</ele>
				<time>2022-08-27T16:25:20Z</time>
			</trkpt>
			<trkpt lat="59.93601518232983" lon="30.214509658861974">
				<ele>4.7061464646831155</ele>
				<time>2022-08-27T16:25:22Z</time>
			</trkpt>
			<trkpt lat="59.93602433851159" lon="30.214546729569083">
				<ele>4.882344429381192</ele>
				<time>2022-08-27T16:25:24Z</time>
			</trkpt>
			<trkpt lat="59.93603031122" lon="30.214581486487422">
				<ele>5.19118311163038</ele>
				<time>2022-08-27T16:25:26Z</time>
			</trkpt>
			<trkpt lat="59.936042715896534" lon="30.214615459347037">
				<ele>5.308467152528465</ele>
				<time>2022-08-27T16:25:28Z</time>
			</trkpt>
			<trkpt lat="59.93604834673035" lon="30.214651028632655">
				<ele>5.143016689456999</ele>
				<time>2022-08-27T16:25:30Z</time>
			</trkpt>
			<trkpt lat="59.936067934931934" lon="30.214693704792964">
				<ele>4.986891131848097</ele>
				<time>2022-08-27T16:25:32Z</time>
			</trkpt>
			<trkpt lat="59.9360633420874" lon="30.214739595409636">
				<ele>3.57063518371433</ele>
				<time>2022-08-27T16:25:34Z</time>
			</trkpt>
			<trkpt lat="59.93608229112126" lon="30.214783913711113">
				<ele>3.7305913139134645</ele>
				<time>2022-08-27T16:25:37Z</time>
			</trkpt>
			<trkpt lat="59.93608190894243" lon="30.214839436192136">
				<ele>3.884893188253045</ele>
				<time>2022-08-27T16:25:38Z</time>
			</trkpt>
			<trkpt lat="59.93609185877181" lon="30.214876126868678">
				<ele>3.7469047233462334</ele>
				<time>2022-08-27T16:25:41Z</time>
			</trkpt>
			<trkpt lat="59.936103839556765" lon="30.214911720467256">
				<ele>5.973236378282309</ele>
				<time>2022-08-27T16:25:43Z</time>
			</trkpt>
			<trkpt lat="59.93610973769576" lon="30.21495541102217">
				<ele>2.9153637317940593</ele>
				<time>2022-08-27T16:25:45Z</time>
			</trkpt>
			<trkpt lat="59.93611924661825" lon="30.21499310295172">
				<ele>5.6550851333886385</ele>
				<time>2022-08-27T16:25:47Z</time>
			</trkpt>
			<trkpt lat="59.93613084318315" lon="30.215025754724707">
				<ele>4.957482319325209</ele>
				<time>2022-08-27T16:25:49Z</time>
			</trkpt>
			<trkpt lat="59.93614952637651" lon="30.21505698373858">
				<ele>4.891291601583362</ele>
				<time>2022-08-27T16:25:52Z</time>
			</trkpt>
			<trkpt lat="59.93615012390425" lon="30.215097815766658">
				<ele>5.6419309033080935</ele>
				<time>2022-08-27T16:25:54Z</time>
			</trkpt>
			<trkpt lat="59.93615553925658" lon="30.215142209504947">
				<ele>6.0600352343171835</ele>
				<time>2022-08-27T16:25:56Z</time>
			</trkpt>
			<trkpt lat="59.93617060829697" lon="30.215183574610613">
				<ele>7.739909797906876</ele>
				<time>2022-08-27T16:25:58Z</time>
			</trkpt>
			<trkpt lat="59.93617837268504" lon="30.215220621371213">
				<ele>5.9016108289361</ele>
				<time>2022-08-27T16:26:00Z</time>
			</trkpt>
			<trkpt lat="59.93618574734809" lon="30.215258068632693">
				<ele>5.973620657809079</ele>
				<time>2022-08-27T16:26:02Z</time>
			</trkpt>
			<trkpt lat="59.936193341143266" lon="30.21529050650606">
				<ele>7.496058811433613</ele>
				<time>2022-08-27T16:26:04Z</time>
			</trkpt>
			<trkpt lat="59.93620621070626" lon="30.215334304325612">
				<ele>1.0701002944260836</ele>
				<time>2022-08-27T16:26:06Z</time>
			</trkpt>
			<trkpt lat="59.93621880902167" lon="30.215369002016885">
				<ele>3.698309420607984</ele>
				<time>2022-08-27T16:26:08Z</time>
			</trkpt>
			<trkpt lat="59.93623625995761" lon="30.215412124304706">
				<ele>3.436932264827192</ele>
				<time>2022-08-27T16:26:10Z</time>
			</trkpt>
			<trkpt lat="59.93624011028395" lon="30.21545788476881">
				<ele>2.986821301281452</ele>
				<time>2022-08-27T16:26:13Z</time>
			</trkpt>
			<trkpt lat="59.936253521189585" lon="30.215507053840014">
				<ele>4.442737931385636</ele>
				<time>2022-08-27T16:26:15Z</time>
			</trkpt>
			<trkpt lat="59.93626304403803" lon="30.215546068807406">
				<ele>6.782859966158867</ele>
				<time>2022-08-27T16:26:17Z</time>
			</trkpt>
			<trkpt lat="59.936271807735814" lon="30.21557930210705">
				<ele>4.969138303771615</ele>
				<time>2022-08-27T16:26:19Z</time>
			</trkpt>
			<trkpt lat="59.9362848536844" lon="30.215610643399913">
				<ele>5.438950746320188</ele>
				<time>2022-08-27T16:26:21Z</time>
			</trkpt>
			<trkpt lat="59.936300173079104" lon="30.21564561456627">
				<ele>5.327131969854236</ele>
				<time>2022-08-27T16:26:23Z</time>
			</trkpt>
			<trkpt lat="59.93631616137223" lon="30.215668642387797">
				<ele>6.0487560126930475</ele>
				<time>2022-08-27T16:26:24Z</time>
			</trkpt>
			<trkpt lat="59.93632505872745" lon="30.21570355732486">
				<ele>6.238022641278803</ele>
				<time>2022-08-27T16:26:27Z</time>
			</trkpt>
			<trkpt lat="59.936347049138014" lon="30.215719078058193">
				<ele>6.302531688474119</ele>
				<time>2022-08-27T16:26:30Z</time>
			</trkpt>
			<trkpt lat="59.936376653443325" lon="30.21572808922995">
				<ele>9.308120330795646</ele>
				<time>2022-08-27T16:26:32Z</time>
			</trkpt>
			<trkpt lat="59.93639857281693" lon="30.215697864446888">
				<ele>7.117260259576142</ele>
				<time>2022-08-27T16:26:34Z</time>
			</trkpt>
			<trkpt lat="59.93641990217576" lon="30.215692964547472">
				<ele>6.959286127239466</ele>
				<time>2022-08-27T16:26:37Z</time>
			</trkpt>
			<trkpt lat="59.936438892193635" lon="30.215710992607082">
				<ele>4.56737893819809</ele>
				<time>2022-08-27T16:26:39Z</time>
			</trkpt>
			<trkpt lat="59.936464994738465" lon="30.215720286015355">
				<ele>5.59493525698781</ele>
				<time>2022-08-27T16:26:41Z</time>
			</trkpt>
			<trkpt lat="59.936482187749" lon="30.215730888034095">
				<ele>4.333707514218986</ele>
				<time>2022-08-27T16:26:43Z</time>
			</trkpt>
			<trkpt lat="59.93650437803841" lon="30.21574152353571">
				<ele>4.627224016934633</ele>
				<time>2022-08-27T16:26:45Z</time>
			</trkpt>
			<trkpt lat="59.9365275378289" lon="30.215730883071036">
				<ele>1.086761794053018</ele>
				<time>2022-08-27T16:26:47Z</time>
			</trkpt>
			<trkpt lat="59.93654508143285" lon="30.21575173792436">
				<ele>1.7176594277843833</ele>
				<time>2022-08-27T16:26:49Z</time>
			</trkpt>
			<trkpt lat="59.936570846959484" lon="30.215745816845445">
				<ele>2.394541038200259</ele>
				<time>2022-08-27T16:26:52Z</time>
			</trkpt>
			<trkpt lat="59.93659244420827" lon="30.215730819171426">
				<ele>5.5679987808689475</ele>
				<time>2022-08-27T16:26:55Z</time>
			</trkpt>
			<trkpt lat="59.93661895340362" lon="30.215729030559377">
				<ele>2.540561269968748</ele>
				<time>2022-08-27T16:26:57Z</time>
			</trkpt>
			<trkpt lat="59.936639282658035" lon="30.215762403961623">
				<ele>4.10537085775286</ele>
				<time>2022-08-27T16:26:58Z</time>
			</trkpt>
			<trkpt lat="59.936665759593176" lon="30.215779148329027">
				<ele>3.843406713567674</ele>
				<time>2022-08-27T16:27:00Z</time>
			</trkpt>
			<trkpt lat="59.93668832494935" lon="30.21578246077013">
				<ele>-0.4254533713683486</ele>
				<time>2022-08-27T16:27:02Z</time>
			</trkpt>
			<trkpt lat="59.93671523897318" lon="30.21584064660877">
				<ele>1.6052484819665551</ele>
				<time>2022-08-27T16:27:05Z</time>
			</trkpt>
			<trkpt lat="59.936742404197894" lon="30.215875211212133">
				<ele>5.338791815564036</ele>
				<time>2022-08-27T16:27:07Z</time>
			</trkpt>
			<trkpt lat="59.93676012728891" lon="30.215895937075775">
				<ele>2.6713672569021583</ele>
				<time>2022-08-27T16:27:10Z</time>
			</trkpt>
			<trkpt lat="59.93678793630566" lon="30.21591827660521">
				<ele>3.493837345391512</ele>
				<time>2022-08-27T16:27:12Z</time>
			</trkpt>
			<trkpt lat="59.936807829241296" lon="30.215935122190274">
				<ele>4.290765795856714</ele>
				<time>2022-08-27T16:27:14Z</time>
			</trkpt>
			<trkpt lat="59.936830356862686" lon="30.2159712807405">
				<ele>5.120350791141391</ele>
				<time>2022-08-27T16:27:17Z</time>
			</trkpt>
			<trkpt lat="59.93686685862965" lon="30.21600260197578">
				<ele>7.436673320829868</ele>
				<time>2022-08-27T16:27:22Z</time>
			</trkpt>
			<trkpt lat="59.9368900575116" lon="30.2160011687657">
				<ele>2.820915685966611</ele>
				<time>2022-08-27T16:27:25Z</time>
			</trkpt>
			<trkpt lat="59.936915446330715" lon="30.216016738795044">
				<ele>3.8188029499724507</ele>
				<time>2022-08-27T16:27:26Z</time>
			</trkpt>
			<trkpt lat="59.93692913965497" lon="30.216055353471454">
				<ele>3.4366598958149552</ele>
				<time>2022-08-27T16:27:28Z</time>
			</trkpt>
			<trkpt lat="59.93694467602756" lon="30.216095834004406">
				<ele>3.862826527096331</ele>
				<time>2022-08-27T16:27:29Z</time>
			</trkpt>
			<trkpt lat="59.936946150390185" lon="30.21613738098037">
				<ele>7.289510522969067</ele>
				<time>2022-08-27T16:27:30Z</time>
			</trkpt>
			<trkpt lat="59.93693725386364" lon="30.2161816292983">
				<ele>5.798074068501592</ele>
				<time>2022-08-27T16:27:32Z</time>
			</trkpt>
			<trkpt lat="59.936951781189514" lon="30.216238990423264">
				<ele>5.97795448359102</ele>
				<time>2022-08-27T16:27:34Z</time>
			</trkpt>
			<trkpt lat="59.93696049445524" lon="30.216275072346228">
				<ele>5.3828435353934765</ele>
				<time>2022-08-27T16:27:36Z</time>
			</trkpt>
			<trkpt lat="59.93696871351998" lon="30.216312015767983">
				<ele>6.519074838608503</ele>
				<time>2022-08-27T16:27:38Z</time>
			</trkpt>
			<trkpt lat="59.93697398269522" lon="30.216347298856412">
				<ele>6.834949408657849</ele>
				<time>2022-08-27T16:27:39Z</time>
			</trkpt>
			<trkpt lat="59.93697883237258" lon="30.21638610328712">
				<ele>4.842005953192711</ele>
				<time>2022-08-27T16:27:41Z</time>
			</trkpt>
			<trkpt lat="59.936988159287274" lon="30.216435788920002">
				<ele>6.41696685180068</ele>
				<time>2022-08-27T16:27:43Z</time>
			</trkpt>
			<trkpt lat="59.93700097920427" lon="30.216479112465755">
				<ele>4.975555365905166</ele>
				<time>2022-08-27T16:27:45Z</time>
			</trkpt>
			<trkpt lat="59.93700815311007" lon="30.216514622878623">
				<ele>7.323738259263337</ele>
				<time>2022-08-27T16:27:47Z</time>
			</trkpt>
			<trkpt lat="59.937018150727255" lon="30.21654660423185">
				<ele>7.546062281355262</ele>
				<time>2022-08-27T16:27:49Z</time>
			</trkpt>
			<trkpt lat="59.93702872615588" lon="30.216593522617885">
				<ele>6.03263024892658</ele>
				<time>2022-08-27T16:27:51Z</time>
			</trkpt>
			<trkpt lat="59.93703944073839" lon="30.216631027610237">
				<ele>4.646367440931499</ele>
				<time>2022-08-27T16:27:53Z</time>
			</trkpt>
			<trkpt lat="59.93704631953227" lon="30.216669117986754">
				<ele>7.327070898376405</ele>
				<time>2022-08-27T16:27:55Z</time>
			</trkpt>
			<trkpt lat="59.93702764008857" lon="30.216709903340874">
				<ele>5.247773132286966</ele>
				<time>2022-08-27T16:27:56Z</time>
			</trkpt>
			<trkpt lat="59.93700289129895" lon="30.216712568221066">
				<ele>5.3771624295040965</ele>
				<time>2022-08-27T16:27:57Z</time>
			</trkpt>
			<trkpt lat="59.936982051524474" lon="30.21675379729549">
				<ele>5.634197353385389</ele>
				<time>2022-08-27T16:27:58Z</time>
			</trkpt>
			<trkpt lat="59.936955248314995" lon="30.216785525116805">
				<ele>3.8214358454570174</ele>
				<time>2022-08-27T16:28:01Z</time>
			</trkpt>
			<trkpt lat="59.93693672452252" lon="30.21682252195308">
				<ele>4.457421883009374</ele>
				<time>2022-08-27T16:28:03Z</time>
			</trkpt>
			<trkpt lat="59.936912094513076" lon="30.216832685512134">
				<ele>1.3062110375612974</ele>
				<time>2022-08-27T16:28:05Z</time>
			</trkpt>
			<trkpt lat="59.93689886420297" lon="30.216869691247336">
				<ele>2.778250847943127</ele>
				<time>2022-08-27T16:28:06Z</time>
			</trkpt>
			<trkpt lat="59.936873030463936" lon="30.21688642651807">
				<ele>4.787391825579107</ele>
				<time>2022-08-27T16:28:08Z</time>
			</trkpt>
			<trkpt lat="59.93686144465675" lon="30.216920575826048">
				<ele>5.214552938006818</ele>
				<time>2022-08-27T16:28:09Z</time>
			</trkpt>
			<trkpt lat="59.936839671960975" lon="30.21696542338757">
				<ele>6.600400935858488</ele>
				<time>2022-08-27T16:28:11Z</time>
			</trkpt>
			<trkpt lat="59.936820498908254" lon="30.21696883403175">
				<ele>7.181868945248425</ele>
				<time>2022-08-27T16:28:12Z</time>
			</trkpt>
			<trkpt lat="59.93682124981074" lon="30.217005131069442">
				<ele>9.108829031698406</ele>
				<time>2022-08-27T16:28:13Z</time>
			</trkpt>
			<trkpt lat="59.936827584588926" lon="30.21703919962259">
				<ele>5.387528654187918</ele>
				<time>2022-08-27T16:28:14Z</time>
			</trkpt>
			<trkpt lat="59.93683286202088" lon="30.217077888619265">
				<ele>4.5327427694574</ele>
				<time>2022-08-27T16:28:15Z</time>
			</trkpt>
			<trkpt lat="59.9368187573642" lon="30.217032196763704">
				<ele>5.012155598029494</ele>
				<time>2022-08-27T16:28:17Z</time>
			</trkpt>
			<trkpt lat="59.936771530505915" lon="30.217023541601872">
				<ele>7.60425562504679</ele>
				<time>2022-08-27T16:28:18Z</time>
			</trkpt>
			<trkpt lat="59.93674576803548" lon="30.21702006202032">
				<ele>6.890482627786696</ele>
				<time>2022-08-27T16:28:19Z</time>
			</trkpt>
			<trkpt lat="59.936721858935954" lon="30.217034893561124">
				<ele>6.370034169405699</ele>
				<time>2022-08-27T16:28:21Z</time>
			</trkpt>
			<trkpt lat="59.936701577807156" lon="30.21704299042507">
				<ele>8.395642641931772</ele>
				<time>2022-08-27T16:28:22Z</time>
			</trkpt>
			<trkpt lat="59.93667639514295" lon="30.217060853311327">
				<ele>7.265722445212305</ele>
				<time>2022-08-27T16:28:24Z</time>
			</trkpt>
			<trkpt lat="59.93664300867315" lon="30.217073183523336">
				<ele>6.72961376234889</ele>
				<time>2022-08-27T16:28:27Z</time>
			</trkpt>
			<trkpt lat="59.93662015425773" lon="30.217058329257405">
				<ele>7.236904873512685</ele>
				<time>2022-08-27T16:28:29Z</time>
			</trkpt>
			<trkpt lat="59.93659160171901" lon="30.217090165367004">
				<ele>6.285035316832364</ele>
				<time>2022-08-27T16:28:32Z</time>
			</trkpt>
			<trkpt lat="59.936576842695416" lon="30.217113653660473">
				<ele>7.9035761104896665</ele>
				<time>2022-08-27T16:28:34Z</time>
			</trkpt>
			<trkpt lat="59.936556245662345" lon="30.21711557785483">
				<ele>8.105577442795038</ele>
				<time>2022-08-27T16:28:36Z</time>
			</trkpt>
			<trkpt lat="59.936568565631156" lon="30.21714845382811">
				<ele>7.165835106745362</ele>
				<time>2022-08-27T16:28:38Z</time>
			</trkpt>
			<trkpt lat="59.93657864374565" lon="30.217184953250882">
				<ele>4.572102195583284</ele>
				<time>2022-08-27T16:28:40Z</time>
			</trkpt>
			<trkpt lat="59.93658676171136" lon="30.217217005665336">
				<ele>6.631734092719853</ele>
				<time>2022-08-27T16:28:41Z</time>
			</trkpt>
			<trkpt lat="59.93658747258012" lon="30.21725596373665">
				<ele>0.46675686351954937</ele>
				<time>2022-08-27T16:28:43Z</time>
			</trkpt>
			<trkpt lat="59.93661208260496" lon="30.217270068408645">
				<ele>1.7785577299073339</ele>
				<time>2022-08-27T16:28:45Z</time>
			</trkpt>
			<trkpt lat="59.93661046048859" lon="30.217319686976563">
				<ele>1.9970819149166346</ele>
				<time>2022-08-27T16:28:47Z</time>
			</trkpt>
			<trkpt lat="59.936621706214915" lon="30.217369647629756">
				<ele>2.2062115259468555</ele>
				<time>2022-08-27T16:28:49Z</time>
			</trkpt>
			<trkpt lat="59.93662807345747" lon="30.217416479036523">
				<ele>0.7436251360923052</ele>
				<time>2022-08-27T16:28:51Z</time>
			</trkpt>
			<trkpt lat="59.93664086652178" lon="30.21745552848974">
				<ele>1.185557909309864</ele>
				<time>2022-08-27T16:28:54Z</time>
			</trkpt>
			<trkpt lat="59.936653072537915" lon="30.21748397003171">
				<ele>1.3128491751849651</ele>
				<time>2022-08-27T16:28:56Z</time>
			</trkpt>
			<trkpt lat="59.93666690610412" lon="30.217526011235332">
				<ele>3.351983528584242</ele>
				<time>2022-08-27T16:28:58Z</time>
			</trkpt>
			<trkpt lat="59.93666822227655" lon="30.217569226996012">
				<ele>-1.4916337234899402</ele>
				<time>2022-08-27T16:29:00Z</time>
			</trkpt>
			<trkpt lat="59.93667459452702" lon="30.217627374806806">
				<ele>0.8208654206246138</ele>
				<time>2022-08-27T16:29:02Z</time>
			</trkpt>
			<trkpt lat="59.936679489820186" lon="30.217673214408343">
				<ele>0.4978423425927758</ele>
				<time>2022-08-27T16:29:04Z</time>
			</trkpt>
			<trkpt lat="59.936699626870634" lon="30.21770164627161">
				<ele>2.737497141584754</ele>
				<time>2022-08-27T16:29:07Z</time>
			</trkpt>
			<trkpt lat="59.93671284918758" lon="30.217731940978084">
				<ele>3.6008200077340007</ele>
				<time>2022-08-27T16:29:09Z</time>
			</trkpt>
			<trkpt lat="59.93672600778619" lon="30.217769974342794">
				<ele>3.5343917021527886</ele>
				<time>2022-08-27T16:29:11Z</time>
			</trkpt>
			<trkpt lat="59.936739884652795" lon="30.21779727922958">
				<ele>4.107382167130709</ele>
				<time>2022-08-27T16:29:14Z</time>
			</trkpt>
			<trkpt lat="59.93675240717529" lon="30.217835775576553">
				<ele>6.50604192353785</ele>
				<time>2022-08-27T16:29:17Z</time>
			</trkpt>
			<trkpt lat="59.93675435102823" lon="30.217888057861188">
				<ele>8.284783286973834</ele>
				<time>2022-08-27T16:29:19Z</time>
			</trkpt>
			<trkpt lat="59.93677253941829" lon="30.21791291031953">
				<ele>1.3704770524054766</ele>
				<time>2022-08-27T16:29:22Z</time>
			</trkpt>
			<trkpt lat="59.93677313499886" lon="30.21798774024764">
				<ele>3.378472624346614</ele>
				<time>2022-08-27T16:29:24Z</time>
			</trkpt>
			<trkpt lat="59.93679373113582" lon="30.218015599155503">
				<ele>4.691114199347794</ele>
				<time>2022-08-27T16:29:25Z</time>
			</trkpt>
			<trkpt lat="59.93679827171308" lon="30.218074628637233">
				<ele>5.060006662271917</ele>
				<time>2022-08-27T16:29:27Z</time>
			</trkpt>
			<trkpt lat="59.936816929500765" lon="30.21811807153158">
				<ele>4.944402169436216</ele>
				<time>2022-08-27T16:29:29Z</time>
			</trkpt>
			<trkpt lat="59.93683560693321" lon="30.21814542398371">
				<ele>6.0619270177558064</ele>
				<time>2022-08-27T16:29:31Z</time>
			</trkpt>
			<trkpt lat="59.93685064793381" lon="30.218191488533478">
				<ele>6.398470490239561</ele>
				<time>2022-08-27T16:29:34Z</time>
			</trkpt>
			<trkpt lat="59.936869717006076" lon="30.218161144278632">
				<ele>5.516461554914713</ele>
				<time>2022-08-27T16:29:37Z</time>
			</trkpt>
			<trkpt lat="59.93685478825762" lon="30.218225131567017">
				<ele>2.84916368778795</ele>
				<time>2022-08-27T16:29:40Z</time>
			</trkpt>
			<trkpt lat="59.93686673331749" lon="30.218279932965093">
				<ele>4.752903142943978</ele>
				<time>2022-08-27T16:29:42Z</time>
			</trkpt>
			<trkpt lat="59.93687108402634" lon="30.21833656329911">
				<ele>4.724771298468113</ele>
				<time>2022-08-27T16:29:44Z</time>
			</trkpt>
			<trkpt lat="59.936855200634064" lon="30.218372080351706">
				<ele>4.245117821730673</ele>
				<time>2022-08-27T16:29:45Z</time>
			</trkpt>
			<trkpt lat="59.93686960274732" lon="30.21841525384152">
				<ele>7.252351903356612</ele>
				<time>2022-08-27T16:29:47Z</time>
			</trkpt>
			<trkpt lat="59.936883485445506" lon="30.218451460199862">
				<ele>5.080981875769794</ele>
				<time>2022-08-27T16:29:49Z</time>
			</trkpt>
			<trkpt lat="59.93689295300226" lon="30.21849298057076">
				<ele>7.161521101370454</ele>
				<time>2022-08-27T16:29:51Z</time>
			</trkpt>
			<trkpt lat="59.936897223437946" lon="30.218539979936622">
				<ele>6.068994418717921</ele>
				<time>2022-08-27T16:29:53Z</time>
			</trkpt>
			<trkpt lat="59.936891109575896" lon="30.218622255438373">
				<ele>8.677006293088198</ele>
				<time>2022-08-27T16:29:54Z</time>
			</trkpt>
			<trkpt lat="59.93688934822196" lon="30.21867521751099">
				<ele>6.156850294210017</ele>
				<time>2022-08-27T16:29:55Z</time>
			</trkpt>
			<trkpt lat="59.936907908888685" lon="30.218731688217073">
				<ele>6.409807374700904</ele>
				<time>2022-08-27T16:29:59Z</time>
			</trkpt>
			<trkpt lat="59.936906080230415" lon="30.218774167839534">
				<ele>6.213615259155631</ele>
				<time>2022-08-27T16:30:00Z</time>
			</trkpt>
			<trkpt lat="59.93688478476747" lon="30.218870668260205">
				<ele>6.294397086836398</ele>
				<time>2022-08-27T16:30:01Z</time>
			</trkpt>
			<trkpt lat="59.936911382880105" lon="30.218816476147545">
				<ele>5.053531193174422</ele>
				<time>2022-08-27T16:30:02Z</time>
			</trkpt>
			<trkpt lat="59.936929784981615" lon="30.21880547224739">
				<ele>5.8086410239338875</ele>
				<time>2022-08-27T16:30:04Z</time>
			</trkpt>
			<trkpt lat="59.93693703628887" lon="30.218848482798478">
				<ele>1.429089691489935</ele>
				<time>2022-08-27T16:30:06Z</time>
			</trkpt>
			<trkpt lat="59.93695207370911" lon="30.218873491611276">
				<ele>0.5499682212248445</ele>
				<time>2022-08-27T16:30:08Z</time>
			</trkpt>
			<trkpt lat="59.93696545078617" lon="30.218908626465844">
				<ele>2.7515487046912313</ele>
				<time>2022-08-27T16:30:10Z</time>
			</trkpt>
			<trkpt lat="59.937011785866396" lon="30.21884539723065">
				<ele>2.0367237413302064</ele>
				<time>2022-08-27T16:30:11Z</time>
			</trkpt>
			<trkpt lat="59.93704710896515" lon="30.218802879143638">
				<ele>0.6748041762039065</ele>
				<time>2022-08-27T16:30:12Z</time>
			</trkpt>
			<trkpt lat="59.93706877549589" lon="30.218784941336686">
				<ele>-0.6429491387680173</ele>
				<time>2022-08-27T16:30:13Z</time>
			</trkpt>
			<trkpt lat="59.937084878030305" lon="30.21882514852287">
				<ele>-0.9744483334943652</ele>
				<time>2022-08-27T16:30:15Z</time>
			</trkpt>
			<trkpt lat="59.93709805782101" lon="30.218856774702886">
				<ele>-4.559131748974323</ele>
				<time>2022-08-27T16:30:16Z</time>
			</trkpt>
			<trkpt lat="59.93709299287426" lon="30.218899973965758">
				<ele>-5.802693770267069</ele>
				<time>2022-08-27T16:30:17Z</time>
			</trkpt>
			<trkpt lat="59.937094038302185" lon="30.218940695673517">
				<ele>-5.879784951917827</ele>
				<time>2022-08-27T16:30:18Z</time>
			</trkpt>
			<trkpt lat="59.93709115551226" lon="30.218991648127457">
				<ele>-6.452029989100993</ele>
				<time>2022-08-27T16:30:19Z</time>
			</trkpt>
			<trkpt lat="59.9370859308608" lon="30.219031384377935">
				<ele>-4.993079616688192</ele>
				<time>2022-08-27T16:30:20Z</time>
			</trkpt>
			<trkpt lat="59.93709315265819" lon="30.219093931344077">
				<ele>-5.737195811234415</ele>
				<time>2022-08-27T16:30:22Z</time>
			</trkpt>
			<trkpt lat="59.937081318104035" lon="30.21914848353863">
				<ele>-2.398966168053448</ele>
				<time>2022-08-27T16:30:24Z</time>
			</trkpt>
			<trkpt lat="59.93708384955046" lon="30.219191157899328">
				<ele>-7.4893375327810645</ele>
				<time>2022-08-27T16:30:26Z</time>
			</trkpt>
			<trkpt lat="59.93707117209132" lon="30.21921942709445">
				<ele>-6.956796097569168</ele>
				<time>2022-08-27T16:30:27Z</time>
			</trkpt>
			<trkpt lat="59.937064574264156" lon="30.219263461020837">
				<ele>-4.006791749037802</ele>
				<time>2022-08-27T16:30:29Z</time>
			</trkpt>
			<trkpt lat="59.937056270562344" lon="30.219324070782278">
				<ele>-2.3029249431565404</ele>
				<time>2022-08-27T16:30:32Z</time>
			</trkpt>
			<trkpt lat="59.937056333067815" lon="30.21936492696753">
				<ele>0.4421927211806178</ele>
				<time>2022-08-27T16:30:34Z</time>
			</trkpt>
			<trkpt lat="59.93704907053985" lon="30.219305226218385">
				<ele>-5.778455284424126</ele>
				<time>2022-08-27T16:30:35Z</time>
			</trkpt>
			<trkpt lat="59.937052250196764" lon="30.219356516296276">
				<ele>-3.8470941316336393</ele>
				<time>2022-08-27T16:30:39Z</time>
			</trkpt>
			<trkpt lat="59.93707391841192" lon="30.219382258855685">
				<ele>-2.1978308148682117</ele>
				<time>2022-08-27T16:30:41Z</time>
			</trkpt>
			<trkpt lat="59.937085169428094" lon="30.219412206272512">
				<ele>0.3535467032343149</ele>
				<time>2022-08-27T16:30:42Z</time>
			</trkpt>
			<trkpt lat="59.93709412075268" lon="30.219463942441035">
				<ele>-2.6055729454383254</ele>
				<time>2022-08-27T16:30:44Z</time>
			</trkpt>
			<trkpt lat="59.93709629218732" lon="30.219517864389562">
				<ele>-0.35546968691051006</ele>
				<time>2022-08-27T16:30:46Z</time>
			</trkpt>
			<trkpt lat="59.9370943222167" lon="30.21957409218611">
				<ele>0.45077910646796227</ele>
				<time>2022-08-27T16:30:48Z</time>
			</trkpt>
			<trkpt lat="59.937082696470014" lon="30.21960915346297">
				<ele>1.2043264992535114</ele>
				<time>2022-08-27T16:30:50Z</time>
			</trkpt>
			<trkpt lat="59.937074014810996" lon="30.219652982275182">
				<ele>1.480360371991992</ele>
				<time>2022-08-27T16:30:52Z</time>
			</trkpt>
			<trkpt lat="59.93705945208358" lon="30.219706116496656">
				<ele>1.803797828964889</ele>
				<time>2022-08-27T16:30:54Z</time>
			</trkpt>
			<trkpt lat="59.937074446857125" lon="30.219768646494796">
				<ele>2.981376805342734</ele>
				<time>2022-08-27T16:30:56Z</time>
			</trkpt>
			<trkpt lat="59.93708587190252" lon="30.219815967764912">
				<ele>2.204903324134648</ele>
				<time>2022-08-27T16:30:58Z</time>
			</trkpt>
			<trkpt lat="59.93708330540828" lon="30.219861738462686">
				<ele>3.976031902246177</ele>
				<time>2022-08-27T16:31:00Z</time>
			</trkpt>
			<trkpt lat="59.93707916707925" lon="30.2199157124597">
				<ele>3.780734011903405</ele>
				<time>2022-08-27T16:31:02Z</time>
			</trkpt>
			<trkpt lat="59.93706169873608" lon="30.219934993663568">
				<ele>2.3934569004923105</ele>
				<time>2022-08-27T16:31:04Z</time>
			</trkpt>
			<trkpt lat="59.93706273226011" lon="30.219989933544614">
				<ele>3.244976008310914</ele>
				<time>2022-08-27T16:31:06Z</time>
			</trkpt>
			<trkpt lat="59.937073487596074" lon="30.220051766102326">
				<ele>4.048673779703677</ele>
				<time>2022-08-27T16:31:08Z</time>
			</trkpt>
			<trkpt lat="59.937077628938916" lon="30.22008779819053">
				<ele>3.647714337334037</ele>
				<time>2022-08-27T16:31:10Z</time>
			</trkpt>
			<trkpt lat="59.93708793667089" lon="30.220140005704646">
				<ele>5.0146115552634</ele>
				<time>2022-08-27T16:31:12Z</time>
			</trkpt>
			<trkpt lat="59.93709359711489" lon="30.220186514006205">
				<ele>1.9817483937367797</ele>
				<time>2022-08-27T16:31:14Z</time>
			</trkpt>
			<trkpt lat="59.937108537414154" lon="30.220217572193874">
				<ele>2.308827191591263</ele>
				<time>2022-08-27T16:31:16Z</time>
			</trkpt>
			<trkpt lat="59.937118426446844" lon="30.220255732842393">
				<ele>4.458010455593467</ele>
				<time>2022-08-27T16:31:18Z</time>
			</trkpt>
			<trkpt lat="59.93711994766877" lon="30.22029600389576">
				<ele>3.499953430145979</ele>
				<time>2022-08-27T16:31:20Z</time>
			</trkpt>
			<trkpt lat="59.93711132550056" lon="30.220343470359964">
				<ele>6.980853378772736</ele>
				<time>2022-08-27T16:31:22Z</time>
			</trkpt>
			<trkpt lat="59.9371075743007" lon="30.220399527948512">
				<ele>3.2992304489016533</ele>
				<time>2022-08-27T16:31:24Z</time>
			</trkpt>
			<trkpt lat="59.93709584773102" lon="30.22043486307331">
				<ele>6.076240500435233</ele>
				<time>2022-08-27T16:31:26Z</time>
			</trkpt>
			<trkpt lat="59.93707136873923" lon="30.220467372461755">
				<ele>4.733103179372847</ele>
				<time>2022-08-27T16:31:29Z</time>
			</trkpt>
			<trkpt lat="59.93705938646677" lon="30.220502707452123">
				<ele>7.659776700660586</ele>
				<time>2022-08-27T16:31:30Z</time>
			</trkpt>
			<trkpt lat="59.937043965763955" lon="30.22053226119709">
				<ele>3.8353755036368966</ele>
				<time>2022-08-27T16:31:34Z</time>
			</trkpt>
			<trkpt lat="59.93703047474983" lon="30.220600611068697">
				<ele>4.0428193202242255</ele>
				<time>2022-08-27T16:31:37Z</time>
			</trkpt>
			<trkpt lat="59.93701968944685" lon="30.220656931574158">
				<ele>4.208134038373828</ele>
				<time>2022-08-27T16:31:39Z</time>
			</trkpt>
			<trkpt lat="59.93701240265061" lon="30.22072069490561">
				<ele>6.364747919142246</ele>
				<time>2022-08-27T16:31:41Z</time>
			</trkpt>
			<trkpt lat="59.937000328237204" lon="30.220751526731434">
				<ele>2.997274814173579</ele>
				<time>2022-08-27T16:31:43Z</time>
			</trkpt>
			<trkpt lat="59.9369875670397" lon="30.220793059622057">
				<ele>3.604813146404922</ele>
				<time>2022-08-27T16:31:46Z</time>
			</trkpt>
			<trkpt lat="59.93697696574171" lon="30.22084139737372">
				<ele>5.682949216105044</ele>
				<time>2022-08-27T16:31:48Z</time>
			</trkpt>
			<trkpt lat="59.9369640557641" lon="30.220888229190603">
				<ele>5.944459235295653</ele>
				<time>2022-08-27T16:31:50Z</time>
			</trkpt>
			<trkpt lat="59.9369550131841" lon="30.220932427155738">
				<ele>6.137999132275581</ele>
				<time>2022-08-27T16:31:52Z</time>
			</trkpt>
			<trkpt lat="59.936935885217146" lon="30.220970188532586">
				<ele>7.5320982644334435</ele>
				<time>2022-08-27T16:31:54Z</time>
			</trkpt>
			<trkpt lat="59.936915616241656" lon="30.221009099126483">
				<ele>3.422210279852152</ele>
				<time>2022-08-27T16:31:56Z</time>
			</trkpt>
			<trkpt lat="59.936907224766436" lon="30.221042294237776">
				<ele>3.9631697284057736</ele>
				<time>2022-08-27T16:31:59Z</time>
			</trkpt>
			<trkpt lat="59.93689038790689" lon="30.221084587741284">
				<ele>6.525317281484604</ele>
				<time>2022-08-27T16:32:01Z</time>
			</trkpt>
			<trkpt lat="59.93687190345571" lon="30.221112062436944">
				<ele>6.419613973237574</ele>
				<time>2022-08-27T16:32:03Z</time>
			</trkpt>
			<trkpt lat="59.936852723016294" lon="30.221141333364354">
				<ele>8.547914439812303</ele>
				<time>2022-08-27T16:32:05Z</time>
			</trkpt>
			<trkpt lat="59.93683784023303" lon="30.22117181340171">
				<ele>4.772732378914952</ele>
				<time>2022-08-27T16:32:07Z</time>
			</trkpt>
			<trkpt lat="59.93683743256033" lon="30.221216906129165">
				<ele>6.74519719928503</ele>
				<time>2022-08-27T16:32:09Z</time>
			</trkpt>
			<trkpt lat="59.93684516445164" lon="30.22127221888414">
				<ele>7.043841235339642</ele>
				<time>2022-08-27T16:32:11Z</time>
			</trkpt>
			<trkpt lat="59.936829729648586" lon="30.221306472628793">
				<ele>5.321826929226518</ele>
				<time>2022-08-27T16:32:14Z</time>
			</trkpt>
			<trkpt lat="59.93682238929058" lon="30.221357402503347">
				<ele>7.063089092262089</ele>
				<time>2022-08-27T16:32:16Z</time>
			</trkpt>
			<trkpt lat="59.936805082006124" lon="30.221395676617703">
				<ele>8.01379969716072</ele>
				<time>2022-08-27T16:32:18Z</time>
			</trkpt>
			<trkpt lat="59.93678577758053" lon="30.221392723334887">
				<ele>2.91643637791276</ele>
				<time>2022-08-27T16:32:20Z</time>
			</trkpt>
			<trkpt lat="59.93676334292564" lon="30.221392130410056">
				<ele>4.565944962203503</ele>
				<time>2022-08-27T16:32:22Z</time>
			</trkpt>
			<trkpt lat="59.936740553093294" lon="30.22140783342148">
				<ele>4.6607818296179175</ele>
				<time>2022-08-27T16:32:24Z</time>
			</trkpt>
			<trkpt lat="59.93672018058307" lon="30.22143756660113">
				<ele>6.627654780633748</ele>
				<time>2022-08-27T16:32:27Z</time>
			</trkpt>
			<trkpt lat="59.93671280333206" lon="30.221470260103587">
				<ele>7.69703015871346</ele>
				<time>2022-08-27T16:32:29Z</time>
			</trkpt>
			<trkpt lat="59.93668639661896" lon="30.221504128988926">
				<ele>7.707248437218368</ele>
				<time>2022-08-27T16:32:31Z</time>
			</trkpt>
			<trkpt lat="59.936666526699966" lon="30.221541821400645">
				<ele>10.613245324231684</ele>
				<time>2022-08-27T16:32:33Z</time>
			</trkpt>
			<trkpt lat="59.93664816773582" lon="30.22152492439776">
				<ele>6.709099495783448</ele>
				<time>2022-08-27T16:32:35Z</time>
			</trkpt>
			<trkpt lat="59.93662820687013" lon="30.221543075543195">
				<ele>5.820746743120253</ele>
				<time>2022-08-27T16:32:37Z</time>
			</trkpt>
			<trkpt lat="59.93660467686723" lon="30.221479787495472">
				<ele>2.717579481191933</ele>
				<time>2022-08-27T16:32:40Z</time>
			</trkpt>
			<trkpt lat="59.936585306877504" lon="30.22149219909236">
				<ele>5.692664664238691</ele>
				<time>2022-08-27T16:32:46Z</time>
			</trkpt>
			<trkpt lat="59.936539748871716" lon="30.221539490895626">
				<ele>8.564639520831406</ele>
				<time>2022-08-27T16:32:48Z</time>
			</trkpt>
			<trkpt lat="59.93651948919576" lon="30.22157946340283">
				<ele>4.858310676179826</ele>
				<time>2022-08-27T16:32:50Z</time>
			</trkpt>
			<trkpt lat="59.93650420493401" lon="30.221622541988314">
				<ele>6.772750467993319</ele>
				<time>2022-08-27T16:32:52Z</time>
			</trkpt>
			<trkpt lat="59.93649316633515" lon="30.221670307718675">
				<ele>7.004869579337537</ele>
				<time>2022-08-27T16:32:54Z</time>
			</trkpt>
			<trkpt lat="59.936475817612134" lon="30.221702853374758">
				<ele>4.628738585859537</ele>
				<time>2022-08-27T16:32:56Z</time>
			</trkpt>
			<trkpt lat="59.93645761113143" lon="30.221713954209463">
				<ele>5.96571284160018</ele>
				<time>2022-08-27T16:32:58Z</time>
			</trkpt>
			<trkpt lat="59.93643969591094" lon="30.221743053898003">
				<ele>5.837238684296608</ele>
				<time>2022-08-27T16:33:00Z</time>
			</trkpt>
			<trkpt lat="59.93642181674707" lon="30.221762889210144">
				<ele>8.22888053022325</ele>
				<time>2022-08-27T16:33:03Z</time>
			</trkpt>
			<trkpt lat="59.93640206419732" lon="30.221768789723836">
				<ele>5.114834296517074</ele>
				<time>2022-08-27T16:33:05Z</time>
			</trkpt>
			<trkpt lat="59.93638635060174" lon="30.221787332618536">
				<ele>6.456066633574665</ele>
				<time>2022-08-27T16:33:07Z</time>
			</trkpt>
			<trkpt lat="59.93636181425799" lon="30.221796924862765">
				<ele>8.252686633728445</ele>
				<time>2022-08-27T16:33:09Z</time>
			</trkpt>
			<trkpt lat="59.93633708103612" lon="30.221814972546564">
				<ele>6.060753811150789</ele>
				<time>2022-08-27T16:33:11Z</time>
			</trkpt>
			<trkpt lat="59.93632084053192" lon="30.22184047951981">
				<ele>7.919143758714199</ele>
				<time>2022-08-27T16:33:13Z</time>
			</trkpt>
			<trkpt lat="59.93629502646002" lon="30.22184289068423">
				<ele>7.25024282746017</ele>
				<time>2022-08-27T16:33:15Z</time>
			</trkpt>
			<trkpt lat="59.936271727735324" lon="30.22186329421748">
				<ele>7.089767839759588</ele>
				<time>2022-08-27T16:33:18Z</time>
			</trkpt>
			<trkpt lat="59.93625594577866" lon="30.22188466866119">
				<ele>7.4894224824383855</ele>
				<time>2022-08-27T16:33:20Z</time>
			</trkpt>
			<trkpt lat="59.93623205819761" lon="30.221884814858132">
				<ele>7.52818710077554</ele>
				<time>2022-08-27T16:33:22Z</time>
			</trkpt>
			<trkpt lat="59.936197899873626" lon="30.221911474337777">
				<ele>9.835239352658391</ele>
				<time>2022-08-27T16:33:24Z</time>
			</trkpt>
			<trkpt lat="59.936177792881466" lon="30.22192081865762">
				<ele>6.22685460280627</ele>
				<time>2022-08-27T16:33:26Z</time>
			</trkpt>
			<trkpt lat="59.93616503886879" lon="30.221951329170025">
				<ele>6.7559731006622314</ele>
				<time>2022-08-27T16:33:29Z</time>
			</trkpt>
			<trkpt lat="59.93614314472415" lon="30.221974470943056">
				<ele>6.301792687736452</ele>
				<time>2022-08-27T16:33:32Z</time>
			</trkpt>
			<trkpt lat="59.936117993278195" lon="30.221991577231044">
				<ele>6.500982330180705</ele>
				<time>2022-08-27T16:33:35Z</time>
			</trkpt>
			<trkpt lat="59.93609099263604" lon="30.222007806490492">
				<ele>6.412633016705513</ele>
				<time>2022-08-27T16:33:36Z</time>
			</trkpt>
			<trkpt lat="59.93608174499908" lon="30.222066620449198">
				<ele>8.672132124193013</ele>
				<time>2022-08-27T16:33:39Z</time>
			</trkpt>
			<trkpt lat="59.936065288439224" lon="30.222099060560836">
				<ele>7.831626015715301</ele>
				<time>2022-08-27T16:33:41Z</time>
			</trkpt>
			<trkpt lat="59.936036063191516" lon="30.22209612760061">
				<ele>7.374796582385898</ele>
				<time>2022-08-27T16:33:44Z</time>
			</trkpt>
			<trkpt lat="59.93601327807241" lon="30.222089393040207">
				<ele>7.264695363119245</ele>
				<time>2022-08-27T16:33:46Z</time>
			</trkpt>
			<trkpt lat="59.93598533869974" lon="30.222112663562267">
				<ele>7.95919506251812</ele>
				<time>2022-08-27T16:33:49Z</time>
			</trkpt>
			<trkpt lat="59.93596441903058" lon="30.22213797676781">
				<ele>7.716871065087616</ele>
				<time>2022-08-27T16:33:52Z</time>
			</trkpt>
			<trkpt lat="59.935941560978044" lon="30.222141351642826">
				<ele>5.026146466843784</ele>
				<time>2022-08-27T16:33:54Z</time>
			</trkpt>
			<trkpt lat="59.93592568522724" lon="30.222165980337994">
				<ele>5.775410756468773</ele>
				<time>2022-08-27T16:33:56Z</time>
			</trkpt>
			<trkpt lat="59.93590743087003" lon="30.22217388438131">
				<ele>6.141450433991849</ele>
				<time>2022-08-27T16:33:58Z</time>
			</trkpt>
			<trkpt lat="59.935886822841" lon="30.222202698347687">
				<ele>7.114557355642319</ele>
				<time>2022-08-27T16:34:00Z</time>
			</trkpt>
			<trkpt lat="59.935863195312635" lon="30.222213208949665">
				<ele>4.027145427651703</ele>
				<time>2022-08-27T16:34:02Z</time>
			</trkpt>
			<trkpt lat="59.935843613523375" lon="30.222225289210215">
				<ele>5.511151183396578</ele>
				<time>2022-08-27T16:34:04Z</time>
			</trkpt>
			<trkpt lat="59.93582530366126" lon="30.222234803289712">
				<ele>4.688980741426349</ele>
				<time>2022-08-27T16:34:06Z</time>
			</trkpt>
			<trkpt lat="59.93579446233246" lon="30.222271620416052">
				<ele>5.066660244949162</ele>
				<time>2022-08-27T16:34:09Z</time>
			</trkpt>
			<trkpt lat="59.93577648922403" lon="30.222276131177093">
				<ele>2.627826259471476</ele>
				<time>2022-08-27T16:34:11Z</time>
			</trkpt>
			<trkpt lat="59.93575912027276" lon="30.22229469683426">
				<ele>4.019295473583043</ele>
				<time>2022-08-27T16:34:13Z</time>
			</trkpt>
			<trkpt lat="59.9357354206203" lon="30.22230000998151">
				<ele>3.832298173569143</ele>
				<time>2022-08-27T16:34:15Z</time>
			</trkpt>
			<trkpt lat="59.9357168354911" lon="30.22230102412672">
				<ele>3.7444477388635278</ele>
				<time>2022-08-27T16:34:17Z</time>
			</trkpt>
			<trkpt lat="59.93569765426556" lon="30.222347684667213">
				<ele>6.177262706682086</ele>
				<time>2022-08-27T16:34:19Z</time>
			</trkpt>
			<trkpt lat="59.93567669712846" lon="30.222367454510124">
				<ele>4.958945506252348</ele>
				<time>2022-08-27T16:34:21Z</time>
			</trkpt>
			<trkpt lat="59.93565336671619" lon="30.222386784676093">
				<ele>4.487811488099396</ele>
				<time>2022-08-27T16:34:23Z</time>
			</trkpt>
			<trkpt lat="59.93563204169929" lon="30.222415221790907">
				<ele>5.772494761273265</ele>
				<time>2022-08-27T16:34:25Z</time>
			</trkpt>
			<trkpt lat="59.935603307713656" lon="30.22242847271997">
				<ele>4.585026506334543</ele>
				<time>2022-08-27T16:34:28Z</time>
			</trkpt>
			<trkpt lat="59.93557932000933" lon="30.222434444929533">
				<ele>4.907663091085851</ele>
				<time>2022-08-27T16:34:30Z</time>
			</trkpt>
			<trkpt lat="59.93555425324928" lon="30.222448348797236">
				<ele>2.232475021854043</ele>
				<time>2022-08-27T16:34:32Z</time>
			</trkpt>
			<trkpt lat="59.935540332610934" lon="30.222476687587644">
				<ele>4.382532366551459</ele>
				<time>2022-08-27T16:34:34Z</time>
			</trkpt>
			<trkpt lat="59.93552229274168" lon="30.22250545774456">
				<ele>3.90787351783365</ele>
				<time>2022-08-27T16:34:36Z</time>
			</trkpt>
			<trkpt lat="59.93549881945813" lon="30.222532857441465">
				<ele>5.681904110126197</ele>
				<time>2022-08-27T16:34:38Z</time>
			</trkpt>
			<trkpt lat="59.93547718091876" lon="30.222534876410332">
				<ele>2.118992792442441</ele>
				<time>2022-08-27T16:34:40Z</time>
			</trkpt>
			<trkpt lat="59.93545560241566" lon="30.22254037295928">
				<ele>2.3796020532026887</ele>
				<time>2022-08-27T16:34:42Z</time>
			</trkpt>
			<trkpt lat="59.93543653288729" lon="30.22256356479802">
				<ele>3.9345359597355127</ele>
				<time>2022-08-27T16:34:44Z</time>
			</trkpt>
			<trkpt lat="59.935419134733856" lon="30.22257425091986">
				<ele>4.3010129583999515</ele>
				<time>2022-08-27T16:34:46Z</time>
			</trkpt>
			<trkpt lat="59.9353995164064" lon="30.222592142727486">
				<ele>3.9085703575983644</ele>
				<time>2022-08-27T16:34:48Z</time>
			</trkpt>
			<trkpt lat="59.93537622859828" lon="30.222591452943156">
				<ele>2.2108723232522607</ele>
				<time>2022-08-27T16:34:50Z</time>
			</trkpt>
			<trkpt lat="59.93535879442108" lon="30.22260740987412">
				<ele>3.4251569863408804</ele>
				<time>2022-08-27T16:34:52Z</time>
			</trkpt>
			<trkpt lat="59.93533982716941" lon="30.22262130067217">
				<ele>3.4814471220597625</ele>
				<time>2022-08-27T16:34:54Z</time>
			</trkpt>
			<trkpt lat="59.93531960019652" lon="30.222628244214025">
				<ele>3.7128432067111135</ele>
				<time>2022-08-27T16:34:56Z</time>
			</trkpt>
			<trkpt lat="59.93529477525981" lon="30.222638337493333">
				<ele>1.5804806780070066</ele>
				<time>2022-08-27T16:34:59Z</time>
			</trkpt>
			<trkpt lat="59.93527872341566" lon="30.22267521772035">
				<ele>3.788994822651148</ele>
				<time>2022-08-27T16:35:01Z</time>
			</trkpt>
			<trkpt lat="59.93526029128063" lon="30.222686387043257">
				<ele>6.175349403172731</ele>
				<time>2022-08-27T16:35:03Z</time>
			</trkpt>
			<trkpt lat="59.93524292412484" lon="30.22269804612935">
				<ele>6.5744719775393605</ele>
				<time>2022-08-27T16:35:05Z</time>
			</trkpt>
			<trkpt lat="59.93520909271472" lon="30.222734060966946">
				<ele>5.906701628118753</ele>
				<time>2022-08-27T16:35:08Z</time>
			</trkpt>
			<trkpt lat="59.935188026164866" lon="30.22275321933942">
				<ele>4.682501861825585</ele>
				<time>2022-08-27T16:35:10Z</time>
			</trkpt>
			<trkpt lat="59.93516764638927" lon="30.22277728231517">
				<ele>3.1067509232088923</ele>
				<time>2022-08-27T16:35:12Z</time>
			</trkpt>
			<trkpt lat="59.93514378633774" lon="30.2228060570939">
				<ele>3.6567781968042254</ele>
				<time>2022-08-27T16:35:15Z</time>
			</trkpt>
			<trkpt lat="59.935116598026745" lon="30.22281105684308">
				<ele>2.778671079315245</ele>
				<time>2022-08-27T16:35:18Z</time>
			</trkpt>
			<trkpt lat="59.935097350020705" lon="30.222843402100143">
				<ele>5.629573334939778</ele>
				<time>2022-08-27T16:35:21Z</time>
			</trkpt>
			<trkpt lat="59.935074449144366" lon="30.22286177407754">
				<ele>8.67625817656517</ele>
				<time>2022-08-27T16:35:24Z</time>
			</trkpt>
			<trkpt lat="59.93504688660822" lon="30.222903893737673">
				<ele>9.868234581314027</ele>
				<time>2022-08-27T16:35:27Z</time>
			</trkpt>
			<trkpt lat="59.93503187628837" lon="30.222932292957896">
				<ele>10.480829025618732</ele>
				<time>2022-08-27T16:35:29Z</time>
			</trkpt>
			<trkpt lat="59.93501441954382" lon="30.222950654202386">
				<ele>9.901959459297359</ele>
				<time>2022-08-27T16:35:31Z</time>
			</trkpt>
			<trkpt lat="59.93498955571177" lon="30.222956895679374">
				<ele>6.270636276341975</ele>
				<time>2022-08-27T16:35:39Z</time>
			</trkpt>
			<trkpt lat="59.93497217637667" lon="30.222979976579584">
				<ele>9.540112650953233</ele>
				<time>2022-08-27T16:35:42Z</time>
			</trkpt>
			<trkpt lat="59.93494336552082" lon="30.22299401579205">
				<ele>8.563294840976596</ele>
				<time>2022-08-27T16:35:44Z</time>
			</trkpt>
			<trkpt lat="59.934927344225315" lon="30.223012858491863">
				<ele>11.30745087750256</ele>
				<time>2022-08-27T16:35:46Z</time>
			</trkpt>
			<trkpt lat="59.93490778151683" lon="30.223016441804795">
				<ele>9.86972508393228</ele>
				<time>2022-08-27T16:35:48Z</time>
			</trkpt>
			<trkpt lat="59.9348796699068" lon="30.22301522899788">
				<ele>7.063881617970765</ele>
				<time>2022-08-27T16:35:49Z</time>
			</trkpt>
			<trkpt lat="59.934845943730316" lon="30.2230163185814">
				<ele>7.592175154015422</ele>
				<time>2022-08-27T16:35:50Z</time>
			</trkpt>
			<trkpt lat="59.93482341412098" lon="30.223028542968155">
				<ele>11.159877242520452</ele>
				<time>2022-08-27T16:35:55Z</time>
			</trkpt>
			<trkpt lat="59.93480193473201" lon="30.22305551142699">
				<ele>11.408539867959917</ele>
				<time>2022-08-27T16:35:59Z</time>
			</trkpt>
			<trkpt lat="59.93478373483354" lon="30.22307093268292">
				<ele>9.754382118582726</ele>
				<time>2022-08-27T16:36:00Z</time>
			</trkpt>
			<trkpt lat="59.934764254761916" lon="30.223094669906686">
				<ele>11.791251838207245</ele>
				<time>2022-08-27T16:36:02Z</time>
			</trkpt>
			<trkpt lat="59.93474734600272" lon="30.22312946414524">
				<ele>11.324599615298212</ele>
				<time>2022-08-27T16:36:04Z</time>
			</trkpt>
			<trkpt lat="59.93472502708084" lon="30.22311346360643">
				<ele>11.166323835030198</ele>
				<time>2022-08-27T16:36:07Z</time>
			</trkpt>
			<trkpt lat="59.9347016387251" lon="30.223155460787698">
				<ele>13.859024886973202</ele>
				<time>2022-08-27T16:36:11Z</time>
			</trkpt>
			<trkpt lat="59.93468090597384" lon="30.223171790791035">
				<ele>11.386965688318014</ele>
				<time>2022-08-27T16:36:13Z</time>
			</trkpt>
			<trkpt lat="59.93465187199251" lon="30.223179615074763">
				<ele>11.493617344647646</ele>
				<time>2022-08-27T16:36:15Z</time>
			</trkpt>
			<trkpt lat="59.93462324791697" lon="30.2232099704733">
				<ele>12.590368628501892</ele>
				<time>2022-08-27T16:36:17Z</time>
			</trkpt>
			<trkpt lat="59.93458902528647" lon="30.223203225291094">
				<ele>14.871650611050427</ele>
				<time>2022-08-27T16:36:18Z</time>
			</trkpt>
			<trkpt lat="59.93456909094387" lon="30.223222749149357">
				<ele>9.443134590052068</ele>
				<time>2022-08-27T16:36:22Z</time>
			</trkpt>
			<trkpt lat="59.93454953133762" lon="30.22325804931215">
				<ele>10.615017400123179</ele>
				<time>2022-08-27T16:36:24Z</time>
			</trkpt>
			<trkpt lat="59.9345212153744" lon="30.223293242617448">
				<ele>10.242693429812789</ele>
				<time>2022-08-27T16:36:26Z</time>
			</trkpt>
			<trkpt lat="59.934501800415006" lon="30.223304041112666">
				<ele>9.420287773944438</ele>
				<time>2022-08-27T16:36:29Z</time>
			</trkpt>
			<trkpt lat="59.934484200356465" lon="30.22331500428747">
				<ele>9.081947556696832</ele>
				<time>2022-08-27T16:36:32Z</time>
			</trkpt>
			<trkpt lat="59.934462445082126" lon="30.223342767857492">
				<ele>8.681601947173476</ele>
				<time>2022-08-27T16:36:35Z</time>
			</trkpt>
			<trkpt lat="59.93444378226757" lon="30.223347869901737">
				<ele>5.86654793843627</ele>
				<time>2022-08-27T16:36:37Z</time>
			</trkpt>
			<trkpt lat="59.93442695258931" lon="30.223362427509418">
				<ele>7.077275097370148</ele>
				<time>2022-08-27T16:36:39Z</time>
			</trkpt>
			<trkpt lat="59.934400924938345" lon="30.223375974663302">
				<ele>6.126307284459472</ele>
				<time>2022-08-27T16:36:41Z</time>
			</trkpt>
			<trkpt lat="59.93438464848623" lon="30.223395293525364">
				<ele>7.571118231862783</ele>
				<time>2022-08-27T16:36:43Z</time>
			</trkpt>
			<trkpt lat="59.9343632021217" lon="30.22339941159048">
				<ele>3.878015210852027</ele>
				<time>2022-08-27T16:36:46Z</time>
			</trkpt>
			<trkpt lat="59.93434065195415" lon="30.223419065104604">
				<ele>4.417298006825149</ele>
				<time>2022-08-27T16:36:48Z</time>
			</trkpt>
			<trkpt lat="59.934319976787506" lon="30.223444089944053">
				<ele>4.001349481754005</ele>
				<time>2022-08-27T16:36:50Z</time>
			</trkpt>
			<trkpt lat="59.934298484509874" lon="30.22346013317585">
				<ele>5.693064111284912</ele>
				<time>2022-08-27T16:36:52Z</time>
			</trkpt>
			<trkpt lat="59.93427262687043" lon="30.223479485425944">
				<ele>6.600519813597202</ele>
				<time>2022-08-27T16:36:54Z</time>
			</trkpt>
			<trkpt lat="59.93424375298161" lon="30.223480701297834">
				<ele>6.762736136093736</ele>
				<time>2022-08-27T16:36:57Z</time>
			</trkpt>
			<trkpt lat="59.93422498754555" lon="30.223484616685642">
				<ele>3.2075515249744058</ele>
				<time>2022-08-27T16:36:59Z</time>
			</trkpt>
			<trkpt lat="59.934208309163765" lon="30.223510464699174">
				<ele>4.5121332090348005</ele>
				<time>2022-08-27T16:37:01Z</time>
			</trkpt>
			<trkpt lat="59.934191021537245" lon="30.22352788918892">
				<ele>4.243634175509214</ele>
				<time>2022-08-27T16:37:03Z</time>
			</trkpt>
			<trkpt lat="59.93417021094076" lon="30.22353145073692">
				<ele>3.145834533497691</ele>
				<time>2022-08-27T16:37:05Z</time>
			</trkpt>
			<trkpt lat="59.93415167935223" lon="30.22355273889199">
				<ele>3.0077848471701145</ele>
				<time>2022-08-27T16:37:07Z</time>
			</trkpt>
			<trkpt lat="59.93412899725218" lon="30.22356945332169">
				<ele>3.892337132245302</ele>
				<time>2022-08-27T16:37:09Z</time>
			</trkpt>
			<trkpt lat="59.93410932188987" lon="30.22358987954249">
				<ele>3.94376231264323</ele>
				<time>2022-08-27T16:37:11Z</time>
			</trkpt>
			<trkpt lat="59.93409409926951" lon="30.22361538573315">
				<ele>3.3698271019384265</ele>
				<time>2022-08-27T16:37:13Z</time>
			</trkpt>
			<trkpt lat="59.934063161920264" lon="30.223642226906726">
				<ele>3.5778743801638484</ele>
				<time>2022-08-27T16:37:16Z</time>
			</trkpt>
			<trkpt lat="59.93404349809749" lon="30.223664672931207">
				<ele>3.5412842724472284</ele>
				<time>2022-08-27T16:37:18Z</time>
			</trkpt>
			<trkpt lat="59.93402965369812" lon="30.22369478954357">
				<ele>5.198078325949609</ele>
				<time>2022-08-27T16:37:20Z</time>
			</trkpt>
			<trkpt lat="59.93401009529765" lon="30.223702448084307">
				<ele>3.783078722655773</ele>
				<time>2022-08-27T16:37:22Z</time>
			</trkpt>
			<trkpt lat="59.93399203722106" lon="30.223721959042248">
				<ele>6.012474311515689</ele>
				<time>2022-08-27T16:37:24Z</time>
			</trkpt>
			<trkpt lat="59.93397309648997" lon="30.223733125644117">
				<ele>5.160266492515802</ele>
				<time>2022-08-27T16:37:26Z</time>
			</trkpt>
			<trkpt lat="59.93395326726502" lon="30.223763195073843">
				<ele>7.517583689652383</ele>
				<time>2022-08-27T16:37:28Z</time>
			</trkpt>
			<trkpt lat="59.93393249708092" lon="30.22376130659718">
				<ele>5.41319511923939</ele>
				<time>2022-08-27T16:37:30Z</time>
			</trkpt>
			<trkpt lat="59.93390897039265" lon="30.223790575348485">
				<ele>7.252950489521027</ele>
				<time>2022-08-27T16:37:32Z</time>
			</trkpt>
			<trkpt lat="59.933879795457116" lon="30.223832490984282">
				<ele>7.266904953867197</ele>
				<time>2022-08-27T16:37:34Z</time>
			</trkpt>
			<trkpt lat="59.9338500844073" lon="30.223859956519952">
				<ele>6.18154186848551</ele>
				<time>2022-08-27T16:37:36Z</time>
			</trkpt>
			<trkpt lat="59.933836347246" lon="30.22389192920994">
				<ele>7.251389740034938</ele>
				<time>2022-08-27T16:37:38Z</time>
			</trkpt>
			<trkpt lat="59.93382539254189" lon="30.223922294673947">
				<ele>8.973582679405808</ele>
				<time>2022-08-27T16:37:39Z</time>
			</trkpt>
			<trkpt lat="59.93381690913177" lon="30.223955360805768">
				<ele>10.475744324736297</ele>
				<time>2022-08-27T16:37:41Z</time>
			</trkpt>
			<trkpt lat="59.93379609313293" lon="30.223964892024437">
				<ele>9.05366525053978</ele>
				<time>2022-08-27T16:37:43Z</time>
			</trkpt>
			<trkpt lat="59.93377750274535" lon="30.22397990329489">
				<ele>9.028060182929039</ele>
				<time>2022-08-27T16:37:45Z</time>
			</trkpt>
			<trkpt lat="59.93375691504227" lon="30.22399106264711">
				<ele>8.348008424043655</ele>
				<time>2022-08-27T16:37:47Z</time>
			</trkpt>
			<trkpt lat="59.933738606832996" lon="30.22400193500508">
				<ele>8.835131735540926</ele>
				<time>2022-08-27T16:37:48Z</time>
			</trkpt>
			<trkpt lat="59.93371676680761" lon="30.224013172203072">
				<ele>6.676824442110956</ele>
				<time>2022-08-27T16:37:50Z</time>
			</trkpt>
			<trkpt lat="59.93369942445726" lon="30.2240445617529">
				<ele>9.201705692335963</ele>
				<time>2022-08-27T16:37:53Z</time>
			</trkpt>
			<trkpt lat="59.93367775141454" lon="30.224065706755955">
				<ele>8.274489868432283</ele>
				<time>2022-08-27T16:37:55Z</time>
			</trkpt>
			<trkpt lat="59.9336627824735" lon="30.224099918769728">
				<ele>10.045154083520174</ele>
				<time>2022-08-27T16:37:58Z</time>
			</trkpt>
			<trkpt lat="59.933634293739814" lon="30.224111677349274">
				<ele>10.103215582668781</ele>
				<time>2022-08-27T16:38:01Z</time>
			</trkpt>
			<trkpt lat="59.93361410548301" lon="30.224116930361582">
				<ele>9.219402053393424</ele>
				<time>2022-08-27T16:38:03Z</time>
			</trkpt>
			<trkpt lat="59.93359752073388" lon="30.22413481751407">
				<ele>8.910913225263357</ele>
				<time>2022-08-27T16:38:05Z</time>
			</trkpt>
			<trkpt lat="59.93356816051114" lon="30.22415072753497">
				<ele>7.790542523376644</ele>
				<time>2022-08-27T16:38:07Z</time>
			</trkpt>
			<trkpt lat="59.933538000333854" lon="30.22414800928725">
				<ele>6.695609322749078</ele>
				<time>2022-08-27T16:38:09Z</time>
			</trkpt>
			<trkpt lat="59.93352150149155" lon="30.22416961861188">
				<ele>9.02277351077646</ele>
				<time>2022-08-27T16:38:11Z</time>
			</trkpt>
			<trkpt lat="59.9335049775334" lon="30.224195625602988">
				<ele>9.3638547481969</ele>
				<time>2022-08-27T16:38:13Z</time>
			</trkpt>
			<trkpt lat="59.93348409352412" lon="30.224221498653034">
				<ele>10.076788444072008</ele>
				<time>2022-08-27T16:38:15Z</time>
			</trkpt>
			<trkpt lat="59.93346373477467" lon="30.224228309204655">
				<ele>6.959126430563629</ele>
				<time>2022-08-27T16:38:16Z</time>
			</trkpt>
			<trkpt lat="59.93344552274635" lon="30.22423279511982">
				<ele>8.340727407485247</ele>
				<time>2022-08-27T16:38:18Z</time>
			</trkpt>
			<trkpt lat="59.9334274528757" lon="30.224237873752685">
				<ele>8.930822399444878</ele>
				<time>2022-08-27T16:38:20Z</time>
			</trkpt>
			<trkpt lat="59.933412772838395" lon="30.224267320638866">
				<ele>9.362504377029836</ele>
				<time>2022-08-27T16:38:22Z</time>
			</trkpt>
			<trkpt lat="59.93339154776215" lon="30.22426470020425">
				<ele>4.903559201397002</ele>
				<time>2022-08-27T16:38:24Z</time>
			</trkpt>
			<trkpt lat="59.93336274186401" lon="30.22427400078881">
				<ele>6.391245258972049</ele>
				<time>2022-08-27T16:38:26Z</time>
			</trkpt>
			<trkpt lat="59.93333456584635" lon="30.22427063718567">
				<ele>7.656604741699994</ele>
				<time>2022-08-27T16:38:28Z</time>
			</trkpt>
			<trkpt lat="59.93331035513068" lon="30.224307379163367">
				<ele>9.14004679583013</ele>
				<time>2022-08-27T16:38:31Z</time>
			</trkpt>
			<trkpt lat="59.93329086663057" lon="30.22433225741153">
				<ele>11.692083394154906</ele>
				<time>2022-08-27T16:38:32Z</time>
			</trkpt>
			<trkpt lat="59.93325781735588" lon="30.224349111485935">
				<ele>7.566162786446512</ele>
				<time>2022-08-27T16:38:34Z</time>
			</trkpt>
			<trkpt lat="59.933228078479615" lon="30.224350147425366">
				<ele>10.537715874612331</ele>
				<time>2022-08-27T16:38:37Z</time>
			</trkpt>
			<trkpt lat="59.93319632349805" lon="30.224373876364048">
				<ele>10.845833045430481</ele>
				<time>2022-08-27T16:38:39Z</time>
			</trkpt>
			<trkpt lat="59.93317745480444" lon="30.224407710598896">
				<ele>15.840992596931756</ele>
				<time>2022-08-27T16:38:40Z</time>
			</trkpt>
			<trkpt lat="59.93313851067447" lon="30.224424664843244">
				<ele>11.285591376014054</ele>
				<time>2022-08-27T16:38:42Z</time>
			</trkpt>
			<trkpt lat="59.93311779168499" lon="30.2244449895923">
				<ele>14.044640789739788</ele>
				<time>2022-08-27T16:38:45Z</time>
			</trkpt>
			<trkpt lat="59.9330932117657" lon="30.22447827673557">
				<ele>16.163920347578824</ele>
				<time>2022-08-27T16:38:47Z</time>
			</trkpt>
			<trkpt lat="59.933115781451896" lon="30.224482341379673">
				<ele>16.9648327678442</ele>
				<time>2022-08-27T16:38:49Z</time>
			</trkpt>
			<trkpt lat="59.93313089990806" lon="30.224512587010622">
				<ele>16.040484242141247</ele>
				<time>2022-08-27T16:38:50Z</time>
			</trkpt>
			<trkpt lat="59.933119588112405" lon="30.224541320408036">
				<ele>15.153395485132933</ele>
				<time>2022-08-27T16:38:51Z</time>
			</trkpt>
			<trkpt lat="59.933100396521944" lon="30.224547828177915">
				<ele>18.368380920030177</ele>
				<time>2022-08-27T16:38:52Z</time>
			</trkpt>
			<trkpt lat="59.93309691065241" lon="30.224587476913353">
				<ele>18.886309240944684</ele>
				<time>2022-08-27T16:38:54Z</time>
			</trkpt>
			<trkpt lat="59.93311605598428" lon="30.224577964162407">
				<ele>17.579397552646697</ele>
				<time>2022-08-27T16:38:56Z</time>
			</trkpt>
			<trkpt lat="59.93311056377291" lon="30.224626275090582">
				<ele>19.275635432451963</ele>
				<time>2022-08-27T16:39:00Z</time>
			</trkpt>
			<trkpt lat="59.93308890629542" lon="30.2246408672097">
				<ele>16.169550575315952</ele>
				<time>2022-08-27T16:39:01Z</time>
			</trkpt>
			<trkpt lat="59.93306820913569" lon="30.224648071053533">
				<ele>14.065200713463128</ele>
				<time>2022-08-27T16:39:03Z</time>
			</trkpt>
			<trkpt lat="59.93308089862892" lon="30.224689641047508">
				<ele>18.30026424024254</ele>
				<time>2022-08-27T16:39:13Z</time>
			</trkpt>
			<trkpt lat="59.933079715612756" lon="30.22475335495251">
				<ele>14.946045003831387</ele>
				<time>2022-08-27T16:39:15Z</time>
			</trkpt>
			<trkpt lat="59.93306081752512" lon="30.224788874960094">
				<ele>14.531485608778894</ele>
				<time>2022-08-27T16:39:17Z</time>
			</trkpt>
			<trkpt lat="59.93304255292314" lon="30.224835114417743">
				<ele>14.909282967448235</ele>
				<time>2022-08-27T16:39:19Z</time>
			</trkpt>
			<trkpt lat="59.93303210814759" lon="30.224874660650322">
				<ele>14.398626811802387</ele>
				<time>2022-08-27T16:39:20Z</time>
			</trkpt>
			<trkpt lat="59.93301827347862" lon="30.224898297588524">
				<ele>12.473654078319669</ele>
				<time>2022-08-27T16:39:22Z</time>
			</trkpt>
			<trkpt lat="59.93300771975428" lon="30.22495589051639">
				<ele>15.283273194916546</ele>
				<time>2022-08-27T16:39:24Z</time>
			</trkpt>
			<trkpt lat="59.93299025927526" lon="30.224976521574145">
				<ele>13.237034833058715</ele>
				<time>2022-08-27T16:39:26Z</time>
			</trkpt>
			<trkpt lat="59.93297457738343" lon="30.225013951512654">
				<ele>12.991500241681933</ele>
				<time>2022-08-27T16:39:28Z</time>
			</trkpt>
			<trkpt lat="59.932963257253796" lon="30.225047669580686">
				<ele>13.442953014746308</ele>
				<time>2022-08-27T16:39:30Z</time>
			</trkpt>
			<trkpt lat="59.93294637901472" lon="30.225070177470897">
				<ele>12.699103698134422</ele>
				<time>2022-08-27T16:39:32Z</time>
			</trkpt>
			<trkpt lat="59.932927009327166" lon="30.22509329254489">
				<ele>11.809672265313566</ele>
				<time>2022-08-27T16:39:34Z</time>
			</trkpt>
			<trkpt lat="59.93290940814496" lon="30.225132761289473">
				<ele>10.62556918244809</ele>
				<time>2022-08-27T16:39:37Z</time>
			</trkpt>
			<trkpt lat="59.932891038899285" lon="30.225181052402785">
				<ele>10.926784216426313</ele>
				<time>2022-08-27T16:39:39Z</time>
			</trkpt>
			<trkpt lat="59.93287441944056" lon="30.225218109871943">
				<ele>11.055693903937936</ele>
				<time>2022-08-27T16:39:41Z</time>
			</trkpt>
			<trkpt lat="59.932859453776814" lon="30.22525579833354">
				<ele>10.689401580020785</ele>
				<time>2022-08-27T16:39:43Z</time>
			</trkpt>
			<trkpt lat="59.93283641420615" lon="30.225281520611862">
				<ele>8.119769858196378</ele>
				<time>2022-08-27T16:39:46Z</time>
			</trkpt>
			<trkpt lat="59.932823655707494" lon="30.22531418489566">
				<ele>9.140787705779076</ele>
				<time>2022-08-27T16:39:47Z</time>
			</trkpt>
			<trkpt lat="59.93280206818638" lon="30.225362469598615">
				<ele>10.89054108131677</ele>
				<time>2022-08-27T16:39:49Z</time>
			</trkpt>
			<trkpt lat="59.93278561804118" lon="30.22540473647266">
				<ele>10.926113050431013</ele>
				<time>2022-08-27T16:39:51Z</time>
			</trkpt>
			<trkpt lat="59.93276666996635" lon="30.2254279874408">
				<ele>9.271829103119671</ele>
				<time>2022-08-27T16:39:54Z</time>
			</trkpt>
			<trkpt lat="59.93275595773552" lon="30.22547988605949">
				<ele>10.328621766529977</ele>
				<time>2022-08-27T16:39:57Z</time>
			</trkpt>
			<trkpt lat="59.9327535114584" lon="30.225530792982017">
				<ele>9.37608746625483</ele>
				<time>2022-08-27T16:39:59Z</time>
			</trkpt>
			<trkpt lat="59.932750054870965" lon="30.225573107149614">
				<ele>8.448364875279367</ele>
				<time>2022-08-27T16:40:01Z</time>
			</trkpt>
			<trkpt lat="59.93274080881422" lon="30.225611660269458">
				<ele>8.860926081426442</ele>
				<time>2022-08-27T16:40:08Z</time>
			</trkpt>
			<trkpt lat="59.93276532056931" lon="30.22559776457302">
				<ele>10.854799163527787</ele>
				<time>2022-08-27T16:40:27Z</time>
			</trkpt>
			<trkpt lat="59.93276465952987" lon="30.225637647576846">
				<ele>13.337637623772025</ele>
				<time>2022-08-27T16:40:30Z</time>
			</trkpt>
			<trkpt lat="59.93278119794153" lon="30.225703637457784">
				<ele>17.74968822672963</ele>
				<time>2022-08-27T16:40:34Z</time>
			</trkpt>
			<trkpt lat="59.93277107631407" lon="30.22575018064254">
				<ele>18.179107727482915</ele>
				<time>2022-08-27T16:40:37Z</time>
			</trkpt>
			<trkpt lat="59.93275802048192" lon="30.22577695329813">
				<ele>17.393512670882046</ele>
				<time>2022-08-27T16:40:39Z</time>
			</trkpt>
			<trkpt lat="59.93276214326489" lon="30.22582931548505">
				<ele>17.414291343651712</ele>
				<time>2022-08-27T16:40:43Z</time>
			</trkpt>
			<trkpt lat="59.93275964687029" lon="30.22587211921762">
				<ele>13.618295524269342</ele>
				<time>2022-08-27T16:40:46Z</time>
			</trkpt>
			<trkpt lat="59.932744691700236" lon="30.22589735812874">
				<ele>11.534313753247261</ele>
				<time>2022-08-27T16:40:49Z</time>
			</trkpt>
			<trkpt lat="59.93273787242136" lon="30.225861580675634">
				<ele>9.962612935341895</ele>
				<time>2022-08-27T16:40:56Z</time>
			</trkpt>
			<trkpt lat="59.932755990984546" lon="30.225910383811357">
				<ele>10.205978075042367</ele>
				<time>2022-08-27T16:41:00Z</time>
			</trkpt>
			<trkpt lat="59.93274393107724" lon="30.225938737641663">
				<ele>4.037809611298144</ele>
				<time>2022-08-27T16:41:04Z</time>
			</trkpt>
			<trkpt lat="59.932759422036355" lon="30.2259862002334">
				<ele>7.32270295266062</ele>
				<time>2022-08-27T16:41:06Z</time>
			</trkpt>
			<trkpt lat="59.932761173620804" lon="30.226024028841664">
				<ele>6.875127545557916</ele>
				<time>2022-08-27T16:41:08Z</time>
			</trkpt>
			<trkpt lat="59.9327539961273" lon="30.22598594676375">
				<ele>5.847836060449481</ele>
				<time>2022-08-27T16:41:10Z</time>
			</trkpt>
			<trkpt lat="59.93275016828359" lon="30.2259475571309">
				<ele>4.869788294658065</ele>
				<time>2022-08-27T16:41:11Z</time>
			</trkpt>
			<trkpt lat="59.93273878821908" lon="30.225892698224776">
				<ele>4.487436640076339</ele>
				<time>2022-08-27T16:41:13Z</time>
			</trkpt>
			<trkpt lat="59.932731958401156" lon="30.225854778690376">
				<ele>7.152827436104417</ele>
				<time>2022-08-27T16:41:15Z</time>
			</trkpt>
			<trkpt lat="59.93271830348609" lon="30.225819896029464">
				<ele>9.090729027055204</ele>
				<time>2022-08-27T16:41:16Z</time>
			</trkpt>
			<trkpt lat="59.93270753239986" lon="30.22578246647734">
				<ele>11.13893028255552</ele>
				<time>2022-08-27T16:41:18Z</time>
			</trkpt>
			<trkpt lat="59.932702352831015" lon="30.225742041260386">
				<ele>10.998035882599652</ele>
				<time>2022-08-27T16:41:20Z</time>
			</trkpt>
			<trkpt lat="59.93269717331793" lon="30.225698982922616">
				<ele>12.636598695069551</ele>
				<time>2022-08-27T16:41:22Z</time>
			</trkpt>
			<trkpt lat="59.932696089095195" lon="30.225662484132837">
				<ele>9.64892599452287</ele>
				<time>2022-08-27T16:41:24Z</time>
			</trkpt>
			<trkpt lat="59.93268807226157" lon="30.225616755163838">
				<ele>10.470744424499571</ele>
				<time>2022-08-27T16:41:27Z</time>
			</trkpt>
			<trkpt lat="59.93266074282406" lon="30.225585205453253">
				<ele>9.68254080414772</ele>
				<time>2022-08-27T16:41:33Z</time>
			</trkpt>
			<trkpt lat="59.932659432576685" lon="30.225549485606553">
				<ele>8.114019562490284</ele>
				<time>2022-08-27T16:41:36Z</time>
			</trkpt>
			<trkpt lat="59.9326444042561" lon="30.225527249388687">
				<ele>9.873936414718628</ele>
				<time>2022-08-27T16:41:38Z</time>
			</trkpt>
			<trkpt lat="59.93262948352928" lon="30.225501698272108">
				<ele>8.935108870267868</ele>
				<time>2022-08-27T16:41:40Z</time>
			</trkpt>
			<trkpt lat="59.932605306060346" lon="30.225526327343346">
				<ele>8.259475002996624</ele>
				<time>2022-08-27T16:41:42Z</time>
			</trkpt>
			<trkpt lat="59.93257664742627" lon="30.225531338286533">
				<ele>7.117038941010833</ele>
				<time>2022-08-27T16:41:45Z</time>
			</trkpt>
			<trkpt lat="59.93255590291299" lon="30.225561849107073">
				<ele>6.406483915634453</ele>
				<time>2022-08-27T16:41:48Z</time>
			</trkpt>
			<trkpt lat="59.9325513312446" lon="30.225617490058326">
				<ele>7.417812019586563</ele>
				<time>2022-08-27T16:41:50Z</time>
			</trkpt>
			<trkpt lat="59.93253776919015" lon="30.22564130649757">
				<ele>3.1164225973188877</ele>
				<time>2022-08-27T16:41:51Z</time>
			</trkpt>
			<trkpt lat="59.93251706784168" lon="30.22567654632727">
				<ele>4.494139121845365</ele>
				<time>2022-08-27T16:41:54Z</time>
			</trkpt>
			<trkpt lat="59.932495481221885" lon="30.225663507498506">
				<ele>4.544748421758413</ele>
				<time>2022-08-27T16:41:56Z</time>
			</trkpt>
			<trkpt lat="59.93247551686868" lon="30.2256663692391">
				<ele>5.028469092212617</ele>
				<time>2022-08-27T16:41:58Z</time>
			</trkpt>
			<trkpt lat="59.93245583548472" lon="30.22567574775814">
				<ele>7.349502140656114</ele>
				<time>2022-08-27T16:42:00Z</time>
			</trkpt>
			<trkpt lat="59.93243083011225" lon="30.22567817309991">
				<ele>4.435701879672706</ele>
				<time>2022-08-27T16:42:02Z</time>
			</trkpt>
			<trkpt lat="59.932402995570875" lon="30.225677226813684">
				<ele>4.923404891975224</ele>
				<time>2022-08-27T16:42:05Z</time>
			</trkpt>
			<trkpt lat="59.932384548098106" lon="30.22568389917123">
				<ele>7.337373529560864</ele>
				<time>2022-08-27T16:42:07Z</time>
			</trkpt>
			<trkpt lat="59.932365139145936" lon="30.225701515422546">
				<ele>6.032948100939393</ele>
				<time>2022-08-27T16:42:09Z</time>
			</trkpt>
			<trkpt lat="59.93234527584157" lon="30.225706304390037">
				<ele>6.854089428670704</ele>
				<time>2022-08-27T16:42:11Z</time>
			</trkpt>
			<trkpt lat="59.93232337387134" lon="30.225714120610018">
				<ele>6.475420632399619</ele>
				<time>2022-08-27T16:42:13Z</time>
			</trkpt>
			<trkpt lat="59.93230461275568" lon="30.225721467216108">
				<ele>6.369073983281851</ele>
				<time>2022-08-27T16:42:15Z</time>
			</trkpt>
			<trkpt lat="59.93227992794472" lon="30.22570932335657">
				<ele>6.698168508708477</ele>
				<time>2022-08-27T16:42:18Z</time>
			</trkpt>
			<trkpt lat="59.93225469804602" lon="30.22569286501691">
				<ele>3.2407123995944858</ele>
				<time>2022-08-27T16:42:21Z</time>
			</trkpt>
			<trkpt lat="59.93224510692881" lon="30.225725250929276">
				<ele>4.417694199830294</ele>
				<time>2022-08-27T16:42:23Z</time>
			</trkpt>
			<trkpt lat="59.93221086998122" lon="30.22571871225257">
				<ele>2.0742083843797445</ele>
				<time>2022-08-27T16:42:26Z</time>
			</trkpt>
			<trkpt lat="59.932185437558275" lon="30.225728241081853">
				<ele>3.4452747851610184</ele>
				<time>2022-08-27T16:42:29Z</time>
			</trkpt>
			<trkpt lat="59.93216644623283" lon="30.225744485286363">
				<ele>5.152778810821474</ele>
				<time>2022-08-27T16:42:31Z</time>
			</trkpt>
			<trkpt lat="59.932142176332086" lon="30.22574650032358">
				<ele>5.485640363767743</ele>
				<time>2022-08-27T16:42:33Z</time>
			</trkpt>
			<trkpt lat="59.93210887827448" lon="30.22575662338075">
				<ele>6.646526669152081</ele>
				<time>2022-08-27T16:42:35Z</time>
			</trkpt>
			<trkpt lat="59.93208191851433" lon="30.225769587683367">
				<ele>8.61065409425646</ele>
				<time>2022-08-27T16:42:39Z</time>
			</trkpt>
			<trkpt lat="59.9320629839139" lon="30.225770310024973">
				<ele>11.024224915541708</ele>
				<time>2022-08-27T16:42:41Z</time>
			</trkpt>
			<trkpt lat="59.93203812002554" lon="30.225768162233212">
				<ele>11.01909814402461</ele>
				<time>2022-08-27T16:42:42Z</time>
			</trkpt>
			<trkpt lat="59.93201973303037" lon="30.225774297136518">
				<ele>4.502137242816389</ele>
				<time>2022-08-27T16:42:48Z</time>
			</trkpt>
			<trkpt lat="59.93199853518655" lon="30.225781292291835">
				<ele>4.5622975043952465</ele>
				<time>2022-08-27T16:42:50Z</time>
			</trkpt>
			<trkpt lat="59.931980782884445" lon="30.22576922340366">
				<ele>0.0019047483801841736</ele>
				<time>2022-08-27T16:42:52Z</time>
			</trkpt>
			<trkpt lat="59.93196451548446" lon="30.225797214147395">
				<ele>1.6409325068816543</ele>
				<time>2022-08-27T16:42:59Z</time>
			</trkpt>
			<trkpt lat="59.93192419790528" lon="30.22581255225683">
				<ele>2.197601929306984</ele>
				<time>2022-08-27T16:43:01Z</time>
			</trkpt>
			<trkpt lat="59.93189506823639" lon="30.22579461973042">
				<ele>3.8273009369149804</ele>
				<time>2022-08-27T16:43:06Z</time>
			</trkpt>
			<trkpt lat="59.93187652180152" lon="30.225803551416345">
				<ele>4.588990934193134</ele>
				<time>2022-08-27T16:43:08Z</time>
			</trkpt>
			<trkpt lat="59.93185519564772" lon="30.225813687672566">
				<ele>4.03559186309576</ele>
				<time>2022-08-27T16:43:10Z</time>
			</trkpt>
			<trkpt lat="59.93183790420948" lon="30.225824490435645">
				<ele>3.8269834090024233</ele>
				<time>2022-08-27T16:43:12Z</time>
			</trkpt>
			<trkpt lat="59.93181259908212" lon="30.22584406134051">
				<ele>5.697469275444746</ele>
				<time>2022-08-27T16:43:15Z</time>
			</trkpt>
			<trkpt lat="59.931793249419485" lon="30.22581942376241">
				<ele>7.211082539521158</ele>
				<time>2022-08-27T16:43:18Z</time>
			</trkpt>
			<trkpt lat="59.93177273413688" lon="30.225821331696682">
				<ele>9.79498277977109</ele>
				<time>2022-08-27T16:43:21Z</time>
			</trkpt>
			<trkpt lat="59.93175437810401" lon="30.22582869138396">
				<ele>9.712787381373346</ele>
				<time>2022-08-27T16:43:24Z</time>
			</trkpt>
			<trkpt lat="59.93173092686877" lon="30.22583397464748">
				<ele>6.8286827225238085</ele>
				<time>2022-08-27T16:43:26Z</time>
			</trkpt>
			<trkpt lat="59.931712085511364" lon="30.225826115555943">
				<ele>6.689812851138413</ele>
				<time>2022-08-27T16:43:28Z</time>
			</trkpt>
			<trkpt lat="59.93169182036663" lon="30.225838451888993">
				<ele>9.654094220139086</ele>
				<time>2022-08-27T16:43:30Z</time>
			</trkpt>
			<trkpt lat="59.93166997018582" lon="30.225840124266902">
				<ele>8.244064074009657</ele>
				<time>2022-08-27T16:43:33Z</time>
			</trkpt>
			<trkpt lat="59.93164630708606" lon="30.225848663763898">
				<ele>7.726740942336619</ele>
				<time>2022-08-27T16:43:35Z</time>
			</trkpt>
			<trkpt lat="59.93162811786133" lon="30.225862686773937">
				<ele>7.181896553374827</ele>
				<time>2022-08-27T16:43:37Z</time>
			</trkpt>
			<trkpt lat="59.93161103134904" lon="30.22588212121487">
				<ele>7.465049112215638</ele>
				<time>2022-08-27T16:43:39Z</time>
			</trkpt>
			<trkpt lat="59.93159220884784" lon="30.22588877554556">
				<ele>7.261194876395166</ele>
				<time>2022-08-27T16:43:41Z</time>
			</trkpt>
			<trkpt lat="59.93157023515567" lon="30.22590535057749">
				<ele>6.889280574396253</ele>
				<time>2022-08-27T16:43:43Z</time>
			</trkpt>
			<trkpt lat="59.93155070056421" lon="30.22591228824106">
				<ele>6.868639215826988</ele>
				<time>2022-08-27T16:43:45Z</time>
			</trkpt>
			<trkpt lat="59.931527236544134" lon="30.225921019593844">
				<ele>6.084822683595121</ele>
				<time>2022-08-27T16:43:48Z</time>
			</trkpt>
			<trkpt lat="59.93150170448279" lon="30.225928665397703">
				<ele>5.785679934546351</ele>
				<time>2022-08-27T16:43:51Z</time>
			</trkpt>
			<trkpt lat="59.93148213445957" lon="30.225918837747965">
				<ele>5.580970917828381</ele>
				<time>2022-08-27T16:43:53Z</time>
			</trkpt>
			<trkpt lat="59.93145484822312" lon="30.2259146924303">
				<ele>6.010425475426018</ele>
				<time>2022-08-27T16:43:56Z</time>
			</trkpt>
			<trkpt lat="59.9314319129699" lon="30.2259077245077">
				<ele>6.507352998480201</ele>
				<time>2022-08-27T16:43:59Z</time>
			</trkpt>
			<trkpt lat="59.93140469919611" lon="30.225922589596045">
				<ele>4.987719805911183</ele>
				<time>2022-08-27T16:44:03Z</time>
			</trkpt>
			<trkpt lat="59.931385527247976" lon="30.225929664876357">
				<ele>6.099612511694431</ele>
				<time>2022-08-27T16:44:05Z</time>
			</trkpt>
			<trkpt lat="59.93136316906806" lon="30.225944845116306">
				<ele>5.071066413074732</ele>
				<time>2022-08-27T16:44:08Z</time>
			</trkpt>
			<trkpt lat="59.93134311216855" lon="30.225950905086464">
				<ele>6.685539189726114</ele>
				<time>2022-08-27T16:44:10Z</time>
			</trkpt>
			<trkpt lat="59.93131971197817" lon="30.225945430307707">
				<ele>4.616897732950747</ele>
				<time>2022-08-27T16:44:14Z</time>
			</trkpt>
			<trkpt lat="59.93130188430447" lon="30.2259405755529">
				<ele>6.053849157877266</ele>
				<time>2022-08-27T16:44:16Z</time>
			</trkpt>
			<trkpt lat="59.93127861415318" lon="30.2259477197675">
				<ele>5.396966532804072</ele>
				<time>2022-08-27T16:44:19Z</time>
			</trkpt>
			<trkpt lat="59.93125277164961" lon="30.22596041718668">
				<ele>4.191762842237949</ele>
				<time>2022-08-27T16:44:22Z</time>
			</trkpt>
			<trkpt lat="59.93122700438038" lon="30.225960301961056">
				<ele>6.706571268849075</ele>
				<time>2022-08-27T16:44:25Z</time>
			</trkpt>
			<trkpt lat="59.93120400106327" lon="30.225976577224042">
				<ele>6.378536549396813</ele>
				<time>2022-08-27T16:44:28Z</time>
			</trkpt>
			<trkpt lat="59.931184527434446" lon="30.225979121270935">
				<ele>5.418096970766783</ele>
				<time>2022-08-27T16:44:31Z</time>
			</trkpt>
			<trkpt lat="59.93116562063285" lon="30.22598429271424">
				<ele>5.508664213120937</ele>
				<time>2022-08-27T16:44:33Z</time>
			</trkpt>
			<trkpt lat="59.931148592218555" lon="30.22600100466344">
				<ele>7.000046970322728</ele>
				<time>2022-08-27T16:44:35Z</time>
			</trkpt>
			<trkpt lat="59.931126561183355" lon="30.225998232910168">
				<ele>5.522327682934701</ele>
				<time>2022-08-27T16:44:38Z</time>
			</trkpt>
			<trkpt lat="59.931100773843" lon="30.22599842400525">
				<ele>7.474413614720106</ele>
				<time>2022-08-27T16:44:41Z</time>
			</trkpt>
			<trkpt lat="59.93107455533736" lon="30.226003771366592">
				<ele>6.175616718828678</ele>
				<time>2022-08-27T16:44:44Z</time>
			</trkpt>
			<trkpt lat="59.93104669217352" lon="30.226007422911476">
				<ele>4.94530616234988</ele>
				<time>2022-08-27T16:44:47Z</time>
			</trkpt>
			<trkpt lat="59.93106800990745" lon="30.22599927604432">
				<ele>6.005654430016875</ele>
				<time>2022-08-27T16:44:51Z</time>
			</trkpt>
			<trkpt lat="59.931056058372" lon="30.22602654097453">
				<ele>1.9973086807876825</ele>
				<time>2022-08-27T16:44:57Z</time>
			</trkpt>
			<trkpt lat="59.93102966927506" lon="30.22602486192575">
				<ele>3.405430962331593</ele>
				<time>2022-08-27T16:45:00Z</time>
			</trkpt>
			<trkpt lat="59.931006201409005" lon="30.22602279100498">
				<ele>2.942593022249639</ele>
				<time>2022-08-27T16:45:02Z</time>
			</trkpt>
			<trkpt lat="59.93098723455324" lon="30.226027454270405">
				<ele>3.6335283536463976</ele>
				<time>2022-08-27T16:45:05Z</time>
			</trkpt>
			<trkpt lat="59.93096857498463" lon="30.22603199667746">
				<ele>2.672994484193623</ele>
				<time>2022-08-27T16:45:08Z</time>
			</trkpt>
			<trkpt lat="59.93094751443442" lon="30.22603685905704">
				<ele>4.160418487153947</ele>
				<time>2022-08-27T16:45:10Z</time>
			</trkpt>
			<trkpt lat="59.930928996285" lon="30.226036244868705">
				<ele>2.7076256284490228</ele>
				<time>2022-08-27T16:45:12Z</time>
			</trkpt>
			<trkpt lat="59.93090294359" lon="30.226041792681173">
				<ele>5.311128221452236</ele>
				<time>2022-08-27T16:45:15Z</time>
			</trkpt>
			<trkpt lat="59.93088068430084" lon="30.226042353753652">
				<ele>6.0604779636487365</ele>
				<time>2022-08-27T16:45:19Z</time>
			</trkpt>
			<trkpt lat="59.9308642241667" lon="30.226056759254455">
				<ele>7.885062039829791</ele>
				<time>2022-08-27T16:45:22Z</time>
			</trkpt>
			<trkpt lat="59.93084536784415" lon="30.226064558302436">
				<ele>8.106281348504126</ele>
				<time>2022-08-27T16:45:24Z</time>
			</trkpt>
			<trkpt lat="59.93082733343247" lon="30.22606687408614">
				<ele>5.883259018883109</ele>
				<time>2022-08-27T16:45:26Z</time>
			</trkpt>
			<trkpt lat="59.93080475122045" lon="30.226064384018358">
				<ele>5.657546105794609</ele>
				<time>2022-08-27T16:45:29Z</time>
			</trkpt>
			<trkpt lat="59.93078146057098" lon="30.226069824442035">
				<ele>9.795881938189268</ele>
				<time>2022-08-27T16:45:34Z</time>
			</trkpt>
			<trkpt lat="59.93076098204338" lon="30.22606512878165">
				<ele>11.046274374239147</ele>
				<time>2022-08-27T16:45:36Z</time>
			</trkpt>
			<trkpt lat="59.93072927063595" lon="30.22606853427555">
				<ele>8.616976523771882</ele>
				<time>2022-08-27T16:45:38Z</time>
			</trkpt>
			<trkpt lat="59.930704612753956" lon="30.226086081230505">
				<ele>12.85057476721704</ele>
				<time>2022-08-27T16:45:40Z</time>
			</trkpt>
			<trkpt lat="59.93067507766983" lon="30.226103820354062">
				<ele>12.272805837914348</ele>
				<time>2022-08-27T16:45:43Z</time>
			</trkpt>
			<trkpt lat="59.930645013856854" lon="30.226109336170335">
				<ele>11.988278382457793</ele>
				<time>2022-08-27T16:45:46Z</time>
			</trkpt>
			<trkpt lat="59.9306212099004" lon="30.226118520110536">
				<ele>10.762873144820333</ele>
				<time>2022-08-27T16:45:48Z</time>
			</trkpt>
			<trkpt lat="59.93059807865429" lon="30.226139602290427">
				<ele>11.338991430588067</ele>
				<time>2022-08-27T16:45:50Z</time>
			</trkpt>
			<trkpt lat="59.93061451503895" lon="30.226108848980875">
				<ele>12.747805842198431</ele>
				<time>2022-08-27T16:45:52Z</time>
			</trkpt>
			<trkpt lat="59.93059649398451" lon="30.226114243486975">
				<ele>8.222885707393289</ele>
				<time>2022-08-27T16:45:58Z</time>
			</trkpt>
			<trkpt lat="59.93057199932022" lon="30.22612460627325">
				<ele>9.953035207465291</ele>
				<time>2022-08-27T16:46:01Z</time>
			</trkpt>
			<trkpt lat="59.93055122285453" lon="30.2261271033884">
				<ele>8.479860533028841</ele>
				<time>2022-08-27T16:46:03Z</time>
			</trkpt>
			<trkpt lat="59.93053121017691" lon="30.22612594161891">
				<ele>10.286970049142838</ele>
				<time>2022-08-27T16:46:06Z</time>
			</trkpt>
			<trkpt lat="59.930505739841216" lon="30.226123740626917">
				<ele>9.706737598404288</ele>
				<time>2022-08-27T16:46:09Z</time>
			</trkpt>
			<trkpt lat="59.93048672691148" lon="30.22612552461084">
				<ele>6.870754105038941</ele>
				<time>2022-08-27T16:46:11Z</time>
			</trkpt>
			<trkpt lat="59.93045673171122" lon="30.22613558304064">
				<ele>7.939070910215378</ele>
				<time>2022-08-27T16:46:14Z</time>
			</trkpt>
			<trkpt lat="59.93042779893205" lon="30.22614942569019">
				<ele>7.550270210020244</ele>
				<time>2022-08-27T16:46:18Z</time>
			</trkpt>
			<trkpt lat="59.93041018675939" lon="30.226124216508858">
				<ele>7.550439844839275</ele>
				<time>2022-08-27T16:46:21Z</time>
			</trkpt>
			<trkpt lat="59.9303948912576" lon="30.22615352883581">
				<ele>7.4294443260878325</ele>
				<time>2022-08-27T16:46:24Z</time>
			</trkpt>
			<trkpt lat="59.93037433965739" lon="30.22616526007721">
				<ele>9.942111647687852</ele>
				<time>2022-08-27T16:46:27Z</time>
			</trkpt>
			<trkpt lat="59.93035325092403" lon="30.226175222085125">
				<ele>10.346381643787026</ele>
				<time>2022-08-27T16:46:29Z</time>
			</trkpt>
			<trkpt lat="59.930331930360445" lon="30.226179858536916">
				<ele>11.387331176549196</ele>
				<time>2022-08-27T16:46:32Z</time>
			</trkpt>
			<trkpt lat="59.93030668764147" lon="30.226186256133342">
				<ele>8.202341779135168</ele>
				<time>2022-08-27T16:46:35Z</time>
			</trkpt>
			<trkpt lat="59.93028421666537" lon="30.226182218674307">
				<ele>8.666183707304299</ele>
				<time>2022-08-27T16:46:37Z</time>
			</trkpt>
			<trkpt lat="59.930252680851396" lon="30.22619208755711">
				<ele>7.271313566714525</ele>
				<time>2022-08-27T16:46:41Z</time>
			</trkpt>
			<trkpt lat="59.93022651097138" lon="30.22620535516813">
				<ele>10.636163125745952</ele>
				<time>2022-08-27T16:46:44Z</time>
			</trkpt>
			<trkpt lat="59.930204616929636" lon="30.226199275284575">
				<ele>10.359299519099295</ele>
				<time>2022-08-27T16:46:47Z</time>
			</trkpt>
			<trkpt lat="59.930184614880574" lon="30.226197741605066">
				<ele>9.940070509910583</ele>
				<time>2022-08-27T16:46:49Z</time>
			</trkpt>
			<trkpt lat="59.930164466127906" lon="30.22619390811133">
				<ele>12.716399210505188</ele>
				<time>2022-08-27T16:46:52Z</time>
			</trkpt>
			<trkpt lat="59.93014501727601" lon="30.22618009214645">
				<ele>12.990629971027374</ele>
				<time>2022-08-27T16:47:05Z</time>
			</trkpt>
			<trkpt lat="59.930113849192" lon="30.226194661013018">
				<ele>15.568135389126837</ele>
				<time>2022-08-27T16:47:07Z</time>
			</trkpt>
			<trkpt lat="59.93009199529156" lon="30.22620431759512">
				<ele>18.088600828312337</ele>
				<time>2022-08-27T16:47:08Z</time>
			</trkpt>
			<trkpt lat="59.930065747861406" lon="30.226213916627568">
				<ele>19.69829334318638</ele>
				<time>2022-08-27T16:47:09Z</time>
			</trkpt>
			<trkpt lat="59.93004727625314" lon="30.226225528037432">
				<ele>19.636074259877205</ele>
				<time>2022-08-27T16:47:10Z</time>
			</trkpt>
			<trkpt lat="59.93009393045665" lon="30.2262104074367">
				<ele>17.34359602443874</ele>
				<time>2022-08-27T16:47:11Z</time>
			</trkpt>
			<trkpt lat="59.93006637955843" lon="30.22622901299157">
				<ele>16.774510032497346</ele>
				<time>2022-08-27T16:47:13Z</time>
			</trkpt>
			<trkpt lat="59.93003550541895" lon="30.226239167154795">
				<ele>18.859845557250082</ele>
				<time>2022-08-27T16:47:15Z</time>
			</trkpt>
			<trkpt lat="59.93000410349888" lon="30.226252531897497">
				<ele>21.369264378212392</ele>
				<time>2022-08-27T16:47:16Z</time>
			</trkpt>
			<trkpt lat="59.92998195937362" lon="30.226262077523902">
				<ele>19.984922875650227</ele>
				<time>2022-08-27T16:47:18Z</time>
			</trkpt>
			<trkpt lat="59.93000337611621" lon="30.22624586347887">
				<ele>12.59311951790005</ele>
				<time>2022-08-27T16:47:23Z</time>
			</trkpt>
			<trkpt lat="59.92997853445339" lon="30.226239690249503">
				<ele>6.525071395561099</ele>
				<time>2022-08-27T16:47:27Z</time>
			</trkpt>
			<trkpt lat="59.92994872607287" lon="30.226271551833733">
				<ele>11.761184518225491</ele>
				<time>2022-08-27T16:47:39Z</time>
			</trkpt>
			<trkpt lat="59.929930284632256" lon="30.226264451654266">
				<ele>10.877107126638293</ele>
				<time>2022-08-27T16:47:41Z</time>
			</trkpt>
			<trkpt lat="59.92990942074354" lon="30.22627704116914">
				<ele>12.488688659854233</ele>
				<time>2022-08-27T16:47:42Z</time>
			</trkpt>
			<trkpt lat="59.929883895922224" lon="30.226278082002313">
				<ele>11.096887060441077</ele>
				<time>2022-08-27T16:47:44Z</time>
			</trkpt>
			<trkpt lat="59.92984829189759" lon="30.226278123854858">
				<ele>12.039745230227709</ele>
				<time>2022-08-27T16:47:46Z</time>
			</trkpt>
			<trkpt lat="59.92982077972306" lon="30.226286435509934">
				<ele>9.235564367845654</ele>
				<time>2022-08-27T16:47:55Z</time>
			</trkpt>
			<trkpt lat="59.92980041888086" lon="30.226299391256628">
				<ele>6.64246242120862</ele>
				<time>2022-08-27T16:47:58Z</time>
			</trkpt>
			<trkpt lat="59.92978122534936" lon="30.22631359179305">
				<ele>7.750301987864077</ele>
				<time>2022-08-27T16:48:00Z</time>
			</trkpt>
			<trkpt lat="59.92975003715475" lon="30.22630986421368">
				<ele>9.530516694299877</ele>
				<time>2022-08-27T16:48:04Z</time>
			</trkpt>
			<trkpt lat="59.929731774154774" lon="30.226310100083982">
				<ele>8.940551928244531</ele>
				<time>2022-08-27T16:48:06Z</time>
			</trkpt>
			<trkpt lat="59.92971151518879" lon="30.226316376286555">
				<ele>8.465360912494361</ele>
				<time>2022-08-27T16:48:08Z</time>
			</trkpt>
			<trkpt lat="59.929685832613224" lon="30.226323036371742">
				<ele>6.496058668009937</ele>
				<time>2022-08-27T16:48:11Z</time>
			</trkpt>
			<trkpt lat="59.92966162325083" lon="30.226314434531847">
				<ele>2.713078630156815</ele>
				<time>2022-08-27T16:48:13Z</time>
			</trkpt>
			<trkpt lat="59.9296447217396" lon="30.22629793887058">
				<ele>5.141224654391408</ele>
				<time>2022-08-27T16:48:17Z</time>
			</trkpt>
			<trkpt lat="59.92962010410516" lon="30.226320377549722">
				<ele>4.826467755250633</ele>
				<time>2022-08-27T16:48:21Z</time>
			</trkpt>
			<trkpt lat="59.92960857405043" lon="30.226351790094846">
				<ele>6.123582009226084</ele>
				<time>2022-08-27T16:48:23Z</time>
			</trkpt>
			<trkpt lat="59.92957981855128" lon="30.226341603105702">
				<ele>5.807736883871257</ele>
				<time>2022-08-27T16:48:26Z</time>
			</trkpt>
			<trkpt lat="59.92953659399028" lon="30.226365356796176">
				<ele>8.744948015548289</ele>
				<time>2022-08-27T16:48:30Z</time>
			</trkpt>
			<trkpt lat="59.929507525266274" lon="30.226352588279305">
				<ele>10.021538104861975</ele>
				<time>2022-08-27T16:48:33Z</time>
			</trkpt>
			<trkpt lat="59.929483961495464" lon="30.226359594681355">
				<ele>8.14776852633804</ele>
				<time>2022-08-27T16:48:35Z</time>
			</trkpt>
			<trkpt lat="59.92946437621654" lon="30.2263714380866">
				<ele>10.003344528377056</ele>
				<time>2022-08-27T16:48:37Z</time>
			</trkpt>
			<trkpt lat="59.929443643286675" lon="30.22635750338522">
				<ele>7.853425832465291</ele>
				<time>2022-08-27T16:48:41Z</time>
			</trkpt>
			<trkpt lat="59.9294227658147" lon="30.226356278484896">
				<ele>8.632384417578578</ele>
				<time>2022-08-27T16:48:43Z</time>
			</trkpt>
			<trkpt lat="59.92940038008914" lon="30.226372499251067">
				<ele>8.601643835194409</ele>
				<time>2022-08-27T16:48:47Z</time>
			</trkpt>
			<trkpt lat="59.929378252970565" lon="30.226380924169437">
				<ele>7.388655141927302</ele>
				<time>2022-08-27T16:48:49Z</time>
			</trkpt>
			<trkpt lat="59.9293545473771" lon="30.226388275569715">
				<ele>8.408823328092694</ele>
				<time>2022-08-27T16:48:58Z</time>
			</trkpt>
			<trkpt lat="59.929342468841945" lon="30.22642005013544">
				<ele>10.041810986585915</ele>
				<time>2022-08-27T16:49:00Z</time>
			</trkpt>
			<trkpt lat="59.92931906821019" lon="30.226432013521045">
				<ele>11.398173787631094</ele>
				<time>2022-08-27T16:49:03Z</time>
			</trkpt>
			<trkpt lat="59.92930044969283" lon="30.226432120831685">
				<ele>9.630515547469258</ele>
				<time>2022-08-27T16:49:05Z</time>
			</trkpt>
			<trkpt lat="59.92927813251044" lon="30.226439326320367">
				<ele>10.618403187952936</ele>
				<time>2022-08-27T16:49:07Z</time>
			</trkpt>
			<trkpt lat="59.92925972930708" lon="30.22644765675528">
				<ele>11.324057468213141</ele>
				<time>2022-08-27T16:49:11Z</time>
			</trkpt>
			<trkpt lat="59.92923066351537" lon="30.226453899253826">
				<ele>12.025945357047021</ele>
				<time>2022-08-27T16:49:17Z</time>
			</trkpt>
			<trkpt lat="59.92920845626615" lon="30.22644086626696">
				<ele>11.46009009797126</ele>
				<time>2022-08-27T16:49:19Z</time>
			</trkpt>
			<trkpt lat="59.929188719425106" lon="30.226430920759913">
				<ele>10.28944655507803</ele>
				<time>2022-08-27T16:49:21Z</time>
			</trkpt>
			<trkpt lat="59.929160523266866" lon="30.22645588017585">
				<ele>11.477139910683036</ele>
				<time>2022-08-27T16:49:24Z</time>
			</trkpt>
			<trkpt lat="59.9291409132754" lon="30.226474062595102">
				<ele>10.342834535986185</ele>
				<time>2022-08-27T16:49:32Z</time>
			</trkpt>
			<trkpt lat="59.92911567927008" lon="30.226487767983066">
				<ele>12.182097937911749</ele>
				<time>2022-08-27T16:49:34Z</time>
			</trkpt>
			<trkpt lat="59.92908347122167" lon="30.226484898804053">
				<ele>12.610558895394206</ele>
				<time>2022-08-27T16:49:36Z</time>
			</trkpt>
			<trkpt lat="59.929063854410934" lon="30.226492406247203">
				<ele>11.634530385956168</ele>
				<time>2022-08-27T16:49:38Z</time>
			</trkpt>
			<trkpt lat="59.9290368205137" lon="30.22648886271909">
				<ele>11.777651395648718</ele>
				<time>2022-08-27T16:49:40Z</time>
			</trkpt>
			<trkpt lat="59.92901723496847" lon="30.226489004460205">
				<ele>6.229173147119582</ele>
				<time>2022-08-27T16:49:48Z</time>
			</trkpt>
			<trkpt lat="59.92900157631607" lon="30.226508182806423">
				<ele>6.475197724066675</ele>
				<time>2022-08-27T16:49:52Z</time>
			</trkpt>
			<trkpt lat="59.92898208412204" lon="30.22651999708753">
				<ele>5.84662582911551</ele>
				<time>2022-08-27T16:49:55Z</time>
			</trkpt>
			<trkpt lat="59.92896224455696" lon="30.226508211524596">
				<ele>5.479067570529878</ele>
				<time>2022-08-27T16:49:57Z</time>
			</trkpt>
			<trkpt lat="59.92894136261295" lon="30.22650537537013">
				<ele>5.636874398216605</ele>
				<time>2022-08-27T16:49:59Z</time>
			</trkpt>
			<trkpt lat="59.92892122135046" lon="30.22649979921599">
				<ele>6.02989340852946</ele>
				<time>2022-08-27T16:50:01Z</time>
			</trkpt>
			<trkpt lat="59.92890196592571" lon="30.226490245147186">
				<ele>4.201533663086593</ele>
				<time>2022-08-27T16:50:03Z</time>
			</trkpt>
			<trkpt lat="59.92888156839684" lon="30.22648164960906">
				<ele>5.533540855161846</ele>
				<time>2022-08-27T16:50:05Z</time>
			</trkpt>
			<trkpt lat="59.92885936600983" lon="30.226517681173355">
				<ele>6.659008087590337</ele>
				<time>2022-08-27T16:50:08Z</time>
			</trkpt>
			<trkpt lat="59.9288337489494" lon="30.22652029039296">
				<ele>6.863461523316801</ele>
				<time>2022-08-27T16:50:11Z</time>
			</trkpt>
			<trkpt lat="59.92881253173789" lon="30.22653036501703">
				<ele>7.77730964589864</ele>
				<time>2022-08-27T16:50:13Z</time>
			</trkpt>
			<trkpt lat="59.928795776424366" lon="30.22651632602633">
				<ele>6.360713914968073</ele>
				<time>2022-08-27T16:50:17Z</time>
			</trkpt>
			<trkpt lat="59.92877179708274" lon="30.226527310779183">
				<ele>5.726622479967773</ele>
				<time>2022-08-27T16:50:24Z</time>
			</trkpt>
			<trkpt lat="59.928757423196906" lon="30.22650542819712">
				<ele>6.24094794690609</ele>
				<time>2022-08-27T16:50:27Z</time>
			</trkpt>
			<trkpt lat="59.9287301340452" lon="30.226501391714898">
				<ele>6.008953151293099</ele>
				<time>2022-08-27T16:50:38Z</time>
			</trkpt>
			<trkpt lat="59.92875052853617" lon="30.226530683524086">
				<ele>4.878556735813618</ele>
				<time>2022-08-27T16:51:02Z</time>
			</trkpt>
			<trkpt lat="59.928726306691054" lon="30.226541925753857">
				<ele>5.7278222274035215</ele>
				<time>2022-08-27T16:51:03Z</time>
			</trkpt>
			<trkpt lat="59.9287084600905" lon="30.226520528425606">
				<ele>4.446685751900077</ele>
				<time>2022-08-27T16:51:06Z</time>
			</trkpt>
			<trkpt lat="59.92870146134231" lon="30.22648413315338">
				<ele>3.5485208993777633</ele>
				<time>2022-08-27T16:51:28Z</time>
			</trkpt>
			<trkpt lat="59.928681832023045" lon="30.22646685055101">
				<ele>0.017878958955407143</ele>
				<time>2022-08-27T16:51:31Z</time>
			</trkpt>
			<trkpt lat="59.928702934990035" lon="30.226482257988007">
				<ele>1.5597135489806533</ele>
				<time>2022-08-27T16:51:35Z</time>
			</trkpt>
			<trkpt lat="59.92868154096191" lon="30.226455978997624">
				<ele>0.854299632832408</ele>
				<time>2022-08-27T16:51:37Z</time>
			</trkpt>
			<trkpt lat="59.928665725946466" lon="30.226416997293533">
				<ele>2.751568137668073</ele>
				<time>2022-08-27T16:51:39Z</time>
			</trkpt>
			<trkpt lat="59.92864968064103" lon="30.226385043501924">
				<ele>4.248243828304112</ele>
				<time>2022-08-27T16:51:41Z</time>
			</trkpt>
			<trkpt lat="59.928625724643986" lon="30.22638034794323">
				<ele>2.8080469835549593</ele>
				<time>2022-08-27T16:51:45Z</time>
			</trkpt>
			<trkpt lat="59.92865387272544" lon="30.226419604436426">
				<ele>4.347886730916798</ele>
				<time>2022-08-27T16:51:49Z</time>
			</trkpt>
			<trkpt lat="59.92867349259238" lon="30.22642888146243">
				<ele>3.9547774186357856</ele>
				<time>2022-08-27T16:51:51Z</time>
			</trkpt>
			<trkpt lat="59.9286567293697" lon="30.22641198392075">
				<ele>4.403996038250625</ele>
				<time>2022-08-27T16:51:59Z</time>
			</trkpt>
			<trkpt lat="59.928642245795785" lon="30.226383172279167">
				<ele>5.498885607346892</ele>
				<time>2022-08-27T16:52:06Z</time>
			</trkpt>
			<trkpt lat="59.92866297537568" lon="30.226365187970693">
				<ele>6.880674601532519</ele>
				<time>2022-08-27T16:52:16Z</time>
			</trkpt>
			<trkpt lat="59.928648952221316" lon="30.226338086245022">
				<ele>6.719989457167685</ele>
				<time>2022-08-27T16:52:27Z</time>
			</trkpt>
			<trkpt lat="59.928641362138436" lon="30.22629485817562">
				<ele>7.053823845461011</ele>
				<time>2022-08-27T16:52:37Z</time>
			</trkpt>
			<trkpt lat="59.92863537952541" lon="30.226255673177498">
				<ele>6.188653326593339</ele>
				<time>2022-08-27T16:52:40Z</time>
			</trkpt>
			<trkpt lat="59.92863395312342" lon="30.226214897596176">
				<ele>6.115986078977585</ele>
				<time>2022-08-27T16:52:42Z</time>
			</trkpt>
			<trkpt lat="59.92861915248229" lon="30.226172146407727">
				<ele>6.677065448835492</ele>
				<time>2022-08-27T16:52:45Z</time>
			</trkpt>
			<trkpt lat="59.92860883657381" lon="30.226123962304925">
				<ele>6.485777569003403</ele>
				<time>2022-08-27T16:52:48Z</time>
			</trkpt>
			<trkpt lat="59.92863157053341" lon="30.226152820634063">
				<ele>4.995153245516121</ele>
				<time>2022-08-27T16:52:53Z</time>
			</trkpt>
			<trkpt lat="59.92865014568894" lon="30.22622698473935">
				<ele>5.449608233757317</ele>
				<time>2022-08-27T16:52:54Z</time>
			</trkpt>
			<trkpt lat="59.92864568133327" lon="30.226277592026776">
				<ele>6.056058978661895</ele>
				<time>2022-08-27T16:52:57Z</time>
			</trkpt>
			<trkpt lat="59.928647984345346" lon="30.22632923272269">
				<ele>6.660846335813403</ele>
				<time>2022-08-27T16:53:00Z</time>
			</trkpt>
			<trkpt lat="59.928651237828845" lon="30.22628171240643">
				<ele>6.065732636488974</ele>
				<time>2022-08-27T16:53:38Z</time>
			</trkpt>
			<trkpt lat="59.92864535467574" lon="30.226247212948795">
				<ele>6.240909389220178</ele>
				<time>2022-08-27T16:53:40Z</time>
			</trkpt>
			<trkpt lat="59.928648113797664" lon="30.226299152437292">
				<ele>5.988976660184562</ele>
				<time>2022-08-27T16:53:43Z</time>
			</trkpt>
			<trkpt lat="59.92864503964937" lon="30.22633516509601">
				<ele>8.581562849693</ele>
				<time>2022-08-27T16:54:26Z</time>
			</trkpt>
			<trkpt lat="59.92866174647187" lon="30.22638279154642">
				<ele>9.412053939886391</ele>
				<time>2022-08-27T16:54:28Z</time>
			</trkpt>
			<trkpt lat="59.928681979293614" lon="30.22641703323174">
				<ele>9.410651771351695</ele>
				<time>2022-08-27T16:54:30Z</time>
			</trkpt>
			<trkpt lat="59.92870083553679" lon="30.226429219620524">
				<ele>8.706535147503018</ele>
				<time>2022-08-27T16:54:32Z</time>
			</trkpt>
			<trkpt lat="59.928714071855744" lon="30.226454299830134">
				<ele>8.752507551573217</ele>
				<time>2022-08-27T16:54:34Z</time>
			</trkpt>
			<trkpt lat="59.92872448393812" lon="30.22648611288917">
				<ele>7.357195538468659</ele>
				<time>2022-08-27T16:54:36Z</time>
			</trkpt>
			<trkpt lat="59.928746088695405" lon="30.22652123073388">
				<ele>7.753859488293529</ele>
				<time>2022-08-27T16:54:39Z</time>
			</trkpt>
			<trkpt lat="59.92876731237451" lon="30.22654635365554">
				<ele>10.194041644223034</ele>
				<time>2022-08-27T16:54:41Z</time>
			</trkpt>
			<trkpt lat="59.928784482483024" lon="30.2265781679373">
				<ele>10.294843995012343</ele>
				<time>2022-08-27T16:54:44Z</time>
			</trkpt>
			<trkpt lat="59.92880791344298" lon="30.226542292698007">
				<ele>9.867956104688346</ele>
				<time>2022-08-27T16:54:48Z</time>
			</trkpt>
			<trkpt lat="59.928834278574335" lon="30.226547964554502">
				<ele>9.952218676917255</ele>
				<time>2022-08-27T16:54:51Z</time>
			</trkpt>
			<trkpt lat="59.92885312891317" lon="30.226524183605406">
				<ele>9.527979047968984</ele>
				<time>2022-08-27T16:54:54Z</time>
			</trkpt>
			<trkpt lat="59.92887145601151" lon="30.226498890009513">
				<ele>9.164237813092768</ele>
				<time>2022-08-27T16:54:59Z</time>
			</trkpt>
			<trkpt lat="59.928905871313546" lon="30.226500647642233">
				<ele>8.953538727015257</ele>
				<time>2022-08-27T16:55:00Z</time>
			</trkpt>
			<trkpt lat="59.9289501952095" lon="30.226482196501497">
				<ele>9.688426401466131</ele>
				<time>2022-08-27T16:55:01Z</time>
			</trkpt>
			<trkpt lat="59.92894654830429" lon="30.226531842871278">
				<ele>10.360674125142395</ele>
				<time>2022-08-27T16:55:02Z</time>
			</trkpt>
			<trkpt lat="59.92896942310818" lon="30.226562586853014">
				<ele>10.481025432236493</ele>
				<time>2022-08-27T16:55:05Z</time>
			</trkpt>
			<trkpt lat="59.928982238403954" lon="30.226532378075184">
				<ele>10.469491632655263</ele>
				<time>2022-08-27T16:55:06Z</time>
			</trkpt>
			<trkpt lat="59.92901152918338" lon="30.22651245082093">
				<ele>11.070434914901853</ele>
				<time>2022-08-27T16:55:09Z</time>
			</trkpt>
			<trkpt lat="59.92902400992587" lon="30.226465728751773">
				<ele>5.76760312449187</ele>
				<time>2022-08-27T16:55:14Z</time>
			</trkpt>
			<trkpt lat="59.92906102242013" lon="30.226466362902915">
				<ele>1.9193711234256625</ele>
				<time>2022-08-27T16:55:19Z</time>
			</trkpt>
			<trkpt lat="59.929083886836885" lon="30.226471862114693">
				<ele>2.008080548606813</ele>
				<time>2022-08-27T16:55:22Z</time>
			</trkpt>
			<trkpt lat="59.92911527573704" lon="30.226468334573973">
				<ele>3.0571159226819873</ele>
				<time>2022-08-27T16:55:25Z</time>
			</trkpt>
			<trkpt lat="59.929136358364644" lon="30.226452906924283">
				<ele>4.026550625450909</ele>
				<time>2022-08-27T16:55:27Z</time>
			</trkpt>
			<trkpt lat="59.929158318776324" lon="30.22644395243694">
				<ele>5.361279561184347</ele>
				<time>2022-08-27T16:55:28Z</time>
			</trkpt>
			<trkpt lat="59.929182266537744" lon="30.226439337649524">
				<ele>5.961946840398014</ele>
				<time>2022-08-27T16:55:30Z</time>
			</trkpt>
			<trkpt lat="59.92919991479363" lon="30.226412819706688">
				<ele>4.390272953547537</ele>
				<time>2022-08-27T16:55:32Z</time>
			</trkpt>
			<trkpt lat="59.929222397071875" lon="30.226415669789542">
				<ele>4.274476466700435</ele>
				<time>2022-08-27T16:55:34Z</time>
			</trkpt>
			<trkpt lat="59.92925136794942" lon="30.226410251310586">
				<ele>5.806642379611731</ele>
				<time>2022-08-27T16:55:38Z</time>
			</trkpt>
			<trkpt lat="59.92921716377373" lon="30.22638666244139">
				<ele>2.778158124536276</ele>
				<time>2022-08-27T16:55:48Z</time>
			</trkpt>
			<trkpt lat="59.92924525134994" lon="30.22636962007285">
				<ele>1.9453518306836486</ele>
				<time>2022-08-27T16:55:53Z</time>
			</trkpt>
			<trkpt lat="59.92926738608256" lon="30.22638856527339">
				<ele>1.7364817699417472</ele>
				<time>2022-08-27T16:55:55Z</time>
			</trkpt>
			<trkpt lat="59.92928747165324" lon="30.226408503436552">
				<ele>4.281619249843061</ele>
				<time>2022-08-27T16:55:56Z</time>
			</trkpt>
			<trkpt lat="59.92930938021038" lon="30.226423354066426">
				<ele>6.285202579572797</ele>
				<time>2022-08-27T16:55:57Z</time>
			</trkpt>
			<trkpt lat="59.929330322768855" lon="30.22643472569066">
				<ele>8.005637745372951</ele>
				<time>2022-08-27T16:55:58Z</time>
			</trkpt>
			<trkpt lat="59.929311769597454" lon="30.226413029705363">
				<ele>-0.09222828224301338</ele>
				<time>2022-08-27T16:56:00Z</time>
			</trkpt>
			<trkpt lat="59.92933962416281" lon="30.226405540206397">
				<ele>3.3677972592413425</ele>
				<time>2022-08-27T16:56:01Z</time>
			</trkpt>
			<trkpt lat="59.92937166391623" lon="30.226384255159914">
				<ele>2.980516658164561</ele>
				<time>2022-08-27T16:56:04Z</time>
			</trkpt>
			<trkpt lat="59.92940374940104" lon="30.22640999433496">
				<ele>6.1992859514430165</ele>
				<time>2022-08-27T16:56:05Z</time>
			</trkpt>
			<trkpt lat="59.92943640416589" lon="30.226402825683863">
				<ele>8.45281631872058</ele>
				<time>2022-08-27T16:56:06Z</time>
			</trkpt>
			<trkpt lat="59.92944668188961" lon="30.226367211198895">
				<ele>7.638478610664606</ele>
				<time>2022-08-27T16:56:08Z</time>
			</trkpt>
			<trkpt lat="59.92947375078772" lon="30.226356666622046">
				<ele>6.211117180995643</ele>
				<time>2022-08-27T16:56:11Z</time>
			</trkpt>
			<trkpt lat="59.92949331679993" lon="30.226344509318004">
				<ele>6.400793584994972</ele>
				<time>2022-08-27T16:56:13Z</time>
			</trkpt>
			<trkpt lat="59.92951216763418" lon="30.22633582690841">
				<ele>5.456492857076228</ele>
				<time>2022-08-27T16:56:15Z</time>
			</trkpt>
			<trkpt lat="59.92953390777973" lon="30.226332347218364">
				<ele>5.615218768827617</ele>
				<time>2022-08-27T16:56:17Z</time>
			</trkpt>
			<trkpt lat="59.929553490249695" lon="30.22633177830215">
				<ele>5.522878993302584</ele>
				<time>2022-08-27T16:56:19Z</time>
			</trkpt>
			<trkpt lat="59.92957303438301" lon="30.226314092769837">
				<ele>2.4409407135099173</ele>
				<time>2022-08-27T16:56:22Z</time>
			</trkpt>
			<trkpt lat="59.92959461320604" lon="30.22631755541696">
				<ele>1.6583373928442597</ele>
				<time>2022-08-27T16:56:24Z</time>
			</trkpt>
			<trkpt lat="59.92961856241997" lon="30.22630884705453">
				<ele>2.449657278135419</ele>
				<time>2022-08-27T16:56:26Z</time>
			</trkpt>
			<trkpt lat="59.92965870812757" lon="30.226277902699515">
				<ele>6.368292176164687</ele>
				<time>2022-08-27T16:56:29Z</time>
			</trkpt>
			<trkpt lat="59.92967628872803" lon="30.226323894513218">
				<ele>3.5853942930698395</ele>
				<time>2022-08-27T16:56:32Z</time>
			</trkpt>
			<trkpt lat="59.9297079620635" lon="30.22632175239176">
				<ele>5.275657432153821</ele>
				<time>2022-08-27T16:56:34Z</time>
			</trkpt>
			<trkpt lat="59.92973164945956" lon="30.22630574251891">
				<ele>5.669427765533328</ele>
				<time>2022-08-27T16:56:36Z</time>
			</trkpt>
			<trkpt lat="59.92975262037084" lon="30.226298690991026">
				<ele>8.69823507219553</ele>
				<time>2022-08-27T16:56:37Z</time>
			</trkpt>
			<trkpt lat="59.92976950247477" lon="30.226267651206925">
				<ele>4.85379842389375</ele>
				<time>2022-08-27T16:56:39Z</time>
			</trkpt>
			<trkpt lat="59.929788292771015" lon="30.22626356992188">
				<ele>6.154807580634952</ele>
				<time>2022-08-27T16:56:41Z</time>
			</trkpt>
			<trkpt lat="59.92982242392121" lon="30.22626927408992">
				<ele>6.50053789652884</ele>
				<time>2022-08-27T16:56:44Z</time>
			</trkpt>
			<trkpt lat="59.92984046781475" lon="30.22628799240492">
				<ele>6.703848537057638</ele>
				<time>2022-08-27T16:56:45Z</time>
			</trkpt>
			<trkpt lat="59.92986205923845" lon="30.226306745815585">
				<ele>7.492253687232733</ele>
				<time>2022-08-27T16:56:46Z</time>
			</trkpt>
			<trkpt lat="59.92988161054853" lon="30.226328199004875">
				<ele>4.51498915348202</ele>
				<time>2022-08-27T16:56:49Z</time>
			</trkpt>
			<trkpt lat="59.929911500868066" lon="30.226320026506908">
				<ele>5.57106598932296</ele>
				<time>2022-08-27T16:56:51Z</time>
			</trkpt>
			<trkpt lat="59.929944760222526" lon="30.22633510727038">
				<ele>6.939211155287921</ele>
				<time>2022-08-27T16:56:53Z</time>
			</trkpt>
			<trkpt lat="59.929936694506466" lon="30.226287874771778">
				<ele>2.788083292543888</ele>
				<time>2022-08-27T16:56:55Z</time>
			</trkpt>
			<trkpt lat="59.92995412762129" lon="30.226256179621885">
				<ele>5.041850707493722</ele>
				<time>2022-08-27T16:56:57Z</time>
			</trkpt>
			<trkpt lat="59.929981342906096" lon="30.22623351667646">
				<ele>4.075067314319313</ele>
				<time>2022-08-27T16:57:00Z</time>
			</trkpt>
			<trkpt lat="59.93000100403436" lon="30.226198864978123">
				<ele>1.0317230029031634</ele>
				<time>2022-08-27T16:57:02Z</time>
			</trkpt>
			<trkpt lat="59.93002611098145" lon="30.22620787137904">
				<ele>1.7124136704951525</ele>
				<time>2022-08-27T16:57:03Z</time>
			</trkpt>
			<trkpt lat="59.93004571783661" lon="30.22624565422197">
				<ele>3.383665549568832</ele>
				<time>2022-08-27T16:57:05Z</time>
			</trkpt>
			<trkpt lat="59.93006619463584" lon="30.226244480567974">
				<ele>3.672960426658392</ele>
				<time>2022-08-27T16:57:07Z</time>
			</trkpt>
			<trkpt lat="59.930089390344" lon="30.226217209591148">
				<ele>3.532166561111808</ele>
				<time>2022-08-27T16:57:11Z</time>
			</trkpt>
			<trkpt lat="59.93010927243434" lon="30.2262058379182">
				<ele>4.610658772289753</ele>
				<time>2022-08-27T16:57:13Z</time>
			</trkpt>
			<trkpt lat="59.93013172842535" lon="30.226196738058704">
				<ele>4.616103742271662</ele>
				<time>2022-08-27T16:57:16Z</time>
			</trkpt>
			<trkpt lat="59.93015336296905" lon="30.22617046626193">
				<ele>-0.4588549779728055</ele>
				<time>2022-08-27T16:57:18Z</time>
			</trkpt>
			<trkpt lat="59.93018251938306" lon="30.22617239559535">
				<ele>1.9399288427084684</ele>
				<time>2022-08-27T16:57:21Z</time>
			</trkpt>
			<trkpt lat="59.93020786250507" lon="30.226174509037815">
				<ele>0.8581286603584886</ele>
				<time>2022-08-27T16:57:23Z</time>
			</trkpt>
			<trkpt lat="59.93023308292018" lon="30.226172507427368">
				<ele>3.5435082614421844</ele>
				<time>2022-08-27T16:57:25Z</time>
			</trkpt>
			<trkpt lat="59.9302669849738" lon="30.226169770269667">
				<ele>-1.3880522083491087</ele>
				<time>2022-08-27T16:57:28Z</time>
			</trkpt>
			<trkpt lat="59.93029858780964" lon="30.22616479662186">
				<ele>2.034416150301695</ele>
				<time>2022-08-27T16:57:30Z</time>
			</trkpt>
			<trkpt lat="59.93032734746276" lon="30.226160305434554">
				<ele>0.9368324987590313</ele>
				<time>2022-08-27T16:57:33Z</time>
			</trkpt>
			<trkpt lat="59.93036056246775" lon="30.226164161132477">
				<ele>3.7051787255331874</ele>
				<time>2022-08-27T16:57:35Z</time>
			</trkpt>
			<trkpt lat="59.93037749477735" lon="30.226135361624323">
				<ele>-0.6636739773675799</ele>
				<time>2022-08-27T16:57:38Z</time>
			</trkpt>
			<trkpt lat="59.93039991445672" lon="30.22610891780665">
				<ele>0.5066218134015799</ele>
				<time>2022-08-27T16:57:40Z</time>
			</trkpt>
			<trkpt lat="59.930426571893605" lon="30.22610097486952">
				<ele>2.3076489800587296</ele>
				<time>2022-08-27T16:57:42Z</time>
			</trkpt>
			<trkpt lat="59.93044166625341" lon="30.226123837139298">
				<ele>1.1874082162976265</ele>
				<time>2022-08-27T16:57:44Z</time>
			</trkpt>
			<trkpt lat="59.93047024229647" lon="30.226137693477618">
				<ele>3.5021645091474056</ele>
				<time>2022-08-27T16:57:46Z</time>
			</trkpt>
			<trkpt lat="59.93049400818547" lon="30.22611594399926">
				<ele>2.095288645476103</ele>
				<time>2022-08-27T16:57:48Z</time>
			</trkpt>
			<trkpt lat="59.93051940048135" lon="30.22611201101886">
				<ele>2.5724987341091037</ele>
				<time>2022-08-27T16:57:50Z</time>
			</trkpt>
			<trkpt lat="59.93053837309114" lon="30.22610643579807">
				<ele>2.540754346176982</ele>
				<time>2022-08-27T16:57:52Z</time>
			</trkpt>
			<trkpt lat="59.930556861167176" lon="30.226104337039573">
				<ele>1.6553393453359604</ele>
				<time>2022-08-27T16:57:54Z</time>
			</trkpt>
			<trkpt lat="59.93058246987235" lon="30.22609128758292">
				<ele>2.5232901461422443</ele>
				<time>2022-08-27T16:57:56Z</time>
			</trkpt>
			<trkpt lat="59.93060395805194" lon="30.226090517834887">
				<ele>-0.5153127023950219</ele>
				<time>2022-08-27T16:57:59Z</time>
			</trkpt>
			<trkpt lat="59.93063188323641" lon="30.226070216282857">
				<ele>0.8621161347255111</ele>
				<time>2022-08-27T16:58:01Z</time>
			</trkpt>
			<trkpt lat="59.93065428002823" lon="30.22606920944232">
				<ele>1.4052903931587934</ele>
				<time>2022-08-27T16:58:03Z</time>
			</trkpt>
			<trkpt lat="59.93067618866904" lon="30.226073859780406">
				<ele>3.06745024304837</ele>
				<time>2022-08-27T16:58:05Z</time>
			</trkpt>
			<trkpt lat="59.93069433192883" lon="30.226066873585843">
				<ele>-2.094963706098497</ele>
				<time>2022-08-27T16:58:07Z</time>
			</trkpt>
			<trkpt lat="59.93071419810881" lon="30.226073410053885">
				<ele>-0.8577694306150079</ele>
				<time>2022-08-27T16:58:09Z</time>
			</trkpt>
			<trkpt lat="59.93073897584202" lon="30.226056221597304">
				<ele>0.1416918970644474</ele>
				<time>2022-08-27T16:58:11Z</time>
			</trkpt>
			<trkpt lat="59.93076117314668" lon="30.226060975643552">
				<ele>1.1738656181842089</ele>
				<time>2022-08-27T16:58:13Z</time>
			</trkpt>
			<trkpt lat="59.9307830681226" lon="30.22606438780923">
				<ele>1.0751355132088065</ele>
				<time>2022-08-27T16:58:15Z</time>
			</trkpt>
			<trkpt lat="59.93079978003067" lon="30.22604274138838">
				<ele>-1.0671289656311274</ele>
				<time>2022-08-27T16:58:17Z</time>
			</trkpt>
			<trkpt lat="59.93082452932512" lon="30.22605536765716">
				<ele>0.8133562253788114</ele>
				<time>2022-08-27T16:58:19Z</time>
			</trkpt>
			<trkpt lat="59.930852242237705" lon="30.226029801735343">
				<ele>0.18480650894343853</ele>
				<time>2022-08-27T16:58:21Z</time>
			</trkpt>
			<trkpt lat="59.930881749003376" lon="30.226037534800664">
				<ele>1.6612356649711728</ele>
				<time>2022-08-27T16:58:23Z</time>
			</trkpt>
			<trkpt lat="59.930906883312446" lon="30.22602575518485">
				<ele>-1.716730073094368</ele>
				<time>2022-08-27T16:58:26Z</time>
			</trkpt>
			<trkpt lat="59.930925085223315" lon="30.226019824981293">
				<ele>-1.3654875149950385</ele>
				<time>2022-08-27T16:58:28Z</time>
			</trkpt>
			<trkpt lat="59.93094839792105" lon="30.226027899505628">
				<ele>0.421785025857389</ele>
				<time>2022-08-27T16:58:30Z</time>
			</trkpt>
			<trkpt lat="59.930979817831485" lon="30.22601812468335">
				<ele>0.5989992786198854</ele>
				<time>2022-08-27T16:58:32Z</time>
			</trkpt>
			<trkpt lat="59.931008296419925" lon="30.22601522803784">
				<ele>2.2352404268458486</ele>
				<time>2022-08-27T16:58:34Z</time>
			</trkpt>
			<trkpt lat="59.93103489113125" lon="30.225996601482745">
				<ele>-0.2846801336854696</ele>
				<time>2022-08-27T16:58:37Z</time>
			</trkpt>
			<trkpt lat="59.93106399323081" lon="30.22598666256113">
				<ele>1.4995288392528892</ele>
				<time>2022-08-27T16:58:39Z</time>
			</trkpt>
			<trkpt lat="59.93108625262893" lon="30.22597746783587">
				<ele>1.3752422025427222</ele>
				<time>2022-08-27T16:58:41Z</time>
			</trkpt>
			<trkpt lat="59.93111001481435" lon="30.225964323759637">
				<ele>1.9417004911229014</ele>
				<time>2022-08-27T16:58:43Z</time>
			</trkpt>
			<trkpt lat="59.93112750676456" lon="30.225936387019768">
				<ele>-2.131831118836999</ele>
				<time>2022-08-27T16:58:46Z</time>
			</trkpt>
			<trkpt lat="59.931157131176334" lon="30.22594266389254">
				<ele>-1.0226506050676107</ele>
				<time>2022-08-27T16:58:48Z</time>
			</trkpt>
			<trkpt lat="59.931180102314265" lon="30.225950896767575">
				<ele>-0.9472608743235469</ele>
				<time>2022-08-27T16:58:50Z</time>
			</trkpt>
			<trkpt lat="59.931206343612345" lon="30.225952811469835">
				<ele>0.5244101202115417</ele>
				<time>2022-08-27T16:58:52Z</time>
			</trkpt>
			<trkpt lat="59.93122536463936" lon="30.225930394249996">
				<ele>-3.6170553294941783</ele>
				<time>2022-08-27T16:58:55Z</time>
			</trkpt>
			<trkpt lat="59.93124727458687" lon="30.225928353954295">
				<ele>-1.5935065718367696</ele>
				<time>2022-08-27T16:58:57Z</time>
			</trkpt>
			<trkpt lat="59.931273225502096" lon="30.225933420423956">
				<ele>-1.859325397759676</ele>
				<time>2022-08-27T16:58:59Z</time>
			</trkpt>
			<trkpt lat="59.93129556302969" lon="30.225930376938315">
				<ele>-1.0814844584092498</ele>
				<time>2022-08-27T16:59:01Z</time>
			</trkpt>
			<trkpt lat="59.93131854838224" lon="30.22591997563386">
				<ele>-2.470521385781467</ele>
				<time>2022-08-27T16:59:03Z</time>
			</trkpt>
			<trkpt lat="59.93134922094647" lon="30.225906578535966">
				<ele>-1.0369722424075007</ele>
				<time>2022-08-27T16:59:06Z</time>
			</trkpt>
			<trkpt lat="59.93137292161014" lon="30.22591589576809">
				<ele>-0.047967227175831795</ele>
				<time>2022-08-27T16:59:08Z</time>
			</trkpt>
			<trkpt lat="59.931394317086266" lon="30.225914350235243">
				<ele>1.9031157363206148</ele>
				<time>2022-08-27T16:59:09Z</time>
			</trkpt>
			<trkpt lat="59.9314174258082" lon="30.225903429280475">
				<ele>1.7311028642579913</ele>
				<time>2022-08-27T16:59:12Z</time>
			</trkpt>
			<trkpt lat="59.93144749012771" lon="30.22590662638693">
				<ele>3.351407304406166</ele>
				<time>2022-08-27T16:59:14Z</time>
			</trkpt>
			<trkpt lat="59.93147352454639" lon="30.22590035135981">
				<ele>2.77485931199044</ele>
				<time>2022-08-27T16:59:17Z</time>
			</trkpt>
			<trkpt lat="59.93149503380757" lon="30.22590232120617">
				<ele>4.285972530953586</ele>
				<time>2022-08-27T16:59:19Z</time>
			</trkpt>
			<trkpt lat="59.931533654192116" lon="30.22589272633006">
				<ele>3.9082022681832314</ele>
				<time>2022-08-27T16:59:22Z</time>
			</trkpt>
			<trkpt lat="59.931552843396545" lon="30.225895753352077">
				<ele>3.3943163696676493</ele>
				<time>2022-08-27T16:59:24Z</time>
			</trkpt>
			<trkpt lat="59.93157705637952" lon="30.225890943344023">
				<ele>4.550605461001396</ele>
				<time>2022-08-27T16:59:26Z</time>
			</trkpt>
			<trkpt lat="59.931599926895615" lon="30.2259038409756">
				<ele>1.6311523923650384</ele>
				<time>2022-08-27T16:59:28Z</time>
			</trkpt>
			<trkpt lat="59.93162673282083" lon="30.22591327861853">
				<ele>2.2710590036585927</ele>
				<time>2022-08-27T16:59:31Z</time>
			</trkpt>
			<trkpt lat="59.9316541976945" lon="30.225916148034777">
				<ele>2.4271844755858183</ele>
				<time>2022-08-27T16:59:33Z</time>
			</trkpt>
			<trkpt lat="59.931688822925544" lon="30.225883644366196">
				<ele>2.305648476816714</ele>
				<time>2022-08-27T16:59:35Z</time>
			</trkpt>
			<trkpt lat="59.93169983564945" lon="30.225854218123747">
				<ele>4.3206010749563575</ele>
				<time>2022-08-27T16:59:36Z</time>
			</trkpt>
			<trkpt lat="59.93172130038004" lon="30.22584043086527">
				<ele>0.06976515427231789</ele>
				<time>2022-08-27T16:59:40Z</time>
			</trkpt>
			<trkpt lat="59.931740158383874" lon="30.22582053995599">
				<ele>0.9946557292714715</ele>
				<time>2022-08-27T16:59:42Z</time>
			</trkpt>
			<trkpt lat="59.93176132882416" lon="30.225809923423427">
				<ele>2.6694639390334487</ele>
				<time>2022-08-27T16:59:43Z</time>
			</trkpt>
			<trkpt lat="59.93179132880456" lon="30.225805942704078">
				<ele>0.8458520071581006</ele>
				<time>2022-08-27T16:59:46Z</time>
			</trkpt>
			<trkpt lat="59.93181827395001" lon="30.225830146189356">
				<ele>1.6050512371584773</ele>
				<time>2022-08-27T16:59:48Z</time>
			</trkpt>
			<trkpt lat="59.931843439774966" lon="30.225848343762063">
				<ele>-1.905497020110488</ele>
				<time>2022-08-27T16:59:50Z</time>
			</trkpt>
			<trkpt lat="59.9318689583207" lon="30.225870398006954">
				<ele>0.4928800016641617</ele>
				<time>2022-08-27T16:59:53Z</time>
			</trkpt>
			<trkpt lat="59.931888138601" lon="30.225843225320304">
				<ele>0.9997151345014572</ele>
				<time>2022-08-27T16:59:55Z</time>
			</trkpt>
			<trkpt lat="59.93190931827287" lon="30.22582349889126">
				<ele>0.42005883529782295</ele>
				<time>2022-08-27T16:59:57Z</time>
			</trkpt>
			<trkpt lat="59.9319359044386" lon="30.22581017104863">
				<ele>1.7350695272907615</ele>
				<time>2022-08-27T16:59:59Z</time>
			</trkpt>
			<trkpt lat="59.9319544254718" lon="30.225794009401024">
				<ele>-1.116853877902031</ele>
				<time>2022-08-27T17:00:01Z</time>
			</trkpt>
			<trkpt lat="59.931972715953684" lon="30.22578741095976">
				<ele>-0.17645400390028954</ele>
				<time>2022-08-27T17:00:03Z</time>
			</trkpt>
			<trkpt lat="59.932001659787" lon="30.225776569915965">
				<ele>0.06929910834878683</ele>
				<time>2022-08-27T17:00:06Z</time>
			</trkpt>
			<trkpt lat="59.93203720539174" lon="30.225745049895597">
				<ele>-4.690611779689789</ele>
				<time>2022-08-27T17:00:10Z</time>
			</trkpt>
			<trkpt lat="59.932055879773316" lon="30.225737017607244">
				<ele>-3.360220156610012</ele>
				<time>2022-08-27T17:00:11Z</time>
			</trkpt>
			<trkpt lat="59.93208225054429" lon="30.225723048431252">
				<ele>-2.3446031576022506</ele>
				<time>2022-08-27T17:00:14Z</time>
			</trkpt>
			<trkpt lat="59.93210993839305" lon="30.225727172487385">
				<ele>0.39548388589173555</ele>
				<time>2022-08-27T17:00:16Z</time>
			</trkpt>
			<trkpt lat="59.932130405636784" lon="30.225696900406202">
				<ele>-3.7350999917834997</ele>
				<time>2022-08-27T17:00:19Z</time>
			</trkpt>
			<trkpt lat="59.93215958524385" lon="30.22570797313421">
				<ele>-1.0931733567267656</ele>
				<time>2022-08-27T17:00:21Z</time>
			</trkpt>
			<trkpt lat="59.93217747888477" lon="30.225712439739635">
				<ele>-1.3605891596525908</ele>
				<time>2022-08-27T17:00:23Z</time>
			</trkpt>
			<trkpt lat="59.932196728927124" lon="30.225717019268558">
				<ele>0.1821292107924819</ele>
				<time>2022-08-27T17:00:24Z</time>
			</trkpt>
			<trkpt lat="59.93221392679356" lon="30.225698046629187">
				<ele>-3.1049248510971665</ele>
				<time>2022-08-27T17:00:26Z</time>
			</trkpt>
			<trkpt lat="59.93223914430894" lon="30.22569138478701">
				<ele>-1.5670134108513594</ele>
				<time>2022-08-27T17:00:28Z</time>
			</trkpt>
			<trkpt lat="59.9322586408502" lon="30.225676523355666">
				<ele>1.3176439795643091</ele>
				<time>2022-08-27T17:00:31Z</time>
			</trkpt>
			<trkpt lat="59.932284864998735" lon="30.225681278317126">
				<ele>2.2814528346061707</ele>
				<time>2022-08-27T17:00:33Z</time>
			</trkpt>
			<trkpt lat="59.9322970429581" lon="30.22573200944523">
				<ele>4.066930053755641</ele>
				<time>2022-08-27T17:00:35Z</time>
			</trkpt>
			<trkpt lat="59.9323184917932" lon="30.225748140680516">
				<ele>2.444632114842534</ele>
				<time>2022-08-27T17:00:37Z</time>
			</trkpt>
			<trkpt lat="59.932349828704645" lon="30.225726528992507">
				<ele>1.871884006075561</ele>
				<time>2022-08-27T17:00:40Z</time>
			</trkpt>
			<trkpt lat="59.932367153421566" lon="30.225708510777544">
				<ele>3.4829951664432883</ele>
				<time>2022-08-27T17:00:41Z</time>
			</trkpt>
			<trkpt lat="59.932381724787895" lon="30.225669807527265">
				<ele>3.57492617983371</ele>
				<time>2022-08-27T17:00:43Z</time>
			</trkpt>
			<trkpt lat="59.932399948687994" lon="30.225663892301288">
				<ele>2.9613386103883386</ele>
				<time>2022-08-27T17:00:46Z</time>
			</trkpt>
			<trkpt lat="59.93241884457518" lon="30.2256372039611">
				<ele>3.7830863716080785</ele>
				<time>2022-08-27T17:00:48Z</time>
			</trkpt>
			<trkpt lat="59.93244429093874" lon="30.22563392610465">
				<ele>1.6293993946164846</ele>
				<time>2022-08-27T17:00:50Z</time>
			</trkpt>
			<trkpt lat="59.93248339866984" lon="30.22561201699217">
				<ele>2.613649104721844</ele>
				<time>2022-08-27T17:00:53Z</time>
			</trkpt>
			<trkpt lat="59.932501739379006" lon="30.225617440186102">
				<ele>4.261154215782881</ele>
				<time>2022-08-27T17:00:56Z</time>
			</trkpt>
			<trkpt lat="59.932525660253305" lon="30.225590355430658">
				<ele>-1.7009403770789504</ele>
				<time>2022-08-27T17:00:59Z</time>
			</trkpt>
			<trkpt lat="59.93254012572544" lon="30.225537075359007">
				<ele>-1.190697311423719</ele>
				<time>2022-08-27T17:01:03Z</time>
			</trkpt>
			<trkpt lat="59.932551523764445" lon="30.225442379731025">
				<ele>-5.806162913329899</ele>
				<time>2022-08-27T17:01:05Z</time>
			</trkpt>
			<trkpt lat="59.93256409434598" lon="30.22539723603843">
				<ele>-4.001342541538179</ele>
				<time>2022-08-27T17:01:08Z</time>
			</trkpt>
			<trkpt lat="59.932589479750185" lon="30.225373481465603">
				<ele>0.8986156014725566</ele>
				<time>2022-08-27T17:01:09Z</time>
			</trkpt>
			<trkpt lat="59.93262061492896" lon="30.22537248644396">
				<ele>-0.34395184367895126</ele>
				<time>2022-08-27T17:01:11Z</time>
			</trkpt>
			<trkpt lat="59.9326398040836" lon="30.22538075077531">
				<ele>-0.13049370888620615</ele>
				<time>2022-08-27T17:01:12Z</time>
			</trkpt>
			<trkpt lat="59.93266893598259" lon="30.225409625277265">
				<ele>1.1910440046340227</ele>
				<time>2022-08-27T17:01:13Z</time>
			</trkpt>
			<trkpt lat="59.93268899259594" lon="30.225447023397898">
				<ele>0.2505067614838481</ele>
				<time>2022-08-27T17:01:15Z</time>
			</trkpt>
			<trkpt lat="59.932699595383816" lon="30.225478793563898">
				<ele>-1.1952045671641827</ele>
				<time>2022-08-27T17:01:16Z</time>
			</trkpt>
			<trkpt lat="59.93270118322474" lon="30.225518043268963">
				<ele>-1.730149319395423</ele>
				<time>2022-08-27T17:01:17Z</time>
			</trkpt>
			<trkpt lat="59.932708361146176" lon="30.225583734713098">
				<ele>-1.3815580625087023</ele>
				<time>2022-08-27T17:01:19Z</time>
			</trkpt>
			<trkpt lat="59.93271433186875" lon="30.225624515047564">
				<ele>0.41695620864629745</ele>
				<time>2022-08-27T17:01:21Z</time>
			</trkpt>
			<trkpt lat="59.93272060360922" lon="30.225663578375865">
				<ele>1.2598522156476974</ele>
				<time>2022-08-27T17:01:22Z</time>
			</trkpt>
			<trkpt lat="59.932729365018666" lon="30.22571855169468">
				<ele>4.070095608010888</ele>
				<time>2022-08-27T17:01:24Z</time>
			</trkpt>
			<trkpt lat="59.932730063496564" lon="30.225777506385146">
				<ele>1.8142651431262493</ele>
				<time>2022-08-27T17:01:27Z</time>
			</trkpt>
			<trkpt lat="59.93273625071203" lon="30.22581288759692">
				<ele>3.3572911359369755</ele>
				<time>2022-08-27T17:01:28Z</time>
			</trkpt>
			<trkpt lat="59.932737327623755" lon="30.225860229644262">
				<ele>2.494748132303357</ele>
				<time>2022-08-27T17:01:30Z</time>
			</trkpt>
			<trkpt lat="59.93274918048989" lon="30.225912920716894">
				<ele>4.6782289277762175</ele>
				<time>2022-08-27T17:01:32Z</time>
			</trkpt>
			<trkpt lat="59.93275985408004" lon="30.2259776819895">
				<ele>4.7131033800542355</ele>
				<time>2022-08-27T17:01:35Z</time>
			</trkpt>
			<trkpt lat="59.932771498313" lon="30.226031353546677">
				<ele>6.730894977226853</ele>
				<time>2022-08-27T17:01:37Z</time>
			</trkpt>
			<trkpt lat="59.93277388816889" lon="30.226079127326834">
				<ele>6.187854272313416</ele>
				<time>2022-08-27T17:01:39Z</time>
			</trkpt>
			<trkpt lat="59.932779141921905" lon="30.226120138742033">
				<ele>7.780240144580603</ele>
				<time>2022-08-27T17:01:43Z</time>
			</trkpt>
			<trkpt lat="59.93278979215182" lon="30.226151857707674">
				<ele>10.186018873937428</ele>
				<time>2022-08-27T17:01:44Z</time>
			</trkpt>
			<trkpt lat="59.93279850101461" lon="30.226200428760457">
				<ele>9.620300505310297</ele>
				<time>2022-08-27T17:01:46Z</time>
			</trkpt>
			<trkpt lat="59.93280750708808" lon="30.2262375784785">
				<ele>11.979128011502326</ele>
				<time>2022-08-27T17:01:48Z</time>
			</trkpt>
			<trkpt lat="59.93282057090892" lon="30.226284028248926">
				<ele>12.236474642530084</ele>
				<time>2022-08-27T17:01:50Z</time>
			</trkpt>
			<trkpt lat="59.93283166012794" lon="30.226322349483883">
				<ele>9.835721757262945</ele>
				<time>2022-08-27T17:01:53Z</time>
			</trkpt>
			<trkpt lat="59.93284926695983" lon="30.2263639958778">
				<ele>9.727645007893443</ele>
				<time>2022-08-27T17:01:55Z</time>
			</trkpt>
			<trkpt lat="59.93285913978485" lon="30.226411418792804">
				<ele>8.690168307162821</ele>
				<time>2022-08-27T17:01:57Z</time>
			</trkpt>
			<trkpt lat="59.932876949151634" lon="30.22643881974004">
				<ele>8.200352255254984</ele>
				<time>2022-08-27T17:01:59Z</time>
			</trkpt>
			<trkpt lat="59.93285588932279" lon="30.226428668283248">
				<ele>5.3989360220730305</ele>
				<time>2022-08-27T17:02:01Z</time>
			</trkpt>
			<trkpt lat="59.932842086254944" lon="30.226365339759578">
				<ele>5.3089069072157145</ele>
				<time>2022-08-27T17:02:03Z</time>
			</trkpt>
			<trkpt lat="59.93283712384455" lon="30.226330530692376">
				<ele>3.981130895204842</ele>
				<time>2022-08-27T17:02:23Z</time>
			</trkpt>
			<trkpt lat="59.932858078961104" lon="30.226354819146273">
				<ele>4.729870380833745</ele>
				<time>2022-08-27T17:02:37Z</time>
			</trkpt>
			<trkpt lat="59.93285924197848" lon="30.226403730197504">
				<ele>0.7218932639807463</ele>
				<time>2022-08-27T17:02:39Z</time>
			</trkpt>
			<trkpt lat="59.93287227922861" lon="30.22643367445251">
				<ele>2.490402557887137</ele>
				<time>2022-08-27T17:02:40Z</time>
			</trkpt>
			<trkpt lat="59.932880171460674" lon="30.22648131257395">
				<ele>1.8996515413746238</ele>
				<time>2022-08-27T17:02:42Z</time>
			</trkpt>
			<trkpt lat="59.93290088301655" lon="30.22651752376563">
				<ele>2.1559268943965435</ele>
				<time>2022-08-27T17:02:45Z</time>
			</trkpt>
			<trkpt lat="59.93291888183598" lon="30.226539615427782">
				<ele>5.250448954291642</ele>
				<time>2022-08-27T17:02:47Z</time>
			</trkpt>
			<trkpt lat="59.93290094131904" lon="30.226574659204452">
				<ele>-0.5954520720988512</ele>
				<time>2022-08-27T17:02:48Z</time>
			</trkpt>
			<trkpt lat="59.93290922574383" lon="30.22661044998087">
				<ele>0.47322354931384325</ele>
				<time>2022-08-27T17:02:50Z</time>
			</trkpt>
			<trkpt lat="59.932922177802794" lon="30.226635845198565">
				<ele>2.410659274086356</ele>
				<time>2022-08-27T17:02:52Z</time>
			</trkpt>
			<trkpt lat="59.93294177001949" lon="30.226670216499024">
				<ele>3.0644622556865215</ele>
				<time>2022-08-27T17:02:54Z</time>
			</trkpt>
			<trkpt lat="59.932958689778424" lon="30.22670357825654">
				<ele>3.9695626152679324</ele>
				<time>2022-08-27T17:02:56Z</time>
			</trkpt>
			<trkpt lat="59.93296853826554" lon="30.226733964578948">
				<ele>4.555962802842259</ele>
				<time>2022-08-27T17:02:58Z</time>
			</trkpt>
			<trkpt lat="59.93298423240652" lon="30.226764945146808">
				<ele>2.701662987470627</ele>
				<time>2022-08-27T17:03:00Z</time>
			</trkpt>
			<trkpt lat="59.933006041176874" lon="30.226791622927585">
				<ele>2.8231856087222695</ele>
				<time>2022-08-27T17:03:03Z</time>
			</trkpt>
			<trkpt lat="59.93303444303011" lon="30.226792136229633">
				<ele>6.07284180726856</ele>
				<time>2022-08-27T17:03:05Z</time>
			</trkpt>
			<trkpt lat="59.93305213698246" lon="30.2268143677827">
				<ele>2.552298691123724</ele>
				<time>2022-08-27T17:03:08Z</time>
			</trkpt>
			<trkpt lat="59.93306793936442" lon="30.22684008112085">
				<ele>0.39322460256516933</ele>
				<time>2022-08-27T17:03:11Z</time>
			</trkpt>
			<trkpt lat="59.93308473907176" lon="30.22688393739265">
				<ele>3.0386085528880358</ele>
				<time>2022-08-27T17:03:13Z</time>
			</trkpt>
			<trkpt lat="59.933097872817235" lon="30.22691877198152">
				<ele>2.738798419944942</ele>
				<time>2022-08-27T17:03:15Z</time>
			</trkpt>
			<trkpt lat="59.933104801281566" lon="30.226962605158757">
				<ele>3.365242994390428</ele>
				<time>2022-08-27T17:03:18Z</time>
			</trkpt>
			<trkpt lat="59.933114276127064" lon="30.22700175615715">
				<ele>3.6988649861887097</ele>
				<time>2022-08-27T17:03:20Z</time>
			</trkpt>
			<trkpt lat="59.933135424169365" lon="30.22703745775275">
				<ele>5.5106509597972035</ele>
				<time>2022-08-27T17:03:22Z</time>
			</trkpt>
			<trkpt lat="59.93315514536522" lon="30.22706490661864">
				<ele>4.995756411924958</ele>
				<time>2022-08-27T17:03:24Z</time>
			</trkpt>
			<trkpt lat="59.93317193018821" lon="30.22711567546719">
				<ele>5.414539309218526</ele>
				<time>2022-08-27T17:03:26Z</time>
			</trkpt>
			<trkpt lat="59.933178136172685" lon="30.22715060706484">
				<ele>5.91146360617131</ele>
				<time>2022-08-27T17:03:28Z</time>
			</trkpt>
			<trkpt lat="59.93318325764263" lon="30.227193761772956">
				<ele>7.017126610502601</ele>
				<time>2022-08-27T17:03:30Z</time>
			</trkpt>
			<trkpt lat="59.93320186092651" lon="30.227234730582456">
				<ele>6.308746688999236</ele>
				<time>2022-08-27T17:03:32Z</time>
			</trkpt>
			<trkpt lat="59.93321015413584" lon="30.227268715152192">
				<ele>6.367745152674615</ele>
				<time>2022-08-27T17:03:34Z</time>
			</trkpt>
			<trkpt lat="59.933211167958426" lon="30.22731713289464">
				<ele>4.742640336975455</ele>
				<time>2022-08-27T17:03:36Z</time>
			</trkpt>
			<trkpt lat="59.93321942696258" lon="30.227367377663725">
				<ele>6.212736297398806</ele>
				<time>2022-08-27T17:03:38Z</time>
			</trkpt>
			<trkpt lat="59.93323953819044" lon="30.22741645456929">
				<ele>2.7432026071473956</ele>
				<time>2022-08-27T17:03:41Z</time>
			</trkpt>
			<trkpt lat="59.93325881332548" lon="30.2274444861468">
				<ele>3.882800057530403</ele>
				<time>2022-08-27T17:03:43Z</time>
			</trkpt>
			<trkpt lat="59.93327683465026" lon="30.22747292903938">
				<ele>4.406853164546192</ele>
				<time>2022-08-27T17:03:45Z</time>
			</trkpt>
			<trkpt lat="59.933294899870276" lon="30.22748989373693">
				<ele>4.1811787988990545</ele>
				<time>2022-08-27T17:03:47Z</time>
			</trkpt>
			<trkpt lat="59.93331210204361" lon="30.227529790846877">
				<ele>0.9589198501780629</ele>
				<time>2022-08-27T17:03:50Z</time>
			</trkpt>
			<trkpt lat="59.93333146170343" lon="30.227549707796847">
				<ele>1.6544198179617524</ele>
				<time>2022-08-27T17:03:51Z</time>
			</trkpt>
			<trkpt lat="59.93333613323697" lon="30.227600521970274">
				<ele>1.6384156187996268</ele>
				<time>2022-08-27T17:03:54Z</time>
			</trkpt>
			<trkpt lat="59.93335366180663" lon="30.227625591143223">
				<ele>1.461077008396387</ele>
				<time>2022-08-27T17:03:56Z</time>
			</trkpt>
			<trkpt lat="59.93337338035193" lon="30.227672007839566">
				<ele>4.763597295619547</ele>
				<time>2022-08-27T17:03:58Z</time>
			</trkpt>
			<trkpt lat="59.93338472016984" lon="30.227707062976872">
				<ele>1.7548743421211839</ele>
				<time>2022-08-27T17:04:00Z</time>
			</trkpt>
			<trkpt lat="59.93340865621277" lon="30.227732364236452">
				<ele>3.1256556501612067</ele>
				<time>2022-08-27T17:04:02Z</time>
			</trkpt>
			<trkpt lat="59.93342217151386" lon="30.227765192055976">
				<ele>2.712730411440134</ele>
				<time>2022-08-27T17:04:04Z</time>
			</trkpt>
			<trkpt lat="59.93343560972864" lon="30.227803648366">
				<ele>1.2160202637314796</ele>
				<time>2022-08-27T17:04:07Z</time>
			</trkpt>
			<trkpt lat="59.93344915146368" lon="30.22784008782213">
				<ele>2.2045224886387587</ele>
				<time>2022-08-27T17:04:09Z</time>
			</trkpt>
			<trkpt lat="59.93346025038846" lon="30.227869311789686">
				<ele>2.178283892571926</ele>
				<time>2022-08-27T17:04:11Z</time>
			</trkpt>
			<trkpt lat="59.933465570226" lon="30.227939259221493">
				<ele>0.3056787885725498</ele>
				<time>2022-08-27T17:04:14Z</time>
			</trkpt>
			<trkpt lat="59.93346851809488" lon="30.227980516166944">
				<ele>0.671294154599309</ele>
				<time>2022-08-27T17:04:15Z</time>
			</trkpt>
			<trkpt lat="59.933489445997154" lon="30.228018748843294">
				<ele>2.5713154803961515</ele>
				<time>2022-08-27T17:04:17Z</time>
			</trkpt>
			<trkpt lat="59.93350747330291" lon="30.228030940594245">
				<ele>1.3777332697063684</ele>
				<time>2022-08-27T17:04:19Z</time>
			</trkpt>
			<trkpt lat="59.933526412436734" lon="30.228076546922665">
				<ele>-4.495173052884638</ele>
				<time>2022-08-27T17:04:24Z</time>
			</trkpt>
			<trkpt lat="59.93354263684555" lon="30.228130389617235">
				<ele>-4.069114343263209</ele>
				<time>2022-08-27T17:04:26Z</time>
			</trkpt>
			<trkpt lat="59.933568484085015" lon="30.228171991185622">
				<ele>-0.02275376208126545</ele>
				<time>2022-08-27T17:04:28Z</time>
			</trkpt>
			<trkpt lat="59.933583309536814" lon="30.228194055395942">
				<ele>-3.9383632708340883</ele>
				<time>2022-08-27T17:04:31Z</time>
			</trkpt>
			<trkpt lat="59.93360586423023" lon="30.228228734050457">
				<ele>-1.8527147667482495</ele>
				<time>2022-08-27T17:04:33Z</time>
			</trkpt>
			<trkpt lat="59.933628465929935" lon="30.228256463992295">
				<ele>-1.5431916061788797</ele>
				<time>2022-08-27T17:04:35Z</time>
			</trkpt>
			<trkpt lat="59.933658765044335" lon="30.228288133775358">
				<ele>0.9015744095668197</ele>
				<time>2022-08-27T17:04:37Z</time>
			</trkpt>
			<trkpt lat="59.93368276008272" lon="30.22829633819123">
				<ele>-1.1251733088865876</ele>
				<time>2022-08-27T17:04:39Z</time>
			</trkpt>
			<trkpt lat="59.93369019569267" lon="30.22835680278052">
				<ele>-0.2966009648516774</ele>
				<time>2022-08-27T17:04:41Z</time>
			</trkpt>
			<trkpt lat="59.93371208267648" lon="30.22837569182562">
				<ele>2.219986917451024</ele>
				<time>2022-08-27T17:04:42Z</time>
			</trkpt>
			<trkpt lat="59.93372844543191" lon="30.22842155632991">
				<ele>0.4561059819534421</ele>
				<time>2022-08-27T17:04:45Z</time>
			</trkpt>
			<trkpt lat="59.93374395921353" lon="30.228439597532315">
				<ele>1.499293931759894</ele>
				<time>2022-08-27T17:04:46Z</time>
			</trkpt>
			<trkpt lat="59.933737348189766" lon="30.228479596787423">
				<ele>-2.554219361394644</ele>
				<time>2022-08-27T17:04:49Z</time>
			</trkpt>
			<trkpt lat="59.9337458300477" lon="30.228529450529102">
				<ele>-1.4270693585276604</ele>
				<time>2022-08-27T17:04:51Z</time>
			</trkpt>
			<trkpt lat="59.93375949688342" lon="30.228572737285276">
				<ele>0.49261532351374626</ele>
				<time>2022-08-27T17:04:53Z</time>
			</trkpt>
			<trkpt lat="59.93376906609852" lon="30.228628846788617">
				<ele>1.3787917699664831</ele>
				<time>2022-08-27T17:04:55Z</time>
			</trkpt>
			<trkpt lat="59.93377901079939" lon="30.228673730167575">
				<ele>3.8689849758520722</ele>
				<time>2022-08-27T17:04:57Z</time>
			</trkpt>
			<trkpt lat="59.93377842314428" lon="30.2287145235812">
				<ele>1.7577904220670462</ele>
				<time>2022-08-27T17:04:59Z</time>
			</trkpt>
			<trkpt lat="59.93379098161844" lon="30.228758574080885">
				<ele>4.09823979344219</ele>
				<time>2022-08-27T17:05:01Z</time>
			</trkpt>
			<trkpt lat="59.933790918725165" lon="30.228798024211795">
				<ele>3.52301755361259</ele>
				<time>2022-08-27T17:05:03Z</time>
			</trkpt>
			<trkpt lat="59.93380026956722" lon="30.228855922668778">
				<ele>2.8347451658919454</ele>
				<time>2022-08-27T17:05:05Z</time>
			</trkpt>
			<trkpt lat="59.9338142791054" lon="30.228903640677842">
				<ele>4.152843935415149</ele>
				<time>2022-08-27T17:05:08Z</time>
			</trkpt>
			<trkpt lat="59.93382109446607" lon="30.22894113097336">
				<ele>0.6244796430692077</ele>
				<time>2022-08-27T17:05:10Z</time>
			</trkpt>
			<trkpt lat="59.93382923618621" lon="30.229003607694523">
				<ele>2.7208826886489987</ele>
				<time>2022-08-27T17:05:12Z</time>
			</trkpt>
			<trkpt lat="59.93384156244364" lon="30.229036635554543">
				<ele>3.8667818987742066</ele>
				<time>2022-08-27T17:05:14Z</time>
			</trkpt>
			<trkpt lat="59.933861437245774" lon="30.229007244094685">
				<ele>6.52837252151221</ele>
				<time>2022-08-27T17:05:18Z</time>
			</trkpt>
			<trkpt lat="59.933886380787364" lon="30.228950394883366">
				<ele>8.544294500723481</ele>
				<time>2022-08-27T17:05:20Z</time>
			</trkpt>
			<trkpt lat="59.93390429266496" lon="30.228934491797247">
				<ele>9.305701972916722</ele>
				<time>2022-08-27T17:05:22Z</time>
			</trkpt>
			<trkpt lat="59.93391361960799" lon="30.229013490156046">
				<ele>13.523492353037</ele>
				<time>2022-08-27T17:05:24Z</time>
			</trkpt>
			<trkpt lat="59.933915091909974" lon="30.229057358977904">
				<ele>13.326546862721443</ele>
				<time>2022-08-27T17:05:25Z</time>
			</trkpt>
			<trkpt lat="59.933912013954235" lon="30.22909401498867">
				<ele>9.97890312410891</ele>
				<time>2022-08-27T17:05:27Z</time>
			</trkpt>
			<trkpt lat="59.93388944342181" lon="30.229106199027303">
				<ele>6.085513011552393</ele>
				<time>2022-08-27T17:05:29Z</time>
			</trkpt>
			<trkpt lat="59.93387160927563" lon="30.22912839986898">
				<ele>6.542006392963231</ele>
				<time>2022-08-27T17:05:30Z</time>
			</trkpt>
			<trkpt lat="59.933861908069126" lon="30.22916737973086">
				<ele>5.89704845007509</ele>
				<time>2022-08-27T17:05:31Z</time>
			</trkpt>
			<trkpt lat="59.93384720805571" lon="30.229221048767688">
				<ele>7.022876889444888</ele>
				<time>2022-08-27T17:05:33Z</time>
			</trkpt>
			<trkpt lat="59.9338609275658" lon="30.229264236436894">
				<ele>7.092074763961136</ele>
				<time>2022-08-27T17:05:36Z</time>
			</trkpt>
			<trkpt lat="59.93385873052602" lon="30.229311171044316">
				<ele>5.356204864569008</ele>
				<time>2022-08-27T17:05:38Z</time>
			</trkpt>
			<trkpt lat="59.933858112822165" lon="30.22937883218864">
				<ele>7.593315596692264</ele>
				<time>2022-08-27T17:05:40Z</time>
			</trkpt>
			<trkpt lat="59.93385761847855" lon="30.229414715525476">
				<ele>6.317420507781208</ele>
				<time>2022-08-27T17:05:42Z</time>
			</trkpt>
			<trkpt lat="59.93386500453237" lon="30.229455450385956">
				<ele>6.813116112723947</ele>
				<time>2022-08-27T17:05:44Z</time>
			</trkpt>
			<trkpt lat="59.93386162687833" lon="30.2294924474691">
				<ele>8.349774210713804</ele>
				<time>2022-08-27T17:05:46Z</time>
			</trkpt>
			<trkpt lat="59.933869052757075" lon="30.229547674781564">
				<ele>6.528804548084736</ele>
				<time>2022-08-27T17:05:49Z</time>
			</trkpt>
			<trkpt lat="59.93388814005792" lon="30.229558061573464">
				<ele>5.178855923004448</ele>
				<time>2022-08-27T17:05:51Z</time>
			</trkpt>
			<trkpt lat="59.933895068959075" lon="30.229604539061274">
				<ele>2.955543551594019</ele>
				<time>2022-08-27T17:05:56Z</time>
			</trkpt>
			<trkpt lat="59.9338939520581" lon="30.229653508692788">
				<ele>2.598568245768547</ele>
				<time>2022-08-27T17:05:58Z</time>
			</trkpt>
			<trkpt lat="59.93388646673263" lon="30.229702153247047">
				<ele>2.744298355653882</ele>
				<time>2022-08-27T17:06:01Z</time>
			</trkpt>
			<trkpt lat="59.93389236372404" lon="30.229737812879">
				<ele>3.892668990418315</ele>
				<time>2022-08-27T17:06:03Z</time>
			</trkpt>
			<trkpt lat="59.9339061415727" lon="30.229774625019203">
				<ele>3.6795361563563347</ele>
				<time>2022-08-27T17:06:06Z</time>
			</trkpt>
			<trkpt lat="59.93390803547883" lon="30.229818512960982">
				<ele>3.523058719933033</ele>
				<time>2022-08-27T17:06:09Z</time>
			</trkpt>
			<trkpt lat="59.93391636391193" lon="30.22986077696656">
				<ele>4.223062883131206</ele>
				<time>2022-08-27T17:06:11Z</time>
			</trkpt>
			<trkpt lat="59.93391953713683" lon="30.229904708984712">
				<ele>4.362843729555607</ele>
				<time>2022-08-27T17:06:14Z</time>
			</trkpt>
			<trkpt lat="59.93392724075114" lon="30.229949046311305">
				<ele>4.540963344275951</ele>
				<time>2022-08-27T17:06:16Z</time>
			</trkpt>
			<trkpt lat="59.933933866324374" lon="30.229983228588893">
				<ele>4.472316415049136</ele>
				<time>2022-08-27T17:06:18Z</time>
			</trkpt>
			<trkpt lat="59.93394134571085" lon="30.230024454458082">
				<ele>3.8661835342645645</ele>
				<time>2022-08-27T17:06:21Z</time>
			</trkpt>
			<trkpt lat="59.93395748823544" lon="30.230064659542222">
				<ele>4.830456968396902</ele>
				<time>2022-08-27T17:06:23Z</time>
			</trkpt>
			<trkpt lat="59.93396684928844" lon="30.230107935628215">
				<ele>4.407094013877213</ele>
				<time>2022-08-27T17:06:26Z</time>
			</trkpt>
			<trkpt lat="59.93396772675078" lon="30.230160960240703">
				<ele>4.8245437340810895</ele>
				<time>2022-08-27T17:06:28Z</time>
			</trkpt>
			<trkpt lat="59.9339673787217" lon="30.230196826834018">
				<ele>4.49880784843117</ele>
				<time>2022-08-27T17:06:30Z</time>
			</trkpt>
			<trkpt lat="59.93397163770175" lon="30.230280945001233">
				<ele>3.5033075800165534</ele>
				<time>2022-08-27T17:06:33Z</time>
			</trkpt>
			<trkpt lat="59.93397979961529" lon="30.230325328756276">
				<ele>4.362674170173705</ele>
				<time>2022-08-27T17:06:35Z</time>
			</trkpt>
			<trkpt lat="59.933968844011154" lon="30.230363886234205">
				<ele>4.802239743061364</ele>
				<time>2022-08-27T17:06:36Z</time>
			</trkpt>
			<trkpt lat="59.933976616470765" lon="30.23040647392918">
				<ele>5.753749944269657</ele>
				<time>2022-08-27T17:06:40Z</time>
			</trkpt>
			<trkpt lat="59.933965910725874" lon="30.230464476445263">
				<ele>5.690753047354519</ele>
				<time>2022-08-27T17:06:43Z</time>
			</trkpt>
			<trkpt lat="59.9339692185961" lon="30.23050222159423">
				<ele>3.570707335136831</ele>
				<time>2022-08-27T17:06:45Z</time>
			</trkpt>
			<trkpt lat="59.93397069004088" lon="30.230591370169694">
				<ele>4.762139005586505</ele>
				<time>2022-08-27T17:06:49Z</time>
			</trkpt>
			<trkpt lat="59.933980847930776" lon="30.230635654390227">
				<ele>4.830097473226488</ele>
				<time>2022-08-27T17:06:51Z</time>
			</trkpt>
			<trkpt lat="59.9339815253712" lon="30.230675560146683">
				<ele>1.2104078931733966</ele>
				<time>2022-08-27T17:06:54Z</time>
			</trkpt>
			<trkpt lat="59.9339862412687" lon="30.230733633492843">
				<ele>3.2656739121302962</ele>
				<time>2022-08-27T17:06:56Z</time>
			</trkpt>
			<trkpt lat="59.93398364335593" lon="30.230785679598505">
				<ele>3.719794380478561</ele>
				<time>2022-08-27T17:06:58Z</time>
			</trkpt>
			<trkpt lat="59.93398734904733" lon="30.23084036838941">
				<ele>3.884307397529483</ele>
				<time>2022-08-27T17:07:01Z</time>
			</trkpt>
			<trkpt lat="59.933994754452776" lon="30.23088342250032">
				<ele>5.461613427847624</ele>
				<time>2022-08-27T17:07:03Z</time>
			</trkpt>
			<trkpt lat="59.93399753139138" lon="30.230921169741897">
				<ele>5.810545286163688</ele>
				<time>2022-08-27T17:07:05Z</time>
			</trkpt>
			<trkpt lat="59.93400541540424" lon="30.230957562426966">
				<ele>5.312203139998019</ele>
				<time>2022-08-27T17:07:07Z</time>
			</trkpt>
			<trkpt lat="59.9340031997254" lon="30.231000916012192">
				<ele>2.8961627269163728</ele>
				<time>2022-08-27T17:07:10Z</time>
			</trkpt>
			<trkpt lat="59.93400035835721" lon="30.231054335087272">
				<ele>4.623318976722658</ele>
				<time>2022-08-27T17:07:12Z</time>
			</trkpt>
			<trkpt lat="59.93401661397644" lon="30.231102115071128">
				<ele>5.620321777649224</ele>
				<time>2022-08-27T17:07:14Z</time>
			</trkpt>
			<trkpt lat="59.934023367090596" lon="30.231146714632263">
				<ele>6.860001998953521</ele>
				<time>2022-08-27T17:07:16Z</time>
			</trkpt>
			<trkpt lat="59.93402200393529" lon="30.23119532972785">
				<ele>3.161362181417644</ele>
				<time>2022-08-27T17:07:19Z</time>
			</trkpt>
			<trkpt lat="59.93402656619749" lon="30.231236487620325">
				<ele>5.357488855719566</ele>
				<time>2022-08-27T17:07:21Z</time>
			</trkpt>
			<trkpt lat="59.934020354714484" lon="30.231283538558312">
				<ele>4.9200940588489175</ele>
				<time>2022-08-27T17:07:23Z</time>
			</trkpt>
			<trkpt lat="59.934018434349404" lon="30.231342044520733">
				<ele>7.020482135936618</ele>
				<time>2022-08-27T17:07:25Z</time>
			</trkpt>
			<trkpt lat="59.93401660079775" lon="30.231399927516154">
				<ele>6.010302460752428</ele>
				<time>2022-08-27T17:07:27Z</time>
			</trkpt>
			<trkpt lat="59.934022960532246" lon="30.23143412995873">
				<ele>6.377636264078319</ele>
				<time>2022-08-27T17:07:29Z</time>
			</trkpt>
			<trkpt lat="59.934029403470525" lon="30.231483377194678">
				<ele>6.378777768462896</ele>
				<time>2022-08-27T17:07:31Z</time>
			</trkpt>
			<trkpt lat="59.9340258006917" lon="30.23155724846277">
				<ele>5.181035616435111</ele>
				<time>2022-08-27T17:07:33Z</time>
			</trkpt>
			<trkpt lat="59.934037370587035" lon="30.23159117532028">
				<ele>7.387264183722436</ele>
				<time>2022-08-27T17:07:35Z</time>
			</trkpt>
			<trkpt lat="59.9340359521775" lon="30.231628192783905">
				<ele>3.524403378367424</ele>
				<time>2022-08-27T17:07:38Z</time>
			</trkpt>
			<trkpt lat="59.93403734843504" lon="30.231663962809346">
				<ele>4.781970154494047</ele>
				<time>2022-08-27T17:07:39Z</time>
			</trkpt>
			<trkpt lat="59.934033929464604" lon="30.231718338800803">
				<ele>4.313650427386165</ele>
				<time>2022-08-27T17:07:41Z</time>
			</trkpt>
			<trkpt lat="59.934037556022226" lon="30.231761597152772">
				<ele>3.2999777821823955</ele>
				<time>2022-08-27T17:07:43Z</time>
			</trkpt>
			<trkpt lat="59.93402522845787" lon="30.231808817676075">
				<ele>0.7694914750754833</ele>
				<time>2022-08-27T17:07:46Z</time>
			</trkpt>
			<trkpt lat="59.93402285323482" lon="30.23185341110612">
				<ele>-0.1012333482503891</ele>
				<time>2022-08-27T17:07:48Z</time>
			</trkpt>
			<trkpt lat="59.93402393480062" lon="30.23189501290075">
				<ele>3.3428563829511404</ele>
				<time>2022-08-27T17:07:49Z</time>
			</trkpt>
			<trkpt lat="59.9340313271474" lon="30.23195031991467">
				<ele>2.1617111461237073</ele>
				<time>2022-08-27T17:07:52Z</time>
			</trkpt>
			<trkpt lat="59.93403397816471" lon="30.23200374168792">
				<ele>4.403760638087988</ele>
				<time>2022-08-27T17:07:54Z</time>
			</trkpt>
			<trkpt lat="59.93405473388475" lon="30.23202265943399">
				<ele>-0.16663257218897343</ele>
				<time>2022-08-27T17:07:57Z</time>
			</trkpt>
			<trkpt lat="59.93404831969198" lon="30.232070422799065">
				<ele>1.7026903349906206</ele>
				<time>2022-08-27T17:07:59Z</time>
			</trkpt>
			<trkpt lat="59.934047101979814" lon="30.232109567501144">
				<ele>2.2730595897883177</ele>
				<time>2022-08-27T17:08:01Z</time>
			</trkpt>
			<trkpt lat="59.934038238774" lon="30.232142044509985">
				<ele>2.0176806710660458</ele>
				<time>2022-08-27T17:08:02Z</time>
			</trkpt>
			<trkpt lat="59.934052056269664" lon="30.232214459904355">
				<ele>3.2646635295823216</ele>
				<time>2022-08-27T17:08:03Z</time>
			</trkpt>
			<trkpt lat="59.93406431682172" lon="30.23225095314357">
				<ele>2.3719823211431503</ele>
				<time>2022-08-27T17:08:06Z</time>
			</trkpt>
			<trkpt lat="59.93407357572394" lon="30.232311934922947">
				<ele>3.7470216685906053</ele>
				<time>2022-08-27T17:08:09Z</time>
			</trkpt>
			<trkpt lat="59.93407155812619" lon="30.232349842317284">
				<ele>4.208090654574335</ele>
				<time>2022-08-27T17:08:11Z</time>
			</trkpt>
			<trkpt lat="59.93408066267302" lon="30.232392424982404">
				<ele>3.827562659047544</ele>
				<time>2022-08-27T17:08:14Z</time>
			</trkpt>
			<trkpt lat="59.93408199558011" lon="30.232443354244698">
				<ele>3.5597839057445526</ele>
				<time>2022-08-27T17:08:16Z</time>
			</trkpt>
			<trkpt lat="59.93407955932298" lon="30.23248944192313">
				<ele>3.64690725505352</ele>
				<time>2022-08-27T17:08:19Z</time>
			</trkpt>
			<trkpt lat="59.93408296890996" lon="30.23252680288685">
				<ele>3.6294525051489472</ele>
				<time>2022-08-27T17:08:21Z</time>
			</trkpt>
			<trkpt lat="59.93408788047686" lon="30.23257527250371">
				<ele>3.6532832430675626</ele>
				<time>2022-08-27T17:08:23Z</time>
			</trkpt>
			<trkpt lat="59.93409397043904" lon="30.23263688298587">
				<ele>4.390449531376362</ele>
				<time>2022-08-27T17:08:26Z</time>
			</trkpt>
			<trkpt lat="59.93409911739032" lon="30.232686204974534">
				<ele>3.4218923300504684</ele>
				<time>2022-08-27T17:08:29Z</time>
			</trkpt>
			<trkpt lat="59.934099110516286" lon="30.232728750512848">
				<ele>3.329131057485938</ele>
				<time>2022-08-27T17:08:31Z</time>
			</trkpt>
			<trkpt lat="59.93410512376823" lon="30.23278057051077">
				<ele>3.145238452591002</ele>
				<time>2022-08-27T17:08:33Z</time>
			</trkpt>
			<trkpt lat="59.93410627600173" lon="30.232819848393742">
				<ele>3.2495177956297994</ele>
				<time>2022-08-27T17:08:35Z</time>
			</trkpt>
			<trkpt lat="59.9341081851467" lon="30.23286195195331">
				<ele>3.4797896649688482</ele>
				<time>2022-08-27T17:08:37Z</time>
			</trkpt>
			<trkpt lat="59.93410988998921" lon="30.232898785908223">
				<ele>2.8398313941434026</ele>
				<time>2022-08-27T17:08:39Z</time>
			</trkpt>
			<trkpt lat="59.9341139279507" lon="30.232933802165796">
				<ele>2.5645472202450037</ele>
				<time>2022-08-27T17:08:41Z</time>
			</trkpt>
			<trkpt lat="59.93411563349742" lon="30.232988819470382">
				<ele>2.1372582260519266</ele>
				<time>2022-08-27T17:08:44Z</time>
			</trkpt>
			<trkpt lat="59.93411968391824" lon="30.233026413609416">
				<ele>2.0510677257552743</ele>
				<time>2022-08-27T17:08:46Z</time>
			</trkpt>
			<trkpt lat="59.93412721005286" lon="30.233068521303334">
				<ele>2.585510435514152</ele>
				<time>2022-08-27T17:08:48Z</time>
			</trkpt>
			<trkpt lat="59.93413076789218" lon="30.233111686676388">
				<ele>2.8959096409380436</ele>
				<time>2022-08-27T17:08:50Z</time>
			</trkpt>
			<trkpt lat="59.93413157666909" lon="30.233148762526458">
				<ele>3.055606124922633</ele>
				<time>2022-08-27T17:08:52Z</time>
			</trkpt>
			<trkpt lat="59.9341324638487" lon="30.233187185336565">
				<ele>3.205567019060254</ele>
				<time>2022-08-27T17:08:54Z</time>
			</trkpt>
			<trkpt lat="59.9341372675425" lon="30.233224831543676">
				<ele>3.3273121155798435</ele>
				<time>2022-08-27T17:08:56Z</time>
			</trkpt>
			<trkpt lat="59.934141882673416" lon="30.23326418475298">
				<ele>3.083373977802694</ele>
				<time>2022-08-27T17:08:58Z</time>
			</trkpt>
			<trkpt lat="59.9341466562899" lon="30.233308584416125">
				<ele>2.930030391551554</ele>
				<time>2022-08-27T17:09:00Z</time>
			</trkpt>
			<trkpt lat="59.934145505037556" lon="30.233346155292455">
				<ele>2.7178199337795377</ele>
				<time>2022-08-27T17:09:02Z</time>
			</trkpt>
			<trkpt lat="59.934148098717294" lon="30.233383047304265">
				<ele>3.1376869920641184</ele>
				<time>2022-08-27T17:09:04Z</time>
			</trkpt>
			<trkpt lat="59.93415098091269" lon="30.23343748470598">
				<ele>3.422811683267355</ele>
				<time>2022-08-27T17:09:07Z</time>
			</trkpt>
			<trkpt lat="59.93415756713997" lon="30.233483290073874">
				<ele>3.6671597603708506</ele>
				<time>2022-08-27T17:09:09Z</time>
			</trkpt>
			<trkpt lat="59.93416224616434" lon="30.233529232280354">
				<ele>3.646334978751838</ele>
				<time>2022-08-27T17:09:12Z</time>
			</trkpt>
			<trkpt lat="59.934166505632454" lon="30.23357899972977">
				<ele>3.556965285912156</ele>
				<time>2022-08-27T17:09:14Z</time>
			</trkpt>
			<trkpt lat="59.93416675146568" lon="30.23362870344973">
				<ele>3.0424759006127715</ele>
				<time>2022-08-27T17:09:17Z</time>
			</trkpt>
			<trkpt lat="59.93417291314544" lon="30.233680330912897">
				<ele>3.701966928318143</ele>
				<time>2022-08-27T17:09:19Z</time>
			</trkpt>
			<trkpt lat="59.934176134069425" lon="30.233729782397432">
				<ele>4.157408426515758</ele>
				<time>2022-08-27T17:09:21Z</time>
			</trkpt>
			<trkpt lat="59.93418143433695" lon="30.233778476226462">
				<ele>4.033495090901852</ele>
				<time>2022-08-27T17:09:23Z</time>
			</trkpt>
			<trkpt lat="59.93418155194663" lon="30.233833892884743">
				<ele>4.035075058229268</ele>
				<time>2022-08-27T17:09:26Z</time>
			</trkpt>
			<trkpt lat="59.934192244778096" lon="30.233870090371155">
				<ele>3.9247692795470357</ele>
				<time>2022-08-27T17:09:28Z</time>
			</trkpt>
			<trkpt lat="59.934197180000304" lon="30.233905294229537">
				<ele>3.1992139872163534</ele>
				<time>2022-08-27T17:09:30Z</time>
			</trkpt>
			<trkpt lat="59.93419626392155" lon="30.233944564687185">
				<ele>3.2138001965358853</ele>
				<time>2022-08-27T17:09:32Z</time>
			</trkpt>
			<trkpt lat="59.934190698488095" lon="30.233988882347994">
				<ele>2.0448470525443554</ele>
				<time>2022-08-27T17:09:34Z</time>
			</trkpt>
			<trkpt lat="59.934182843971186" lon="30.234024406288103">
				<ele>3.336530172266066</ele>
				<time>2022-08-27T17:09:36Z</time>
			</trkpt>
			<trkpt lat="59.934172259205404" lon="30.234053593931186">
				<ele>2.567591010592878</ele>
				<time>2022-08-27T17:09:37Z</time>
			</trkpt>
			<trkpt lat="59.934152153098246" lon="30.234082203050825">
				<ele>1.8943900596350431</ele>
				<time>2022-08-27T17:09:39Z</time>
			</trkpt>
			<trkpt lat="59.934149459815885" lon="30.234134223951404">
				<ele>2.66509210690856</ele>
				<time>2022-08-27T17:09:41Z</time>
			</trkpt>
			<trkpt lat="59.93414329740143" lon="30.234179366161566">
				<ele>1.3448090264573693</ele>
				<time>2022-08-27T17:09:44Z</time>
			</trkpt>
			<trkpt lat="59.93414107544688" lon="30.234225953292086">
				<ele>1.399689874611795</ele>
				<time>2022-08-27T17:09:45Z</time>
			</trkpt>
			<trkpt lat="59.9341405858938" lon="30.234267015583686">
				<ele>2.054124204441905</ele>
				<time>2022-08-27T17:09:47Z</time>
			</trkpt>
			<trkpt lat="59.93413708795376" lon="30.234314162473694">
				<ele>3.141092603094876</ele>
				<time>2022-08-27T17:09:50Z</time>
			</trkpt>
			<trkpt lat="59.93412924966355" lon="30.2343571324751">
				<ele>-0.39517959859222174</ele>
				<time>2022-08-27T17:09:52Z</time>
			</trkpt>
			<trkpt lat="59.93412579804473" lon="30.23439731528803">
				<ele>1.2877352107316256</ele>
				<time>2022-08-27T17:09:54Z</time>
			</trkpt>
			<trkpt lat="59.934127322421716" lon="30.234452945242104">
				<ele>1.9226504042744637</ele>
				<time>2022-08-27T17:09:56Z</time>
			</trkpt>
			<trkpt lat="59.934129058150745" lon="30.234499819842714">
				<ele>2.505853960290551</ele>
				<time>2022-08-27T17:09:58Z</time>
			</trkpt>
			<trkpt lat="59.93413868347795" lon="30.23454905808619">
				<ele>3.604098387993872</ele>
				<time>2022-08-27T17:10:00Z</time>
			</trkpt>
			<trkpt lat="59.93413441803509" lon="30.234592710551894">
				<ele>2.7591602988541126</ele>
				<time>2022-08-27T17:10:02Z</time>
			</trkpt>
			<trkpt lat="59.93413783659458" lon="30.23464484254889">
				<ele>3.5093527920544147</ele>
				<time>2022-08-27T17:10:05Z</time>
			</trkpt>
			<trkpt lat="59.93413797798078" lon="30.234692081165313">
				<ele>3.4555713403970003</ele>
				<time>2022-08-27T17:10:07Z</time>
			</trkpt>
			<trkpt lat="59.93414461395268" lon="30.23473687721543">
				<ele>4.177905564196408</ele>
				<time>2022-08-27T17:10:09Z</time>
			</trkpt>
			<trkpt lat="59.934141362338586" lon="30.234784162878107">
				<ele>3.258236149325967</ele>
				<time>2022-08-27T17:10:11Z</time>
			</trkpt>
			<trkpt lat="59.9341351640723" lon="30.234824656975825">
				<ele>2.994007548317313</ele>
				<time>2022-08-27T17:10:14Z</time>
			</trkpt>
			<trkpt lat="59.93414459697724" lon="30.234856616832587">
				<ele>3.8994534118101</ele>
				<time>2022-08-27T17:10:17Z</time>
			</trkpt>
			<trkpt lat="59.93415632631689" lon="30.23488846194778">
				<ele>7.313700362108648</ele>
				<time>2022-08-27T17:10:24Z</time>
			</trkpt>
			<trkpt lat="59.93413836349098" lon="30.234866604805056">
				<ele>3.341148995794356</ele>
				<time>2022-08-27T17:10:36Z</time>
			</trkpt>
			<trkpt lat="59.934125074020145" lon="30.234922672533077">
				<ele>3.658508447930217</ele>
				<time>2022-08-27T17:10:38Z</time>
			</trkpt>
			<trkpt lat="59.93411379185825" lon="30.234972053126988">
				<ele>4.159483422525227</ele>
				<time>2022-08-27T17:10:41Z</time>
			</trkpt>
			<trkpt lat="59.93411222014787" lon="30.235030247210037">
				<ele>4.502124086022377</ele>
				<time>2022-08-27T17:10:43Z</time>
			</trkpt>
			<trkpt lat="59.93411545678173" lon="30.2350716184978">
				<ele>5.757067798636854</ele>
				<time>2022-08-27T17:10:45Z</time>
			</trkpt>
			<trkpt lat="59.93410429076776" lon="30.235124187161567">
				<ele>3.040412973612547</ele>
				<time>2022-08-27T17:10:47Z</time>
			</trkpt>
			<trkpt lat="59.93409865640198" lon="30.23517248578827">
				<ele>1.823365113697946</ele>
				<time>2022-08-27T17:10:49Z</time>
			</trkpt>
			<trkpt lat="59.93409251437267" lon="30.235212082725795">
				<ele>3.0542446821928024</ele>
				<time>2022-08-27T17:10:51Z</time>
			</trkpt>
			<trkpt lat="59.93409267569967" lon="30.235260434375974">
				<ele>4.175827162340283</ele>
				<time>2022-08-27T17:10:53Z</time>
			</trkpt>
			<trkpt lat="59.93409116779504" lon="30.235298380635303">
				<ele>4.177763199433684</ele>
				<time>2022-08-27T17:10:55Z</time>
			</trkpt>
			<trkpt lat="59.934090310022405" lon="30.235338114509588">
				<ele>2.869565272703767</ele>
				<time>2022-08-27T17:10:57Z</time>
			</trkpt>
			<trkpt lat="59.93408505782244" lon="30.23539054742083">
				<ele>4.155885358341038</ele>
				<time>2022-08-27T17:10:59Z</time>
			</trkpt>
			<trkpt lat="59.93407567115924" lon="30.235442511725278">
				<ele>4.909726937301457</ele>
				<time>2022-08-27T17:11:01Z</time>
			</trkpt>
			<trkpt lat="59.93406789227827" lon="30.235490272343473">
				<ele>5.509140592068434</ele>
				<time>2022-08-27T17:11:03Z</time>
			</trkpt>
			<trkpt lat="59.934059597002395" lon="30.235527645238264">
				<ele>4.28382493276149</ele>
				<time>2022-08-27T17:11:05Z</time>
			</trkpt>
			<trkpt lat="59.9340496911173" lon="30.235560833944977">
				<ele>4.493584337644279</ele>
				<time>2022-08-27T17:11:07Z</time>
			</trkpt>
			<trkpt lat="59.93403436506624" lon="30.235603519987365">
				<ele>5.471699103713036</ele>
				<time>2022-08-27T17:11:09Z</time>
			</trkpt>
			<trkpt lat="59.93401878733186" lon="30.235653516889773">
				<ele>4.825853866524994</ele>
				<time>2022-08-27T17:11:11Z</time>
			</trkpt>
			<trkpt lat="59.93399965186217" lon="30.235689713188577">
				<ele>4.823267029598355</ele>
				<time>2022-08-27T17:11:13Z</time>
			</trkpt>
			<trkpt lat="59.93398418176397" lon="30.23571027720119">
				<ele>5.595392802730203</ele>
				<time>2022-08-27T17:11:14Z</time>
			</trkpt>
			<trkpt lat="59.93398700745667" lon="30.23575983893286">
				<ele>4.324996019713581</ele>
				<time>2022-08-27T17:11:16Z</time>
			</trkpt>
			<trkpt lat="59.933982285092675" lon="30.235811010864186">
				<ele>2.934044220484793</ele>
				<time>2022-08-27T17:11:19Z</time>
			</trkpt>
			<trkpt lat="59.93397416083976" lon="30.2358491010395">
				<ele>3.7511813696473837</ele>
				<time>2022-08-27T17:11:21Z</time>
			</trkpt>
			<trkpt lat="59.9339605613158" lon="30.235908052653336">
				<ele>3.1116522792726755</ele>
				<time>2022-08-27T17:11:23Z</time>
			</trkpt>
			<trkpt lat="59.933969177051374" lon="30.235953169497503">
				<ele>2.588297637179494</ele>
				<time>2022-08-27T17:11:25Z</time>
			</trkpt>
			<trkpt lat="59.93397031763998" lon="30.23599941762161">
				<ele>3.692666028626263</ele>
				<time>2022-08-27T17:11:27Z</time>
			</trkpt>
			<trkpt lat="59.93397248180225" lon="30.23603891064467">
				<ele>3.887241137214005</ele>
				<time>2022-08-27T17:11:28Z</time>
			</trkpt>
			<trkpt lat="59.933972631220925" lon="30.236081354070336">
				<ele>3.4077530140057206</ele>
				<time>2022-08-27T17:11:30Z</time>
			</trkpt>
			<trkpt lat="59.933979082519194" lon="30.236133984175012">
				<ele>2.9864175310358405</ele>
				<time>2022-08-27T17:11:33Z</time>
			</trkpt>
			<trkpt lat="59.933985367268605" lon="30.23617665325115">
				<ele>4.652131105773151</ele>
				<time>2022-08-27T17:11:34Z</time>
			</trkpt>
			<trkpt lat="59.93398472666086" lon="30.23622437000958">
				<ele>2.1656577615067363</ele>
				<time>2022-08-27T17:11:37Z</time>
			</trkpt>
			<trkpt lat="59.933983059924756" lon="30.236284379453274">
				<ele>4.818081524223089</ele>
				<time>2022-08-27T17:11:39Z</time>
			</trkpt>
			<trkpt lat="59.93398845653341" lon="30.23632983797974">
				<ele>3.3219637917354703</ele>
				<time>2022-08-27T17:11:42Z</time>
			</trkpt>
			<trkpt lat="59.93398180255872" lon="30.236386638482898">
				<ele>4.3716161251068115</ele>
				<time>2022-08-27T17:11:44Z</time>
			</trkpt>
			<trkpt lat="59.933981987906066" lon="30.236430664238178">
				<ele>4.545706942677498</ele>
				<time>2022-08-27T17:11:45Z</time>
			</trkpt>
			<trkpt lat="59.93398873116431" lon="30.236489733130053">
				<ele>2.127679094672203</ele>
				<time>2022-08-27T17:11:49Z</time>
			</trkpt>
			<trkpt lat="59.93399080777176" lon="30.23654121135687">
				<ele>2.008991925045848</ele>
				<time>2022-08-27T17:11:51Z</time>
			</trkpt>
			<trkpt lat="59.9339879821797" lon="30.236599723200484">
				<ele>3.8040875596925616</ele>
				<time>2022-08-27T17:11:53Z</time>
			</trkpt>
			<trkpt lat="59.933992502758265" lon="30.236644822070915">
				<ele>0.4848258988931775</ele>
				<time>2022-08-27T17:11:56Z</time>
			</trkpt>
			<trkpt lat="59.93399326054436" lon="30.236694634845865">
				<ele>1.9415675420314074</ele>
				<time>2022-08-27T17:11:58Z</time>
			</trkpt>
			<trkpt lat="59.933997380914505" lon="30.236750272019343">
				<ele>2.721886061131954</ele>
				<time>2022-08-27T17:12:00Z</time>
			</trkpt>
			<trkpt lat="59.93399356144837" lon="30.236819764627725">
				<ele>4.746396596543491</ele>
				<time>2022-08-27T17:12:03Z</time>
			</trkpt>
			<trkpt lat="59.934004297944114" lon="30.236870589362887">
				<ele>2.7265598410740495</ele>
				<time>2022-08-27T17:12:07Z</time>
			</trkpt>
			<trkpt lat="59.93400134565864" lon="30.236937247344194">
				<ele>1.9414661722257733</ele>
				<time>2022-08-27T17:12:09Z</time>
			</trkpt>
			<trkpt lat="59.93400073726217" lon="30.23697838257213">
				<ele>3.504002181813121</ele>
				<time>2022-08-27T17:12:11Z</time>
			</trkpt>
			<trkpt lat="59.93402376791179" lon="30.237013136916158">
				<ele>0.32407505065202713</ele>
				<time>2022-08-27T17:12:15Z</time>
			</trkpt>
			<trkpt lat="59.93402350601441" lon="30.237060144286264">
				<ele>1.9545038053765893</ele>
				<time>2022-08-27T17:12:16Z</time>
			</trkpt>
			<trkpt lat="59.93402216309271" lon="30.237109578668612">
				<ele>1.4143165862187743</ele>
				<time>2022-08-27T17:12:18Z</time>
			</trkpt>
			<trkpt lat="59.93401386980329" lon="30.237173184234948">
				<ele>3.815746563486755</ele>
				<time>2022-08-27T17:12:20Z</time>
			</trkpt>
			<trkpt lat="59.934003648013565" lon="30.23720772237206">
				<ele>0.34029267728328705</ele>
				<time>2022-08-27T17:12:22Z</time>
			</trkpt>
			<trkpt lat="59.933995658838974" lon="30.2372751655347">
				<ele>1.8793885679915547</ele>
				<time>2022-08-27T17:12:24Z</time>
			</trkpt>
			<trkpt lat="59.93401051858695" lon="30.2373193378681">
				<ele>3.3509848434478045</ele>
				<time>2022-08-27T17:12:26Z</time>
			</trkpt>
			<trkpt lat="59.934019989007346" lon="30.237366269917743">
				<ele>3.237375305965543</ele>
				<time>2022-08-27T17:12:28Z</time>
			</trkpt>
			<trkpt lat="59.93400544821772" lon="30.237397826656213">
				<ele>2.327631867490709</ele>
				<time>2022-08-27T17:12:30Z</time>
			</trkpt>
			<trkpt lat="59.93402296991589" lon="30.237360030797554">
				<ele>0.8344558272510767</ele>
				<time>2022-08-27T17:12:34Z</time>
			</trkpt>
			<trkpt lat="59.9340538527036" lon="30.23731170814034">
				<ele>3.239524718374014</ele>
				<time>2022-08-27T17:12:36Z</time>
			</trkpt>
			<trkpt lat="59.93406570338355" lon="30.23726802480189">
				<ele>4.126139186322689</ele>
				<time>2022-08-27T17:12:37Z</time>
			</trkpt>
			<trkpt lat="59.93407591218814" lon="30.237231621135436">
				<ele>3.0589073868468404</ele>
				<time>2022-08-27T17:12:38Z</time>
			</trkpt>
			<trkpt lat="59.93408645738357" lon="30.237194870433992">
				<ele>0.008286344818770885</ele>
				<time>2022-08-27T17:12:41Z</time>
			</trkpt>
			<trkpt lat="59.934104036498766" lon="30.23721526278983">
				<ele>0.6195759940892458</ele>
				<time>2022-08-27T17:12:42Z</time>
			</trkpt>
			<trkpt lat="59.934118607954005" lon="30.23719328431485">
				<ele>1.5053760251030326</ele>
				<time>2022-08-27T17:12:44Z</time>
			</trkpt>
			<trkpt lat="59.93414588161046" lon="30.237248095752733">
				<ele>0.848190943710506</ele>
				<time>2022-08-27T17:12:46Z</time>
			</trkpt>
			<trkpt lat="59.93414606718598" lon="30.23731545326541">
				<ele>-1.8023455748334527</ele>
				<time>2022-08-27T17:12:47Z</time>
			</trkpt>
			<trkpt lat="59.93419151793265" lon="30.23734700279614">
				<ele>1.7072931826114655</ele>
				<time>2022-08-27T17:12:49Z</time>
			</trkpt>
			<trkpt lat="59.93419693206146" lon="30.237404395995892">
				<ele>1.5362505530938506</ele>
				<time>2022-08-27T17:12:52Z</time>
			</trkpt>
			<trkpt lat="59.93422542837936" lon="30.237386603894915">
				<ele>5.317674803547561</ele>
				<time>2022-08-27T17:12:53Z</time>
			</trkpt>
			<trkpt lat="59.934243733204994" lon="30.237384716108295">
				<ele>6.840683773159981</ele>
				<time>2022-08-27T17:12:54Z</time>
			</trkpt>
			<trkpt lat="59.934269524549045" lon="30.237403386818468">
				<ele>7.971401823684573</ele>
				<time>2022-08-27T17:12:56Z</time>
			</trkpt>
			<trkpt lat="59.93426223588531" lon="30.23736682508991">
				<ele>5.2129258662462234</ele>
				<time>2022-08-27T17:12:58Z</time>
			</trkpt>
			<trkpt lat="59.93428346047393" lon="30.237358325197697">
				<ele>7.636674270965159</ele>
				<time>2022-08-27T17:13:00Z</time>
			</trkpt>
			<trkpt lat="59.934256744344346" lon="30.23733515651754">
				<ele>2.780705670826137</ele>
				<time>2022-08-27T17:13:14Z</time>
			</trkpt>
			<trkpt lat="59.93425508975308" lon="30.237266671892215">
				<ele>3.871295220218599</ele>
				<time>2022-08-27T17:13:21Z</time>
			</trkpt>
			<trkpt lat="59.93423721491977" lon="30.23725871289818">
				<ele>1.830927636474371</ele>
				<time>2022-08-27T17:13:26Z</time>
			</trkpt>
			<trkpt lat="59.93425821298299" lon="30.237269373062563">
				<ele>4.767881527543068</ele>
				<time>2022-08-27T17:13:33Z</time>
			</trkpt>
			<trkpt lat="59.93427842227663" lon="30.237312811152194">
				<ele>5.448644897900522</ele>
				<time>2022-08-27T17:13:36Z</time>
			</trkpt>
			<trkpt lat="59.93431547894917" lon="30.237337618757774">
				<ele>6.256122286431491</ele>
				<time>2022-08-27T17:13:37Z</time>
			</trkpt>
			<trkpt lat="59.93433826693893" lon="30.237349967203286">
				<ele>6.529513550922275</ele>
				<time>2022-08-27T17:13:39Z</time>
			</trkpt>
			<trkpt lat="59.934371300668566" lon="30.237348570582004">
				<ele>6.838899476453662</ele>
				<time>2022-08-27T17:13:43Z</time>
			</trkpt>
			<trkpt lat="59.93439050351671" lon="30.237358735744262">
				<ele>6.887326928786933</ele>
				<time>2022-08-27T17:13:45Z</time>
			</trkpt>
			<trkpt lat="59.93441134713097" lon="30.23734652099823">
				<ele>8.087570059113204</ele>
				<time>2022-08-27T17:13:48Z</time>
			</trkpt>
			<trkpt lat="59.93443333241325" lon="30.23734179010795">
				<ele>8.080728908069432</ele>
				<time>2022-08-27T17:13:50Z</time>
			</trkpt>
			<trkpt lat="59.93445275055029" lon="30.237333463816597">
				<ele>9.339720761403441</ele>
				<time>2022-08-27T17:13:52Z</time>
			</trkpt>
			<trkpt lat="59.93447699844647" lon="30.23735351065995">
				<ele>9.599191018380225</ele>
				<time>2022-08-27T17:13:53Z</time>
			</trkpt>
			<trkpt lat="59.93449874773207" lon="30.237367522023185">
				<ele>8.31924627814442</ele>
				<time>2022-08-27T17:13:54Z</time>
			</trkpt>
			<trkpt lat="59.93453002625083" lon="30.23734494811872">
				<ele>9.631807859055698</ele>
				<time>2022-08-27T17:13:57Z</time>
			</trkpt>
			<trkpt lat="59.93454882384239" lon="30.237323392106493">
				<ele>9.889675713144243</ele>
				<time>2022-08-27T17:13:59Z</time>
			</trkpt>
			<trkpt lat="59.93454778211841" lon="30.23727949239207">
				<ele>7.353821485303342</ele>
				<time>2022-08-27T17:14:00Z</time>
			</trkpt>
			<trkpt lat="59.93456863796958" lon="30.23723691029209">
				<ele>9.494396392256021</ele>
				<time>2022-08-27T17:14:02Z</time>
			</trkpt>
			<trkpt lat="59.93455841577967" lon="30.237279050642986">
				<ele>8.804220410995185</ele>
				<time>2022-08-27T17:14:03Z</time>
			</trkpt>
			<trkpt lat="59.93458272410227" lon="30.2373234161197">
				<ele>11.348980850540102</ele>
				<time>2022-08-27T17:14:05Z</time>
			</trkpt>
			<trkpt lat="59.93460220694507" lon="30.237335612416853">
				<ele>12.165888637304306</ele>
				<time>2022-08-27T17:14:06Z</time>
			</trkpt>
			<trkpt lat="59.93461958311162" lon="30.23735015223064">
				<ele>10.471323524601758</ele>
				<time>2022-08-27T17:14:07Z</time>
			</trkpt>
			<trkpt lat="59.93464178881142" lon="30.23735135951643">
				<ele>9.092734741978347</ele>
				<time>2022-08-27T17:14:10Z</time>
			</trkpt>
			<trkpt lat="59.93466552314146" lon="30.237320131396412">
				<ele>8.682880100794137</ele>
				<time>2022-08-27T17:14:12Z</time>
			</trkpt>
			<trkpt lat="59.934665643564706" lon="30.237239828413518">
				<ele>5.956985702738166</ele>
				<time>2022-08-27T17:14:14Z</time>
			</trkpt>
			<trkpt lat="59.93466233626312" lon="30.237199096933857">
				<ele>5.308866913430393</ele>
				<time>2022-08-27T17:14:15Z</time>
			</trkpt>
			<trkpt lat="59.934667564558616" lon="30.2371479112109">
				<ele>4.105329889804125</ele>
				<time>2022-08-27T17:14:17Z</time>
			</trkpt>
			<trkpt lat="59.93468829851301" lon="30.23714090768491">
				<ele>3.001080677844584</ele>
				<time>2022-08-27T17:14:19Z</time>
			</trkpt>
			<trkpt lat="59.934712046759806" lon="30.237119395591225">
				<ele>3.402717063203454</ele>
				<time>2022-08-27T17:14:22Z</time>
			</trkpt>
			<trkpt lat="59.93472635899171" lon="30.237088841272115">
				<ele>2.6639543287456036</ele>
				<time>2022-08-27T17:14:24Z</time>
			</trkpt>
			<trkpt lat="59.93474003511639" lon="30.23706286118806">
				<ele>2.703331556171179</ele>
				<time>2022-08-27T17:14:26Z</time>
			</trkpt>
			<trkpt lat="59.93475475151055" lon="30.237039151812766">
				<ele>2.6496620988473296</ele>
				<time>2022-08-27T17:14:29Z</time>
			</trkpt>
			<trkpt lat="59.93477524462786" lon="30.237020960746175">
				<ele>1.7993410425260663</ele>
				<time>2022-08-27T17:14:31Z</time>
			</trkpt>
			<trkpt lat="59.93479077334772" lon="30.236990557496615">
				<ele>-0.8017777260392904</ele>
				<time>2022-08-27T17:14:34Z</time>
			</trkpt>
			<trkpt lat="59.934812115667484" lon="30.23696414629352">
				<ele>-1.5490114595741034</ele>
				<time>2022-08-27T17:14:37Z</time>
			</trkpt>
			<trkpt lat="59.93484266402682" lon="30.236986676868185">
				<ele>-1.0782639728859067</ele>
				<time>2022-08-27T17:14:39Z</time>
			</trkpt>
			<trkpt lat="59.934867212991705" lon="30.23699339737158">
				<ele>-0.47181278839707375</ele>
				<time>2022-08-27T17:14:40Z</time>
			</trkpt>
			<trkpt lat="59.93489640768333" lon="30.23699518858927">
				<ele>-4.324572442099452</ele>
				<time>2022-08-27T17:14:41Z</time>
			</trkpt>
			<trkpt lat="59.93491577616131" lon="30.2370321831189">
				<ele>-0.5373944956809282</ele>
				<time>2022-08-27T17:14:43Z</time>
			</trkpt>
			<trkpt lat="59.93492713258448" lon="30.23706316358851">
				<ele>-1.737057190388441</ele>
				<time>2022-08-27T17:14:45Z</time>
			</trkpt>
			<trkpt lat="59.93492129112136" lon="30.23701631061931">
				<ele>3.1851177448406816</ele>
				<time>2022-08-27T17:14:47Z</time>
			</trkpt>
			<trkpt lat="59.934946067416426" lon="30.23702541400209">
				<ele>4.631136492826045</ele>
				<time>2022-08-27T17:14:49Z</time>
			</trkpt>
			<trkpt lat="59.93498661632885" lon="30.23702962299586">
				<ele>4.476289143785834</ele>
				<time>2022-08-27T17:14:51Z</time>
			</trkpt>
			<trkpt lat="59.93501890290599" lon="30.237052729246425">
				<ele>6.127334823831916</ele>
				<time>2022-08-27T17:14:53Z</time>
			</trkpt>
			<trkpt lat="59.93503475618863" lon="30.237030363502146">
				<ele>1.0468889586627483</ele>
				<time>2022-08-27T17:14:55Z</time>
			</trkpt>
			<trkpt lat="59.93505344287073" lon="30.237021277214556">
				<ele>3.3646054193377495</ele>
				<time>2022-08-27T17:14:57Z</time>
			</trkpt>
			<trkpt lat="59.93508266125503" lon="30.236999810761567">
				<ele>1.8855920797213912</ele>
				<time>2022-08-27T17:14:59Z</time>
			</trkpt>
			<trkpt lat="59.93509398914118" lon="30.236971307583303">
				<ele>1.7946501849219203</ele>
				<time>2022-08-27T17:15:00Z</time>
			</trkpt>
			<trkpt lat="59.935120366180165" lon="30.23696279778828">
				<ele>-0.659931106492877</ele>
				<time>2022-08-27T17:15:02Z</time>
			</trkpt>
			<trkpt lat="59.935144679280434" lon="30.236966068061168">
				<ele>-0.3276617182418704</ele>
				<time>2022-08-27T17:15:04Z</time>
			</trkpt>
			<trkpt lat="59.93516519975074" lon="30.23693721645321">
				<ele>2.4179861936718225</ele>
				<time>2022-08-27T17:15:06Z</time>
			</trkpt>
			<trkpt lat="59.93518752881706" lon="30.236947170147072">
				<ele>-2.8701463462784886</ele>
				<time>2022-08-27T17:15:09Z</time>
			</trkpt>
			<trkpt lat="59.9352150632982" lon="30.236962805603262">
				<ele>0.3082515588030219</ele>
				<time>2022-08-27T17:15:11Z</time>
			</trkpt>
			<trkpt lat="59.93523556687474" lon="30.236985985965514">
				<ele>-0.5296946363523602</ele>
				<time>2022-08-27T17:15:13Z</time>
			</trkpt>
			<trkpt lat="59.93526576912083" lon="30.236961221674388">
				<ele>0.7642783941701055</ele>
				<time>2022-08-27T17:15:15Z</time>
			</trkpt>
			<trkpt lat="59.93529805686519" lon="30.23695469334706">
				<ele>-2.981579747982323</ele>
				<time>2022-08-27T17:15:19Z</time>
			</trkpt>
			<trkpt lat="59.93532147546794" lon="30.236949480188027">
				<ele>0.17499712202697992</ele>
				<time>2022-08-27T17:15:21Z</time>
			</trkpt>
			<trkpt lat="59.935339938819176" lon="30.236930468468607">
				<ele>-1.135996519587934</ele>
				<time>2022-08-27T17:15:24Z</time>
			</trkpt>
			<trkpt lat="59.93535779053128" lon="30.236863493517685">
				<ele>0.1290993792936206</ele>
				<time>2022-08-27T17:15:26Z</time>
			</trkpt>
			<trkpt lat="59.935372228938306" lon="30.2368226133073">
				<ele>1.8285512933507562</ele>
				<time>2022-08-27T17:15:28Z</time>
			</trkpt>
			<trkpt lat="59.93539480728838" lon="30.236816014531925">
				<ele>-0.7081656903028488</ele>
				<time>2022-08-27T17:15:30Z</time>
			</trkpt>
			<trkpt lat="59.93542533004797" lon="30.236814400550912">
				<ele>-0.26196933817118406</ele>
				<time>2022-08-27T17:15:32Z</time>
			</trkpt>
			<trkpt lat="59.93545247633281" lon="30.23681768494077">
				<ele>0.6875285068526864</ele>
				<time>2022-08-27T17:15:34Z</time>
			</trkpt>
			<trkpt lat="59.93546765337617" lon="30.236786685182498">
				<ele>2.41160642914474</ele>
				<time>2022-08-27T17:15:36Z</time>
			</trkpt>
			<trkpt lat="59.93547606344709" lon="30.236747906790193">
				<ele>-0.5178156830370426</ele>
				<time>2022-08-27T17:15:39Z</time>
			</trkpt>
			<trkpt lat="59.935493583071235" lon="30.23673465208168">
				<ele>0.8377841776236892</ele>
				<time>2022-08-27T17:15:40Z</time>
			</trkpt>
			<trkpt lat="59.93551921562584" lon="30.23672002743462">
				<ele>0.4354577260091901</ele>
				<time>2022-08-27T17:15:42Z</time>
			</trkpt>
			<trkpt lat="59.93552751862226" lon="30.236687842778295">
				<ele>0.8806402878835797</ele>
				<time>2022-08-27T17:15:43Z</time>
			</trkpt>
			<trkpt lat="59.93555440436532" lon="30.23669393525665">
				<ele>3.250574358738959</ele>
				<time>2022-08-27T17:15:45Z</time>
			</trkpt>
			<trkpt lat="59.93557705654763" lon="30.23667825057152">
				<ele>4.121728766709566</ele>
				<time>2022-08-27T17:15:47Z</time>
			</trkpt>
			<trkpt lat="59.93560082873969" lon="30.236674017969918">
				<ele>3.2292000241577625</ele>
				<time>2022-08-27T17:15:50Z</time>
			</trkpt>
			<trkpt lat="59.93561820821805" lon="30.236697540096383">
				<ele>6.046802858822048</ele>
				<time>2022-08-27T17:15:51Z</time>
			</trkpt>
			<trkpt lat="59.9356332212292" lon="30.236665842653665">
				<ele>1.3961903303861618</ele>
				<time>2022-08-27T17:15:53Z</time>
			</trkpt>
			<trkpt lat="59.93565077305348" lon="30.23662529860451">
				<ele>2.023063317872584</ele>
				<time>2022-08-27T17:15:56Z</time>
			</trkpt>
			<trkpt lat="59.93565063799062" lon="30.236556065636016">
				<ele>1.3454692149534822</ele>
				<time>2022-08-27T17:15:58Z</time>
			</trkpt>
			<trkpt lat="59.935626005893894" lon="30.236507351459277">
				<ele>1.9191623982042074</ele>
				<time>2022-08-27T17:15:59Z</time>
			</trkpt>
			<trkpt lat="59.93564837250625" lon="30.23646372540988">
				<ele>-1.9564912803471088</ele>
				<time>2022-08-27T17:16:02Z</time>
			</trkpt>
			<trkpt lat="59.93566737516573" lon="30.236457450970924">
				<ele>-1.7703667804598808</ele>
				<time>2022-08-27T17:16:03Z</time>
			</trkpt>
			<trkpt lat="59.935694362362675" lon="30.236402942265702">
				<ele>-0.28806199971586466</ele>
				<time>2022-08-27T17:16:05Z</time>
			</trkpt>
			<trkpt lat="59.935708430819474" lon="30.236374066050193">
				<ele>-0.11534922197461128</ele>
				<time>2022-08-27T17:16:06Z</time>
			</trkpt>
			<trkpt lat="59.93573568814078" lon="30.23635410987685">
				<ele>-0.5686739040538669</ele>
				<time>2022-08-27T17:16:08Z</time>
			</trkpt>
			<trkpt lat="59.9357587294404" lon="30.23635660887046">
				<ele>1.082123133353889</ele>
				<time>2022-08-27T17:16:11Z</time>
			</trkpt>
			<trkpt lat="59.935786553779664" lon="30.23635784725231">
				<ele>2.495613210834563</ele>
				<time>2022-08-27T17:16:13Z</time>
			</trkpt>
			<trkpt lat="59.93581667791" lon="30.23632633467193">
				<ele>2.776714592240751</ele>
				<time>2022-08-27T17:16:15Z</time>
			</trkpt>
			<trkpt lat="59.93583243056183" lon="30.23634613641967">
				<ele>4.851653742603958</ele>
				<time>2022-08-27T17:16:17Z</time>
			</trkpt>
			<trkpt lat="59.93584370103696" lon="30.236317882424192">
				<ele>3.557102764956653</ele>
				<time>2022-08-27T17:16:18Z</time>
			</trkpt>
			<trkpt lat="59.93586480481146" lon="30.23629976910295">
				<ele>4.684651583433151</ele>
				<time>2022-08-27T17:16:20Z</time>
			</trkpt>
			<trkpt lat="59.935884693758624" lon="30.236271293775967">
				<ele>5.836171317845583</ele>
				<time>2022-08-27T17:16:22Z</time>
			</trkpt>
			<trkpt lat="59.935907526856525" lon="30.23627110699233">
				<ele>6.061937326565385</ele>
				<time>2022-08-27T17:16:24Z</time>
			</trkpt>
			<trkpt lat="59.93592470532558" lon="30.236256363099262">
				<ele>2.6039406536147</ele>
				<time>2022-08-27T17:16:26Z</time>
			</trkpt>
			<trkpt lat="59.93594673951176" lon="30.236213154202694">
				<ele>4.895459292456508</ele>
				<time>2022-08-27T17:16:28Z</time>
			</trkpt>
			<trkpt lat="59.93597299096277" lon="30.236215904975474">
				<ele>8.549857790581882</ele>
				<time>2022-08-27T17:16:30Z</time>
			</trkpt>
			<trkpt lat="59.935997728608896" lon="30.2362421999338">
				<ele>9.247579986229539</ele>
				<time>2022-08-27T17:16:33Z</time>
			</trkpt>
			<trkpt lat="59.936017018094724" lon="30.236215953655407">
				<ele>10.755706914700568</ele>
				<time>2022-08-27T17:16:35Z</time>
			</trkpt>
			<trkpt lat="59.936043629564196" lon="30.236220978229387">
				<ele>10.912771782837808</ele>
				<time>2022-08-27T17:16:38Z</time>
			</trkpt>
			<trkpt lat="59.936061597146555" lon="30.23628747508747">
				<ele>9.651989044621587</ele>
				<time>2022-08-27T17:16:39Z</time>
			</trkpt>
			<trkpt lat="59.936067739318375" lon="30.23625248526964">
				<ele>9.30867812037468</ele>
				<time>2022-08-27T17:16:40Z</time>
			</trkpt>
			<trkpt lat="59.93608685627048" lon="30.236230743584144">
				<ele>10.598475372418761</ele>
				<time>2022-08-27T17:16:42Z</time>
			</trkpt>
			<trkpt lat="59.93611829499934" lon="30.236228647737317">
				<ele>11.4504762776196</ele>
				<time>2022-08-27T17:16:44Z</time>
			</trkpt>
			<trkpt lat="59.93613570579288" lon="30.236248439796487">
				<ele>11.316919528879225</ele>
				<time>2022-08-27T17:16:45Z</time>
			</trkpt>
			<trkpt lat="59.936163057763764" lon="30.23629723436983">
				<ele>10.75555753428489</ele>
				<time>2022-08-27T17:16:47Z</time>
			</trkpt>
			<trkpt lat="59.93617926792166" lon="30.23627766950447">
				<ele>12.003109722398221</ele>
				<time>2022-08-27T17:16:52Z</time>
			</trkpt>
			<trkpt lat="59.93619926056587" lon="30.236297341957556">
				<ele>12.606065082363784</ele>
				<time>2022-08-27T17:16:53Z</time>
			</trkpt>
			<trkpt lat="59.93621474164441" lon="30.236317797495733">
				<ele>16.789657671935856</ele>
				<time>2022-08-27T17:16:54Z</time>
			</trkpt>
			<trkpt lat="59.93624964416984" lon="30.236392071201955">
				<ele>18.83214490301907</ele>
				<time>2022-08-27T17:16:55Z</time>
			</trkpt>
			<trkpt lat="59.936223706861" lon="30.236359204523357">
				<ele>14.607668017037213</ele>
				<time>2022-08-27T17:16:57Z</time>
			</trkpt>
			<trkpt lat="59.936228420190005" lon="30.236394599891636">
				<ele>13.103446001186967</ele>
				<time>2022-08-27T17:16:58Z</time>
			</trkpt>
			<trkpt lat="59.936259546828644" lon="30.236356416302726">
				<ele>15.012064596638083</ele>
				<time>2022-08-27T17:16:59Z</time>
			</trkpt>
			<trkpt lat="59.93627882028528" lon="30.23636006404294">
				<ele>15.229962902143598</ele>
				<time>2022-08-27T17:17:01Z</time>
			</trkpt>
			<trkpt lat="59.93629928454431" lon="30.23627193603175">
				<ele>18.012761208228767</ele>
				<time>2022-08-27T17:17:02Z</time>
			</trkpt>
			<trkpt lat="59.93632531550387" lon="30.23625097391898">
				<ele>19.908497331663966</ele>
				<time>2022-08-27T17:17:04Z</time>
			</trkpt>
			<trkpt lat="59.936343653813054" lon="30.236259638765212">
				<ele>20.10974489338696</ele>
				<time>2022-08-27T17:17:06Z</time>
			</trkpt>
			<trkpt lat="59.936364256870995" lon="30.236297803439196">
				<ele>20.44504312891513</ele>
				<time>2022-08-27T17:17:07Z</time>
			</trkpt>
			<trkpt lat="59.9363878191096" lon="30.236295692958524">
				<ele>17.75554725714028</ele>
				<time>2022-08-27T17:17:09Z</time>
			</trkpt>
			<trkpt lat="59.936420720907826" lon="30.23626037940751">
				<ele>20.000330852344632</ele>
				<time>2022-08-27T17:17:11Z</time>
			</trkpt>
			<trkpt lat="59.936440452136004" lon="30.23629648430479">
				<ele>18.528483257628977</ele>
				<time>2022-08-27T17:17:12Z</time>
			</trkpt>
			<trkpt lat="59.93644067917058" lon="30.236245954574635">
				<ele>18.3623568424955</ele>
				<time>2022-08-27T17:17:14Z</time>
			</trkpt>
			<trkpt lat="59.93642862487659" lon="30.23629604545898">
				<ele>18.395064583979547</ele>
				<time>2022-08-27T17:17:15Z</time>
			</trkpt>
			<trkpt lat="59.93640416883639" lon="30.23629144267859">
				<ele>16.95099371485412</ele>
				<time>2022-08-27T17:17:16Z</time>
			</trkpt>
			<trkpt lat="59.93634126910533" lon="30.23629052795211">
				<ele>14.768962867558002</ele>
				<time>2022-08-27T17:17:18Z</time>
			</trkpt>
			<trkpt lat="59.93631533800346" lon="30.236272600817937">
				<ele>19.45597489271313</ele>
				<time>2022-08-27T17:17:19Z</time>
			</trkpt>
			<trkpt lat="59.936293355394426" lon="30.236294854020308">
				<ele>17.626869932748377</ele>
				<time>2022-08-27T17:17:20Z</time>
			</trkpt>
			<trkpt lat="59.936286509955366" lon="30.236259064940654">
				<ele>16.96755723655224</ele>
				<time>2022-08-27T17:17:21Z</time>
			</trkpt>
			<trkpt lat="59.93629830173452" lon="30.236201987974454">
				<ele>16.133994271978736</ele>
				<time>2022-08-27T17:17:23Z</time>
			</trkpt>
			<trkpt lat="59.93629830173452" lon="30.236201987974454">
				<ele>16.133994271978736</ele>
				<time>2022-08-27T17:17:25Z</time>
			</trkpt>
			<trkpt lat="59.936266783171305" lon="30.23612686863052">
				<ele>15.107040153816342</ele>
				<time>2022-08-27T17:17:27Z</time>
			</trkpt>
			<trkpt lat="59.93627201254235" lon="30.236062243752873">
				<ele>15.26141687296331</ele>
				<time>2022-08-27T17:17:29Z</time>
			</trkpt>
			<trkpt lat="59.936292341269656" lon="30.236064408497956">
				<ele>13.11042722593993</ele>
				<time>2022-08-27T17:17:31Z</time>
			</trkpt>
			<trkpt lat="59.93632124718563" lon="30.236103461804156">
				<ele>12.396190687082708</ele>
				<time>2022-08-27T17:17:33Z</time>
			</trkpt>
			<trkpt lat="59.9363560602706" lon="30.23617274775675">
				<ele>14.76464569196105</ele>
				<time>2022-08-27T17:17:35Z</time>
			</trkpt>
			<trkpt lat="59.93638151332653" lon="30.236197861603717">
				<ele>16.280323528684676</ele>
				<time>2022-08-27T17:17:36Z</time>
			</trkpt>
			<trkpt lat="59.936399117383395" lon="30.23610675863258">
				<ele>17.086141675710678</ele>
				<time>2022-08-27T17:17:37Z</time>
			</trkpt>
			<trkpt lat="59.936427172381606" lon="30.236093639191836">
				<ele>19.6472239876166</ele>
				<time>2022-08-27T17:17:38Z</time>
			</trkpt>
			<trkpt lat="59.93644230639369" lon="30.23606529136825">
				<ele>16.44793308712542</ele>
				<time>2022-08-27T17:17:40Z</time>
			</trkpt>
			<trkpt lat="59.93646262236411" lon="30.23601780711969">
				<ele>13.450213224627078</ele>
				<time>2022-08-27T17:17:42Z</time>
			</trkpt>
			<trkpt lat="59.93649561766916" lon="30.236076979228006">
				<ele>14.610465471632779</ele>
				<time>2022-08-27T17:17:44Z</time>
			</trkpt>
			<trkpt lat="59.93653733267744" lon="30.23605665684892">
				<ele>18.097639768384397</ele>
				<time>2022-08-27T17:17:46Z</time>
			</trkpt>
			<trkpt lat="59.9365301108338" lon="30.236099587653783">
				<ele>16.510381740517914</ele>
				<time>2022-08-27T17:17:47Z</time>
			</trkpt>
			<trkpt lat="59.93655540411975" lon="30.23614903126474">
				<ele>18.641007031314075</ele>
				<time>2022-08-27T17:17:48Z</time>
			</trkpt>
			<trkpt lat="59.936581761088576" lon="30.236173568649257">
				<ele>17.746305340901017</ele>
				<time>2022-08-27T17:17:50Z</time>
			</trkpt>
			<trkpt lat="59.93656993111065" lon="30.236134217543604">
				<ele>19.89477613195777</ele>
				<time>2022-08-27T17:17:52Z</time>
			</trkpt>
			<trkpt lat="59.93659846760717" lon="30.236155105344743">
				<ele>18.309906834736466</ele>
				<time>2022-08-27T17:17:56Z</time>
			</trkpt>
			<trkpt lat="59.936621003823916" lon="30.236137140481">
				<ele>18.648487127386034</ele>
				<time>2022-08-27T17:17:58Z</time>
			</trkpt>
			<trkpt lat="59.93662101901393" lon="30.23609731126816">
				<ele>9.177054802887142</ele>
				<time>2022-08-27T17:18:03Z</time>
			</trkpt>
			<trkpt lat="59.936639980965154" lon="30.236109219580925">
				<ele>11.185999054461718</ele>
				<time>2022-08-27T17:18:05Z</time>
			</trkpt>
			<trkpt lat="59.936666822754276" lon="30.236083540793782">
				<ele>8.74539181869477</ele>
				<time>2022-08-27T17:18:08Z</time>
			</trkpt>
			<trkpt lat="59.936690039078066" lon="30.236075765144147">
				<ele>8.09054894093424</ele>
				<time>2022-08-27T17:18:10Z</time>
			</trkpt>
			<trkpt lat="59.936716260976425" lon="30.236071581447042">
				<ele>10.352694141678512</ele>
				<time>2022-08-27T17:18:12Z</time>
			</trkpt>
			<trkpt lat="59.936743373202184" lon="30.236072983922202">
				<ele>5.254270477220416</ele>
				<time>2022-08-27T17:18:16Z</time>
			</trkpt>
			<trkpt lat="59.93676461501361" lon="30.236077602695367">
				<ele>7.538167899474502</ele>
				<time>2022-08-27T17:18:18Z</time>
			</trkpt>
			<trkpt lat="59.93680766204943" lon="30.236042396866395">
				<ele>4.238351424224675</ele>
				<time>2022-08-27T17:18:22Z</time>
			</trkpt>
			<trkpt lat="59.93683273685116" lon="30.236028306852926">
				<ele>3.45009396225214</ele>
				<time>2022-08-27T17:18:24Z</time>
			</trkpt>
			<trkpt lat="59.93681629111015" lon="30.23600849945635">
				<ele>3.491165175102651</ele>
				<time>2022-08-27T17:18:25Z</time>
			</trkpt>
			<trkpt lat="59.93683452319871" lon="30.236012503520197">
				<ele>3.483472876250744</ele>
				<time>2022-08-27T17:18:26Z</time>
			</trkpt>
			<trkpt lat="59.93685340187185" lon="30.236020220981615">
				<ele>6.357068502344191</ele>
				<time>2022-08-27T17:18:27Z</time>
			</trkpt>
			<trkpt lat="59.93688537664683" lon="30.236001597285547">
				<ele>4.210922252386808</ele>
				<time>2022-08-27T17:18:30Z</time>
			</trkpt>
			<trkpt lat="59.936914706010825" lon="30.23599007305764">
				<ele>5.801294166594744</ele>
				<time>2022-08-27T17:18:31Z</time>
			</trkpt>
			<trkpt lat="59.93693650537698" lon="30.23595997767002">
				<ele>4.51620361302048</ele>
				<time>2022-08-27T17:18:33Z</time>
			</trkpt>
			<trkpt lat="59.93695473460834" lon="30.235887630727554">
				<ele>5.899844914674759</ele>
				<time>2022-08-27T17:18:35Z</time>
			</trkpt>
			<trkpt lat="59.93696888548857" lon="30.235854798618885">
				<ele>0.6583640817552805</ele>
				<time>2022-08-27T17:18:39Z</time>
			</trkpt>
			<trkpt lat="59.93698504433463" lon="30.235832320992383">
				<ele>1.787663214839995</ele>
				<time>2022-08-27T17:18:40Z</time>
			</trkpt>
			<trkpt lat="59.93701176637123" lon="30.235837173103345">
				<ele>1.537618308328092</ele>
				<time>2022-08-27T17:18:42Z</time>
			</trkpt>
			<trkpt lat="59.93704194418393" lon="30.235837928485008">
				<ele>3.1517660692334175</ele>
				<time>2022-08-27T17:18:44Z</time>
			</trkpt>
			<trkpt lat="59.937062249925226" lon="30.235835276383977">
				<ele>-0.41483373939991</ele>
				<time>2022-08-27T17:18:48Z</time>
			</trkpt>
			<trkpt lat="59.93709142553076" lon="30.23584106085933">
				<ele>1.6358345411717892</ele>
				<time>2022-08-27T17:18:50Z</time>
			</trkpt>
			<trkpt lat="59.937119610221814" lon="30.235820066528877">
				<ele>0.7885793335735798</ele>
				<time>2022-08-27T17:18:52Z</time>
			</trkpt>
			<trkpt lat="59.93715155634565" lon="30.235797871407154">
				<ele>2.2389145269989967</ele>
				<time>2022-08-27T17:18:54Z</time>
			</trkpt>
			<trkpt lat="59.937174449386816" lon="30.235806662668487">
				<ele>0.08208551723510027</ele>
				<time>2022-08-27T17:18:57Z</time>
			</trkpt>
			<trkpt lat="59.937194622107235" lon="30.23580319568425">
				<ele>2.350764764472842</ele>
				<time>2022-08-27T17:19:00Z</time>
			</trkpt>
			<trkpt lat="59.93722246116266" lon="30.235803939559773">
				<ele>5.134292523376644</ele>
				<time>2022-08-27T17:19:03Z</time>
			</trkpt>
			<trkpt lat="59.93724676158048" lon="30.235807245018993">
				<ele>-1.4031212506815791</ele>
				<time>2022-08-27T17:19:05Z</time>
			</trkpt>
			<trkpt lat="59.937268741349726" lon="30.235815865547863">
				<ele>-0.03617015015333891</ele>
				<time>2022-08-27T17:19:07Z</time>
			</trkpt>
			<trkpt lat="59.93729447829306" lon="30.23581357474831">
				<ele>0.07128566410392523</ele>
				<time>2022-08-27T17:19:09Z</time>
			</trkpt>
			<trkpt lat="59.937318558016784" lon="30.23580597955301">
				<ele>3.946591424755752</ele>
				<time>2022-08-27T17:19:11Z</time>
			</trkpt>
			<trkpt lat="59.93733515271265" lon="30.235787022486416">
				<ele>7.706052959896624</ele>
				<time>2022-08-27T17:19:15Z</time>
			</trkpt>
			<trkpt lat="59.93736704016554" lon="30.23573770730924">
				<ele>7.889538124203682</ele>
				<time>2022-08-27T17:19:16Z</time>
			</trkpt>
			<trkpt lat="59.937382042206295" lon="30.235713970160297">
				<ele>8.221106776036322</ele>
				<time>2022-08-27T17:19:17Z</time>
			</trkpt>
			<trkpt lat="59.93741286485388" lon="30.235748664066982">
				<ele>6.167885201983154</ele>
				<time>2022-08-27T17:19:18Z</time>
			</trkpt>
			<trkpt lat="59.93741036625535" lon="30.235705931068686">
				<ele>6.071283543482423</ele>
				<time>2022-08-27T17:19:19Z</time>
			</trkpt>
			<trkpt lat="59.93742645833238" lon="30.23576590709742">
				<ele>8.84757658932358</ele>
				<time>2022-08-27T17:19:20Z</time>
			</trkpt>
			<trkpt lat="59.93742582500312" lon="30.235844171370417">
				<ele>10.60328770428896</ele>
				<time>2022-08-27T17:19:22Z</time>
			</trkpt>
			<trkpt lat="59.93744725204226" lon="30.23585872727037">
				<ele>9.093850184231997</ele>
				<time>2022-08-27T17:19:25Z</time>
			</trkpt>
			<trkpt lat="59.93746480218157" lon="30.235885114327814">
				<ele>8.00980686955154</ele>
				<time>2022-08-27T17:19:26Z</time>
			</trkpt>
			<trkpt lat="59.93749222983041" lon="30.235931491535325">
				<ele>8.241474594920874</ele>
				<time>2022-08-27T17:19:28Z</time>
			</trkpt>
			<trkpt lat="59.93751487376549" lon="30.235975571825033">
				<ele>5.453606391325593</ele>
				<time>2022-08-27T17:19:30Z</time>
			</trkpt>
			<trkpt lat="59.9375293189235" lon="30.236027296983853">
				<ele>4.267668737098575</ele>
				<time>2022-08-27T17:19:33Z</time>
			</trkpt>
			<trkpt lat="59.937548986031004" lon="30.23600759128621">
				<ele>3.1389615684747696</ele>
				<time>2022-08-27T17:19:35Z</time>
			</trkpt>
			<trkpt lat="59.93756628832008" lon="30.2360403207134">
				<ele>4.243186590261757</ele>
				<time>2022-08-27T17:19:37Z</time>
			</trkpt>
			<trkpt lat="59.937588814373015" lon="30.236085536627243">
				<ele>4.663206052966416</ele>
				<time>2022-08-27T17:19:39Z</time>
			</trkpt>
			<trkpt lat="59.93760018358868" lon="30.236127057164012">
				<ele>2.072329972870648</ele>
				<time>2022-08-27T17:19:41Z</time>
			</trkpt>
			<trkpt lat="59.93760806325676" lon="30.236181313911196">
				<ele>2.3538497472181916</ele>
				<time>2022-08-27T17:19:43Z</time>
			</trkpt>
			<trkpt lat="59.93761429204382" lon="30.23624166044228">
				<ele>4.845080139115453</ele>
				<time>2022-08-27T17:19:45Z</time>
			</trkpt>
			<trkpt lat="59.93761473199556" lon="30.236278552723267">
				<ele>3.7562611857429147</ele>
				<time>2022-08-27T17:19:46Z</time>
			</trkpt>
			<trkpt lat="59.937619234472486" lon="30.236326333818784">
				<ele>3.333672526292503</ele>
				<time>2022-08-27T17:19:48Z</time>
			</trkpt>
			<trkpt lat="59.937618638246484" lon="30.236378802647508">
				<ele>5.424645527265966</ele>
				<time>2022-08-27T17:19:50Z</time>
			</trkpt>
			<trkpt lat="59.937606836013494" lon="30.236408440843057">
				<ele>0.5438698921352625</ele>
				<time>2022-08-27T17:19:51Z</time>
			</trkpt>
			<trkpt lat="59.93760449125839" lon="30.23644520704333">
				<ele>1.6348467646166682</ele>
				<time>2022-08-27T17:19:53Z</time>
			</trkpt>
			<trkpt lat="59.937622100019496" lon="30.23647470372165">
				<ele>2.8908603182062507</ele>
				<time>2022-08-27T17:19:55Z</time>
			</trkpt>
			<trkpt lat="59.937608933428166" lon="30.236521090638423">
				<ele>1.6869128411635756</ele>
				<time>2022-08-27T17:19:57Z</time>
			</trkpt>
			<trkpt lat="59.93759605814724" lon="30.236586764591944">
				<ele>-1.1428131721913815</ele>
				<time>2022-08-27T17:20:00Z</time>
			</trkpt>
			<trkpt lat="59.93760277331444" lon="30.236644145429892">
				<ele>-0.08861174713820219</ele>
				<time>2022-08-27T17:20:03Z</time>
			</trkpt>
			<trkpt lat="59.937597730571106" lon="30.236689579282015">
				<ele>-0.352743411436677</ele>
				<time>2022-08-27T17:20:05Z</time>
			</trkpt>
			<trkpt lat="59.9375966434215" lon="30.23673335046408">
				<ele>-1.6113532241433859</ele>
				<time>2022-08-27T17:20:07Z</time>
			</trkpt>
			<trkpt lat="59.93759932737747" lon="30.23677101285595">
				<ele>-0.8691324098035693</ele>
				<time>2022-08-27T17:20:09Z</time>
			</trkpt>
			<trkpt lat="59.93760932986504" lon="30.23682610369237">
				<ele>-1.4315109327435493</ele>
				<time>2022-08-27T17:20:11Z</time>
			</trkpt>
			<trkpt lat="59.93763334685441" lon="30.23685715390373">
				<ele>-0.41819619853049517</ele>
				<time>2022-08-27T17:20:13Z</time>
			</trkpt>
			<trkpt lat="59.93764719493852" lon="30.236895325773297">
				<ele>-1.2226618733257055</ele>
				<time>2022-08-27T17:20:15Z</time>
			</trkpt>
			<trkpt lat="59.93767612056138" lon="30.236938748027068">
				<ele>1.689836730249226</ele>
				<time>2022-08-27T17:20:17Z</time>
			</trkpt>
			<trkpt lat="59.93767123809331" lon="30.236981446469795">
				<ele>-3.4683182695880532</ele>
				<time>2022-08-27T17:20:19Z</time>
			</trkpt>
			<trkpt lat="59.93767684919295" lon="30.237021444842345">
				<ele>-0.3541608275845647</ele>
				<time>2022-08-27T17:20:21Z</time>
			</trkpt>
			<trkpt lat="59.93766648773151" lon="30.23707466551915">
				<ele>-1.2137601394206285</ele>
				<time>2022-08-27T17:20:23Z</time>
			</trkpt>
			<trkpt lat="59.93769585165402" lon="30.237099757536022">
				<ele>0.6706517795100808</ele>
				<time>2022-08-27T17:20:24Z</time>
			</trkpt>
			<trkpt lat="59.937698743571886" lon="30.23714323539286">
				<ele>1.4184740548953414</ele>
				<time>2022-08-27T17:20:26Z</time>
			</trkpt>
			<trkpt lat="59.93769215558236" lon="30.23718730667684">
				<ele>0.5252078175544739</ele>
				<time>2022-08-27T17:20:28Z</time>
			</trkpt>
			<trkpt lat="59.93769224042509" lon="30.237223930899425">
				<ele>1.5807298282161355</ele>
				<time>2022-08-27T17:20:30Z</time>
			</trkpt>
			<trkpt lat="59.93769983772745" lon="30.23726408007885">
				<ele>2.417854569852352</ele>
				<time>2022-08-27T17:20:33Z</time>
			</trkpt>
			<trkpt lat="59.93769226056661" lon="30.237314180731584">
				<ele>1.6821969682350755</ele>
				<time>2022-08-27T17:20:35Z</time>
			</trkpt>
			<trkpt lat="59.93770170780926" lon="30.237367557157746">
				<ele>1.0258422577753663</ele>
				<time>2022-08-27T17:20:37Z</time>
			</trkpt>
			<trkpt lat="59.937700438900634" lon="30.237421102122404">
				<ele>1.6271914094686508</ele>
				<time>2022-08-27T17:20:39Z</time>
			</trkpt>
			<trkpt lat="59.93769918110151" lon="30.237473942816077">
				<ele>-1.7455733316019177</ele>
				<time>2022-08-27T17:20:41Z</time>
			</trkpt>
			<trkpt lat="59.93769887249529" lon="30.237510824778422">
				<ele>-1.9122053571045399</ele>
				<time>2022-08-27T17:20:43Z</time>
			</trkpt>
			<trkpt lat="59.9377005949905" lon="30.23755246458715">
				<ele>0.08100995887070894</ele>
				<time>2022-08-27T17:20:45Z</time>
			</trkpt>
			<trkpt lat="59.937689144600775" lon="30.237600264438793">
				<ele>5.197410046122968</ele>
				<time>2022-08-27T17:20:48Z</time>
			</trkpt>
			<trkpt lat="59.93769356557591" lon="30.237647879678065">
				<ele>5.3838123781606555</ele>
				<time>2022-08-27T17:20:50Z</time>
			</trkpt>
			<trkpt lat="59.93769288778568" lon="30.237712268329297">
				<ele>4.216706996783614</ele>
				<time>2022-08-27T17:20:52Z</time>
			</trkpt>
			<trkpt lat="59.93769620156563" lon="30.237796959252808">
				<ele>2.941927562467754</ele>
				<time>2022-08-27T17:20:54Z</time>
			</trkpt>
			<trkpt lat="59.93770580868458" lon="30.237827501711838">
				<ele>2.7690097875893116</ele>
				<time>2022-08-27T17:20:56Z</time>
			</trkpt>
			<trkpt lat="59.93771069632154" lon="30.237883256948002">
				<ele>2.889536085538566</ele>
				<time>2022-08-27T17:20:58Z</time>
			</trkpt>
			<trkpt lat="59.93771611392313" lon="30.237930921788227">
				<ele>0.28940628841519356</ele>
				<time>2022-08-27T17:21:00Z</time>
			</trkpt>
			<trkpt lat="59.93773345850801" lon="30.23796764304864">
				<ele>0.644874925725162</ele>
				<time>2022-08-27T17:21:03Z</time>
			</trkpt>
			<trkpt lat="59.93775337992865" lon="30.23800593267808">
				<ele>2.1690634191036224</ele>
				<time>2022-08-27T17:21:05Z</time>
			</trkpt>
			<trkpt lat="59.93777160608808" lon="30.238036908965274">
				<ele>1.3801148124039173</ele>
				<time>2022-08-27T17:21:08Z</time>
			</trkpt>
			<trkpt lat="59.9377625596287" lon="30.237999024523678">
				<ele>1.5717652151361108</ele>
				<time>2022-08-27T17:21:13Z</time>
			</trkpt>
			<trkpt lat="59.93778186196239" lon="30.238012217892198">
				<ele>1.0001760981976986</ele>
				<time>2022-08-27T17:21:29Z</time>
			</trkpt>
			<trkpt lat="59.93780348378871" lon="30.238013825142822">
				<ele>1.1288640601560473</ele>
				<time>2022-08-27T17:21:30Z</time>
			</trkpt>
			<trkpt lat="59.93783146422745" lon="30.237994452090348">
				<ele>1.736206654459238</ele>
				<time>2022-08-27T17:21:32Z</time>
			</trkpt>
			<trkpt lat="59.937850172085525" lon="30.237995552537747">
				<ele>2.800803012214601</ele>
				<time>2022-08-27T17:21:33Z</time>
			</trkpt>
			<trkpt lat="59.937876176869715" lon="30.237964044886283">
				<ele>4.710025035776198</ele>
				<time>2022-08-27T17:21:34Z</time>
			</trkpt>
			<trkpt lat="59.937906665501984" lon="30.23796122928324">
				<ele>5.265224034897983</ele>
				<time>2022-08-27T17:21:36Z</time>
			</trkpt>
			<trkpt lat="59.93794337980438" lon="30.237995133069166">
				<ele>6.711968400515616</ele>
				<time>2022-08-27T17:21:38Z</time>
			</trkpt>
			<trkpt lat="59.93797013419869" lon="30.238018711929243">
				<ele>6.111452393233776</ele>
				<time>2022-08-27T17:21:40Z</time>
			</trkpt>
			<trkpt lat="59.937988347054436" lon="30.2380259994604">
				<ele>5.4832919631153345</ele>
				<time>2022-08-27T17:21:42Z</time>
			</trkpt>
			<trkpt lat="59.93798450014784" lon="30.238087670103045">
				<ele>6.863182437606156</ele>
				<time>2022-08-27T17:21:44Z</time>
			</trkpt>
			<trkpt lat="59.937999839498296" lon="30.23813364005689">
				<ele>2.530533604323864</ele>
				<time>2022-08-27T17:21:47Z</time>
			</trkpt>
			<trkpt lat="59.938002374691514" lon="30.238188981350724">
				<ele>3.33500939887017</ele>
				<time>2022-08-27T17:21:49Z</time>
			</trkpt>
			<trkpt lat="59.93799886846289" lon="30.238224206495637">
				<ele>3.998251250013709</ele>
				<time>2022-08-27T17:21:50Z</time>
			</trkpt>
			<trkpt lat="59.93798796595689" lon="30.23826156226438">
				<ele>4.631297883577645</ele>
				<time>2022-08-27T17:21:51Z</time>
			</trkpt>
			<trkpt lat="59.937996025643656" lon="30.23830306739396">
				<ele>2.800061706453562</ele>
				<time>2022-08-27T17:21:53Z</time>
			</trkpt>
			<trkpt lat="59.937994021680616" lon="30.238362402360014">
				<ele>3.896357770077884</ele>
				<time>2022-08-27T17:21:55Z</time>
			</trkpt>
			<trkpt lat="59.93799541622841" lon="30.238410920512305">
				<ele>5.2663899743929505</ele>
				<time>2022-08-27T17:21:57Z</time>
			</trkpt>
			<trkpt lat="59.93798755868455" lon="30.238452576402135">
				<ele>4.518215573392808</ele>
				<time>2022-08-27T17:21:59Z</time>
			</trkpt>
			<trkpt lat="59.93798069573981" lon="30.23849700308001">
				<ele>5.785120990127325</ele>
				<time>2022-08-27T17:22:01Z</time>
			</trkpt>
			<trkpt lat="59.93799604810022" lon="30.23852473074251">
				<ele>5.939566457644105</ele>
				<time>2022-08-27T17:22:03Z</time>
			</trkpt>
			<trkpt lat="59.93801209221576" lon="30.2385460289777">
				<ele>4.298915147781372</ele>
				<time>2022-08-27T17:22:06Z</time>
			</trkpt>
			<trkpt lat="59.93800432226836" lon="30.238581859212516">
				<ele>3.3664175616577268</ele>
				<time>2022-08-27T17:22:08Z</time>
			</trkpt>
			<trkpt lat="59.938013836712294" lon="30.238616504703742">
				<ele>5.376677987165749</ele>
				<time>2022-08-27T17:22:10Z</time>
			</trkpt>
			<trkpt lat="59.938015510669594" lon="30.238655868788577">
				<ele>5.18385967426002</ele>
				<time>2022-08-27T17:22:12Z</time>
			</trkpt>
			<trkpt lat="59.93801084737958" lon="30.238712577601646">
				<ele>4.635755466297269</ele>
				<time>2022-08-27T17:22:14Z</time>
			</trkpt>
			<trkpt lat="59.93802128713722" lon="30.238759372698823">
				<ele>6.1961111985147</ele>
				<time>2022-08-27T17:22:16Z</time>
			</trkpt>
			<trkpt lat="59.938026790117085" lon="30.238809301965055">
				<ele>1.95123559422791</ele>
				<time>2022-08-27T17:22:19Z</time>
			</trkpt>
			<trkpt lat="59.93801241603523" lon="30.238853920547097">
				<ele>1.8179768584668636</ele>
				<time>2022-08-27T17:22:21Z</time>
			</trkpt>
			<trkpt lat="59.93801689478469" lon="30.238905910750226">
				<ele>5.396372276358306</ele>
				<time>2022-08-27T17:22:23Z</time>
			</trkpt>
			<trkpt lat="59.93804591800195" lon="30.23890533525025">
				<ele>4.596912254579365</ele>
				<time>2022-08-27T17:22:24Z</time>
			</trkpt>
			<trkpt lat="59.93804028581233" lon="30.238952135967974">
				<ele>3.6123552648350596</ele>
				<time>2022-08-27T17:22:26Z</time>
			</trkpt>
			<trkpt lat="59.93805526681127" lon="30.238990432123305">
				<ele>4.611507209017873</ele>
				<time>2022-08-27T17:22:27Z</time>
			</trkpt>
			<trkpt lat="59.93805714305415" lon="30.239067764295033">
				<ele>6.362321832217276</ele>
				<time>2022-08-27T17:22:29Z</time>
			</trkpt>
			<trkpt lat="59.93806209166325" lon="30.23911258357883">
				<ele>2.725950646214187</ele>
				<time>2022-08-27T17:22:31Z</time>
			</trkpt>
			<trkpt lat="59.93807804708582" lon="30.239140234572808">
				<ele>1.9165436010807753</ele>
				<time>2022-08-27T17:22:33Z</time>
			</trkpt>
			<trkpt lat="59.93808187422425" lon="30.239178635627788">
				<ele>2.2617092709988356</ele>
				<time>2022-08-27T17:22:35Z</time>
			</trkpt>
			<trkpt lat="59.93807980408879" lon="30.239217550491713">
				<ele>3.570792273618281</ele>
				<time>2022-08-27T17:22:36Z</time>
			</trkpt>
			<trkpt lat="59.93807749817911" lon="30.239259706550722">
				<ele>4.324255797080696</ele>
				<time>2022-08-27T17:22:37Z</time>
			</trkpt>
			<trkpt lat="59.938082613277935" lon="30.239306304909046">
				<ele>4.837656809017062</ele>
				<time>2022-08-27T17:22:39Z</time>
			</trkpt>
			<trkpt lat="59.93809868897255" lon="30.239341757519608">
				<ele>3.9972692793235183</ele>
				<time>2022-08-27T17:22:41Z</time>
			</trkpt>
			<trkpt lat="59.93810563101466" lon="30.239399631463417">
				<ele>4.9668423449620605</ele>
				<time>2022-08-27T17:22:43Z</time>
			</trkpt>
			<trkpt lat="59.93811552320516" lon="30.239438756914687">
				<ele>4.138283517211676</ele>
				<time>2022-08-27T17:22:45Z</time>
			</trkpt>
			<trkpt lat="59.938111100142876" lon="30.239482289602286">
				<ele>3.8926567183807492</ele>
				<time>2022-08-27T17:22:47Z</time>
			</trkpt>
			<trkpt lat="59.93811390097563" lon="30.239527960600217">
				<ele>5.085102546028793</ele>
				<time>2022-08-27T17:22:49Z</time>
			</trkpt>
			<trkpt lat="59.938116680138165" lon="30.239574319815528">
				<ele>5.802509734407067</ele>
				<time>2022-08-27T17:22:51Z</time>
			</trkpt>
			<trkpt lat="59.93811150078962" lon="30.23961286685242">
				<ele>6.446087269112468</ele>
				<time>2022-08-27T17:22:52Z</time>
			</trkpt>
			<trkpt lat="59.93812316466351" lon="30.239648079887203">
				<ele>5.876397209241986</ele>
				<time>2022-08-27T17:22:54Z</time>
			</trkpt>
			<trkpt lat="59.93814076404125" lon="30.239670735766595">
				<ele>5.665905522182584</ele>
				<time>2022-08-27T17:22:56Z</time>
			</trkpt>
			<trkpt lat="59.93815599621584" lon="30.23969480479294">
				<ele>6.976042623631656</ele>
				<time>2022-08-27T17:22:58Z</time>
			</trkpt>
			<trkpt lat="59.93817700382023" lon="30.239699956831323">
				<ele>5.025851977989078</ele>
				<time>2022-08-27T17:23:00Z</time>
			</trkpt>
			<trkpt lat="59.9381984902014" lon="30.239739913749425">
				<ele>4.657061734236777</ele>
				<time>2022-08-27T17:23:04Z</time>
			</trkpt>
			<trkpt lat="59.93822383800818" lon="30.239777418633878">
				<ele>7.143738093785942</ele>
				<time>2022-08-27T17:23:06Z</time>
			</trkpt>
			<trkpt lat="59.938233725266116" lon="30.239824289425044">
				<ele>6.029015863314271</ele>
				<time>2022-08-27T17:23:08Z</time>
			</trkpt>
			<trkpt lat="59.93824969107215" lon="30.239884042636557">
				<ele>8.384925287216902</ele>
				<time>2022-08-27T17:23:11Z</time>
			</trkpt>
			<trkpt lat="59.938260715558386" lon="30.239922034986055">
				<ele>8.5914915362373</ele>
				<time>2022-08-27T17:23:12Z</time>
			</trkpt>
			<trkpt lat="59.93827606266716" lon="30.239941273679214">
				<ele>4.5841626562178135</ele>
				<time>2022-08-27T17:23:14Z</time>
			</trkpt>
			<trkpt lat="59.93828196132362" lon="30.239979636361063">
				<ele>5.107876610942185</ele>
				<time>2022-08-27T17:23:15Z</time>
			</trkpt>
			<trkpt lat="59.938296306440904" lon="30.24003692085426">
				<ele>6.631044410169125</ele>
				<time>2022-08-27T17:23:17Z</time>
			</trkpt>
			<trkpt lat="59.938301867358064" lon="30.240091765130344">
				<ele>6.070395668968558</ele>
				<time>2022-08-27T17:23:19Z</time>
			</trkpt>
			<trkpt lat="59.93830465293116" lon="30.240142225747633">
				<ele>5.254418965429068</ele>
				<time>2022-08-27T17:23:21Z</time>
			</trkpt>
			<trkpt lat="59.93830825750853" lon="30.240196114163034">
				<ele>6.687827796675265</ele>
				<time>2022-08-27T17:23:23Z</time>
			</trkpt>
			<trkpt lat="59.93831997037168" lon="30.240232885650663">
				<ele>6.672743748873472</ele>
				<time>2022-08-27T17:23:25Z</time>
			</trkpt>
			<trkpt lat="59.93834005487302" lon="30.240241086640363">
				<ele>1.2882643323391676</ele>
				<time>2022-08-27T17:23:28Z</time>
			</trkpt>
			<trkpt lat="59.93833777495908" lon="30.24030347176263">
				<ele>3.162119511514902</ele>
				<time>2022-08-27T17:23:29Z</time>
			</trkpt>
			<trkpt lat="59.9383306589934" lon="30.240376351667532">
				<ele>5.3715111296623945</ele>
				<time>2022-08-27T17:23:31Z</time>
			</trkpt>
			<trkpt lat="59.93833209847316" lon="30.24042800958087">
				<ele>4.594964400865138</ele>
				<time>2022-08-27T17:23:33Z</time>
			</trkpt>
			<trkpt lat="59.93834686942433" lon="30.2404755626309">
				<ele>6.1304426258429885</ele>
				<time>2022-08-27T17:23:36Z</time>
			</trkpt>
			<trkpt lat="59.93835056792119" lon="30.240515277430703">
				<ele>3.440086311660707</ele>
				<time>2022-08-27T17:23:38Z</time>
			</trkpt>
			<trkpt lat="59.9383519227891" lon="30.240555523686517">
				<ele>1.4418039387091994</ele>
				<time>2022-08-27T17:23:40Z</time>
			</trkpt>
			<trkpt lat="59.93837071712936" lon="30.240582285780604">
				<ele>2.372498027049005</ele>
				<time>2022-08-27T17:23:42Z</time>
			</trkpt>
			<trkpt lat="59.93837291107852" lon="30.240633237744305">
				<ele>4.488116025924683</ele>
				<time>2022-08-27T17:23:44Z</time>
			</trkpt>
			<trkpt lat="59.93838018483206" lon="30.240668845834076">
				<ele>3.836011892184615</ele>
				<time>2022-08-27T17:23:46Z</time>
			</trkpt>
			<trkpt lat="59.93838809115816" lon="30.240706437229377">
				<ele>3.174761694855988</ele>
				<time>2022-08-27T17:23:48Z</time>
			</trkpt>
			<trkpt lat="59.93840118241358" lon="30.240747424114993">
				<ele>3.935543122701347</ele>
				<time>2022-08-27T17:23:51Z</time>
			</trkpt>
			<trkpt lat="59.938395933737716" lon="30.240794617528213">
				<ele>3.771683694794774</ele>
				<time>2022-08-27T17:23:53Z</time>
			</trkpt>
			<trkpt lat="59.9383883268565" lon="30.240849924971787">
				<ele>6.602257118560374</ele>
				<time>2022-08-27T17:23:55Z</time>
			</trkpt>
			<trkpt lat="59.93838924777548" lon="30.24090579788406">
				<ele>8.199695385061204</ele>
				<time>2022-08-27T17:23:57Z</time>
			</trkpt>
			<trkpt lat="59.938384314566946" lon="30.240940903368124">
				<ele>9.534978977404535</ele>
				<time>2022-08-27T17:23:58Z</time>
			</trkpt>
			<trkpt lat="59.93838100164498" lon="30.240990344928544">
				<ele>10.031495361588895</ele>
				<time>2022-08-27T17:24:01Z</time>
			</trkpt>
			<trkpt lat="59.93838642161557" lon="30.241042818438466">
				<ele>8.22702457383275</ele>
				<time>2022-08-27T17:24:04Z</time>
			</trkpt>
			<trkpt lat="59.93838146728881" lon="30.24108168704124">
				<ele>7.756110298447311</ele>
				<time>2022-08-27T17:24:07Z</time>
			</trkpt>
		</trkseg>
	</trk>
</gpx>
