<?xml version="1.0" encoding="UTF-8"?>
<gpx xmlns:xsi="http://www.w3.org/2001/XMLSchema-instance" xmlns="http://www.topografix.com/GPX/1/1" xsi:schemaLocation="http://www.topografix.com/GPX/1/1 http://www.topografix.com/GPX/1/1/gpx.xsd" version="1.1" creator="Open GPX Tracker for iOS">
	<trk>
		<trkseg>
			<trkpt lat="59.98571592388673" lon="30.30133483934244">
				<ele>29.82293701171875</ele>
				<time>2022-08-28T14:29:46Z</time>
			</trkpt>
			<trkpt lat="59.985738219749166" lon="30.30129510912141">
				<ele>28.591552734375</ele>
				<time>2022-08-28T14:29:47Z</time>
			</trkpt>
			<trkpt lat="59.985709386002256" lon="30.30125856402358">
				<ele>19.9727783203125</ele>
				<time>2022-08-28T14:29:48Z</time>
			</trkpt>
			<trkpt lat="59.98567191889508" lon="30.30124976302525">
				<ele>13.923828125</ele>
				<time>2022-08-28T14:29:49Z</time>
			</trkpt>
			<trkpt lat="59.98574119532479" lon="30.301241716398206">
				<ele>25.25189208984375</ele>
				<time>2022-08-28T14:29:50Z</time>
			</trkpt>
			<trkpt lat="59.98564589308573" lon="30.30126141387066">
				<ele>12.3955078125</ele>
				<time>2022-08-28T14:29:52Z</time>
			</trkpt>
			<trkpt lat="59.98565769201757" lon="30.301290798886143">
				<ele>9.38482490926981</ele>
				<time>2022-08-28T14:29:56Z</time>
			</trkpt>
			<trkpt lat="59.985678485693285" lon="30.301333148608748">
				<ele>10.48283022083342</ele>
				<time>2022-08-28T14:29:59Z</time>
			</trkpt>
			<trkpt lat="59.98569477944663" lon="30.30135124402705">
				<ele>9.305540240369737</ele>
				<time>2022-08-28T14:30:01Z</time>
			</trkpt>
			<trkpt lat="59.9857085092196" lon="30.301381452092766">
				<ele>9.509243173524737</ele>
				<time>2022-08-28T14:30:03Z</time>
			</trkpt>
			<trkpt lat="59.98572836149434" lon="30.301392405440414">
				<ele>8.985893418081105</ele>
				<time>2022-08-28T14:30:05Z</time>
			</trkpt>
			<trkpt lat="59.98575078815837" lon="30.30141653152568">
				<ele>7.881429838016629</ele>
				<time>2022-08-28T14:30:08Z</time>
			</trkpt>
			<trkpt lat="59.98576852530371" lon="30.30139684863606">
				<ele>9.580202099867165</ele>
				<time>2022-08-28T14:30:16Z</time>
			</trkpt>
			<trkpt lat="59.98575662661271" lon="30.301428701077068">
				<ele>8.047565188258886</ele>
				<time>2022-08-28T14:30:19Z</time>
			</trkpt>
			<trkpt lat="59.98572475052515" lon="30.301411943101794">
				<ele>7.246531101875007</ele>
				<time>2022-08-28T14:30:21Z</time>
			</trkpt>
			<trkpt lat="59.98570051404662" lon="30.301423657832714">
				<ele>5.549187597818673</ele>
				<time>2022-08-28T14:30:22Z</time>
			</trkpt>
			<trkpt lat="59.98566849356432" lon="30.301401967043653">
				<ele>3.9823156343773007</ele>
				<time>2022-08-28T14:30:24Z</time>
			</trkpt>
			<trkpt lat="59.98563709550663" lon="30.30141193214296">
				<ele>4.0353526854887605</ele>
				<time>2022-08-28T14:30:25Z</time>
			</trkpt>
			<trkpt lat="59.98561310617248" lon="30.301409185742404">
				<ele>4.574523897841573</ele>
				<time>2022-08-28T14:30:26Z</time>
			</trkpt>
			<trkpt lat="59.98559701838811" lon="30.30138733458373">
				<ele>5.905451546423137</ele>
				<time>2022-08-28T14:30:27Z</time>
			</trkpt>
			<trkpt lat="59.98557012033289" lon="30.3013747696019">
				<ele>10.136268242262304</ele>
				<time>2022-08-28T14:30:28Z</time>
			</trkpt>
			<trkpt lat="59.985551069140385" lon="30.301359302003338">
				<ele>9.766311173327267</ele>
				<time>2022-08-28T14:30:29Z</time>
			</trkpt>
			<trkpt lat="59.985535725835526" lon="30.30138374066272">
				<ele>5.579862427897751</ele>
				<time>2022-08-28T14:30:31Z</time>
			</trkpt>
			<trkpt lat="59.98551010213699" lon="30.301368521337537">
				<ele>2.46778089273721</ele>
				<time>2022-08-28T14:30:33Z</time>
			</trkpt>
			<trkpt lat="59.98549327941963" lon="30.301329959173195">
				<ele>1.91244185436517</ele>
				<time>2022-08-28T14:30:35Z</time>
			</trkpt>
			<trkpt lat="59.98546811423016" lon="30.30130202349843">
				<ele>2.4505249988287687</ele>
				<time>2022-08-28T14:30:37Z</time>
			</trkpt>
			<trkpt lat="59.985438620901405" lon="30.30130569656373">
				<ele>1.6408915426582098</ele>
				<time>2022-08-28T14:30:39Z</time>
			</trkpt>
			<trkpt lat="59.98541943164562" lon="30.30129390802466">
				<ele>2.8487710542976856</ele>
				<time>2022-08-28T14:30:41Z</time>
			</trkpt>
			<trkpt lat="59.985391063154175" lon="30.301286891280707">
				<ele>5.83368612639606</ele>
				<time>2022-08-28T14:30:43Z</time>
			</trkpt>
			<trkpt lat="59.985372181876045" lon="30.30128279526626">
				<ele>3.242912719026208</ele>
				<time>2022-08-28T14:30:45Z</time>
			</trkpt>
			<trkpt lat="59.985354896494535" lon="30.30124857373679">
				<ele>-0.7906594136729836</ele>
				<time>2022-08-28T14:30:47Z</time>
			</trkpt>
			<trkpt lat="59.985329991182574" lon="30.301218199787318">
				<ele>-0.46296333987265825</ele>
				<time>2022-08-28T14:30:50Z</time>
			</trkpt>
			<trkpt lat="59.98529926908052" lon="30.301212337004735">
				<ele>-0.44569056294858456</ele>
				<time>2022-08-28T14:30:52Z</time>
			</trkpt>
			<trkpt lat="59.98528182504881" lon="30.301198572416006">
				<ele>-0.34439916256815195</ele>
				<time>2022-08-28T14:30:53Z</time>
			</trkpt>
			<trkpt lat="59.98526201304213" lon="30.301187468404688">
				<ele>1.333306297659874</ele>
				<time>2022-08-28T14:30:54Z</time>
			</trkpt>
			<trkpt lat="59.98523548438661" lon="30.30118971697364">
				<ele>0.17989415489137173</ele>
				<time>2022-08-28T14:30:56Z</time>
			</trkpt>
			<trkpt lat="59.98521044403136" lon="30.30116014037846">
				<ele>4.820393281057477</ele>
				<time>2022-08-28T14:30:58Z</time>
			</trkpt>
			<trkpt lat="59.98519315277766" lon="30.301143974561676">
				<ele>2.597214922308922</ele>
				<time>2022-08-28T14:31:01Z</time>
			</trkpt>
			<trkpt lat="59.98516885271163" lon="30.3011112555287">
				<ele>2.1170484609901905</ele>
				<time>2022-08-28T14:31:04Z</time>
			</trkpt>
			<trkpt lat="59.985159931668385" lon="30.30106020518587">
				<ele>-3.1878719637170434</ele>
				<time>2022-08-28T14:31:06Z</time>
			</trkpt>
			<trkpt lat="59.98514624560426" lon="30.301032699574257">
				<ele>-2.6489003533497453</ele>
				<time>2022-08-28T14:31:08Z</time>
			</trkpt>
			<trkpt lat="59.98512892650905" lon="30.301009542478027">
				<ele>-2.0215316507965326</ele>
				<time>2022-08-28T14:31:10Z</time>
			</trkpt>
			<trkpt lat="59.9851010490152" lon="30.30098298889067">
				<ele>-0.6414626287296414</ele>
				<time>2022-08-28T14:31:12Z</time>
			</trkpt>
			<trkpt lat="59.985080362132464" lon="30.300965850140248">
				<ele>-1.199598685838282</ele>
				<time>2022-08-28T14:31:14Z</time>
			</trkpt>
			<trkpt lat="59.985059518086224" lon="30.30094182740366">
				<ele>-0.5410259664058685</ele>
				<time>2022-08-28T14:31:17Z</time>
			</trkpt>
			<trkpt lat="59.98503590116371" lon="30.300921935154996">
				<ele>-1.0079310424625874</ele>
				<time>2022-08-28T14:31:19Z</time>
			</trkpt>
			<trkpt lat="59.98501845653556" lon="30.300906885225228">
				<ele>-1.716020486317575</ele>
				<time>2022-08-28T14:31:21Z</time>
			</trkpt>
			<trkpt lat="59.98500412497605" lon="30.300884620566002">
				<ele>-2.6968786250799894</ele>
				<time>2022-08-28T14:31:23Z</time>
			</trkpt>
			<trkpt lat="59.98498778940587" lon="30.300863582497403">
				<ele>-0.3872979795560241</ele>
				<time>2022-08-28T14:31:25Z</time>
			</trkpt>
			<trkpt lat="59.984983655552575" lon="30.300826635431463">
				<ele>-6.59255700185895</ele>
				<time>2022-08-28T14:31:26Z</time>
			</trkpt>
			<trkpt lat="59.98495552833408" lon="30.300822021973">
				<ele>-3.846018636599183</ele>
				<time>2022-08-28T14:31:29Z</time>
			</trkpt>
			<trkpt lat="59.984923699661344" lon="30.30081530760433">
				<ele>-3.8246008064597845</ele>
				<time>2022-08-28T14:31:31Z</time>
			</trkpt>
			<trkpt lat="59.9849040269918" lon="30.300805228130134">
				<ele>-4.355749512091279</ele>
				<time>2022-08-28T14:31:33Z</time>
			</trkpt>
			<trkpt lat="59.984876254523726" lon="30.30079403827372">
				<ele>-1.3182912655174732</ele>
				<time>2022-08-28T14:31:36Z</time>
			</trkpt>
			<trkpt lat="59.98485583387295" lon="30.30079536286533">
				<ele>-2.8677747258916497</ele>
				<time>2022-08-28T14:31:38Z</time>
			</trkpt>
			<trkpt lat="59.98482297302604" lon="30.30077540448361">
				<ele>-1.3322294671088457</ele>
				<time>2022-08-28T14:31:40Z</time>
			</trkpt>
			<trkpt lat="59.984802272885425" lon="30.300761097998137">
				<ele>-0.9917761227115989</ele>
				<time>2022-08-28T14:31:42Z</time>
			</trkpt>
			<trkpt lat="59.9847871458643" lon="30.300731627596896">
				<ele>-0.31686185114085674</ele>
				<time>2022-08-28T14:31:44Z</time>
			</trkpt>
			<trkpt lat="59.98476579410431" lon="30.300704377446927">
				<ele>-1.3849890204146504</ele>
				<time>2022-08-28T14:31:46Z</time>
			</trkpt>
			<trkpt lat="59.98474320283796" lon="30.30069853124713">
				<ele>1.0410515135154128</ele>
				<time>2022-08-28T14:31:48Z</time>
			</trkpt>
			<trkpt lat="59.98472585370205" lon="30.300712611129953">
				<ele>0.9643052909523249</ele>
				<time>2022-08-28T14:31:49Z</time>
			</trkpt>
			<trkpt lat="59.98470084710038" lon="30.300695802269974">
				<ele>-0.4434401923790574</ele>
				<time>2022-08-28T14:31:51Z</time>
			</trkpt>
			<trkpt lat="59.98467774583389" lon="30.300696516534437">
				<ele>1.5281454743817449</ele>
				<time>2022-08-28T14:31:53Z</time>
			</trkpt>
			<trkpt lat="59.984653767078825" lon="30.300690527578947">
				<ele>1.142892106436193</ele>
				<time>2022-08-28T14:31:55Z</time>
			</trkpt>
			<trkpt lat="59.9846350114021" lon="30.30070519539956">
				<ele>1.7265386702492833</ele>
				<time>2022-08-28T14:31:57Z</time>
			</trkpt>
			<trkpt lat="59.98460990118596" lon="30.300759394608605">
				<ele>3.3472436908632517</ele>
				<time>2022-08-28T14:31:59Z</time>
			</trkpt>
			<trkpt lat="59.984592314668" lon="30.300738222929585">
				<ele>-0.40857857931405306</ele>
				<time>2022-08-28T14:32:01Z</time>
			</trkpt>
			<trkpt lat="59.98457640197935" lon="30.300705941853053">
				<ele>-3.3500462751835585</ele>
				<time>2022-08-28T14:32:03Z</time>
			</trkpt>
			<trkpt lat="59.984554960974016" lon="30.3006642511244">
				<ele>-3.49200461152941</ele>
				<time>2022-08-28T14:32:05Z</time>
			</trkpt>
			<trkpt lat="59.984528733989706" lon="30.300631896837327">
				<ele>-4.636039882898331</ele>
				<time>2022-08-28T14:32:07Z</time>
			</trkpt>
			<trkpt lat="59.9845103471423" lon="30.30060785931337">
				<ele>-1.6427940940484405</ele>
				<time>2022-08-28T14:32:09Z</time>
			</trkpt>
			<trkpt lat="59.98448719775962" lon="30.300588431703957">
				<ele>-3.344562401995063</ele>
				<time>2022-08-28T14:32:11Z</time>
			</trkpt>
			<trkpt lat="59.984463266694256" lon="30.300573404719966">
				<ele>-3.3694694582372904</ele>
				<time>2022-08-28T14:32:13Z</time>
			</trkpt>
			<trkpt lat="59.98443988779849" lon="30.30056309533559">
				<ele>-0.7142452104017138</ele>
				<time>2022-08-28T14:32:15Z</time>
			</trkpt>
			<trkpt lat="59.98442173117839" lon="30.300531059605845">
				<ele>-6.740399059839547</ele>
				<time>2022-08-28T14:32:17Z</time>
			</trkpt>
			<trkpt lat="59.984426119568795" lon="30.30049260942517">
				<ele>-5.973985202610493</ele>
				<time>2022-08-28T14:32:19Z</time>
			</trkpt>
			<trkpt lat="59.984416339512514" lon="30.300454505154747">
				<ele>-6.74873560667038</ele>
				<time>2022-08-28T14:32:21Z</time>
			</trkpt>
			<trkpt lat="59.98438366132547" lon="30.30044450564995">
				<ele>-4.083129249513149</ele>
				<time>2022-08-28T14:32:23Z</time>
			</trkpt>
			<trkpt lat="59.98436278033229" lon="30.30041477478289">
				<ele>-4.109312611632049</ele>
				<time>2022-08-28T14:32:26Z</time>
			</trkpt>
			<trkpt lat="59.984343295848014" lon="30.30039088096605">
				<ele>-1.4693984733894467</ele>
				<time>2022-08-28T14:32:28Z</time>
			</trkpt>
			<trkpt lat="59.984313950282505" lon="30.30033064626906">
				<ele>-3.8174031311646104</ele>
				<time>2022-08-28T14:32:31Z</time>
			</trkpt>
			<trkpt lat="59.98428906439287" lon="30.300318574621162">
				<ele>-2.623616880737245</ele>
				<time>2022-08-28T14:32:34Z</time>
			</trkpt>
			<trkpt lat="59.98425983470892" lon="30.30028393859351">
				<ele>-2.0908215641975403</ele>
				<time>2022-08-28T14:32:36Z</time>
			</trkpt>
			<trkpt lat="59.98424228032062" lon="30.30026984485563">
				<ele>-0.09246087726205587</ele>
				<time>2022-08-28T14:32:38Z</time>
			</trkpt>
			<trkpt lat="59.98422345807387" lon="30.300274565542445">
				<ele>-2.9870060263201594</ele>
				<time>2022-08-28T14:32:41Z</time>
			</trkpt>
			<trkpt lat="59.98419912048503" lon="30.300292347673125">
				<ele>-3.5787588097155094</ele>
				<time>2022-08-28T14:32:44Z</time>
			</trkpt>
			<trkpt lat="59.98418003361149" lon="30.300296855159335">
				<ele>-2.8124406691640615</ele>
				<time>2022-08-28T14:32:45Z</time>
			</trkpt>
			<trkpt lat="59.98415153489258" lon="30.300297075932207">
				<ele>-1.4459899896755815</ele>
				<time>2022-08-28T14:32:47Z</time>
			</trkpt>
			<trkpt lat="59.98412887168313" lon="30.30029234077293">
				<ele>-2.3402356849983335</ele>
				<time>2022-08-28T14:32:49Z</time>
			</trkpt>
			<trkpt lat="59.9841023821733" lon="30.300291999135336">
				<ele>-3.665938889607787</ele>
				<time>2022-08-28T14:32:51Z</time>
			</trkpt>
			<trkpt lat="59.98407682712886" lon="30.300288519729694">
				<ele>-4.138358447700739</ele>
				<time>2022-08-28T14:32:53Z</time>
			</trkpt>
			<trkpt lat="59.9840545656154" lon="30.300283791404684">
				<ele>-3.5903825061395764</ele>
				<time>2022-08-28T14:32:55Z</time>
			</trkpt>
			<trkpt lat="59.984034587067505" lon="30.300274568429653">
				<ele>-3.5731543907895684</ele>
				<time>2022-08-28T14:32:57Z</time>
			</trkpt>
			<trkpt lat="59.98401883873805" lon="30.30025736631151">
				<ele>-3.6495482213795185</ele>
				<time>2022-08-28T14:32:58Z</time>
			</trkpt>
			<trkpt lat="59.98400093538897" lon="30.30025032173865">
				<ele>-4.665273794904351</ele>
				<time>2022-08-28T14:32:59Z</time>
			</trkpt>
			<trkpt lat="59.98397464238328" lon="30.300241326460913">
				<ele>-11.79473342653364</ele>
				<time>2022-08-28T14:33:00Z</time>
			</trkpt>
			<trkpt lat="59.9839416739456" lon="30.30021085001632">
				<ele>-11.7421137932688</ele>
				<time>2022-08-28T14:33:03Z</time>
			</trkpt>
			<trkpt lat="59.98390829695781" lon="30.300183463392585">
				<ele>-12.060363112948835</ele>
				<time>2022-08-28T14:33:05Z</time>
			</trkpt>
			<trkpt lat="59.98387649134526" lon="30.300159770951986">
				<ele>-8.14058590400964</ele>
				<time>2022-08-28T14:33:07Z</time>
			</trkpt>
			<trkpt lat="59.98386179337819" lon="30.300136666001613">
				<ele>-7.738762239925563</ele>
				<time>2022-08-28T14:33:10Z</time>
			</trkpt>
			<trkpt lat="59.98384837086865" lon="30.300163192101706">
				<ele>-8.622172511182725</ele>
				<time>2022-08-28T14:33:13Z</time>
			</trkpt>
			<trkpt lat="59.983832026850706" lon="30.30010832252248">
				<ele>-8.614164451137185</ele>
				<time>2022-08-28T14:33:15Z</time>
			</trkpt>
			<trkpt lat="59.98381932413644" lon="30.300050870381433">
				<ele>-9.272121970541775</ele>
				<time>2022-08-28T14:33:17Z</time>
			</trkpt>
			<trkpt lat="59.98379707948766" lon="30.300012513807587">
				<ele>-7.8805859331041574</ele>
				<time>2022-08-28T14:33:19Z</time>
			</trkpt>
			<trkpt lat="59.98377917847025" lon="30.299992063515255">
				<ele>-7.532422687858343</ele>
				<time>2022-08-28T14:33:20Z</time>
			</trkpt>
			<trkpt lat="59.98375486587316" lon="30.299955968154958">
				<ele>-7.175022955983877</ele>
				<time>2022-08-28T14:33:22Z</time>
			</trkpt>
			<trkpt lat="59.98372712353151" lon="30.29991528009966">
				<ele>3.4761454770341516</ele>
				<time>2022-08-28T14:33:24Z</time>
			</trkpt>
			<trkpt lat="59.983671069867825" lon="30.29984280808767">
				<ele>-6.118922906927764</ele>
				<time>2022-08-28T14:33:26Z</time>
			</trkpt>
			<trkpt lat="59.98365099540922" lon="30.29980568827398">
				<ele>-6.079616256058216</ele>
				<time>2022-08-28T14:33:28Z</time>
			</trkpt>
			<trkpt lat="59.98357729292249" lon="30.30005216127081">
				<ele>-6.903279856778681</ele>
				<time>2022-08-28T14:33:34Z</time>
			</trkpt>
			<trkpt lat="59.983619877279" lon="30.300107527510345">
				<ele>-4.386997615918517</ele>
				<time>2022-08-28T14:33:36Z</time>
			</trkpt>
			<trkpt lat="59.983604114374295" lon="30.300087122622244">
				<ele>-3.819404394365847</ele>
				<time>2022-08-28T14:33:37Z</time>
			</trkpt>
			<trkpt lat="59.983620059350564" lon="30.300119830310088">
				<ele>-4.081438015215099</ele>
				<time>2022-08-28T14:33:38Z</time>
			</trkpt>
			<trkpt lat="59.983660723987576" lon="30.30018899684061">
				<ele>-4.824256117455661</ele>
				<time>2022-08-28T14:33:39Z</time>
			</trkpt>
			<trkpt lat="59.98367153573829" lon="30.30023338230804">
				<ele>-4.808733812533319</ele>
				<time>2022-08-28T14:33:40Z</time>
			</trkpt>
			<trkpt lat="59.98363395756727" lon="30.30015333410919">
				<ele>-1.077935784123838</ele>
				<time>2022-08-28T14:33:41Z</time>
			</trkpt>
			<trkpt lat="59.98365910859864" lon="30.300054839232452">
				<ele>0.26907848194241524</ele>
				<time>2022-08-28T14:33:43Z</time>
			</trkpt>
			<trkpt lat="59.98365163622988" lon="30.300102335443942">
				<ele>1.9350239783525467</ele>
				<time>2022-08-28T14:33:44Z</time>
			</trkpt>
			<trkpt lat="59.98365260717152" lon="30.300148122902478">
				<ele>2.5219444911926985</ele>
				<time>2022-08-28T14:33:47Z</time>
			</trkpt>
			<trkpt lat="59.98363795467336" lon="30.30017320791384">
				<ele>4.766383049078286</ele>
				<time>2022-08-28T14:33:50Z</time>
			</trkpt>
			<trkpt lat="59.983634595497726" lon="30.300245256345093">
				<ele>3.9519974580034614</ele>
				<time>2022-08-28T14:33:53Z</time>
			</trkpt>
			<trkpt lat="59.983609007836726" lon="30.300221556035574">
				<ele>4.769805379211903</ele>
				<time>2022-08-28T14:33:55Z</time>
			</trkpt>
			<trkpt lat="59.983574611740465" lon="30.300233314065135">
				<ele>4.1597463777288795</ele>
				<time>2022-08-28T14:33:58Z</time>
			</trkpt>
			<trkpt lat="59.98355833348118" lon="30.300271758421808">
				<ele>1.9001047015190125</ele>
				<time>2022-08-28T14:34:00Z</time>
			</trkpt>
			<trkpt lat="59.98354414358352" lon="30.30023963303244">
				<ele>3.06069678068161</ele>
				<time>2022-08-28T14:34:02Z</time>
			</trkpt>
			<trkpt lat="59.98352206032624" lon="30.300249105300104">
				<ele>5.45125525444746</ele>
				<time>2022-08-28T14:34:04Z</time>
			</trkpt>
			<trkpt lat="59.983500663962985" lon="30.30026087598193">
				<ele>3.1005945140495896</ele>
				<time>2022-08-28T14:34:07Z</time>
			</trkpt>
			<trkpt lat="59.98348706247324" lon="30.300290141228917">
				<ele>5.327899860218167</ele>
				<time>2022-08-28T14:34:10Z</time>
			</trkpt>
			<trkpt lat="59.983466437784166" lon="30.300252776776503">
				<ele>5.55457179248333</ele>
				<time>2022-08-28T14:34:12Z</time>
			</trkpt>
			<trkpt lat="59.983448450946284" lon="30.300248894564277">
				<ele>1.4896828047931194</ele>
				<time>2022-08-28T14:34:14Z</time>
			</trkpt>
			<trkpt lat="59.98342831802411" lon="30.300267428436452">
				<ele>1.5095918532460928</ele>
				<time>2022-08-28T14:34:16Z</time>
			</trkpt>
			<trkpt lat="59.98340689086303" lon="30.30026015154536">
				<ele>1.971696919761598</ele>
				<time>2022-08-28T14:34:18Z</time>
			</trkpt>
			<trkpt lat="59.9833808429611" lon="30.30025646590906">
				<ele>1.1425172314047813</ele>
				<time>2022-08-28T14:34:21Z</time>
			</trkpt>
			<trkpt lat="59.98336256632245" lon="30.300241851408774">
				<ele>0.07416522689163685</ele>
				<time>2022-08-28T14:34:23Z</time>
			</trkpt>
			<trkpt lat="59.98337403410873" lon="30.300211352328166">
				<ele>-0.6080376403406262</ele>
				<time>2022-08-28T14:34:26Z</time>
			</trkpt>
			<trkpt lat="59.98335347322136" lon="30.30023389731258">
				<ele>-2.033502519130707</ele>
				<time>2022-08-28T14:34:31Z</time>
			</trkpt>
			<trkpt lat="59.98333333953977" lon="30.30022928125549">
				<ele>-1.3261932721361518</ele>
				<time>2022-08-28T14:34:32Z</time>
			</trkpt>
			<trkpt lat="59.98330209066707" lon="30.300253264692408">
				<ele>1.1543167466297746</ele>
				<time>2022-08-28T14:34:34Z</time>
			</trkpt>
			<trkpt lat="59.98327436855464" lon="30.30023157632313">
				<ele>0.07803827337920666</ele>
				<time>2022-08-28T14:34:37Z</time>
			</trkpt>
			<trkpt lat="59.98325605606794" lon="30.30023240532413">
				<ele>0.3996458798646927</ele>
				<time>2022-08-28T14:34:39Z</time>
			</trkpt>
			<trkpt lat="59.98323557254893" lon="30.30022799084617">
				<ele>2.2217076644301414</ele>
				<time>2022-08-28T14:34:41Z</time>
			</trkpt>
			<trkpt lat="59.98321310267458" lon="30.30021830063718">
				<ele>2.836390213109553</ele>
				<time>2022-08-28T14:34:43Z</time>
			</trkpt>
			<trkpt lat="59.98319014076233" lon="30.3002058714465">
				<ele>1.6349375136196613</ele>
				<time>2022-08-28T14:34:46Z</time>
			</trkpt>
			<trkpt lat="59.983156215626614" lon="30.300188781512944">
				<ele>1.0134750735014677</ele>
				<time>2022-08-28T14:34:49Z</time>
			</trkpt>
			<trkpt lat="59.98313571632985" lon="30.30016647038912">
				<ele>-3.1337417969480157</ele>
				<time>2022-08-28T14:34:52Z</time>
			</trkpt>
			<trkpt lat="59.983109360257714" lon="30.300170003264167">
				<ele>-1.685880295932293</ele>
				<time>2022-08-28T14:34:54Z</time>
			</trkpt>
			<trkpt lat="59.98308437216599" lon="30.30016063836209">
				<ele>-1.3523279400542378</ele>
				<time>2022-08-28T14:34:56Z</time>
			</trkpt>
			<trkpt lat="59.983055869861644" lon="30.300154485651294">
				<ele>-1.587415723130107</ele>
				<time>2022-08-28T14:34:59Z</time>
			</trkpt>
			<trkpt lat="59.98302785108311" lon="30.300150900616302">
				<ele>-0.8990976717323065</ele>
				<time>2022-08-28T14:35:01Z</time>
			</trkpt>
			<trkpt lat="59.982999925865194" lon="30.30014896863565">
				<ele>-1.843980323523283</ele>
				<time>2022-08-28T14:35:04Z</time>
			</trkpt>
			<trkpt lat="59.98297858793566" lon="30.30014142455422">
				<ele>-1.9418534087017179</ele>
				<time>2022-08-28T14:35:06Z</time>
			</trkpt>
			<trkpt lat="59.98295523081028" lon="30.300143663276273">
				<ele>-0.43706339690834284</ele>
				<time>2022-08-28T14:35:08Z</time>
			</trkpt>
			<trkpt lat="59.98292520594402" lon="30.300147734790094">
				<ele>0.20506863947957754</ele>
				<time>2022-08-28T14:35:11Z</time>
			</trkpt>
			<trkpt lat="59.982905005651475" lon="30.300146247214467">
				<ele>0.4976224573329091</ele>
				<time>2022-08-28T14:35:13Z</time>
			</trkpt>
			<trkpt lat="59.98288542411518" lon="30.30014451102461">
				<ele>1.3305153166875243</ele>
				<time>2022-08-28T14:35:15Z</time>
			</trkpt>
			<trkpt lat="59.982864094897295" lon="30.300141148062245">
				<ele>1.8536376990377903</ele>
				<time>2022-08-28T14:35:17Z</time>
			</trkpt>
			<trkpt lat="59.98284376007853" lon="30.300145139910985">
				<ele>2.2192875538021326</ele>
				<time>2022-08-28T14:35:19Z</time>
			</trkpt>
			<trkpt lat="59.98282524021139" lon="30.30013669458773">
				<ele>2.6075136847794056</ele>
				<time>2022-08-28T14:35:21Z</time>
			</trkpt>
			<trkpt lat="59.982802236138355" lon="30.30012851413367">
				<ele>2.7781255804002285</ele>
				<time>2022-08-28T14:35:23Z</time>
			</trkpt>
			<trkpt lat="59.98278262844912" lon="30.30012882441034">
				<ele>3.334820185787976</ele>
				<time>2022-08-28T14:35:25Z</time>
			</trkpt>
			<trkpt lat="59.982758730882864" lon="30.3001284016108">
				<ele>4.240576117299497</ele>
				<time>2022-08-28T14:35:27Z</time>
			</trkpt>
			<trkpt lat="59.98273878755117" lon="30.30011603817164">
				<ele>3.2535980390384793</ele>
				<time>2022-08-28T14:35:29Z</time>
			</trkpt>
			<trkpt lat="59.98271752135983" lon="30.30010471026236">
				<ele>2.8443795051425695</ele>
				<time>2022-08-28T14:35:31Z</time>
			</trkpt>
			<trkpt lat="59.98269398038575" lon="30.300089508953494">
				<ele>2.2601181380450726</ele>
				<time>2022-08-28T14:35:34Z</time>
			</trkpt>
			<trkpt lat="59.98266916146215" lon="30.300070528046994">
				<ele>1.8539046309888363</ele>
				<time>2022-08-28T14:35:37Z</time>
			</trkpt>
			<trkpt lat="59.9826477989896" lon="30.30006274730585">
				<ele>1.855488290078938</ele>
				<time>2022-08-28T14:35:39Z</time>
			</trkpt>
			<trkpt lat="59.98262644101417" lon="30.300070223315068">
				<ele>2.433898846618831</ele>
				<time>2022-08-28T14:35:41Z</time>
			</trkpt>
			<trkpt lat="59.98260674177869" lon="30.30007191784212">
				<ele>2.745061627589166</ele>
				<time>2022-08-28T14:35:43Z</time>
			</trkpt>
			<trkpt lat="59.98258609044539" lon="30.30007246728288">
				<ele>3.394778847694397</ele>
				<time>2022-08-28T14:35:45Z</time>
			</trkpt>
			<trkpt lat="59.982562929742045" lon="30.300070722752217">
				<ele>3.8003293946385384</ele>
				<time>2022-08-28T14:35:47Z</time>
			</trkpt>
			<trkpt lat="59.98254365302548" lon="30.30006420600883">
				<ele>3.7873415211215615</ele>
				<time>2022-08-28T14:35:49Z</time>
			</trkpt>
			<trkpt lat="59.98252214248539" lon="30.30006189745526">
				<ele>3.995223375968635</ele>
				<time>2022-08-28T14:35:51Z</time>
			</trkpt>
			<trkpt lat="59.98250076433516" lon="30.3000582434613">
				<ele>4.228794024325907</ele>
				<time>2022-08-28T14:35:53Z</time>
			</trkpt>
			<trkpt lat="59.98248215898783" lon="30.300053375376617">
				<ele>4.381775624118745</ele>
				<time>2022-08-28T14:35:55Z</time>
			</trkpt>
			<trkpt lat="59.98246244818433" lon="30.300047561065053">
				<ele>3.9803374260663986</ele>
				<time>2022-08-28T14:35:57Z</time>
			</trkpt>
			<trkpt lat="59.982439143534066" lon="30.300036749665637">
				<ele>3.7045925855636597</ele>
				<time>2022-08-28T14:35:59Z</time>
			</trkpt>
			<trkpt lat="59.98241564809678" lon="30.300019032230658">
				<ele>3.8100039064884186</ele>
				<time>2022-08-28T14:36:01Z</time>
			</trkpt>
			<trkpt lat="59.9823905278645" lon="30.29999117416587">
				<ele>2.713432571850717</ele>
				<time>2022-08-28T14:36:04Z</time>
			</trkpt>
			<trkpt lat="59.982359297003285" lon="30.29997410417355">
				<ele>3.246538572013378</ele>
				<time>2022-08-28T14:36:06Z</time>
			</trkpt>
			<trkpt lat="59.98233810576122" lon="30.299958771335252">
				<ele>2.5073870522901416</ele>
				<time>2022-08-28T14:36:08Z</time>
			</trkpt>
			<trkpt lat="59.98231598361379" lon="30.299956776306352">
				<ele>2.120449227280915</ele>
				<time>2022-08-28T14:36:10Z</time>
			</trkpt>
			<trkpt lat="59.98229687677502" lon="30.299943004844845">
				<ele>1.3999274428933859</ele>
				<time>2022-08-28T14:36:12Z</time>
			</trkpt>
			<trkpt lat="59.98227464308919" lon="30.29992595170623">
				<ele>1.470805604942143</ele>
				<time>2022-08-28T14:36:14Z</time>
			</trkpt>
			<trkpt lat="59.98225218809824" lon="30.29992047441723">
				<ele>2.439443754963577</ele>
				<time>2022-08-28T14:36:16Z</time>
			</trkpt>
			<trkpt lat="59.98222629463496" lon="30.299898795575178">
				<ele>2.663229400292039</ele>
				<time>2022-08-28T14:36:18Z</time>
			</trkpt>
			<trkpt lat="59.98220771218984" lon="30.29988810839629">
				<ele>1.9861264461651444</ele>
				<time>2022-08-28T14:36:21Z</time>
			</trkpt>
			<trkpt lat="59.98218390287695" lon="30.299882609847916">
				<ele>-1.13914998434484</ele>
				<time>2022-08-28T14:36:25Z</time>
			</trkpt>
			<trkpt lat="59.98216448566241" lon="30.299879709735926">
				<ele>1.3737197248265147</ele>
				<time>2022-08-28T14:36:26Z</time>
			</trkpt>
			<trkpt lat="59.98213665507863" lon="30.299865804759865">
				<ele>0.9496304150670767</ele>
				<time>2022-08-28T14:36:28Z</time>
			</trkpt>
			<trkpt lat="59.98210402425459" lon="30.299883283402256">
				<ele>3.184700454585254</ele>
				<time>2022-08-28T14:36:30Z</time>
			</trkpt>
			<trkpt lat="59.98208566282977" lon="30.29987721264939">
				<ele>2.367621366865933</ele>
				<time>2022-08-28T14:36:32Z</time>
			</trkpt>
			<trkpt lat="59.98206069850028" lon="30.299868630259446">
				<ele>2.8585641430690885</ele>
				<time>2022-08-28T14:36:34Z</time>
			</trkpt>
			<trkpt lat="59.9820449820636" lon="30.299841676001044">
				<ele>2.9326933538541198</ele>
				<time>2022-08-28T14:36:36Z</time>
			</trkpt>
			<trkpt lat="59.98201902056852" lon="30.299833844535392">
				<ele>3.361574660986662</ele>
				<time>2022-08-28T14:36:38Z</time>
			</trkpt>
			<trkpt lat="59.98200069652223" lon="30.299839528062137">
				<ele>3.911436709575355</ele>
				<time>2022-08-28T14:36:39Z</time>
			</trkpt>
			<trkpt lat="59.9819782965113" lon="30.299835330807337">
				<ele>-0.2272633770480752</ele>
				<time>2022-08-28T14:36:43Z</time>
			</trkpt>
			<trkpt lat="59.9819504911377" lon="30.299828702052935">
				<ele>1.2520679850131273</ele>
				<time>2022-08-28T14:36:45Z</time>
			</trkpt>
			<trkpt lat="59.981930069472114" lon="30.299817845880153">
				<ele>0.5847611399367452</ele>
				<time>2022-08-28T14:36:47Z</time>
			</trkpt>
			<trkpt lat="59.98190522120381" lon="30.299804493965077">
				<ele>0.8821167098358274</ele>
				<time>2022-08-28T14:36:49Z</time>
			</trkpt>
			<trkpt lat="59.98187066101316" lon="30.29979991036215">
				<ele>2.1207868298515677</ele>
				<time>2022-08-28T14:36:51Z</time>
			</trkpt>
			<trkpt lat="59.981851210260096" lon="30.299790114880878">
				<ele>-0.9585381736978889</ele>
				<time>2022-08-28T14:36:54Z</time>
			</trkpt>
			<trkpt lat="59.98182067269894" lon="30.299782575316396">
				<ele>-0.264450796879828</ele>
				<time>2022-08-28T14:36:56Z</time>
			</trkpt>
			<trkpt lat="59.981797356527245" lon="30.29977272503756">
				<ele>-0.27885110676288605</ele>
				<time>2022-08-28T14:36:58Z</time>
			</trkpt>
			<trkpt lat="59.98177288785293" lon="30.2997684684494">
				<ele>1.2132019940763712</ele>
				<time>2022-08-28T14:37:00Z</time>
			</trkpt>
			<trkpt lat="59.981751436804366" lon="30.299772003908213">
				<ele>1.0877667907625437</ele>
				<time>2022-08-28T14:37:02Z</time>
			</trkpt>
			<trkpt lat="59.98172746167278" lon="30.29976545059605">
				<ele>-2.2808939842507243</ele>
				<time>2022-08-28T14:37:05Z</time>
			</trkpt>
			<trkpt lat="59.981707896533145" lon="30.299759226358237">
				<ele>-1.767420687712729</ele>
				<time>2022-08-28T14:37:07Z</time>
			</trkpt>
			<trkpt lat="59.98167740115888" lon="30.299743715910214">
				<ele>0.6897133719176054</ele>
				<time>2022-08-28T14:37:09Z</time>
			</trkpt>
			<trkpt lat="59.98164665622506" lon="30.29970139989087">
				<ele>-1.228326227515936</ele>
				<time>2022-08-28T14:37:12Z</time>
			</trkpt>
			<trkpt lat="59.98162407911892" lon="30.29969321525247">
				<ele>-0.9941487619653344</ele>
				<time>2022-08-28T14:37:14Z</time>
			</trkpt>
			<trkpt lat="59.98159865833257" lon="30.299675875152023">
				<ele>2.1333125485107303</ele>
				<time>2022-08-28T14:37:16Z</time>
			</trkpt>
			<trkpt lat="59.981575788292304" lon="30.299667142230184">
				<ele>2.4303912092000246</ele>
				<time>2022-08-28T14:37:18Z</time>
			</trkpt>
			<trkpt lat="59.98156327778604" lon="30.299638092416455">
				<ele>2.332273001782596</ele>
				<time>2022-08-28T14:37:19Z</time>
			</trkpt>
			<trkpt lat="59.9815421985904" lon="30.299587740460527">
				<ele>2.5026284269988537</ele>
				<time>2022-08-28T14:37:20Z</time>
			</trkpt>
			<trkpt lat="59.98153418796628" lon="30.299626274685426">
				<ele>-0.9836432877928019</ele>
				<time>2022-08-28T14:37:23Z</time>
			</trkpt>
			<trkpt lat="59.98151023577702" lon="30.299631008069234">
				<ele>-1.7811986366286874</ele>
				<time>2022-08-28T14:37:25Z</time>
			</trkpt>
			<trkpt lat="59.98150467134087" lon="30.299594930947936">
				<ele>-3.1726907547563314</ele>
				<time>2022-08-28T14:37:27Z</time>
			</trkpt>
			<trkpt lat="59.9814875001704" lon="30.299544518642303">
				<ele>-2.5929470593109727</ele>
				<time>2022-08-28T14:37:29Z</time>
			</trkpt>
			<trkpt lat="59.98148031153731" lon="30.29949617666874">
				<ele>-1.856082383543253</ele>
				<time>2022-08-28T14:37:31Z</time>
			</trkpt>
			<trkpt lat="59.98148082046639" lon="30.299456592136405">
				<ele>-0.9778927098959684</ele>
				<time>2022-08-28T14:37:33Z</time>
			</trkpt>
			<trkpt lat="59.98147728104634" lon="30.299406200530434">
				<ele>-0.31601348519325256</ele>
				<time>2022-08-28T14:37:35Z</time>
			</trkpt>
			<trkpt lat="59.98147642492012" lon="30.29936269663833">
				<ele>1.0772327845916152</ele>
				<time>2022-08-28T14:37:37Z</time>
			</trkpt>
			<trkpt lat="59.98146892565113" lon="30.29932642910015">
				<ele>1.4595575546845794</ele>
				<time>2022-08-28T14:37:39Z</time>
			</trkpt>
			<trkpt lat="59.981475242062594" lon="30.29927314229546">
				<ele>1.5265345787629485</ele>
				<time>2022-08-28T14:37:41Z</time>
			</trkpt>
			<trkpt lat="59.98148779887427" lon="30.299238477066115">
				<ele>1.677510746754706</ele>
				<time>2022-08-28T14:37:43Z</time>
			</trkpt>
			<trkpt lat="59.98151025352289" lon="30.299219661911362">
				<ele>1.599774993956089</ele>
				<time>2022-08-28T14:37:46Z</time>
			</trkpt>
			<trkpt lat="59.981492261197985" lon="30.2991908350938">
				<ele>1.4535094164311886</ele>
				<time>2022-08-28T14:37:54Z</time>
			</trkpt>
			<trkpt lat="59.98149432244247" lon="30.2991312131599">
				<ele>2.3045901702716947</ele>
				<time>2022-08-28T14:37:57Z</time>
			</trkpt>
			<trkpt lat="59.981530255599985" lon="30.29904732825561">
				<ele>5.669299731962383</ele>
				<time>2022-08-28T14:37:59Z</time>
			</trkpt>
			<trkpt lat="59.98153804557731" lon="30.298993590389966">
				<ele>5.298715777695179</ele>
				<time>2022-08-28T14:38:00Z</time>
			</trkpt>
			<trkpt lat="59.98153193971992" lon="30.298949938093838">
				<ele>2.8268077168613672</ele>
				<time>2022-08-28T14:38:04Z</time>
			</trkpt>
			<trkpt lat="59.981525837204686" lon="30.298901429490563">
				<ele>4.255602695047855</ele>
				<time>2022-08-28T14:38:07Z</time>
			</trkpt>
			<trkpt lat="59.98153230557916" lon="30.29886353131097">
				<ele>4.083626423962414</ele>
				<time>2022-08-28T14:38:09Z</time>
			</trkpt>
			<trkpt lat="59.98154352776672" lon="30.298832508761667">
				<ele>5.7834314769133925</ele>
				<time>2022-08-28T14:38:11Z</time>
			</trkpt>
			<trkpt lat="59.98155250652089" lon="30.298793533810784">
				<ele>6.59842620510608</ele>
				<time>2022-08-28T14:38:14Z</time>
			</trkpt>
			<trkpt lat="59.98154418540513" lon="30.29874620080341">
				<ele>4.66304949298501</ele>
				<time>2022-08-28T14:38:16Z</time>
			</trkpt>
			<trkpt lat="59.98155103400552" lon="30.29869739857278">
				<ele>5.589071442373097</ele>
				<time>2022-08-28T14:38:18Z</time>
			</trkpt>
			<trkpt lat="59.98155167642516" lon="30.298652734672604">
				<ele>4.892088978551328</ele>
				<time>2022-08-28T14:38:20Z</time>
			</trkpt>
			<trkpt lat="59.98156431037445" lon="30.298611122301807">
				<ele>7.137377744540572</ele>
				<time>2022-08-28T14:38:23Z</time>
			</trkpt>
			<trkpt lat="59.981570509683515" lon="30.298566877994126">
				<ele>6.720170666463673</ele>
				<time>2022-08-28T14:38:26Z</time>
			</trkpt>
			<trkpt lat="59.98158088180596" lon="30.298506769333013">
				<ele>6.855832241475582</ele>
				<time>2022-08-28T14:38:28Z</time>
			</trkpt>
			<trkpt lat="59.98156807822936" lon="30.29847267011777">
				<ele>1.3026762707158923</ele>
				<time>2022-08-28T14:38:30Z</time>
			</trkpt>
			<trkpt lat="59.9815691927795" lon="30.298434744467297">
				<ele>1.9710808834061027</ele>
				<time>2022-08-28T14:38:33Z</time>
			</trkpt>
			<trkpt lat="59.98157987928011" lon="30.298395513713732">
				<ele>3.9580198787152767</ele>
				<time>2022-08-28T14:38:35Z</time>
			</trkpt>
			<trkpt lat="59.98159138488399" lon="30.298352490286597">
				<ele>4.219942795112729</ele>
				<time>2022-08-28T14:38:37Z</time>
			</trkpt>
			<trkpt lat="59.981596296676145" lon="30.298296342873723">
				<ele>5.046900229528546</ele>
				<time>2022-08-28T14:38:40Z</time>
			</trkpt>
			<trkpt lat="59.9815964198366" lon="30.298248231455688">
				<ele>4.186507146805525</ele>
				<time>2022-08-28T14:38:43Z</time>
			</trkpt>
			<trkpt lat="59.981592750948536" lon="30.298212026514747">
				<ele>4.370861115865409</ele>
				<time>2022-08-28T14:38:45Z</time>
			</trkpt>
			<trkpt lat="59.98159898239285" lon="30.29817061193549">
				<ele>6.217820109799504</ele>
				<time>2022-08-28T14:38:47Z</time>
			</trkpt>
			<trkpt lat="59.98160679837762" lon="30.298128741787473">
				<ele>3.8803617479279637</ele>
				<time>2022-08-28T14:38:49Z</time>
			</trkpt>
			<trkpt lat="59.98161200832979" lon="30.298091739853422">
				<ele>4.48157250508666</ele>
				<time>2022-08-28T14:38:51Z</time>
			</trkpt>
			<trkpt lat="59.981620408362105" lon="30.29804333372415">
				<ele>4.44508471339941</ele>
				<time>2022-08-28T14:38:53Z</time>
			</trkpt>
			<trkpt lat="59.98160531243857" lon="30.29800476777281">
				<ele>-0.16107223369181156</ele>
				<time>2022-08-28T14:38:55Z</time>
			</trkpt>
			<trkpt lat="59.981611604230004" lon="30.297967651121706">
				<ele>0.7174912458285689</ele>
				<time>2022-08-28T14:38:57Z</time>
			</trkpt>
			<trkpt lat="59.98161374761345" lon="30.29792629422096">
				<ele>1.3628294868394732</ele>
				<time>2022-08-28T14:38:59Z</time>
			</trkpt>
			<trkpt lat="59.98161926618491" lon="30.297842334426065">
				<ele>3.4934334196150303</ele>
				<time>2022-08-28T14:39:02Z</time>
			</trkpt>
			<trkpt lat="59.981624220364544" lon="30.297801603946628">
				<ele>2.028540149331093</ele>
				<time>2022-08-28T14:39:05Z</time>
			</trkpt>
			<trkpt lat="59.98161858483516" lon="30.297748590545336">
				<ele>0.476029546931386</ele>
				<time>2022-08-28T14:39:08Z</time>
			</trkpt>
			<trkpt lat="59.981631690347264" lon="30.29769123247734">
				<ele>2.8220671070739627</ele>
				<time>2022-08-28T14:39:11Z</time>
			</trkpt>
			<trkpt lat="59.98163621265571" lon="30.297648104813213">
				<ele>2.7187268510460854</ele>
				<time>2022-08-28T14:39:13Z</time>
			</trkpt>
			<trkpt lat="59.981640564479456" lon="30.297599590723426">
				<ele>4.005838616751134</ele>
				<time>2022-08-28T14:39:15Z</time>
			</trkpt>
			<trkpt lat="59.98165217734738" lon="30.297562766855584">
				<ele>7.499463360756636</ele>
				<time>2022-08-28T14:39:16Z</time>
			</trkpt>
			<trkpt lat="59.98164698355248" lon="30.29749240343927">
				<ele>1.9276866372674704</ele>
				<time>2022-08-28T14:39:21Z</time>
			</trkpt>
			<trkpt lat="59.981648455018586" lon="30.29744313671438">
				<ele>0.22379995416849852</ele>
				<time>2022-08-28T14:39:24Z</time>
			</trkpt>
			<trkpt lat="59.981654504193266" lon="30.297402726389535">
				<ele>0.6183533379808068</ele>
				<time>2022-08-28T14:39:27Z</time>
			</trkpt>
			<trkpt lat="59.98165703866076" lon="30.297352915886716">
				<ele>1.7610758384689689</ele>
				<time>2022-08-28T14:39:29Z</time>
			</trkpt>
			<trkpt lat="59.981654842318925" lon="30.297311088119343">
				<ele>2.4316807705909014</ele>
				<time>2022-08-28T14:39:31Z</time>
			</trkpt>
			<trkpt lat="59.98165562459154" lon="30.297257027602843">
				<ele>2.0827848464250565</ele>
				<time>2022-08-28T14:39:33Z</time>
			</trkpt>
			<trkpt lat="59.981653430237735" lon="30.297208635745218">
				<ele>-0.7987061347812414</ele>
				<time>2022-08-28T14:39:36Z</time>
			</trkpt>
			<trkpt lat="59.98165707996603" lon="30.29716909982884">
				<ele>1.967165032401681</ele>
				<time>2022-08-28T14:39:38Z</time>
			</trkpt>
			<trkpt lat="59.98166190181334" lon="30.297125279555278">
				<ele>1.731351325288415</ele>
				<time>2022-08-28T14:39:40Z</time>
			</trkpt>
			<trkpt lat="59.98165715515376" lon="30.297071893932305">
				<ele>-0.5934528009966016</ele>
				<time>2022-08-28T14:39:42Z</time>
			</trkpt>
			<trkpt lat="59.981667722124925" lon="30.297023424326255">
				<ele>1.8148004775866866</ele>
				<time>2022-08-28T14:39:44Z</time>
			</trkpt>
			<trkpt lat="59.981675235433144" lon="30.296980104701635">
				<ele>1.4758250890299678</ele>
				<time>2022-08-28T14:39:47Z</time>
			</trkpt>
			<trkpt lat="59.98167382826319" lon="30.29693141615974">
				<ele>0.8085830807685852</ele>
				<time>2022-08-28T14:39:50Z</time>
			</trkpt>
			<trkpt lat="59.98168174516627" lon="30.29687943994501">
				<ele>1.269366892054677</ele>
				<time>2022-08-28T14:39:53Z</time>
			</trkpt>
			<trkpt lat="59.98169492514372" lon="30.296831229796023">
				<ele>-0.16920335963368416</ele>
				<time>2022-08-28T14:39:55Z</time>
			</trkpt>
			<trkpt lat="59.98171059986974" lon="30.29677039010484">
				<ele>4.241782076656818</ele>
				<time>2022-08-28T14:39:59Z</time>
			</trkpt>
			<trkpt lat="59.98170289047456" lon="30.296727046417928">
				<ele>2.4812986804172397</ele>
				<time>2022-08-28T14:40:01Z</time>
			</trkpt>
			<trkpt lat="59.98169999974392" lon="30.2966853807631">
				<ele>2.823639609850943</ele>
				<time>2022-08-28T14:40:03Z</time>
			</trkpt>
			<trkpt lat="59.98170846985194" lon="30.296638121559063">
				<ele>4.396792797371745</ele>
				<time>2022-08-28T14:40:05Z</time>
			</trkpt>
			<trkpt lat="59.98168031530701" lon="30.29663398997913">
				<ele>2.1966508282348514</ele>
				<time>2022-08-28T14:40:11Z</time>
			</trkpt>
			<trkpt lat="59.98166055563974" lon="30.296618424036268">
				<ele>0.9268135065212846</ele>
				<time>2022-08-28T14:40:13Z</time>
			</trkpt>
			<trkpt lat="59.981628087653846" lon="30.296585225728464">
				<ele>3.160960951820016</ele>
				<time>2022-08-28T14:40:15Z</time>
			</trkpt>
			<trkpt lat="59.981612749902716" lon="30.29656431258995">
				<ele>2.7775513948872685</ele>
				<time>2022-08-28T14:40:19Z</time>
			</trkpt>
			<trkpt lat="59.98157854976655" lon="30.296537580835796">
				<ele>6.330316747538745</ele>
				<time>2022-08-28T14:40:21Z</time>
			</trkpt>
			<trkpt lat="59.98158096729677" lon="30.296472261536888">
				<ele>7.247111787088215</ele>
				<time>2022-08-28T14:40:23Z</time>
			</trkpt>
			<trkpt lat="59.981560858966034" lon="30.296435026218425">
				<ele>7.290156350471079</ele>
				<time>2022-08-28T14:40:27Z</time>
			</trkpt>
			<trkpt lat="59.98152282588275" lon="30.29642282706913">
				<ele>3.0177708650007844</ele>
				<time>2022-08-28T14:40:29Z</time>
			</trkpt>
			<trkpt lat="59.981500549570576" lon="30.29642814908817">
				<ele>2.7954420000314713</ele>
				<time>2022-08-28T14:40:30Z</time>
			</trkpt>
			<trkpt lat="59.981481437695024" lon="30.296424909865877">
				<ele>1.5722424676641822</ele>
				<time>2022-08-28T14:40:31Z</time>
			</trkpt>
			<trkpt lat="59.98145266479761" lon="30.29640998426635">
				<ele>5.6956455474719405</ele>
				<time>2022-08-28T14:40:33Z</time>
			</trkpt>
			<trkpt lat="59.981422500838455" lon="30.29642666041712">
				<ele>-2.8593597877770662</ele>
				<time>2022-08-28T14:40:36Z</time>
			</trkpt>
			<trkpt lat="59.98138671943917" lon="30.296389461735984">
				<ele>-0.9299904322251678</ele>
				<time>2022-08-28T14:40:39Z</time>
			</trkpt>
			<trkpt lat="59.98136257616631" lon="30.296376276316362">
				<ele>3.4408608488738537</ele>
				<time>2022-08-28T14:40:42Z</time>
			</trkpt>
			<trkpt lat="59.98133178701759" lon="30.29634978938162">
				<ele>4.024904131889343</ele>
				<time>2022-08-28T14:40:47Z</time>
			</trkpt>
			<trkpt lat="59.98129678749552" lon="30.296334407496406">
				<ele>3.74000302888453</ele>
				<time>2022-08-28T14:40:49Z</time>
			</trkpt>
			<trkpt lat="59.98127554284955" lon="30.296337486127847">
				<ele>5.276150024496019</ele>
				<time>2022-08-28T14:40:55Z</time>
			</trkpt>
			<trkpt lat="59.98125187399399" lon="30.2963156841149">
				<ele>4.838908766396344</ele>
				<time>2022-08-28T14:40:57Z</time>
			</trkpt>
			<trkpt lat="59.981221042113255" lon="30.296296108911445">
				<ele>4.02580005582422</ele>
				<time>2022-08-28T14:41:01Z</time>
			</trkpt>
			<trkpt lat="59.98119429731501" lon="30.296301123331162">
				<ele>5.699845924973488</ele>
				<time>2022-08-28T14:41:02Z</time>
			</trkpt>
			<trkpt lat="59.98117451960471" lon="30.29630791853752">
				<ele>3.655547220259905</ele>
				<time>2022-08-28T14:41:04Z</time>
			</trkpt>
			<trkpt lat="59.98115140775952" lon="30.29628243325103">
				<ele>4.0128560196608305</ele>
				<time>2022-08-28T14:41:06Z</time>
			</trkpt>
			<trkpt lat="59.981127748279874" lon="30.296274569928865">
				<ele>-0.02963171247392893</ele>
				<time>2022-08-28T14:41:08Z</time>
			</trkpt>
			<trkpt lat="59.98109803237656" lon="30.296267080477577">
				<ele>-2.2170146172866225</ele>
				<time>2022-08-28T14:41:10Z</time>
			</trkpt>
			<trkpt lat="59.981081170922074" lon="30.296250715694004">
				<ele>-0.47134706005454063</ele>
				<time>2022-08-28T14:41:12Z</time>
			</trkpt>
			<trkpt lat="59.981033632838525" lon="30.29622936652596">
				<ele>4.621844056993723</ele>
				<time>2022-08-28T14:41:15Z</time>
			</trkpt>
			<trkpt lat="59.98099536212889" lon="30.29625583816179">
				<ele>-0.8673527166247368</ele>
				<time>2022-08-28T14:41:17Z</time>
			</trkpt>
			<trkpt lat="59.980979092808916" lon="30.296273287628694">
				<ele>-0.07320018857717514</ele>
				<time>2022-08-28T14:41:19Z</time>
			</trkpt>
			<trkpt lat="59.98095496677247" lon="30.29626345883325">
				<ele>4.017125719226897</ele>
				<time>2022-08-28T14:41:21Z</time>
			</trkpt>
			<trkpt lat="59.980945668464486" lon="30.296227782170973">
				<ele>-2.851139190606773</ele>
				<time>2022-08-28T14:41:23Z</time>
			</trkpt>
			<trkpt lat="59.98092450190053" lon="30.296220274960906">
				<ele>-0.05486199166625738</ele>
				<time>2022-08-28T14:41:27Z</time>
			</trkpt>
			<trkpt lat="59.980903306961025" lon="30.296209851502816">
				<ele>3.0748805599287152</ele>
				<time>2022-08-28T14:41:29Z</time>
			</trkpt>
			<trkpt lat="59.98088665382894" lon="30.296183174909014">
				<ele>-3.6147687854245305</ele>
				<time>2022-08-28T14:41:32Z</time>
			</trkpt>
			<trkpt lat="59.98087243771325" lon="30.29613703238707">
				<ele>-2.171914055943489</ele>
				<time>2022-08-28T14:41:34Z</time>
			</trkpt>
			<trkpt lat="59.98085008045953" lon="30.296133800017806">
				<ele>-2.3821281204000115</ele>
				<time>2022-08-28T14:41:36Z</time>
			</trkpt>
			<trkpt lat="59.98082493467759" lon="30.296139059383588">
				<ele>1.9137767357751727</ele>
				<time>2022-08-28T14:41:38Z</time>
			</trkpt>
			<trkpt lat="59.980806051654376" lon="30.296123783751057">
				<ele>3.701376771554351</ele>
				<time>2022-08-28T14:41:42Z</time>
			</trkpt>
			<trkpt lat="59.98077975237575" lon="30.296092055097954">
				<ele>7.871048581786454</ele>
				<time>2022-08-28T14:41:45Z</time>
			</trkpt>
			<trkpt lat="59.980756546420345" lon="30.296046388753467">
				<ele>0.45746490079909563</ele>
				<time>2022-08-28T14:41:47Z</time>
			</trkpt>
			<trkpt lat="59.98073201166792" lon="30.296007553651293">
				<ele>3.4580884855240583</ele>
				<time>2022-08-28T14:41:48Z</time>
			</trkpt>
			<trkpt lat="59.98071049256658" lon="30.295955432285588">
				<ele>2.629607147537172</ele>
				<time>2022-08-28T14:41:49Z</time>
			</trkpt>
			<trkpt lat="59.98067063560346" lon="30.296074497367147">
				<ele>2.488472778350115</ele>
				<time>2022-08-28T14:41:50Z</time>
			</trkpt>
			<trkpt lat="59.98068912318723" lon="30.29610471941002">
				<ele>1.908947840332985</ele>
				<time>2022-08-28T14:41:51Z</time>
			</trkpt>
			<trkpt lat="59.980671487429944" lon="30.296093457548178">
				<ele>-1.5113775925710797</ele>
				<time>2022-08-28T14:41:53Z</time>
			</trkpt>
			<trkpt lat="59.98064470531916" lon="30.29608898490125">
				<ele>0.7700980864465237</ele>
				<time>2022-08-28T14:41:56Z</time>
			</trkpt>
			<trkpt lat="59.9806227759856" lon="30.296070032441637">
				<ele>0.13474651519209146</ele>
				<time>2022-08-28T14:41:57Z</time>
			</trkpt>
			<trkpt lat="59.98059738042957" lon="30.29604246974882">
				<ele>-0.7497767331078649</ele>
				<time>2022-08-28T14:41:58Z</time>
			</trkpt>
			<trkpt lat="59.980572789505686" lon="30.296055444948795">
				<ele>1.3722777822986245</ele>
				<time>2022-08-28T14:42:01Z</time>
			</trkpt>
			<trkpt lat="59.98055644061022" lon="30.296143683570953">
				<ele>-0.6334342742338777</ele>
				<time>2022-08-28T14:42:05Z</time>
			</trkpt>
			<trkpt lat="59.980564369317854" lon="30.296186568263508">
				<ele>2.4062223257496953</ele>
				<time>2022-08-28T14:42:07Z</time>
			</trkpt>
			<trkpt lat="59.98056040727893" lon="30.296237768668572">
				<ele>3.26715584192425</ele>
				<time>2022-08-28T14:42:09Z</time>
			</trkpt>
			<trkpt lat="59.980543564964286" lon="30.296297855470034">
				<ele>2.577793773263693</ele>
				<time>2022-08-28T14:42:11Z</time>
			</trkpt>
			<trkpt lat="59.98054064904345" lon="30.29633786060582">
				<ele>4.829290674999356</ele>
				<time>2022-08-28T14:42:12Z</time>
			</trkpt>
			<trkpt lat="59.9805324688338" lon="30.29639007466504">
				<ele>-1.1570466803386807</ele>
				<time>2022-08-28T14:42:14Z</time>
			</trkpt>
			<trkpt lat="59.980514103545175" lon="30.296394056846438">
				<ele>-0.3047108892351389</ele>
				<time>2022-08-28T14:42:15Z</time>
			</trkpt>
			<trkpt lat="59.98049689549135" lon="30.29645028666146">
				<ele>1.1258767060935497</ele>
				<time>2022-08-28T14:42:17Z</time>
			</trkpt>
			<trkpt lat="59.98047801963374" lon="30.296489930119517">
				<ele>-0.612580319866538</ele>
				<time>2022-08-28T14:42:19Z</time>
			</trkpt>
			<trkpt lat="59.980492868270304" lon="30.2965172153728">
				<ele>1.8561980491504073</ele>
				<time>2022-08-28T14:42:23Z</time>
			</trkpt>
			<trkpt lat="59.98051446258594" lon="30.296514070659818">
				<ele>2.5461055813357234</ele>
				<time>2022-08-28T14:42:24Z</time>
			</trkpt>
			<trkpt lat="59.980510054879545" lon="30.296581502519444">
				<ele>1.3319556321948767</ele>
				<time>2022-08-28T14:42:25Z</time>
			</trkpt>
			<trkpt lat="59.98053399113692" lon="30.296622793794683">
				<ele>1.089414305984974</ele>
				<time>2022-08-28T14:42:26Z</time>
			</trkpt>
			<trkpt lat="59.98055500337471" lon="30.296624408461344">
				<ele>2.062890835106373</ele>
				<time>2022-08-28T14:42:27Z</time>
			</trkpt>
			<trkpt lat="59.980541055837705" lon="30.296671449326766">
				<ele>3.3251293562352657</ele>
				<time>2022-08-28T14:42:29Z</time>
			</trkpt>
			<trkpt lat="59.98052164054572" lon="30.296686956193746">
				<ele>1.7141762487590313</ele>
				<time>2022-08-28T14:42:31Z</time>
			</trkpt>
			<trkpt lat="59.98052422990503" lon="30.296729442543512">
				<ele>4.2731423527002335</ele>
				<time>2022-08-28T14:42:32Z</time>
			</trkpt>
			<trkpt lat="59.98050987888468" lon="30.296778287743784">
				<ele>4.766592528671026</ele>
				<time>2022-08-28T14:42:36Z</time>
			</trkpt>
			<trkpt lat="59.980506328122104" lon="30.296828631182564">
				<ele>4.320467366836965</ele>
				<time>2022-08-28T14:42:38Z</time>
			</trkpt>
			<trkpt lat="59.98050326780782" lon="30.296875780059917">
				<ele>6.29251116886735</ele>
				<time>2022-08-28T14:42:40Z</time>
			</trkpt>
			<trkpt lat="59.98049501790551" lon="30.296921814113496">
				<ele>7.11821371037513</ele>
				<time>2022-08-28T14:42:43Z</time>
			</trkpt>
			<trkpt lat="59.9805081529898" lon="30.296956993044528">
				<ele>7.409994427114725</ele>
				<time>2022-08-28T14:42:47Z</time>
			</trkpt>
			<trkpt lat="59.98052575959307" lon="30.29697329605537">
				<ele>3.788675270974636</ele>
				<time>2022-08-28T14:42:50Z</time>
			</trkpt>
			<trkpt lat="59.98052053858093" lon="30.297007905587893">
				<ele>2.8367278007790446</ele>
				<time>2022-08-28T14:42:52Z</time>
			</trkpt>
			<trkpt lat="59.980514480073296" lon="30.297083988077844">
				<ele>4.994685468263924</ele>
				<time>2022-08-28T14:42:53Z</time>
			</trkpt>
			<trkpt lat="59.98049551787698" lon="30.297139756988084">
				<ele>0.22851826436817646</ele>
				<time>2022-08-28T14:42:56Z</time>
			</trkpt>
			<trkpt lat="59.98049482097184" lon="30.297177137834325">
				<ele>1.7341106114909053</ele>
				<time>2022-08-28T14:42:58Z</time>
			</trkpt>
			<trkpt lat="59.98047926732458" lon="30.297211907645035">
				<ele>-1.2077718563377857</ele>
				<time>2022-08-28T14:43:01Z</time>
			</trkpt>
			<trkpt lat="59.980484600411756" lon="30.297259282541177">
				<ele>-0.8026488125324249</ele>
				<time>2022-08-28T14:43:05Z</time>
			</trkpt>
			<trkpt lat="59.9804762356229" lon="30.29731078800695">
				<ele>2.0515763806179166</ele>
				<time>2022-08-28T14:43:06Z</time>
			</trkpt>
			<trkpt lat="59.980490307129614" lon="30.29734307398512">
				<ele>1.1394708910956979</ele>
				<time>2022-08-28T14:43:08Z</time>
			</trkpt>
			<trkpt lat="59.980498055935556" lon="30.297389030335097">
				<ele>1.3966561611741781</ele>
				<time>2022-08-28T14:43:11Z</time>
			</trkpt>
			<trkpt lat="59.98049053007512" lon="30.297442341029058">
				<ele>0.8178425151854753</ele>
				<time>2022-08-28T14:43:14Z</time>
			</trkpt>
			<trkpt lat="59.98049623540788" lon="30.297487212702908">
				<ele>-0.11604736000299454</ele>
				<time>2022-08-28T14:43:16Z</time>
			</trkpt>
			<trkpt lat="59.98049701176304" lon="30.297526655200173">
				<ele>4.12727324385196</ele>
				<time>2022-08-28T14:43:17Z</time>
			</trkpt>
			<trkpt lat="59.98049965407694" lon="30.297579694305952">
				<ele>5.139554192312062</ele>
				<time>2022-08-28T14:43:20Z</time>
			</trkpt>
			<trkpt lat="59.98048298844132" lon="30.297610602479804">
				<ele>2.9777648085728288</ele>
				<time>2022-08-28T14:43:22Z</time>
			</trkpt>
			<trkpt lat="59.980469193546405" lon="30.297664555758544">
				<ele>3.852623287588358</ele>
				<time>2022-08-28T14:43:24Z</time>
			</trkpt>
			<trkpt lat="59.980463735567206" lon="30.297714269026432">
				<ele>3.0642655035480857</ele>
				<time>2022-08-28T14:43:27Z</time>
			</trkpt>
			<trkpt lat="59.98046622172705" lon="30.297750433329668">
				<ele>-1.512100269086659</ele>
				<time>2022-08-28T14:43:29Z</time>
			</trkpt>
			<trkpt lat="59.98044984442036" lon="30.297792477835124">
				<ele>-1.6277790265157819</ele>
				<time>2022-08-28T14:43:31Z</time>
			</trkpt>
			<trkpt lat="59.980431334914876" lon="30.297837549217263">
				<ele>1.3927833661437035</ele>
				<time>2022-08-28T14:43:33Z</time>
			</trkpt>
			<trkpt lat="59.98040520527047" lon="30.29787805918586">
				<ele>-2.55789683945477</ele>
				<time>2022-08-28T14:43:37Z</time>
			</trkpt>
			<trkpt lat="59.98039157863615" lon="30.297928245571345">
				<ele>-1.5233825333416462</ele>
				<time>2022-08-28T14:43:39Z</time>
			</trkpt>
			<trkpt lat="59.98038155400081" lon="30.29798855179593">
				<ele>1.403746685013175</ele>
				<time>2022-08-28T14:43:42Z</time>
			</trkpt>
			<trkpt lat="59.9803649962877" lon="30.2980340143469">
				<ele>2.883675224147737</ele>
				<time>2022-08-28T14:43:46Z</time>
			</trkpt>
			<trkpt lat="59.98034715865359" lon="30.298054951258507">
				<ele>1.308431969024241</ele>
				<time>2022-08-28T14:43:48Z</time>
			</trkpt>
			<trkpt lat="59.9803265841672" lon="30.298085100807008">
				<ele>-5.795760277658701</ele>
				<time>2022-08-28T14:43:50Z</time>
			</trkpt>
			<trkpt lat="59.98029181042918" lon="30.298117286273484">
				<ele>-2.1210098518058658</ele>
				<time>2022-08-28T14:43:53Z</time>
			</trkpt>
			<trkpt lat="59.98026868087961" lon="30.29814390904368">
				<ele>-2.467073024250567</ele>
				<time>2022-08-28T14:43:55Z</time>
			</trkpt>
			<trkpt lat="59.98024478158969" lon="30.298171626599448">
				<ele>-4.222062217071652</ele>
				<time>2022-08-28T14:43:57Z</time>
			</trkpt>
			<trkpt lat="59.980236331045006" lon="30.2982060611187">
				<ele>-6.60451100859791</ele>
				<time>2022-08-28T14:44:01Z</time>
			</trkpt>
			<trkpt lat="59.980214444309844" lon="30.298242780279093">
				<ele>-3.1213665548712015</ele>
				<time>2022-08-28T14:44:04Z</time>
			</trkpt>
			<trkpt lat="59.98020981700223" lon="30.29827933162043">
				<ele>-2.465025182813406</ele>
				<time>2022-08-28T14:44:05Z</time>
			</trkpt>
			<trkpt lat="59.98020173942093" lon="30.298333989643268">
				<ele>-1.244448740966618</ele>
				<time>2022-08-28T14:44:08Z</time>
			</trkpt>
			<trkpt lat="59.980186410433106" lon="30.29837842342947">
				<ele>-0.7089258525520563</ele>
				<time>2022-08-28T14:44:10Z</time>
			</trkpt>
			<trkpt lat="59.980175979761846" lon="30.29844045811195">
				<ele>3.5895901089534163</ele>
				<time>2022-08-28T14:44:12Z</time>
			</trkpt>
			<trkpt lat="59.98015860103107" lon="30.29845214235543">
				<ele>1.122606466524303</ele>
				<time>2022-08-28T14:44:15Z</time>
			</trkpt>
			<trkpt lat="59.98013201173068" lon="30.298503977006007">
				<ele>1.0341813210397959</ele>
				<time>2022-08-28T14:44:18Z</time>
			</trkpt>
			<trkpt lat="59.98010936155807" lon="30.29853168692796">
				<ele>1.21005929261446</ele>
				<time>2022-08-28T14:44:20Z</time>
			</trkpt>
			<trkpt lat="59.98008997102705" lon="30.29859418321589">
				<ele>2.1185454623773694</ele>
				<time>2022-08-28T14:44:21Z</time>
			</trkpt>
			<trkpt lat="59.98006389120735" lon="30.298598698723534">
				<ele>-0.06253485009074211</ele>
				<time>2022-08-28T14:44:26Z</time>
			</trkpt>
			<trkpt lat="59.98004058073753" lon="30.29866262478434">
				<ele>2.580651242285967</ele>
				<time>2022-08-28T14:44:27Z</time>
			</trkpt>
			<trkpt lat="59.98002139977859" lon="30.298655941140982">
				<ele>-1.8421516334638</ele>
				<time>2022-08-28T14:44:31Z</time>
			</trkpt>
			<trkpt lat="59.980013323609235" lon="30.298688395409016">
				<ele>1.2119220867753029</ele>
				<time>2022-08-28T14:44:33Z</time>
			</trkpt>
			<trkpt lat="59.979997082882605" lon="30.29872838948638">
				<ele>0.5101696904748678</ele>
				<time>2022-08-28T14:44:35Z</time>
			</trkpt>
			<trkpt lat="59.979984288528414" lon="30.29878493685142">
				<ele>4.1692375568673015</ele>
				<time>2022-08-28T14:44:36Z</time>
			</trkpt>
			<trkpt lat="59.979988556538814" lon="30.298746963517427">
				<ele>3.2101088082417846</ele>
				<time>2022-08-28T14:44:37Z</time>
			</trkpt>
			<trkpt lat="59.97995856637559" lon="30.298762797090596">
				<ele>-1.0590563556179404</ele>
				<time>2022-08-28T14:44:38Z</time>
			</trkpt>
			<trkpt lat="59.97993752636087" lon="30.298803694461046">
				<ele>0.48841335717588663</ele>
				<time>2022-08-28T14:44:41Z</time>
			</trkpt>
			<trkpt lat="59.979915413316824" lon="30.29881949108894">
				<ele>-0.6281192451715469</ele>
				<time>2022-08-28T14:44:43Z</time>
			</trkpt>
			<trkpt lat="59.97990327543508" lon="30.298855067395063">
				<ele>2.6196280075237155</ele>
				<time>2022-08-28T14:44:45Z</time>
			</trkpt>
			<trkpt lat="59.97988282133578" lon="30.298897466506848">
				<ele>1.9922624491155148</ele>
				<time>2022-08-28T14:44:48Z</time>
			</trkpt>
			<trkpt lat="59.97986814683955" lon="30.298949546094804">
				<ele>0.8120711091905832</ele>
				<time>2022-08-28T14:44:52Z</time>
			</trkpt>
			<trkpt lat="59.979849630157304" lon="30.298971743435054">
				<ele>-2.891683583147824</ele>
				<time>2022-08-28T14:44:55Z</time>
			</trkpt>
			<trkpt lat="59.97982325093701" lon="30.299009942968517">
				<ele>-0.053290084935724735</ele>
				<time>2022-08-28T14:44:57Z</time>
			</trkpt>
			<trkpt lat="59.979803110671874" lon="30.299037458638548">
				<ele>-0.7718574656173587</ele>
				<time>2022-08-28T14:44:59Z</time>
			</trkpt>
			<trkpt lat="59.9797894384057" lon="30.29901320467977">
				<ele>-0.8395128212869167</ele>
				<time>2022-08-28T14:45:00Z</time>
			</trkpt>
			<trkpt lat="59.979768194209576" lon="30.298985527134235">
				<ele>-1.055150887928903</ele>
				<time>2022-08-28T14:45:01Z</time>
			</trkpt>
			<trkpt lat="59.97974562286868" lon="30.298984262295054">
				<ele>-2.512254065833986</ele>
				<time>2022-08-28T14:45:04Z</time>
			</trkpt>
			<trkpt lat="59.97971970328298" lon="30.29899277943166">
				<ele>-3.651476936414838</ele>
				<time>2022-08-28T14:45:07Z</time>
			</trkpt>
			<trkpt lat="59.97970954014447" lon="30.29903019958345">
				<ele>-2.0539801381528378</ele>
				<time>2022-08-28T14:45:08Z</time>
			</trkpt>
			<trkpt lat="59.97968081790996" lon="30.29904060222765">
				<ele>-1.7365142712369561</ele>
				<time>2022-08-28T14:45:10Z</time>
			</trkpt>
			<trkpt lat="59.97966433593838" lon="30.299060793136423">
				<ele>-3.0262733437120914</ele>
				<time>2022-08-28T14:45:11Z</time>
			</trkpt>
			<trkpt lat="59.97964544241568" lon="30.299076509381393">
				<ele>-1.9254025146365166</ele>
				<time>2022-08-28T14:45:12Z</time>
			</trkpt>
			<trkpt lat="59.97962645829063" lon="30.29907395616671">
				<ele>-2.5263733556494117</ele>
				<time>2022-08-28T14:45:14Z</time>
			</trkpt>
			<trkpt lat="59.97959724320613" lon="30.299077093403017">
				<ele>-0.9973447574302554</ele>
				<time>2022-08-28T14:45:16Z</time>
			</trkpt>
			<trkpt lat="59.979578215174826" lon="30.29907121624762">
				<ele>0.12216433044523001</ele>
				<time>2022-08-28T14:45:17Z</time>
			</trkpt>
			<trkpt lat="59.97955767948987" lon="30.29910533304342">
				<ele>0.108549440279603</ele>
				<time>2022-08-28T14:45:19Z</time>
			</trkpt>
			<trkpt lat="59.97955062552812" lon="30.29913901560793">
				<ele>0.8445836072787642</ele>
				<time>2022-08-28T14:45:20Z</time>
			</trkpt>
			<trkpt lat="59.979530873638176" lon="30.29919810901051">
				<ele>5.31156644038856</ele>
				<time>2022-08-28T14:45:22Z</time>
			</trkpt>
			<trkpt lat="59.97951029393126" lon="30.29924871477802">
				<ele>4.794025138020515</ele>
				<time>2022-08-28T14:45:24Z</time>
			</trkpt>
			<trkpt lat="59.97948427029494" lon="30.29926972708872">
				<ele>2.647274455986917</ele>
				<time>2022-08-28T14:45:27Z</time>
			</trkpt>
			<trkpt lat="59.97945345894386" lon="30.299278869521793">
				<ele>3.88352729100734</ele>
				<time>2022-08-28T14:45:29Z</time>
			</trkpt>
			<trkpt lat="59.9794321931577" lon="30.299290690356138">
				<ele>2.519309613853693</ele>
				<time>2022-08-28T14:45:31Z</time>
			</trkpt>
			<trkpt lat="59.979402377475225" lon="30.299286810024086">
				<ele>5.058319188654423</ele>
				<time>2022-08-28T14:45:33Z</time>
			</trkpt>
			<trkpt lat="59.979379082257324" lon="30.299275295430935">
				<ele>-0.39458916895091534</ele>
				<time>2022-08-28T14:45:37Z</time>
			</trkpt>
			<trkpt lat="59.97935990349723" lon="30.29924922462028">
				<ele>1.2224630573764443</ele>
				<time>2022-08-28T14:45:39Z</time>
			</trkpt>
			<trkpt lat="59.97932810015395" lon="30.29927804718067">
				<ele>0.9500716738402843</ele>
				<time>2022-08-28T14:45:42Z</time>
			</trkpt>
			<trkpt lat="59.97930646740635" lon="30.299316473817253">
				<ele>-2.1323540341109037</ele>
				<time>2022-08-28T14:45:44Z</time>
			</trkpt>
			<trkpt lat="59.979289828744456" lon="30.299336848100225">
				<ele>-3.0223068613559008</ele>
				<time>2022-08-28T14:45:47Z</time>
			</trkpt>
			<trkpt lat="59.97926690628547" lon="30.299329695730602">
				<ele>-1.018602006137371</ele>
				<time>2022-08-28T14:45:49Z</time>
			</trkpt>
			<trkpt lat="59.97923676147119" lon="30.299342776451205">
				<ele>0.23063488490879536</ele>
				<time>2022-08-28T14:45:52Z</time>
			</trkpt>
			<trkpt lat="59.979215252454615" lon="30.299340853227775">
				<ele>1.699729474261403</ele>
				<time>2022-08-28T14:45:56Z</time>
			</trkpt>
			<trkpt lat="59.979195944685955" lon="30.299316063399292">
				<ele>3.0549078164622188</ele>
				<time>2022-08-28T14:45:58Z</time>
			</trkpt>
			<trkpt lat="59.97918138741945" lon="30.2992932806892">
				<ele>4.641796311363578</ele>
				<time>2022-08-28T14:46:00Z</time>
			</trkpt>
			<trkpt lat="59.979165890124946" lon="30.299249028563697">
				<ele>4.639201866462827</ele>
				<time>2022-08-28T14:46:02Z</time>
			</trkpt>
			<trkpt lat="59.97915544908917" lon="30.299208965602848">
				<ele>5.099819525144994</ele>
				<time>2022-08-28T14:46:04Z</time>
			</trkpt>
			<trkpt lat="59.979146318195326" lon="30.299172493783132">
				<ele>5.806483663618565</ele>
				<time>2022-08-28T14:46:06Z</time>
			</trkpt>
			<trkpt lat="59.97914225928575" lon="30.29912003374041">
				<ele>5.229628810659051</ele>
				<time>2022-08-28T14:46:08Z</time>
			</trkpt>
			<trkpt lat="59.97912810636954" lon="30.299077989834043">
				<ele>5.382021178491414</ele>
				<time>2022-08-28T14:46:11Z</time>
			</trkpt>
			<trkpt lat="59.97912734613211" lon="30.29903022772759">
				<ele>4.793034305796027</ele>
				<time>2022-08-28T14:46:13Z</time>
			</trkpt>
			<trkpt lat="59.97911472207183" lon="30.29899430104087">
				<ele>4.503105303272605</ele>
				<time>2022-08-28T14:46:15Z</time>
			</trkpt>
			<trkpt lat="59.97910559653594" lon="30.29895547826387">
				<ele>4.546476429328322</ele>
				<time>2022-08-28T14:46:17Z</time>
			</trkpt>
			<trkpt lat="59.97910148042629" lon="30.298917718324372">
				<ele>3.8201468409970403</ele>
				<time>2022-08-28T14:46:19Z</time>
			</trkpt>
			<trkpt lat="59.97911734266879" lon="30.298886661294457">
				<ele>2.6654624389484525</ele>
				<time>2022-08-28T14:46:21Z</time>
			</trkpt>
			<trkpt lat="59.97912360540228" lon="30.298841661301775">
				<ele>2.697074410505593</ele>
				<time>2022-08-28T14:46:22Z</time>
			</trkpt>
			<trkpt lat="59.97912266852459" lon="30.298797706171413">
				<ele>1.1620562002062798</ele>
				<time>2022-08-28T14:46:24Z</time>
			</trkpt>
			<trkpt lat="59.979123896323784" lon="30.298745073713754">
				<ele>0.4743716409429908</ele>
				<time>2022-08-28T14:46:27Z</time>
			</trkpt>
			<trkpt lat="59.97911618400214" lon="30.298710967052408">
				<ele>-3.72744650952518</ele>
				<time>2022-08-28T14:46:30Z</time>
			</trkpt>
			<trkpt lat="59.97912504023014" lon="30.298668249034563">
				<ele>-2.0710528353229165</ele>
				<time>2022-08-28T14:46:33Z</time>
			</trkpt>
			<trkpt lat="59.979130989082854" lon="30.29861957280914">
				<ele>-1.712476841174066</ele>
				<time>2022-08-28T14:46:35Z</time>
			</trkpt>
			<trkpt lat="59.979111987511295" lon="30.298632800667388">
				<ele>-8.224743286147714</ele>
				<time>2022-08-28T14:46:36Z</time>
			</trkpt>
			<trkpt lat="59.97912975299384" lon="30.2985893354375">
				<ele>-7.555554558522999</ele>
				<time>2022-08-28T14:46:38Z</time>
			</trkpt>
			<trkpt lat="59.97913840778376" lon="30.298557753961063">
				<ele>-6.7081920793280005</ele>
				<time>2022-08-28T14:46:39Z</time>
			</trkpt>
			<trkpt lat="59.97914335553891" lon="30.2985032924915">
				<ele>-5.897313672117889</ele>
				<time>2022-08-28T14:46:41Z</time>
			</trkpt>
			<trkpt lat="59.97913198162764" lon="30.298451113081104">
				<ele>-1.7275034226477146</ele>
				<time>2022-08-28T14:46:43Z</time>
			</trkpt>
			<trkpt lat="59.979121396666145" lon="30.298408328228497">
				<ele>-7.2702449997887015</ele>
				<time>2022-08-28T14:46:45Z</time>
			</trkpt>
			<trkpt lat="59.979103515794215" lon="30.298375535196655">
				<ele>-7.058113969862461</ele>
				<time>2022-08-28T14:46:47Z</time>
			</trkpt>
			<trkpt lat="59.97909073868889" lon="30.298324163431886">
				<ele>-5.7567241955548525</ele>
				<time>2022-08-28T14:46:49Z</time>
			</trkpt>
			<trkpt lat="59.97906747496967" lon="30.29824079654721">
				<ele>-1.06402871850878</ele>
				<time>2022-08-28T14:46:51Z</time>
			</trkpt>
			<trkpt lat="59.97905425058341" lon="30.298204293403387">
				<ele>0.9536608327180147</ele>
				<time>2022-08-28T14:46:55Z</time>
			</trkpt>
			<trkpt lat="59.979044004992424" lon="30.2981567124255">
				<ele>0.2541680736467242</ele>
				<time>2022-08-28T14:46:57Z</time>
			</trkpt>
			<trkpt lat="59.979032845555935" lon="30.298126553118298">
				<ele>0.7230097353458405</ele>
				<time>2022-08-28T14:46:58Z</time>
			</trkpt>
			<trkpt lat="59.97902646792057" lon="30.29807270994539">
				<ele>4.038507387973368</ele>
				<time>2022-08-28T14:47:00Z</time>
			</trkpt>
			<trkpt lat="59.97901012247186" lon="30.298056708415384">
				<ele>-0.008976268582046032</ele>
				<time>2022-08-28T14:47:02Z</time>
			</trkpt>
			<trkpt lat="59.97899212619174" lon="30.298041830389483">
				<ele>4.313377724960446</ele>
				<time>2022-08-28T14:47:03Z</time>
			</trkpt>
			<trkpt lat="59.978984670914144" lon="30.297999792135176">
				<ele>2.579723692499101</ele>
				<time>2022-08-28T14:47:05Z</time>
			</trkpt>
			<trkpt lat="59.97897158636524" lon="30.297954098974973">
				<ele>4.5058606350794435</ele>
				<time>2022-08-28T14:47:07Z</time>
			</trkpt>
			<trkpt lat="59.978975664458176" lon="30.297908427984282">
				<ele>4.377467684447765</ele>
				<time>2022-08-28T14:47:10Z</time>
			</trkpt>
			<trkpt lat="59.97898533920964" lon="30.297858458239048">
				<ele>6.093528003431857</ele>
				<time>2022-08-28T14:47:12Z</time>
			</trkpt>
			<trkpt lat="59.978957215644314" lon="30.29780100323028">
				<ele>4.577331589534879</ele>
				<time>2022-08-28T14:47:16Z</time>
			</trkpt>
			<trkpt lat="59.97895788054787" lon="30.297743862641223">
				<ele>3.681860809214413</ele>
				<time>2022-08-28T14:47:18Z</time>
			</trkpt>
			<trkpt lat="59.97893975323289" lon="30.297735732205975">
				<ele>6.488863879814744</ele>
				<time>2022-08-28T14:47:20Z</time>
			</trkpt>
			<trkpt lat="59.97893224511983" lon="30.297700429795917">
				<ele>5.500417221337557</ele>
				<time>2022-08-28T14:47:22Z</time>
			</trkpt>
			<trkpt lat="59.978912238362" lon="30.297662502743005">
				<ele>8.381103747524321</ele>
				<time>2022-08-28T14:47:24Z</time>
			</trkpt>
			<trkpt lat="59.97890900418212" lon="30.297624037612582">
				<ele>6.214216807857156</ele>
				<time>2022-08-28T14:47:26Z</time>
			</trkpt>
			<trkpt lat="59.978898803740904" lon="30.29758262998673">
				<ele>6.601082306355238</ele>
				<time>2022-08-28T14:47:27Z</time>
			</trkpt>
			<trkpt lat="59.97887837316582" lon="30.297540561775918">
				<ele>8.70103255007416</ele>
				<time>2022-08-28T14:47:28Z</time>
			</trkpt>
			<trkpt lat="59.9788965406433" lon="30.297500564030692">
				<ele>7.037919943220913</ele>
				<time>2022-08-28T14:47:31Z</time>
			</trkpt>
			<trkpt lat="59.97888096517781" lon="30.297427639778927">
				<ele>6.957191184163094</ele>
				<time>2022-08-28T14:47:33Z</time>
			</trkpt>
			<trkpt lat="59.97886633949813" lon="30.297393262198383">
				<ele>7.774624574929476</ele>
				<time>2022-08-28T14:47:36Z</time>
			</trkpt>
			<trkpt lat="59.978885625913264" lon="30.29740461728987">
				<ele>3.8690419057384133</ele>
				<time>2022-08-28T14:47:37Z</time>
			</trkpt>
			<trkpt lat="59.97889690224234" lon="30.29737478319065">
				<ele>3.430657085031271</ele>
				<time>2022-08-28T14:47:41Z</time>
			</trkpt>
			<trkpt lat="59.97888625580515" lon="30.297334871573096">
				<ele>4.327453793026507</ele>
				<time>2022-08-28T14:47:42Z</time>
			</trkpt>
			<trkpt lat="59.97887981291486" lon="30.29727975815978">
				<ele>7.812483533285558</ele>
				<time>2022-08-28T14:47:44Z</time>
			</trkpt>
			<trkpt lat="59.97887634595409" lon="30.297228499453897">
				<ele>5.937000835314393</ele>
				<time>2022-08-28T14:47:46Z</time>
			</trkpt>
			<trkpt lat="59.97887685294564" lon="30.29719227259015">
				<ele>5.799432170577347</ele>
				<time>2022-08-28T14:47:47Z</time>
			</trkpt>
			<trkpt lat="59.97885820908447" lon="30.29717006406899">
				<ele>5.494826743379235</ele>
				<time>2022-08-28T14:47:48Z</time>
			</trkpt>
			<trkpt lat="59.978846867819065" lon="30.29714153701544">
				<ele>6.287301879376173</ele>
				<time>2022-08-28T14:47:49Z</time>
			</trkpt>
			<trkpt lat="59.978829965979145" lon="30.297120795104107">
				<ele>4.331751420162618</ele>
				<time>2022-08-28T14:47:51Z</time>
			</trkpt>
			<trkpt lat="59.978835994226316" lon="30.297073684022052">
				<ele>6.911673804745078</ele>
				<time>2022-08-28T14:47:55Z</time>
			</trkpt>
			<trkpt lat="59.978839969769616" lon="30.2970381017246">
				<ele>7.738180950284004</ele>
				<time>2022-08-28T14:47:58Z</time>
			</trkpt>
			<trkpt lat="59.97883806959759" lon="30.296970883733277">
				<ele>7.8285262836143374</ele>
				<time>2022-08-28T14:47:59Z</time>
			</trkpt>
			<trkpt lat="59.978802273015994" lon="30.296924956228292">
				<ele>11.433210444636643</ele>
				<time>2022-08-28T14:48:01Z</time>
			</trkpt>
			<trkpt lat="59.978781237998376" lon="30.29688918523972">
				<ele>10.264517348259687</ele>
				<time>2022-08-28T14:48:03Z</time>
			</trkpt>
			<trkpt lat="59.97879095377499" lon="30.29683386207118">
				<ele>9.050088967196643</ele>
				<time>2022-08-28T14:48:05Z</time>
			</trkpt>
			<trkpt lat="59.978792010526256" lon="30.296779075912184">
				<ele>12.667649237439036</ele>
				<time>2022-08-28T14:48:07Z</time>
			</trkpt>
			<trkpt lat="59.9787896189875" lon="30.29672065797499">
				<ele>15.334267172031105</ele>
				<time>2022-08-28T14:48:09Z</time>
			</trkpt>
			<trkpt lat="59.97879741826565" lon="30.296679606916214">
				<ele>12.885805945843458</ele>
				<time>2022-08-28T14:48:11Z</time>
			</trkpt>
			<trkpt lat="59.97878623895351" lon="30.29662955297846">
				<ele>16.701338531449437</ele>
				<time>2022-08-28T14:48:13Z</time>
			</trkpt>
			<trkpt lat="59.97878370876299" lon="30.29657489071602">
				<ele>14.3358587725088</ele>
				<time>2022-08-28T14:48:15Z</time>
			</trkpt>
			<trkpt lat="59.978739687984955" lon="30.29655111324494">
				<ele>13.88446606323123</ele>
				<time>2022-08-28T14:48:17Z</time>
			</trkpt>
			<trkpt lat="59.978721852231395" lon="30.29652407793021">
				<ele>9.814686141908169</ele>
				<time>2022-08-28T14:48:19Z</time>
			</trkpt>
			<trkpt lat="59.97872352083327" lon="30.296487735661266">
				<ele>6.136478609405458</ele>
				<time>2022-08-28T14:48:21Z</time>
			</trkpt>
			<trkpt lat="59.978719108762945" lon="30.29644353278103">
				<ele>4.991956633515656</ele>
				<time>2022-08-28T14:48:23Z</time>
			</trkpt>
			<trkpt lat="59.97871185114663" lon="30.296401892056977">
				<ele>5.081612333655357</ele>
				<time>2022-08-28T14:48:25Z</time>
			</trkpt>
			<trkpt lat="59.97871602561431" lon="30.29636485978027">
				<ele>0.5610205000266433</ele>
				<time>2022-08-28T14:48:26Z</time>
			</trkpt>
			<trkpt lat="59.97870818958308" lon="30.29631626224144">
				<ele>2.7378686098381877</ele>
				<time>2022-08-28T14:48:29Z</time>
			</trkpt>
			<trkpt lat="59.97869213987916" lon="30.296283055147246">
				<ele>5.426864831708372</ele>
				<time>2022-08-28T14:48:32Z</time>
			</trkpt>
			<trkpt lat="59.97868524551373" lon="30.296233496628595">
				<ele>2.9715625802055</ele>
				<time>2022-08-28T14:48:35Z</time>
			</trkpt>
			<trkpt lat="59.97868149889301" lon="30.296192395956677">
				<ele>4.49863800778985</ele>
				<time>2022-08-28T14:48:37Z</time>
			</trkpt>
			<trkpt lat="59.97867814242016" lon="30.29615603880237">
				<ele>3.2177100451663136</ele>
				<time>2022-08-28T14:48:39Z</time>
			</trkpt>
			<trkpt lat="59.978671893533146" lon="30.296112733916885">
				<ele>2.3157308427616954</ele>
				<time>2022-08-28T14:48:41Z</time>
			</trkpt>
			<trkpt lat="59.97868671699199" lon="30.296081772708476">
				<ele>-1.7976757688447833</ele>
				<time>2022-08-28T14:48:42Z</time>
			</trkpt>
			<trkpt lat="59.978687414686895" lon="30.296033695287644">
				<ele>-0.37172755785286427</ele>
				<time>2022-08-28T14:48:46Z</time>
			</trkpt>
			<trkpt lat="59.97869275287367" lon="30.295986848297442">
				<ele>-9.181455983780324</ele>
				<time>2022-08-28T14:48:48Z</time>
			</trkpt>
			<trkpt lat="59.978687235077004" lon="30.295943569536686">
				<ele>-2.965005342848599</ele>
				<time>2022-08-28T14:48:51Z</time>
			</trkpt>
			<trkpt lat="59.97867887797406" lon="30.295895156025935">
				<ele>-2.879458213225007</ele>
				<time>2022-08-28T14:48:53Z</time>
			</trkpt>
			<trkpt lat="59.978664032433855" lon="30.295871563011058">
				<ele>-1.2058241916820407</ele>
				<time>2022-08-28T14:48:54Z</time>
			</trkpt>
			<trkpt lat="59.97865200723949" lon="30.295840676037724">
				<ele>0.18693234492093325</ele>
				<time>2022-08-28T14:48:56Z</time>
			</trkpt>
			<trkpt lat="59.97863179142097" lon="30.29578314739442">
				<ele>0.5480867670848966</ele>
				<time>2022-08-28T14:48:59Z</time>
			</trkpt>
			<trkpt lat="59.97861277634231" lon="30.295764715773213">
				<ele>4.0239844704046845</ele>
				<time>2022-08-28T14:49:01Z</time>
			</trkpt>
			<trkpt lat="59.978623807097044" lon="30.295706601012736">
				<ele>-1.919536574743688</ele>
				<time>2022-08-28T14:49:03Z</time>
			</trkpt>
			<trkpt lat="59.97860644405573" lon="30.295723995607307">
				<ele>3.1773809799924493</ele>
				<time>2022-08-28T14:49:04Z</time>
			</trkpt>
			<trkpt lat="59.978612469887764" lon="30.295681567378132">
				<ele>1.362305711954832</ele>
				<time>2022-08-28T14:49:05Z</time>
			</trkpt>
			<trkpt lat="59.97861368704647" lon="30.295624986172182">
				<ele>1.0781274177134037</ele>
				<time>2022-08-28T14:49:07Z</time>
			</trkpt>
			<trkpt lat="59.97860016607305" lon="30.2955793375531">
				<ele>0.5363567834720016</ele>
				<time>2022-08-28T14:49:10Z</time>
			</trkpt>
			<trkpt lat="59.97859536255245" lon="30.295539402942296">
				<ele>1.6299167117103934</ele>
				<time>2022-08-28T14:49:12Z</time>
			</trkpt>
			<trkpt lat="59.97859615637211" lon="30.295500629163694">
				<ele>-1.5949410032480955</ele>
				<time>2022-08-28T14:49:13Z</time>
			</trkpt>
			<trkpt lat="59.978588429308076" lon="30.29546677322829">
				<ele>-0.5317796673625708</ele>
				<time>2022-08-28T14:49:15Z</time>
			</trkpt>
			<trkpt lat="59.97857722634709" lon="30.295422036005476">
				<ele>-0.8542302614077926</ele>
				<time>2022-08-28T14:49:17Z</time>
			</trkpt>
			<trkpt lat="59.97857134245814" lon="30.29538771953056">
				<ele>0.15996921714395285</ele>
				<time>2022-08-28T14:49:20Z</time>
			</trkpt>
			<trkpt lat="59.97856258889489" lon="30.295328300609896">
				<ele>0.4076642906293273</ele>
				<time>2022-08-28T14:49:23Z</time>
			</trkpt>
			<trkpt lat="59.97855686089205" lon="30.295272486680613">
				<ele>-2.2790009127929807</ele>
				<time>2022-08-28T14:49:26Z</time>
			</trkpt>
			<trkpt lat="59.978554518166725" lon="30.295227527186448">
				<ele>-3.2782371463254094</ele>
				<time>2022-08-28T14:49:29Z</time>
			</trkpt>
			<trkpt lat="59.97853239536249" lon="30.29517790420686">
				<ele>1.3353991117328405</ele>
				<time>2022-08-28T14:49:32Z</time>
			</trkpt>
			<trkpt lat="59.978536281626255" lon="30.29513367102346">
				<ele>-3.9660959392786026</ele>
				<time>2022-08-28T14:49:34Z</time>
			</trkpt>
			<trkpt lat="59.978540203626665" lon="30.295091529196974">
				<ele>-1.0871240785345435</ele>
				<time>2022-08-28T14:49:36Z</time>
			</trkpt>
			<trkpt lat="59.97853696794712" lon="30.295031848602076">
				<ele>-0.04224202409386635</ele>
				<time>2022-08-28T14:49:39Z</time>
			</trkpt>
			<trkpt lat="59.97852578634787" lon="30.294993530781444">
				<ele>-2.5169197358191013</ele>
				<time>2022-08-28T14:49:41Z</time>
			</trkpt>
			<trkpt lat="59.97851629477949" lon="30.294946480883215">
				<ele>-3.5162645364180207</ele>
				<time>2022-08-28T14:49:43Z</time>
			</trkpt>
			<trkpt lat="59.978508006847534" lon="30.294886975891785">
				<ele>-3.1123986300081015</ele>
				<time>2022-08-28T14:49:46Z</time>
			</trkpt>
			<trkpt lat="59.97849374840386" lon="30.294843947252645">
				<ele>-0.7302108090370893</ele>
				<time>2022-08-28T14:49:47Z</time>
			</trkpt>
			<trkpt lat="59.97849538722008" lon="30.294801842949322">
				<ele>-2.6626683063805103</ele>
				<time>2022-08-28T14:49:50Z</time>
			</trkpt>
			<trkpt lat="59.978488810265716" lon="30.29475710210413">
				<ele>-3.670140870846808</ele>
				<time>2022-08-28T14:49:52Z</time>
			</trkpt>
			<trkpt lat="59.97846921731771" lon="30.294724167100473">
				<ele>-2.3332180473953485</ele>
				<time>2022-08-28T14:49:54Z</time>
			</trkpt>
			<trkpt lat="59.978453237146304" lon="30.294704115063098">
				<ele>1.9302725410088897</ele>
				<time>2022-08-28T14:49:56Z</time>
			</trkpt>
			<trkpt lat="59.978453768401806" lon="30.294660179365305">
				<ele>0.15069050528109074</ele>
				<time>2022-08-28T14:49:58Z</time>
			</trkpt>
			<trkpt lat="59.978441463059326" lon="30.294628309778105">
				<ele>0.9775834288448095</ele>
				<time>2022-08-28T14:50:00Z</time>
			</trkpt>
			<trkpt lat="59.978439859006876" lon="30.294582888120978">
				<ele>1.9958650069311261</ele>
				<time>2022-08-28T14:50:02Z</time>
			</trkpt>
			<trkpt lat="59.97844133283147" lon="30.29454688322799">
				<ele>-2.0408674152567983</ele>
				<time>2022-08-28T14:50:03Z</time>
			</trkpt>
			<trkpt lat="59.97845477473282" lon="30.294504512466627">
				<ele>-2.2340560406446457</ele>
				<time>2022-08-28T14:50:06Z</time>
			</trkpt>
			<trkpt lat="59.978441769368736" lon="30.29445738563968">
				<ele>-0.5704391757026315</ele>
				<time>2022-08-28T14:50:08Z</time>
			</trkpt>
			<trkpt lat="59.978430442363425" lon="30.2944101403447">
				<ele>-1.676061226055026</ele>
				<time>2022-08-28T14:50:10Z</time>
			</trkpt>
			<trkpt lat="59.97840907807475" lon="30.294378358721712">
				<ele>1.6858879067003727</ele>
				<time>2022-08-28T14:50:12Z</time>
			</trkpt>
			<trkpt lat="59.97839588183157" lon="30.29433362246172">
				<ele>1.0410175258293748</ele>
				<time>2022-08-28T14:50:14Z</time>
			</trkpt>
			<trkpt lat="59.97838079011076" lon="30.29430526179844">
				<ele>5.0226304568350315</ele>
				<time>2022-08-28T14:50:16Z</time>
			</trkpt>
			<trkpt lat="59.9783757814577" lon="30.294267271083907">
				<ele>3.4187637493014336</ele>
				<time>2022-08-28T14:50:18Z</time>
			</trkpt>
			<trkpt lat="59.97835628983638" lon="30.294231110863773">
				<ele>4.708859193138778</ele>
				<time>2022-08-28T14:50:20Z</time>
			</trkpt>
			<trkpt lat="59.97835141393198" lon="30.294163112494104">
				<ele>4.177175730466843</ele>
				<time>2022-08-28T14:50:22Z</time>
			</trkpt>
			<trkpt lat="59.9783462985842" lon="30.294119035884876">
				<ele>2.750519691966474</ele>
				<time>2022-08-28T14:50:25Z</time>
			</trkpt>
			<trkpt lat="59.97835082551107" lon="30.29407660446753">
				<ele>0.046693623065948486</ele>
				<time>2022-08-28T14:50:27Z</time>
			</trkpt>
			<trkpt lat="59.978332791144304" lon="30.2940246808531">
				<ele>3.7527599344030023</ele>
				<time>2022-08-28T14:50:29Z</time>
			</trkpt>
			<trkpt lat="59.978321041367295" lon="30.29398533307273">
				<ele>3.2929524620994925</ele>
				<time>2022-08-28T14:50:32Z</time>
			</trkpt>
			<trkpt lat="59.9783342678721" lon="30.293938429131522">
				<ele>0.5905642220750451</ele>
				<time>2022-08-28T14:50:36Z</time>
			</trkpt>
			<trkpt lat="59.978330727534434" lon="30.293885796967277">
				<ele>1.748512476682663</ele>
				<time>2022-08-28T14:50:39Z</time>
			</trkpt>
			<trkpt lat="59.97832609892257" lon="30.293842686114193">
				<ele>4.491554133594036</ele>
				<time>2022-08-28T14:50:41Z</time>
			</trkpt>
			<trkpt lat="59.97831490034116" lon="30.29379259117527">
				<ele>3.9546750504523516</ele>
				<time>2022-08-28T14:50:44Z</time>
			</trkpt>
			<trkpt lat="59.97831231910485" lon="30.29374577330362">
				<ele>0.9185730572789907</ele>
				<time>2022-08-28T14:50:46Z</time>
			</trkpt>
			<trkpt lat="59.97829253076422" lon="30.29370560094358">
				<ele>2.947848591953516</ele>
				<time>2022-08-28T14:50:48Z</time>
			</trkpt>
			<trkpt lat="59.97828092627766" lon="30.293664944594013">
				<ele>3.252387747168541</ele>
				<time>2022-08-28T14:50:51Z</time>
			</trkpt>
			<trkpt lat="59.97826662126268" lon="30.293636190003525">
				<ele>5.409263230860233</ele>
				<time>2022-08-28T14:50:55Z</time>
			</trkpt>
			<trkpt lat="59.978262408489954" lon="30.293592083244878">
				<ele>-0.698866686783731</ele>
				<time>2022-08-28T14:50:57Z</time>
			</trkpt>
			<trkpt lat="59.97825242721828" lon="30.293549553900434">
				<ele>1.0480844089761376</ele>
				<time>2022-08-28T14:50:59Z</time>
			</trkpt>
			<trkpt lat="59.978256763500724" lon="30.293488821368914">
				<ele>1.8680595494806767</ele>
				<time>2022-08-28T14:51:00Z</time>
			</trkpt>
			<trkpt lat="59.97824011135148" lon="30.293462005686138">
				<ele>3.195104578509927</ele>
				<time>2022-08-28T14:51:01Z</time>
			</trkpt>
			<trkpt lat="59.97822526631427" lon="30.293432093714657">
				<ele>4.267130022868514</ele>
				<time>2022-08-28T14:51:04Z</time>
			</trkpt>
			<trkpt lat="59.978218532619934" lon="30.2933948595045">
				<ele>2.602030456997454</ele>
				<time>2022-08-28T14:51:06Z</time>
			</trkpt>
			<trkpt lat="59.97819347034442" lon="30.29335852192436">
				<ele>6.108287461102009</ele>
				<time>2022-08-28T14:51:09Z</time>
			</trkpt>
			<trkpt lat="59.97821064219745" lon="30.29330816246655">
				<ele>1.300927729345858</ele>
				<time>2022-08-28T14:51:12Z</time>
			</trkpt>
			<trkpt lat="59.978206836728916" lon="30.293259453421978">
				<ele>3.483190010301769</ele>
				<time>2022-08-28T14:51:14Z</time>
			</trkpt>
			<trkpt lat="59.978191443526015" lon="30.293196352005538">
				<ele>2.023112101480365</ele>
				<time>2022-08-28T14:51:16Z</time>
			</trkpt>
			<trkpt lat="59.97818530358992" lon="30.29315366476107">
				<ele>3.2324544666334987</ele>
				<time>2022-08-28T14:51:20Z</time>
			</trkpt>
			<trkpt lat="59.97818909423878" lon="30.293113269103866">
				<ele>2.6143475649878383</ele>
				<time>2022-08-28T14:51:21Z</time>
			</trkpt>
			<trkpt lat="59.97816876019718" lon="30.29308942684202">
				<ele>4.72073033079505</ele>
				<time>2022-08-28T14:51:23Z</time>
			</trkpt>
			<trkpt lat="59.97817812831405" lon="30.29302122487121">
				<ele>3.032697329297662</ele>
				<time>2022-08-28T14:51:24Z</time>
			</trkpt>
			<trkpt lat="59.978182523616994" lon="30.29296755755357">
				<ele>-0.4800974978134036</ele>
				<time>2022-08-28T14:51:29Z</time>
			</trkpt>
			<trkpt lat="59.97817563002074" lon="30.29292534611958">
				<ele>-0.4815172078087926</ele>
				<time>2022-08-28T14:51:31Z</time>
			</trkpt>
			<trkpt lat="59.9781624213712" lon="30.29287258575843">
				<ele>3.1343527669087052</ele>
				<time>2022-08-28T14:51:33Z</time>
			</trkpt>
			<trkpt lat="59.97816352786025" lon="30.29281041851878">
				<ele>-2.99057256616652</ele>
				<time>2022-08-28T14:51:36Z</time>
			</trkpt>
			<trkpt lat="59.978149090620406" lon="30.29276397551883">
				<ele>-1.7649736823514104</ele>
				<time>2022-08-28T14:51:39Z</time>
			</trkpt>
			<trkpt lat="59.97814327792913" lon="30.292728725066507">
				<ele>-0.5777447307482362</ele>
				<time>2022-08-28T14:51:41Z</time>
			</trkpt>
			<trkpt lat="59.97814431100608" lon="30.292685612868453">
				<ele>-3.5719480765983462</ele>
				<time>2022-08-28T14:51:44Z</time>
			</trkpt>
			<trkpt lat="59.97813513616205" lon="30.292646989035465">
				<ele>-2.1019371431320906</ele>
				<time>2022-08-28T14:51:46Z</time>
			</trkpt>
			<trkpt lat="59.978133101988064" lon="30.29259513721863">
				<ele>-1.221937781199813</ele>
				<time>2022-08-28T14:51:48Z</time>
			</trkpt>
			<trkpt lat="59.97812744476797" lon="30.292557855190196">
				<ele>-3.7395628355443478</ele>
				<time>2022-08-28T14:51:50Z</time>
			</trkpt>
			<trkpt lat="59.97812522519346" lon="30.292518057377016">
				<ele>-1.2085571335628629</ele>
				<time>2022-08-28T14:51:52Z</time>
			</trkpt>
			<trkpt lat="59.97810992973461" lon="30.29248392089277">
				<ele>2.1977784112095833</ele>
				<time>2022-08-28T14:51:56Z</time>
			</trkpt>
			<trkpt lat="59.97809354948048" lon="30.292426098555985">
				<ele>2.750199606642127</ele>
				<time>2022-08-28T14:51:58Z</time>
			</trkpt>
			<trkpt lat="59.978079422446534" lon="30.29239023316534">
				<ele>4.561765511520207</ele>
				<time>2022-08-28T14:52:00Z</time>
			</trkpt>
			<trkpt lat="59.97806925087917" lon="30.292341558351087">
				<ele>3.0765634244307876</ele>
				<time>2022-08-28T14:52:02Z</time>
			</trkpt>
			<trkpt lat="59.978065382676405" lon="30.292302779422275">
				<ele>5.453624347224832</ele>
				<time>2022-08-28T14:52:04Z</time>
			</trkpt>
			<trkpt lat="59.97806074671624" lon="30.292262272414145">
				<ele>1.1016167905181646</ele>
				<time>2022-08-28T14:52:06Z</time>
			</trkpt>
			<trkpt lat="59.97804714352946" lon="30.29222245613747">
				<ele>3.5052419966086745</ele>
				<time>2022-08-28T14:52:08Z</time>
			</trkpt>
			<trkpt lat="59.978036228890595" lon="30.292181546615613">
				<ele>2.4038239661604166</ele>
				<time>2022-08-28T14:52:09Z</time>
			</trkpt>
			<trkpt lat="59.97802128133764" lon="30.292151383471143">
				<ele>3.2367421723902225</ele>
				<time>2022-08-28T14:52:12Z</time>
			</trkpt>
			<trkpt lat="59.97802416522286" lon="30.292113951092706">
				<ele>5.216724672354758</ele>
				<time>2022-08-28T14:52:14Z</time>
			</trkpt>
			<trkpt lat="59.97801784189419" lon="30.292079328402494">
				<ele>4.860954525880516</ele>
				<time>2022-08-28T14:52:16Z</time>
			</trkpt>
			<trkpt lat="59.97801956159602" lon="30.29202866025883">
				<ele>8.055453720502555</ele>
				<time>2022-08-28T14:52:18Z</time>
			</trkpt>
			<trkpt lat="59.97800648115693" lon="30.291996071184105">
				<ele>11.277196517214179</ele>
				<time>2022-08-28T14:52:20Z</time>
			</trkpt>
			<trkpt lat="59.97800268368048" lon="30.291867326172486">
				<ele>14.022208333946764</ele>
				<time>2022-08-28T14:52:23Z</time>
			</trkpt>
			<trkpt lat="59.97799406131825" lon="30.29187366809595">
				<ele>11.381298092193902</ele>
				<time>2022-08-28T14:52:25Z</time>
			</trkpt>
			<trkpt lat="59.97801927877188" lon="30.29187050270485">
				<ele>14.719613026827574</ele>
				<time>2022-08-28T14:52:26Z</time>
			</trkpt>
			<trkpt lat="59.977999672803605" lon="30.291877687341877">
				<ele>13.17088668141514</ele>
				<time>2022-08-28T14:52:27Z</time>
			</trkpt>
			<trkpt lat="59.977987571444345" lon="30.291835468585685">
				<ele>8.892730752937496</ele>
				<time>2022-08-28T14:52:29Z</time>
			</trkpt>
			<trkpt lat="59.97798326149967" lon="30.29178757075299">
				<ele>6.760639282874763</ele>
				<time>2022-08-28T14:52:31Z</time>
			</trkpt>
			<trkpt lat="59.97796431414638" lon="30.291746466408792">
				<ele>9.17483371682465</ele>
				<time>2022-08-28T14:52:33Z</time>
			</trkpt>
			<trkpt lat="59.97796374095169" lon="30.291704884012827">
				<ele>7.024551891721785</ele>
				<time>2022-08-28T14:52:35Z</time>
			</trkpt>
			<trkpt lat="59.97795338471068" lon="30.291651252434665">
				<ele>5.937746757641435</ele>
				<time>2022-08-28T14:52:37Z</time>
			</trkpt>
			<trkpt lat="59.97794407798712" lon="30.29161552207378">
				<ele>8.806628960184753</ele>
				<time>2022-08-28T14:52:39Z</time>
			</trkpt>
			<trkpt lat="59.97797488926804" lon="30.291579202314626">
				<ele>4.389695569872856</ele>
				<time>2022-08-28T14:52:42Z</time>
			</trkpt>
			<trkpt lat="59.97799882142478" lon="30.29154604065874">
				<ele>2.471881696023047</ele>
				<time>2022-08-28T14:52:44Z</time>
			</trkpt>
			<trkpt lat="59.978012900744105" lon="30.29150193114252">
				<ele>2.6360840257257223</ele>
				<time>2022-08-28T14:52:46Z</time>
			</trkpt>
			<trkpt lat="59.978037200218964" lon="30.29148583678418">
				<ele>4.607845325954258</ele>
				<time>2022-08-28T14:52:48Z</time>
			</trkpt>
			<trkpt lat="59.978052587254886" lon="30.291462367610276">
				<ele>1.8670550724491477</ele>
				<time>2022-08-28T14:52:50Z</time>
			</trkpt>
			<trkpt lat="59.97807137493365" lon="30.291413221069295">
				<ele>1.0559100126847625</ele>
				<time>2022-08-28T14:52:54Z</time>
			</trkpt>
			<trkpt lat="59.97809223645847" lon="30.291368599196872">
				<ele>1.2649174258112907</ele>
				<time>2022-08-28T14:52:56Z</time>
			</trkpt>
			<trkpt lat="59.978106123151434" lon="30.291326872866478">
				<ele>3.0899716736748815</ele>
				<time>2022-08-28T14:52:58Z</time>
			</trkpt>
			<trkpt lat="59.9781280668156" lon="30.291302127619076">
				<ele>-0.6164113972336054</ele>
				<time>2022-08-28T14:53:02Z</time>
			</trkpt>
			<trkpt lat="59.97815326093688" lon="30.291262386965368">
				<ele>2.482263899408281</ele>
				<time>2022-08-28T14:53:05Z</time>
			</trkpt>
			<trkpt lat="59.978170049541134" lon="30.291231711636794">
				<ele>-0.10045767668634653</ele>
				<time>2022-08-28T14:53:09Z</time>
			</trkpt>
			<trkpt lat="59.97818786703123" lon="30.29120641443173">
				<ele>1.9903191644698381</ele>
				<time>2022-08-28T14:53:11Z</time>
			</trkpt>
			<trkpt lat="59.978208012107416" lon="30.29117900638921">
				<ele>1.7158642699941993</ele>
				<time>2022-08-28T14:53:13Z</time>
			</trkpt>
			<trkpt lat="59.978222370557354" lon="30.29114320059974">
				<ele>2.4994707154110074</ele>
				<time>2022-08-28T14:53:16Z</time>
			</trkpt>
			<trkpt lat="59.97823737908423" lon="30.291111074274752">
				<ele>4.176548780873418</ele>
				<time>2022-08-28T14:53:19Z</time>
			</trkpt>
			<trkpt lat="59.97824625915711" lon="30.291068967225257">
				<ele>4.262238500639796</ele>
				<time>2022-08-28T14:53:21Z</time>
			</trkpt>
			<trkpt lat="59.97826616539542" lon="30.29105031138065">
				<ele>3.8497044583782554</ele>
				<time>2022-08-28T14:53:22Z</time>
			</trkpt>
			<trkpt lat="59.978267519166394" lon="30.291013474364302">
				<ele>4.261976974084973</ele>
				<time>2022-08-28T14:53:25Z</time>
			</trkpt>
			<trkpt lat="59.9782838364789" lon="30.290996621237696">
				<ele>5.812715042382479</ele>
				<time>2022-08-28T14:53:26Z</time>
			</trkpt>
			<trkpt lat="59.97831090897132" lon="30.2909870339017">
				<ele>6.1415572334080935</ele>
				<time>2022-08-28T14:53:28Z</time>
			</trkpt>
			<trkpt lat="59.97832820400663" lon="30.29097603333196">
				<ele>6.531084140762687</ele>
				<time>2022-08-28T14:53:29Z</time>
			</trkpt>
			<trkpt lat="59.97834412347736" lon="30.29092277734087">
				<ele>4.52278860937804</ele>
				<time>2022-08-28T14:53:32Z</time>
			</trkpt>
			<trkpt lat="59.97834323873322" lon="30.290868308232806">
				<ele>5.757728802971542</ele>
				<time>2022-08-28T14:53:35Z</time>
			</trkpt>
			<trkpt lat="59.97836382613966" lon="30.290859076247695">
				<ele>3.659733997657895</ele>
				<time>2022-08-28T14:53:37Z</time>
			</trkpt>
			<trkpt lat="59.97838196591775" lon="30.29082895371159">
				<ele>4.906887429766357</ele>
				<time>2022-08-28T14:53:39Z</time>
			</trkpt>
			<trkpt lat="59.97840968364008" lon="30.290808971829126">
				<ele>7.1229805406183</ele>
				<time>2022-08-28T14:53:41Z</time>
			</trkpt>
			<trkpt lat="59.97843388517841" lon="30.290796247987394">
				<ele>6.9876456102356315</ele>
				<time>2022-08-28T14:53:42Z</time>
			</trkpt>
			<trkpt lat="59.97846683308064" lon="30.290785579143854">
				<ele>2.034598896279931</ele>
				<time>2022-08-28T14:53:47Z</time>
			</trkpt>
			<trkpt lat="59.97848718875966" lon="30.290770032851214">
				<ele>-0.53607820533216</ele>
				<time>2022-08-28T14:53:51Z</time>
			</trkpt>
			<trkpt lat="59.97850447327395" lon="30.290758624451627">
				<ele>1.0613810308277607</ele>
				<time>2022-08-28T14:53:52Z</time>
			</trkpt>
			<trkpt lat="59.978515074283955" lon="30.29071834426902">
				<ele>2.2629563342779875</ele>
				<time>2022-08-28T14:53:53Z</time>
			</trkpt>
			<trkpt lat="59.97852261576632" lon="30.290685063266064">
				<ele>-0.2981894453987479</ele>
				<time>2022-08-28T14:53:56Z</time>
			</trkpt>
			<trkpt lat="59.97853020143021" lon="30.290646952479925">
				<ele>2.8593723829835653</ele>
				<time>2022-08-28T14:53:58Z</time>
			</trkpt>
			<trkpt lat="59.97854932375627" lon="30.29061040618612">
				<ele>3.9161768136546016</ele>
				<time>2022-08-28T14:54:00Z</time>
			</trkpt>
			<trkpt lat="59.978561929700554" lon="30.290571390609784">
				<ele>-0.05761790927499533</ele>
				<time>2022-08-28T14:54:03Z</time>
			</trkpt>
			<trkpt lat="59.97857486633576" lon="30.29053748862329">
				<ele>3.5895454939454794</ele>
				<time>2022-08-28T14:54:05Z</time>
			</trkpt>
			<trkpt lat="59.97858776435087" lon="30.29051027756533">
				<ele>1.5413172282278538</ele>
				<time>2022-08-28T14:54:07Z</time>
			</trkpt>
			<trkpt lat="59.978603177212776" lon="30.29048662085332">
				<ele>5.724707712419331</ele>
				<time>2022-08-28T14:54:08Z</time>
			</trkpt>
			<trkpt lat="59.97862481134776" lon="30.29043148774221">
				<ele>2.6032115845009685</ele>
				<time>2022-08-28T14:54:12Z</time>
			</trkpt>
			<trkpt lat="59.97864116277876" lon="30.29040474484328">
				<ele>3.0387949999421835</ele>
				<time>2022-08-28T14:54:16Z</time>
			</trkpt>
			<trkpt lat="59.978663047926496" lon="30.290392491248927">
				<ele>6.764754486270249</ele>
				<time>2022-08-28T14:54:17Z</time>
			</trkpt>
			<trkpt lat="59.97868261806342" lon="30.290397126203683">
				<ele>3.7143034879118204</ele>
				<time>2022-08-28T14:54:19Z</time>
			</trkpt>
			<trkpt lat="59.97867984543628" lon="30.29036148197585">
				<ele>2.7838930413126945</ele>
				<time>2022-08-28T14:54:21Z</time>
			</trkpt>
			<trkpt lat="59.978696771357974" lon="30.29034505138031">
				<ele>2.792260356247425</ele>
				<time>2022-08-28T14:54:22Z</time>
			</trkpt>
			<trkpt lat="59.978727361844875" lon="30.29032670298539">
				<ele>5.8163167694583535</ele>
				<time>2022-08-28T14:54:24Z</time>
			</trkpt>
			<trkpt lat="59.97873531993746" lon="30.29029104622379">
				<ele>3.441943695768714</ele>
				<time>2022-08-28T14:54:26Z</time>
			</trkpt>
			<trkpt lat="59.978761912999296" lon="30.290276497348867">
				<ele>4.090790794230998</ele>
				<time>2022-08-28T14:54:28Z</time>
			</trkpt>
			<trkpt lat="59.97877978753461" lon="30.290238604107387">
				<ele>4.466785862110555</ele>
				<time>2022-08-28T14:54:31Z</time>
			</trkpt>
			<trkpt lat="59.9787978466895" lon="30.290209956932355">
				<ele>5.269222334958613</ele>
				<time>2022-08-28T14:54:33Z</time>
			</trkpt>
			<trkpt lat="59.97878812880497" lon="30.290171960260018">
				<ele>3.818854471668601</ele>
				<time>2022-08-28T14:54:35Z</time>
			</trkpt>
			<trkpt lat="59.97881650671823" lon="30.290157527562343">
				<ele>3.025765063241124</ele>
				<time>2022-08-28T14:54:39Z</time>
			</trkpt>
			<trkpt lat="59.97882159967028" lon="30.290114450761465">
				<ele>1.1740668890997767</ele>
				<time>2022-08-28T14:54:42Z</time>
			</trkpt>
			<trkpt lat="59.97884697744734" lon="30.29009798346">
				<ele>1.7220594873651862</ele>
				<time>2022-08-28T14:54:44Z</time>
			</trkpt>
			<trkpt lat="59.97886407074862" lon="30.290081205980158">
				<ele>3.0432720789685845</ele>
				<time>2022-08-28T14:54:46Z</time>
			</trkpt>
			<trkpt lat="59.97887429026139" lon="30.29004583470024">
				<ele>-0.46458289213478565</ele>
				<time>2022-08-28T14:54:49Z</time>
			</trkpt>
			<trkpt lat="59.97888997874318" lon="30.29002227542436">
				<ele>0.09661402646452188</ele>
				<time>2022-08-28T14:54:51Z</time>
			</trkpt>
			<trkpt lat="59.9788912225188" lon="30.289967955828704">
				<ele>-1.0727760875597596</ele>
				<time>2022-08-28T14:54:53Z</time>
			</trkpt>
			<trkpt lat="59.978912641895015" lon="30.289933397496718">
				<ele>-0.875965029001236</ele>
				<time>2022-08-28T14:54:55Z</time>
			</trkpt>
			<trkpt lat="59.97892236418002" lon="30.289871792189047">
				<ele>0.2929411167278886</ele>
				<time>2022-08-28T14:54:57Z</time>
			</trkpt>
			<trkpt lat="59.97893588958487" lon="30.289823822838578">
				<ele>0.2167893061414361</ele>
				<time>2022-08-28T14:54:59Z</time>
			</trkpt>
			<trkpt lat="59.9789535394" lon="30.28978465384701">
				<ele>0.7911026095971465</ele>
				<time>2022-08-28T14:55:01Z</time>
			</trkpt>
			<trkpt lat="59.97896891549118" lon="30.289753452343703">
				<ele>1.8026427691802382</ele>
				<time>2022-08-28T14:55:03Z</time>
			</trkpt>
			<trkpt lat="59.978976417424334" lon="30.289710453333267">
				<ele>1.7132293935865164</ele>
				<time>2022-08-28T14:55:05Z</time>
			</trkpt>
			<trkpt lat="59.978992224762465" lon="30.289751377852046">
				<ele>0.5248241582885385</ele>
				<time>2022-08-28T14:55:06Z</time>
			</trkpt>
			<trkpt lat="59.979008677361136" lon="30.289767127914327">
				<ele>1.1211618222296238</ele>
				<time>2022-08-28T14:55:08Z</time>
			</trkpt>
			<trkpt lat="59.979029305930254" lon="30.289748297244596">
				<ele>1.232894204556942</ele>
				<time>2022-08-28T14:55:11Z</time>
			</trkpt>
			<trkpt lat="59.97904338545819" lon="30.28971498964815">
				<ele>1.1875335769727826</ele>
				<time>2022-08-28T14:55:14Z</time>
			</trkpt>
			<trkpt lat="59.979057128760296" lon="30.28968632714106">
				<ele>2.133451639674604</ele>
				<time>2022-08-28T14:55:16Z</time>
			</trkpt>
			<trkpt lat="59.97907529582889" lon="30.289658917242505">
				<ele>2.31185101531446</ele>
				<time>2022-08-28T14:55:19Z</time>
			</trkpt>
			<trkpt lat="59.9790997517407" lon="30.289627127195743">
				<ele>2.4596769511699677</ele>
				<time>2022-08-28T14:55:22Z</time>
			</trkpt>
			<trkpt lat="59.97912296489557" lon="30.289602418104234">
				<ele>1.9992878548800945</ele>
				<time>2022-08-28T14:55:25Z</time>
			</trkpt>
			<trkpt lat="59.97914471564715" lon="30.289579588658796">
				<ele>0.5480849407613277</ele>
				<time>2022-08-28T14:55:29Z</time>
			</trkpt>
			<trkpt lat="59.97917002166438" lon="30.289553408693852">
				<ele>0.3373869890347123</ele>
				<time>2022-08-28T14:55:32Z</time>
			</trkpt>
			<trkpt lat="59.97918666951364" lon="30.28953239239973">
				<ele>-0.13260400108993053</ele>
				<time>2022-08-28T14:55:33Z</time>
			</trkpt>
			<trkpt lat="59.979203898163696" lon="30.289514041252314">
				<ele>-0.6049172086641192</ele>
				<time>2022-08-28T14:55:34Z</time>
			</trkpt>
			<trkpt lat="59.97922358880893" lon="30.28950814763806">
				<ele>2.7793672075495124</ele>
				<time>2022-08-28T14:55:35Z</time>
			</trkpt>
			<trkpt lat="59.979230449915356" lon="30.289456472247817">
				<ele>0.7420514998957515</ele>
				<time>2022-08-28T14:55:38Z</time>
			</trkpt>
			<trkpt lat="59.97924746826179" lon="30.289433167722102">
				<ele>-0.07058969885110855</ele>
				<time>2022-08-28T14:55:40Z</time>
			</trkpt>
			<trkpt lat="59.9792667190122" lon="30.289401495372882">
				<ele>2.330749098211527</ele>
				<time>2022-08-28T14:55:42Z</time>
			</trkpt>
			<trkpt lat="59.97929111283374" lon="30.289367972429126">
				<ele>4.808974660933018</ele>
				<time>2022-08-28T14:55:44Z</time>
			</trkpt>
			<trkpt lat="59.979307490554994" lon="30.289339497464592">
				<ele>7.362208191305399</ele>
				<time>2022-08-28T14:55:47Z</time>
			</trkpt>
			<trkpt lat="59.97931597739675" lon="30.289303564722093">
				<ele>5.618968672119081</ele>
				<time>2022-08-28T14:55:49Z</time>
			</trkpt>
			<trkpt lat="59.979335077602684" lon="30.289294851831414">
				<ele>2.8644296880811453</ele>
				<time>2022-08-28T14:55:51Z</time>
			</trkpt>
			<trkpt lat="59.97934859855508" lon="30.28925557765791">
				<ele>2.91597022395581</ele>
				<time>2022-08-28T14:55:53Z</time>
			</trkpt>
			<trkpt lat="59.97936832666027" lon="30.289222329198065">
				<ele>3.47430192027241</ele>
				<time>2022-08-28T14:55:55Z</time>
			</trkpt>
			<trkpt lat="59.979380487874685" lon="30.28919373271532">
				<ele>3.1675750808790326</ele>
				<time>2022-08-28T14:55:57Z</time>
			</trkpt>
			<trkpt lat="59.97938915844383" lon="30.289157105678147">
				<ele>5.161730011925101</ele>
				<time>2022-08-28T14:55:59Z</time>
			</trkpt>
			<trkpt lat="59.97940022479684" lon="30.28912026853542">
				<ele>5.3741664327681065</ele>
				<time>2022-08-28T14:56:01Z</time>
			</trkpt>
			<trkpt lat="59.97941801949083" lon="30.289088716780515">
				<ele>0.609774999320507</ele>
				<time>2022-08-28T14:56:04Z</time>
			</trkpt>
			<trkpt lat="59.979441090393095" lon="30.289072237050988">
				<ele>-0.5900563467293978</ele>
				<time>2022-08-28T14:56:08Z</time>
			</trkpt>
			<trkpt lat="59.97946205664044" lon="30.28905738024655">
				<ele>4.055499427951872</ele>
				<time>2022-08-28T14:56:09Z</time>
			</trkpt>
			<trkpt lat="59.97947743567759" lon="30.289034106732625">
				<ele>5.466592903248966</ele>
				<time>2022-08-28T14:56:11Z</time>
			</trkpt>
			<trkpt lat="59.979491834610826" lon="30.289010614882447">
				<ele>5.973751801997423</ele>
				<time>2022-08-28T14:56:12Z</time>
			</trkpt>
			<trkpt lat="59.9795095039742" lon="30.288974271206833">
				<ele>4.697000361979008</ele>
				<time>2022-08-28T14:56:14Z</time>
			</trkpt>
			<trkpt lat="59.97953158596683" lon="30.28895478963761">
				<ele>4.368126234039664</ele>
				<time>2022-08-28T14:56:17Z</time>
			</trkpt>
			<trkpt lat="59.979552758642676" lon="30.288922746682392">
				<ele>4.574675160460174</ele>
				<time>2022-08-28T14:56:19Z</time>
			</trkpt>
			<trkpt lat="59.97956617293919" lon="30.288898905647944">
				<ele>6.14844202902168</ele>
				<time>2022-08-28T14:56:21Z</time>
			</trkpt>
			<trkpt lat="59.97957263008804" lon="30.28886470679184">
				<ele>7.426857712678611</ele>
				<time>2022-08-28T14:56:22Z</time>
			</trkpt>
			<trkpt lat="59.979597268608714" lon="30.288839884745773">
				<ele>2.321753659285605</ele>
				<time>2022-08-28T14:56:25Z</time>
			</trkpt>
			<trkpt lat="59.97962401728153" lon="30.288813786170785">
				<ele>4.3193648513406515</ele>
				<time>2022-08-28T14:56:28Z</time>
			</trkpt>
			<trkpt lat="59.979643284733314" lon="30.28878706039984">
				<ele>5.751244365237653</ele>
				<time>2022-08-28T14:56:30Z</time>
			</trkpt>
			<trkpt lat="59.979660793589765" lon="30.28877647496749">
				<ele>4.994386296719313</ele>
				<time>2022-08-28T14:56:34Z</time>
			</trkpt>
			<trkpt lat="59.97967800414774" lon="30.288728527570438">
				<ele>6.239450669847429</ele>
				<time>2022-08-28T14:56:36Z</time>
			</trkpt>
			<trkpt lat="59.979679255765895" lon="30.28867553893467">
				<ele>2.6056339545175433</ele>
				<time>2022-08-28T14:56:40Z</time>
			</trkpt>
			<trkpt lat="59.97969136425973" lon="30.288647114252214">
				<ele>5.546181274577975</ele>
				<time>2022-08-28T14:56:41Z</time>
			</trkpt>
			<trkpt lat="59.97970998244528" lon="30.288625558294264">
				<ele>0.7380989212542772</ele>
				<time>2022-08-28T14:56:43Z</time>
			</trkpt>
			<trkpt lat="59.979729272225185" lon="30.288594581053573">
				<ele>3.052690437063575</ele>
				<time>2022-08-28T14:56:45Z</time>
			</trkpt>
			<trkpt lat="59.979750476950294" lon="30.288573028518925">
				<ele>4.758249817416072</ele>
				<time>2022-08-28T14:56:47Z</time>
			</trkpt>
			<trkpt lat="59.97976849854375" lon="30.28853186781089">
				<ele>0.8777986941859126</ele>
				<time>2022-08-28T14:56:51Z</time>
			</trkpt>
			<trkpt lat="59.979785554420324" lon="30.28849277831911">
				<ele>1.2279445799067616</ele>
				<time>2022-08-28T14:56:54Z</time>
			</trkpt>
			<trkpt lat="59.97979816259764" lon="30.288467207920576">
				<ele>1.4208343513309956</ele>
				<time>2022-08-28T14:56:56Z</time>
			</trkpt>
			<trkpt lat="59.979819733223124" lon="30.288453442050024">
				<ele>-1.2318057203665376</ele>
				<time>2022-08-28T14:56:58Z</time>
			</trkpt>
			<trkpt lat="59.979842962644106" lon="30.28843528844126">
				<ele>2.1334968023002148</ele>
				<time>2022-08-28T14:57:00Z</time>
			</trkpt>
			<trkpt lat="59.97989031759898" lon="30.28842813584779">
				<ele>3.2550061233341694</ele>
				<time>2022-08-28T14:57:02Z</time>
			</trkpt>
			<trkpt lat="59.979863112078625" lon="30.288439175168822">
				<ele>1.5727372905239463</ele>
				<time>2022-08-28T14:57:03Z</time>
			</trkpt>
			<trkpt lat="59.979887800033566" lon="30.288367410443037">
				<ele>-0.7898398861289024</ele>
				<time>2022-08-28T14:57:05Z</time>
			</trkpt>
			<trkpt lat="59.97990779880026" lon="30.288345696484352">
				<ele>2.0140557466074824</ele>
				<time>2022-08-28T14:57:06Z</time>
			</trkpt>
			<trkpt lat="59.97989495888022" lon="30.28829866363247">
				<ele>1.017633113078773</ele>
				<time>2022-08-28T14:57:09Z</time>
			</trkpt>
			<trkpt lat="59.979881557854355" lon="30.288251608487265">
				<ele>3.0196556812152267</ele>
				<time>2022-08-28T14:57:10Z</time>
			</trkpt>
			<trkpt lat="59.9798771017398" lon="30.288215223941172">
				<ele>3.8261024225503206</ele>
				<time>2022-08-28T14:57:11Z</time>
			</trkpt>
			<trkpt lat="59.97985828013043" lon="30.288157872230343">
				<ele>2.2740686340257525</ele>
				<time>2022-08-28T14:57:16Z</time>
			</trkpt>
			<trkpt lat="59.97984726558919" lon="30.28808210681752">
				<ele>3.9383977502584457</ele>
				<time>2022-08-28T14:57:18Z</time>
			</trkpt>
			<trkpt lat="59.9798519170772" lon="30.288010256767386">
				<ele>5.4142141016200185</ele>
				<time>2022-08-28T14:57:23Z</time>
			</trkpt>
			<trkpt lat="59.979840332343144" lon="30.287955435142674">
				<ele>6.549447287805378</ele>
				<time>2022-08-28T14:57:26Z</time>
			</trkpt>
			<trkpt lat="59.979825570451226" lon="30.287928902393467">
				<ele>8.763053596019745</ele>
				<time>2022-08-28T14:57:27Z</time>
			</trkpt>
			<trkpt lat="59.979816346318295" lon="30.287876398248304">
				<ele>5.870899190194905</ele>
				<time>2022-08-28T14:57:29Z</time>
			</trkpt>
			<trkpt lat="59.97981205330772" lon="30.287840334842297">
				<ele>8.267330893315375</ele>
				<time>2022-08-28T14:57:30Z</time>
			</trkpt>
			<trkpt lat="59.979803417930796" lon="30.28779959528046">
				<ele>3.4870827542617917</ele>
				<time>2022-08-28T14:57:35Z</time>
			</trkpt>
			<trkpt lat="59.979791112224035" lon="30.2876891684462">
				<ele>6.424720281735063</ele>
				<time>2022-08-28T14:57:37Z</time>
			</trkpt>
			<trkpt lat="59.97980633699451" lon="30.2876612250282">
				<ele>2.1904817251488566</ele>
				<time>2022-08-28T14:57:41Z</time>
			</trkpt>
			<trkpt lat="59.97979943825121" lon="30.28761310470061">
				<ele>2.115686781704426</ele>
				<time>2022-08-28T14:57:43Z</time>
			</trkpt>
			<trkpt lat="59.979787665516824" lon="30.287582833107596">
				<ele>2.853943096473813</ele>
				<time>2022-08-28T14:57:44Z</time>
			</trkpt>
			<trkpt lat="59.97978206289622" lon="30.28754558071286">
				<ele>4.276346675120294</ele>
				<time>2022-08-28T14:57:45Z</time>
			</trkpt>
			<trkpt lat="59.979783954691506" lon="30.28749504542452">
				<ele>3.061752668581903</ele>
				<time>2022-08-28T14:57:49Z</time>
			</trkpt>
			<trkpt lat="59.97977827261922" lon="30.28745860656179">
				<ele>2.0845999820157886</ele>
				<time>2022-08-28T14:57:51Z</time>
			</trkpt>
			<trkpt lat="59.97977636815479" lon="30.287417423672988">
				<ele>1.85811604000628</ele>
				<time>2022-08-28T14:57:52Z</time>
			</trkpt>
			<trkpt lat="59.97978746164028" lon="30.287380882036228">
				<ele>-3.3409935142844915</ele>
				<time>2022-08-28T14:57:55Z</time>
			</trkpt>
			<trkpt lat="59.979780749283115" lon="30.28733484232548">
				<ele>-0.24037695955485106</ele>
				<time>2022-08-28T14:57:58Z</time>
			</trkpt>
			<trkpt lat="59.97977475713079" lon="30.287266635749">
				<ele>-0.7259318316355348</ele>
				<time>2022-08-28T14:58:00Z</time>
			</trkpt>
			<trkpt lat="59.979758620855996" lon="30.287214066087543">
				<ele>2.0461481185629964</ele>
				<time>2022-08-28T14:58:02Z</time>
			</trkpt>
			<trkpt lat="59.9797509873007" lon="30.287177035452157">
				<ele>-3.2097934307530522</ele>
				<time>2022-08-28T14:58:05Z</time>
			</trkpt>
			<trkpt lat="59.97973975464126" lon="30.287137885524768">
				<ele>-2.649493004195392</ele>
				<time>2022-08-28T14:58:07Z</time>
			</trkpt>
			<trkpt lat="59.97973640498286" lon="30.287070165632873">
				<ele>1.5718624060973525</ele>
				<time>2022-08-28T14:58:10Z</time>
			</trkpt>
			<trkpt lat="59.97975643581201" lon="30.287041221905955">
				<ele>2.5089939069002867</ele>
				<time>2022-08-28T14:58:13Z</time>
			</trkpt>
			<trkpt lat="59.97977014936953" lon="30.28701369647557">
				<ele>3.3924579164013267</ele>
				<time>2022-08-28T14:58:14Z</time>
			</trkpt>
			<trkpt lat="59.97978391852185" lon="30.286983169226172">
				<ele>2.402197828516364</ele>
				<time>2022-08-28T14:58:15Z</time>
			</trkpt>
			<trkpt lat="59.979795538903964" lon="30.286940879625522">
				<ele>0.7609592629596591</ele>
				<time>2022-08-28T14:58:18Z</time>
			</trkpt>
			<trkpt lat="59.97979878337313" lon="30.28689071972698">
				<ele>1.6867773123085499</ele>
				<time>2022-08-28T14:58:20Z</time>
			</trkpt>
			<trkpt lat="59.97980338525596" lon="30.28685303574332">
				<ele>1.9810380805283785</ele>
				<time>2022-08-28T14:58:22Z</time>
			</trkpt>
			<trkpt lat="59.97980396620205" lon="30.286806294743553">
				<ele>4.20392279420048</ele>
				<time>2022-08-28T14:58:23Z</time>
			</trkpt>
			<trkpt lat="59.979804276309245" lon="30.28675111926147">
				<ele>-0.08280553761869669</ele>
				<time>2022-08-28T14:58:27Z</time>
			</trkpt>
			<trkpt lat="59.97980542179103" lon="30.28670820409679">
				<ele>2.202236327342689</ele>
				<time>2022-08-28T14:58:28Z</time>
			</trkpt>
			<trkpt lat="59.97981231874312" lon="30.286635580594407">
				<ele>3.4651210978627205</ele>
				<time>2022-08-28T14:58:31Z</time>
			</trkpt>
			<trkpt lat="59.979825677686605" lon="30.28660184222041">
				<ele>3.2635726695880294</ele>
				<time>2022-08-28T14:58:34Z</time>
			</trkpt>
			<trkpt lat="59.9798392038132" lon="30.28657345807705">
				<ele>3.128285967744887</ele>
				<time>2022-08-28T14:58:36Z</time>
			</trkpt>
			<trkpt lat="59.97984969036484" lon="30.286540954605563">
				<ele>3.6599413566291332</ele>
				<time>2022-08-28T14:58:37Z</time>
			</trkpt>
			<trkpt lat="59.979867579180706" lon="30.28652483201755">
				<ele>5.3797891130670905</ele>
				<time>2022-08-28T14:58:38Z</time>
			</trkpt>
			<trkpt lat="59.9798840818238" lon="30.286501710206124">
				<ele>4.834868140518665</ele>
				<time>2022-08-28T14:58:41Z</time>
			</trkpt>
			<trkpt lat="59.97989834000239" lon="30.28646126624485">
				<ele>3.8720635287463665</ele>
				<time>2022-08-28T14:58:44Z</time>
			</trkpt>
			<trkpt lat="59.97990798901775" lon="30.286426952771066">
				<ele>-0.9557801736518741</ele>
				<time>2022-08-28T14:58:46Z</time>
			</trkpt>
			<trkpt lat="59.97992815169825" lon="30.286381612375827">
				<ele>1.4324261732399464</ele>
				<time>2022-08-28T14:58:48Z</time>
			</trkpt>
			<trkpt lat="59.97995103100044" lon="30.286346468039923">
				<ele>3.3157451739534736</ele>
				<time>2022-08-28T14:58:51Z</time>
			</trkpt>
			<trkpt lat="59.97996615257088" lon="30.286315429306107">
				<ele>3.8790778862312436</ele>
				<time>2022-08-28T14:58:53Z</time>
			</trkpt>
			<trkpt lat="59.979984354952634" lon="30.28628416279014">
				<ele>3.791666184552014</ele>
				<time>2022-08-28T14:58:56Z</time>
			</trkpt>
			<trkpt lat="59.98000378170296" lon="30.286241903295124">
				<ele>4.133569468744099</ele>
				<time>2022-08-28T14:58:59Z</time>
			</trkpt>
			<trkpt lat="59.98001032178071" lon="30.286195964771668">
				<ele>2.956475847400725</ele>
				<time>2022-08-28T14:59:01Z</time>
			</trkpt>
			<trkpt lat="59.98002322744608" lon="30.286164386625323">
				<ele>4.174959470517933</ele>
				<time>2022-08-28T14:59:03Z</time>
			</trkpt>
			<trkpt lat="59.980046614392734" lon="30.28614404350949">
				<ele>7.571972950361669</ele>
				<time>2022-08-28T14:59:05Z</time>
			</trkpt>
			<trkpt lat="59.98006823129616" lon="30.286113294448963">
				<ele>5.029643913730979</ele>
				<time>2022-08-28T14:59:08Z</time>
			</trkpt>
			<trkpt lat="59.98008421154178" lon="30.286089852324032">
				<ele>5.11792688537389</ele>
				<time>2022-08-28T14:59:09Z</time>
			</trkpt>
			<trkpt lat="59.98008370837391" lon="30.28605209389693">
				<ele>1.4757637064903975</ele>
				<time>2022-08-28T14:59:12Z</time>
			</trkpt>
			<trkpt lat="59.9800878936915" lon="30.286011792138346">
				<ele>0.19347647204995155</ele>
				<time>2022-08-28T14:59:14Z</time>
			</trkpt>
			<trkpt lat="59.98010056397365" lon="30.28596162297528">
				<ele>-0.5419640466570854</ele>
				<time>2022-08-28T14:59:16Z</time>
			</trkpt>
			<trkpt lat="59.98011469277968" lon="30.285928866630535">
				<ele>1.8892760882154107</ele>
				<time>2022-08-28T14:59:18Z</time>
			</trkpt>
			<trkpt lat="59.98012253820579" lon="30.28587267322491">
				<ele>2.641873355023563</ele>
				<time>2022-08-28T14:59:20Z</time>
			</trkpt>
			<trkpt lat="59.98014433524021" lon="30.285841156909598">
				<ele>2.156632793135941</ele>
				<time>2022-08-28T14:59:23Z</time>
			</trkpt>
			<trkpt lat="59.98015079238327" lon="30.285806203555435">
				<ele>2.217731853015721</ele>
				<time>2022-08-28T14:59:25Z</time>
			</trkpt>
			<trkpt lat="59.980166549665384" lon="30.28576816554718">
				<ele>1.2958427118137479</ele>
				<time>2022-08-28T14:59:27Z</time>
			</trkpt>
			<trkpt lat="59.980182301935976" lon="30.285738216909756">
				<ele>1.8315516645088792</ele>
				<time>2022-08-28T14:59:29Z</time>
			</trkpt>
			<trkpt lat="59.980197987452044" lon="30.2857193004542">
				<ele>1.2492662882432342</ele>
				<time>2022-08-28T14:59:31Z</time>
			</trkpt>
			<trkpt lat="59.98022544853852" lon="30.285704836153236">
				<ele>2.0200797263532877</ele>
				<time>2022-08-28T14:59:33Z</time>
			</trkpt>
			<trkpt lat="59.98024653564276" lon="30.285689550129902">
				<ele>0.8096579490229487</ele>
				<time>2022-08-28T14:59:35Z</time>
			</trkpt>
			<trkpt lat="59.98026263541234" lon="30.28566255253073">
				<ele>5.734313455410302</ele>
				<time>2022-08-28T14:59:36Z</time>
			</trkpt>
			<trkpt lat="59.98026258473163" lon="30.28562533301795">
				<ele>0.46235229074954987</ele>
				<time>2022-08-28T14:59:39Z</time>
			</trkpt>
			<trkpt lat="59.98028467365943" lon="30.28557478669376">
				<ele>3.407948663458228</ele>
				<time>2022-08-28T14:59:42Z</time>
			</trkpt>
			<trkpt lat="59.98030214197829" lon="30.28553692362553">
				<ele>4.517740691080689</ele>
				<time>2022-08-28T14:59:45Z</time>
			</trkpt>
			<trkpt lat="59.98033055292289" lon="30.285514322740447">
				<ele>4.034152894280851</ele>
				<time>2022-08-28T14:59:47Z</time>
			</trkpt>
			<trkpt lat="59.98035906357297" lon="30.28549916357518">
				<ele>1.0733628328889608</ele>
				<time>2022-08-28T14:59:50Z</time>
			</trkpt>
			<trkpt lat="59.98039193161133" lon="30.28547184406212">
				<ele>3.4838776849210262</ele>
				<time>2022-08-28T14:59:52Z</time>
			</trkpt>
			<trkpt lat="59.98042121090975" lon="30.28543399596028">
				<ele>4.966264620423317</ele>
				<time>2022-08-28T14:59:55Z</time>
			</trkpt>
			<trkpt lat="59.98044951751191" lon="30.285405427514814">
				<ele>4.831733361817896</ele>
				<time>2022-08-28T14:59:59Z</time>
			</trkpt>
			<trkpt lat="59.980467843989025" lon="30.285353389928265">
				<ele>3.5659166779369116</ele>
				<time>2022-08-28T15:00:01Z</time>
			</trkpt>
			<trkpt lat="59.98049092101123" lon="30.285317220065657">
				<ele>7.80593622662127</ele>
				<time>2022-08-28T15:00:02Z</time>
			</trkpt>
			<trkpt lat="59.980475715808424" lon="30.285337751217572">
				<ele>6.80490736849606</ele>
				<time>2022-08-28T15:00:03Z</time>
			</trkpt>
			<trkpt lat="59.98048900418516" lon="30.28530050370369">
				<ele>4.441698873415589</ele>
				<time>2022-08-28T15:00:04Z</time>
			</trkpt>
			<trkpt lat="59.98050430490192" lon="30.285262311036064">
				<ele>5.921356033533812</ele>
				<time>2022-08-28T15:00:06Z</time>
			</trkpt>
			<trkpt lat="59.9805194447767" lon="30.285225567468075">
				<ele>6.688958993181586</ele>
				<time>2022-08-28T15:00:08Z</time>
			</trkpt>
			<trkpt lat="59.98053624616726" lon="30.285206627513904">
				<ele>8.142878682352602</ele>
				<time>2022-08-28T15:00:09Z</time>
			</trkpt>
			<trkpt lat="59.98054868412379" lon="30.28516797227809">
				<ele>0.9737604577094316</ele>
				<time>2022-08-28T15:00:14Z</time>
			</trkpt>
			<trkpt lat="59.980561612276304" lon="30.285139322232837">
				<ele>0.48750345781445503</ele>
				<time>2022-08-28T15:00:16Z</time>
			</trkpt>
			<trkpt lat="59.980576551056515" lon="30.28511741686819">
				<ele>3.6016043461859226</ele>
				<time>2022-08-28T15:00:17Z</time>
			</trkpt>
			<trkpt lat="59.980596205522204" lon="30.285082124206237">
				<ele>3.733108694665134</ele>
				<time>2022-08-28T15:00:20Z</time>
			</trkpt>
			<trkpt lat="59.98061241408916" lon="30.285050922511044">
				<ele>2.66518996655941</ele>
				<time>2022-08-28T15:00:22Z</time>
			</trkpt>
			<trkpt lat="59.98063050629722" lon="30.28502442128028">
				<ele>5.916455860249698</ele>
				<time>2022-08-28T15:00:23Z</time>
			</trkpt>
			<trkpt lat="59.980645349535585" lon="30.28500267184292">
				<ele>4.647393763996661</ele>
				<time>2022-08-28T15:00:25Z</time>
			</trkpt>
			<trkpt lat="59.980665536121144" lon="30.284977277374193">
				<ele>4.967101998627186</ele>
				<time>2022-08-28T15:00:27Z</time>
			</trkpt>
			<trkpt lat="59.98068118688528" lon="30.284958536961543">
				<ele>3.53287026938051</ele>
				<time>2022-08-28T15:00:29Z</time>
			</trkpt>
			<trkpt lat="59.98069972575053" lon="30.28494576315681">
				<ele>4.390068770386279</ele>
				<time>2022-08-28T15:00:32Z</time>
			</trkpt>
			<trkpt lat="59.98072421570697" lon="30.28492257073391">
				<ele>4.311287765391171</ele>
				<time>2022-08-28T15:00:35Z</time>
			</trkpt>
			<trkpt lat="59.98075355262699" lon="30.284918845953303">
				<ele>-2.943313682451844</ele>
				<time>2022-08-28T15:00:40Z</time>
			</trkpt>
			<trkpt lat="59.98077925980251" lon="30.284913640626705">
				<ele>-0.9090359676629305</ele>
				<time>2022-08-28T15:00:42Z</time>
			</trkpt>
			<trkpt lat="59.98079742150444" lon="30.284900550986002">
				<ele>-1.016631188802421</ele>
				<time>2022-08-28T15:00:44Z</time>
			</trkpt>
			<trkpt lat="59.9808181706862" lon="30.2848993217879">
				<ele>-7.485314247198403</ele>
				<time>2022-08-28T15:00:47Z</time>
			</trkpt>
			<trkpt lat="59.98083694026356" lon="30.284892207514094">
				<ele>-8.062979800626636</ele>
				<time>2022-08-28T15:00:48Z</time>
			</trkpt>
			<trkpt lat="59.98086532011327" lon="30.284878007842376">
				<ele>-4.570768314413726</ele>
				<time>2022-08-28T15:00:50Z</time>
			</trkpt>
			<trkpt lat="59.98088639640781" lon="30.28485371357724">
				<ele>-4.867302999831736</ele>
				<time>2022-08-28T15:00:52Z</time>
			</trkpt>
			<trkpt lat="59.98091088118879" lon="30.28484336502803">
				<ele>-5.667333851568401</ele>
				<time>2022-08-28T15:00:54Z</time>
			</trkpt>
			<trkpt lat="59.98093649681229" lon="30.284840216426964">
				<ele>-6.675326460041106</ele>
				<time>2022-08-28T15:00:58Z</time>
			</trkpt>
			<trkpt lat="59.98095392690572" lon="30.28481551714057">
				<ele>-5.5354816894978285</ele>
				<time>2022-08-28T15:00:59Z</time>
			</trkpt>
			<trkpt lat="59.98097651414815" lon="30.284794681456734">
				<ele>-1.6556550990790129</ele>
				<time>2022-08-28T15:01:01Z</time>
			</trkpt>
			<trkpt lat="59.9809982145718" lon="30.284795336922738">
				<ele>0.19016789738088846</ele>
				<time>2022-08-28T15:01:03Z</time>
			</trkpt>
			<trkpt lat="59.98101820540853" lon="30.284787501180787">
				<ele>-1.454963432624936</ele>
				<time>2022-08-28T15:01:05Z</time>
			</trkpt>
			<trkpt lat="59.98105002838025" lon="30.284780140980814">
				<ele>-0.2188957016915083</ele>
				<time>2022-08-28T15:01:08Z</time>
			</trkpt>
			<trkpt lat="59.98106602382704" lon="30.28476079567189">
				<ele>2.757716198451817</ele>
				<time>2022-08-28T15:01:09Z</time>
			</trkpt>
			<trkpt lat="59.98108697752816" lon="30.28476059057102">
				<ele>-1.2909072823822498</ele>
				<time>2022-08-28T15:01:13Z</time>
			</trkpt>
			<trkpt lat="59.981106916879455" lon="30.28475583686296">
				<ele>-1.575769909657538</ele>
				<time>2022-08-28T15:01:15Z</time>
			</trkpt>
			<trkpt lat="59.9811432823742" lon="30.28476365081733">
				<ele>0.8784875646233559</ele>
				<time>2022-08-28T15:01:17Z</time>
			</trkpt>
			<trkpt lat="59.98117084219422" lon="30.284756400716955">
				<ele>0.31356982979923487</ele>
				<time>2022-08-28T15:01:20Z</time>
			</trkpt>
			<trkpt lat="59.98119380077454" lon="30.284724111613656">
				<ele>1.630253840237856</ele>
				<time>2022-08-28T15:01:22Z</time>
			</trkpt>
			<trkpt lat="59.981218942470974" lon="30.284711299080826">
				<ele>3.4862834895029664</ele>
				<time>2022-08-28T15:01:24Z</time>
			</trkpt>
			<trkpt lat="59.98123856949079" lon="30.284725415021096">
				<ele>-1.8578497553244233</ele>
				<time>2022-08-28T15:01:27Z</time>
			</trkpt>
			<trkpt lat="59.981256363072404" lon="30.284696656970215">
				<ele>-0.2155053298920393</ele>
				<time>2022-08-28T15:01:29Z</time>
			</trkpt>
			<trkpt lat="59.981278125190286" lon="30.28467104413625">
				<ele>1.5323510160669684</ele>
				<time>2022-08-28T15:01:32Z</time>
			</trkpt>
			<trkpt lat="59.9813024049774" lon="30.284652738276595">
				<ele>-0.6428424827754498</ele>
				<time>2022-08-28T15:01:34Z</time>
			</trkpt>
			<trkpt lat="59.98132196908144" lon="30.28462281138577">
				<ele>-0.45993160735815763</ele>
				<time>2022-08-28T15:01:37Z</time>
			</trkpt>
			<trkpt lat="59.9813482872079" lon="30.28463172147896">
				<ele>-0.7986386809498072</ele>
				<time>2022-08-28T15:01:42Z</time>
			</trkpt>
			<trkpt lat="59.98136290689408" lon="30.284601547475408">
				<ele>-0.48063428793102503</ele>
				<time>2022-08-28T15:01:45Z</time>
			</trkpt>
			<trkpt lat="59.98138462115061" lon="30.284573681632082">
				<ele>-0.6948394766077399</ele>
				<time>2022-08-28T15:01:47Z</time>
			</trkpt>
			<trkpt lat="59.981401361879314" lon="30.28455324742227">
				<ele>1.0449028201401234</ele>
				<time>2022-08-28T15:01:48Z</time>
			</trkpt>
			<trkpt lat="59.98140596133823" lon="30.284514583191473">
				<ele>1.8858385905623436</ele>
				<time>2022-08-28T15:01:51Z</time>
			</trkpt>
			<trkpt lat="59.981398255643036" lon="30.28446864194474">
				<ele>3.0587414652109146</ele>
				<time>2022-08-28T15:01:53Z</time>
			</trkpt>
			<trkpt lat="59.981385178797034" lon="30.28441864872195">
				<ele>3.739417238160968</ele>
				<time>2022-08-28T15:01:55Z</time>
			</trkpt>
			<trkpt lat="59.98138066461639" lon="30.284369027880274">
				<ele>1.693946359679103</ele>
				<time>2022-08-28T15:01:58Z</time>
			</trkpt>
			<trkpt lat="59.98138186106774" lon="30.284329926847576">
				<ele>4.879339984618127</ele>
				<time>2022-08-28T15:02:01Z</time>
			</trkpt>
			<trkpt lat="59.98137859760601" lon="30.284269684420224">
				<ele>4.782104981131852</ele>
				<time>2022-08-28T15:02:03Z</time>
			</trkpt>
			<trkpt lat="59.98137390138422" lon="30.28422585894851">
				<ele>4.793944993056357</ele>
				<time>2022-08-28T15:02:06Z</time>
			</trkpt>
			<trkpt lat="59.98136491983319" lon="30.284165903457886">
				<ele>2.096740630455315</ele>
				<time>2022-08-28T15:02:09Z</time>
			</trkpt>
			<trkpt lat="59.98135751125109" lon="30.28413290487774">
				<ele>3.680227018892765</ele>
				<time>2022-08-28T15:02:11Z</time>
			</trkpt>
			<trkpt lat="59.9813449176826" lon="30.284088891103764">
				<ele>3.556911530904472</ele>
				<time>2022-08-28T15:02:14Z</time>
			</trkpt>
			<trkpt lat="59.98133800219266" lon="30.284044543254584">
				<ele>2.33440060634166</ele>
				<time>2022-08-28T15:02:16Z</time>
			</trkpt>
			<trkpt lat="59.981333151438015" lon="30.283989549610794">
				<ele>4.556354726664722</ele>
				<time>2022-08-28T15:02:19Z</time>
			</trkpt>
			<trkpt lat="59.98132241427079" lon="30.28394710474158">
				<ele>3.3992352597415447</ele>
				<time>2022-08-28T15:02:21Z</time>
			</trkpt>
			<trkpt lat="59.98131471859885" lon="30.28389421587618">
				<ele>-0.14767024759203196</ele>
				<time>2022-08-28T15:02:25Z</time>
			</trkpt>
			<trkpt lat="59.98131212496313" lon="30.283853284097454">
				<ele>2.5113277519121766</ele>
				<time>2022-08-28T15:02:27Z</time>
			</trkpt>
			<trkpt lat="59.981309089086565" lon="30.28381168311857">
				<ele>-0.6276143239811063</ele>
				<time>2022-08-28T15:02:30Z</time>
			</trkpt>
			<trkpt lat="59.98129980869598" lon="30.283759838460938">
				<ele>0.11502155102789402</ele>
				<time>2022-08-28T15:02:33Z</time>
			</trkpt>
			<trkpt lat="59.981291243295026" lon="30.283704362553">
				<ele>0.192735955119133</ele>
				<time>2022-08-28T15:02:35Z</time>
			</trkpt>
			<trkpt lat="59.98128475403514" lon="30.283657145777557">
				<ele>-0.6491356072947383</ele>
				<time>2022-08-28T15:02:39Z</time>
			</trkpt>
			<trkpt lat="59.98129112101601" lon="30.28359367750965">
				<ele>-1.9428052892908454</ele>
				<time>2022-08-28T15:02:43Z</time>
			</trkpt>
			<trkpt lat="59.98128111853753" lon="30.283528362949443">
				<ele>1.1281983684748411</ele>
				<time>2022-08-28T15:02:45Z</time>
			</trkpt>
			<trkpt lat="59.9812781259297" lon="30.283484929226265">
				<ele>2.183468288742006</ele>
				<time>2022-08-28T15:02:48Z</time>
			</trkpt>
			<trkpt lat="59.981266675755485" lon="30.28341826813176">
				<ele>1.3639940796419978</ele>
				<time>2022-08-28T15:02:51Z</time>
			</trkpt>
			<trkpt lat="59.981260849297136" lon="30.283369235443587">
				<ele>-3.8981782412156463</ele>
				<time>2022-08-28T15:02:53Z</time>
			</trkpt>
			<trkpt lat="59.98124754770008" lon="30.283321629862094">
				<ele>1.7892557242885232</ele>
				<time>2022-08-28T15:02:56Z</time>
			</trkpt>
			<trkpt lat="59.98124402074831" lon="30.283272299668813">
				<ele>1.2526531480252743</ele>
				<time>2022-08-28T15:02:58Z</time>
			</trkpt>
			<trkpt lat="59.98124247289146" lon="30.283218194700428">
				<ele>3.20041421148926</ele>
				<time>2022-08-28T15:03:02Z</time>
			</trkpt>
			<trkpt lat="59.98124136611279" lon="30.283140471192922">
				<ele>3.4577717212960124</ele>
				<time>2022-08-28T15:03:04Z</time>
			</trkpt>
			<trkpt lat="59.98122519111596" lon="30.283110813443226">
				<ele>3.8454266944900155</ele>
				<time>2022-08-28T15:03:07Z</time>
			</trkpt>
			<trkpt lat="59.98122274266286" lon="30.283051211736918">
				<ele>5.305236523970962</ele>
				<time>2022-08-28T15:03:10Z</time>
			</trkpt>
			<trkpt lat="59.98121842676913" lon="30.283005195915578">
				<ele>2.86273084115237</ele>
				<time>2022-08-28T15:03:12Z</time>
			</trkpt>
			<trkpt lat="59.98121637608996" lon="30.282962668045137">
				<ele>4.409403359517455</ele>
				<time>2022-08-28T15:03:15Z</time>
			</trkpt>
			<trkpt lat="59.98120105218784" lon="30.28292515266674">
				<ele>3.7556961914524436</ele>
				<time>2022-08-28T15:03:17Z</time>
			</trkpt>
			<trkpt lat="59.98118481651727" lon="30.282871237187535">
				<ele>2.113561228848994</ele>
				<time>2022-08-28T15:03:19Z</time>
			</trkpt>
			<trkpt lat="59.981186986540855" lon="30.282834260056134">
				<ele>1.8537885546684265</ele>
				<time>2022-08-28T15:03:22Z</time>
			</trkpt>
			<trkpt lat="59.981177632159216" lon="30.28279725420384">
				<ele>1.5146101117134094</ele>
				<time>2022-08-28T15:03:25Z</time>
			</trkpt>
			<trkpt lat="59.9811732267921" lon="30.282736416797352">
				<ele>4.53865903429687</ele>
				<time>2022-08-28T15:03:27Z</time>
			</trkpt>
			<trkpt lat="59.98118721000852" lon="30.282683236762473">
				<ele>2.224969172850251</ele>
				<time>2022-08-28T15:03:30Z</time>
			</trkpt>
			<trkpt lat="59.98120653485816" lon="30.28264357751543">
				<ele>2.5639210594817996</ele>
				<time>2022-08-28T15:03:32Z</time>
			</trkpt>
			<trkpt lat="59.981219808527875" lon="30.282602463824325">
				<ele>1.8242422984912992</ele>
				<time>2022-08-28T15:03:34Z</time>
			</trkpt>
			<trkpt lat="59.98121318366359" lon="30.28254994127441">
				<ele>2.732981880195439</ele>
				<time>2022-08-28T15:03:37Z</time>
			</trkpt>
			<trkpt lat="59.98119986500087" lon="30.28249463208354">
				<ele>3.888635034672916</ele>
				<time>2022-08-28T15:03:40Z</time>
			</trkpt>
			<trkpt lat="59.981215719299136" lon="30.282477686674284">
				<ele>4.013813737779856</ele>
				<time>2022-08-28T15:03:42Z</time>
			</trkpt>
			<trkpt lat="59.981239186043176" lon="30.2824853043913">
				<ele>-2.0214627739042044</ele>
				<time>2022-08-28T15:03:45Z</time>
			</trkpt>
			<trkpt lat="59.981266622587576" lon="30.282508048027406">
				<ele>-0.07714473456144333</ele>
				<time>2022-08-28T15:03:47Z</time>
			</trkpt>
			<trkpt lat="59.98128187329472" lon="30.282534231606586">
				<ele>-0.13221143279224634</ele>
				<time>2022-08-28T15:03:49Z</time>
			</trkpt>
			<trkpt lat="59.98129057959632" lon="30.282587152918587">
				<ele>-0.6616606712341309</ele>
				<time>2022-08-28T15:03:52Z</time>
			</trkpt>
			<trkpt lat="59.98129969474186" lon="30.28262430513699">
				<ele>-1.7646025102585554</ele>
				<time>2022-08-28T15:04:23Z</time>
			</trkpt>
			<trkpt lat="59.981288177822215" lon="30.28259030662092">
				<ele>-1.896343545988202</ele>
				<time>2022-08-28T15:04:46Z</time>
			</trkpt>
			<trkpt lat="59.981282229088436" lon="30.28255403856281">
				<ele>-0.47933056578040123</ele>
				<time>2022-08-28T15:04:49Z</time>
			</trkpt>
			<trkpt lat="59.98127099495579" lon="30.282498720905355">
				<ele>-2.521580713801086</ele>
				<time>2022-08-28T15:04:51Z</time>
			</trkpt>
			<trkpt lat="59.981257169595466" lon="30.282464662853837">
				<ele>-0.7771565327420831</ele>
				<time>2022-08-28T15:04:53Z</time>
			</trkpt>
			<trkpt lat="59.98124391965179" lon="30.28242970775919">
				<ele>2.4953063083812594</ele>
				<time>2022-08-28T15:04:55Z</time>
			</trkpt>
			<trkpt lat="59.98123897769782" lon="30.282386525508173">
				<ele>2.4227645993232727</ele>
				<time>2022-08-28T15:04:58Z</time>
			</trkpt>
			<trkpt lat="59.9812222385337" lon="30.28233811958181">
				<ele>4.682259383611381</ele>
				<time>2022-08-28T15:05:00Z</time>
			</trkpt>
			<trkpt lat="59.98121879378067" lon="30.282301238660146">
				<ele>4.43072294909507</ele>
				<time>2022-08-28T15:05:03Z</time>
			</trkpt>
			<trkpt lat="59.98119742674473" lon="30.282262979068353">
				<ele>5.543550131842494</ele>
				<time>2022-08-28T15:05:05Z</time>
			</trkpt>
			<trkpt lat="59.98117967411164" lon="30.28223211464046">
				<ele>5.553656738251448</ele>
				<time>2022-08-28T15:05:07Z</time>
			</trkpt>
			<trkpt lat="59.981167316352895" lon="30.282201396198435">
				<ele>5.314466665498912</ele>
				<time>2022-08-28T15:05:09Z</time>
			</trkpt>
			<trkpt lat="59.98115530265031" lon="30.282162444772965">
				<ele>3.3973132502287626</ele>
				<time>2022-08-28T15:05:11Z</time>
			</trkpt>
			<trkpt lat="59.98114639764596" lon="30.28212461291577">
				<ele>4.178636536002159</ele>
				<time>2022-08-28T15:05:13Z</time>
			</trkpt>
			<trkpt lat="59.98113825229313" lon="30.282085990978867">
				<ele>2.2505438746884465</ele>
				<time>2022-08-28T15:05:15Z</time>
			</trkpt>
			<trkpt lat="59.981125437508595" lon="30.282040371376215">
				<ele>0.32398221362382174</ele>
				<time>2022-08-28T15:05:18Z</time>
			</trkpt>
			<trkpt lat="59.98113164735924" lon="30.28200323475887">
				<ele>-0.5242837825790048</ele>
				<time>2022-08-28T15:05:21Z</time>
			</trkpt>
			<trkpt lat="59.98113500967228" lon="30.28205580197105">
				<ele>0.5674374075606465</ele>
				<time>2022-08-28T15:05:23Z</time>
			</trkpt>
			<trkpt lat="59.981147323330354" lon="30.282029326625576">
				<ele>0.06394467130303383</ele>
				<time>2022-08-28T15:05:26Z</time>
			</trkpt>
			<trkpt lat="59.98114052065586" lon="30.281990494937066">
				<ele>0.24710557702928782</ele>
				<time>2022-08-28T15:05:48Z</time>
			</trkpt>
			<trkpt lat="59.98111683307476" lon="30.281979497602215">
				<ele>3.086852539330721</ele>
				<time>2022-08-28T15:06:01Z</time>
			</trkpt>
			<trkpt lat="59.981113121987306" lon="30.28193780295187">
				<ele>0.765930412337184</ele>
				<time>2022-08-28T15:06:14Z</time>
			</trkpt>
			<trkpt lat="59.98110668549153" lon="30.28189469748245">
				<ele>0.22851385548710823</ele>
				<time>2022-08-28T15:06:18Z</time>
			</trkpt>
			<trkpt lat="59.98109525975983" lon="30.281862325687566">
				<ele>2.9499276615679264</ele>
				<time>2022-08-28T15:06:20Z</time>
			</trkpt>
			<trkpt lat="59.9810907081688" lon="30.28180086554169">
				<ele>6.363354241475463</ele>
				<time>2022-08-28T15:06:23Z</time>
			</trkpt>
			<trkpt lat="59.98108728782147" lon="30.28176476724178">
				<ele>4.1548413364216685</ele>
				<time>2022-08-28T15:06:26Z</time>
			</trkpt>
			<trkpt lat="59.98108049728222" lon="30.28173092271172">
				<ele>5.725106970407069</ele>
				<time>2022-08-28T15:06:27Z</time>
			</trkpt>
			<trkpt lat="59.981069359356155" lon="30.28168315434712">
				<ele>6.2832217290997505</ele>
				<time>2022-08-28T15:06:30Z</time>
			</trkpt>
			<trkpt lat="59.98105420688466" lon="30.28163124993495">
				<ele>4.548124046996236</ele>
				<time>2022-08-28T15:06:33Z</time>
			</trkpt>
			<trkpt lat="59.981051725605326" lon="30.281572856039435">
				<ele>8.706347463652492</ele>
				<time>2022-08-28T15:06:35Z</time>
			</trkpt>
			<trkpt lat="59.98104832792941" lon="30.281524062646465">
				<ele>5.99578242842108</ele>
				<time>2022-08-28T15:06:38Z</time>
			</trkpt>
			<trkpt lat="59.98103115060964" lon="30.281489213053185">
				<ele>6.755856703035533</ele>
				<time>2022-08-28T15:06:41Z</time>
			</trkpt>
			<trkpt lat="59.981033475746415" lon="30.281453524193">
				<ele>5.0764704225584865</ele>
				<time>2022-08-28T15:06:43Z</time>
			</trkpt>
			<trkpt lat="59.981039952568416" lon="30.28141728628519">
				<ele>6.091445858590305</ele>
				<time>2022-08-28T15:06:45Z</time>
			</trkpt>
			<trkpt lat="59.98102875467815" lon="30.281387709606875">
				<ele>4.305968156084418</ele>
				<time>2022-08-28T15:06:47Z</time>
			</trkpt>
			<trkpt lat="59.98104765081838" lon="30.281414266843843">
				<ele>2.982620564289391</ele>
				<time>2022-08-28T15:06:54Z</time>
			</trkpt>
			<trkpt lat="59.981059846701086" lon="30.28144121739684">
				<ele>3.1812649546191096</ele>
				<time>2022-08-28T15:06:56Z</time>
			</trkpt>
			<trkpt lat="59.98104449384125" lon="30.28140553407488">
				<ele>2.3891680482774973</ele>
				<time>2022-08-28T15:07:03Z</time>
			</trkpt>
			<trkpt lat="59.98103139911205" lon="30.28136574046774">
				<ele>-0.7692118650302291</ele>
				<time>2022-08-28T15:07:05Z</time>
			</trkpt>
			<trkpt lat="59.98101466214221" lon="30.28132486794609">
				<ele>-0.9047226952388883</ele>
				<time>2022-08-28T15:07:07Z</time>
			</trkpt>
			<trkpt lat="59.981012265210914" lon="30.28128599239569">
				<ele>0.3322143377736211</ele>
				<time>2022-08-28T15:07:09Z</time>
			</trkpt>
			<trkpt lat="59.98099946860073" lon="30.281257831008826">
				<ele>-4.072711577638984</ele>
				<time>2022-08-28T15:07:12Z</time>
			</trkpt>
			<trkpt lat="59.980977249438304" lon="30.281249239183165">
				<ele>-6.719620771706104</ele>
				<time>2022-08-28T15:07:17Z</time>
			</trkpt>
			<trkpt lat="59.980961441714015" lon="30.281196900645888">
				<ele>-5.7628182508051395</ele>
				<time>2022-08-28T15:07:20Z</time>
			</trkpt>
			<trkpt lat="59.98094896991868" lon="30.28115617580372">
				<ele>-1.656904541887343</ele>
				<time>2022-08-28T15:07:21Z</time>
			</trkpt>
			<trkpt lat="59.98096392454514" lon="30.28109672811899">
				<ele>0.014712830074131489</ele>
				<time>2022-08-28T15:07:22Z</time>
			</trkpt>
			<trkpt lat="59.9809492103492" lon="30.28104476716604">
				<ele>-1.1969840144738555</ele>
				<time>2022-08-28T15:07:23Z</time>
			</trkpt>
			<trkpt lat="59.980934344217054" lon="30.281014485256225">
				<ele>1.3210517559200525</ele>
				<time>2022-08-28T15:07:24Z</time>
			</trkpt>
			<trkpt lat="59.9809460801316" lon="30.28098520557458">
				<ele>-0.2189408540725708</ele>
				<time>2022-08-28T15:07:26Z</time>
			</trkpt>
			<trkpt lat="59.98093339445426" lon="30.28093180068469">
				<ele>-2.2531162332743406</ele>
				<time>2022-08-28T15:07:29Z</time>
			</trkpt>
			<trkpt lat="59.98092958665309" lon="30.280895821199913">
				<ele>-1.0282804379239678</ele>
				<time>2022-08-28T15:07:31Z</time>
			</trkpt>
			<trkpt lat="59.98091671274066" lon="30.280864466172087">
				<ele>-1.580764644779265</ele>
				<time>2022-08-28T15:07:33Z</time>
			</trkpt>
			<trkpt lat="59.98091498822054" lon="30.280818680418253">
				<ele>-1.1846610214561224</ele>
				<time>2022-08-28T15:07:36Z</time>
			</trkpt>
			<trkpt lat="59.980907496997794" lon="30.28077953121328">
				<ele>2.3647176884114742</ele>
				<time>2022-08-28T15:07:38Z</time>
			</trkpt>
			<trkpt lat="59.98090318699221" lon="30.280733007129847">
				<ele>2.8892531525343657</ele>
				<time>2022-08-28T15:07:41Z</time>
			</trkpt>
			<trkpt lat="59.98089545314969" lon="30.2806805863982">
				<ele>0.8261626055464149</ele>
				<time>2022-08-28T15:07:43Z</time>
			</trkpt>
			<trkpt lat="59.980887766301414" lon="30.28061671812279">
				<ele>1.6302970414981246</ele>
				<time>2022-08-28T15:07:45Z</time>
			</trkpt>
			<trkpt lat="59.98088572046632" lon="30.28056912835483">
				<ele>1.9832679061219096</ele>
				<time>2022-08-28T15:07:49Z</time>
			</trkpt>
			<trkpt lat="59.980872399863514" lon="30.280520427603243">
				<ele>2.995673074387014</ele>
				<time>2022-08-28T15:07:53Z</time>
			</trkpt>
			<trkpt lat="59.98086197301613" lon="30.28047949132435">
				<ele>1.1404133895412087</ele>
				<time>2022-08-28T15:07:55Z</time>
			</trkpt>
			<trkpt lat="59.98085362612941" lon="30.28043043120701">
				<ele>1.7138848211616278</ele>
				<time>2022-08-28T15:07:57Z</time>
			</trkpt>
			<trkpt lat="59.9808463891195" lon="30.280393309323866">
				<ele>3.2276015747338533</ele>
				<time>2022-08-28T15:07:59Z</time>
			</trkpt>
			<trkpt lat="59.98082691611121" lon="30.28035707942011">
				<ele>1.1459965305402875</ele>
				<time>2022-08-28T15:08:01Z</time>
			</trkpt>
			<trkpt lat="59.980817056791636" lon="30.28032190260094">
				<ele>-0.0329155633226037</ele>
				<time>2022-08-28T15:08:03Z</time>
			</trkpt>
			<trkpt lat="59.98080309669952" lon="30.280279978168092">
				<ele>-0.3025747323408723</ele>
				<time>2022-08-28T15:08:05Z</time>
			</trkpt>
			<trkpt lat="59.98079562550175" lon="30.280236101246103">
				<ele>-0.6480862991884351</ele>
				<time>2022-08-28T15:08:08Z</time>
			</trkpt>
			<trkpt lat="59.98078996316446" lon="30.280177336572066">
				<ele>-3.5835455926135182</ele>
				<time>2022-08-28T15:08:12Z</time>
			</trkpt>
			<trkpt lat="59.98078821914473" lon="30.280141122423363">
				<ele>-2.9849171889945865</ele>
				<time>2022-08-28T15:08:14Z</time>
			</trkpt>
			<trkpt lat="59.98077438936567" lon="30.28009839767754">
				<ele>-4.413521897979081</ele>
				<time>2022-08-28T15:08:17Z</time>
			</trkpt>
			<trkpt lat="59.980760972146335" lon="30.280050355204875">
				<ele>-2.934210675768554</ele>
				<time>2022-08-28T15:08:20Z</time>
			</trkpt>
			<trkpt lat="59.98075060425945" lon="30.280008688198468">
				<ele>-0.5945629989728332</ele>
				<time>2022-08-28T15:08:22Z</time>
			</trkpt>
			<trkpt lat="59.98073885325102" lon="30.27997099086672">
				<ele>1.0925936475396156</ele>
				<time>2022-08-28T15:08:24Z</time>
			</trkpt>
			<trkpt lat="59.98071942325216" lon="30.2799477108743">
				<ele>0.6847970318049192</ele>
				<time>2022-08-28T15:08:27Z</time>
			</trkpt>
			<trkpt lat="59.98071154658283" lon="30.279914936540766">
				<ele>-3.4169448921456933</ele>
				<time>2022-08-28T15:08:30Z</time>
			</trkpt>
			<trkpt lat="59.98070145849908" lon="30.279881971536124">
				<ele>-2.1189679503440857</ele>
				<time>2022-08-28T15:08:32Z</time>
			</trkpt>
			<trkpt lat="59.980694359652475" lon="30.279847339882235">
				<ele>1.3919341145083308</ele>
				<time>2022-08-28T15:08:34Z</time>
			</trkpt>
			<trkpt lat="59.980702245574875" lon="30.27980153537672">
				<ele>2.678309212438762</ele>
				<time>2022-08-28T15:08:36Z</time>
			</trkpt>
			<trkpt lat="59.98069857429405" lon="30.27975800707051">
				<ele>1.0548552637919784</ele>
				<time>2022-08-28T15:08:38Z</time>
			</trkpt>
			<trkpt lat="59.98071111634848" lon="30.279718219998717">
				<ele>2.8504079338163137</ele>
				<time>2022-08-28T15:08:39Z</time>
			</trkpt>
			<trkpt lat="59.980706425550025" lon="30.279663541879106">
				<ele>1.74489242490381</ele>
				<time>2022-08-28T15:08:42Z</time>
			</trkpt>
			<trkpt lat="59.980695420325716" lon="30.279621469191873">
				<ele>1.3706558244302869</ele>
				<time>2022-08-28T15:08:44Z</time>
			</trkpt>
			<trkpt lat="59.9806835356117" lon="30.279579940182888">
				<ele>1.8024870259687304</ele>
				<time>2022-08-28T15:08:46Z</time>
			</trkpt>
			<trkpt lat="59.98067411339436" lon="30.279545009563495">
				<ele>2.5175302028656006</ele>
				<time>2022-08-28T15:08:48Z</time>
			</trkpt>
			<trkpt lat="59.98067026676844" lon="30.27950796532242">
				<ele>2.6065367814153433</ele>
				<time>2022-08-28T15:08:50Z</time>
			</trkpt>
			<trkpt lat="59.980659084697464" lon="30.279469291629223">
				<ele>-1.8150389827787876</ele>
				<time>2022-08-28T15:08:53Z</time>
			</trkpt>
			<trkpt lat="59.98064491483406" lon="30.279410494224937">
				<ele>-0.6397463316097856</ele>
				<time>2022-08-28T15:08:55Z</time>
			</trkpt>
			<trkpt lat="59.98064883551538" lon="30.279373752755763">
				<ele>2.135302161797881</ele>
				<time>2022-08-28T15:08:58Z</time>
			</trkpt>
			<trkpt lat="59.980643809732726" lon="30.279323558264547">
				<ele>2.416202060878277</ele>
				<time>2022-08-28T15:08:59Z</time>
			</trkpt>
			<trkpt lat="59.98063178142973" lon="30.279287875953028">
				<ele>-1.4783362094312906</ele>
				<time>2022-08-28T15:09:03Z</time>
			</trkpt>
			<trkpt lat="59.98061913029444" lon="30.279244947124937">
				<ele>0.40811839513480663</ele>
				<time>2022-08-28T15:09:05Z</time>
			</trkpt>
			<trkpt lat="59.9806109628316" lon="30.279212385895708">
				<ele>-0.44384939689189196</ele>
				<time>2022-08-28T15:09:06Z</time>
			</trkpt>
			<trkpt lat="59.98059282690872" lon="30.27917683431631">
				<ele>0.5875432202592492</ele>
				<time>2022-08-28T15:09:08Z</time>
			</trkpt>
			<trkpt lat="59.98058054942634" lon="30.279131315400118">
				<ele>2.8252401230856776</ele>
				<time>2022-08-28T15:09:10Z</time>
			</trkpt>
			<trkpt lat="59.98057930009819" lon="30.279068762890915">
				<ele>3.329415014013648</ele>
				<time>2022-08-28T15:09:13Z</time>
			</trkpt>
			<trkpt lat="59.980561577733575" lon="30.279037956911214">
				<ele>2.862212033942342</ele>
				<time>2022-08-28T15:09:16Z</time>
			</trkpt>
			<trkpt lat="59.98055078123829" lon="30.27900927838838">
				<ele>2.726682378910482</ele>
				<time>2022-08-28T15:09:18Z</time>
			</trkpt>
			<trkpt lat="59.98054529353187" lon="30.27897481240508">
				<ele>3.813149177469313</ele>
				<time>2022-08-28T15:09:20Z</time>
			</trkpt>
			<trkpt lat="59.98052732324898" lon="30.2789512332237">
				<ele>1.0157804852351546</ele>
				<time>2022-08-28T15:09:22Z</time>
			</trkpt>
			<trkpt lat="59.980520039129" lon="30.278888292366876">
				<ele>1.1320081427693367</ele>
				<time>2022-08-28T15:09:25Z</time>
			</trkpt>
			<trkpt lat="59.980502706555235" lon="30.278847326072242">
				<ele>2.164999444037676</ele>
				<time>2022-08-28T15:09:27Z</time>
			</trkpt>
			<trkpt lat="59.98049731700182" lon="30.27880011949097">
				<ele>3.010474395006895</ele>
				<time>2022-08-28T15:09:30Z</time>
			</trkpt>
			<trkpt lat="59.98048741325673" lon="30.278748146492315">
				<ele>1.296421899460256</ele>
				<time>2022-08-28T15:09:33Z</time>
			</trkpt>
			<trkpt lat="59.980478843556675" lon="30.278714618558933">
				<ele>1.522531684488058</ele>
				<time>2022-08-28T15:09:35Z</time>
			</trkpt>
			<trkpt lat="59.980456900746155" lon="30.278692589772316">
				<ele>-0.14058074913918972</ele>
				<time>2022-08-28T15:09:38Z</time>
			</trkpt>
			<trkpt lat="59.98044006983997" lon="30.278664534443905">
				<ele>2.1279297526925802</ele>
				<time>2022-08-28T15:09:40Z</time>
			</trkpt>
			<trkpt lat="59.98040536986731" lon="30.27864048814384">
				<ele>3.0070953080430627</ele>
				<time>2022-08-28T15:09:42Z</time>
			</trkpt>
			<trkpt lat="59.98037803632228" lon="30.278625079067833">
				<ele>3.646798975765705</ele>
				<time>2022-08-28T15:09:45Z</time>
			</trkpt>
			<trkpt lat="59.980349375836354" lon="30.27860588106893">
				<ele>4.91925244871527</ele>
				<time>2022-08-28T15:09:48Z</time>
			</trkpt>
			<trkpt lat="59.980333034352626" lon="30.278579758923918">
				<ele>5.7339806435629725</ele>
				<time>2022-08-28T15:09:50Z</time>
			</trkpt>
			<trkpt lat="59.98032387141293" lon="30.27852679451342">
				<ele>6.313737343996763</ele>
				<time>2022-08-28T15:09:52Z</time>
			</trkpt>
			<trkpt lat="59.98032872842937" lon="30.278473485284312">
				<ele>5.86411714553833</ele>
				<time>2022-08-28T15:09:54Z</time>
			</trkpt>
			<trkpt lat="59.980340365241595" lon="30.278427669099294">
				<ele>5.434264300391078</ele>
				<time>2022-08-28T15:09:56Z</time>
			</trkpt>
			<trkpt lat="59.98033743161887" lon="30.278390939362023">
				<ele>4.838604772463441</ele>
				<time>2022-08-28T15:10:00Z</time>
			</trkpt>
			<trkpt lat="59.980339505987985" lon="30.278427128399464">
				<ele>4.253248554654419</ele>
				<time>2022-08-28T15:10:04Z</time>
			</trkpt>
			<trkpt lat="59.98036281095108" lon="30.278386704078518">
				<ele>1.1563922734931111</ele>
				<time>2022-08-28T15:10:14Z</time>
			</trkpt>
			<trkpt lat="59.98034009162259" lon="30.278371909125575">
				<ele>2.232784681022167</ele>
				<time>2022-08-28T15:10:18Z</time>
			</trkpt>
			<trkpt lat="59.98032416306558" lon="30.278328808363167">
				<ele>3.0318264830857515</ele>
				<time>2022-08-28T15:10:21Z</time>
			</trkpt>
			<trkpt lat="59.98031266459715" lon="30.27829530778724">
				<ele>3.136053204536438</ele>
				<time>2022-08-28T15:10:23Z</time>
			</trkpt>
			<trkpt lat="59.98030070295284" lon="30.27826758176023">
				<ele>3.2027687886729836</ele>
				<time>2022-08-28T15:10:25Z</time>
			</trkpt>
			<trkpt lat="59.980287918277035" lon="30.27823447335313">
				<ele>3.6460112733766437</ele>
				<time>2022-08-28T15:10:27Z</time>
			</trkpt>
			<trkpt lat="59.98027387212193" lon="30.27820683789466">
				<ele>3.3777574989944696</ele>
				<time>2022-08-28T15:10:29Z</time>
			</trkpt>
			<trkpt lat="59.980257756900535" lon="30.27816428716661">
				<ele>4.367993021383882</ele>
				<time>2022-08-28T15:10:32Z</time>
			</trkpt>
			<trkpt lat="59.98024774875764" lon="30.278132901898815">
				<ele>4.640736198052764</ele>
				<time>2022-08-28T15:10:34Z</time>
			</trkpt>
			<trkpt lat="59.98023379963519" lon="30.27810986195868">
				<ele>5.271795157343149</ele>
				<time>2022-08-28T15:10:36Z</time>
			</trkpt>
			<trkpt lat="59.98022108377102" lon="30.278070337608597">
				<ele>6.357459376566112</ele>
				<time>2022-08-28T15:10:38Z</time>
			</trkpt>
			<trkpt lat="59.98020621704306" lon="30.278036533945002">
				<ele>6.914662659168243</ele>
				<time>2022-08-28T15:10:40Z</time>
			</trkpt>
			<trkpt lat="59.98019236140874" lon="30.27800572465729">
				<ele>7.6443410981446505</ele>
				<time>2022-08-28T15:10:42Z</time>
			</trkpt>
			<trkpt lat="59.98018156802796" lon="30.277970631147987">
				<ele>7.5092127015814185</ele>
				<time>2022-08-28T15:10:44Z</time>
			</trkpt>
			<trkpt lat="59.98016957002208" lon="30.27794133768101">
				<ele>7.670404590666294</ele>
				<time>2022-08-28T15:10:46Z</time>
			</trkpt>
			<trkpt lat="59.98015433758471" lon="30.27789910523307">
				<ele>8.003159581683576</ele>
				<time>2022-08-28T15:10:49Z</time>
			</trkpt>
			<trkpt lat="59.98013643603279" lon="30.27786182274769">
				<ele>8.30327881872654</ele>
				<time>2022-08-28T15:10:52Z</time>
			</trkpt>
			<trkpt lat="59.9801241697134" lon="30.27781709082425">
				<ele>8.363443193025887</ele>
				<time>2022-08-28T15:10:55Z</time>
			</trkpt>
			<trkpt lat="59.98013064951399" lon="30.277772129215606">
				<ele>7.821384311653674</ele>
				<time>2022-08-28T15:10:59Z</time>
			</trkpt>
			<trkpt lat="59.98012601041527" lon="30.27770947415522">
				<ele>7.19676277320832</ele>
				<time>2022-08-28T15:11:01Z</time>
			</trkpt>
			<trkpt lat="59.98010819881903" lon="30.277647289652435">
				<ele>6.983454531058669</ele>
				<time>2022-08-28T15:11:04Z</time>
			</trkpt>
			<trkpt lat="59.98010428542553" lon="30.277597917544743">
				<ele>7.6535790376365185</ele>
				<time>2022-08-28T15:11:06Z</time>
			</trkpt>
			<trkpt lat="59.9800868789036" lon="30.277559798064484">
				<ele>8.766734807752073</ele>
				<time>2022-08-28T15:11:08Z</time>
			</trkpt>
			<trkpt lat="59.98008578569482" lon="30.277481595651647">
				<ele>10.842983653768897</ele>
				<time>2022-08-28T15:11:09Z</time>
			</trkpt>
			<trkpt lat="59.98008591281988" lon="30.277444451456965">
				<ele>5.630500631406903</ele>
				<time>2022-08-28T15:11:11Z</time>
			</trkpt>
			<trkpt lat="59.9801110640764" lon="30.277412449125897">
				<ele>6.699222942814231</ele>
				<time>2022-08-28T15:11:12Z</time>
			</trkpt>
			<trkpt lat="59.98011030248496" lon="30.277374667216325">
				<ele>6.555713037960231</ele>
				<time>2022-08-28T15:11:16Z</time>
			</trkpt>
			<trkpt lat="59.98009030317984" lon="30.277340316621498">
				<ele>6.4164710752666</ele>
				<time>2022-08-28T15:11:18Z</time>
			</trkpt>
			<trkpt lat="59.98007907396838" lon="30.27728161357537">
				<ele>6.733026370406151</ele>
				<time>2022-08-28T15:11:20Z</time>
			</trkpt>
			<trkpt lat="59.980071815566504" lon="30.27724129419501">
				<ele>4.743472216650844</ele>
				<time>2022-08-28T15:11:24Z</time>
			</trkpt>
			<trkpt lat="59.98005981048183" lon="30.27721058766091">
				<ele>5.990230274386704</ele>
				<time>2022-08-28T15:11:26Z</time>
			</trkpt>
			<trkpt lat="59.98004597484378" lon="30.27716459262388">
				<ele>5.642807419411838</ele>
				<time>2022-08-28T15:11:29Z</time>
			</trkpt>
			<trkpt lat="59.98002791713853" lon="30.27716886160763">
				<ele>5.116708889603615</ele>
				<time>2022-08-28T15:11:31Z</time>
			</trkpt>
			<trkpt lat="59.98002734966508" lon="30.277132392107607">
				<ele>7.467693842947483</ele>
				<time>2022-08-28T15:11:32Z</time>
			</trkpt>
			<trkpt lat="59.98001676603759" lon="30.277102947645087">
				<ele>7.686749855056405</ele>
				<time>2022-08-28T15:11:33Z</time>
			</trkpt>
			<trkpt lat="59.98000543406707" lon="30.27707434027471">
				<ele>4.554304578341544</ele>
				<time>2022-08-28T15:11:35Z</time>
			</trkpt>
			<trkpt lat="59.98000033769115" lon="30.277035043746416">
				<ele>5.59131514467299</ele>
				<time>2022-08-28T15:11:36Z</time>
			</trkpt>
			<trkpt lat="59.97999057507988" lon="30.27699470063676">
				<ele>4.615204785950482</ele>
				<time>2022-08-28T15:11:39Z</time>
			</trkpt>
			<trkpt lat="59.979994600711784" lon="30.27695779457771">
				<ele>-0.05346287600696087</ele>
				<time>2022-08-28T15:11:42Z</time>
			</trkpt>
			<trkpt lat="59.97999878173192" lon="30.276908508170497">
				<ele>0.5103216646239161</ele>
				<time>2022-08-28T15:11:45Z</time>
			</trkpt>
			<trkpt lat="59.97999110760353" lon="30.276865847280146">
				<ele>0.7430572509765625</ele>
				<time>2022-08-28T15:11:47Z</time>
			</trkpt>
			<trkpt lat="59.97998857735473" lon="30.276814283363954">
				<ele>3.1852197274565697</ele>
				<time>2022-08-28T15:11:49Z</time>
			</trkpt>
			<trkpt lat="59.979991479164795" lon="30.276774077193153">
				<ele>3.96775081474334</ele>
				<time>2022-08-28T15:11:50Z</time>
			</trkpt>
			<trkpt lat="59.97997609448468" lon="30.276732681618387">
				<ele>3.3681620359420776</ele>
				<time>2022-08-28T15:11:51Z</time>
			</trkpt>
			<trkpt lat="59.979947797235575" lon="30.276740253564988">
				<ele>2.243324196897447</ele>
				<time>2022-08-28T15:11:52Z</time>
			</trkpt>
			<trkpt lat="59.97992339174171" lon="30.27672442587174">
				<ele>3.3747084895148873</ele>
				<time>2022-08-28T15:11:53Z</time>
			</trkpt>
			<trkpt lat="59.979901287207944" lon="30.276724444820246">
				<ele>1.588871967047453</ele>
				<time>2022-08-28T15:11:55Z</time>
			</trkpt>
			<trkpt lat="59.979895775284234" lon="30.276683784796493">
				<ele>2.0468494798988104</ele>
				<time>2022-08-28T15:11:56Z</time>
			</trkpt>
			<trkpt lat="59.97987586117322" lon="30.276629469557065">
				<ele>5.093514863401651</ele>
				<time>2022-08-28T15:11:58Z</time>
			</trkpt>
			<trkpt lat="59.97986568999914" lon="30.276585991307538">
				<ele>5.662904091179371</ele>
				<time>2022-08-28T15:12:00Z</time>
			</trkpt>
			<trkpt lat="59.979870279605684" lon="30.27653766565434">
				<ele>8.307066665031016</ele>
				<time>2022-08-28T15:12:01Z</time>
			</trkpt>
			<trkpt lat="59.97985006251569" lon="30.27650642093946">
				<ele>6.106400151737034</ele>
				<time>2022-08-28T15:12:04Z</time>
			</trkpt>
			<trkpt lat="59.979838749916496" lon="30.276464748179773">
				<ele>4.3547188099473715</ele>
				<time>2022-08-28T15:12:08Z</time>
			</trkpt>
			<trkpt lat="59.97985505050603" lon="30.27643633890616">
				<ele>4.756586282514036</ele>
				<time>2022-08-28T15:12:09Z</time>
			</trkpt>
			<trkpt lat="59.979843945656526" lon="30.276382806134205">
				<ele>4.760885407216847</ele>
				<time>2022-08-28T15:12:11Z</time>
			</trkpt>
			<trkpt lat="59.979829183154095" lon="30.276350811132236">
				<ele>3.064159412868321</ele>
				<time>2022-08-28T15:12:13Z</time>
			</trkpt>
			<trkpt lat="59.97981395536911" lon="30.276325761973343">
				<ele>3.324497390538454</ele>
				<time>2022-08-28T15:12:14Z</time>
			</trkpt>
			<trkpt lat="59.979791468054586" lon="30.27629845605613">
				<ele>-0.28511437587440014</ele>
				<time>2022-08-28T15:12:17Z</time>
			</trkpt>
			<trkpt lat="59.9797794034089" lon="30.27624092822775">
				<ele>0.2389059280976653</ele>
				<time>2022-08-28T15:12:19Z</time>
			</trkpt>
			<trkpt lat="59.9797648568667" lon="30.276210408440814">
				<ele>1.2829032903537154</ele>
				<time>2022-08-28T15:12:21Z</time>
			</trkpt>
			<trkpt lat="59.97975712391613" lon="30.276158568023">
				<ele>1.8049405766651034</ele>
				<time>2022-08-28T15:12:23Z</time>
			</trkpt>
			<trkpt lat="59.979762122385296" lon="30.276116534527006">
				<ele>-2.4657061928883195</ele>
				<time>2022-08-28T15:12:25Z</time>
			</trkpt>
			<trkpt lat="59.97974640096581" lon="30.276082336615307">
				<ele>1.300603449344635</ele>
				<time>2022-08-28T15:12:29Z</time>
			</trkpt>
			<trkpt lat="59.97973456893504" lon="30.27603023303316">
				<ele>-1.8778001703321934</ele>
				<time>2022-08-28T15:12:32Z</time>
			</trkpt>
			<trkpt lat="59.979713384355286" lon="30.275998865343354">
				<ele>-1.6824295464903116</ele>
				<time>2022-08-28T15:12:34Z</time>
			</trkpt>
			<trkpt lat="59.97969351317563" lon="30.27594389409983">
				<ele>-0.6728159291669726</ele>
				<time>2022-08-28T15:12:36Z</time>
			</trkpt>
			<trkpt lat="59.97968127822829" lon="30.27589463873173">
				<ele>-0.580459475517273</ele>
				<time>2022-08-28T15:12:40Z</time>
			</trkpt>
			<trkpt lat="59.979669922625426" lon="30.275861210140523">
				<ele>-1.0176365841180086</ele>
				<time>2022-08-28T15:12:42Z</time>
			</trkpt>
			<trkpt lat="59.97965781578155" lon="30.275828344718388">
				<ele>-4.0551712373271585</ele>
				<time>2022-08-28T15:12:45Z</time>
			</trkpt>
			<trkpt lat="59.97964544511312" lon="30.275794601486485">
				<ele>-2.8122692676261067</ele>
				<time>2022-08-28T15:12:47Z</time>
			</trkpt>
			<trkpt lat="59.97962069446873" lon="30.275732510480584">
				<ele>-1.0156981218606234</ele>
				<time>2022-08-28T15:12:50Z</time>
			</trkpt>
			<trkpt lat="59.97960915612491" lon="30.275696717274254">
				<ele>-5.460338659584522</ele>
				<time>2022-08-28T15:12:52Z</time>
			</trkpt>
			<trkpt lat="59.9795900765559" lon="30.275676511892204">
				<ele>-1.2477527679875493</ele>
				<time>2022-08-28T15:12:54Z</time>
			</trkpt>
			<trkpt lat="59.979567980887644" lon="30.275643995428382">
				<ele>-2.359154798090458</ele>
				<time>2022-08-28T15:12:56Z</time>
			</trkpt>
			<trkpt lat="59.97954944356417" lon="30.27560279602253">
				<ele>-0.5094295348972082</ele>
				<time>2022-08-28T15:12:58Z</time>
			</trkpt>
			<trkpt lat="59.97953661747504" lon="30.275554333410525">
				<ele>0.5430333651602268</ele>
				<time>2022-08-28T15:13:01Z</time>
			</trkpt>
			<trkpt lat="59.97953330286259" lon="30.275514277225124">
				<ele>-0.3261123588308692</ele>
				<time>2022-08-28T15:13:03Z</time>
			</trkpt>
			<trkpt lat="59.97951389697307" lon="30.275489748170877">
				<ele>-0.905822180211544</ele>
				<time>2022-08-28T15:13:05Z</time>
			</trkpt>
			<trkpt lat="59.979494288294504" lon="30.275476218158005">
				<ele>0.860246648080647</ele>
				<time>2022-08-28T15:13:07Z</time>
			</trkpt>
			<trkpt lat="59.97947187730528" lon="30.275455343174166">
				<ele>-2.009660708718002</ele>
				<time>2022-08-28T15:13:09Z</time>
			</trkpt>
			<trkpt lat="59.97947221017236" lon="30.275398795344625">
				<ele>-1.444713642820716</ele>
				<time>2022-08-28T15:13:11Z</time>
			</trkpt>
			<trkpt lat="59.97947902726197" lon="30.27535270638489">
				<ele>-2.0929590249434114</ele>
				<time>2022-08-28T15:13:13Z</time>
			</trkpt>
			<trkpt lat="59.9794708215798" lon="30.275307932466813">
				<ele>-1.062143717892468</ele>
				<time>2022-08-28T15:13:15Z</time>
			</trkpt>
			<trkpt lat="59.979452517357885" lon="30.27527847289378">
				<ele>-2.679090317338705</ele>
				<time>2022-08-28T15:13:18Z</time>
			</trkpt>
			<trkpt lat="59.97943465829099" lon="30.275245356369684">
				<ele>-3.251506244763732</ele>
				<time>2022-08-28T15:13:20Z</time>
			</trkpt>
			<trkpt lat="59.97941676676848" lon="30.275218341494156">
				<ele>-0.2839617468416691</ele>
				<time>2022-08-28T15:13:22Z</time>
			</trkpt>
			<trkpt lat="59.979396710793786" lon="30.275211821808263">
				<ele>-1.9121296592056751</ele>
				<time>2022-08-28T15:13:24Z</time>
			</trkpt>
			<trkpt lat="59.979375802370214" lon="30.2751755271201">
				<ele>0.3579241940751672</ele>
				<time>2022-08-28T15:13:27Z</time>
			</trkpt>
			<trkpt lat="59.97935784583487" lon="30.275141454076785">
				<ele>0.3265892891213298</ele>
				<time>2022-08-28T15:13:29Z</time>
			</trkpt>
			<trkpt lat="59.97934628972313" lon="30.275106855870344">
				<ele>0.30473916232585907</ele>
				<time>2022-08-28T15:13:32Z</time>
			</trkpt>
			<trkpt lat="59.97933429430766" lon="30.275073592664942">
				<ele>2.584449168294668</ele>
				<time>2022-08-28T15:13:34Z</time>
			</trkpt>
			<trkpt lat="59.979316414988176" lon="30.27503645886676">
				<ele>1.4755848832428455</ele>
				<time>2022-08-28T15:13:36Z</time>
			</trkpt>
			<trkpt lat="59.979297413832676" lon="30.275013550337324">
				<ele>-1.3703236021101475</ele>
				<time>2022-08-28T15:13:38Z</time>
			</trkpt>
			<trkpt lat="59.97928063131798" lon="30.27496392081477">
				<ele>0.07226019538938999</ele>
				<time>2022-08-28T15:13:42Z</time>
			</trkpt>
			<trkpt lat="59.97925662045188" lon="30.27493472353191">
				<ele>-1.063788534142077</ele>
				<time>2022-08-28T15:13:44Z</time>
			</trkpt>
			<trkpt lat="59.97924024037922" lon="30.274895692594246">
				<ele>2.6863236911594868</ele>
				<time>2022-08-28T15:13:47Z</time>
			</trkpt>
			<trkpt lat="59.97922020516928" lon="30.27489462408171">
				<ele>2.110035234130919</ele>
				<time>2022-08-28T15:13:49Z</time>
			</trkpt>
			<trkpt lat="59.97920536994302" lon="30.274869489952366">
				<ele>0.5988339502364397</ele>
				<time>2022-08-28T15:13:50Z</time>
			</trkpt>
			<trkpt lat="59.97918031422056" lon="30.274850426613714">
				<ele>2.0279174791648984</ele>
				<time>2022-08-28T15:13:52Z</time>
			</trkpt>
			<trkpt lat="59.97914611783906" lon="30.274832009620482">
				<ele>-2.0515216942876577</ele>
				<time>2022-08-28T15:13:55Z</time>
			</trkpt>
			<trkpt lat="59.97912299390231" lon="30.274822734056368">
				<ele>1.561340288259089</ele>
				<time>2022-08-28T15:13:57Z</time>
			</trkpt>
			<trkpt lat="59.97910057254259" lon="30.274792062756745">
				<ele>4.239306783303618</ele>
				<time>2022-08-28T15:14:01Z</time>
			</trkpt>
			<trkpt lat="59.97906753111062" lon="30.27479850350215">
				<ele>1.3871979666873813</ele>
				<time>2022-08-28T15:14:03Z</time>
			</trkpt>
			<trkpt lat="59.97904660763683" lon="30.274693392733944">
				<ele>3.9001114144921303</ele>
				<time>2022-08-28T15:14:05Z</time>
			</trkpt>
			<trkpt lat="59.97902516783236" lon="30.274700708435603">
				<ele>1.2999820839613676</ele>
				<time>2022-08-28T15:14:07Z</time>
			</trkpt>
			<trkpt lat="59.978994285572284" lon="30.274701066530067">
				<ele>2.0932463547214866</ele>
				<time>2022-08-28T15:14:09Z</time>
			</trkpt>
			<trkpt lat="59.97897239453757" lon="30.274686032750356">
				<ele>0.6484168069437146</ele>
				<time>2022-08-28T15:14:11Z</time>
			</trkpt>
			<trkpt lat="59.978955279454425" lon="30.27465571828604">
				<ele>1.358538195490837</ele>
				<time>2022-08-28T15:14:14Z</time>
			</trkpt>
			<trkpt lat="59.978939984763876" lon="30.274636908030732">
				<ele>0.362100244499743</ele>
				<time>2022-08-28T15:14:16Z</time>
			</trkpt>
			<trkpt lat="59.978913293640154" lon="30.27462450112431">
				<ele>1.9460042174905539</ele>
				<time>2022-08-28T15:14:18Z</time>
			</trkpt>
			<trkpt lat="59.97889012097804" lon="30.27463212187821">
				<ele>-3.8024209458380938</ele>
				<time>2022-08-28T15:14:20Z</time>
			</trkpt>
			<trkpt lat="59.97886317070476" lon="30.27459763665653">
				<ele>1.3660100623965263</ele>
				<time>2022-08-28T15:14:22Z</time>
			</trkpt>
			<trkpt lat="59.97886098762127" lon="30.27455654378649">
				<ele>-0.6762090139091015</ele>
				<time>2022-08-28T15:14:24Z</time>
			</trkpt>
			<trkpt lat="59.978843384510654" lon="30.274515833369215">
				<ele>2.5366003727540374</ele>
				<time>2022-08-28T15:14:26Z</time>
			</trkpt>
			<trkpt lat="59.978822856234274" lon="30.27448780523927">
				<ele>-1.296237975358963</ele>
				<time>2022-08-28T15:14:28Z</time>
			</trkpt>
			<trkpt lat="59.97880119333694" lon="30.274496507536465">
				<ele>1.6593317240476608</ele>
				<time>2022-08-28T15:14:30Z</time>
			</trkpt>
			<trkpt lat="59.97878034745391" lon="30.274488092848703">
				<ele>1.0067700231447816</ele>
				<time>2022-08-28T15:14:31Z</time>
			</trkpt>
			<trkpt lat="59.978749577731826" lon="30.274471931850858">
				<ele>-0.030623000115156174</ele>
				<time>2022-08-28T15:14:33Z</time>
			</trkpt>
			<trkpt lat="59.97872739286143" lon="30.274459253383988">
				<ele>1.984075671993196</ele>
				<time>2022-08-28T15:14:34Z</time>
			</trkpt>
			<trkpt lat="59.97870930229497" lon="30.27444808693864">
				<ele>-0.5742744961753488</ele>
				<time>2022-08-28T15:14:37Z</time>
			</trkpt>
			<trkpt lat="59.978689565482576" lon="30.27442839088881">
				<ele>-0.143542286939919</ele>
				<time>2022-08-28T15:14:39Z</time>
			</trkpt>
			<trkpt lat="59.978666786635905" lon="30.274422519541556">
				<ele>-1.3280119895935059</ele>
				<time>2022-08-28T15:14:41Z</time>
			</trkpt>
			<trkpt lat="59.978649764731195" lon="30.27440143564222">
				<ele>2.0352300442755222</ele>
				<time>2022-08-28T15:14:44Z</time>
			</trkpt>
			<trkpt lat="59.978630069154775" lon="30.274410300477467">
				<ele>-0.8232915112748742</ele>
				<time>2022-08-28T15:14:45Z</time>
			</trkpt>
			<trkpt lat="59.97860890645232" lon="30.274405281135564">
				<ele>-2.7756666196510196</ele>
				<time>2022-08-28T15:14:47Z</time>
			</trkpt>
			<trkpt lat="59.97858837935166" lon="30.274384764497285">
				<ele>-2.0767123522236943</ele>
				<time>2022-08-28T15:14:49Z</time>
			</trkpt>
			<trkpt lat="59.978572853048455" lon="30.274362340699533">
				<ele>-2.009850014001131</ele>
				<time>2022-08-28T15:14:51Z</time>
			</trkpt>
			<trkpt lat="59.97856436337184" lon="30.27433012614845">
				<ele>-5.072081787511706</ele>
				<time>2022-08-28T15:14:54Z</time>
			</trkpt>
			<trkpt lat="59.978547788061" lon="30.274313756816294">
				<ele>-4.384767427109182</ele>
				<time>2022-08-28T15:14:55Z</time>
			</trkpt>
			<trkpt lat="59.97852364636363" lon="30.27430624838149">
				<ele>-2.6650206157937646</ele>
				<time>2022-08-28T15:14:57Z</time>
			</trkpt>
			<trkpt lat="59.9784975325146" lon="30.274291577072102">
				<ele>-2.5549981566146016</ele>
				<time>2022-08-28T15:14:59Z</time>
			</trkpt>
			<trkpt lat="59.97847697391168" lon="30.27429030501124">
				<ele>-1.2849084008485079</ele>
				<time>2022-08-28T15:15:00Z</time>
			</trkpt>
			<trkpt lat="59.978448433286744" lon="30.27427349515373">
				<ele>-1.8969003856182098</ele>
				<time>2022-08-28T15:15:03Z</time>
			</trkpt>
			<trkpt lat="59.97842420090708" lon="30.274276499927925">
				<ele>-2.223153199069202</ele>
				<time>2022-08-28T15:15:05Z</time>
			</trkpt>
			<trkpt lat="59.978405225064535" lon="30.27427622276595">
				<ele>-2.684759119525552</ele>
				<time>2022-08-28T15:15:07Z</time>
			</trkpt>
			<trkpt lat="59.97838180099998" lon="30.274266030001865">
				<ele>-2.26457738596946</ele>
				<time>2022-08-28T15:15:09Z</time>
			</trkpt>
			<trkpt lat="59.97835374119258" lon="30.274263836175">
				<ele>-5.109088396653533</ele>
				<time>2022-08-28T15:15:12Z</time>
			</trkpt>
			<trkpt lat="59.978328600562044" lon="30.27426417248134">
				<ele>-2.797258462756872</ele>
				<time>2022-08-28T15:15:14Z</time>
			</trkpt>
			<trkpt lat="59.97830803212328" lon="30.27424994790201">
				<ele>-3.4438818711787462</ele>
				<time>2022-08-28T15:15:16Z</time>
			</trkpt>
			<trkpt lat="59.978281899620804" lon="30.27423629560639">
				<ele>-1.0207942929118872</ele>
				<time>2022-08-28T15:15:18Z</time>
			</trkpt>
			<trkpt lat="59.97826177333966" lon="30.274212732817254">
				<ele>-5.972386661916971</ele>
				<time>2022-08-28T15:15:22Z</time>
			</trkpt>
			<trkpt lat="59.97823871103403" lon="30.274196279627716">
				<ele>-4.386993863619864</ele>
				<time>2022-08-28T15:15:24Z</time>
			</trkpt>
			<trkpt lat="59.978218038326766" lon="30.274202594365143">
				<ele>-2.496461690403521</ele>
				<time>2022-08-28T15:15:26Z</time>
			</trkpt>
			<trkpt lat="59.97819387065098" lon="30.274228273253513">
				<ele>-2.158869187347591</ele>
				<time>2022-08-28T15:15:28Z</time>
			</trkpt>
			<trkpt lat="59.978171241258934" lon="30.274255051750536">
				<ele>-1.6980200242251158</ele>
				<time>2022-08-28T15:15:30Z</time>
			</trkpt>
			<trkpt lat="59.978148792235196" lon="30.27427574187916">
				<ele>-1.7324279239401221</ele>
				<time>2022-08-28T15:15:32Z</time>
			</trkpt>
			<trkpt lat="59.978129862620996" lon="30.27426288473678">
				<ele>-0.12763581611216068</ele>
				<time>2022-08-28T15:15:34Z</time>
			</trkpt>
			<trkpt lat="59.978101658318145" lon="30.27425177697462">
				<ele>0.6837848173454404</ele>
				<time>2022-08-28T15:15:36Z</time>
			</trkpt>
			<trkpt lat="59.97808355044767" lon="30.27424001876192">
				<ele>-0.4680606313049793</ele>
				<time>2022-08-28T15:15:38Z</time>
			</trkpt>
			<trkpt lat="59.97805362345194" lon="30.274215054040813">
				<ele>0.8949061026796699</ele>
				<time>2022-08-28T15:15:41Z</time>
			</trkpt>
			<trkpt lat="59.97803248998825" lon="30.27423307172886">
				<ele>1.7778040654957294</ele>
				<time>2022-08-28T15:15:43Z</time>
			</trkpt>
			<trkpt lat="59.97801111060069" lon="30.274234192028164">
				<ele>0.10159021895378828</ele>
				<time>2022-08-28T15:15:45Z</time>
			</trkpt>
			<trkpt lat="59.97799043033977" lon="30.274231324199707">
				<ele>1.6696129124611616</ele>
				<time>2022-08-28T15:15:49Z</time>
			</trkpt>
			<trkpt lat="59.97797016505714" lon="30.274248961888343">
				<ele>0.30825151037424803</ele>
				<time>2022-08-28T15:15:51Z</time>
			</trkpt>
			<trkpt lat="59.977950129525745" lon="30.27428589474519">
				<ele>0.27676825877279043</ele>
				<time>2022-08-28T15:15:52Z</time>
			</trkpt>
			<trkpt lat="59.977935649665135" lon="30.27431973146532">
				<ele>1.5784182138741016</ele>
				<time>2022-08-28T15:15:53Z</time>
			</trkpt>
			<trkpt lat="59.977912795449775" lon="30.274340625260873">
				<ele>-1.6577708758413792</ele>
				<time>2022-08-28T15:15:55Z</time>
			</trkpt>
			<trkpt lat="59.97789709802766" lon="30.274377610614156">
				<ele>-1.5092244455590844</ele>
				<time>2022-08-28T15:15:58Z</time>
			</trkpt>
			<trkpt lat="59.97788985244474" lon="30.274428581286724">
				<ele>-2.057703049853444</ele>
				<time>2022-08-28T15:16:00Z</time>
			</trkpt>
			<trkpt lat="59.9779024267455" lon="30.2744625198313">
				<ele>2.4773601619526744</ele>
				<time>2022-08-28T15:16:02Z</time>
			</trkpt>
			<trkpt lat="59.97789567045082" lon="30.274504539769644">
				<ele>-2.2296650065109134</ele>
				<time>2022-08-28T15:16:03Z</time>
			</trkpt>
			<trkpt lat="59.97789200518083" lon="30.27455279621164">
				<ele>0.547129288315773</ele>
				<time>2022-08-28T15:16:06Z</time>
			</trkpt>
			<trkpt lat="59.97787880332406" lon="30.274608464441766">
				<ele>2.1249497095122933</ele>
				<time>2022-08-28T15:16:08Z</time>
			</trkpt>
			<trkpt lat="59.97787096356322" lon="30.274650363662417">
				<ele>0.2141550164669752</ele>
				<time>2022-08-28T15:16:10Z</time>
			</trkpt>
			<trkpt lat="59.97786607298066" lon="30.274690816664812">
				<ele>2.9246812276542187</ele>
				<time>2022-08-28T15:16:12Z</time>
			</trkpt>
			<trkpt lat="59.977841487996535" lon="30.274710832346948">
				<ele>2.4562550485134125</ele>
				<time>2022-08-28T15:16:13Z</time>
			</trkpt>
			<trkpt lat="59.977834674902766" lon="30.27474643519335">
				<ele>2.853751739487052</ele>
				<time>2022-08-28T15:16:15Z</time>
			</trkpt>
			<trkpt lat="59.97781693599907" lon="30.27477727230204">
				<ele>-0.34537458047270775</ele>
				<time>2022-08-28T15:16:17Z</time>
			</trkpt>
			<trkpt lat="59.97779462657229" lon="30.274807359086317">
				<ele>0.774189155548811</ele>
				<time>2022-08-28T15:16:19Z</time>
			</trkpt>
			<trkpt lat="59.9777662629093" lon="30.274797636932696">
				<ele>0.27569430321455</ele>
				<time>2022-08-28T15:16:21Z</time>
			</trkpt>
			<trkpt lat="59.97773847609047" lon="30.27479841796633">
				<ele>-0.7333768168464303</ele>
				<time>2022-08-28T15:16:23Z</time>
			</trkpt>
			<trkpt lat="59.97770922684867" lon="30.274792616737354">
				<ele>-1.0362169072031975</ele>
				<time>2022-08-28T15:16:26Z</time>
			</trkpt>
			<trkpt lat="59.97768341512276" lon="30.27479032115476">
				<ele>-2.5894684698432684</ele>
				<time>2022-08-28T15:16:28Z</time>
			</trkpt>
			<trkpt lat="59.977650529268885" lon="30.27475194048664">
				<ele>-1.3839995730668306</ele>
				<time>2022-08-28T15:16:29Z</time>
			</trkpt>
			<trkpt lat="59.97762197228827" lon="30.274729918208017">
				<ele>-0.4636046411469579</ele>
				<time>2022-08-28T15:16:33Z</time>
			</trkpt>
			<trkpt lat="59.97760512462001" lon="30.274748354256733">
				<ele>1.86971493717283</ele>
				<time>2022-08-28T15:16:34Z</time>
			</trkpt>
			<trkpt lat="59.97757499841452" lon="30.27475186753475">
				<ele>0.20775402709841728</ele>
				<time>2022-08-28T15:16:37Z</time>
			</trkpt>
			<trkpt lat="59.9775439239944" lon="30.274749525414283">
				<ele>1.0252233585342765</ele>
				<time>2022-08-28T15:16:39Z</time>
			</trkpt>
			<trkpt lat="59.97752775410335" lon="30.274789557675472">
				<ele>0.21720483899116516</ele>
				<time>2022-08-28T15:16:41Z</time>
			</trkpt>
			<trkpt lat="59.9775055720073" lon="30.274791736776873">
				<ele>0.01499822735786438</ele>
				<time>2022-08-28T15:16:42Z</time>
			</trkpt>
			<trkpt lat="59.97748494674487" lon="30.274787105600215">
				<ele>2.5954490480944514</ele>
				<time>2022-08-28T15:16:43Z</time>
			</trkpt>
			<trkpt lat="59.977469402952934" lon="30.27474953247122">
				<ele>-4.44541213940829</ele>
				<time>2022-08-28T15:16:47Z</time>
			</trkpt>
			<trkpt lat="59.977449880139694" lon="30.274731690698534">
				<ele>-3.115828881971538</ele>
				<time>2022-08-28T15:16:48Z</time>
			</trkpt>
			<trkpt lat="59.97743046311851" lon="30.27472719142402">
				<ele>-2.6837996523827314</ele>
				<time>2022-08-28T15:16:49Z</time>
			</trkpt>
			<trkpt lat="59.97740790882452" lon="30.274719227628967">
				<ele>-1.9260831959545612</ele>
				<time>2022-08-28T15:16:52Z</time>
			</trkpt>
			<trkpt lat="59.97738313755463" lon="30.274711757292195">
				<ele>-2.2082692831754684</ele>
				<time>2022-08-28T15:16:54Z</time>
			</trkpt>
			<trkpt lat="59.977366474838455" lon="30.2746931241696">
				<ele>-0.8689213255420327</ele>
				<time>2022-08-28T15:16:56Z</time>
			</trkpt>
			<trkpt lat="59.97733947070574" lon="30.274689694295887">
				<ele>0.032165772281587124</ele>
				<time>2022-08-28T15:16:59Z</time>
			</trkpt>
			<trkpt lat="59.9773216173377" lon="30.274670072757758">
				<ele>-0.9774195086210966</ele>
				<time>2022-08-28T15:17:01Z</time>
			</trkpt>
			<trkpt lat="59.97730905057234" lon="30.274641711193794">
				<ele>-0.8903050804510713</ele>
				<time>2022-08-28T15:17:04Z</time>
			</trkpt>
			<trkpt lat="59.97729053817394" lon="30.274633566352847">
				<ele>-1.0226060971617699</ele>
				<time>2022-08-28T15:17:06Z</time>
			</trkpt>
			<trkpt lat="59.97727362882822" lon="30.2746522179047">
				<ele>1.1235065022483468</ele>
				<time>2022-08-28T15:17:11Z</time>
			</trkpt>
			<trkpt lat="59.9772560264233" lon="30.27466237075717">
				<ele>3.2303633270785213</ele>
				<time>2022-08-28T15:17:18Z</time>
			</trkpt>
			<trkpt lat="59.97723319113626" lon="30.27468065075697">
				<ele>3.8135145530104637</ele>
				<time>2022-08-28T15:17:20Z</time>
			</trkpt>
			<trkpt lat="59.977215685705204" lon="30.2747100294143">
				<ele>3.6205351911485195</ele>
				<time>2022-08-28T15:17:22Z</time>
			</trkpt>
			<trkpt lat="59.97721421734784" lon="30.274756862868347">
				<ele>3.4025692977011204</ele>
				<time>2022-08-28T15:17:24Z</time>
			</trkpt>
			<trkpt lat="59.97721167208983" lon="30.274800927605913">
				<ele>3.327764696441591</ele>
				<time>2022-08-28T15:17:26Z</time>
			</trkpt>
			<trkpt lat="59.977212976237674" lon="30.2748461853671">
				<ele>3.2309465473517776</ele>
				<time>2022-08-28T15:17:28Z</time>
			</trkpt>
			<trkpt lat="59.97721159705855" lon="30.274896309350247">
				<ele>3.0317501230165362</ele>
				<time>2022-08-28T15:17:31Z</time>
			</trkpt>
			<trkpt lat="59.977193560103316" lon="30.274925754124784">
				<ele>4.139224481768906</ele>
				<time>2022-08-28T15:17:36Z</time>
			</trkpt>
			<trkpt lat="59.977175892197806" lon="30.274950911512768">
				<ele>5.20285777002573</ele>
				<time>2022-08-28T15:17:41Z</time>
			</trkpt>
			<trkpt lat="59.977157666574115" lon="30.274988008415527">
				<ele>6.557385138235986</ele>
				<time>2022-08-28T15:17:47Z</time>
			</trkpt>
			<trkpt lat="59.977132822007356" lon="30.27500970275979">
				<ele>6.478170549497008</ele>
				<time>2022-08-28T15:17:50Z</time>
			</trkpt>
			<trkpt lat="59.97710863460497" lon="30.27503680346352">
				<ele>6.846562639810145</ele>
				<time>2022-08-28T15:17:53Z</time>
			</trkpt>
			<trkpt lat="59.977091574776274" lon="30.275059518975596">
				<ele>6.921676991507411</ele>
				<time>2022-08-28T15:17:55Z</time>
			</trkpt>
			<trkpt lat="59.977070569969534" lon="30.275082784725065">
				<ele>6.514530688524246</ele>
				<time>2022-08-28T15:17:58Z</time>
			</trkpt>
			<trkpt lat="59.977043209641" lon="30.27510583342123">
				<ele>6.70332776196301</ele>
				<time>2022-08-28T15:18:00Z</time>
			</trkpt>
			<trkpt lat="59.97701760870173" lon="30.27510396653581">
				<ele>6.545783193781972</ele>
				<time>2022-08-28T15:18:02Z</time>
			</trkpt>
			<trkpt lat="59.976991531823074" lon="30.275074415233632">
				<ele>5.788284137845039</ele>
				<time>2022-08-28T15:18:04Z</time>
			</trkpt>
			<trkpt lat="59.97700037046061" lon="30.275042085145326">
				<ele>4.9880003510043025</ele>
				<time>2022-08-28T15:18:05Z</time>
			</trkpt>
			<trkpt lat="59.97697761920507" lon="30.275043201650828">
				<ele>6.393581637181342</ele>
				<time>2022-08-28T15:18:07Z</time>
			</trkpt>
			<trkpt lat="59.976942839444554" lon="30.275040403328752">
				<ele>5.085968725383282</ele>
				<time>2022-08-28T15:18:09Z</time>
			</trkpt>
			<trkpt lat="59.976921624531386" lon="30.275004540439593">
				<ele>6.117267458699644</ele>
				<time>2022-08-28T15:18:10Z</time>
			</trkpt>
			<trkpt lat="59.976905230898424" lon="30.274980230915766">
				<ele>7.54203537479043</ele>
				<time>2022-08-28T15:18:11Z</time>
			</trkpt>
			<trkpt lat="59.976883343697075" lon="30.274952448818375">
				<ele>1.676116107031703</ele>
				<time>2022-08-28T15:18:15Z</time>
			</trkpt>
			<trkpt lat="59.976852123352465" lon="30.27496840165979">
				<ele>0.5261044781655073</ele>
				<time>2022-08-28T15:18:17Z</time>
			</trkpt>
			<trkpt lat="59.976828215446204" lon="30.274967192572316">
				<ele>1.398337883874774</ele>
				<time>2022-08-28T15:18:19Z</time>
			</trkpt>
			<trkpt lat="59.976804717773526" lon="30.274966308369617">
				<ele>1.0876293843612075</ele>
				<time>2022-08-28T15:18:22Z</time>
			</trkpt>
			<trkpt lat="59.976784053656175" lon="30.274957192078933">
				<ele>1.6151349879801273</ele>
				<time>2022-08-28T15:18:25Z</time>
			</trkpt>
			<trkpt lat="59.976759111742" lon="30.274950630303135">
				<ele>3.609737902879715</ele>
				<time>2022-08-28T15:18:27Z</time>
			</trkpt>
			<trkpt lat="59.97673363909785" lon="30.27494435957201">
				<ele>2.3445125920698047</ele>
				<time>2022-08-28T15:18:29Z</time>
			</trkpt>
			<trkpt lat="59.97671549472959" lon="30.274917654243364">
				<ele>0.5979944672435522</ele>
				<time>2022-08-28T15:18:31Z</time>
			</trkpt>
			<trkpt lat="59.97669739762575" lon="30.274918102238715">
				<ele>-0.3526561316102743</ele>
				<time>2022-08-28T15:18:33Z</time>
			</trkpt>
			<trkpt lat="59.97667834407476" lon="30.274898483191105">
				<ele>1.9567006416618824</ele>
				<time>2022-08-28T15:18:34Z</time>
			</trkpt>
			<trkpt lat="59.97665846990881" lon="30.27491001975216">
				<ele>1.993473649956286</ele>
				<time>2022-08-28T15:18:36Z</time>
			</trkpt>
			<trkpt lat="59.976637852503266" lon="30.27492424757473">
				<ele>2.121624684892595</ele>
				<time>2022-08-28T15:18:38Z</time>
			</trkpt>
			<trkpt lat="59.97660987484095" lon="30.27494270386184">
				<ele>3.5071160485967994</ele>
				<time>2022-08-28T15:18:41Z</time>
			</trkpt>
			<trkpt lat="59.97659404393536" lon="30.274972843102162">
				<ele>2.6353654004633427</ele>
				<time>2022-08-28T15:18:44Z</time>
			</trkpt>
			<trkpt lat="59.97659126960132" lon="30.275018042873075">
				<ele>3.2850224673748016</ele>
				<time>2022-08-28T15:18:47Z</time>
			</trkpt>
			<trkpt lat="59.97658360987974" lon="30.275058537783714">
				<ele>3.064124284312129</ele>
				<time>2022-08-28T15:18:49Z</time>
			</trkpt>
			<trkpt lat="59.976572583866485" lon="30.27510206705913">
				<ele>1.652499657124281</ele>
				<time>2022-08-28T15:18:51Z</time>
			</trkpt>
			<trkpt lat="59.976580463850894" lon="30.27515100926769">
				<ele>0.9040337288752198</ele>
				<time>2022-08-28T15:18:53Z</time>
			</trkpt>
			<trkpt lat="59.976579630129315" lon="30.275198091564288">
				<ele>1.0011677974835038</ele>
				<time>2022-08-28T15:18:55Z</time>
			</trkpt>
			<trkpt lat="59.97657353562562" lon="30.27523576892893">
				<ele>-1.554976581595838</ele>
				<time>2022-08-28T15:18:57Z</time>
			</trkpt>
			<trkpt lat="59.97657121925356" lon="30.275282992690276">
				<ele>-2.8512363405898213</ele>
				<time>2022-08-28T15:18:59Z</time>
			</trkpt>
			<trkpt lat="59.9765591793787" lon="30.275320558482075">
				<ele>0.6448592338711023</ele>
				<time>2022-08-28T15:19:01Z</time>
			</trkpt>
			<trkpt lat="59.976553345538306" lon="30.275368699927913">
				<ele>-0.6328594945371151</ele>
				<time>2022-08-28T15:19:04Z</time>
			</trkpt>
			<trkpt lat="59.976544405632815" lon="30.275403471840207">
				<ele>-0.12486694101244211</ele>
				<time>2022-08-28T15:19:06Z</time>
			</trkpt>
			<trkpt lat="59.976525330992295" lon="30.275438312342107">
				<ele>1.7273629708215594</ele>
				<time>2022-08-28T15:19:08Z</time>
			</trkpt>
			<trkpt lat="59.97651423916536" lon="30.275477028658702">
				<ele>-0.48688496742397547</ele>
				<time>2022-08-28T15:19:10Z</time>
			</trkpt>
			<trkpt lat="59.9765097897856" lon="30.27553486538429">
				<ele>0.949789647012949</ele>
				<time>2022-08-28T15:19:13Z</time>
			</trkpt>
			<trkpt lat="59.97650687524436" lon="30.275588486017064">
				<ele>0.12132447585463524</ele>
				<time>2022-08-28T15:19:16Z</time>
			</trkpt>
			<trkpt lat="59.97649096601223" lon="30.275623000132292">
				<ele>-0.15448236465454102</ele>
				<time>2022-08-28T15:19:18Z</time>
			</trkpt>
			<trkpt lat="59.976470127862186" lon="30.2756748361258">
				<ele>1.8889530720189214</ele>
				<time>2022-08-28T15:19:20Z</time>
			</trkpt>
			<trkpt lat="59.976463733666314" lon="30.27573626500731">
				<ele>1.7688296288251877</ele>
				<time>2022-08-28T15:19:23Z</time>
			</trkpt>
			<trkpt lat="59.976464618803384" lon="30.275775286980124">
				<ele>-2.9433352425694466</ele>
				<time>2022-08-28T15:19:26Z</time>
			</trkpt>
			<trkpt lat="59.976465126544184" lon="30.275820976262384">
				<ele>-2.1494903173297644</ele>
				<time>2022-08-28T15:19:28Z</time>
			</trkpt>
			<trkpt lat="59.976465175942295" lon="30.275867104973315">
				<ele>-2.28224381711334</ele>
				<time>2022-08-28T15:19:30Z</time>
			</trkpt>
			<trkpt lat="59.97645672060937" lon="30.275901917065738">
				<ele>-2.9229752775281668</ele>
				<time>2022-08-28T15:19:33Z</time>
			</trkpt>
			<trkpt lat="59.97646274265102" lon="30.275949715048696">
				<ele>-2.966926355846226</ele>
				<time>2022-08-28T15:19:35Z</time>
			</trkpt>
			<trkpt lat="59.976444747896146" lon="30.275972448465254">
				<ele>-4.942468431778252</ele>
				<time>2022-08-28T15:19:38Z</time>
			</trkpt>
			<trkpt lat="59.97642166692689" lon="30.275995332953386">
				<ele>-4.467733618803322</ele>
				<time>2022-08-28T15:19:40Z</time>
			</trkpt>
			<trkpt lat="59.976404991733425" lon="30.276010874985847">
				<ele>-3.9582814518362284</ele>
				<time>2022-08-28T15:19:41Z</time>
			</trkpt>
			<trkpt lat="59.976386329430476" lon="30.276014800914666">
				<ele>-4.139622708782554</ele>
				<time>2022-08-28T15:19:43Z</time>
			</trkpt>
			<trkpt lat="59.97637698062046" lon="30.27605524221382">
				<ele>0.28020291961729527</ele>
				<time>2022-08-28T15:19:45Z</time>
			</trkpt>
			<trkpt lat="59.97637658621002" lon="30.27610468031402">
				<ele>-0.07147419266402721</ele>
				<time>2022-08-28T15:19:48Z</time>
			</trkpt>
			<trkpt lat="59.976381531633955" lon="30.2761429262354">
				<ele>-0.42773673590272665</ele>
				<time>2022-08-28T15:19:50Z</time>
			</trkpt>
			<trkpt lat="59.97639372024183" lon="30.276171897943648">
				<ele>-1.1501551968976855</ele>
				<time>2022-08-28T15:19:52Z</time>
			</trkpt>
			<trkpt lat="59.97638886508338" lon="30.27621643397528">
				<ele>-3.4852860253304243</ele>
				<time>2022-08-28T15:19:54Z</time>
			</trkpt>
			<trkpt lat="59.97638420369751" lon="30.276271566629234">
				<ele>-2.065871411934495</ele>
				<time>2022-08-28T15:19:56Z</time>
			</trkpt>
			<trkpt lat="59.97638390445757" lon="30.27633211577165">
				<ele>0.6904658796265721</ele>
				<time>2022-08-28T15:19:59Z</time>
			</trkpt>
			<trkpt lat="59.97637933861382" lon="30.27638292073324">
				<ele>-0.5568278394639492</ele>
				<time>2022-08-28T15:20:01Z</time>
			</trkpt>
			<trkpt lat="59.976380947173276" lon="30.276427516169502">
				<ele>1.4916383242234588</ele>
				<time>2022-08-28T15:20:04Z</time>
			</trkpt>
			<trkpt lat="59.97637727788711" lon="30.276471855577704">
				<ele>0.06929600425064564</ele>
				<time>2022-08-28T15:20:06Z</time>
			</trkpt>
			<trkpt lat="59.97639113809615" lon="30.27650370071135">
				<ele>1.6966117518022656</ele>
				<time>2022-08-28T15:20:08Z</time>
			</trkpt>
			<trkpt lat="59.97638570267214" lon="30.276579372659057">
				<ele>4.12694542016834</ele>
				<time>2022-08-28T15:20:10Z</time>
			</trkpt>
			<trkpt lat="59.9763939422053" lon="30.276653082009958">
				<ele>3.5371609795838594</ele>
				<time>2022-08-28T15:20:13Z</time>
			</trkpt>
			<trkpt lat="59.97639882795411" lon="30.276706240397814">
				<ele>2.058145474642515</ele>
				<time>2022-08-28T15:20:15Z</time>
			</trkpt>
			<trkpt lat="59.97640269882456" lon="30.27674238286638">
				<ele>3.148847977630794</ele>
				<time>2022-08-28T15:20:17Z</time>
			</trkpt>
			<trkpt lat="59.97639537717285" lon="30.27679565635161">
				<ele>1.3026023115962744</ele>
				<time>2022-08-28T15:20:21Z</time>
			</trkpt>
			<trkpt lat="59.97638919293" lon="30.276842726433888">
				<ele>-0.4607125613838434</ele>
				<time>2022-08-28T15:20:23Z</time>
			</trkpt>
			<trkpt lat="59.97638429244671" lon="30.27687748505805">
				<ele>0.8806140702217817</ele>
				<time>2022-08-28T15:20:25Z</time>
			</trkpt>
			<trkpt lat="59.97638124952075" lon="30.27691799963708">
				<ele>0.9599858773872256</ele>
				<time>2022-08-28T15:20:27Z</time>
			</trkpt>
			<trkpt lat="59.97637096181529" lon="30.276961433693">
				<ele>1.483194145374</ele>
				<time>2022-08-28T15:20:29Z</time>
			</trkpt>
			<trkpt lat="59.976363223180954" lon="30.27699397261023">
				<ele>1.7790679391473532</ele>
				<time>2022-08-28T15:20:30Z</time>
			</trkpt>
			<trkpt lat="59.976343336406686" lon="30.277014432878712">
				<ele>-0.552431583404541</ele>
				<time>2022-08-28T15:20:32Z</time>
			</trkpt>
			<trkpt lat="59.97631422646721" lon="30.27705773411658">
				<ele>-1.2286068871617317</ele>
				<time>2022-08-28T15:20:36Z</time>
			</trkpt>
			<trkpt lat="59.976304454771075" lon="30.277088802556467">
				<ele>-1.4263219367712736</ele>
				<time>2022-08-28T15:20:37Z</time>
			</trkpt>
			<trkpt lat="59.976295937796905" lon="30.2771225576144">
				<ele>-0.4210802624002099</ele>
				<time>2022-08-28T15:20:39Z</time>
			</trkpt>
			<trkpt lat="59.9762702345738" lon="30.277154427330764">
				<ele>-0.6407144581899047</ele>
				<time>2022-08-28T15:20:41Z</time>
			</trkpt>
			<trkpt lat="59.976258734467756" lon="30.27719979238497">
				<ele>-0.7606929512694478</ele>
				<time>2022-08-28T15:20:43Z</time>
			</trkpt>
			<trkpt lat="59.97623951107198" lon="30.27723141922875">
				<ele>-1.0834038918837905</ele>
				<time>2022-08-28T15:20:45Z</time>
			</trkpt>
			<trkpt lat="59.97622493756769" lon="30.277269167754064">
				<ele>-1.5830754861235619</ele>
				<time>2022-08-28T15:20:48Z</time>
			</trkpt>
			<trkpt lat="59.97621394503419" lon="30.27730941881166">
				<ele>-0.5063512967899442</ele>
				<time>2022-08-28T15:20:50Z</time>
			</trkpt>
			<trkpt lat="59.97619879713539" lon="30.277344007270322">
				<ele>-1.3361958749592304</ele>
				<time>2022-08-28T15:20:53Z</time>
			</trkpt>
			<trkpt lat="59.97617858758503" lon="30.277381242950238">
				<ele>-2.0794633645564318</ele>
				<time>2022-08-28T15:20:56Z</time>
			</trkpt>
			<trkpt lat="59.97616255637948" lon="30.277408287596142">
				<ele>-0.2805255251005292</ele>
				<time>2022-08-28T15:20:58Z</time>
			</trkpt>
			<trkpt lat="59.97614687085656" lon="30.2774428516212">
				<ele>-1.7131463093683124</ele>
				<time>2022-08-28T15:21:00Z</time>
			</trkpt>
			<trkpt lat="59.97613415344955" lon="30.277468182497977">
				<ele>-2.490587243810296</ele>
				<time>2022-08-28T15:21:02Z</time>
			</trkpt>
			<trkpt lat="59.97612023773244" lon="30.2775046177335">
				<ele>-1.3029940268024802</ele>
				<time>2022-08-28T15:21:04Z</time>
			</trkpt>
			<trkpt lat="59.976097875309726" lon="30.27753372047846">
				<ele>-3.7738587390631437</ele>
				<time>2022-08-28T15:21:07Z</time>
			</trkpt>
			<trkpt lat="59.97608441215421" lon="30.27756584214526">
				<ele>-4.024447909556329</ele>
				<time>2022-08-28T15:21:09Z</time>
			</trkpt>
			<trkpt lat="59.976073414779094" lon="30.27760746895069">
				<ele>-5.722304626367986</ele>
				<time>2022-08-28T15:21:11Z</time>
			</trkpt>
			<trkpt lat="59.97605237975743" lon="30.277633779071156">
				<ele>-4.029480002820492</ele>
				<time>2022-08-28T15:21:14Z</time>
			</trkpt>
			<trkpt lat="59.976033465097665" lon="30.2776823706059">
				<ele>-1.0335426377132535</ele>
				<time>2022-08-28T15:21:16Z</time>
			</trkpt>
			<trkpt lat="59.976022061176195" lon="30.277713601824992">
				<ele>0.2758050812408328</ele>
				<time>2022-08-28T15:21:19Z</time>
			</trkpt>
			<trkpt lat="59.976014193159855" lon="30.277748478330235">
				<ele>-1.065749492496252</ele>
				<time>2022-08-28T15:21:21Z</time>
			</trkpt>
			<trkpt lat="59.97599558516788" lon="30.277782183631324">
				<ele>-1.0883782794699073</ele>
				<time>2022-08-28T15:21:24Z</time>
			</trkpt>
			<trkpt lat="59.97598476293279" lon="30.277813885009653">
				<ele>-1.0387066369876266</ele>
				<time>2022-08-28T15:21:26Z</time>
			</trkpt>
			<trkpt lat="59.975970082029285" lon="30.27784172531328">
				<ele>-2.1665359307080507</ele>
				<time>2022-08-28T15:21:28Z</time>
			</trkpt>
			<trkpt lat="59.97595950854445" lon="30.27788938188359">
				<ele>-1.5911074290052056</ele>
				<time>2022-08-28T15:21:31Z</time>
			</trkpt>
			<trkpt lat="59.97596461147168" lon="30.27793713855869">
				<ele>2.4341017035767436</ele>
				<time>2022-08-28T15:21:39Z</time>
			</trkpt>
			<trkpt lat="59.97594967958922" lon="30.277966850570845">
				<ele>2.7773996256291866</ele>
				<time>2022-08-28T15:21:41Z</time>
			</trkpt>
			<trkpt lat="59.97592889106349" lon="30.27798329613297">
				<ele>2.145252425223589</ele>
				<time>2022-08-28T15:21:44Z</time>
			</trkpt>
			<trkpt lat="59.97591006242614" lon="30.2779920847791">
				<ele>2.0782132977619767</ele>
				<time>2022-08-28T15:21:51Z</time>
			</trkpt>
			<trkpt lat="59.975920984857126" lon="30.278022918673102">
				<ele>4.549438999034464</ele>
				<time>2022-08-28T15:22:08Z</time>
			</trkpt>
			<trkpt lat="59.97590498877177" lon="30.278062309534363">
				<ele>2.646940960548818</ele>
				<time>2022-08-28T15:22:16Z</time>
			</trkpt>
			<trkpt lat="59.97591362246701" lon="30.278122397966634">
				<ele>0.8417764818295836</ele>
				<time>2022-08-28T15:22:23Z</time>
			</trkpt>
			<trkpt lat="59.97593902551032" lon="30.278149459353163">
				<ele>1.393723607994616</ele>
				<time>2022-08-28T15:22:25Z</time>
			</trkpt>
			<trkpt lat="59.97595065986986" lon="30.27819626515039">
				<ele>3.594652038998902</ele>
				<time>2022-08-28T15:22:27Z</time>
			</trkpt>
			<trkpt lat="59.97597645291772" lon="30.278200610312407">
				<ele>6.825671267695725</ele>
				<time>2022-08-28T15:22:28Z</time>
			</trkpt>
			<trkpt lat="59.97599699059945" lon="30.27825399020864">
				<ele>0.5680209640413523</ele>
				<time>2022-08-28T15:22:30Z</time>
			</trkpt>
			<trkpt lat="59.97600149255631" lon="30.27829880934991">
				<ele>-0.6904778117313981</ele>
				<time>2022-08-28T15:22:34Z</time>
			</trkpt>
			<trkpt lat="59.97601924595282" lon="30.27833468657654">
				<ele>0.05221180338412523</ele>
				<time>2022-08-28T15:22:36Z</time>
			</trkpt>
			<trkpt lat="59.976026212586326" lon="30.278372476178905">
				<ele>-1.5189546635374427</ele>
				<time>2022-08-28T15:22:38Z</time>
			</trkpt>
			<trkpt lat="59.976037976136126" lon="30.27841538130388">
				<ele>-2.0646530678495765</ele>
				<time>2022-08-28T15:22:40Z</time>
			</trkpt>
			<trkpt lat="59.976058053105525" lon="30.27846493938689">
				<ele>-4.088024283759296</ele>
				<time>2022-08-28T15:22:43Z</time>
			</trkpt>
			<trkpt lat="59.976076454588146" lon="30.278502546357092">
				<ele>-3.677525881677866</ele>
				<time>2022-08-28T15:22:46Z</time>
			</trkpt>
			<trkpt lat="59.976099729196605" lon="30.278542158583612">
				<ele>-2.1181371863931417</ele>
				<time>2022-08-28T15:22:48Z</time>
			</trkpt>
			<trkpt lat="59.97611542664682" lon="30.278578649501167">
				<ele>-2.2603602865710855</ele>
				<time>2022-08-28T15:22:50Z</time>
			</trkpt>
			<trkpt lat="59.97614048103162" lon="30.278596232339808">
				<ele>0.1695183264091611</ele>
				<time>2022-08-28T15:22:52Z</time>
			</trkpt>
			<trkpt lat="59.97615312302783" lon="30.278643726558613">
				<ele>-2.6732764039188623</ele>
				<time>2022-08-28T15:22:55Z</time>
			</trkpt>
			<trkpt lat="59.97616470099975" lon="30.27868590080687">
				<ele>-2.399507811293006</ele>
				<time>2022-08-28T15:22:57Z</time>
			</trkpt>
			<trkpt lat="59.976181663901855" lon="30.27871527261813">
				<ele>-1.6563404509797692</ele>
				<time>2022-08-28T15:22:59Z</time>
			</trkpt>
			<trkpt lat="59.976197557040905" lon="30.27876111174233">
				<ele>-1.2734370389953256</ele>
				<time>2022-08-28T15:23:01Z</time>
			</trkpt>
			<trkpt lat="59.976211511867874" lon="30.278786696889807">
				<ele>0.3500085361301899</ele>
				<time>2022-08-28T15:23:03Z</time>
			</trkpt>
			<trkpt lat="59.97622516065263" lon="30.278819870627512">
				<ele>-1.5608227802440524</ele>
				<time>2022-08-28T15:23:05Z</time>
			</trkpt>
			<trkpt lat="59.97624663566829" lon="30.278853561003004">
				<ele>-0.7776525169610977</ele>
				<time>2022-08-28T15:23:07Z</time>
			</trkpt>
			<trkpt lat="59.976260974783884" lon="30.278878633984476">
				<ele>-0.3249764209613204</ele>
				<time>2022-08-28T15:23:09Z</time>
			</trkpt>
			<trkpt lat="59.97627106017311" lon="30.278918583282746">
				<ele>-0.5307441903278232</ele>
				<time>2022-08-28T15:23:11Z</time>
			</trkpt>
			<trkpt lat="59.97628476325393" lon="30.278944126863387">
				<ele>0.1400195276364684</ele>
				<time>2022-08-28T15:23:12Z</time>
			</trkpt>
			<trkpt lat="59.9763024730866" lon="30.27898059380072">
				<ele>-0.09693125542253256</ele>
				<time>2022-08-28T15:23:15Z</time>
			</trkpt>
			<trkpt lat="59.97632053498927" lon="30.27900795464">
				<ele>-0.7237033043056726</ele>
				<time>2022-08-28T15:23:17Z</time>
			</trkpt>
			<trkpt lat="59.97633181684404" lon="30.2790620160824">
				<ele>0.14427782595157623</ele>
				<time>2022-08-28T15:23:18Z</time>
			</trkpt>
			<trkpt lat="59.97634626413966" lon="30.279098082512572">
				<ele>-1.9881172003224492</ele>
				<time>2022-08-28T15:23:22Z</time>
			</trkpt>
			<trkpt lat="59.97635668562368" lon="30.279140258041316">
				<ele>-4.620561497285962</ele>
				<time>2022-08-28T15:23:25Z</time>
			</trkpt>
			<trkpt lat="59.97638056332168" lon="30.279175261601335">
				<ele>-3.8501178473234177</ele>
				<time>2022-08-28T15:23:27Z</time>
			</trkpt>
			<trkpt lat="59.97640081382435" lon="30.27920273651758">
				<ele>-2.447265432216227</ele>
				<time>2022-08-28T15:23:29Z</time>
			</trkpt>
			<trkpt lat="59.97640941578462" lon="30.279240490526604">
				<ele>-2.6355779273435473</ele>
				<time>2022-08-28T15:23:31Z</time>
			</trkpt>
			<trkpt lat="59.97642336751279" lon="30.279271531743394">
				<ele>-3.6340534081682563</ele>
				<time>2022-08-28T15:23:33Z</time>
			</trkpt>
			<trkpt lat="59.97643698363709" lon="30.27929623292973">
				<ele>-5.114770425483584</ele>
				<time>2022-08-28T15:23:35Z</time>
			</trkpt>
			<trkpt lat="59.976455416813714" lon="30.279324461739836">
				<ele>-2.5100327329710126</ele>
				<time>2022-08-28T15:23:37Z</time>
			</trkpt>
			<trkpt lat="59.97646650460665" lon="30.279358447970566">
				<ele>-3.416772162541747</ele>
				<time>2022-08-28T15:23:39Z</time>
			</trkpt>
			<trkpt lat="59.97648269015938" lon="30.27939804738586">
				<ele>-2.8359492337331176</ele>
				<time>2022-08-28T15:23:41Z</time>
			</trkpt>
			<trkpt lat="59.976503812719805" lon="30.27942435635656">
				<ele>-1.207075378857553</ele>
				<time>2022-08-28T15:23:43Z</time>
			</trkpt>
			<trkpt lat="59.976521764294624" lon="30.279447044932333">
				<ele>-1.268957506865263</ele>
				<time>2022-08-28T15:23:45Z</time>
			</trkpt>
			<trkpt lat="59.97653758462168" lon="30.279478700107656">
				<ele>-0.7370993914082646</ele>
				<time>2022-08-28T15:23:47Z</time>
			</trkpt>
			<trkpt lat="59.9765540667198" lon="30.27951885589498">
				<ele>-1.0464175306260586</ele>
				<time>2022-08-28T15:23:49Z</time>
			</trkpt>
			<trkpt lat="59.976557572399564" lon="30.279572129634193">
				<ele>-2.481981554068625</ele>
				<time>2022-08-28T15:23:52Z</time>
			</trkpt>
			<trkpt lat="59.97655419740381" lon="30.27960921141841">
				<ele>-5.474110132083297</ele>
				<time>2022-08-28T15:23:53Z</time>
			</trkpt>
			<trkpt lat="59.976570691406074" lon="30.27965644692423">
				<ele>-2.4869571132585406</ele>
				<time>2022-08-28T15:23:56Z</time>
			</trkpt>
			<trkpt lat="59.97657948276435" lon="30.279696740396833">
				<ele>-3.0657460084185004</ele>
				<time>2022-08-28T15:23:58Z</time>
			</trkpt>
			<trkpt lat="59.97659622000414" lon="30.279730105770415">
				<ele>-0.1291492711752653</ele>
				<time>2022-08-28T15:24:00Z</time>
			</trkpt>
			<trkpt lat="59.97658513142662" lon="30.279777439549274">
				<ele>-4.503151887096465</ele>
				<time>2022-08-28T15:24:02Z</time>
			</trkpt>
			<trkpt lat="59.976600490683786" lon="30.279797962000796">
				<ele>-2.226026357151568</ele>
				<time>2022-08-28T15:24:04Z</time>
			</trkpt>
			<trkpt lat="59.976608573781704" lon="30.279847780432444">
				<ele>-2.3404270615428686</ele>
				<time>2022-08-28T15:24:06Z</time>
			</trkpt>
			<trkpt lat="59.976618887460674" lon="30.279883114965738">
				<ele>0.44671101216226816</ele>
				<time>2022-08-28T15:24:09Z</time>
			</trkpt>
			<trkpt lat="59.9766046442336" lon="30.27991712320844">
				<ele>-3.110226827673614</ele>
				<time>2022-08-28T15:24:11Z</time>
			</trkpt>
			<trkpt lat="59.976580141987185" lon="30.27993268166689">
				<ele>-2.3878644797950983</ele>
				<time>2022-08-28T15:24:13Z</time>
			</trkpt>
			<trkpt lat="59.976559523594084" lon="30.279958726361723">
				<ele>-3.076179393567145</ele>
				<time>2022-08-28T15:24:15Z</time>
			</trkpt>
			<trkpt lat="59.976536387350485" lon="30.27995376720797">
				<ele>-0.6819338137283921</ele>
				<time>2022-08-28T15:24:17Z</time>
			</trkpt>
			<trkpt lat="59.97651683576029" lon="30.279960079473994">
				<ele>-1.8311937721446157</ele>
				<time>2022-08-28T15:24:18Z</time>
			</trkpt>
			<trkpt lat="59.9765022719327" lon="30.279988380465223">
				<ele>-1.2402762155979872</ele>
				<time>2022-08-28T15:24:20Z</time>
			</trkpt>
			<trkpt lat="59.97649274118666" lon="30.280036193710973">
				<ele>-0.48915745597332716</ele>
				<time>2022-08-28T15:24:23Z</time>
			</trkpt>
			<trkpt lat="59.97647742148569" lon="30.280056623638362">
				<ele>-0.9866590350866318</ele>
				<time>2022-08-28T15:24:25Z</time>
			</trkpt>
			<trkpt lat="59.976458466539384" lon="30.280074085731947">
				<ele>-1.715727667324245</ele>
				<time>2022-08-28T15:24:27Z</time>
			</trkpt>
			<trkpt lat="59.97645133001084" lon="30.28012384028795">
				<ele>0.4420329052954912</ele>
				<time>2022-08-28T15:24:29Z</time>
			</trkpt>
			<trkpt lat="59.976435697711366" lon="30.28014438317891">
				<ele>0.261435161344707</ele>
				<time>2022-08-28T15:24:30Z</time>
			</trkpt>
			<trkpt lat="59.976407221472414" lon="30.280205002528284">
				<ele>0.32227690797299147</ele>
				<time>2022-08-28T15:24:34Z</time>
			</trkpt>
			<trkpt lat="59.97638693817677" lon="30.280226701391964">
				<ele>-1.441571873612702</ele>
				<time>2022-08-28T15:24:39Z</time>
			</trkpt>
			<trkpt lat="59.97637355142576" lon="30.28026347577477">
				<ele>-2.2584951166063547</ele>
				<time>2022-08-28T15:24:41Z</time>
			</trkpt>
			<trkpt lat="59.97636011566285" lon="30.28030557971041">
				<ele>-0.8137213606387377</ele>
				<time>2022-08-28T15:24:43Z</time>
			</trkpt>
			<trkpt lat="59.976339267959176" lon="30.28035267936645">
				<ele>-3.405128593556583</ele>
				<time>2022-08-28T15:24:46Z</time>
			</trkpt>
			<trkpt lat="59.976323549337124" lon="30.28037776074224">
				<ele>-3.1508847819641232</ele>
				<time>2022-08-28T15:24:48Z</time>
			</trkpt>
			<trkpt lat="59.976315538997554" lon="30.280426119355567">
				<ele>-1.2727374406531453</ele>
				<time>2022-08-28T15:24:50Z</time>
			</trkpt>
			<trkpt lat="59.97630552676929" lon="30.280481977283475">
				<ele>-2.5048816855996847</ele>
				<time>2022-08-28T15:24:52Z</time>
			</trkpt>
			<trkpt lat="59.97629247829026" lon="30.28052005772079">
				<ele>-0.9639438297599554</ele>
				<time>2022-08-28T15:24:54Z</time>
			</trkpt>
			<trkpt lat="59.97628340164676" lon="30.280568239286232">
				<ele>-2.327841704711318</ele>
				<time>2022-08-28T15:24:57Z</time>
			</trkpt>
			<trkpt lat="59.97627866050103" lon="30.280610600969293">
				<ele>-7.3599399253726006</ele>
				<time>2022-08-28T15:25:01Z</time>
			</trkpt>
			<trkpt lat="59.976275724906856" lon="30.280664673691536">
				<ele>-6.181861604563892</ele>
				<time>2022-08-28T15:25:02Z</time>
			</trkpt>
			<trkpt lat="59.976282672589875" lon="30.2807151957896">
				<ele>-4.502505986019969</ele>
				<time>2022-08-28T15:25:03Z</time>
			</trkpt>
			<trkpt lat="59.97626617488896" lon="30.280741396440796">
				<ele>-5.590762799605727</ele>
				<time>2022-08-28T15:25:05Z</time>
			</trkpt>
			<trkpt lat="59.976264663564756" lon="30.28079300428617">
				<ele>-2.2360430005937815</ele>
				<time>2022-08-28T15:25:07Z</time>
			</trkpt>
			<trkpt lat="59.97626220156151" lon="30.280840458114827">
				<ele>-6.128443448804319</ele>
				<time>2022-08-28T15:25:10Z</time>
			</trkpt>
			<trkpt lat="59.97626532945352" lon="30.280894549141433">
				<ele>-4.202600924298167</ele>
				<time>2022-08-28T15:25:12Z</time>
			</trkpt>
			<trkpt lat="59.976247512153044" lon="30.280966108892944">
				<ele>-4.66324725933373</ele>
				<time>2022-08-28T15:25:14Z</time>
			</trkpt>
			<trkpt lat="59.976266552111916" lon="30.28101101628763">
				<ele>-3.514861572533846</ele>
				<time>2022-08-28T15:25:17Z</time>
			</trkpt>
			<trkpt lat="59.97626940647522" lon="30.281048035551937">
				<ele>-3.5204475773498416</ele>
				<time>2022-08-28T15:25:19Z</time>
			</trkpt>
			<trkpt lat="59.976277341842874" lon="30.281096535591658">
				<ele>-2.5099753057584167</ele>
				<time>2022-08-28T15:25:21Z</time>
			</trkpt>
			<trkpt lat="59.97628750644748" lon="30.281146650937323">
				<ele>-3.0447367802262306</ele>
				<time>2022-08-28T15:25:23Z</time>
			</trkpt>
			<trkpt lat="59.97629874141049" lon="30.28118079669429">
				<ele>-1.7689837608486414</ele>
				<time>2022-08-28T15:25:25Z</time>
			</trkpt>
			<trkpt lat="59.97630827445662" lon="30.28122364462084">
				<ele>-1.8369002677500248</ele>
				<time>2022-08-28T15:25:27Z</time>
			</trkpt>
			<trkpt lat="59.9763074024996" lon="30.281262539936">
				<ele>-1.7937811743468046</ele>
				<time>2022-08-28T15:25:28Z</time>
			</trkpt>
			<trkpt lat="59.97632006992691" lon="30.28130925375771">
				<ele>-1.9510797364637256</ele>
				<time>2022-08-28T15:25:31Z</time>
			</trkpt>
			<trkpt lat="59.97633071053214" lon="30.281341457468137">
				<ele>-3.146894846111536</ele>
				<time>2022-08-28T15:25:33Z</time>
			</trkpt>
			<trkpt lat="59.97633877111949" lon="30.281389963665617">
				<ele>0.7838496547192335</ele>
				<time>2022-08-28T15:25:34Z</time>
			</trkpt>
			<trkpt lat="59.97633513391907" lon="30.281433461949664">
				<ele>-1.8125946447253227</ele>
				<time>2022-08-28T15:25:37Z</time>
			</trkpt>
			<trkpt lat="59.97634613995134" lon="30.2814821872055">
				<ele>-0.19431277085095644</ele>
				<time>2022-08-28T15:25:39Z</time>
			</trkpt>
			<trkpt lat="59.97635096333358" lon="30.281521115584603">
				<ele>-2.0649330811575055</ele>
				<time>2022-08-28T15:25:41Z</time>
			</trkpt>
			<trkpt lat="59.97635630016178" lon="30.281556443918834">
				<ele>-1.5263329735025764</ele>
				<time>2022-08-28T15:25:42Z</time>
			</trkpt>
			<trkpt lat="59.97636636540207" lon="30.28158848393663">
				<ele>-0.33969324734061956</ele>
				<time>2022-08-28T15:25:44Z</time>
			</trkpt>
			<trkpt lat="59.976369443499195" lon="30.281656095846316">
				<ele>-3.1125776153057814</ele>
				<time>2022-08-28T15:25:46Z</time>
			</trkpt>
			<trkpt lat="59.9763681433799" lon="30.281696018703837">
				<ele>-1.2145488234236836</ele>
				<time>2022-08-28T15:25:48Z</time>
			</trkpt>
			<trkpt lat="59.976375165691024" lon="30.281736812825017">
				<ele>0.890434455126524</ele>
				<time>2022-08-28T15:25:50Z</time>
			</trkpt>
			<trkpt lat="59.97637576174113" lon="30.281773782512598">
				<ele>-1.2810460459440947</ele>
				<time>2022-08-28T15:25:52Z</time>
			</trkpt>
			<trkpt lat="59.97639232055782" lon="30.281798495721592">
				<ele>1.2874249098822474</ele>
				<time>2022-08-28T15:25:54Z</time>
			</trkpt>
			<trkpt lat="59.97639595408617" lon="30.281847080564926">
				<ele>-0.05271439626812935</ele>
				<time>2022-08-28T15:25:56Z</time>
			</trkpt>
			<trkpt lat="59.97640903329743" lon="30.281894374337867">
				<ele>-0.2575541315600276</ele>
				<time>2022-08-28T15:25:58Z</time>
			</trkpt>
			<trkpt lat="59.976415677265784" lon="30.281948572125394">
				<ele>0.5165998730808496</ele>
				<time>2022-08-28T15:26:00Z</time>
			</trkpt>
			<trkpt lat="59.97642493992616" lon="30.281992531872966">
				<ele>-0.33627776615321636</ele>
				<time>2022-08-28T15:26:02Z</time>
			</trkpt>
			<trkpt lat="59.97643486855829" lon="30.282031016595703">
				<ele>1.713156339712441</ele>
				<time>2022-08-28T15:26:03Z</time>
			</trkpt>
			<trkpt lat="59.976444165361066" lon="30.282068719184124">
				<ele>-0.11169204860925674</ele>
				<time>2022-08-28T15:26:06Z</time>
			</trkpt>
			<trkpt lat="59.976444984501654" lon="30.28210668861054">
				<ele>0.2413006415590644</ele>
				<time>2022-08-28T15:26:08Z</time>
			</trkpt>
			<trkpt lat="59.97645600647195" lon="30.282156146889427">
				<ele>-0.45832746382802725</ele>
				<time>2022-08-28T15:26:11Z</time>
			</trkpt>
			<trkpt lat="59.976452041217954" lon="30.28220281204877">
				<ele>-2.0534571344032884</ele>
				<time>2022-08-28T15:26:14Z</time>
			</trkpt>
			<trkpt lat="59.97645548285228" lon="30.28225535032286">
				<ele>-0.9884442277252674</ele>
				<time>2022-08-28T15:26:16Z</time>
			</trkpt>
			<trkpt lat="59.976469846498375" lon="30.28229313777922">
				<ele>-1.269382162950933</ele>
				<time>2022-08-28T15:26:18Z</time>
			</trkpt>
			<trkpt lat="59.97647216494337" lon="30.282338162885168">
				<ele>-2.3109630355611444</ele>
				<time>2022-08-28T15:26:20Z</time>
			</trkpt>
			<trkpt lat="59.97648159982155" lon="30.282388710701078">
				<ele>-0.5509552340954542</ele>
				<time>2022-08-28T15:26:22Z</time>
			</trkpt>
			<trkpt lat="59.9764719906378" lon="30.282436739871795">
				<ele>-2.620195696130395</ele>
				<time>2022-08-28T15:26:26Z</time>
			</trkpt>
			<trkpt lat="59.9764784141127" lon="30.282487510906492">
				<ele>-0.14970155525952578</ele>
				<time>2022-08-28T15:26:27Z</time>
			</trkpt>
			<trkpt lat="59.97649131551988" lon="30.282523229106488">
				<ele>-0.7761256704106927</ele>
				<time>2022-08-28T15:26:30Z</time>
			</trkpt>
			<trkpt lat="59.97650112185077" lon="30.282564707345905">
				<ele>0.550129366107285</ele>
				<time>2022-08-28T15:26:32Z</time>
			</trkpt>
			<trkpt lat="59.97649101545874" lon="30.28263145301092">
				<ele>-0.7986195124685764</ele>
				<time>2022-08-28T15:26:35Z</time>
			</trkpt>
			<trkpt lat="59.97650441684069" lon="30.282656461859368">
				<ele>1.3340537920594215</ele>
				<time>2022-08-28T15:26:37Z</time>
			</trkpt>
			<trkpt lat="59.97651342255084" lon="30.282687570436853">
				<ele>1.3978497004136443</ele>
				<time>2022-08-28T15:26:39Z</time>
			</trkpt>
			<trkpt lat="59.97653228421863" lon="30.282731252821296">
				<ele>0.5483477311208844</ele>
				<time>2022-08-28T15:26:41Z</time>
			</trkpt>
			<trkpt lat="59.97654390751209" lon="30.28276024460675">
				<ele>1.3128868965432048</ele>
				<time>2022-08-28T15:26:43Z</time>
			</trkpt>
			<trkpt lat="59.97655926652382" lon="30.282785895033278">
				<ele>2.3802657341584563</ele>
				<time>2022-08-28T15:26:45Z</time>
			</trkpt>
			<trkpt lat="59.97656950219104" lon="30.282817031872206">
				<ele>2.966303074732423</ele>
				<time>2022-08-28T15:26:47Z</time>
			</trkpt>
			<trkpt lat="59.97658151031989" lon="30.282857854098165">
				<ele>3.1020976305007935</ele>
				<time>2022-08-28T15:26:49Z</time>
			</trkpt>
			<trkpt lat="59.976599890406305" lon="30.282896199984837">
				<ele>3.8717510122805834</ele>
				<time>2022-08-28T15:26:51Z</time>
			</trkpt>
			<trkpt lat="59.97660279212766" lon="30.282935855025222">
				<ele>3.911747763864696</ele>
				<time>2022-08-28T15:26:53Z</time>
			</trkpt>
			<trkpt lat="59.9766128585989" lon="30.282985936990876">
				<ele>4.196712404489517</ele>
				<time>2022-08-28T15:26:55Z</time>
			</trkpt>
			<trkpt lat="59.976623698800346" lon="30.283016186789336">
				<ele>2.317470457404852</ele>
				<time>2022-08-28T15:26:58Z</time>
			</trkpt>
			<trkpt lat="59.97662789030574" lon="30.283061654328687">
				<ele>1.5691659413278103</ele>
				<time>2022-08-28T15:27:02Z</time>
			</trkpt>
			<trkpt lat="59.976638374341704" lon="30.283112642459923">
				<ele>3.2910984344780445</ele>
				<time>2022-08-28T15:27:04Z</time>
			</trkpt>
			<trkpt lat="59.97663209016648" lon="30.28317805805499">
				<ele>4.453641899861395</ele>
				<time>2022-08-28T15:27:06Z</time>
			</trkpt>
			<trkpt lat="59.976631319495795" lon="30.283277023159133">
				<ele>4.421219589188695</ele>
				<time>2022-08-28T15:27:09Z</time>
			</trkpt>
			<trkpt lat="59.9766376058491" lon="30.28323489260209">
				<ele>3.007751103490591</ele>
				<time>2022-08-28T15:27:10Z</time>
			</trkpt>
			<trkpt lat="59.97662785007118" lon="30.28329117333968">
				<ele>1.806013811379671</ele>
				<time>2022-08-28T15:27:11Z</time>
			</trkpt>
			<trkpt lat="59.97662405898802" lon="30.283345761663792">
				<ele>1.7033152543008327</ele>
				<time>2022-08-28T15:27:12Z</time>
			</trkpt>
			<trkpt lat="59.976631227645626" lon="30.28339752430343">
				<ele>0.9368296219035983</ele>
				<time>2022-08-28T15:27:14Z</time>
			</trkpt>
			<trkpt lat="59.97664058208009" lon="30.283452540190563">
				<ele>-0.21094632893800735</ele>
				<time>2022-08-28T15:27:17Z</time>
			</trkpt>
			<trkpt lat="59.976651580565985" lon="30.283496069125462">
				<ele>-0.37592360842972994</ele>
				<time>2022-08-28T15:27:19Z</time>
			</trkpt>
			<trkpt lat="59.97665797068479" lon="30.28354843434498">
				<ele>-0.6255987966433167</ele>
				<time>2022-08-28T15:27:21Z</time>
			</trkpt>
			<trkpt lat="59.976658919711085" lon="30.283604884696647">
				<ele>0.34777123760432005</ele>
				<time>2022-08-28T15:27:23Z</time>
			</trkpt>
			<trkpt lat="59.97665831427434" lon="30.283646248563752">
				<ele>-0.9810880105942488</ele>
				<time>2022-08-28T15:27:26Z</time>
			</trkpt>
			<trkpt lat="59.97665448584792" lon="30.283687082515208">
				<ele>-0.7117584906518459</ele>
				<time>2022-08-28T15:27:28Z</time>
			</trkpt>
			<trkpt lat="59.9766502112574" lon="30.283741141390053">
				<ele>-1.6920274989679456</ele>
				<time>2022-08-28T15:27:30Z</time>
			</trkpt>
			<trkpt lat="59.97665280855317" lon="30.283805940681024">
				<ele>0.49861739110201597</ele>
				<time>2022-08-28T15:27:32Z</time>
			</trkpt>
			<trkpt lat="59.97664921770961" lon="30.28384361675626">
				<ele>-2.4134199619293213</ele>
				<time>2022-08-28T15:27:35Z</time>
			</trkpt>
			<trkpt lat="59.97665379717793" lon="30.28389482839178">
				<ele>-0.6958032995462418</ele>
				<time>2022-08-28T15:27:37Z</time>
			</trkpt>
			<trkpt lat="59.97665179464739" lon="30.283938810660025">
				<ele>1.645971516147256</ele>
				<time>2022-08-28T15:27:38Z</time>
			</trkpt>
			<trkpt lat="59.97665977679564" lon="30.283987840470743">
				<ele>0.4441268816590309</ele>
				<time>2022-08-28T15:27:40Z</time>
			</trkpt>
			<trkpt lat="59.97665936850546" lon="30.284033681095124">
				<ele>1.2387059787288308</ele>
				<time>2022-08-28T15:27:42Z</time>
			</trkpt>
			<trkpt lat="59.976675010335576" lon="30.284075207033652">
				<ele>4.024538744240999</ele>
				<time>2022-08-28T15:27:43Z</time>
			</trkpt>
			<trkpt lat="59.9766630869263" lon="30.284105498243303">
				<ele>0.5331419426947832</ele>
				<time>2022-08-28T15:27:45Z</time>
			</trkpt>
			<trkpt lat="59.976675226306824" lon="30.284141666158273">
				<ele>1.3241781638935208</ele>
				<time>2022-08-28T15:27:47Z</time>
			</trkpt>
			<trkpt lat="59.97668808262333" lon="30.284167864186962">
				<ele>2.2149165952578187</ele>
				<time>2022-08-28T15:27:49Z</time>
			</trkpt>
			<trkpt lat="59.97670605524094" lon="30.284198705884453">
				<ele>2.040770669467747</ele>
				<time>2022-08-28T15:27:51Z</time>
			</trkpt>
			<trkpt lat="59.97670458675689" lon="30.284245210473248">
				<ele>2.202242852188647</ele>
				<time>2022-08-28T15:27:52Z</time>
			</trkpt>
			<trkpt lat="59.97671200332" lon="30.28427955562906">
				<ele>5.501229153946042</ele>
				<time>2022-08-28T15:27:54Z</time>
			</trkpt>
			<trkpt lat="59.97670754646792" lon="30.284318242368432">
				<ele>3.9697335166856647</ele>
				<time>2022-08-28T15:27:56Z</time>
			</trkpt>
			<trkpt lat="59.97671323155067" lon="30.284372520995998">
				<ele>4.83770392742008</ele>
				<time>2022-08-28T15:27:58Z</time>
			</trkpt>
			<trkpt lat="59.976713812308326" lon="30.284449365615366">
				<ele>5.010993974283338</ele>
				<time>2022-08-28T15:27:59Z</time>
			</trkpt>
			<trkpt lat="59.97673627652089" lon="30.28441681002153">
				<ele>3.0546864392235875</ele>
				<time>2022-08-28T15:28:00Z</time>
			</trkpt>
			<trkpt lat="59.976734342366164" lon="30.284454563084044">
				<ele>-0.9515155088156462</ele>
				<time>2022-08-28T15:28:03Z</time>
			</trkpt>
			<trkpt lat="59.97674224169253" lon="30.28449798188399">
				<ele>1.1524013904854655</ele>
				<time>2022-08-28T15:28:05Z</time>
			</trkpt>
			<trkpt lat="59.97674351233667" lon="30.284559032994316">
				<ele>-4.322984100319445</ele>
				<time>2022-08-28T15:28:08Z</time>
			</trkpt>
			<trkpt lat="59.976752065172455" lon="30.28464022129459">
				<ele>-2.13974339235574</ele>
				<time>2022-08-28T15:28:10Z</time>
			</trkpt>
			<trkpt lat="59.976763284890794" lon="30.2846742107073">
				<ele>-2.8524181973189116</ele>
				<time>2022-08-28T15:28:14Z</time>
			</trkpt>
			<trkpt lat="59.97677984811659" lon="30.28472576511221">
				<ele>-0.2010353570804</ele>
				<time>2022-08-28T15:28:16Z</time>
			</trkpt>
			<trkpt lat="59.97678582316552" lon="30.284771190723447">
				<ele>-1.80621272418648</ele>
				<time>2022-08-28T15:28:18Z</time>
			</trkpt>
			<trkpt lat="59.97679144723762" lon="30.284813420188936">
				<ele>-0.9433093667030334</ele>
				<time>2022-08-28T15:28:20Z</time>
			</trkpt>
			<trkpt lat="59.9768092817417" lon="30.2848516587676">
				<ele>-2.138121049851179</ele>
				<time>2022-08-28T15:28:23Z</time>
			</trkpt>
			<trkpt lat="59.9768237160636" lon="30.284889189024437">
				<ele>-1.2852342147380114</ele>
				<time>2022-08-28T15:28:25Z</time>
			</trkpt>
			<trkpt lat="59.976832935679916" lon="30.28493457044746">
				<ele>-3.541586020961404</ele>
				<time>2022-08-28T15:28:27Z</time>
			</trkpt>
			<trkpt lat="59.97685409859924" lon="30.284957583773853">
				<ele>-3.9914768282324076</ele>
				<time>2022-08-28T15:28:29Z</time>
			</trkpt>
			<trkpt lat="59.97685842166059" lon="30.28499534463575">
				<ele>-2.9565111314877868</ele>
				<time>2022-08-28T15:28:30Z</time>
			</trkpt>
			<trkpt lat="59.97686662269576" lon="30.285027626175385">
				<ele>-3.5398628003895283</ele>
				<time>2022-08-28T15:28:33Z</time>
			</trkpt>
			<trkpt lat="59.97687990151842" lon="30.285073382322476">
				<ele>-1.9001626065000892</ele>
				<time>2022-08-28T15:28:35Z</time>
			</trkpt>
			<trkpt lat="59.976885301881595" lon="30.285124119574327">
				<ele>-0.09040036704391241</ele>
				<time>2022-08-28T15:28:37Z</time>
			</trkpt>
			<trkpt lat="59.97688821608462" lon="30.285162352893163">
				<ele>0.04828800540417433</ele>
				<time>2022-08-28T15:28:39Z</time>
			</trkpt>
			<trkpt lat="59.97688957115359" lon="30.28521410667569">
				<ele>1.563905873335898</ele>
				<time>2022-08-28T15:28:42Z</time>
			</trkpt>
			<trkpt lat="59.976891888039205" lon="30.28526104664218">
				<ele>1.224079961888492</ele>
				<time>2022-08-28T15:28:44Z</time>
			</trkpt>
			<trkpt lat="59.976899055453266" lon="30.28530694032949">
				<ele>5.3693195451051</ele>
				<time>2022-08-28T15:28:46Z</time>
			</trkpt>
			<trkpt lat="59.97687132400951" lon="30.285362559356717">
				<ele>-2.6654270868748426</ele>
				<time>2022-08-28T15:28:48Z</time>
			</trkpt>
			<trkpt lat="59.97684969800133" lon="30.285406938765888">
				<ele>-2.232378507964313</ele>
				<time>2022-08-28T15:28:49Z</time>
			</trkpt>
			<trkpt lat="59.97686508592998" lon="30.28545412608155">
				<ele>-0.9745762525126338</ele>
				<time>2022-08-28T15:28:51Z</time>
			</trkpt>
			<trkpt lat="59.97686287139792" lon="30.28550111610426">
				<ele>-4.104558829218149</ele>
				<time>2022-08-28T15:28:55Z</time>
			</trkpt>
			<trkpt lat="59.97684963978516" lon="30.285555914005514">
				<ele>-7.8741643922403455</ele>
				<time>2022-08-28T15:28:58Z</time>
			</trkpt>
			<trkpt lat="59.976842409890466" lon="30.285589389756506">
				<ele>-7.643223782069981</ele>
				<time>2022-08-28T15:28:59Z</time>
			</trkpt>
			<trkpt lat="59.97683917950219" lon="30.285649795758225">
				<ele>-6.496130448766053</ele>
				<time>2022-08-28T15:29:01Z</time>
			</trkpt>
			<trkpt lat="59.976834573632715" lon="30.28569766492042">
				<ele>-5.468274016864598</ele>
				<time>2022-08-28T15:29:03Z</time>
			</trkpt>
			<trkpt lat="59.97683024715961" lon="30.285732650841762">
				<ele>-2.0678005004301667</ele>
				<time>2022-08-28T15:29:04Z</time>
			</trkpt>
			<trkpt lat="59.976829337306874" lon="30.28578383626029">
				<ele>-3.5614720853045583</ele>
				<time>2022-08-28T15:29:08Z</time>
			</trkpt>
			<trkpt lat="59.97682072561315" lon="30.285822280433155">
				<ele>-3.100521471351385</ele>
				<time>2022-08-28T15:29:10Z</time>
			</trkpt>
			<trkpt lat="59.97680285798266" lon="30.285876387767587">
				<ele>-3.599309654906392</ele>
				<time>2022-08-28T15:29:13Z</time>
			</trkpt>
			<trkpt lat="59.97681173012552" lon="30.28591202679916">
				<ele>-1.5514978105202317</ele>
				<time>2022-08-28T15:29:16Z</time>
			</trkpt>
			<trkpt lat="59.97683200044346" lon="30.28597138089306">
				<ele>-1.016290083527565</ele>
				<time>2022-08-28T15:29:21Z</time>
			</trkpt>
			<trkpt lat="59.976806710124926" lon="30.28599247973039">
				<ele>-1.1667063990607858</ele>
				<time>2022-08-28T15:29:23Z</time>
			</trkpt>
			<trkpt lat="59.97680942833038" lon="30.286047363214088">
				<ele>-1.4346015332266688</ele>
				<time>2022-08-28T15:29:25Z</time>
			</trkpt>
			<trkpt lat="59.97677481052693" lon="30.286054831549265">
				<ele>-1.3358767265453935</ele>
				<time>2022-08-28T15:29:27Z</time>
			</trkpt>
			<trkpt lat="59.976750150275464" lon="30.286059583931525">
				<ele>-1.7085148803889751</ele>
				<time>2022-08-28T15:29:29Z</time>
			</trkpt>
			<trkpt lat="59.97673006928267" lon="30.28606987265924">
				<ele>-1.492268217727542</ele>
				<time>2022-08-28T15:29:30Z</time>
			</trkpt>
			<trkpt lat="59.97671420032401" lon="30.28609666085786">
				<ele>-1.6287591140717268</ele>
				<time>2022-08-28T15:29:32Z</time>
			</trkpt>
			<trkpt lat="59.97669655042393" lon="30.286139724136277">
				<ele>-1.5697931721806526</ele>
				<time>2022-08-28T15:29:35Z</time>
			</trkpt>
			<trkpt lat="59.97667960063148" lon="30.286175548154187">
				<ele>-1.6664402857422829</ele>
				<time>2022-08-28T15:29:38Z</time>
			</trkpt>
			<trkpt lat="59.97666914941033" lon="30.286228439538906">
				<ele>-1.1896444885060191</ele>
				<time>2022-08-28T15:29:41Z</time>
			</trkpt>
			<trkpt lat="59.976657442510735" lon="30.2862663717437">
				<ele>-0.8843833040446043</ele>
				<time>2022-08-28T15:29:43Z</time>
			</trkpt>
			<trkpt lat="59.97664169005926" lon="30.286295663326776">
				<ele>-0.058220802806317806</ele>
				<time>2022-08-28T15:29:45Z</time>
			</trkpt>
			<trkpt lat="59.97663018141779" lon="30.286325859808358">
				<ele>0.48808809369802475</ele>
				<time>2022-08-28T15:29:47Z</time>
			</trkpt>
			<trkpt lat="59.97662527359411" lon="30.286361335246106">
				<ele>0.8484364775940776</ele>
				<time>2022-08-28T15:29:49Z</time>
			</trkpt>
			<trkpt lat="59.97662314757647" lon="30.286420030496753">
				<ele>0.8245910052210093</ele>
				<time>2022-08-28T15:29:51Z</time>
			</trkpt>
			<trkpt lat="59.976636204909326" lon="30.286460672312845">
				<ele>0.6740784430876374</ele>
				<time>2022-08-28T15:29:53Z</time>
			</trkpt>
			<trkpt lat="59.97662559589821" lon="30.28650330536021">
				<ele>0.5445222733542323</ele>
				<time>2022-08-28T15:29:56Z</time>
			</trkpt>
			<trkpt lat="59.976619952503405" lon="30.28654404595477">
				<ele>0.7641172921285033</ele>
				<time>2022-08-28T15:29:58Z</time>
			</trkpt>
			<trkpt lat="59.976603268251836" lon="30.286567196354564">
				<ele>1.4296441581100225</ele>
				<time>2022-08-28T15:30:00Z</time>
			</trkpt>
			<trkpt lat="59.976577198970624" lon="30.286584526977233">
				<ele>1.0890447357669473</ele>
				<time>2022-08-28T15:30:03Z</time>
			</trkpt>
			<trkpt lat="59.97656237940749" lon="30.286607880195728">
				<ele>1.0578394150361419</ele>
				<time>2022-08-28T15:30:05Z</time>
			</trkpt>
			<trkpt lat="59.9765286573528" lon="30.286653786985745">
				<ele>1.8342512222006917</ele>
				<time>2022-08-28T15:30:07Z</time>
			</trkpt>
			<trkpt lat="59.97651533661329" lon="30.286681965167357">
				<ele>2.7627961859107018</ele>
				<time>2022-08-28T15:30:09Z</time>
			</trkpt>
			<trkpt lat="59.97649375567422" lon="30.286718194978075">
				<ele>1.6796943740919232</ele>
				<time>2022-08-28T15:30:13Z</time>
			</trkpt>
			<trkpt lat="59.97647398481563" lon="30.286755486929582">
				<ele>1.6061509978026152</ele>
				<time>2022-08-28T15:30:16Z</time>
			</trkpt>
			<trkpt lat="59.97645975165521" lon="30.286777710709984">
				<ele>1.3021517042070627</ele>
				<time>2022-08-28T15:30:18Z</time>
			</trkpt>
			<trkpt lat="59.97644046896078" lon="30.286814005941935">
				<ele>1.550588029436767</ele>
				<time>2022-08-28T15:30:20Z</time>
			</trkpt>
			<trkpt lat="59.97642237693849" lon="30.28682261504993">
				<ele>1.0790454261004925</ele>
				<time>2022-08-28T15:30:25Z</time>
			</trkpt>
			<trkpt lat="59.97638307243343" lon="30.286788615985763">
				<ele>1.5940149268135428</ele>
				<time>2022-08-28T15:30:29Z</time>
			</trkpt>
			<trkpt lat="59.976343212236664" lon="30.286885466183545">
				<ele>2.7054056311026216</ele>
				<time>2022-08-28T15:30:30Z</time>
			</trkpt>
			<trkpt lat="59.97635083894608" lon="30.286873910328755">
				<ele>-2.716385037638247</ele>
				<time>2022-08-28T15:30:31Z</time>
			</trkpt>
			<trkpt lat="59.976325322799056" lon="30.286924960473222">
				<ele>-0.07691061496734619</ele>
				<time>2022-08-28T15:30:33Z</time>
			</trkpt>
			<trkpt lat="59.97633341749783" lon="30.28698456591843">
				<ele>-0.48716795444488525</ele>
				<time>2022-08-28T15:30:35Z</time>
			</trkpt>
			<trkpt lat="59.97631805756971" lon="30.287005520357845">
				<ele>-4.649540717713535</ele>
				<time>2022-08-28T15:30:37Z</time>
			</trkpt>
			<trkpt lat="59.97630105274277" lon="30.28703691523995">
				<ele>-2.4899908546358347</ele>
				<time>2022-08-28T15:30:40Z</time>
			</trkpt>
			<trkpt lat="59.97627706348027" lon="30.28707227570681">
				<ele>-2.8619102966040373</ele>
				<time>2022-08-28T15:30:42Z</time>
			</trkpt>
			<trkpt lat="59.976253314911744" lon="30.287144216514616">
				<ele>-0.3942866111174226</ele>
				<time>2022-08-28T15:30:45Z</time>
			</trkpt>
			<trkpt lat="59.97623527812644" lon="30.287151698907298">
				<ele>-0.09868096187710762</ele>
				<time>2022-08-28T15:30:47Z</time>
			</trkpt>
			<trkpt lat="59.976220714790394" lon="30.28719259759394">
				<ele>-0.5003880430012941</ele>
				<time>2022-08-28T15:30:49Z</time>
			</trkpt>
			<trkpt lat="59.97621027773538" lon="30.28723221347506">
				<ele>3.935518163256347</ele>
				<time>2022-08-28T15:30:51Z</time>
			</trkpt>
			<trkpt lat="59.976199593431126" lon="30.287202833063336">
				<ele>5.002644863910973</ele>
				<time>2022-08-28T15:30:52Z</time>
			</trkpt>
			<trkpt lat="59.97615075763488" lon="30.28728468176582">
				<ele>5.853231349028647</ele>
				<time>2022-08-28T15:30:53Z</time>
			</trkpt>
			<trkpt lat="59.97617327835643" lon="30.287243736315265">
				<ele>3.906955855898559</ele>
				<time>2022-08-28T15:30:54Z</time>
			</trkpt>
			<trkpt lat="59.97615177702724" lon="30.28727098928736">
				<ele>4.582332054153085</ele>
				<time>2022-08-28T15:30:56Z</time>
			</trkpt>
			<trkpt lat="59.976139791486574" lon="30.287232466934736">
				<ele>4.667896785773337</ele>
				<time>2022-08-28T15:30:57Z</time>
			</trkpt>
			<trkpt lat="59.97615805331253" lon="30.28725891219294">
				<ele>2.965533632785082</ele>
				<time>2022-08-28T15:30:58Z</time>
			</trkpt>
			<trkpt lat="59.97614010177598" lon="30.287283910010803">
				<ele>3.104198203422129</ele>
				<time>2022-08-28T15:31:00Z</time>
			</trkpt>
			<trkpt lat="59.97611322890327" lon="30.287346950036962">
				<ele>1.7679656902328134</ele>
				<time>2022-08-28T15:31:02Z</time>
			</trkpt>
			<trkpt lat="59.97609374408931" lon="30.2873504243516">
				<ele>-0.015695239417254925</ele>
				<time>2022-08-28T15:31:05Z</time>
			</trkpt>
			<trkpt lat="59.9760783928055" lon="30.28736924612869">
				<ele>1.648591162636876</ele>
				<time>2022-08-28T15:31:06Z</time>
			</trkpt>
			<trkpt lat="59.976060506667196" lon="30.28741186211253">
				<ele>-2.529081513173878</ele>
				<time>2022-08-28T15:31:08Z</time>
			</trkpt>
			<trkpt lat="59.976050957823" lon="30.28744304015071">
				<ele>-2.0031170789152384</ele>
				<time>2022-08-28T15:31:10Z</time>
			</trkpt>
			<trkpt lat="59.976032209307796" lon="30.2874652400426">
				<ele>-2.2141411304473877</ele>
				<time>2022-08-28T15:31:12Z</time>
			</trkpt>
			<trkpt lat="59.9760139742159" lon="30.287498023199007">
				<ele>-1.6082089059054852</ele>
				<time>2022-08-28T15:31:13Z</time>
			</trkpt>
			<trkpt lat="59.97599147367367" lon="30.287509416081573">
				<ele>-1.6872929250821471</ele>
				<time>2022-08-28T15:31:16Z</time>
			</trkpt>
			<trkpt lat="59.97597781174282" lon="30.287549359174783">
				<ele>-1.0160031700506806</ele>
				<time>2022-08-28T15:31:18Z</time>
			</trkpt>
			<trkpt lat="59.97595458331069" lon="30.287563122994605">
				<ele>-0.43020331393927336</ele>
				<time>2022-08-28T15:31:20Z</time>
			</trkpt>
			<trkpt lat="59.97596548599786" lon="30.287672358215598">
				<ele>-9.543794416822493</ele>
				<time>2022-08-28T15:31:25Z</time>
			</trkpt>
			<trkpt lat="59.975931950571784" lon="30.28769504363689">
				<ele>-5.958256367594004</ele>
				<time>2022-08-28T15:31:27Z</time>
			</trkpt>
			<trkpt lat="59.97589590658444" lon="30.287701724725494">
				<ele>-5.511102668009698</ele>
				<time>2022-08-28T15:31:29Z</time>
			</trkpt>
			<trkpt lat="59.97587506056838" lon="30.28772042544882">
				<ele>-4.759659407660365</ele>
				<time>2022-08-28T15:31:30Z</time>
			</trkpt>
			<trkpt lat="59.97586101946246" lon="30.28774630966473">
				<ele>-2.418321789242327</ele>
				<time>2022-08-28T15:31:33Z</time>
			</trkpt>
			<trkpt lat="59.975834717347865" lon="30.287768837198804">
				<ele>-4.457916078157723</ele>
				<time>2022-08-28T15:31:35Z</time>
			</trkpt>
			<trkpt lat="59.975825902885255" lon="30.2878005068766">
				<ele>-3.5544162774458528</ele>
				<time>2022-08-28T15:31:37Z</time>
			</trkpt>
			<trkpt lat="59.97580837401627" lon="30.287835425568584">
				<ele>-4.097704038023949</ele>
				<time>2022-08-28T15:31:39Z</time>
			</trkpt>
			<trkpt lat="59.97578740701559" lon="30.287865130703448">
				<ele>-3.447714576497674</ele>
				<time>2022-08-28T15:31:42Z</time>
			</trkpt>
			<trkpt lat="59.97577745915296" lon="30.287895741888434">
				<ele>-5.266214398667216</ele>
				<time>2022-08-28T15:31:44Z</time>
			</trkpt>
			<trkpt lat="59.97575513815749" lon="30.287927931674954">
				<ele>-3.388333302922547</ele>
				<time>2022-08-28T15:31:46Z</time>
			</trkpt>
			<trkpt lat="59.97573267116864" lon="30.28797614000735">
				<ele>-0.6987020168453455</ele>
				<time>2022-08-28T15:31:49Z</time>
			</trkpt>
			<trkpt lat="59.97571563599153" lon="30.288013985173915">
				<ele>-4.265506031922996</ele>
				<time>2022-08-28T15:31:52Z</time>
			</trkpt>
			<trkpt lat="59.975696625387734" lon="30.28802909484377">
				<ele>-3.1379412515088916</ele>
				<time>2022-08-28T15:31:55Z</time>
			</trkpt>
			<trkpt lat="59.975685839115584" lon="30.288080749873615">
				<ele>-3.0050919828936458</ele>
				<time>2022-08-28T15:31:58Z</time>
			</trkpt>
			<trkpt lat="59.975646724391794" lon="30.28809490167766">
				<ele>-8.258526881225407</ele>
				<time>2022-08-28T15:32:01Z</time>
			</trkpt>
			<trkpt lat="59.97562136222612" lon="30.288098234744073">
				<ele>-8.814851742237806</ele>
				<time>2022-08-28T15:32:03Z</time>
			</trkpt>
			<trkpt lat="59.97560014716413" lon="30.288132684213966">
				<ele>-8.103291151113808</ele>
				<time>2022-08-28T15:32:04Z</time>
			</trkpt>
			<trkpt lat="59.975592392412125" lon="30.28816701536191">
				<ele>-3.451700270175934</ele>
				<time>2022-08-28T15:32:06Z</time>
			</trkpt>
			<trkpt lat="59.97558239676447" lon="30.28820667568489">
				<ele>-8.025120481848717</ele>
				<time>2022-08-28T15:32:08Z</time>
			</trkpt>
			<trkpt lat="59.97556018544514" lon="30.28823000512686">
				<ele>-6.473594398237765</ele>
				<time>2022-08-28T15:32:10Z</time>
			</trkpt>
			<trkpt lat="59.97554296345784" lon="30.288261405728253">
				<ele>-5.313805150799453</ele>
				<time>2022-08-28T15:32:12Z</time>
			</trkpt>
			<trkpt lat="59.97553446874955" lon="30.28829516635552">
				<ele>-5.08573002461344</ele>
				<time>2022-08-28T15:32:14Z</time>
			</trkpt>
			<trkpt lat="59.97551689176299" lon="30.28830817515517">
				<ele>-6.562814532779157</ele>
				<time>2022-08-28T15:32:16Z</time>
			</trkpt>
			<trkpt lat="59.97550869167068" lon="30.288350851617224">
				<ele>-5.4173769149929285</ele>
				<time>2022-08-28T15:32:19Z</time>
			</trkpt>
			<trkpt lat="59.975512830170466" lon="30.28830752398621">
				<ele>-6.471525995992124</ele>
				<time>2022-08-28T15:32:20Z</time>
			</trkpt>
			<trkpt lat="59.975488523408295" lon="30.288350451021458">
				<ele>-4.540570269338787</ele>
				<time>2022-08-28T15:32:22Z</time>
			</trkpt>
			<trkpt lat="59.97545329522844" lon="30.288421496643334">
				<ele>-5.681164517067373</ele>
				<time>2022-08-28T15:32:23Z</time>
			</trkpt>
			<trkpt lat="59.97544701680776" lon="30.288474158436884">
				<ele>-6.31612422503531</ele>
				<time>2022-08-28T15:32:26Z</time>
			</trkpt>
			<trkpt lat="59.975441654248584" lon="30.288509255103584">
				<ele>-6.2661677012220025</ele>
				<time>2022-08-28T15:32:27Z</time>
			</trkpt>
			<trkpt lat="59.97544950717169" lon="30.288548924641226">
				<ele>-5.98480040486902</ele>
				<time>2022-08-28T15:32:28Z</time>
			</trkpt>
			<trkpt lat="59.97547848694315" lon="30.288559783908305">
				<ele>-4.349675348028541</ele>
				<time>2022-08-28T15:32:30Z</time>
			</trkpt>
			<trkpt lat="59.97550106141484" lon="30.28859960728619">
				<ele>-2.993041766807437</ele>
				<time>2022-08-28T15:32:32Z</time>
			</trkpt>
			<trkpt lat="59.975522709590564" lon="30.288616515464987">
				<ele>-1.4720167545601726</ele>
				<time>2022-08-28T15:32:34Z</time>
			</trkpt>
			<trkpt lat="59.97554448158429" lon="30.288620132250827">
				<ele>-2.1518033780157566</ele>
				<time>2022-08-28T15:32:37Z</time>
			</trkpt>
			<trkpt lat="59.975569839344104" lon="30.28861904017647">
				<ele>-0.972707168199122</ele>
				<time>2022-08-28T15:32:42Z</time>
			</trkpt>
			<trkpt lat="59.97559140360875" lon="30.288613283333778">
				<ele>0.38136516977101564</ele>
				<time>2022-08-28T15:32:43Z</time>
			</trkpt>
			<trkpt lat="59.97562103752292" lon="30.288654469773093">
				<ele>-0.9447231674566865</ele>
				<time>2022-08-28T15:32:45Z</time>
			</trkpt>
			<trkpt lat="59.97564299905621" lon="30.28875418148074">
				<ele>-0.09103563893586397</ele>
				<time>2022-08-28T15:32:48Z</time>
			</trkpt>
			<trkpt lat="59.975641097058364" lon="30.28880389127195">
				<ele>-1.9187357993796468</ele>
				<time>2022-08-28T15:32:49Z</time>
			</trkpt>
			<trkpt lat="59.975647535212914" lon="30.28874001420961">
				<ele>-2.7845687409862876</ele>
				<time>2022-08-28T15:32:50Z</time>
			</trkpt>
			<trkpt lat="59.975625750346815" lon="30.2887041618989">
				<ele>-1.4825789807364345</ele>
				<time>2022-08-28T15:32:54Z</time>
			</trkpt>
			<trkpt lat="59.975591739031564" lon="30.288667355102323">
				<ele>-8.158373456448317</ele>
				<time>2022-08-28T15:32:57Z</time>
			</trkpt>
			<trkpt lat="59.97555162475566" lon="30.28886931221563">
				<ele>-5.6737670777365565</ele>
				<time>2022-08-28T15:32:58Z</time>
			</trkpt>
			<trkpt lat="59.975584610404084" lon="30.28890724908349">
				<ele>-4.2269335724413395</ele>
				<time>2022-08-28T15:32:59Z</time>
			</trkpt>
			<trkpt lat="59.97561420060388" lon="30.288944016238872">
				<ele>-2.9451088281348348</ele>
				<time>2022-08-28T15:33:01Z</time>
			</trkpt>
			<trkpt lat="59.975630755156864" lon="30.288965690824792">
				<ele>-4.047840295359492</ele>
				<time>2022-08-28T15:33:02Z</time>
			</trkpt>
			<trkpt lat="59.975661670630046" lon="30.28898540623357">
				<ele>-2.226370665244758</ele>
				<time>2022-08-28T15:33:04Z</time>
			</trkpt>
			<trkpt lat="59.975678452024546" lon="30.289002289396773">
				<ele>-0.2794397212564945</ele>
				<time>2022-08-28T15:33:06Z</time>
			</trkpt>
			<trkpt lat="59.97569437805929" lon="30.289021375609032">
				<ele>-0.4239267837256193</ele>
				<time>2022-08-28T15:33:08Z</time>
			</trkpt>
			<trkpt lat="59.97572086212153" lon="30.289032445835126">
				<ele>1.1299826065078378</ele>
				<time>2022-08-28T15:33:10Z</time>
			</trkpt>
			<trkpt lat="59.97574292663573" lon="30.28905565290533">
				<ele>-0.645914675667882</ele>
				<time>2022-08-28T15:33:12Z</time>
			</trkpt>
			<trkpt lat="59.97576646252454" lon="30.289087037429386">
				<ele>1.8276112722232938</ele>
				<time>2022-08-28T15:33:15Z</time>
			</trkpt>
			<trkpt lat="59.975782531782976" lon="30.289115340302466">
				<ele>-1.2881264183670282</ele>
				<time>2022-08-28T15:33:17Z</time>
			</trkpt>
			<trkpt lat="59.97580846270283" lon="30.289144596424844">
				<ele>-3.8051344389095902</ele>
				<time>2022-08-28T15:33:20Z</time>
			</trkpt>
			<trkpt lat="59.97582754537221" lon="30.289174177767997">
				<ele>-2.295355999842286</ele>
				<time>2022-08-28T15:33:22Z</time>
			</trkpt>
			<trkpt lat="59.97585000663507" lon="30.289192551319573">
				<ele>-3.066581044346094</ele>
				<time>2022-08-28T15:33:24Z</time>
			</trkpt>
			<trkpt lat="59.97587190782051" lon="30.289197832849645">
				<ele>-0.3995197406038642</ele>
				<time>2022-08-28T15:33:26Z</time>
			</trkpt>
			<trkpt lat="59.975886829518586" lon="30.28922174250398">
				<ele>-6.059314904734492</ele>
				<time>2022-08-28T15:33:28Z</time>
			</trkpt>
			<trkpt lat="59.97590766936226" lon="30.289252266503528">
				<ele>-4.3073694398626685</ele>
				<time>2022-08-28T15:33:31Z</time>
			</trkpt>
			<trkpt lat="59.97592938489451" lon="30.289266162909495">
				<ele>-4.177811162546277</ele>
				<time>2022-08-28T15:33:33Z</time>
			</trkpt>
			<trkpt lat="59.97595360653692" lon="30.289303544024303">
				<ele>-4.075207334011793</ele>
				<time>2022-08-28T15:33:35Z</time>
			</trkpt>
			<trkpt lat="59.97597190548473" lon="30.289312311049954">
				<ele>-2.7940481333062053</ele>
				<time>2022-08-28T15:33:36Z</time>
			</trkpt>
			<trkpt lat="59.97599669144431" lon="30.289343735476525">
				<ele>-4.353491072542965</ele>
				<time>2022-08-28T15:33:39Z</time>
			</trkpt>
			<trkpt lat="59.97601770085848" lon="30.289363754235133">
				<ele>-2.215015367604792</ele>
				<time>2022-08-28T15:33:41Z</time>
			</trkpt>
			<trkpt lat="59.976036704711504" lon="30.289387507704582">
				<ele>-3.844200747087598</ele>
				<time>2022-08-28T15:33:43Z</time>
			</trkpt>
			<trkpt lat="59.976063883044354" lon="30.289400986461544">
				<ele>-2.9246502220630646</ele>
				<time>2022-08-28T15:33:46Z</time>
			</trkpt>
			<trkpt lat="59.976076626435386" lon="30.289432849080818">
				<ele>-4.077781953848898</ele>
				<time>2022-08-28T15:33:48Z</time>
			</trkpt>
			<trkpt lat="59.976097397261405" lon="30.28945939766434">
				<ele>-5.897693166509271</ele>
				<time>2022-08-28T15:33:51Z</time>
			</trkpt>
			<trkpt lat="59.976117828240824" lon="30.28948159135729">
				<ele>-3.6549611929804087</ele>
				<time>2022-08-28T15:33:53Z</time>
			</trkpt>
			<trkpt lat="59.97613896624593" lon="30.289501627318742">
				<ele>-5.592179765924811</ele>
				<time>2022-08-28T15:33:55Z</time>
			</trkpt>
			<trkpt lat="59.976153602601315" lon="30.289526578345384">
				<ele>-4.049948793835938</ele>
				<time>2022-08-28T15:33:57Z</time>
			</trkpt>
			<trkpt lat="59.97618366943422" lon="30.289542856292456">
				<ele>-2.5703540816903114</ele>
				<time>2022-08-28T15:33:59Z</time>
			</trkpt>
			<trkpt lat="59.97620866825426" lon="30.289555981748258">
				<ele>-4.778953391127288</ele>
				<time>2022-08-28T15:34:01Z</time>
			</trkpt>
			<trkpt lat="59.97624269501018" lon="30.28960139212438">
				<ele>-2.7203266378492117</ele>
				<time>2022-08-28T15:34:04Z</time>
			</trkpt>
			<trkpt lat="59.97626348408464" lon="30.289598629719848">
				<ele>-3.487174362875521</ele>
				<time>2022-08-28T15:34:07Z</time>
			</trkpt>
			<trkpt lat="59.97628723137083" lon="30.28963354869963">
				<ele>-1.905460604466498</ele>
				<time>2022-08-28T15:34:09Z</time>
			</trkpt>
			<trkpt lat="59.97630966177002" lon="30.28963803871455">
				<ele>-1.1843028720468283</ele>
				<time>2022-08-28T15:34:11Z</time>
			</trkpt>
			<trkpt lat="59.97633205382391" lon="30.289649185171797">
				<ele>-0.40796077251434326</ele>
				<time>2022-08-28T15:34:13Z</time>
			</trkpt>
			<trkpt lat="59.97635861920045" lon="30.289653526082734">
				<ele>0.19295647740364075</ele>
				<time>2022-08-28T15:34:15Z</time>
			</trkpt>
			<trkpt lat="59.976381133408935" lon="30.28966419080255">
				<ele>0.4820603784173727</ele>
				<time>2022-08-28T15:34:17Z</time>
			</trkpt>
			<trkpt lat="59.97640234551361" lon="30.28967100848039">
				<ele>2.002978784032166</ele>
				<time>2022-08-28T15:34:20Z</time>
			</trkpt>
			<trkpt lat="59.97641749924645" lon="30.289700682780357">
				<ele>0.8664041282609105</ele>
				<time>2022-08-28T15:34:22Z</time>
			</trkpt>
			<trkpt lat="59.97643497109716" lon="30.289726892669233">
				<ele>0.761546665802598</ele>
				<time>2022-08-28T15:34:24Z</time>
			</trkpt>
			<trkpt lat="59.97645718027504" lon="30.289745516933976">
				<ele>0.7742670718580484</ele>
				<time>2022-08-28T15:34:26Z</time>
			</trkpt>
			<trkpt lat="59.976477683953284" lon="30.289778902363086">
				<ele>0.7118290308862925</ele>
				<time>2022-08-28T15:34:29Z</time>
			</trkpt>
			<trkpt lat="59.976496558391304" lon="30.289788261541567">
				<ele>1.138044730760157</ele>
				<time>2022-08-28T15:34:30Z</time>
			</trkpt>
			<trkpt lat="59.97651720215799" lon="30.289813372393613">
				<ele>1.5302404863759875</ele>
				<time>2022-08-28T15:34:32Z</time>
			</trkpt>
			<trkpt lat="59.97653501397567" lon="30.289831102036946">
				<ele>1.8731005247682333</ele>
				<time>2022-08-28T15:34:34Z</time>
			</trkpt>
			<trkpt lat="59.97655287285564" lon="30.289842847253354">
				<ele>2.246389275416732</ele>
				<time>2022-08-28T15:34:36Z</time>
			</trkpt>
			<trkpt lat="59.97657294030467" lon="30.289859548817432">
				<ele>2.776919862255454</ele>
				<time>2022-08-28T15:34:38Z</time>
			</trkpt>
			<trkpt lat="59.97659030687109" lon="30.289872593631106">
				<ele>1.8273329678922892</ele>
				<time>2022-08-28T15:34:40Z</time>
			</trkpt>
			<trkpt lat="59.97660727701222" lon="30.289895853651025">
				<ele>1.4880957566201687</ele>
				<time>2022-08-28T15:34:42Z</time>
			</trkpt>
			<trkpt lat="59.97662372113472" lon="30.28991450846902">
				<ele>0.32093955110758543</ele>
				<time>2022-08-28T15:34:45Z</time>
			</trkpt>
			<trkpt lat="59.97664020040542" lon="30.289945317382728">
				<ele>1.1560038775205612</ele>
				<time>2022-08-28T15:34:47Z</time>
			</trkpt>
			<trkpt lat="59.97664444872788" lon="30.289980550718248">
				<ele>1.1007216861471534</ele>
				<time>2022-08-28T15:34:49Z</time>
			</trkpt>
			<trkpt lat="59.97664440402817" lon="30.29002530009632">
				<ele>5.264825430698693</ele>
				<time>2022-08-28T15:34:52Z</time>
			</trkpt>
			<trkpt lat="59.97663927959278" lon="30.290091962736582">
				<ele>4.761491087265313</ele>
				<time>2022-08-28T15:34:54Z</time>
			</trkpt>
			<trkpt lat="59.976618316321364" lon="30.29022482491242">
				<ele>5.121395426802337</ele>
				<time>2022-08-28T15:34:55Z</time>
			</trkpt>
			<trkpt lat="59.976618060839684" lon="30.29027565711287">
				<ele>2.99468794465065</ele>
				<time>2022-08-28T15:34:57Z</time>
			</trkpt>
			<trkpt lat="59.976625561432236" lon="30.290332369250027">
				<ele>2.2263624630868435</ele>
				<time>2022-08-28T15:34:59Z</time>
			</trkpt>
			<trkpt lat="59.97661673528801" lon="30.29037749179919">
				<ele>1.4771048063412309</ele>
				<time>2022-08-28T15:35:00Z</time>
			</trkpt>
			<trkpt lat="59.97661522308513" lon="30.29041701271435">
				<ele>1.2319595897570252</ele>
				<time>2022-08-28T15:35:02Z</time>
			</trkpt>
			<trkpt lat="59.97660552861064" lon="30.290448838435587">
				<ele>-0.16138804610818624</ele>
				<time>2022-08-28T15:35:04Z</time>
			</trkpt>
			<trkpt lat="59.976583424985826" lon="30.290475167209426">
				<ele>-2.920107087120414</ele>
				<time>2022-08-28T15:35:06Z</time>
			</trkpt>
			<trkpt lat="59.976579235499486" lon="30.290527418870074">
				<ele>-2.2525696447119117</ele>
				<time>2022-08-28T15:35:08Z</time>
			</trkpt>
			<trkpt lat="59.976564579535456" lon="30.290570917112703">
				<ele>-1.9177861409261823</ele>
				<time>2022-08-28T15:35:10Z</time>
			</trkpt>
			<trkpt lat="59.97655208821912" lon="30.290605286576398">
				<ele>-2.797074044123292</ele>
				<time>2022-08-28T15:35:12Z</time>
			</trkpt>
			<trkpt lat="59.97654711987173" lon="30.29064660302952">
				<ele>-1.45021862257272</ele>
				<time>2022-08-28T15:35:14Z</time>
			</trkpt>
			<trkpt lat="59.97654818289668" lon="30.290690551091338">
				<ele>-3.8358653616160154</ele>
				<time>2022-08-28T15:35:16Z</time>
			</trkpt>
			<trkpt lat="59.976561042005976" lon="30.290746698959445">
				<ele>-2.953450195491314</ele>
				<time>2022-08-28T15:35:18Z</time>
			</trkpt>
			<trkpt lat="59.976575574656756" lon="30.290793634347494">
				<ele>-2.953923770226538</ele>
				<time>2022-08-28T15:35:21Z</time>
			</trkpt>
			<trkpt lat="59.97657369051415" lon="30.290844892863863">
				<ele>-3.914150930941105</ele>
				<time>2022-08-28T15:35:23Z</time>
			</trkpt>
			<trkpt lat="59.9765753969095" lon="30.290886284695677">
				<ele>-3.5242246575653553</ele>
				<time>2022-08-28T15:35:25Z</time>
			</trkpt>
			<trkpt lat="59.97656382053281" lon="30.290918088775964">
				<ele>-7.394269322045147</ele>
				<time>2022-08-28T15:35:27Z</time>
			</trkpt>
			<trkpt lat="59.97656441597393" lon="30.290964361837418">
				<ele>-5.56855517718941</ele>
				<time>2022-08-28T15:35:29Z</time>
			</trkpt>
			<trkpt lat="59.976560476599076" lon="30.291017827382245">
				<ele>-5.727531144395471</ele>
				<time>2022-08-28T15:35:31Z</time>
			</trkpt>
			<trkpt lat="59.97656195315612" lon="30.29106703225013">
				<ele>-5.636176761239767</ele>
				<time>2022-08-28T15:35:33Z</time>
			</trkpt>
			<trkpt lat="59.97657299986791" lon="30.29111115919707">
				<ele>-4.517371484078467</ele>
				<time>2022-08-28T15:35:35Z</time>
			</trkpt>
			<trkpt lat="59.97657140195282" lon="30.291161634626885">
				<ele>-5.726549446582794</ele>
				<time>2022-08-28T15:35:37Z</time>
			</trkpt>
			<trkpt lat="59.97656940090004" lon="30.29120290672183">
				<ele>-3.385117762722075</ele>
				<time>2022-08-28T15:35:40Z</time>
			</trkpt>
			<trkpt lat="59.97656771615823" lon="30.29124259510144">
				<ele>-4.584813699126244</ele>
				<time>2022-08-28T15:35:41Z</time>
			</trkpt>
			<trkpt lat="59.97658447764265" lon="30.29126418770225">
				<ele>-2.5480134775862098</ele>
				<time>2022-08-28T15:35:43Z</time>
			</trkpt>
			<trkpt lat="59.97657057110886" lon="30.29131341066851">
				<ele>-7.87381284404546</ele>
				<time>2022-08-28T15:35:45Z</time>
			</trkpt>
			<trkpt lat="59.97655731734447" lon="30.291344079902412">
				<ele>-8.163313886150718</ele>
				<time>2022-08-28T15:35:47Z</time>
			</trkpt>
			<trkpt lat="59.97655985594565" lon="30.291394825050592">
				<ele>-5.384119119495153</ele>
				<time>2022-08-28T15:35:49Z</time>
			</trkpt>
			<trkpt lat="59.97656161531465" lon="30.291446846059195">
				<ele>-6.273273260332644</ele>
				<time>2022-08-28T15:35:51Z</time>
			</trkpt>
			<trkpt lat="59.97656140593222" lon="30.291492320955065">
				<ele>-5.0166159346699715</ele>
				<time>2022-08-28T15:35:54Z</time>
			</trkpt>
			<trkpt lat="59.976549689238034" lon="30.291538110185435">
				<ele>-9.105822563171387</ele>
				<time>2022-08-28T15:35:56Z</time>
			</trkpt>
			<trkpt lat="59.97655554370973" lon="30.291578578200337">
				<ele>-6.416236935183406</ele>
				<time>2022-08-28T15:35:58Z</time>
			</trkpt>
			<trkpt lat="59.976553180800735" lon="30.29163646314518">
				<ele>-6.408029709011316</ele>
				<time>2022-08-28T15:36:01Z</time>
			</trkpt>
			<trkpt lat="59.97655287283659" lon="30.291706199652097">
				<ele>-6.484558098018169</ele>
				<time>2022-08-28T15:36:04Z</time>
			</trkpt>
			<trkpt lat="59.97657126710704" lon="30.291705205083975">
				<ele>-5.627424167469144</ele>
				<time>2022-08-28T15:36:08Z</time>
			</trkpt>
			<trkpt lat="59.97658248734112" lon="30.291754951879643">
				<ele>-4.122495772317052</ele>
				<time>2022-08-28T15:36:19Z</time>
			</trkpt>
			<trkpt lat="59.976569074911254" lon="30.291787121853364">
				<ele>-1.9662812296301126</ele>
				<time>2022-08-28T15:36:21Z</time>
			</trkpt>
			<trkpt lat="59.976571440498795" lon="30.29186201557222">
				<ele>-0.9418641086667776</ele>
				<time>2022-08-28T15:36:24Z</time>
			</trkpt>
			<trkpt lat="59.97657456363322" lon="30.291899719314628">
				<ele>0.8181719584390521</ele>
				<time>2022-08-28T15:36:26Z</time>
			</trkpt>
			<trkpt lat="59.97656828425874" lon="30.29194985277788">
				<ele>-2.6503052320331335</ele>
				<time>2022-08-28T15:36:29Z</time>
			</trkpt>
			<trkpt lat="59.976569959609165" lon="30.291998165890213">
				<ele>-1.4390368713065982</ele>
				<time>2022-08-28T15:36:31Z</time>
			</trkpt>
			<trkpt lat="59.97655843903499" lon="30.292048514186604">
				<ele>-2.8000183859840035</ele>
				<time>2022-08-28T15:36:33Z</time>
			</trkpt>
			<trkpt lat="59.97657123068483" lon="30.29209546784553">
				<ele>-0.7450328730046749</ele>
				<time>2022-08-28T15:36:35Z</time>
			</trkpt>
			<trkpt lat="59.97657085093557" lon="30.292143337681647">
				<ele>2.3479519775137305</ele>
				<time>2022-08-28T15:36:38Z</time>
			</trkpt>
			<trkpt lat="59.97655430623766" lon="30.2921688575545">
				<ele>-2.3807589150965214</ele>
				<time>2022-08-28T15:36:39Z</time>
			</trkpt>
			<trkpt lat="59.976556624241375" lon="30.29220515547545">
				<ele>0.5056102387607098</ele>
				<time>2022-08-28T15:36:41Z</time>
			</trkpt>
			<trkpt lat="59.97655949027106" lon="30.29225009297133">
				<ele>-1.0352746015414596</ele>
				<time>2022-08-28T15:36:43Z</time>
			</trkpt>
			<trkpt lat="59.9765656370424" lon="30.2922998259389">
				<ele>-0.6329789804294705</ele>
				<time>2022-08-28T15:36:45Z</time>
			</trkpt>
			<trkpt lat="59.97656103723105" lon="30.292361304891205">
				<ele>0.07099792454391718</ele>
				<time>2022-08-28T15:36:48Z</time>
			</trkpt>
			<trkpt lat="59.97655206677688" lon="30.292414583970853">
				<ele>-2.89564648270607</ele>
				<time>2022-08-28T15:36:51Z</time>
			</trkpt>
			<trkpt lat="59.97654649639023" lon="30.292451909194234">
				<ele>-1.950712401419878</ele>
				<time>2022-08-28T15:36:52Z</time>
			</trkpt>
			<trkpt lat="59.9765470191773" lon="30.292492970186178">
				<ele>-0.428175987675786</ele>
				<time>2022-08-28T15:36:53Z</time>
			</trkpt>
			<trkpt lat="59.976541722072675" lon="30.292528447368095">
				<ele>-2.267688768915832</ele>
				<time>2022-08-28T15:36:55Z</time>
			</trkpt>
			<trkpt lat="59.97654851678021" lon="30.292572012859566">
				<ele>-2.7469987832009792</ele>
				<time>2022-08-28T15:36:57Z</time>
			</trkpt>
			<trkpt lat="59.97656157714689" lon="30.292618416686576">
				<ele>-0.4022337840870023</ele>
				<time>2022-08-28T15:36:59Z</time>
			</trkpt>
			<trkpt lat="59.97656541292462" lon="30.29265466241143">
				<ele>-5.803458943963051</ele>
				<time>2022-08-28T15:37:01Z</time>
			</trkpt>
			<trkpt lat="59.97656481508117" lon="30.292702939139136">
				<ele>-6.345097008161247</ele>
				<time>2022-08-28T15:37:03Z</time>
			</trkpt>
			<trkpt lat="59.97657301564172" lon="30.292754400981813">
				<ele>-5.224060254171491</ele>
				<time>2022-08-28T15:37:05Z</time>
			</trkpt>
			<trkpt lat="59.97657587325358" lon="30.292792460959134">
				<ele>-5.165279862470925</ele>
				<time>2022-08-28T15:37:07Z</time>
			</trkpt>
			<trkpt lat="59.976574254356066" lon="30.29285061261797">
				<ele>-5.298635488376021</ele>
				<time>2022-08-28T15:37:09Z</time>
			</trkpt>
			<trkpt lat="59.97658233035052" lon="30.29288693066347">
				<ele>-3.9096533711999655</ele>
				<time>2022-08-28T15:37:11Z</time>
			</trkpt>
			<trkpt lat="59.976584747800274" lon="30.292927242265066">
				<ele>-2.2706172624602914</ele>
				<time>2022-08-28T15:37:12Z</time>
			</trkpt>
			<trkpt lat="59.976584062792334" lon="30.292967154080948">
				<ele>-7.269788864068687</ele>
				<time>2022-08-28T15:37:15Z</time>
			</trkpt>
			<trkpt lat="59.9765995404576" lon="30.29301461516528">
				<ele>-4.684578696265817</ele>
				<time>2022-08-28T15:37:17Z</time>
			</trkpt>
			<trkpt lat="59.97661038301044" lon="30.293062254111703">
				<ele>-5.041378467343748</ele>
				<time>2022-08-28T15:37:19Z</time>
			</trkpt>
			<trkpt lat="59.97662380879307" lon="30.293093440172054">
				<ele>-4.846210638992488</ele>
				<time>2022-08-28T15:37:21Z</time>
			</trkpt>
			<trkpt lat="59.976629008952294" lon="30.293137871319963">
				<ele>-3.188361605629325</ele>
				<time>2022-08-28T15:37:23Z</time>
			</trkpt>
			<trkpt lat="59.976621990922325" lon="30.293189619584254">
				<ele>-5.385149036534131</ele>
				<time>2022-08-28T15:37:25Z</time>
			</trkpt>
			<trkpt lat="59.97663352387979" lon="30.293238534781878">
				<ele>-4.46891438215971</ele>
				<time>2022-08-28T15:37:28Z</time>
			</trkpt>
			<trkpt lat="59.976650856185465" lon="30.293284237937296">
				<ele>-1.736612698994577</ele>
				<time>2022-08-28T15:37:30Z</time>
			</trkpt>
			<trkpt lat="59.97666061132699" lon="30.293326298010086">
				<ele>-2.8499816907569766</ele>
				<time>2022-08-28T15:37:32Z</time>
			</trkpt>
			<trkpt lat="59.97667110776107" lon="30.293378488584022">
				<ele>0.2611523913219571</ele>
				<time>2022-08-28T15:37:34Z</time>
			</trkpt>
			<trkpt lat="59.97667005368252" lon="30.293429266666358">
				<ele>-4.300123503431678</ele>
				<time>2022-08-28T15:37:36Z</time>
			</trkpt>
			<trkpt lat="59.976680426811036" lon="30.29346822925191">
				<ele>-4.159010661765933</ele>
				<time>2022-08-28T15:37:39Z</time>
			</trkpt>
			<trkpt lat="59.97668617631838" lon="30.293525214157533">
				<ele>-1.9539312766864896</ele>
				<time>2022-08-28T15:37:41Z</time>
			</trkpt>
			<trkpt lat="59.976670956122085" lon="30.293566294361497">
				<ele>-2.1857386343181133</ele>
				<time>2022-08-28T15:37:43Z</time>
			</trkpt>
			<trkpt lat="59.976666042275504" lon="30.293611524697578">
				<ele>-2.7117532659322023</ele>
				<time>2022-08-28T15:37:45Z</time>
			</trkpt>
			<trkpt lat="59.97665484936075" lon="30.293662053678183">
				<ele>-1.6647241236642003</ele>
				<time>2022-08-28T15:37:47Z</time>
			</trkpt>
			<trkpt lat="59.9766561018684" lon="30.293708137089396">
				<ele>-1.1013672100380063</ele>
				<time>2022-08-28T15:37:49Z</time>
			</trkpt>
			<trkpt lat="59.97666954655427" lon="30.29377108250063">
				<ele>-4.321584879420698</ele>
				<time>2022-08-28T15:37:52Z</time>
			</trkpt>
			<trkpt lat="59.97669211435495" lon="30.293810708026413">
				<ele>-1.9271537363529205</ele>
				<time>2022-08-28T15:37:54Z</time>
			</trkpt>
			<trkpt lat="59.97670514061382" lon="30.29384090684624">
				<ele>-3.154363064095378</ele>
				<time>2022-08-28T15:37:56Z</time>
			</trkpt>
			<trkpt lat="59.97671962988663" lon="30.293896232043224">
				<ele>-3.1916365893557668</ele>
				<time>2022-08-28T15:37:59Z</time>
			</trkpt>
			<trkpt lat="59.97673306574164" lon="30.293922435522855">
				<ele>-0.08669260144233704</ele>
				<time>2022-08-28T15:38:01Z</time>
			</trkpt>
			<trkpt lat="59.97673618665999" lon="30.293961384709686">
				<ele>-2.8023301428183913</ele>
				<time>2022-08-28T15:38:02Z</time>
			</trkpt>
			<trkpt lat="59.976748082681205" lon="30.294017204084838">
				<ele>-3.4123860131949186</ele>
				<time>2022-08-28T15:38:05Z</time>
			</trkpt>
			<trkpt lat="59.97676939228168" lon="30.294058739543104">
				<ele>-0.9270095154643059</ele>
				<time>2022-08-28T15:38:07Z</time>
			</trkpt>
			<trkpt lat="59.97679245807609" lon="30.294083007837603">
				<ele>0.7719702934846282</ele>
				<time>2022-08-28T15:38:09Z</time>
			</trkpt>
			<trkpt lat="59.97679781158962" lon="30.29413800460846">
				<ele>0.6208944171667099</ele>
				<time>2022-08-28T15:38:11Z</time>
			</trkpt>
			<trkpt lat="59.976808226784804" lon="30.294190801311384">
				<ele>3.2822931027039886</ele>
				<time>2022-08-28T15:38:14Z</time>
			</trkpt>
			<trkpt lat="59.97680183985703" lon="30.294226770981616">
				<ele>0.42367991898208857</ele>
				<time>2022-08-28T15:38:15Z</time>
			</trkpt>
			<trkpt lat="59.976805110416194" lon="30.294268605560376">
				<ele>1.7836921932175756</ele>
				<time>2022-08-28T15:38:18Z</time>
			</trkpt>
			<trkpt lat="59.97680954744922" lon="30.294313350066776">
				<ele>4.380387808196247</ele>
				<time>2022-08-28T15:38:20Z</time>
			</trkpt>
			<trkpt lat="59.97679691702243" lon="30.29437347536982">
				<ele>0.6331277657300234</ele>
				<time>2022-08-28T15:38:22Z</time>
			</trkpt>
			<trkpt lat="59.976793886822165" lon="30.294412449395065">
				<ele>2.6173651153221726</ele>
				<time>2022-08-28T15:38:25Z</time>
			</trkpt>
			<trkpt lat="59.97678995025307" lon="30.294456415471988">
				<ele>1.7101340536028147</ele>
				<time>2022-08-28T15:38:27Z</time>
			</trkpt>
			<trkpt lat="59.97679333591209" lon="30.29450571831816">
				<ele>2.1432884903624654</ele>
				<time>2022-08-28T15:38:29Z</time>
			</trkpt>
			<trkpt lat="59.97679022956025" lon="30.294563767890356">
				<ele>4.283380417153239</ele>
				<time>2022-08-28T15:38:31Z</time>
			</trkpt>
			<trkpt lat="59.976792681222086" lon="30.29461415855226">
				<ele>3.7371482588350773</ele>
				<time>2022-08-28T15:38:34Z</time>
			</trkpt>
			<trkpt lat="59.976786832116545" lon="30.294665667117957">
				<ele>2.6596397571265697</ele>
				<time>2022-08-28T15:38:36Z</time>
			</trkpt>
			<trkpt lat="59.976790470164126" lon="30.294717121447324">
				<ele>4.67354488465935</ele>
				<time>2022-08-28T15:38:39Z</time>
			</trkpt>
			<trkpt lat="59.97678325463236" lon="30.294770502276876">
				<ele>2.0529661579057574</ele>
				<time>2022-08-28T15:38:41Z</time>
			</trkpt>
			<trkpt lat="59.97677860118396" lon="30.29482786136261">
				<ele>2.499150731600821</ele>
				<time>2022-08-28T15:38:43Z</time>
			</trkpt>
			<trkpt lat="59.97678329501461" lon="30.294883759702483">
				<ele>2.9671959122642875</ele>
				<time>2022-08-28T15:38:47Z</time>
			</trkpt>
			<trkpt lat="59.976795527024066" lon="30.29492193424716">
				<ele>4.268772276118398</ele>
				<time>2022-08-28T15:38:49Z</time>
			</trkpt>
			<trkpt lat="59.976793765274444" lon="30.294966101610928">
				<ele>0.22434238530695438</ele>
				<time>2022-08-28T15:38:50Z</time>
			</trkpt>
			<trkpt lat="59.97680425142499" lon="30.295022006067406">
				<ele>3.549637750722468</ele>
				<time>2022-08-28T15:38:53Z</time>
			</trkpt>
			<trkpt lat="59.97680032479055" lon="30.295079061906826">
				<ele>2.0986812971532345</ele>
				<time>2022-08-28T15:38:55Z</time>
			</trkpt>
			<trkpt lat="59.97679890479246" lon="30.295118550976497">
				<ele>6.081738485954702</ele>
				<time>2022-08-28T15:38:56Z</time>
			</trkpt>
			<trkpt lat="59.97681417140091" lon="30.295083336398154">
				<ele>6.253884652629495</ele>
				<time>2022-08-28T15:38:57Z</time>
			</trkpt>
			<trkpt lat="59.97682767531224" lon="30.295142197977537">
				<ele>7.288091934286058</ele>
				<time>2022-08-28T15:38:59Z</time>
			</trkpt>
			<trkpt lat="59.9768490909966" lon="30.295182693934255">
				<ele>5.340907467529178</ele>
				<time>2022-08-28T15:39:02Z</time>
			</trkpt>
			<trkpt lat="59.97685285719677" lon="30.295219523401823">
				<ele>4.620215442031622</ele>
				<time>2022-08-28T15:39:04Z</time>
			</trkpt>
			<trkpt lat="59.97686134347753" lon="30.29527114450468">
				<ele>5.632019895128906</ele>
				<time>2022-08-28T15:39:06Z</time>
			</trkpt>
			<trkpt lat="59.97685613074483" lon="30.295325112903768">
				<ele>3.8227115916088223</ele>
				<time>2022-08-28T15:39:09Z</time>
			</trkpt>
			<trkpt lat="59.976854361071425" lon="30.295364762293357">
				<ele>3.3779303645715117</ele>
				<time>2022-08-28T15:39:11Z</time>
			</trkpt>
			<trkpt lat="59.976844782085024" lon="30.295425168501335">
				<ele>4.732931436039507</ele>
				<time>2022-08-28T15:39:13Z</time>
			</trkpt>
			<trkpt lat="59.97685487438434" lon="30.295471595498597">
				<ele>4.250119657255709</ele>
				<time>2022-08-28T15:39:15Z</time>
			</trkpt>
			<trkpt lat="59.9768484690621" lon="30.29551255706562">
				<ele>5.684224599972367</ele>
				<time>2022-08-28T15:39:16Z</time>
			</trkpt>
			<trkpt lat="59.97684621198929" lon="30.295567255740185">
				<ele>6.909519226290286</ele>
				<time>2022-08-28T15:39:18Z</time>
			</trkpt>
			<trkpt lat="59.97685346240159" lon="30.295616980473678">
				<ele>7.473011963069439</ele>
				<time>2022-08-28T15:39:19Z</time>
			</trkpt>
			<trkpt lat="59.976874885299715" lon="30.29558434389066">
				<ele>7.0946669820696115</ele>
				<time>2022-08-28T15:39:21Z</time>
			</trkpt>
			<trkpt lat="59.97689291096742" lon="30.295591207832278">
				<ele>2.678649586625397</ele>
				<time>2022-08-28T15:39:30Z</time>
			</trkpt>
			<trkpt lat="59.97690219841039" lon="30.295635356954534">
				<ele>1.1347158309072256</ele>
				<time>2022-08-28T15:39:34Z</time>
			</trkpt>
			<trkpt lat="59.97692027529976" lon="30.29568377687202">
				<ele>4.441788143478334</ele>
				<time>2022-08-28T15:39:36Z</time>
			</trkpt>
			<trkpt lat="59.976931977325194" lon="30.295717671686678">
				<ele>4.870124648325145</ele>
				<time>2022-08-28T15:39:38Z</time>
			</trkpt>
			<trkpt lat="59.976951164421116" lon="30.295771620560245">
				<ele>4.2662015138193965</ele>
				<time>2022-08-28T15:39:41Z</time>
			</trkpt>
			<trkpt lat="59.97696469741557" lon="30.295806111952494">
				<ele>0.6437542699277401</ele>
				<time>2022-08-28T15:39:44Z</time>
			</trkpt>
			<trkpt lat="59.976985908079676" lon="30.295868421256785">
				<ele>1.2141818646341562</ele>
				<time>2022-08-28T15:39:48Z</time>
			</trkpt>
			<trkpt lat="59.976996453792864" lon="30.295913821357605">
				<ele>1.970178296789527</ele>
				<time>2022-08-28T15:39:49Z</time>
			</trkpt>
			<trkpt lat="59.977012620251976" lon="30.295941418238144">
				<ele>1.6569657819345593</ele>
				<time>2022-08-28T15:39:51Z</time>
			</trkpt>
			<trkpt lat="59.97701570404275" lon="30.295993275015164">
				<ele>2.9440493574365973</ele>
				<time>2022-08-28T15:39:53Z</time>
			</trkpt>
			<trkpt lat="59.977033227262716" lon="30.296041964100752">
				<ele>2.0061425734311342</ele>
				<time>2022-08-28T15:39:55Z</time>
			</trkpt>
			<trkpt lat="59.97703854279555" lon="30.296085679073617">
				<ele>1.2374182157218456</ele>
				<time>2022-08-28T15:39:59Z</time>
			</trkpt>
			<trkpt lat="59.97705483551437" lon="30.296144403388382">
				<ele>2.2650699513033032</ele>
				<time>2022-08-28T15:40:02Z</time>
			</trkpt>
			<trkpt lat="59.97706515243177" lon="30.296209061384378">
				<ele>2.6194816613569856</ele>
				<time>2022-08-28T15:40:05Z</time>
			</trkpt>
			<trkpt lat="59.97705748370461" lon="30.29624835374763">
				<ele>-0.8934844024479389</ele>
				<time>2022-08-28T15:40:08Z</time>
			</trkpt>
			<trkpt lat="59.97707475377883" lon="30.296292551860212">
				<ele>0.9445284781977534</ele>
				<time>2022-08-28T15:40:10Z</time>
			</trkpt>
			<trkpt lat="59.97708593113357" lon="30.296334864453534">
				<ele>0.2185501055791974</ele>
				<time>2022-08-28T15:40:13Z</time>
			</trkpt>
			<trkpt lat="59.9771056543776" lon="30.296373750654162">
				<ele>0.25858497247099876</ele>
				<time>2022-08-28T15:40:15Z</time>
			</trkpt>
			<trkpt lat="59.9771155277293" lon="30.29642792314219">
				<ele>0.3607842521741986</ele>
				<time>2022-08-28T15:40:18Z</time>
			</trkpt>
			<trkpt lat="59.977124497192015" lon="30.29647407418981">
				<ele>0.6112974975258112</ele>
				<time>2022-08-28T15:40:20Z</time>
			</trkpt>
			<trkpt lat="59.97713297997292" lon="30.296523177280502">
				<ele>0.25243603624403477</ele>
				<time>2022-08-28T15:40:23Z</time>
			</trkpt>
			<trkpt lat="59.977147061404196" lon="30.296566798528012">
				<ele>-2.041765813715756</ele>
				<time>2022-08-28T15:40:26Z</time>
			</trkpt>
			<trkpt lat="59.977159937506265" lon="30.296618682218156">
				<ele>-0.10820095613598824</ele>
				<time>2022-08-28T15:40:28Z</time>
			</trkpt>
			<trkpt lat="59.97717264547578" lon="30.296649581757322">
				<ele>0.48079299088567495</ele>
				<time>2022-08-28T15:40:30Z</time>
			</trkpt>
			<trkpt lat="59.97718252297464" lon="30.296699422170786">
				<ele>1.7121390653774142</ele>
				<time>2022-08-28T15:40:32Z</time>
			</trkpt>
			<trkpt lat="59.97718536724338" lon="30.29673584542944">
				<ele>-2.257474882528186</ele>
				<time>2022-08-28T15:40:35Z</time>
			</trkpt>
			<trkpt lat="59.97719977474255" lon="30.296779948772944">
				<ele>-0.2604276482015848</ele>
				<time>2022-08-28T15:40:37Z</time>
			</trkpt>
			<trkpt lat="59.97720472948638" lon="30.296827157461735">
				<ele>-0.15109280310571194</ele>
				<time>2022-08-28T15:40:39Z</time>
			</trkpt>
			<trkpt lat="59.977213525261625" lon="30.296861497120197">
				<ele>0.4445034544914961</ele>
				<time>2022-08-28T15:40:40Z</time>
			</trkpt>
			<trkpt lat="59.97723346783864" lon="30.29689004856352">
				<ele>1.7866233782842755</ele>
				<time>2022-08-28T15:40:42Z</time>
			</trkpt>
			<trkpt lat="59.977242400440566" lon="30.296931728462884">
				<ele>2.709963768720627</ele>
				<time>2022-08-28T15:40:45Z</time>
			</trkpt>
			<trkpt lat="59.97725640539248" lon="30.296985415050965">
				<ele>1.2657026397064328</ele>
				<time>2022-08-28T15:40:48Z</time>
			</trkpt>
			<trkpt lat="59.977273968771975" lon="30.2970306335896">
				<ele>2.7013322515413165</ele>
				<time>2022-08-28T15:40:50Z</time>
			</trkpt>
			<trkpt lat="59.977289672136315" lon="30.29706368727338">
				<ele>1.7831032993271947</ele>
				<time>2022-08-28T15:40:53Z</time>
			</trkpt>
			<trkpt lat="59.97730123709515" lon="30.297098939285924">
				<ele>1.9867270784452558</ele>
				<time>2022-08-28T15:40:56Z</time>
			</trkpt>
			<trkpt lat="59.977319569856085" lon="30.297147482329905">
				<ele>2.1925395596772432</ele>
				<time>2022-08-28T15:40:58Z</time>
			</trkpt>
			<trkpt lat="59.97732308706556" lon="30.29719179207077">
				<ele>-0.5131024830043316</ele>
				<time>2022-08-28T15:41:01Z</time>
			</trkpt>
			<trkpt lat="59.97733556541577" lon="30.297242254143363">
				<ele>0.28705153428018093</ele>
				<time>2022-08-28T15:41:03Z</time>
			</trkpt>
			<trkpt lat="59.97734106404984" lon="30.29728656099993">
				<ele>1.9719195403158665</ele>
				<time>2022-08-28T15:41:05Z</time>
			</trkpt>
			<trkpt lat="59.977351501000214" lon="30.297331022023265">
				<ele>0.43637982569634914</ele>
				<time>2022-08-28T15:41:08Z</time>
			</trkpt>
			<trkpt lat="59.97735966907386" lon="30.29736913482199">
				<ele>0.26762049179524183</ele>
				<time>2022-08-28T15:41:11Z</time>
			</trkpt>
			<trkpt lat="59.97737485427035" lon="30.297410905862208">
				<ele>3.062978671863675</ele>
				<time>2022-08-28T15:41:13Z</time>
			</trkpt>
			<trkpt lat="59.97738040153457" lon="30.297464199843198">
				<ele>0.60151082649827</ele>
				<time>2022-08-28T15:41:16Z</time>
			</trkpt>
			<trkpt lat="59.977391969729865" lon="30.29750934732513">
				<ele>2.1232058657333255</ele>
				<time>2022-08-28T15:41:19Z</time>
			</trkpt>
			<trkpt lat="59.97740133953589" lon="30.297568049986342">
				<ele>-0.24413468223065138</ele>
				<time>2022-08-28T15:41:23Z</time>
			</trkpt>
			<trkpt lat="59.97741181321376" lon="30.297602632886267">
				<ele>1.473339389078319</ele>
				<time>2022-08-28T15:41:25Z</time>
			</trkpt>
			<trkpt lat="59.977427629325405" lon="30.29763679225293">
				<ele>4.3354421723634005</ele>
				<time>2022-08-28T15:41:27Z</time>
			</trkpt>
			<trkpt lat="59.97744183041394" lon="30.297666082377734">
				<ele>3.623035689815879</ele>
				<time>2022-08-28T15:41:29Z</time>
			</trkpt>
			<trkpt lat="59.97745583415532" lon="30.297698348700976">
				<ele>4.258997984230518</ele>
				<time>2022-08-28T15:41:31Z</time>
			</trkpt>
			<trkpt lat="59.977473046250985" lon="30.297738460507478">
				<ele>4.433768277056515</ele>
				<time>2022-08-28T15:41:33Z</time>
			</trkpt>
			<trkpt lat="59.97748315611001" lon="30.297772337237372">
				<ele>3.819975432008505</ele>
				<time>2022-08-28T15:41:35Z</time>
			</trkpt>
			<trkpt lat="59.97749244716184" lon="30.29781782787061">
				<ele>5.232216781936586</ele>
				<time>2022-08-28T15:41:38Z</time>
			</trkpt>
			<trkpt lat="59.97750627365953" lon="30.297865669604686">
				<ele>4.971189893782139</ele>
				<time>2022-08-28T15:41:41Z</time>
			</trkpt>
			<trkpt lat="59.977504949327724" lon="30.297924747507277">
				<ele>3.609534176066518</ele>
				<time>2022-08-28T15:41:43Z</time>
			</trkpt>
			<trkpt lat="59.97752340082859" lon="30.2979739717218">
				<ele>4.4335000747814775</ele>
				<time>2022-08-28T15:41:45Z</time>
			</trkpt>
			<trkpt lat="59.97755075404348" lon="30.297991908699725">
				<ele>5.622235940769315</ele>
				<time>2022-08-28T15:41:48Z</time>
			</trkpt>
			<trkpt lat="59.97755654653618" lon="30.298032321671858">
				<ele>2.3842354929074645</ele>
				<time>2022-08-28T15:41:51Z</time>
			</trkpt>
			<trkpt lat="59.977562688960155" lon="30.298073674564854">
				<ele>2.4283165968954563</ele>
				<time>2022-08-28T15:41:53Z</time>
			</trkpt>
			<trkpt lat="59.97757873811233" lon="30.29810698826604">
				<ele>3.901383562013507</ele>
				<time>2022-08-28T15:41:55Z</time>
			</trkpt>
			<trkpt lat="59.977582261244216" lon="30.29814470146932">
				<ele>1.530465180054307</ele>
				<time>2022-08-28T15:41:57Z</time>
			</trkpt>
			<trkpt lat="59.97758556145763" lon="30.298199296130502">
				<ele>1.0642495611682534</ele>
				<time>2022-08-28T15:42:00Z</time>
			</trkpt>
			<trkpt lat="59.97758798664746" lon="30.29824244067099">
				<ele>-0.34551236126571894</ele>
				<time>2022-08-28T15:42:02Z</time>
			</trkpt>
			<trkpt lat="59.97758759227031" lon="30.298284314029694">
				<ele>1.9593864660710096</ele>
				<time>2022-08-28T15:42:04Z</time>
			</trkpt>
			<trkpt lat="59.977572256302" lon="30.298325350600606">
				<ele>2.9128546211868525</ele>
				<time>2022-08-28T15:42:06Z</time>
			</trkpt>
			<trkpt lat="59.97754560194419" lon="30.29835895609487">
				<ele>-3.1369378762319684</ele>
				<time>2022-08-28T15:42:13Z</time>
			</trkpt>
			<trkpt lat="59.97754031113426" lon="30.298418413486353">
				<ele>-0.48677234444767237</ele>
				<time>2022-08-28T15:42:15Z</time>
			</trkpt>
			<trkpt lat="59.97755689948014" lon="30.298447587532788">
				<ele>-1.0559546705335379</ele>
				<time>2022-08-28T15:42:18Z</time>
			</trkpt>
			<trkpt lat="59.97754105242121" lon="30.298427924474794">
				<ele>-2.0637435587123036</ele>
				<time>2022-08-28T15:42:40Z</time>
			</trkpt>
			<trkpt lat="59.97754920578431" lon="30.298465403513298">
				<ele>-2.0506539372727275</ele>
				<time>2022-08-28T15:43:17Z</time>
			</trkpt>
			<trkpt lat="59.977543008218035" lon="30.298425594636118">
				<ele>-1.4043628415092826</ele>
				<time>2022-08-28T15:43:43Z</time>
			</trkpt>
			<trkpt lat="59.97754995311159" lon="30.298382681223302">
				<ele>-4.066406490281224</ele>
				<time>2022-08-28T15:43:50Z</time>
			</trkpt>
			<trkpt lat="59.97756531964773" lon="30.29834643848379">
				<ele>1.54969990439713</ele>
				<time>2022-08-28T15:43:54Z</time>
			</trkpt>
			<trkpt lat="59.97758459687134" lon="30.2983213269444">
				<ele>1.100393115542829</ele>
				<time>2022-08-28T15:43:58Z</time>
			</trkpt>
			<trkpt lat="59.977610761667734" lon="30.298335432209353">
				<ele>0.8277558255940676</ele>
				<time>2022-08-28T15:44:02Z</time>
			</trkpt>
			<trkpt lat="59.97762594131622" lon="30.298371467313018">
				<ele>0.3394447211176157</ele>
				<time>2022-08-28T15:44:04Z</time>
			</trkpt>
			<trkpt lat="59.97765127028916" lon="30.298400087772173">
				<ele>-0.14753366354852915</ele>
				<time>2022-08-28T15:44:07Z</time>
			</trkpt>
			<trkpt lat="59.97766452981597" lon="30.298425938373153">
				<ele>0.28624870255589485</ele>
				<time>2022-08-28T15:44:09Z</time>
			</trkpt>
			<trkpt lat="59.9776663556064" lon="30.298473671276895">
				<ele>1.8046255093067884</ele>
				<time>2022-08-28T15:44:11Z</time>
			</trkpt>
			<trkpt lat="59.977673231584944" lon="30.298511975042988">
				<ele>0.4341564793139696</ele>
				<time>2022-08-28T15:44:16Z</time>
			</trkpt>
			<trkpt lat="59.97768215009484" lon="30.298551144423847">
				<ele>2.3352161422371864</ele>
				<time>2022-08-28T15:44:17Z</time>
			</trkpt>
			<trkpt lat="59.977701428876394" lon="30.29858800403317">
				<ele>3.96055054012686</ele>
				<time>2022-08-28T15:44:20Z</time>
			</trkpt>
			<trkpt lat="59.977715824359606" lon="30.298636098942232">
				<ele>3.845949599519372</ele>
				<time>2022-08-28T15:44:23Z</time>
			</trkpt>
			<trkpt lat="59.9777260055754" lon="30.29867118985791">
				<ele>2.60578157287091</ele>
				<time>2022-08-28T15:44:26Z</time>
			</trkpt>
			<trkpt lat="59.977734643128784" lon="30.298708263262938">
				<ele>2.117414307780564</ele>
				<time>2022-08-28T15:44:28Z</time>
			</trkpt>
			<trkpt lat="59.97774525869429" lon="30.298739388326947">
				<ele>3.842055654153228</ele>
				<time>2022-08-28T15:44:30Z</time>
			</trkpt>
			<trkpt lat="59.97775036027058" lon="30.298778242454556">
				<ele>4.03735731728375</ele>
				<time>2022-08-28T15:44:32Z</time>
			</trkpt>
			<trkpt lat="59.97775548977186" lon="30.298813082217688">
				<ele>2.7302669351920485</ele>
				<time>2022-08-28T15:44:34Z</time>
			</trkpt>
			<trkpt lat="59.97777232722907" lon="30.2988554529442">
				<ele>3.7479731356725097</ele>
				<time>2022-08-28T15:44:37Z</time>
			</trkpt>
			<trkpt lat="59.97778803496084" lon="30.298874373177178">
				<ele>5.276013404130936</ele>
				<time>2022-08-28T15:44:38Z</time>
			</trkpt>
			<trkpt lat="59.97779555664346" lon="30.298917788469574">
				<ele>5.5274221282452345</ele>
				<time>2022-08-28T15:44:41Z</time>
			</trkpt>
			<trkpt lat="59.97781222734784" lon="30.298967157316053">
				<ele>6.637381657958031</ele>
				<time>2022-08-28T15:44:44Z</time>
			</trkpt>
			<trkpt lat="59.977818939177766" lon="30.299001574115106">
				<ele>5.023097200319171</ele>
				<time>2022-08-28T15:44:46Z</time>
			</trkpt>
			<trkpt lat="59.97783180654796" lon="30.299034154092368">
				<ele>6.0750626707449555</ele>
				<time>2022-08-28T15:44:48Z</time>
			</trkpt>
			<trkpt lat="59.97784293813368" lon="30.299073426584304">
				<ele>7.028979603201151</ele>
				<time>2022-08-28T15:44:50Z</time>
			</trkpt>
			<trkpt lat="59.97784801442665" lon="30.299120204197557">
				<ele>6.244388001039624</ele>
				<time>2022-08-28T15:44:53Z</time>
			</trkpt>
			<trkpt lat="59.97785582475714" lon="30.299156036901444">
				<ele>5.2043087016791105</ele>
				<time>2022-08-28T15:44:55Z</time>
			</trkpt>
			<trkpt lat="59.97786801790416" lon="30.299193493005255">
				<ele>4.932423557154834</ele>
				<time>2022-08-28T15:44:57Z</time>
			</trkpt>
			<trkpt lat="59.97787464407605" lon="30.29923601804599">
				<ele>4.189962513744831</ele>
				<time>2022-08-28T15:45:00Z</time>
			</trkpt>
			<trkpt lat="59.9778945508213" lon="30.29925469246782">
				<ele>1.6644702721387148</ele>
				<time>2022-08-28T15:45:03Z</time>
			</trkpt>
			<trkpt lat="59.97790842333535" lon="30.299293192110248">
				<ele>3.328556140884757</ele>
				<time>2022-08-28T15:45:06Z</time>
			</trkpt>
			<trkpt lat="59.9779032815083" lon="30.29933557000875">
				<ele>4.9997057700529695</ele>
				<time>2022-08-28T15:45:07Z</time>
			</trkpt>
			<trkpt lat="59.97792875223712" lon="30.299367965752964">
				<ele>5.62091145478189</ele>
				<time>2022-08-28T15:45:09Z</time>
			</trkpt>
			<trkpt lat="59.97792543052545" lon="30.299406654911085">
				<ele>5.843186914920807</ele>
				<time>2022-08-28T15:45:10Z</time>
			</trkpt>
			<trkpt lat="59.9779471159673" lon="30.299450888203797">
				<ele>6.516250032931566</ele>
				<time>2022-08-28T15:45:12Z</time>
			</trkpt>
			<trkpt lat="59.97794371517639" lon="30.299492902977452">
				<ele>4.800881490111351</ele>
				<time>2022-08-28T15:45:15Z</time>
			</trkpt>
			<trkpt lat="59.97795349032537" lon="30.299525547543723">
				<ele>3.062736918218434</ele>
				<time>2022-08-28T15:45:17Z</time>
			</trkpt>
			<trkpt lat="59.97796831905209" lon="30.29955809783327">
				<ele>4.925966929644346</ele>
				<time>2022-08-28T15:45:19Z</time>
			</trkpt>
			<trkpt lat="59.97796776948229" lon="30.299601541422195">
				<ele>1.093720386736095</ele>
				<time>2022-08-28T15:45:21Z</time>
			</trkpt>
			<trkpt lat="59.97798115894745" lon="30.299637152651016">
				<ele>2.441647060215473</ele>
				<time>2022-08-28T15:45:23Z</time>
			</trkpt>
			<trkpt lat="59.97798714712277" lon="30.2996757281833">
				<ele>1.4145852895453572</ele>
				<time>2022-08-28T15:45:25Z</time>
			</trkpt>
			<trkpt lat="59.97800604207239" lon="30.29972415204112">
				<ele>3.1774989692494273</ele>
				<time>2022-08-28T15:45:28Z</time>
			</trkpt>
			<trkpt lat="59.978010945943794" lon="30.29975939664233">
				<ele>2.1557941772043705</ele>
				<time>2022-08-28T15:45:30Z</time>
			</trkpt>
			<trkpt lat="59.97801727783533" lon="30.299795362516704">
				<ele>2.9686327567324042</ele>
				<time>2022-08-28T15:45:32Z</time>
			</trkpt>
			<trkpt lat="59.97802266193068" lon="30.299832090142594">
				<ele>-1.6438478445634246</ele>
				<time>2022-08-28T15:45:35Z</time>
			</trkpt>
			<trkpt lat="59.97803235912088" lon="30.29989638399986">
				<ele>0.08178873918950558</ele>
				<time>2022-08-28T15:45:37Z</time>
			</trkpt>
			<trkpt lat="59.97805528442263" lon="30.299946975720886">
				<ele>2.1508149346336722</ele>
				<time>2022-08-28T15:45:40Z</time>
			</trkpt>
			<trkpt lat="59.97805827115574" lon="30.29998317940491">
				<ele>0.661941671743989</ele>
				<time>2022-08-28T15:45:43Z</time>
			</trkpt>
			<trkpt lat="59.97807568091492" lon="30.300018579012352">
				<ele>2.6863325433805585</ele>
				<time>2022-08-28T15:45:45Z</time>
			</trkpt>
			<trkpt lat="59.97809483674043" lon="30.300063886386848">
				<ele>3.186068353243172</ele>
				<time>2022-08-28T15:45:47Z</time>
			</trkpt>
			<trkpt lat="59.97809797406139" lon="30.30010524364349">
				<ele>2.2039155773818493</ele>
				<time>2022-08-28T15:45:49Z</time>
			</trkpt>
			<trkpt lat="59.97812301796846" lon="30.300116294808298">
				<ele>4.100327082909644</ele>
				<time>2022-08-28T15:45:51Z</time>
			</trkpt>
			<trkpt lat="59.978136056820745" lon="30.300155267037056">
				<ele>5.140951453708112</ele>
				<time>2022-08-28T15:45:54Z</time>
			</trkpt>
			<trkpt lat="59.97813540686025" lon="30.300195132142843">
				<ele>0.40745046082884073</ele>
				<time>2022-08-28T15:45:56Z</time>
			</trkpt>
			<trkpt lat="59.978139473797555" lon="30.300241085106048">
				<ele>1.071345528587699</ele>
				<time>2022-08-28T15:45:58Z</time>
			</trkpt>
			<trkpt lat="59.97814488235644" lon="30.300299516478407">
				<ele>3.7985014487057924</ele>
				<time>2022-08-28T15:46:00Z</time>
			</trkpt>
			<trkpt lat="59.97813533826174" lon="30.30035062741707">
				<ele>4.542222414165735</ele>
				<time>2022-08-28T15:46:03Z</time>
			</trkpt>
			<trkpt lat="59.97812318224093" lon="30.30038448419264">
				<ele>4.816653869114816</ele>
				<time>2022-08-28T15:46:04Z</time>
			</trkpt>
			<trkpt lat="59.97811312158127" lon="30.300422084045408">
				<ele>3.199115678668022</ele>
				<time>2022-08-28T15:46:06Z</time>
			</trkpt>
			<trkpt lat="59.97809948066103" lon="30.300474328832557">
				<ele>4.039902023039758</ele>
				<time>2022-08-28T15:46:08Z</time>
			</trkpt>
			<trkpt lat="59.978085372050224" lon="30.30051777596471">
				<ele>1.1254191435873508</ele>
				<time>2022-08-28T15:46:11Z</time>
			</trkpt>
			<trkpt lat="59.978062532135354" lon="30.30055752515522">
				<ele>3.0167850041761994</ele>
				<time>2022-08-28T15:46:13Z</time>
			</trkpt>
			<trkpt lat="59.97804081466758" lon="30.300570339881286">
				<ele>3.328792161308229</ele>
				<time>2022-08-28T15:46:15Z</time>
			</trkpt>
			<trkpt lat="59.9780228933106" lon="30.30057421135687">
				<ele>2.3119385093450546</ele>
				<time>2022-08-28T15:46:16Z</time>
			</trkpt>
			<trkpt lat="59.97799836731144" lon="30.300604088861768">
				<ele>1.5583857167512178</ele>
				<time>2022-08-28T15:46:18Z</time>
			</trkpt>
			<trkpt lat="59.977978329837505" lon="30.300612953191756">
				<ele>2.900649543851614</ele>
				<time>2022-08-28T15:46:20Z</time>
			</trkpt>
			<trkpt lat="59.97795719989507" lon="30.30063792121982">
				<ele>1.9521180698648095</ele>
				<time>2022-08-28T15:46:22Z</time>
			</trkpt>
			<trkpt lat="59.97793980741633" lon="30.300658488941032">
				<ele>3.2387466859072447</ele>
				<time>2022-08-28T15:46:24Z</time>
			</trkpt>
			<trkpt lat="59.977920233714926" lon="30.300674037237258">
				<ele>3.010350001975894</ele>
				<time>2022-08-28T15:46:26Z</time>
			</trkpt>
			<trkpt lat="59.97789714815314" lon="30.300699410926356">
				<ele>3.4895760398358107</ele>
				<time>2022-08-28T15:46:28Z</time>
			</trkpt>
			<trkpt lat="59.97788054176533" lon="30.300730528772988">
				<ele>1.8936942890286446</ele>
				<time>2022-08-28T15:46:30Z</time>
			</trkpt>
			<trkpt lat="59.977859544914956" lon="30.3007567909194">
				<ele>4.1646830113604665</ele>
				<time>2022-08-28T15:46:32Z</time>
			</trkpt>
			<trkpt lat="59.97783731179931" lon="30.300774275779318">
				<ele>3.2048070719465613</ele>
				<time>2022-08-28T15:46:34Z</time>
			</trkpt>
			<trkpt lat="59.97782182052879" lon="30.300795197645723">
				<ele>4.273801455274224</ele>
				<time>2022-08-28T15:46:37Z</time>
			</trkpt>
			<trkpt lat="59.977790729909465" lon="30.30082006988979">
				<ele>4.394529691897333</ele>
				<time>2022-08-28T15:46:39Z</time>
			</trkpt>
			<trkpt lat="59.9777663476501" lon="30.300849030357398">
				<ele>5.619730052538216</ele>
				<time>2022-08-28T15:46:42Z</time>
			</trkpt>
			<trkpt lat="59.97774440418388" lon="30.30088316449191">
				<ele>3.5531425774097443</ele>
				<time>2022-08-28T15:46:45Z</time>
			</trkpt>
			<trkpt lat="59.97772292791178" lon="30.30090641541227">
				<ele>6.141946519725025</ele>
				<time>2022-08-28T15:46:47Z</time>
			</trkpt>
			<trkpt lat="59.977703652160876" lon="30.300928864275917">
				<ele>6.032474400475621</ele>
				<time>2022-08-28T15:46:49Z</time>
			</trkpt>
			<trkpt lat="59.97768053934156" lon="30.300955481782914">
				<ele>6.532472270540893</ele>
				<time>2022-08-28T15:46:51Z</time>
			</trkpt>
			<trkpt lat="59.97765551550821" lon="30.3009811269643">
				<ele>7.18973202444613</ele>
				<time>2022-08-28T15:46:53Z</time>
			</trkpt>
			<trkpt lat="59.97763642555126" lon="30.30101054167334">
				<ele>6.469744340516627</ele>
				<time>2022-08-28T15:46:55Z</time>
			</trkpt>
			<trkpt lat="59.97761561400725" lon="30.301016429279645">
				<ele>3.8943318342790008</ele>
				<time>2022-08-28T15:46:58Z</time>
			</trkpt>
			<trkpt lat="59.97759542720491" lon="30.301040548693308">
				<ele>4.604568640701473</ele>
				<time>2022-08-28T15:47:00Z</time>
			</trkpt>
			<trkpt lat="59.977577933843165" lon="30.301067887137485">
				<ele>6.648788048885763</ele>
				<time>2022-08-28T15:47:02Z</time>
			</trkpt>
			<trkpt lat="59.97755166493896" lon="30.30109412469844">
				<ele>6.439837231300771</ele>
				<time>2022-08-28T15:47:05Z</time>
			</trkpt>
			<trkpt lat="59.97752291849158" lon="30.301104927328087">
				<ele>6.570394232869148</ele>
				<time>2022-08-28T15:47:08Z</time>
			</trkpt>
			<trkpt lat="59.97750550548888" lon="30.30112913094564">
				<ele>6.899055728688836</ele>
				<time>2022-08-28T15:47:10Z</time>
			</trkpt>
			<trkpt lat="59.97747643971706" lon="30.301161533316183">
				<ele>8.040764996781945</ele>
				<time>2022-08-28T15:47:12Z</time>
			</trkpt>
			<trkpt lat="59.977461066608825" lon="30.301182050211203">
				<ele>8.181043289601803</ele>
				<time>2022-08-28T15:47:14Z</time>
			</trkpt>
			<trkpt lat="59.97743076002699" lon="30.301232516064292">
				<ele>8.716774825006723</ele>
				<time>2022-08-28T15:47:16Z</time>
			</trkpt>
			<trkpt lat="59.97740884112326" lon="30.30126473176974">
				<ele>5.922367040999234</ele>
				<time>2022-08-28T15:47:19Z</time>
			</trkpt>
			<trkpt lat="59.97739718216726" lon="30.301302084381692">
				<ele>5.326309559866786</ele>
				<time>2022-08-28T15:47:21Z</time>
			</trkpt>
			<trkpt lat="59.97737168212451" lon="30.30132232444275">
				<ele>6.68692169431597</ele>
				<time>2022-08-28T15:47:23Z</time>
			</trkpt>
			<trkpt lat="59.977346865303744" lon="30.301346406994575">
				<ele>5.886049130000174</ele>
				<time>2022-08-28T15:47:25Z</time>
			</trkpt>
			<trkpt lat="59.97732314248456" lon="30.301360794685696">
				<ele>6.1298264833167195</ele>
				<time>2022-08-28T15:47:27Z</time>
			</trkpt>
			<trkpt lat="59.977308879787266" lon="30.30138498959281">
				<ele>6.0943498685956</ele>
				<time>2022-08-28T15:47:29Z</time>
			</trkpt>
			<trkpt lat="59.977290918682016" lon="30.301400118114636">
				<ele>4.485758998431265</ele>
				<time>2022-08-28T15:47:31Z</time>
			</trkpt>
			<trkpt lat="59.97726624239455" lon="30.301412524380478">
				<ele>6.101164103485644</ele>
				<time>2022-08-28T15:47:33Z</time>
			</trkpt>
			<trkpt lat="59.977244063293206" lon="30.301437521161134">
				<ele>5.724342420697212</ele>
				<time>2022-08-28T15:47:35Z</time>
			</trkpt>
			<trkpt lat="59.97722584433248" lon="30.30146420166443">
				<ele>5.898857632651925</ele>
				<time>2022-08-28T15:47:37Z</time>
			</trkpt>
			<trkpt lat="59.97720724940139" lon="30.30148524172374">
				<ele>2.8749346006661654</ele>
				<time>2022-08-28T15:47:39Z</time>
			</trkpt>
			<trkpt lat="59.977178047066324" lon="30.301513808195256">
				<ele>5.061445031315088</ele>
				<time>2022-08-28T15:47:42Z</time>
			</trkpt>
			<trkpt lat="59.977157930773046" lon="30.30152894723381">
				<ele>5.51633326895535</ele>
				<time>2022-08-28T15:47:44Z</time>
			</trkpt>
			<trkpt lat="59.977136805738205" lon="30.30154300672806">
				<ele>7.093809396028519</ele>
				<time>2022-08-28T15:47:46Z</time>
			</trkpt>
			<trkpt lat="59.9771101747769" lon="30.301579554269992">
				<ele>8.084323840215802</ele>
				<time>2022-08-28T15:47:48Z</time>
			</trkpt>
			<trkpt lat="59.977089578324176" lon="30.301601377058237">
				<ele>4.480682193301618</ele>
				<time>2022-08-28T15:47:51Z</time>
			</trkpt>
			<trkpt lat="59.977074138157434" lon="30.30162418942885">
				<ele>4.495852978900075</ele>
				<time>2022-08-28T15:47:52Z</time>
			</trkpt>
			<trkpt lat="59.977060875998724" lon="30.301652128415444">
				<ele>4.133208408951759</ele>
				<time>2022-08-28T15:47:54Z</time>
			</trkpt>
			<trkpt lat="59.977038564798654" lon="30.30167677808258">
				<ele>3.1125519955530763</ele>
				<time>2022-08-28T15:47:56Z</time>
			</trkpt>
			<trkpt lat="59.97701696550885" lon="30.301700984555755">
				<ele>5.095853336155415</ele>
				<time>2022-08-28T15:47:58Z</time>
			</trkpt>
			<trkpt lat="59.97699794473144" lon="30.30170994619344">
				<ele>2.0677871303632855</ele>
				<time>2022-08-28T15:48:00Z</time>
			</trkpt>
			<trkpt lat="59.976969997953454" lon="30.30174493825735">
				<ele>3.307635523378849</ele>
				<time>2022-08-28T15:48:03Z</time>
			</trkpt>
			<trkpt lat="59.97695510140632" lon="30.301767518683306">
				<ele>3.0042160293087363</ele>
				<time>2022-08-28T15:48:05Z</time>
			</trkpt>
			<trkpt lat="59.976938209363844" lon="30.301793672103397">
				<ele>4.820042602717876</ele>
				<time>2022-08-28T15:48:07Z</time>
			</trkpt>
			<trkpt lat="59.9769197606974" lon="30.301807966498533">
				<ele>4.198893986642361</ele>
				<time>2022-08-28T15:48:09Z</time>
			</trkpt>
			<trkpt lat="59.97689642805453" lon="30.301831224927344">
				<ele>4.598281347192824</ele>
				<time>2022-08-28T15:48:11Z</time>
			</trkpt>
			<trkpt lat="59.97687374343187" lon="30.30185189593347">
				<ele>4.1849111299961805</ele>
				<time>2022-08-28T15:48:14Z</time>
			</trkpt>
			<trkpt lat="59.97685732191713" lon="30.30187412833541">
				<ele>3.255254413932562</ele>
				<time>2022-08-28T15:48:16Z</time>
			</trkpt>
			<trkpt lat="59.97683081080325" lon="30.3018750527456">
				<ele>-1.635052802041173</ele>
				<time>2022-08-28T15:48:18Z</time>
			</trkpt>
			<trkpt lat="59.97680937161412" lon="30.30188659979119">
				<ele>0.03732190281152725</ele>
				<time>2022-08-28T15:48:20Z</time>
			</trkpt>
			<trkpt lat="59.97678222311215" lon="30.301888383127476">
				<ele>-0.14348732586950064</ele>
				<time>2022-08-28T15:48:22Z</time>
			</trkpt>
			<trkpt lat="59.976758101262426" lon="30.301879842450596">
				<ele>-0.5498249959200621</ele>
				<time>2022-08-28T15:48:24Z</time>
			</trkpt>
			<trkpt lat="59.97673957772519" lon="30.30187682433691">
				<ele>-1.4310322385281324</ele>
				<time>2022-08-28T15:48:25Z</time>
			</trkpt>
			<trkpt lat="59.97671881107565" lon="30.30186875965808">
				<ele>-1.3657248234376311</ele>
				<time>2022-08-28T15:48:27Z</time>
			</trkpt>
			<trkpt lat="59.97669498342375" lon="30.301856463714227">
				<ele>-2.591757853515446</ele>
				<time>2022-08-28T15:48:29Z</time>
			</trkpt>
			<trkpt lat="59.97667377182986" lon="30.30184747137541">
				<ele>-1.8366523422300816</ele>
				<time>2022-08-28T15:48:31Z</time>
			</trkpt>
			<trkpt lat="59.976649767929565" lon="30.30185754881664">
				<ele>-4.677896235138178</ele>
				<time>2022-08-28T15:48:34Z</time>
			</trkpt>
			<trkpt lat="59.97663138097555" lon="30.301878246440012">
				<ele>-4.136785694397986</ele>
				<time>2022-08-28T15:48:35Z</time>
			</trkpt>
			<trkpt lat="59.97661331944836" lon="30.301902564084024">
				<ele>-3.25095727853477</ele>
				<time>2022-08-28T15:48:36Z</time>
			</trkpt>
			<trkpt lat="59.97658444679005" lon="30.30193475965635">
				<ele>-2.9333344008773565</ele>
				<time>2022-08-28T15:48:39Z</time>
			</trkpt>
			<trkpt lat="59.97656186977575" lon="30.301967213126403">
				<ele>-2.1451681200414896</ele>
				<time>2022-08-28T15:48:41Z</time>
			</trkpt>
			<trkpt lat="59.97654083829945" lon="30.301994057561004">
				<ele>-1.2872989838942885</ele>
				<time>2022-08-28T15:48:43Z</time>
			</trkpt>
			<trkpt lat="59.97651959751288" lon="30.30200718985315">
				<ele>-2.0933643486350775</ele>
				<time>2022-08-28T15:48:45Z</time>
			</trkpt>
			<trkpt lat="59.97649657600374" lon="30.30205820710828">
				<ele>-3.4474689280614257</ele>
				<time>2022-08-28T15:48:47Z</time>
			</trkpt>
			<trkpt lat="59.97647506567672" lon="30.30209170932676">
				<ele>-1.022407521493733</ele>
				<time>2022-08-28T15:48:50Z</time>
			</trkpt>
			<trkpt lat="59.976465350304885" lon="30.302125637112038">
				<ele>-1.3464975468814373</ele>
				<time>2022-08-28T15:48:52Z</time>
			</trkpt>
			<trkpt lat="59.976462690973804" lon="30.302167506422137">
				<ele>-0.6690812837332487</ele>
				<time>2022-08-28T15:48:54Z</time>
			</trkpt>
			<trkpt lat="59.97646015149005" lon="30.302225776954693">
				<ele>-0.5178209627047181</ele>
				<time>2022-08-28T15:48:57Z</time>
			</trkpt>
			<trkpt lat="59.97646159248314" lon="30.302267543531464">
				<ele>0.39834068063646555</ele>
				<time>2022-08-28T15:48:59Z</time>
			</trkpt>
			<trkpt lat="59.97645883651038" lon="30.30231079353981">
				<ele>0.6449744217097759</ele>
				<time>2022-08-28T15:49:01Z</time>
			</trkpt>
			<trkpt lat="59.97646563898245" lon="30.302346789373846">
				<ele>1.4469712460413575</ele>
				<time>2022-08-28T15:49:06Z</time>
			</trkpt>
			<trkpt lat="59.97646547572327" lon="30.30238425643421">
				<ele>3.200424543581903</ele>
				<time>2022-08-28T15:49:10Z</time>
			</trkpt>
			<trkpt lat="59.976446850501" lon="30.302428106557517">
				<ele>3.419362706132233</ele>
				<time>2022-08-28T15:49:17Z</time>
			</trkpt>
			<trkpt lat="59.976431629666756" lon="30.30247986857903">
				<ele>3.1025137780234218</ele>
				<time>2022-08-28T15:49:20Z</time>
			</trkpt>
			<trkpt lat="59.97641552958647" lon="30.30250572779255">
				<ele>2.5234229117631912</ele>
				<time>2022-08-28T15:49:23Z</time>
			</trkpt>
			<trkpt lat="59.97640389737527" lon="30.302555847094805">
				<ele>-0.9319243235513568</ele>
				<time>2022-08-28T15:49:27Z</time>
			</trkpt>
			<trkpt lat="59.976398881229635" lon="30.302605259937973">
				<ele>-3.8377515841275454</ele>
				<time>2022-08-28T15:49:29Z</time>
			</trkpt>
			<trkpt lat="59.97641870939465" lon="30.30264378937179">
				<ele>-0.05625657830387354</ele>
				<time>2022-08-28T15:49:31Z</time>
			</trkpt>
			<trkpt lat="59.976445285323564" lon="30.302683155668106">
				<ele>1.5397807769477367</ele>
				<time>2022-08-28T15:49:33Z</time>
			</trkpt>
			<trkpt lat="59.976441505591765" lon="30.302735329284612">
				<ele>-0.46856170054525137</ele>
				<time>2022-08-28T15:49:36Z</time>
			</trkpt>
			<trkpt lat="59.97642394747224" lon="30.302750774626656">
				<ele>0.9394569182768464</ele>
				<time>2022-08-28T15:49:38Z</time>
			</trkpt>
			<trkpt lat="59.976399872058586" lon="30.30278078921748">
				<ele>-2.63527537509799</ele>
				<time>2022-08-28T15:49:40Z</time>
			</trkpt>
			<trkpt lat="59.97637557094098" lon="30.302799820549396">
				<ele>-1.1253384053707123</ele>
				<time>2022-08-28T15:49:42Z</time>
			</trkpt>
			<trkpt lat="59.9763412362269" lon="30.302822218182254">
				<ele>2.5291889533400536</ele>
				<time>2022-08-28T15:49:45Z</time>
			</trkpt>
			<trkpt lat="59.97631654204191" lon="30.302814373404605">
				<ele>2.3207359379157424</ele>
				<time>2022-08-28T15:49:47Z</time>
			</trkpt>
			<trkpt lat="59.97629506505771" lon="30.302826331783642">
				<ele>2.872450612485409</ele>
				<time>2022-08-28T15:49:49Z</time>
			</trkpt>
			<trkpt lat="59.97628280898827" lon="30.30285818873993">
				<ele>0.6464628279209137</ele>
				<time>2022-08-28T15:49:52Z</time>
			</trkpt>
			<trkpt lat="59.97625766223479" lon="30.302873135652543">
				<ele>2.864327745512128</ele>
				<time>2022-08-28T15:49:54Z</time>
			</trkpt>
			<trkpt lat="59.976235968905726" lon="30.3028950196978">
				<ele>-0.8493053335696459</ele>
				<time>2022-08-28T15:49:56Z</time>
			</trkpt>
			<trkpt lat="59.97621132456145" lon="30.30289616281081">
				<ele>2.104685296304524</ele>
				<time>2022-08-28T15:49:59Z</time>
			</trkpt>
			<trkpt lat="59.97619205676862" lon="30.302894558724045">
				<ele>1.9285748936235905</ele>
				<time>2022-08-28T15:50:00Z</time>
			</trkpt>
			<trkpt lat="59.97616656441387" lon="30.302912004532907">
				<ele>2.7661340041086078</ele>
				<time>2022-08-28T15:50:02Z</time>
			</trkpt>
			<trkpt lat="59.97615145732662" lon="30.3029397894588">
				<ele>5.858696143142879</ele>
				<time>2022-08-28T15:50:04Z</time>
			</trkpt>
			<trkpt lat="59.976130990308484" lon="30.302962604900877">
				<ele>1.7228967677801847</ele>
				<time>2022-08-28T15:50:07Z</time>
			</trkpt>
			<trkpt lat="59.97611343843382" lon="30.30297441376227">
				<ele>3.934132938273251</ele>
				<time>2022-08-28T15:50:09Z</time>
			</trkpt>
			<trkpt lat="59.976090892164656" lon="30.30299073704421">
				<ele>2.6276472490280867</ele>
				<time>2022-08-28T15:50:11Z</time>
			</trkpt>
			<trkpt lat="59.97607106796426" lon="30.30302369466379">
				<ele>4.382611162029207</ele>
				<time>2022-08-28T15:50:13Z</time>
			</trkpt>
			<trkpt lat="59.976051055731226" lon="30.303028771917432">
				<ele>5.3468812089413404</ele>
				<time>2022-08-28T15:50:14Z</time>
			</trkpt>
			<trkpt lat="59.9760328780626" lon="30.30303341425431">
				<ele>2.076369509100914</ele>
				<time>2022-08-28T15:50:16Z</time>
			</trkpt>
			<trkpt lat="59.97600191469558" lon="30.303058432032806">
				<ele>5.459113221615553</ele>
				<time>2022-08-28T15:50:18Z</time>
			</trkpt>
			<trkpt lat="59.97598007447817" lon="30.303074866284184">
				<ele>3.9264334216713905</ele>
				<time>2022-08-28T15:50:21Z</time>
			</trkpt>
			<trkpt lat="59.97595728085601" lon="30.303094529554727">
				<ele>5.797750162892044</ele>
				<time>2022-08-28T15:50:23Z</time>
			</trkpt>
			<trkpt lat="59.975939088434075" lon="30.303095541047856">
				<ele>4.651592249050736</ele>
				<time>2022-08-28T15:50:25Z</time>
			</trkpt>
			<trkpt lat="59.975919169553784" lon="30.30312088817394">
				<ele>5.65085556730628</ele>
				<time>2022-08-28T15:50:28Z</time>
			</trkpt>
			<trkpt lat="59.97589695423451" lon="30.30312756465157">
				<ele>4.363290695473552</ele>
				<time>2022-08-28T15:50:30Z</time>
			</trkpt>
			<trkpt lat="59.97587438598782" lon="30.30313229314341">
				<ele>6.601531781256199</ele>
				<time>2022-08-28T15:50:32Z</time>
			</trkpt>
			<trkpt lat="59.97585236229406" lon="30.3031449251883">
				<ele>4.412430805154145</ele>
				<time>2022-08-28T15:50:35Z</time>
			</trkpt>
			<trkpt lat="59.97583380609861" lon="30.303161194593248">
				<ele>4.991150666028261</ele>
				<time>2022-08-28T15:50:36Z</time>
			</trkpt>
			<trkpt lat="59.97581575663688" lon="30.303191553033297">
				<ele>4.4749576253816485</ele>
				<time>2022-08-28T15:50:39Z</time>
			</trkpt>
			<trkpt lat="59.97579160153839" lon="30.30321894429154">
				<ele>4.107198325917125</ele>
				<time>2022-08-28T15:50:41Z</time>
			</trkpt>
			<trkpt lat="59.97576569904333" lon="30.30324009095929">
				<ele>6.9442107724025846</ele>
				<time>2022-08-28T15:50:43Z</time>
			</trkpt>
			<trkpt lat="59.97574078661893" lon="30.303256963757264">
				<ele>4.345800585113466</ele>
				<time>2022-08-28T15:50:45Z</time>
			</trkpt>
			<trkpt lat="59.97572207617356" lon="30.30327626922475">
				<ele>3.716690191999078</ele>
				<time>2022-08-28T15:50:47Z</time>
			</trkpt>
			<trkpt lat="59.97570062318554" lon="30.30330206781147">
				<ele>4.250904120504856</ele>
				<time>2022-08-28T15:50:49Z</time>
			</trkpt>
			<trkpt lat="59.97568377836026" lon="30.303342763100186">
				<ele>3.7680190540850163</ele>
				<time>2022-08-28T15:50:51Z</time>
			</trkpt>
			<trkpt lat="59.975682855131026" lon="30.303380956746906">
				<ele>0.5924398321658373</ele>
				<time>2022-08-28T15:50:54Z</time>
			</trkpt>
			<trkpt lat="59.97570344071178" lon="30.303400061495594">
				<ele>0.6805389951914549</ele>
				<time>2022-08-28T15:50:58Z</time>
			</trkpt>
			<trkpt lat="59.97573336127839" lon="30.303408954782434">
				<ele>1.0760269751772285</ele>
				<time>2022-08-28T15:51:00Z</time>
			</trkpt>
			<trkpt lat="59.97575612773565" lon="30.303424642079978">
				<ele>-0.8754559718072414</ele>
				<time>2022-08-28T15:51:02Z</time>
			</trkpt>
			<trkpt lat="59.97577449433002" lon="30.303430688363594">
				<ele>-1.5069999527186155</ele>
				<time>2022-08-28T15:51:03Z</time>
			</trkpt>
			<trkpt lat="59.97580113946293" lon="30.30343246635346">
				<ele>-0.07108531147241592</ele>
				<time>2022-08-28T15:51:05Z</time>
			</trkpt>
			<trkpt lat="59.975827433358766" lon="30.303435805036106">
				<ele>-0.0560702932998538</ele>
				<time>2022-08-28T15:51:08Z</time>
			</trkpt>
			<trkpt lat="59.97585046186806" lon="30.303426986102437">
				<ele>2.742218444123864</ele>
				<time>2022-08-28T15:51:10Z</time>
			</trkpt>
			<trkpt lat="59.975870536928674" lon="30.303461804068085">
				<ele>-2.8441532403230667</ele>
				<time>2022-08-28T15:51:12Z</time>
			</trkpt>
			<trkpt lat="59.97589711120552" lon="30.30346889265918">
				<ele>-0.255810952745378</ele>
				<time>2022-08-28T15:51:15Z</time>
			</trkpt>
			<trkpt lat="59.97592133337761" lon="30.30348835190031">
				<ele>-1.306788146495819</ele>
				<time>2022-08-28T15:51:17Z</time>
			</trkpt>
			<trkpt lat="59.97594085093768" lon="30.303505018294917">
				<ele>-0.5519265392795205</ele>
				<time>2022-08-28T15:51:18Z</time>
			</trkpt>
			<trkpt lat="59.97597163257867" lon="30.303507485713755">
				<ele>1.9018728537485003</ele>
				<time>2022-08-28T15:51:21Z</time>
			</trkpt>
			<trkpt lat="59.97599429964664" lon="30.30351022968289">
				<ele>3.4747585989534855</ele>
				<time>2022-08-28T15:51:23Z</time>
			</trkpt>
			<trkpt lat="59.97601819901968" lon="30.303506163533367">
				<ele>1.7982496209442616</ele>
				<time>2022-08-28T15:51:25Z</time>
			</trkpt>
			<trkpt lat="59.97603918473436" lon="30.30351723873466">
				<ele>4.9853643318638206</ele>
				<time>2022-08-28T15:51:28Z</time>
			</trkpt>
			<trkpt lat="59.976054828876876" lon="30.303497655094784">
				<ele>5.331169475801289</ele>
				<time>2022-08-28T15:51:29Z</time>
			</trkpt>
			<trkpt lat="59.97607567059138" lon="30.30349951678205">
				<ele>6.1471440978348255</ele>
				<time>2022-08-28T15:51:30Z</time>
			</trkpt>
			<trkpt lat="59.97610524258034" lon="30.30348375125389">
				<ele>6.923380169086158</ele>
				<time>2022-08-28T15:51:33Z</time>
			</trkpt>
			<trkpt lat="59.976118686304254" lon="30.30345404294104">
				<ele>5.975441778078675</ele>
				<time>2022-08-28T15:51:35Z</time>
			</trkpt>
			<trkpt lat="59.976138772895496" lon="30.30344250028184">
				<ele>8.096267041750252</ele>
				<time>2022-08-28T15:51:36Z</time>
			</trkpt>
			<trkpt lat="59.976161115303356" lon="30.303411559221594">
				<ele>8.903263919055462</ele>
				<time>2022-08-28T15:51:40Z</time>
			</trkpt>
			<trkpt lat="59.97617536362304" lon="30.303386656498606">
				<ele>6.567870272323489</ele>
				<time>2022-08-28T15:51:42Z</time>
			</trkpt>
			<trkpt lat="59.976207397032674" lon="30.303379611863036">
				<ele>5.638460791669786</ele>
				<time>2022-08-28T15:51:44Z</time>
			</trkpt>
			<trkpt lat="59.97624463802743" lon="30.30336382998982">
				<ele>8.675924729555845</ele>
				<time>2022-08-28T15:51:46Z</time>
			</trkpt>
			<trkpt lat="59.976268489838596" lon="30.303363224415886">
				<ele>6.518740372732282</ele>
				<time>2022-08-28T15:51:50Z</time>
			</trkpt>
			<trkpt lat="59.97629382199342" lon="30.303326097121264">
				<ele>7.685256716795266</ele>
				<time>2022-08-28T15:51:53Z</time>
			</trkpt>
			<trkpt lat="59.97632627091898" lon="30.303328016552538">
				<ele>4.12730473652482</ele>
				<time>2022-08-28T15:51:56Z</time>
			</trkpt>
			<trkpt lat="59.97634354002639" lon="30.30329134708996">
				<ele>5.569656357169151</ele>
				<time>2022-08-28T15:52:00Z</time>
			</trkpt>
			<trkpt lat="59.97635681206501" lon="30.30326557902239">
				<ele>0.1784201804548502</ele>
				<time>2022-08-28T15:52:02Z</time>
			</trkpt>
			<trkpt lat="59.976386988326716" lon="30.303246069141444">
				<ele>2.629053850658238</ele>
				<time>2022-08-28T15:52:04Z</time>
			</trkpt>
			<trkpt lat="59.9764080735428" lon="30.303228520133665">
				<ele>2.381637977436185</ele>
				<time>2022-08-28T15:52:06Z</time>
			</trkpt>
			<trkpt lat="59.97642841787894" lon="30.303195138210224">
				<ele>0.838691795244813</ele>
				<time>2022-08-28T15:52:09Z</time>
			</trkpt>
			<trkpt lat="59.97645583993577" lon="30.303186131699537">
				<ele>1.659371337853372</ele>
				<time>2022-08-28T15:52:11Z</time>
			</trkpt>
			<trkpt lat="59.97647644152051" lon="30.303183645476214">
				<ele>2.365516426973045</ele>
				<time>2022-08-28T15:52:14Z</time>
			</trkpt>
			<trkpt lat="59.97649376641158" lon="30.30315572735919">
				<ele>3.520396303385496</ele>
				<time>2022-08-28T15:52:16Z</time>
			</trkpt>
			<trkpt lat="59.97650954013692" lon="30.303137625409157">
				<ele>3.5230762120336294</ele>
				<time>2022-08-28T15:52:18Z</time>
			</trkpt>
			<trkpt lat="59.976526247106364" lon="30.30311875975566">
				<ele>2.7870275424793363</ele>
				<time>2022-08-28T15:52:20Z</time>
			</trkpt>
			<trkpt lat="59.97654356310406" lon="30.303101885006715">
				<ele>5.473758911713958</ele>
				<time>2022-08-28T15:52:22Z</time>
			</trkpt>
			<trkpt lat="59.976562391995046" lon="30.303088547396037">
				<ele>2.5673992121592164</ele>
				<time>2022-08-28T15:52:24Z</time>
			</trkpt>
			<trkpt lat="59.9765870837753" lon="30.303035703697216">
				<ele>4.916651486419141</ele>
				<time>2022-08-28T15:52:26Z</time>
			</trkpt>
			<trkpt lat="59.976596995122975" lon="30.303005094008427">
				<ele>2.8425591392442584</ele>
				<time>2022-08-28T15:52:28Z</time>
			</trkpt>
			<trkpt lat="59.976615525709185" lon="30.302979246277005">
				<ele>3.107599792070687</ele>
				<time>2022-08-28T15:52:30Z</time>
			</trkpt>
			<trkpt lat="59.97662984261697" lon="30.30294087643958">
				<ele>3.9330599047243595</ele>
				<time>2022-08-28T15:52:33Z</time>
			</trkpt>
			<trkpt lat="59.97664447498774" lon="30.302911005901354">
				<ele>2.7646568417549133</ele>
				<time>2022-08-28T15:52:35Z</time>
			</trkpt>
			<trkpt lat="59.976658529513784" lon="30.302876797916888">
				<ele>-1.8702739169821143</ele>
				<time>2022-08-28T15:52:37Z</time>
			</trkpt>
			<trkpt lat="59.97667129624017" lon="30.30281980230128">
				<ele>-0.8761441577225924</ele>
				<time>2022-08-28T15:52:40Z</time>
			</trkpt>
			<trkpt lat="59.976693399567196" lon="30.302804778151224">
				<ele>-1.1631996249780059</ele>
				<time>2022-08-28T15:52:42Z</time>
			</trkpt>
			<trkpt lat="59.97671288280656" lon="30.302773874109867">
				<ele>3.1320664370432496</ele>
				<time>2022-08-28T15:52:45Z</time>
			</trkpt>
			<trkpt lat="59.976727389850566" lon="30.30274875682404">
				<ele>1.44493028242141</ele>
				<time>2022-08-28T15:52:46Z</time>
			</trkpt>
			<trkpt lat="59.976757147183704" lon="30.30271483060303">
				<ele>3.8514952724799514</ele>
				<time>2022-08-28T15:52:48Z</time>
			</trkpt>
			<trkpt lat="59.97677723168323" lon="30.302737431623523">
				<ele>4.478798921220005</ele>
				<time>2022-08-28T15:52:51Z</time>
			</trkpt>
			<trkpt lat="59.976793532079725" lon="30.302784564430343">
				<ele>5.918362564407289</ele>
				<time>2022-08-28T15:52:53Z</time>
			</trkpt>
			<trkpt lat="59.976796843536405" lon="30.302827238666566">
				<ele>3.85414366889745</ele>
				<time>2022-08-28T15:52:55Z</time>
			</trkpt>
			<trkpt lat="59.97680289988586" lon="30.30286746330173">
				<ele>0.6705292910337448</ele>
				<time>2022-08-28T15:52:57Z</time>
			</trkpt>
			<trkpt lat="59.97682250765957" lon="30.302889625645857">
				<ele>2.301729602739215</ele>
				<time>2022-08-28T15:52:59Z</time>
			</trkpt>
			<trkpt lat="59.97683867332605" lon="30.30291579973425">
				<ele>0.033875882625579834</ele>
				<time>2022-08-28T15:53:02Z</time>
			</trkpt>
			<trkpt lat="59.97684853240723" lon="30.302953289798893">
				<ele>-1.0483775855973363</ele>
				<time>2022-08-28T15:53:06Z</time>
			</trkpt>
			<trkpt lat="59.97686930971055" lon="30.302981006166565">
				<ele>2.060868068598211</ele>
				<time>2022-08-28T15:53:08Z</time>
			</trkpt>
			<trkpt lat="59.97688980488389" lon="30.302984458225335">
				<ele>2.5296180555596948</ele>
				<time>2022-08-28T15:53:13Z</time>
			</trkpt>
			<trkpt lat="59.97689935762278" lon="30.30293929892973">
				<ele>1.9860322698950768</ele>
				<time>2022-08-28T15:53:16Z</time>
			</trkpt>
			<trkpt lat="59.97691752797155" lon="30.302930531375473">
				<ele>6.677097053267062</ele>
				<time>2022-08-28T15:53:17Z</time>
			</trkpt>
			<trkpt lat="59.97694962426545" lon="30.302915599076943">
				<ele>6.196872136555612</ele>
				<time>2022-08-28T15:53:20Z</time>
			</trkpt>
			<trkpt lat="59.976963381384536" lon="30.302945440932817">
				<ele>5.735300353728235</ele>
				<time>2022-08-28T15:53:22Z</time>
			</trkpt>
			<trkpt lat="59.9769895004007" lon="30.30296538102522">
				<ele>6.332998692989349</ele>
				<time>2022-08-28T15:53:25Z</time>
			</trkpt>
			<trkpt lat="59.97699965286637" lon="30.302996660145187">
				<ele>6.536001076921821</ele>
				<time>2022-08-28T15:53:27Z</time>
			</trkpt>
			<trkpt lat="59.97701424988969" lon="30.303039652619827">
				<ele>4.598354537971318</ele>
				<time>2022-08-28T15:53:29Z</time>
			</trkpt>
			<trkpt lat="59.977019398088345" lon="30.30307622288775">
				<ele>3.6699915528297424</ele>
				<time>2022-08-28T15:53:31Z</time>
			</trkpt>
			<trkpt lat="59.977027190137484" lon="30.303110055979385">
				<ele>3.0909781297668815</ele>
				<time>2022-08-28T15:53:33Z</time>
			</trkpt>
			<trkpt lat="59.97704225906375" lon="30.303138089101434">
				<ele>1.9627574067562819</ele>
				<time>2022-08-28T15:53:35Z</time>
			</trkpt>
			<trkpt lat="59.977053788824364" lon="30.30318024248146">
				<ele>3.0386100159958005</ele>
				<time>2022-08-28T15:53:37Z</time>
			</trkpt>
			<trkpt lat="59.977061681999395" lon="30.303228996133534">
				<ele>2.8447329625487328</ele>
				<time>2022-08-28T15:53:40Z</time>
			</trkpt>
			<trkpt lat="59.97707472469209" lon="30.30327001738572">
				<ele>3.7253035586327314</ele>
				<time>2022-08-28T15:53:42Z</time>
			</trkpt>
			<trkpt lat="59.9770869970027" lon="30.303303937220356">
				<ele>5.140721233561635</ele>
				<time>2022-08-28T15:53:44Z</time>
			</trkpt>
			<trkpt lat="59.97708941573974" lon="30.303343503353762">
				<ele>-0.18115518894046545</ele>
				<time>2022-08-28T15:53:47Z</time>
			</trkpt>
			<trkpt lat="59.97709794352757" lon="30.30339130832728">
				<ele>-0.37653324101120234</ele>
				<time>2022-08-28T15:53:50Z</time>
			</trkpt>
			<trkpt lat="59.97710554064347" lon="30.303433192419206">
				<ele>3.378549558110535</ele>
				<time>2022-08-28T15:53:52Z</time>
			</trkpt>
			<trkpt lat="59.97711667961011" lon="30.30347502956279">
				<ele>4.244466648437083</ele>
				<time>2022-08-28T15:53:54Z</time>
			</trkpt>
			<trkpt lat="59.977126433193845" lon="30.303529274774004">
				<ele>4.241025906987488</ele>
				<time>2022-08-28T15:53:57Z</time>
			</trkpt>
			<trkpt lat="59.977140192039904" lon="30.303575068984667">
				<ele>4.809255458414555</ele>
				<time>2022-08-28T15:54:00Z</time>
			</trkpt>
			<trkpt lat="59.977155774390724" lon="30.303594509651457">
				<ele>5.327592052519321</ele>
				<time>2022-08-28T15:54:02Z</time>
			</trkpt>
			<trkpt lat="59.97716629089174" lon="30.303632959462284">
				<ele>5.243295949883759</ele>
				<time>2022-08-28T15:54:04Z</time>
			</trkpt>
			<trkpt lat="59.97717622988496" lon="30.30366982217571">
				<ele>6.555092941969633</ele>
				<time>2022-08-28T15:54:07Z</time>
			</trkpt>
			<trkpt lat="59.97718831523111" lon="30.303710574035037">
				<ele>8.491520574316382</ele>
				<time>2022-08-28T15:54:09Z</time>
			</trkpt>
			<trkpt lat="59.97720444083558" lon="30.30374888507037">
				<ele>7.065477665513754</ele>
				<time>2022-08-28T15:54:11Z</time>
			</trkpt>
			<trkpt lat="59.97722646238293" lon="30.30377617158659">
				<ele>8.786463509313762</ele>
				<time>2022-08-28T15:54:13Z</time>
			</trkpt>
			<trkpt lat="59.977221848836194" lon="30.30381295249843">
				<ele>10.595251807011664</ele>
				<time>2022-08-28T15:54:15Z</time>
			</trkpt>
			<trkpt lat="59.977221637284714" lon="30.303852501542156">
				<ele>13.602999227121472</ele>
				<time>2022-08-28T15:54:17Z</time>
			</trkpt>
			<trkpt lat="59.977218447130774" lon="30.30391358820787">
				<ele>12.169532891362906</ele>
				<time>2022-08-28T15:54:19Z</time>
			</trkpt>
			<trkpt lat="59.977219404282906" lon="30.303957541491588">
				<ele>12.201382257044315</ele>
				<time>2022-08-28T15:54:22Z</time>
			</trkpt>
			<trkpt lat="59.97723662800525" lon="30.303969064011774">
				<ele>11.77850865572691</ele>
				<time>2022-08-28T15:54:24Z</time>
			</trkpt>
			<trkpt lat="59.977261971512306" lon="30.303997331704654">
				<ele>11.392691352404654</ele>
				<time>2022-08-28T15:54:26Z</time>
			</trkpt>
			<trkpt lat="59.97726985166607" lon="30.304037144753437">
				<ele>9.174264739267528</ele>
				<time>2022-08-28T15:54:28Z</time>
			</trkpt>
			<trkpt lat="59.977270895958824" lon="30.304101347633214">
				<ele>7.201181311160326</ele>
				<time>2022-08-28T15:54:31Z</time>
			</trkpt>
			<trkpt lat="59.97727374337438" lon="30.304155649901073">
				<ele>5.383011097088456</ele>
				<time>2022-08-28T15:54:34Z</time>
			</trkpt>
			<trkpt lat="59.97727509082323" lon="30.304199401308427">
				<ele>3.863857612013817</ele>
				<time>2022-08-28T15:54:36Z</time>
			</trkpt>
			<trkpt lat="59.977288973072994" lon="30.304240048015195">
				<ele>4.088461333885789</ele>
				<time>2022-08-28T15:54:39Z</time>
			</trkpt>
			<trkpt lat="59.97729936471869" lon="30.304274974423016">
				<ele>5.334058005362749</ele>
				<time>2022-08-28T15:54:41Z</time>
			</trkpt>
			<trkpt lat="59.977307148844794" lon="30.304327219548615">
				<ele>4.370836237445474</ele>
				<time>2022-08-28T15:54:43Z</time>
			</trkpt>
			<trkpt lat="59.97732078934079" lon="30.304369642488137">
				<ele>5.669103884138167</ele>
				<time>2022-08-28T15:54:45Z</time>
			</trkpt>
			<trkpt lat="59.977339678039165" lon="30.304399143946256">
				<ele>8.589655895717442</ele>
				<time>2022-08-28T15:54:47Z</time>
			</trkpt>
			<trkpt lat="59.97734886351942" lon="30.30443181710846">
				<ele>8.10429071355611</ele>
				<time>2022-08-28T15:54:50Z</time>
			</trkpt>
			<trkpt lat="59.977362151231354" lon="30.304494970928545">
				<ele>7.677757729776204</ele>
				<time>2022-08-28T15:54:52Z</time>
			</trkpt>
			<trkpt lat="59.977382541866284" lon="30.30454447639085">
				<ele>11.691305709071457</ele>
				<time>2022-08-28T15:54:54Z</time>
			</trkpt>
			<trkpt lat="59.9773749049864" lon="30.304591203502177">
				<ele>8.982378836721182</ele>
				<time>2022-08-28T15:54:58Z</time>
			</trkpt>
			<trkpt lat="59.97738742416154" lon="30.304631386405514">
				<ele>7.494191215373576</ele>
				<time>2022-08-28T15:55:00Z</time>
			</trkpt>
			<trkpt lat="59.9773931433922" lon="30.304665455588985">
				<ele>3.064822368323803</ele>
				<time>2022-08-28T15:55:02Z</time>
			</trkpt>
			<trkpt lat="59.97740506757315" lon="30.30470249790846">
				<ele>3.5824549021199346</ele>
				<time>2022-08-28T15:55:04Z</time>
			</trkpt>
			<trkpt lat="59.97740710314648" lon="30.304752792509934">
				<ele>2.201656955294311</ele>
				<time>2022-08-28T15:55:07Z</time>
			</trkpt>
			<trkpt lat="59.977413537721745" lon="30.30478789282295">
				<ele>3.4010567935183644</ele>
				<time>2022-08-28T15:55:09Z</time>
			</trkpt>
			<trkpt lat="59.977429360774536" lon="30.30481734031378">
				<ele>4.082744361832738</ele>
				<time>2022-08-28T15:55:11Z</time>
			</trkpt>
			<trkpt lat="59.977432348940546" lon="30.304865036949476">
				<ele>3.451941344887018</ele>
				<time>2022-08-28T15:55:13Z</time>
			</trkpt>
			<trkpt lat="59.97744580775567" lon="30.30490112910224">
				<ele>3.0737323658540845</ele>
				<time>2022-08-28T15:55:14Z</time>
			</trkpt>
			<trkpt lat="59.97745344199633" lon="30.304934967643966">
				<ele>2.699836703017354</ele>
				<time>2022-08-28T15:55:16Z</time>
			</trkpt>
			<trkpt lat="59.9774548223019" lon="30.30499156302876">
				<ele>-0.16341177839785814</ele>
				<time>2022-08-28T15:55:19Z</time>
			</trkpt>
			<trkpt lat="59.9774560144507" lon="30.305033790108943">
				<ele>-1.4912147438153625</ele>
				<time>2022-08-28T15:55:21Z</time>
			</trkpt>
			<trkpt lat="59.97745673171893" lon="30.305081767226497">
				<ele>1.171350745484233</ele>
				<time>2022-08-28T15:55:23Z</time>
			</trkpt>
			<trkpt lat="59.977467199739884" lon="30.305128113461944">
				<ele>2.99909839220345</ele>
				<time>2022-08-28T15:55:26Z</time>
			</trkpt>
			<trkpt lat="59.977477057154815" lon="30.305171642628956">
				<ele>2.0940462024882436</ele>
				<time>2022-08-28T15:55:28Z</time>
			</trkpt>
			<trkpt lat="59.977471872188886" lon="30.305214031157647">
				<ele>-2.3322950499132276</ele>
				<time>2022-08-28T15:55:30Z</time>
			</trkpt>
			<trkpt lat="59.97747152567719" lon="30.305262662207557">
				<ele>-2.7072043996304274</ele>
				<time>2022-08-28T15:55:33Z</time>
			</trkpt>
			<trkpt lat="59.97747837186122" lon="30.305298098716992">
				<ele>-1.4866523202508688</ele>
				<time>2022-08-28T15:55:35Z</time>
			</trkpt>
			<trkpt lat="59.977488572709795" lon="30.305335265243603">
				<ele>-0.754161411896348</ele>
				<time>2022-08-28T15:55:37Z</time>
			</trkpt>
			<trkpt lat="59.97749266635785" lon="30.305371739637796">
				<ele>-0.8847072664648294</ele>
				<time>2022-08-28T15:55:39Z</time>
			</trkpt>
			<trkpt lat="59.97748596700936" lon="30.305421491062734">
				<ele>-5.284093662165105</ele>
				<time>2022-08-28T15:55:42Z</time>
			</trkpt>
			<trkpt lat="59.97749566662668" lon="30.305463348603777">
				<ele>-1.7404004530981183</ele>
				<time>2022-08-28T15:55:44Z</time>
			</trkpt>
			<trkpt lat="59.977500329765185" lon="30.3055049378303">
				<ele>-2.701334890909493</ele>
				<time>2022-08-28T15:55:46Z</time>
			</trkpt>
			<trkpt lat="59.97751197574426" lon="30.305544037452353">
				<ele>-5.995180967263877</ele>
				<time>2022-08-28T15:55:49Z</time>
			</trkpt>
			<trkpt lat="59.97752183894724" lon="30.30559383676805">
				<ele>-4.504363800399005</ele>
				<time>2022-08-28T15:55:51Z</time>
			</trkpt>
			<trkpt lat="59.97752419421426" lon="30.305638408001244">
				<ele>-6.2685462180525064</ele>
				<time>2022-08-28T15:55:54Z</time>
			</trkpt>
			<trkpt lat="59.9775327185755" lon="30.305683782466986">
				<ele>-4.7215995620936155</ele>
				<time>2022-08-28T15:55:56Z</time>
			</trkpt>
			<trkpt lat="59.97754673802626" lon="30.305721457844943">
				<ele>-5.259492794051766</ele>
				<time>2022-08-28T15:55:58Z</time>
			</trkpt>
			<trkpt lat="59.97755064725568" lon="30.305767132864137">
				<ele>-6.667810901999474</ele>
				<time>2022-08-28T15:56:01Z</time>
			</trkpt>
			<trkpt lat="59.97755386566686" lon="30.305819738283557">
				<ele>-6.024335406720638</ele>
				<time>2022-08-28T15:56:03Z</time>
			</trkpt>
			<trkpt lat="59.97756682858967" lon="30.305865164987594">
				<ele>-3.5230757975950837</ele>
				<time>2022-08-28T15:56:06Z</time>
			</trkpt>
			<trkpt lat="59.97757516347531" lon="30.30590736423687">
				<ele>-1.175014833919704</ele>
				<time>2022-08-28T15:56:09Z</time>
			</trkpt>
			<trkpt lat="59.977581590173216" lon="30.305942184515523">
				<ele>-2.5085106436163187</ele>
				<time>2022-08-28T15:56:11Z</time>
			</trkpt>
			<trkpt lat="59.977594483090684" lon="30.305982141419864">
				<ele>-0.44389765057712793</ele>
				<time>2022-08-28T15:56:13Z</time>
			</trkpt>
			<trkpt lat="59.977610815878506" lon="30.306012202195017">
				<ele>0.6250078342854977</ele>
				<time>2022-08-28T15:56:15Z</time>
			</trkpt>
			<trkpt lat="59.97761253780515" lon="30.30605674216963">
				<ele>-0.5351075530052185</ele>
				<time>2022-08-28T15:56:17Z</time>
			</trkpt>
			<trkpt lat="59.9776271825965" lon="30.306098087560667">
				<ele>0.2405456928536296</ele>
				<time>2022-08-28T15:56:20Z</time>
			</trkpt>
			<trkpt lat="59.97763648766427" lon="30.306150231521784">
				<ele>0.3563636774197221</ele>
				<time>2022-08-28T15:56:22Z</time>
			</trkpt>
			<trkpt lat="59.9776472170345" lon="30.30618728400325">
				<ele>1.07746412884444</ele>
				<time>2022-08-28T15:56:24Z</time>
			</trkpt>
			<trkpt lat="59.9776594457137" lon="30.3062220805695">
				<ele>0.44108312390744686</ele>
				<time>2022-08-28T15:56:26Z</time>
			</trkpt>
			<trkpt lat="59.97767885498693" lon="30.306246974241066">
				<ele>2.5854555796831846</ele>
				<time>2022-08-28T15:56:28Z</time>
			</trkpt>
			<trkpt lat="59.97768297469071" lon="30.30628397644493">
				<ele>2.2263636719435453</ele>
				<time>2022-08-28T15:56:30Z</time>
			</trkpt>
			<trkpt lat="59.977690300717256" lon="30.306325535886863">
				<ele>1.3447898579761386</ele>
				<time>2022-08-28T15:56:32Z</time>
			</trkpt>
			<trkpt lat="59.97768536003095" lon="30.306361264182424">
				<ele>-1.9272202989086509</ele>
				<time>2022-08-28T15:56:34Z</time>
			</trkpt>
			<trkpt lat="59.977679151153026" lon="30.306394878478326">
				<ele>-3.7009700788185</ele>
				<time>2022-08-28T15:56:36Z</time>
			</trkpt>
			<trkpt lat="59.97768653764496" lon="30.306440273778342">
				<ele>-2.6283786687999964</ele>
				<time>2022-08-28T15:56:38Z</time>
			</trkpt>
			<trkpt lat="59.9776842550555" lon="30.30647665037888">
				<ele>-6.003199017606676</ele>
				<time>2022-08-28T15:56:40Z</time>
			</trkpt>
			<trkpt lat="59.977690536159905" lon="30.30651213205507">
				<ele>-3.5272735031321645</ele>
				<time>2022-08-28T15:56:43Z</time>
			</trkpt>
			<trkpt lat="59.97769908658206" lon="30.306544334821695">
				<ele>-1.3619875917211175</ele>
				<time>2022-08-28T15:56:45Z</time>
			</trkpt>
			<trkpt lat="59.97770126844084" lon="30.30659263643306">
				<ele>-4.595626866444945</ele>
				<time>2022-08-28T15:56:47Z</time>
			</trkpt>
			<trkpt lat="59.9777116243057" lon="30.306655477974715">
				<ele>-2.738864400424063</ele>
				<time>2022-08-28T15:56:49Z</time>
			</trkpt>
			<trkpt lat="59.97772507133537" lon="30.306704611411917">
				<ele>0.19796637818217278</ele>
				<time>2022-08-28T15:56:51Z</time>
			</trkpt>
			<trkpt lat="59.97773601370072" lon="30.30674266962143">
				<ele>-1.078595888800919</ele>
				<time>2022-08-28T15:56:53Z</time>
			</trkpt>
			<trkpt lat="59.977746962074235" lon="30.306789883105687">
				<ele>-1.7000745451077819</ele>
				<time>2022-08-28T15:56:55Z</time>
			</trkpt>
			<trkpt lat="59.97775184609793" lon="30.306836938848615">
				<ele>-2.0099528105929494</ele>
				<time>2022-08-28T15:56:58Z</time>
			</trkpt>
			<trkpt lat="59.97774173871639" lon="30.306879224980356">
				<ele>-2.7073901453986764</ele>
				<time>2022-08-28T15:57:01Z</time>
			</trkpt>
			<trkpt lat="59.97774757043642" lon="30.306921810286156">
				<ele>-0.689508268609643</ele>
				<time>2022-08-28T15:57:03Z</time>
			</trkpt>
			<trkpt lat="59.97774879005613" lon="30.306968675786372">
				<ele>-1.2250731522217393</ele>
				<time>2022-08-28T15:57:05Z</time>
			</trkpt>
			<trkpt lat="59.977748268978466" lon="30.307029470475687">
				<ele>1.858552610501647</ele>
				<time>2022-08-28T15:57:08Z</time>
			</trkpt>
			<trkpt lat="59.97772283223185" lon="30.307061139414472">
				<ele>1.2292687315493822</ele>
				<time>2022-08-28T15:57:11Z</time>
			</trkpt>
			<trkpt lat="59.977719541777276" lon="30.30711049647286">
				<ele>2.2997304033488035</ele>
				<time>2022-08-28T15:57:13Z</time>
			</trkpt>
			<trkpt lat="59.97770039256857" lon="30.307143330097652">
				<ele>2.7220401586964726</ele>
				<time>2022-08-28T15:57:15Z</time>
			</trkpt>
			<trkpt lat="59.97768529933876" lon="30.3071796130169">
				<ele>3.175706598907709</ele>
				<time>2022-08-28T15:57:17Z</time>
			</trkpt>
			<trkpt lat="59.977672454326715" lon="30.30720793094795">
				<ele>2.8835882768034935</ele>
				<time>2022-08-28T15:57:19Z</time>
			</trkpt>
			<trkpt lat="59.97767074890372" lon="30.30725063522545">
				<ele>4.306278312578797</ele>
				<time>2022-08-28T15:57:21Z</time>
			</trkpt>
			<trkpt lat="59.9776657151413" lon="30.307287285216294">
				<ele>4.571534709073603</ele>
				<time>2022-08-28T15:57:23Z</time>
			</trkpt>
			<trkpt lat="59.97764302505228" lon="30.307328961154">
				<ele>2.8636845387518406</ele>
				<time>2022-08-28T15:57:25Z</time>
			</trkpt>
			<trkpt lat="59.9776233816017" lon="30.30735400823027">
				<ele>2.4222877519205213</ele>
				<time>2022-08-28T15:57:27Z</time>
			</trkpt>
			<trkpt lat="59.977602441661915" lon="30.307379512902827">
				<ele>1.8352722497656941</ele>
				<time>2022-08-28T15:57:30Z</time>
			</trkpt>
			<trkpt lat="59.97758769308977" lon="30.307416976810607">
				<ele>6.218401224352419</ele>
				<time>2022-08-28T15:57:33Z</time>
			</trkpt>
			<trkpt lat="59.97757947462693" lon="30.307453027382866">
				<ele>2.69559009000659</ele>
				<time>2022-08-28T15:57:34Z</time>
			</trkpt>
			<trkpt lat="59.9775666915361" lon="30.307514752283065">
				<ele>4.1712480541318655</ele>
				<time>2022-08-28T15:57:35Z</time>
			</trkpt>
			<trkpt lat="59.977546055663105" lon="30.307549135345546">
				<ele>4.205533340573311</ele>
				<time>2022-08-28T15:57:38Z</time>
			</trkpt>
			<trkpt lat="59.977539645116984" lon="30.30758705644561">
				<ele>6.646265991032124</ele>
				<time>2022-08-28T15:57:39Z</time>
			</trkpt>
			<trkpt lat="59.97752325071503" lon="30.307636031479618">
				<ele>4.227369538508356</ele>
				<time>2022-08-28T15:57:41Z</time>
			</trkpt>
			<trkpt lat="59.97750628724489" lon="30.307618670507935">
				<ele>5.360477198846638</ele>
				<time>2022-08-28T15:57:43Z</time>
			</trkpt>
			<trkpt lat="59.97748387661904" lon="30.307636235290897">
				<ele>4.447387556545436</ele>
				<time>2022-08-28T15:57:45Z</time>
			</trkpt>
			<trkpt lat="59.97746458475133" lon="30.307637589120034">
				<ele>6.394017570652068</ele>
				<time>2022-08-28T15:57:48Z</time>
			</trkpt>
			<trkpt lat="59.97743947725967" lon="30.307636207511926">
				<ele>6.978657594881952</ele>
				<time>2022-08-28T15:57:50Z</time>
			</trkpt>
			<trkpt lat="59.977403887744266" lon="30.3076490301547">
				<ele>5.756297907792032</ele>
				<time>2022-08-28T15:57:53Z</time>
			</trkpt>
			<trkpt lat="59.9773844907103" lon="30.30766040640907">
				<ele>2.3486030464991927</ele>
				<time>2022-08-28T15:57:56Z</time>
			</trkpt>
			<trkpt lat="59.977371232273605" lon="30.307698033963455">
				<ele>4.011078603565693</ele>
				<time>2022-08-28T15:57:57Z</time>
			</trkpt>
			<trkpt lat="59.977350555991045" lon="30.307705274782904">
				<ele>3.430496847257018</ele>
				<time>2022-08-28T15:57:59Z</time>
			</trkpt>
			<trkpt lat="59.97733392900974" lon="30.307719742962">
				<ele>5.2565968269482255</ele>
				<time>2022-08-28T15:58:01Z</time>
			</trkpt>
			<trkpt lat="59.97730988652825" lon="30.307739885023786">
				<ele>6.103342156857252</ele>
				<time>2022-08-28T15:58:04Z</time>
			</trkpt>
			<trkpt lat="59.97729323170391" lon="30.307757704567905">
				<ele>3.488303169608116</ele>
				<time>2022-08-28T15:58:06Z</time>
			</trkpt>
			<trkpt lat="59.97726942423507" lon="30.307789800614092">
				<ele>5.090155869722366</ele>
				<time>2022-08-28T15:58:08Z</time>
			</trkpt>
			<trkpt lat="59.97724382693414" lon="30.30781763485633">
				<ele>5.149801199324429</ele>
				<time>2022-08-28T15:58:10Z</time>
			</trkpt>
			<trkpt lat="59.97723812783095" lon="30.307857566036233">
				<ele>4.629481255076826</ele>
				<time>2022-08-28T15:58:12Z</time>
			</trkpt>
			<trkpt lat="59.97721468310789" lon="30.307872889053357">
				<ele>1.7949477275833488</ele>
				<time>2022-08-28T15:58:15Z</time>
			</trkpt>
			<trkpt lat="59.97719820487346" lon="30.30789702379646">
				<ele>4.680050071328878</ele>
				<time>2022-08-28T15:58:17Z</time>
			</trkpt>
			<trkpt lat="59.977176543492895" lon="30.30791629993447">
				<ele>4.474554720334709</ele>
				<time>2022-08-28T15:58:19Z</time>
			</trkpt>
			<trkpt lat="59.97715819842698" lon="30.30794273971601">
				<ele>4.664974290877581</ele>
				<time>2022-08-28T15:58:22Z</time>
			</trkpt>
			<trkpt lat="59.977140348668804" lon="30.307965696440387">
				<ele>0.7537269815802574</ele>
				<time>2022-08-28T15:58:24Z</time>
			</trkpt>
			<trkpt lat="59.97712578256107" lon="30.307996739380723">
				<ele>2.8911653170362115</ele>
				<time>2022-08-28T15:58:27Z</time>
			</trkpt>
			<trkpt lat="59.977115297223065" lon="30.308034390189142">
				<ele>3.580483845435083</ele>
				<time>2022-08-28T15:58:29Z</time>
			</trkpt>
			<trkpt lat="59.97710101525559" lon="30.30806001373678">
				<ele>2.4688200866803527</ele>
				<time>2022-08-28T15:58:31Z</time>
			</trkpt>
			<trkpt lat="59.97707851957701" lon="30.30809905278364">
				<ele>3.8549906918779016</ele>
				<time>2022-08-28T15:58:33Z</time>
			</trkpt>
			<trkpt lat="59.97705159897823" lon="30.308120276391097">
				<ele>3.2962143421173096</ele>
				<time>2022-08-28T15:58:36Z</time>
			</trkpt>
			<trkpt lat="59.9770146886317" lon="30.308130075089693">
				<ele>6.269421863369644</ele>
				<time>2022-08-28T15:58:39Z</time>
			</trkpt>
			<trkpt lat="59.9769911988772" lon="30.30813069897048">
				<ele>4.896885032765567</ele>
				<time>2022-08-28T15:58:43Z</time>
			</trkpt>
			<trkpt lat="59.97697231895864" lon="30.30811983973246">
				<ele>8.923451298847795</ele>
				<time>2022-08-28T15:58:45Z</time>
			</trkpt>
			<trkpt lat="59.976947170876734" lon="30.30811471002642">
				<ele>4.266775446012616</ele>
				<time>2022-08-28T15:58:47Z</time>
			</trkpt>
			<trkpt lat="59.97692647356728" lon="30.308131933270896">
				<ele>7.465300435200334</ele>
				<time>2022-08-28T15:58:49Z</time>
			</trkpt>
			<trkpt lat="59.97689259042116" lon="30.308106712318942">
				<ele>6.302597915753722</ele>
				<time>2022-08-28T15:58:51Z</time>
			</trkpt>
			<trkpt lat="59.97686505337344" lon="30.308092514189617">
				<ele>7.4068907154724</ele>
				<time>2022-08-28T15:58:53Z</time>
			</trkpt>
			<trkpt lat="59.97684241273728" lon="30.30810131232768">
				<ele>6.971250494942069</ele>
				<time>2022-08-28T15:58:54Z</time>
			</trkpt>
			<trkpt lat="59.9768472256603" lon="30.308141736582154">
				<ele>6.759963151998818</ele>
				<time>2022-08-28T15:58:55Z</time>
			</trkpt>
			<trkpt lat="59.97682851528882" lon="30.308146727350245">
				<ele>5.016621227376163</ele>
				<time>2022-08-28T15:58:57Z</time>
			</trkpt>
			<trkpt lat="59.97681079688803" lon="30.308168527942573">
				<ele>3.907423371449113</ele>
				<time>2022-08-28T15:58:58Z</time>
			</trkpt>
			<trkpt lat="59.97678798591026" lon="30.308182645742377">
				<ele>5.422079429961741</ele>
				<time>2022-08-28T15:59:01Z</time>
			</trkpt>
			<trkpt lat="59.976761608404594" lon="30.308206219377">
				<ele>2.8282626988366246</ele>
				<time>2022-08-28T15:59:03Z</time>
			</trkpt>
			<trkpt lat="59.97674006437446" lon="30.30821915246154">
				<ele>5.2514011431485415</ele>
				<time>2022-08-28T15:59:05Z</time>
			</trkpt>
			<trkpt lat="59.97672195231514" lon="30.30825186907776">
				<ele>4.0012286612764</ele>
				<time>2022-08-28T15:59:07Z</time>
			</trkpt>
			<trkpt lat="59.976712019594146" lon="30.308302285733927">
				<ele>6.083975841291249</ele>
				<time>2022-08-28T15:59:09Z</time>
			</trkpt>
			<trkpt lat="59.97668168355433" lon="30.30831353004529">
				<ele>-0.018309720791876316</ele>
				<time>2022-08-28T15:59:12Z</time>
			</trkpt>
			<trkpt lat="59.97666822293915" lon="30.308347083232043">
				<ele>0.735234072431922</ele>
				<time>2022-08-28T15:59:13Z</time>
			</trkpt>
			<trkpt lat="59.97665714707685" lon="30.30838542218707">
				<ele>2.1483038319274783</ele>
				<time>2022-08-28T15:59:14Z</time>
			</trkpt>
			<trkpt lat="59.97664036203121" lon="30.308413562937513">
				<ele>0.6520741088315845</ele>
				<time>2022-08-28T15:59:16Z</time>
			</trkpt>
			<trkpt lat="59.976613793192996" lon="30.308450181625346">
				<ele>2.7970387898385525</ele>
				<time>2022-08-28T15:59:18Z</time>
			</trkpt>
			<trkpt lat="59.97659097446376" lon="30.30843553262214">
				<ele>-1.353006187826395</ele>
				<time>2022-08-28T15:59:23Z</time>
			</trkpt>
			<trkpt lat="59.976558907105314" lon="30.30844180117826">
				<ele>-0.35040597058832645</ele>
				<time>2022-08-28T15:59:26Z</time>
			</trkpt>
			<trkpt lat="59.97654366036049" lon="30.308477762579376">
				<ele>1.222121473401785</ele>
				<time>2022-08-28T15:59:28Z</time>
			</trkpt>
			<trkpt lat="59.976527742881515" lon="30.30851100622904">
				<ele>1.647635561414063</ele>
				<time>2022-08-28T15:59:31Z</time>
			</trkpt>
			<trkpt lat="59.976515954277716" lon="30.308542173620374">
				<ele>1.1653854241594672</ele>
				<time>2022-08-28T15:59:32Z</time>
			</trkpt>
			<trkpt lat="59.97649979699196" lon="30.30857337243736">
				<ele>2.404927629046142</ele>
				<time>2022-08-28T15:59:34Z</time>
			</trkpt>
			<trkpt lat="59.97647891259689" lon="30.30858120596627">
				<ele>1.086807426996529</ele>
				<time>2022-08-28T15:59:36Z</time>
			</trkpt>
			<trkpt lat="59.9764608517594" lon="30.308596262415943">
				<ele>1.7346515664830804</ele>
				<time>2022-08-28T15:59:38Z</time>
			</trkpt>
			<trkpt lat="59.976425703824574" lon="30.308613143255247">
				<ele>4.241052788682282</ele>
				<time>2022-08-28T15:59:40Z</time>
			</trkpt>
			<trkpt lat="59.97640806806885" lon="30.308603058754148">
				<ele>2.608235158957541</ele>
				<time>2022-08-28T15:59:42Z</time>
			</trkpt>
			<trkpt lat="59.97638027394438" lon="30.308601975502583">
				<ele>5.927590052597225</ele>
				<time>2022-08-28T15:59:44Z</time>
			</trkpt>
			<trkpt lat="59.976363820057685" lon="30.30864082093489">
				<ele>4.065233021974564</ele>
				<time>2022-08-28T15:59:46Z</time>
			</trkpt>
			<trkpt lat="59.97635167534758" lon="30.308686112916153">
				<ele>3.6721063246950507</ele>
				<time>2022-08-28T15:59:47Z</time>
			</trkpt>
			<trkpt lat="59.97632919710944" lon="30.308819950564118">
				<ele>4.9798832312226295</ele>
				<time>2022-08-28T15:59:48Z</time>
			</trkpt>
			<trkpt lat="59.976323603289835" lon="30.30888103378452">
				<ele>6.776918149553239</ele>
				<time>2022-08-28T15:59:49Z</time>
			</trkpt>
			<trkpt lat="59.97629725094021" lon="30.308890307760066">
				<ele>6.493314470164478</ele>
				<time>2022-08-28T15:59:51Z</time>
			</trkpt>
			<trkpt lat="59.976282863812536" lon="30.309015717782156">
				<ele>11.94719813298434</ele>
				<time>2022-08-28T15:59:52Z</time>
			</trkpt>
			<trkpt lat="59.97626421749497" lon="30.309069340919546">
				<ele>11.124644862487912</ele>
				<time>2022-08-28T15:59:53Z</time>
			</trkpt>
			<trkpt lat="59.976249414498675" lon="30.309102606275935">
				<ele>10.205795338377357</ele>
				<time>2022-08-28T15:59:54Z</time>
			</trkpt>
			<trkpt lat="59.976230335816574" lon="30.30910816439995">
				<ele>11.359807373955846</ele>
				<time>2022-08-28T15:59:55Z</time>
			</trkpt>
			<trkpt lat="59.976203924367084" lon="30.3091124012544">
				<ele>15.21791923046112</ele>
				<time>2022-08-28T15:59:57Z</time>
			</trkpt>
			<trkpt lat="59.97618779528645" lon="30.309129115533903">
				<ele>15.550829303450882</ele>
				<time>2022-08-28T15:59:58Z</time>
			</trkpt>
			<trkpt lat="59.976178713871505" lon="30.309090199697838">
				<ele>16.145758340135217</ele>
				<time>2022-08-28T15:59:59Z</time>
			</trkpt>
			<trkpt lat="59.97616781690166" lon="30.309061646041982">
				<ele>16.952132415026426</ele>
				<time>2022-08-28T16:00:00Z</time>
			</trkpt>
			<trkpt lat="59.97614724682949" lon="30.309027071716322">
				<ele>20.04318258073181</ele>
				<time>2022-08-28T16:00:01Z</time>
			</trkpt>
			<trkpt lat="59.976134390562464" lon="30.308999819855362">
				<ele>20.445313763804734</ele>
				<time>2022-08-28T16:00:04Z</time>
			</trkpt>
			<trkpt lat="59.97611964896914" lon="30.308973032430032">
				<ele>21.78203171491623</ele>
				<time>2022-08-28T16:00:05Z</time>
			</trkpt>
			<trkpt lat="59.97610097835364" lon="30.308936702564704">
				<ele>22.547701682895422</ele>
				<time>2022-08-28T16:00:06Z</time>
			</trkpt>
			<trkpt lat="59.97607738205462" lon="30.308913939887947">
				<ele>21.269346479326487</ele>
				<time>2022-08-28T16:00:08Z</time>
			</trkpt>
			<trkpt lat="59.976058961849766" lon="30.30892717182704">
				<ele>24.50260476861149</ele>
				<time>2022-08-28T16:00:11Z</time>
			</trkpt>
			<trkpt lat="59.97602599394235" lon="30.3089276430229">
				<ele>25.4862650744617</ele>
				<time>2022-08-28T16:00:13Z</time>
			</trkpt>
			<trkpt lat="59.975989447128626" lon="30.308952907034822">
				<ele>27.57162542641163</ele>
				<time>2022-08-28T16:00:16Z</time>
			</trkpt>
			<trkpt lat="59.97597252386964" lon="30.308923720600877">
				<ele>25.540345494635403</ele>
				<time>2022-08-28T16:00:19Z</time>
			</trkpt>
			<trkpt lat="59.97594690479124" lon="30.308951120918053">
				<ele>27.225035591982305</ele>
				<time>2022-08-28T16:00:20Z</time>
			</trkpt>
			<trkpt lat="59.97596571296162" lon="30.30897217501788">
				<ele>21.341340905055404</ele>
				<time>2022-08-28T16:00:21Z</time>
			</trkpt>
			<trkpt lat="59.97594604831315" lon="30.308988987636656">
				<ele>20.00117904227227</ele>
				<time>2022-08-28T16:00:23Z</time>
			</trkpt>
			<trkpt lat="59.9759159560655" lon="30.30904179112136">
				<ele>23.429890929721296</ele>
				<time>2022-08-28T16:00:24Z</time>
			</trkpt>
			<trkpt lat="59.975943756796624" lon="30.30898150320868">
				<ele>18.06420452427119</ele>
				<time>2022-08-28T16:00:25Z</time>
			</trkpt>
			<trkpt lat="59.975926482454796" lon="30.3089927255863">
				<ele>16.39394674450159</ele>
				<time>2022-08-28T16:00:27Z</time>
			</trkpt>
			<trkpt lat="59.97589858509718" lon="30.309020762042227">
				<ele>17.41294514760375</ele>
				<time>2022-08-28T16:00:30Z</time>
			</trkpt>
			<trkpt lat="59.97587958912282" lon="30.309021603163878">
				<ele>18.880319681949914</ele>
				<time>2022-08-28T16:00:31Z</time>
			</trkpt>
			<trkpt lat="59.97586360405694" lon="30.309047317840566">
				<ele>18.2011046577245</ele>
				<time>2022-08-28T16:00:33Z</time>
			</trkpt>
			<trkpt lat="59.97584695425868" lon="30.309063697256835">
				<ele>21.159817865118384</ele>
				<time>2022-08-28T16:00:34Z</time>
			</trkpt>
			<trkpt lat="59.97581477718584" lon="30.309080483578267">
				<ele>19.8171065133065</ele>
				<time>2022-08-28T16:00:37Z</time>
			</trkpt>
			<trkpt lat="59.97577236395537" lon="30.30910593048766">
				<ele>20.61168354563415</ele>
				<time>2022-08-28T16:00:39Z</time>
			</trkpt>
			<trkpt lat="59.975806079407256" lon="30.309047692218844">
				<ele>14.99766365531832</ele>
				<time>2022-08-28T16:00:40Z</time>
			</trkpt>
			<trkpt lat="59.97578923833339" lon="30.30906498322444">
				<ele>8.290697196498513</ele>
				<time>2022-08-28T16:00:46Z</time>
			</trkpt>
			<trkpt lat="59.9757715576975" lon="30.309081688613404">
				<ele>7.338254400528967</ele>
				<time>2022-08-28T16:00:48Z</time>
			</trkpt>
			<trkpt lat="59.97574987088908" lon="30.309100460428326">
				<ele>3.7427356261759996</ele>
				<time>2022-08-28T16:00:51Z</time>
			</trkpt>
			<trkpt lat="59.97572508847735" lon="30.309118083004815">
				<ele>4.213314956985414</ele>
				<time>2022-08-28T16:00:53Z</time>
			</trkpt>
			<trkpt lat="59.97569981036472" lon="30.309141029409417">
				<ele>5.759224590845406</ele>
				<time>2022-08-28T16:00:55Z</time>
			</trkpt>
			<trkpt lat="59.9756807676507" lon="30.309154369169224">
				<ele>1.595462592318654</ele>
				<time>2022-08-28T16:00:58Z</time>
			</trkpt>
			<trkpt lat="59.975653790455134" lon="30.30916847808805">
				<ele>2.679901147261262</ele>
				<time>2022-08-28T16:01:00Z</time>
			</trkpt>
			<trkpt lat="59.975636532175834" lon="30.309192053415458">
				<ele>2.109709502197802</ele>
				<time>2022-08-28T16:01:02Z</time>
			</trkpt>
			<trkpt lat="59.97561138713943" lon="30.309209437718152">
				<ele>4.796015767380595</ele>
				<time>2022-08-28T16:01:04Z</time>
			</trkpt>
			<trkpt lat="59.97559354683226" lon="30.309217868118946">
				<ele>3.5553008131682873</ele>
				<time>2022-08-28T16:01:07Z</time>
			</trkpt>
			<trkpt lat="59.97557588155244" lon="30.309242527836997">
				<ele>4.556891057640314</ele>
				<time>2022-08-28T16:01:09Z</time>
			</trkpt>
			<trkpt lat="59.97555693674027" lon="30.309267385963274">
				<ele>4.843242211267352</ele>
				<time>2022-08-28T16:01:10Z</time>
			</trkpt>
			<trkpt lat="59.975533125206496" lon="30.309272140853917">
				<ele>3.990120771341026</ele>
				<time>2022-08-28T16:01:12Z</time>
			</trkpt>
			<trkpt lat="59.975513552154474" lon="30.309291783376604">
				<ele>1.8357584197074175</ele>
				<time>2022-08-28T16:01:15Z</time>
			</trkpt>
			<trkpt lat="59.975494422324566" lon="30.309307354602815">
				<ele>2.8091528713703156</ele>
				<time>2022-08-28T16:01:17Z</time>
			</trkpt>
			<trkpt lat="59.975467516025304" lon="30.309345930398887">
				<ele>4.875297954306006</ele>
				<time>2022-08-28T16:01:19Z</time>
			</trkpt>
			<trkpt lat="59.97544567452519" lon="30.309364080422128">
				<ele>5.297175326384604</ele>
				<time>2022-08-28T16:01:21Z</time>
			</trkpt>
			<trkpt lat="59.975421280201786" lon="30.309374070525273">
				<ele>4.7337771793827415</ele>
				<time>2022-08-28T16:01:23Z</time>
			</trkpt>
			<trkpt lat="59.97540308439331" lon="30.30938580525044">
				<ele>6.687563008628786</ele>
				<time>2022-08-28T16:01:25Z</time>
			</trkpt>
			<trkpt lat="59.9753879234623" lon="30.309440229056726">
				<ele>5.989499915391207</ele>
				<time>2022-08-28T16:01:26Z</time>
			</trkpt>
			<trkpt lat="59.97536280799323" lon="30.309453012882365">
				<ele>6.993580030277371</ele>
				<time>2022-08-28T16:01:29Z</time>
			</trkpt>
			<trkpt lat="59.97533766459826" lon="30.309477741549667">
				<ele>7.23756746109575</ele>
				<time>2022-08-28T16:01:31Z</time>
			</trkpt>
			<trkpt lat="59.975309009323425" lon="30.309519416691725">
				<ele>9.38059149030596</ele>
				<time>2022-08-28T16:01:33Z</time>
			</trkpt>
			<trkpt lat="59.97529088591034" lon="30.309516087745962">
				<ele>7.930626658722758</ele>
				<time>2022-08-28T16:01:36Z</time>
			</trkpt>
			<trkpt lat="59.97527009845296" lon="30.30955776739079">
				<ele>2.8384480690583587</ele>
				<time>2022-08-28T16:01:43Z</time>
			</trkpt>
			<trkpt lat="59.97525224703894" lon="30.30960595506259">
				<ele>3.9759479723870754</ele>
				<time>2022-08-28T16:01:45Z</time>
			</trkpt>
			<trkpt lat="59.975231378347125" lon="30.30966042927465">
				<ele>4.069938945583999</ele>
				<time>2022-08-28T16:01:46Z</time>
			</trkpt>
			<trkpt lat="59.97522218935199" lon="30.309666315501335">
				<ele>3.499060389585793</ele>
				<time>2022-08-28T16:01:47Z</time>
			</trkpt>
			<trkpt lat="59.97519593758964" lon="30.309690194652013">
				<ele>5.39823592081666</ele>
				<time>2022-08-28T16:01:49Z</time>
			</trkpt>
			<trkpt lat="59.97517562251913" lon="30.309700151718847">
				<ele>5.501545320264995</ele>
				<time>2022-08-28T16:01:50Z</time>
			</trkpt>
			<trkpt lat="59.97515750093544" lon="30.309704130960775">
				<ele>6.274287426844239</ele>
				<time>2022-08-28T16:01:51Z</time>
			</trkpt>
			<trkpt lat="59.97512285473537" lon="30.309931453573355">
				<ele>10.067170073278248</ele>
				<time>2022-08-28T16:01:54Z</time>
			</trkpt>
			<trkpt lat="59.975103310644236" lon="30.309962598321164">
				<ele>10.416868169791996</ele>
				<time>2022-08-28T16:01:56Z</time>
			</trkpt>
			<trkpt lat="59.9750836873446" lon="30.30996683891532">
				<ele>11.131953325122595</ele>
				<time>2022-08-28T16:01:57Z</time>
			</trkpt>
			<trkpt lat="59.97507107548553" lon="30.310007483800234">
				<ele>7.967058545909822</ele>
				<time>2022-08-28T16:01:59Z</time>
			</trkpt>
			<trkpt lat="59.97505417736024" lon="30.31005163191515">
				<ele>10.538143341429532</ele>
				<time>2022-08-28T16:02:00Z</time>
			</trkpt>
			<trkpt lat="59.97502117679098" lon="30.310035248083796">
				<ele>14.645560937002301</ele>
				<time>2022-08-28T16:02:03Z</time>
			</trkpt>
			<trkpt lat="59.97500786157421" lon="30.310076607726">
				<ele>8.865019669756293</ele>
				<time>2022-08-28T16:02:04Z</time>
			</trkpt>
			<trkpt lat="59.97498524676551" lon="30.31005619344436">
				<ele>11.467962007969618</ele>
				<time>2022-08-28T16:02:07Z</time>
			</trkpt>
			<trkpt lat="59.97497592465044" lon="30.310088188855065">
				<ele>11.168817068450153</ele>
				<time>2022-08-28T16:02:08Z</time>
			</trkpt>
			<trkpt lat="59.97493933335399" lon="30.310095067763744">
				<ele>10.356881556101143</ele>
				<time>2022-08-28T16:02:12Z</time>
			</trkpt>
			<trkpt lat="59.97492290795808" lon="30.31014583119268">
				<ele>12.51115229446441</ele>
				<time>2022-08-28T16:02:14Z</time>
			</trkpt>
			<trkpt lat="59.9749091729093" lon="30.31017112865228">
				<ele>15.647653858177364</ele>
				<time>2022-08-28T16:02:16Z</time>
			</trkpt>
			<trkpt lat="59.974888728697785" lon="30.310193060952127">
				<ele>17.16410381346941</ele>
				<time>2022-08-28T16:02:19Z</time>
			</trkpt>
			<trkpt lat="59.97487160286891" lon="30.310205614055228">
				<ele>18.284285322763026</ele>
				<time>2022-08-28T16:02:20Z</time>
			</trkpt>
			<trkpt lat="59.97484958958929" lon="30.31022898628445">
				<ele>17.432861786335707</ele>
				<time>2022-08-28T16:02:22Z</time>
			</trkpt>
			<trkpt lat="59.974830311886095" lon="30.31023063597349">
				<ele>19.724980188533664</ele>
				<time>2022-08-28T16:02:23Z</time>
			</trkpt>
			<trkpt lat="59.974806924169954" lon="30.31022452980264">
				<ele>18.430467553436756</ele>
				<time>2022-08-28T16:02:25Z</time>
			</trkpt>
			<trkpt lat="59.97478444315323" lon="30.310225389404543">
				<ele>19.02833740133792</ele>
				<time>2022-08-28T16:02:27Z</time>
			</trkpt>
			<trkpt lat="59.974758988402705" lon="30.3102537447422">
				<ele>18.554260436445475</ele>
				<time>2022-08-28T16:02:29Z</time>
			</trkpt>
			<trkpt lat="59.97474256330802" lon="30.31028434754834">
				<ele>18.86346988938749</ele>
				<time>2022-08-28T16:02:30Z</time>
			</trkpt>
			<trkpt lat="59.974720267496245" lon="30.310329524124676">
				<ele>20.291573031805456</ele>
				<time>2022-08-28T16:02:32Z</time>
			</trkpt>
			<trkpt lat="59.97469924579459" lon="30.310343540894827">
				<ele>22.218051592819393</ele>
				<time>2022-08-28T16:02:33Z</time>
			</trkpt>
			<trkpt lat="59.974697612022645" lon="30.310287123322897">
				<ele>20.810830174013972</ele>
				<time>2022-08-28T16:02:36Z</time>
			</trkpt>
			<trkpt lat="59.97468039801287" lon="30.310305531686197">
				<ele>21.433665933087468</ele>
				<time>2022-08-28T16:02:38Z</time>
			</trkpt>
			<trkpt lat="59.97466014051435" lon="30.310319892162546">
				<ele>21.910630288533866</ele>
				<time>2022-08-28T16:02:40Z</time>
			</trkpt>
			<trkpt lat="59.97464084320109" lon="30.31032701888439">
				<ele>23.709820753894746</ele>
				<time>2022-08-28T16:02:43Z</time>
			</trkpt>
			<trkpt lat="59.97459798464189" lon="30.310306868822273">
				<ele>24.711010782048106</ele>
				<time>2022-08-28T16:02:47Z</time>
			</trkpt>
			<trkpt lat="59.97456727179853" lon="30.31032249791075">
				<ele>23.27785253804177</ele>
				<time>2022-08-28T16:02:49Z</time>
			</trkpt>
			<trkpt lat="59.974534488084664" lon="30.310347989361325">
				<ele>23.77108058705926</ele>
				<time>2022-08-28T16:02:51Z</time>
			</trkpt>
			<trkpt lat="59.97451028381921" lon="30.310370241732464">
				<ele>27.45241705235094</ele>
				<time>2022-08-28T16:02:53Z</time>
			</trkpt>
			<trkpt lat="59.9744894290026" lon="30.31038750217832">
				<ele>26.0199823891744</ele>
				<time>2022-08-28T16:02:56Z</time>
			</trkpt>
			<trkpt lat="59.97447028930625" lon="30.310382740503485">
				<ele>23.116841923445463</ele>
				<time>2022-08-28T16:03:00Z</time>
			</trkpt>
			<trkpt lat="59.97445374323978" lon="30.310416963566276">
				<ele>21.36346164997667</ele>
				<time>2022-08-28T16:03:02Z</time>
			</trkpt>
			<trkpt lat="59.97443269097114" lon="30.31042650494171">
				<ele>23.32369339838624</ele>
				<time>2022-08-28T16:03:03Z</time>
			</trkpt>
			<trkpt lat="59.97441402469073" lon="30.310450598776328">
				<ele>22.951923542656004</ele>
				<time>2022-08-28T16:03:05Z</time>
			</trkpt>
			<trkpt lat="59.97439573400908" lon="30.310473401110468">
				<ele>22.392525343224406</ele>
				<time>2022-08-28T16:03:06Z</time>
			</trkpt>
			<trkpt lat="59.97437032126325" lon="30.310482548874727">
				<ele>23.957340055145323</ele>
				<time>2022-08-28T16:03:08Z</time>
			</trkpt>
			<trkpt lat="59.97435037373412" lon="30.310491857819642">
				<ele>25.443898442201316</ele>
				<time>2022-08-28T16:03:10Z</time>
			</trkpt>
			<trkpt lat="59.97434755943664" lon="30.31052759742241">
				<ele>20.464283608831465</ele>
				<time>2022-08-28T16:03:13Z</time>
			</trkpt>
			<trkpt lat="59.97432484752548" lon="30.310547396104898">
				<ele>22.279901407659054</ele>
				<time>2022-08-28T16:03:15Z</time>
			</trkpt>
			<trkpt lat="59.97429925196889" lon="30.310516002968928">
				<ele>26.677606069482863</ele>
				<time>2022-08-28T16:03:17Z</time>
			</trkpt>
			<trkpt lat="59.974283586685914" lon="30.31049641472699">
				<ele>26.19959483295679</ele>
				<time>2022-08-28T16:03:20Z</time>
			</trkpt>
			<trkpt lat="59.97426046278283" lon="30.310521264402624">
				<ele>26.838690977543592</ele>
				<time>2022-08-28T16:03:22Z</time>
			</trkpt>
			<trkpt lat="59.974243985125106" lon="30.310543957264958">
				<ele>29.491032972931862</ele>
				<time>2022-08-28T16:03:24Z</time>
			</trkpt>
			<trkpt lat="59.97422883113326" lon="30.310590856204286">
				<ele>30.203241613693535</ele>
				<time>2022-08-28T16:03:25Z</time>
			</trkpt>
			<trkpt lat="59.974206765760954" lon="30.310617891166018">
				<ele>29.090770741924644</ele>
				<time>2022-08-28T16:03:29Z</time>
			</trkpt>
			<trkpt lat="59.97418764263929" lon="30.310591674871294">
				<ele>29.509520260617137</ele>
				<time>2022-08-28T16:03:30Z</time>
			</trkpt>
			<trkpt lat="59.97416179011324" lon="30.310600024727698">
				<ele>30.665136544965208</ele>
				<time>2022-08-28T16:03:32Z</time>
			</trkpt>
			<trkpt lat="59.97413814013707" lon="30.31062274325712">
				<ele>31.136778293177485</ele>
				<time>2022-08-28T16:03:33Z</time>
			</trkpt>
			<trkpt lat="59.97412184043785" lon="30.310650207114616">
				<ele>32.23690491076559</ele>
				<time>2022-08-28T16:03:35Z</time>
			</trkpt>
			<trkpt lat="59.974098652996226" lon="30.310661452684993">
				<ele>30.277474895119667</ele>
				<time>2022-08-28T16:03:37Z</time>
			</trkpt>
			<trkpt lat="59.97408929224886" lon="30.310693949891206">
				<ele>31.806089924648404</ele>
				<time>2022-08-28T16:03:38Z</time>
			</trkpt>
			<trkpt lat="59.97406876653799" lon="30.310712916234277">
				<ele>30.451456173323095</ele>
				<time>2022-08-28T16:03:41Z</time>
			</trkpt>
			<trkpt lat="59.97404523793811" lon="30.310725786278315">
				<ele>29.951727309264243</ele>
				<time>2022-08-28T16:03:44Z</time>
			</trkpt>
			<trkpt lat="59.974019827823305" lon="30.310716393345658">
				<ele>34.377868947573006</ele>
				<time>2022-08-28T16:03:46Z</time>
			</trkpt>
			<trkpt lat="59.973996459917416" lon="30.310746131700803">
				<ele>32.498621984384954</ele>
				<time>2022-08-28T16:03:49Z</time>
			</trkpt>
			<trkpt lat="59.973992507982466" lon="30.310890564925845">
				<ele>32.49909088946879</ele>
				<time>2022-08-28T16:03:50Z</time>
			</trkpt>
			<trkpt lat="59.97397118025996" lon="30.310895568511338">
				<ele>31.637315906584263</ele>
				<time>2022-08-28T16:03:53Z</time>
			</trkpt>
			<trkpt lat="59.97394559924025" lon="30.310910629897094">
				<ele>30.6930283177644</ele>
				<time>2022-08-28T16:03:55Z</time>
			</trkpt>
			<trkpt lat="59.97398080070681" lon="30.310758694832487">
				<ele>25.04049610067159</ele>
				<time>2022-08-28T16:03:56Z</time>
			</trkpt>
			<trkpt lat="59.973949934968694" lon="30.310760016642423">
				<ele>23.712931050918996</ele>
				<time>2022-08-28T16:03:58Z</time>
			</trkpt>
			<trkpt lat="59.97392023494096" lon="30.310815380204133">
				<ele>23.99980218615383</ele>
				<time>2022-08-28T16:04:01Z</time>
			</trkpt>
			<trkpt lat="59.973908281493024" lon="30.31084259014516">
				<ele>24.463546061888337</ele>
				<time>2022-08-28T16:04:03Z</time>
			</trkpt>
			<trkpt lat="59.9738914540946" lon="30.31087140329675">
				<ele>23.462527703493834</ele>
				<time>2022-08-28T16:04:05Z</time>
			</trkpt>
			<trkpt lat="59.97386868905717" lon="30.31088819798367">
				<ele>21.470736084505916</ele>
				<time>2022-08-28T16:04:07Z</time>
			</trkpt>
			<trkpt lat="59.973838867770056" lon="30.31089322669039">
				<ele>22.334221003577113</ele>
				<time>2022-08-28T16:04:10Z</time>
			</trkpt>
			<trkpt lat="59.97381956508402" lon="30.31089529243283">
				<ele>22.377448403276503</ele>
				<time>2022-08-28T16:04:12Z</time>
			</trkpt>
			<trkpt lat="59.97380132228399" lon="30.310901799413053">
				<ele>18.62762191426009</ele>
				<time>2022-08-28T16:04:17Z</time>
			</trkpt>
			<trkpt lat="59.97380593550155" lon="30.310956346112825">
				<ele>15.922146704979241</ele>
				<time>2022-08-28T16:04:20Z</time>
			</trkpt>
			<trkpt lat="59.97379998580213" lon="30.310901734515408">
				<ele>11.84935169480741</ele>
				<time>2022-08-28T16:04:23Z</time>
			</trkpt>
			<trkpt lat="59.97378900591058" lon="30.310872416257567">
				<ele>11.477054258808494</ele>
				<time>2022-08-28T16:04:24Z</time>
			</trkpt>
			<trkpt lat="59.97377960491093" lon="30.310831900494502">
				<ele>9.383499461226165</ele>
				<time>2022-08-28T16:04:26Z</time>
			</trkpt>
			<trkpt lat="59.97376564210109" lon="30.31079594156187">
				<ele>9.371825884096324</ele>
				<time>2022-08-28T16:04:28Z</time>
			</trkpt>
			<trkpt lat="59.97375065852059" lon="30.310769380853063">
				<ele>10.766464551910758</ele>
				<time>2022-08-28T16:04:30Z</time>
			</trkpt>
			<trkpt lat="59.97373688896572" lon="30.310734930998816">
				<ele>7.8971814122051</ele>
				<time>2022-08-28T16:04:32Z</time>
			</trkpt>
			<trkpt lat="59.97371826931014" lon="30.3107151006411">
				<ele>4.594946779310703</ele>
				<time>2022-08-28T16:04:34Z</time>
			</trkpt>
			<trkpt lat="59.97369638619765" lon="30.310716491807106">
				<ele>4.130850693210959</ele>
				<time>2022-08-28T16:04:36Z</time>
			</trkpt>
			<trkpt lat="59.97366598103626" lon="30.310713493809033">
				<ele>4.908613574691117</ele>
				<time>2022-08-28T16:04:38Z</time>
			</trkpt>
			<trkpt lat="59.97363418226607" lon="30.310715885625516">
				<ele>5.394928367808461</ele>
				<time>2022-08-28T16:04:40Z</time>
			</trkpt>
			<trkpt lat="59.973612057733064" lon="30.31073806419302">
				<ele>7.097931498661637</ele>
				<time>2022-08-28T16:04:42Z</time>
			</trkpt>
			<trkpt lat="59.97359179146573" lon="30.310761377944885">
				<ele>2.2023001993075013</ele>
				<time>2022-08-28T16:04:45Z</time>
			</trkpt>
			<trkpt lat="59.97357285345415" lon="30.310784622410466">
				<ele>2.8940189946442842</ele>
				<time>2022-08-28T16:04:47Z</time>
			</trkpt>
			<trkpt lat="59.973553011442824" lon="30.310824867277287">
				<ele>1.562259865924716</ele>
				<time>2022-08-28T16:04:50Z</time>
			</trkpt>
			<trkpt lat="59.973536056903605" lon="30.310864167143908">
				<ele>3.646059500053525</ele>
				<time>2022-08-28T16:04:52Z</time>
			</trkpt>
			<trkpt lat="59.973517612185695" lon="30.31089191303783">
				<ele>3.7944877054542303</ele>
				<time>2022-08-28T16:04:55Z</time>
			</trkpt>
			<trkpt lat="59.973503444258526" lon="30.310916933620213">
				<ele>1.9879156285896897</ele>
				<time>2022-08-28T16:04:57Z</time>
			</trkpt>
			<trkpt lat="59.973483467846314" lon="30.310933451195712">
				<ele>1.3220961932092905</ele>
				<time>2022-08-28T16:04:59Z</time>
			</trkpt>
			<trkpt lat="59.97346398414031" lon="30.310950075396786">
				<ele>1.8612450370565057</ele>
				<time>2022-08-28T16:05:01Z</time>
			</trkpt>
			<trkpt lat="59.97343566142902" lon="30.31098175057503">
				<ele>3.4260482722893357</ele>
				<time>2022-08-28T16:05:03Z</time>
			</trkpt>
			<trkpt lat="59.97341703437388" lon="30.310978786254722">
				<ele>2.524518991820514</ele>
				<time>2022-08-28T16:05:05Z</time>
			</trkpt>
			<trkpt lat="59.97339118075559" lon="30.310990794137513">
				<ele>2.1730719758197665</ele>
				<time>2022-08-28T16:05:08Z</time>
			</trkpt>
			<trkpt lat="59.973370732538676" lon="30.31100023278848">
				<ele>2.7720877854153514</ele>
				<time>2022-08-28T16:05:10Z</time>
			</trkpt>
			<trkpt lat="59.97334848637661" lon="30.31100921091193">
				<ele>2.1153522031381726</ele>
				<time>2022-08-28T16:05:12Z</time>
			</trkpt>
			<trkpt lat="59.973328339040556" lon="30.311026679493388">
				<ele>5.151768759824336</ele>
				<time>2022-08-28T16:05:14Z</time>
			</trkpt>
			<trkpt lat="59.973313379618126" lon="30.3110500611703">
				<ele>3.9287461545318365</ele>
				<time>2022-08-28T16:05:17Z</time>
			</trkpt>
			<trkpt lat="59.97329097748862" lon="30.311061823343444">
				<ele>3.1413634084165096</ele>
				<time>2022-08-28T16:05:19Z</time>
			</trkpt>
			<trkpt lat="59.97326619208807" lon="30.31107236443925">
				<ele>4.429382735863328</ele>
				<time>2022-08-28T16:05:21Z</time>
			</trkpt>
			<trkpt lat="59.973236754887296" lon="30.31109632509408">
				<ele>2.1163828410208225</ele>
				<time>2022-08-28T16:05:24Z</time>
			</trkpt>
			<trkpt lat="59.97321492564204" lon="30.3111123266876">
				<ele>1.8461424270644784</ele>
				<time>2022-08-28T16:05:26Z</time>
			</trkpt>
			<trkpt lat="59.97319347803514" lon="30.311136631959535">
				<ele>4.953866823576391</ele>
				<time>2022-08-28T16:05:28Z</time>
			</trkpt>
			<trkpt lat="59.97317367534603" lon="30.311137543985293">
				<ele>3.986891317181289</ele>
				<time>2022-08-28T16:05:31Z</time>
			</trkpt>
			<trkpt lat="59.97315621235894" lon="30.311151275040388">
				<ele>3.5550879519432783</ele>
				<time>2022-08-28T16:05:33Z</time>
			</trkpt>
			<trkpt lat="59.973136692673904" lon="30.311154236663604">
				<ele>4.418131420388818</ele>
				<time>2022-08-28T16:05:35Z</time>
			</trkpt>
			<trkpt lat="59.97311231341079" lon="30.311154872113928">
				<ele>4.7215851079672575</ele>
				<time>2022-08-28T16:05:37Z</time>
			</trkpt>
			<trkpt lat="59.97308739923171" lon="30.311164431763217">
				<ele>4.524431646801531</ele>
				<time>2022-08-28T16:05:39Z</time>
			</trkpt>
			<trkpt lat="59.97306842115244" lon="30.311154530558174">
				<ele>4.193363367579877</ele>
				<time>2022-08-28T16:05:41Z</time>
			</trkpt>
			<trkpt lat="59.97304397755003" lon="30.31115135318294">
				<ele>3.9150687539950013</ele>
				<time>2022-08-28T16:05:44Z</time>
			</trkpt>
			<trkpt lat="59.9730231242282" lon="30.31114500471566">
				<ele>3.480115570127964</ele>
				<time>2022-08-28T16:05:47Z</time>
			</trkpt>
			<trkpt lat="59.97301019716502" lon="30.311117833758765">
				<ele>4.405022929422557</ele>
				<time>2022-08-28T16:05:49Z</time>
			</trkpt>
			<trkpt lat="59.97303116546393" lon="30.311113459826004">
				<ele>0.910052471794188</ele>
				<time>2022-08-28T16:05:52Z</time>
			</trkpt>
			<trkpt lat="59.97305569518857" lon="30.3111206051616">
				<ele>2.4366720030084252</ele>
				<time>2022-08-28T16:05:54Z</time>
			</trkpt>
			<trkpt lat="59.97307542344879" lon="30.311122610337083">
				<ele>3.194356007501483</ele>
				<time>2022-08-28T16:05:55Z</time>
			</trkpt>
			<trkpt lat="59.97305308576779" lon="30.31114218876299">
				<ele>3.8974873311817646</ele>
				<time>2022-08-28T16:06:31Z</time>
			</trkpt>
			<trkpt lat="59.97303976410768" lon="30.311116651277846">
				<ele>1.3128564739599824</ele>
				<time>2022-08-28T16:06:33Z</time>
			</trkpt>
			<trkpt lat="59.97301561374526" lon="30.311101381612122">
				<ele>3.6979645788669586</ele>
				<time>2022-08-28T16:06:37Z</time>
			</trkpt>
			<trkpt lat="59.973008074790634" lon="30.311061405903033">
				<ele>4.128097585402429</ele>
				<time>2022-08-28T16:06:40Z</time>
			</trkpt>
			<trkpt lat="59.9729939046318" lon="30.311035486161128">
				<ele>2.834141827188432</ele>
				<time>2022-08-28T16:06:42Z</time>
			</trkpt>
			<trkpt lat="59.97297032513637" lon="30.311022342319042">
				<ele>4.0911400048062205</ele>
				<time>2022-08-28T16:06:44Z</time>
			</trkpt>
			<trkpt lat="59.97295560776955" lon="30.31099953437849">
				<ele>4.597144695930183</ele>
				<time>2022-08-28T16:06:47Z</time>
			</trkpt>
			<trkpt lat="59.97294118479191" lon="30.31097575194856">
				<ele>3.3168591912835836</ele>
				<time>2022-08-28T16:06:49Z</time>
			</trkpt>
			<trkpt lat="59.97291733404249" lon="30.310946693449814">
				<ele>3.7058778423815966</ele>
				<time>2022-08-28T16:06:52Z</time>
			</trkpt>
			<trkpt lat="59.97289090602278" lon="30.310933981767807">
				<ele>4.043435330502689</ele>
				<time>2022-08-28T16:06:55Z</time>
			</trkpt>
			<trkpt lat="59.97287523455157" lon="30.310905906217293">
				<ele>3.412835506722331</ele>
				<time>2022-08-28T16:06:57Z</time>
			</trkpt>
			<trkpt lat="59.972861480580896" lon="30.31087064952794">
				<ele>-0.9605593979358673</ele>
				<time>2022-08-28T16:06:59Z</time>
			</trkpt>
			<trkpt lat="59.972837732835806" lon="30.310853113539007">
				<ele>-0.3004789464175701</ele>
				<time>2022-08-28T16:07:01Z</time>
			</trkpt>
			<trkpt lat="59.97282164579441" lon="30.310869016270665">
				<ele>4.874119958840311</ele>
				<time>2022-08-28T16:07:03Z</time>
			</trkpt>
			<trkpt lat="59.972798621651755" lon="30.310846744307227">
				<ele>2.9380440302193165</ele>
				<time>2022-08-28T16:07:06Z</time>
			</trkpt>
			<trkpt lat="59.97277762292208" lon="30.310876510471807">
				<ele>5.072147432714701</ele>
				<time>2022-08-28T16:07:08Z</time>
			</trkpt>
			<trkpt lat="59.972753981431154" lon="30.31088021353853">
				<ele>5.326208039186895</ele>
				<time>2022-08-28T16:07:11Z</time>
			</trkpt>
			<trkpt lat="59.97273021395047" lon="30.310883534989223">
				<ele>4.207197651267052</ele>
				<time>2022-08-28T16:07:13Z</time>
			</trkpt>
			<trkpt lat="59.97270614921177" lon="30.310866897602992">
				<ele>3.8959477189928293</ele>
				<time>2022-08-28T16:07:15Z</time>
			</trkpt>
			<trkpt lat="59.972678089031795" lon="30.31085260142905">
				<ele>2.588586659170687</ele>
				<time>2022-08-28T16:07:18Z</time>
			</trkpt>
			<trkpt lat="59.972666001328854" lon="30.310824194934472">
				<ele>2.3272221330553293</ele>
				<time>2022-08-28T16:07:20Z</time>
			</trkpt>
			<trkpt lat="59.97264501461088" lon="30.31080733628154">
				<ele>2.7653744956478477</ele>
				<time>2022-08-28T16:07:22Z</time>
			</trkpt>
			<trkpt lat="59.97262499716056" lon="30.310807476749915">
				<ele>3.0195419872179627</ele>
				<time>2022-08-28T16:07:25Z</time>
			</trkpt>
			<trkpt lat="59.97260665631009" lon="30.310798953844277">
				<ele>1.0363170970231295</ele>
				<time>2022-08-28T16:07:27Z</time>
			</trkpt>
			<trkpt lat="59.972592473002514" lon="30.3108209714261">
				<ele>3.914270137436688</ele>
				<time>2022-08-28T16:07:29Z</time>
			</trkpt>
			<trkpt lat="59.97257178430898" lon="30.310842233452828">
				<ele>4.635935608297586</ele>
				<time>2022-08-28T16:07:31Z</time>
			</trkpt>
			<trkpt lat="59.97254143032188" lon="30.310847952629032">
				<ele>7.090759424492717</ele>
				<time>2022-08-28T16:07:34Z</time>
			</trkpt>
			<trkpt lat="59.97252249598298" lon="30.310833286670483">
				<ele>6.883512137457728</ele>
				<time>2022-08-28T16:07:37Z</time>
			</trkpt>
			<trkpt lat="59.97249524168575" lon="30.3108581207419">
				<ele>9.910092406906188</ele>
				<time>2022-08-28T16:07:40Z</time>
			</trkpt>
			<trkpt lat="59.97247784819453" lon="30.31083103236629">
				<ele>8.782706070691347</ele>
				<time>2022-08-28T16:07:41Z</time>
			</trkpt>
			<trkpt lat="59.972459316208585" lon="30.31082283270173">
				<ele>8.376719887368381</ele>
				<time>2022-08-28T16:07:43Z</time>
			</trkpt>
			<trkpt lat="59.97242849960636" lon="30.31085645057902">
				<ele>10.020492520183325</ele>
				<time>2022-08-28T16:07:45Z</time>
			</trkpt>
			<trkpt lat="59.972419064953755" lon="30.310926475504026">
				<ele>11.109636476263404</ele>
				<time>2022-08-28T16:07:46Z</time>
			</trkpt>
			<trkpt lat="59.97239574305027" lon="30.310909974195265">
				<ele>10.31072795111686</ele>
				<time>2022-08-28T16:07:48Z</time>
			</trkpt>
			<trkpt lat="59.97237403306091" lon="30.310918834213922">
				<ele>10.287647498771548</ele>
				<time>2022-08-28T16:07:50Z</time>
			</trkpt>
			<trkpt lat="59.97234992555921" lon="30.310924231968833">
				<ele>12.45377617329359</ele>
				<time>2022-08-28T16:07:52Z</time>
			</trkpt>
			<trkpt lat="59.97232760116086" lon="30.310931193765867">
				<ele>13.283154365606606</ele>
				<time>2022-08-28T16:07:54Z</time>
			</trkpt>
			<trkpt lat="59.972282193201764" lon="30.310890312765714">
				<ele>15.941854153759778</ele>
				<time>2022-08-28T16:07:58Z</time>
			</trkpt>
			<trkpt lat="59.97226410407526" lon="30.310906701591577">
				<ele>11.93910994194448</ele>
				<time>2022-08-28T16:08:00Z</time>
			</trkpt>
			<trkpt lat="59.97224749829294" lon="30.310884527538505">
				<ele>13.076727490872145</ele>
				<time>2022-08-28T16:08:01Z</time>
			</trkpt>
			<trkpt lat="59.97222484914011" lon="30.310853910753785">
				<ele>12.694325748831034</ele>
				<time>2022-08-28T16:08:02Z</time>
			</trkpt>
			<trkpt lat="59.972205802546654" lon="30.310805934954264">
				<ele>9.886188179254532</ele>
				<time>2022-08-28T16:08:05Z</time>
			</trkpt>
			<trkpt lat="59.97218469202787" lon="30.310822609097094">
				<ele>12.25402988307178</ele>
				<time>2022-08-28T16:08:07Z</time>
			</trkpt>
			<trkpt lat="59.97216904432175" lon="30.310801249503125">
				<ele>8.653939046896994</ele>
				<time>2022-08-28T16:08:09Z</time>
			</trkpt>
			<trkpt lat="59.97214463936345" lon="30.310792487017586">
				<ele>7.991700351238251</ele>
				<time>2022-08-28T16:08:11Z</time>
			</trkpt>
			<trkpt lat="59.97211940586462" lon="30.31079556880087">
				<ele>8.147196119651198</ele>
				<time>2022-08-28T16:08:13Z</time>
			</trkpt>
			<trkpt lat="59.9720907076738" lon="30.31076599943447">
				<ele>4.467342515476048</ele>
				<time>2022-08-28T16:08:16Z</time>
			</trkpt>
			<trkpt lat="59.972064102989215" lon="30.310769109434137">
				<ele>7.858327751979232</ele>
				<time>2022-08-28T16:08:19Z</time>
			</trkpt>
			<trkpt lat="59.97203780846242" lon="30.31078029334309">
				<ele>8.049540454521775</ele>
				<time>2022-08-28T16:08:22Z</time>
			</trkpt>
			<trkpt lat="59.972008849915454" lon="30.310776034822137">
				<ele>8.661027302965522</ele>
				<time>2022-08-28T16:08:24Z</time>
			</trkpt>
			<trkpt lat="59.971984544721394" lon="30.310755397327924">
				<ele>3.2147120758891106</ele>
				<time>2022-08-28T16:08:28Z</time>
			</trkpt>
			<trkpt lat="59.971961685332225" lon="30.31077273635367">
				<ele>3.8946091160178185</ele>
				<time>2022-08-28T16:08:30Z</time>
			</trkpt>
			<trkpt lat="59.97193949265252" lon="30.310783507239176">
				<ele>4.814467383548617</ele>
				<time>2022-08-28T16:08:32Z</time>
			</trkpt>
			<trkpt lat="59.97192697078468" lon="30.310753959099387">
				<ele>1.440491609275341</ele>
				<time>2022-08-28T16:08:34Z</time>
			</trkpt>
			<trkpt lat="59.97190901756871" lon="30.310746346517924">
				<ele>2.2860359782353044</ele>
				<time>2022-08-28T16:08:36Z</time>
			</trkpt>
			<trkpt lat="59.97189382086245" lon="30.310711876220623">
				<ele>3.42225837521255</ele>
				<time>2022-08-28T16:08:38Z</time>
			</trkpt>
			<trkpt lat="59.97186471715192" lon="30.310722235574236">
				<ele>2.6349170356988907</ele>
				<time>2022-08-28T16:08:42Z</time>
			</trkpt>
			<trkpt lat="59.971834207372886" lon="30.310812249116186">
				<ele>4.026405008509755</ele>
				<time>2022-08-28T16:08:43Z</time>
			</trkpt>
			<trkpt lat="59.97181119416661" lon="30.310860478593955">
				<ele>4.71850164514035</ele>
				<time>2022-08-28T16:08:44Z</time>
			</trkpt>
			<trkpt lat="59.97179314218433" lon="30.310857061089635">
				<ele>3.7906524892896414</ele>
				<time>2022-08-28T16:08:46Z</time>
			</trkpt>
			<trkpt lat="59.971774197739144" lon="30.310829020259657">
				<ele>4.82360967528075</ele>
				<time>2022-08-28T16:08:49Z</time>
			</trkpt>
			<trkpt lat="59.97174860175615" lon="30.310803723698463">
				<ele>2.8313093343749642</ele>
				<time>2022-08-28T16:08:52Z</time>
			</trkpt>
			<trkpt lat="59.9717426984806" lon="30.310769571857207">
				<ele>2.3315513003617525</ele>
				<time>2022-08-28T16:08:53Z</time>
			</trkpt>
			<trkpt lat="59.97172473358146" lon="30.31075957361267">
				<ele>3.3875860888510942</ele>
				<time>2022-08-28T16:08:55Z</time>
			</trkpt>
			<trkpt lat="59.97171025534353" lon="30.310732756247226">
				<ele>3.110420858487487</ele>
				<time>2022-08-28T16:08:57Z</time>
			</trkpt>
			<trkpt lat="59.97168894018532" lon="30.310746938572358">
				<ele>4.030502309091389</ele>
				<time>2022-08-28T16:08:59Z</time>
			</trkpt>
			<trkpt lat="59.97166990053675" lon="30.310744691858083">
				<ele>6.418951181694865</ele>
				<time>2022-08-28T16:09:01Z</time>
			</trkpt>
			<trkpt lat="59.97165026048419" lon="30.31075144537321">
				<ele>6.035807923413813</ele>
				<time>2022-08-28T16:09:03Z</time>
			</trkpt>
			<trkpt lat="59.97162234061825" lon="30.310744891401722">
				<ele>7.902584387920797</ele>
				<time>2022-08-28T16:09:05Z</time>
			</trkpt>
			<trkpt lat="59.971630915649015" lon="30.31070345478668">
				<ele>0.4620477017015219</ele>
				<time>2022-08-28T16:09:06Z</time>
			</trkpt>
			<trkpt lat="59.97160961902001" lon="30.310691144977216">
				<ele>1.110191261395812</ele>
				<time>2022-08-28T16:09:08Z</time>
			</trkpt>
			<trkpt lat="59.97158670244262" lon="30.31069126296192">
				<ele>2.8900610404089093</ele>
				<time>2022-08-28T16:09:09Z</time>
			</trkpt>
			<trkpt lat="59.971561525569435" lon="30.31067624203168">
				<ele>1.593130886554718</ele>
				<time>2022-08-28T16:09:12Z</time>
			</trkpt>
			<trkpt lat="59.97153959681298" lon="30.310691434448763">
				<ele>4.497769013047218</ele>
				<time>2022-08-28T16:09:14Z</time>
			</trkpt>
			<trkpt lat="59.97152120221373" lon="30.31069394893666">
				<ele>3.6087231477722526</ele>
				<time>2022-08-28T16:09:16Z</time>
			</trkpt>
			<trkpt lat="59.971497207357636" lon="30.31069164475786">
				<ele>3.9978488413617015</ele>
				<time>2022-08-28T16:09:18Z</time>
			</trkpt>
			<trkpt lat="59.97147132748735" lon="30.310694836372292">
				<ele>3.407838301733136</ele>
				<time>2022-08-28T16:09:20Z</time>
			</trkpt>
			<trkpt lat="59.971441151498006" lon="30.310692872174673">
				<ele>3.780692388303578</ele>
				<time>2022-08-28T16:09:23Z</time>
			</trkpt>
			<trkpt lat="59.97141646630747" lon="30.31068521649513">
				<ele>5.271626528352499</ele>
				<time>2022-08-28T16:09:25Z</time>
			</trkpt>
			<trkpt lat="59.97139329402561" lon="30.310691201418656">
				<ele>4.839904161170125</ele>
				<time>2022-08-28T16:09:27Z</time>
			</trkpt>
			<trkpt lat="59.971362514498026" lon="30.31071254067248">
				<ele>6.319467732682824</ele>
				<time>2022-08-28T16:09:30Z</time>
			</trkpt>
			<trkpt lat="59.971337406908404" lon="30.310705641939112">
				<ele>6.338258211500943</ele>
				<time>2022-08-28T16:09:32Z</time>
			</trkpt>
			<trkpt lat="59.97131837181146" lon="30.310677453333348">
				<ele>5.705246930010617</ele>
				<time>2022-08-28T16:09:35Z</time>
			</trkpt>
			<trkpt lat="59.97129631377156" lon="30.31065601561194">
				<ele>4.628315103240311</ele>
				<time>2022-08-28T16:09:38Z</time>
			</trkpt>
			<trkpt lat="59.971277850414566" lon="30.310639663478064">
				<ele>3.223809214308858</ele>
				<time>2022-08-28T16:09:40Z</time>
			</trkpt>
			<trkpt lat="59.9712559138408" lon="30.310633587185016">
				<ele>3.2425471041351557</ele>
				<time>2022-08-28T16:09:42Z</time>
			</trkpt>
			<trkpt lat="59.971235995177224" lon="30.310607976044473">
				<ele>-0.6725531220436096</ele>
				<time>2022-08-28T16:09:45Z</time>
			</trkpt>
			<trkpt lat="59.9712097784699" lon="30.31059334923416">
				<ele>0.9793139370158315</ele>
				<time>2022-08-28T16:09:48Z</time>
			</trkpt>
			<trkpt lat="59.971188670387114" lon="30.310565631181095">
				<ele>0.9089869307354093</ele>
				<time>2022-08-28T16:09:51Z</time>
			</trkpt>
			<trkpt lat="59.97116627942593" lon="30.31055689954051">
				<ele>2.9211261048913</ele>
				<time>2022-08-28T16:09:55Z</time>
			</trkpt>
			<trkpt lat="59.971136019795175" lon="30.310566919510244">
				<ele>3.3896336909383535</ele>
				<time>2022-08-28T16:09:56Z</time>
			</trkpt>
			<trkpt lat="59.97111593655513" lon="30.310553507793617">
				<ele>2.253425419330597</ele>
				<time>2022-08-28T16:09:58Z</time>
			</trkpt>
			<trkpt lat="59.97110554523262" lon="30.31052270531671">
				<ele>3.001283130608499</ele>
				<time>2022-08-28T16:10:01Z</time>
			</trkpt>
			<trkpt lat="59.97108023978721" lon="30.31055397391094">
				<ele>1.9870280846953392</ele>
				<time>2022-08-28T16:10:06Z</time>
			</trkpt>
			<trkpt lat="59.971054881803866" lon="30.31055597590744">
				<ele>-0.5675826193764806</ele>
				<time>2022-08-28T16:10:07Z</time>
			</trkpt>
			<trkpt lat="59.97105034580519" lon="30.310509974737684">
				<ele>2.088570528663695</ele>
				<time>2022-08-28T16:10:10Z</time>
			</trkpt>
			<trkpt lat="59.971047681965686" lon="30.31046810461598">
				<ele>2.9994969349354506</ele>
				<time>2022-08-28T16:10:11Z</time>
			</trkpt>
			<trkpt lat="59.97104682593388" lon="30.31042334444753">
				<ele>3.026383309625089</ele>
				<time>2022-08-28T16:10:12Z</time>
			</trkpt>
			<trkpt lat="59.97106470461167" lon="30.310398195511265">
				<ele>2.355403265915811</ele>
				<time>2022-08-28T16:10:13Z</time>
			</trkpt>
			<trkpt lat="59.971088884649824" lon="30.310362285741267">
				<ele>2.713461917825043</ele>
				<time>2022-08-28T16:10:15Z</time>
			</trkpt>
			<trkpt lat="59.97106906512388" lon="30.31032099632807">
				<ele>6.152537789195776</ele>
				<time>2022-08-28T16:10:17Z</time>
			</trkpt>
			<trkpt lat="59.97104249186222" lon="30.310285491810983">
				<ele>5.273720015771687</ele>
				<time>2022-08-28T16:10:18Z</time>
			</trkpt>
			<trkpt lat="59.971020705295984" lon="30.310252335206762">
				<ele>7.085484739392996</ele>
				<time>2022-08-28T16:10:19Z</time>
			</trkpt>
			<trkpt lat="59.971019945902476" lon="30.310198486707062">
				<ele>6.560440832749009</ele>
				<time>2022-08-28T16:10:21Z</time>
			</trkpt>
			<trkpt lat="59.97104445546831" lon="30.310147061993128">
				<ele>7.920149091631174</ele>
				<time>2022-08-28T16:10:23Z</time>
			</trkpt>
			<trkpt lat="59.971071952071" lon="30.310111439115747">
				<ele>8.281773960217834</ele>
				<time>2022-08-28T16:10:27Z</time>
			</trkpt>
			<trkpt lat="59.971121660088926" lon="30.310085612501396">
				<ele>9.020061655901372</ele>
				<time>2022-08-28T16:10:29Z</time>
			</trkpt>
			<trkpt lat="59.97117230009438" lon="30.31008083509702">
				<ele>11.882849846035242</ele>
				<time>2022-08-28T16:10:30Z</time>
			</trkpt>
			<trkpt lat="59.97121899194048" lon="30.310066252127275">
				<ele>12.741402002051473</ele>
				<time>2022-08-28T16:10:31Z</time>
			</trkpt>
			<trkpt lat="59.971246463334964" lon="30.310009006407345">
				<ele>15.05542254820466</ele>
				<time>2022-08-28T16:10:34Z</time>
			</trkpt>
			<trkpt lat="59.971264294334375" lon="30.30998142479154">
				<ele>13.203870014287531</ele>
				<time>2022-08-28T16:10:37Z</time>
			</trkpt>
			<trkpt lat="59.97126094705692" lon="30.309924318873637">
				<ele>14.829250357113779</ele>
				<time>2022-08-28T16:10:40Z</time>
			</trkpt>
			<trkpt lat="59.97127639834364" lon="30.309881168266653">
				<ele>16.513413444161415</ele>
				<time>2022-08-28T16:10:42Z</time>
			</trkpt>
			<trkpt lat="59.97126625995273" lon="30.309814523975934">
				<ele>14.917181792668998</ele>
				<time>2022-08-28T16:10:44Z</time>
			</trkpt>
			<trkpt lat="59.97126888912031" lon="30.309767061695112">
				<ele>16.54410142917186</ele>
				<time>2022-08-28T16:10:46Z</time>
			</trkpt>
			<trkpt lat="59.97123373347204" lon="30.30976182710466">
				<ele>13.76498549990356</ele>
				<time>2022-08-28T16:10:47Z</time>
			</trkpt>
			<trkpt lat="59.97121398693204" lon="30.309720535909296">
				<ele>14.761293499730527</ele>
				<time>2022-08-28T16:10:49Z</time>
			</trkpt>
			<trkpt lat="59.971224798673894" lon="30.309680934226797">
				<ele>13.95884220674634</ele>
				<time>2022-08-28T16:10:52Z</time>
			</trkpt>
			<trkpt lat="59.971199956599385" lon="30.309668873716724">
				<ele>9.289999093860388</ele>
				<time>2022-08-28T16:10:56Z</time>
			</trkpt>
			<trkpt lat="59.971175506093196" lon="30.309653372556937">
				<ele>7.977392605505884</ele>
				<time>2022-08-28T16:10:57Z</time>
			</trkpt>
			<trkpt lat="59.971143146318276" lon="30.309681318020687">
				<ele>6.702135426923633</ele>
				<time>2022-08-28T16:10:58Z</time>
			</trkpt>
			<trkpt lat="59.97114003064238" lon="30.30969273332979">
				<ele>8.546134940348566</ele>
				<time>2022-08-28T16:11:01Z</time>
			</trkpt>
			<trkpt lat="59.9711801309655" lon="30.309723534487944">
				<ele>13.629257020540535</ele>
				<time>2022-08-28T16:11:07Z</time>
			</trkpt>
			<trkpt lat="59.97120648704962" lon="30.309727716654812">
				<ele>17.40857306867838</ele>
				<time>2022-08-28T16:11:09Z</time>
			</trkpt>
			<trkpt lat="59.97120600811967" lon="30.30967259904882">
				<ele>16.97391035873443</ele>
				<time>2022-08-28T16:11:17Z</time>
			</trkpt>
			<trkpt lat="59.97122633480706" lon="30.30966799506151">
				<ele>17.30607745051384</ele>
				<time>2022-08-28T16:11:19Z</time>
			</trkpt>
			<trkpt lat="59.97125807095904" lon="30.309676777560473">
				<ele>20.045835783705115</ele>
				<time>2022-08-28T16:11:20Z</time>
			</trkpt>
			<trkpt lat="59.97124636888132" lon="30.30959735268652">
				<ele>23.148262827657163</ele>
				<time>2022-08-28T16:11:22Z</time>
			</trkpt>
			<trkpt lat="59.971227385735105" lon="30.309569752058277">
				<ele>23.57085342053324</ele>
				<time>2022-08-28T16:11:23Z</time>
			</trkpt>
			<trkpt lat="59.97124459738297" lon="30.309549293197133">
				<ele>23.199699765071273</ele>
				<time>2022-08-28T16:11:25Z</time>
			</trkpt>
			<trkpt lat="59.97124393309375" lon="30.309470492027167">
				<ele>24.265142623335123</ele>
				<time>2022-08-28T16:11:27Z</time>
			</trkpt>
			<trkpt lat="59.97124334310945" lon="30.30939682944273">
				<ele>27.366233904846013</ele>
				<time>2022-08-28T16:11:29Z</time>
			</trkpt>
			<trkpt lat="59.97126429314068" lon="30.309359591370374">
				<ele>25.300966864451766</ele>
				<time>2022-08-28T16:11:30Z</time>
			</trkpt>
			<trkpt lat="59.97127735726916" lon="30.309308001015637">
				<ele>24.665255388244987</ele>
				<time>2022-08-28T16:11:32Z</time>
			</trkpt>
			<trkpt lat="59.97130143463032" lon="30.309283909174717">
				<ele>23.356565759517252</ele>
				<time>2022-08-28T16:11:34Z</time>
			</trkpt>
			<trkpt lat="59.971274789686994" lon="30.309330525620584">
				<ele>23.885685432702303</ele>
				<time>2022-08-28T16:11:35Z</time>
			</trkpt>
			<trkpt lat="59.97125503015756" lon="30.30928797956827">
				<ele>23.1482527339831</ele>
				<time>2022-08-28T16:11:36Z</time>
			</trkpt>
			<trkpt lat="59.97130464435379" lon="30.30929729084915">
				<ele>23.264754654839635</ele>
				<time>2022-08-28T16:11:38Z</time>
			</trkpt>
			<trkpt lat="59.97128761315435" lon="30.30927383588236">
				<ele>21.690662362612784</ele>
				<time>2022-08-28T16:11:39Z</time>
			</trkpt>
			<trkpt lat="59.971267045251714" lon="30.309294833090554">
				<ele>19.583855618722737</ele>
				<time>2022-08-28T16:11:43Z</time>
			</trkpt>
			<trkpt lat="59.971293835403955" lon="30.309261826096396">
				<ele>17.896955497562885</ele>
				<time>2022-08-28T16:12:00Z</time>
			</trkpt>
			<trkpt lat="59.971304379670634" lon="30.309232516447747">
				<ele>17.084676638245583</ele>
				<time>2022-08-28T16:12:04Z</time>
			</trkpt>
			<trkpt lat="59.97128647259987" lon="30.309219392336967">
				<ele>13.785148007795215</ele>
				<time>2022-08-28T16:12:05Z</time>
			</trkpt>
			<trkpt lat="59.97130575251031" lon="30.30918944063212">
				<ele>15.154832390137017</ele>
				<time>2022-08-28T16:12:06Z</time>
			</trkpt>
			<trkpt lat="59.971332068074794" lon="30.309182253794475">
				<ele>15.806865954771638</ele>
				<time>2022-08-28T16:12:07Z</time>
			</trkpt>
			<trkpt lat="59.971308335988276" lon="30.309191874592944">
				<ele>14.986472558230162</ele>
				<time>2022-08-28T16:12:09Z</time>
			</trkpt>
			<trkpt lat="59.97129640376531" lon="30.309149813090265">
				<ele>14.056794981472194</ele>
				<time>2022-08-28T16:12:11Z</time>
			</trkpt>
			<trkpt lat="59.97129863941187" lon="30.3091135363673">
				<ele>13.321723029948771</ele>
				<time>2022-08-28T16:12:12Z</time>
			</trkpt>
			<trkpt lat="59.97130042838762" lon="30.30905919752177">
				<ele>14.988978493027389</ele>
				<time>2022-08-28T16:12:13Z</time>
			</trkpt>
			<trkpt lat="59.971305806052925" lon="30.30899656637761">
				<ele>15.926678722724319</ele>
				<time>2022-08-28T16:12:14Z</time>
			</trkpt>
			<trkpt lat="59.97130398177139" lon="30.308956536371518">
				<ele>14.321202942170203</ele>
				<time>2022-08-28T16:12:15Z</time>
			</trkpt>
			<trkpt lat="59.97129880163755" lon="30.308920001540905">
				<ele>14.448056879453361</ele>
				<time>2022-08-28T16:12:16Z</time>
			</trkpt>
			<trkpt lat="59.97129674396498" lon="30.30896643433592">
				<ele>16.664222395978868</ele>
				<time>2022-08-28T16:12:17Z</time>
			</trkpt>
			<trkpt lat="59.971324785555055" lon="30.308946221091293">
				<ele>17.466126196086407</ele>
				<time>2022-08-28T16:12:18Z</time>
			</trkpt>
			<trkpt lat="59.97133904490143" lon="30.308920791354854">
				<ele>20.611455210484564</ele>
				<time>2022-08-28T16:12:20Z</time>
			</trkpt>
			<trkpt lat="59.971316534218225" lon="30.308884408245998">
				<ele>19.15417551063001</ele>
				<time>2022-08-28T16:12:21Z</time>
			</trkpt>
			<trkpt lat="59.97130090201781" lon="30.308832831235335">
				<ele>23.19758741836995</ele>
				<time>2022-08-28T16:12:23Z</time>
			</trkpt>
			<trkpt lat="59.97130132117011" lon="30.308787392597758">
				<ele>25.846659517847</ele>
				<time>2022-08-28T16:12:25Z</time>
			</trkpt>
			<trkpt lat="59.97131561208488" lon="30.308737962706534">
				<ele>25.2850089808926</ele>
				<time>2022-08-28T16:12:26Z</time>
			</trkpt>
			<trkpt lat="59.97131499315722" lon="30.308669168851157">
				<ele>26.574546542949975</ele>
				<time>2022-08-28T16:12:28Z</time>
			</trkpt>
			<trkpt lat="59.97123155675002" lon="30.308492083052535">
				<ele>23.49597965646535</ele>
				<time>2022-08-28T16:12:29Z</time>
			</trkpt>
			<trkpt lat="59.971227108880136" lon="30.308454149976235">
				<ele>25.333827485330403</ele>
				<time>2022-08-28T16:12:35Z</time>
			</trkpt>
			<trkpt lat="59.971273409519306" lon="30.308245204508786">
				<ele>24.96176724229008</ele>
				<time>2022-08-28T16:12:36Z</time>
			</trkpt>
			<trkpt lat="59.97123221125147" lon="30.308311081915566">
				<ele>21.559665995649993</ele>
				<time>2022-08-28T16:12:37Z</time>
			</trkpt>
			<trkpt lat="59.97121641197844" lon="30.308339648027857">
				<ele>25.295638974756002</ele>
				<time>2022-08-28T16:12:39Z</time>
			</trkpt>
			<trkpt lat="59.97121063129803" lon="30.30829592610442">
				<ele>23.5037789568305</ele>
				<time>2022-08-28T16:12:43Z</time>
			</trkpt>
			<trkpt lat="59.97121157194083" lon="30.308253417708677">
				<ele>24.521748807281256</ele>
				<time>2022-08-28T16:12:44Z</time>
			</trkpt>
			<trkpt lat="59.971208793612746" lon="30.308209811555283">
				<ele>23.094663018360734</ele>
				<time>2022-08-28T16:12:45Z</time>
			</trkpt>
			<trkpt lat="59.97116433295772" lon="30.308286968867794">
				<ele>21.399561174213886</ele>
				<time>2022-08-28T16:12:47Z</time>
			</trkpt>
			<trkpt lat="59.97116368657711" lon="30.30832547328248">
				<ele>21.340604684315622</ele>
				<time>2022-08-28T16:12:48Z</time>
			</trkpt>
			<trkpt lat="59.971140296000755" lon="30.308332556595733">
				<ele>22.968779764138162</ele>
				<time>2022-08-28T16:12:49Z</time>
			</trkpt>
			<trkpt lat="59.971132311206965" lon="30.30829572207816">
				<ele>21.52042205259204</ele>
				<time>2022-08-28T16:12:50Z</time>
			</trkpt>
			<trkpt lat="59.97114417674138" lon="30.3082433796764">
				<ele>17.60650352947414</ele>
				<time>2022-08-28T16:12:51Z</time>
			</trkpt>
			<trkpt lat="59.97113406751042" lon="30.308060837837367">
				<ele>16.35049987398088</ele>
				<time>2022-08-28T16:12:54Z</time>
			</trkpt>
			<trkpt lat="59.971114829677546" lon="30.30806216456598">
				<ele>18.747738919220865</ele>
				<time>2022-08-28T16:12:55Z</time>
			</trkpt>
			<trkpt lat="59.97112991091162" lon="30.30798743739987">
				<ele>22.60758076608181</ele>
				<time>2022-08-28T16:12:56Z</time>
			</trkpt>
			<trkpt lat="59.971153454940286" lon="30.30796899879137">
				<ele>21.57440117932856</ele>
				<time>2022-08-28T16:13:00Z</time>
			</trkpt>
			<trkpt lat="59.97114929107597" lon="30.308022126070586">
				<ele>19.961298409849405</ele>
				<time>2022-08-28T16:13:02Z</time>
			</trkpt>
			<trkpt lat="59.97112528734853" lon="30.30801280168806">
				<ele>18.33949516620487</ele>
				<time>2022-08-28T16:13:03Z</time>
			</trkpt>
			<trkpt lat="59.97114876684688" lon="30.307974002331964">
				<ele>19.48059969767928</ele>
				<time>2022-08-28T16:13:05Z</time>
			</trkpt>
			<trkpt lat="59.971142713432904" lon="30.307925412848675">
				<ele>12.467436550185084</ele>
				<time>2022-08-28T16:13:08Z</time>
			</trkpt>
			<trkpt lat="59.97113177188559" lon="30.307874550701786">
				<ele>11.010007694363594</ele>
				<time>2022-08-28T16:13:11Z</time>
			</trkpt>
			<trkpt lat="59.97113461246929" lon="30.307810047209916">
				<ele>13.530324312858284</ele>
				<time>2022-08-28T16:13:13Z</time>
			</trkpt>
			<trkpt lat="59.971140732322425" lon="30.307744590931343">
				<ele>14.570955764502287</ele>
				<time>2022-08-28T16:13:15Z</time>
			</trkpt>
			<trkpt lat="59.97114158295985" lon="30.307703582207505">
				<ele>16.573117717169225</ele>
				<time>2022-08-28T16:13:16Z</time>
			</trkpt>
			<trkpt lat="59.97115587930398" lon="30.307636277683507">
				<ele>17.442952750250697</ele>
				<time>2022-08-28T16:13:21Z</time>
			</trkpt>
			<trkpt lat="59.971150121372396" lon="30.307586419661735">
				<ele>12.958108993247151</ele>
				<time>2022-08-28T16:13:25Z</time>
			</trkpt>
			<trkpt lat="59.97114962597116" lon="30.3075448851947">
				<ele>13.318140929564834</ele>
				<time>2022-08-28T16:13:27Z</time>
			</trkpt>
			<trkpt lat="59.97113338018123" lon="30.30752231959198">
				<ele>10.588536301627755</ele>
				<time>2022-08-28T16:13:28Z</time>
			</trkpt>
			<trkpt lat="59.97111811372576" lon="30.307502775395065">
				<ele>10.376087705604732</ele>
				<time>2022-08-28T16:13:29Z</time>
			</trkpt>
			<trkpt lat="59.97113416480276" lon="30.307445714387786">
				<ele>11.821863669902086</ele>
				<time>2022-08-28T16:13:31Z</time>
			</trkpt>
			<trkpt lat="59.97114346390964" lon="30.307399830515592">
				<ele>10.735633313655853</ele>
				<time>2022-08-28T16:13:32Z</time>
			</trkpt>
			<trkpt lat="59.97111429024167" lon="30.307376190064684">
				<ele>7.048852772451937</ele>
				<time>2022-08-28T16:13:34Z</time>
			</trkpt>
			<trkpt lat="59.971117392282245" lon="30.307338687219936">
				<ele>8.090757387690246</ele>
				<time>2022-08-28T16:13:35Z</time>
			</trkpt>
			<trkpt lat="59.971107433263526" lon="30.307304774785855">
				<ele>9.00475803297013</ele>
				<time>2022-08-28T16:13:36Z</time>
			</trkpt>
			<trkpt lat="59.97112937756395" lon="30.3072543739052">
				<ele>9.171434985473752</ele>
				<time>2022-08-28T16:13:39Z</time>
			</trkpt>
			<trkpt lat="59.97112555529736" lon="30.307207683807327">
				<ele>6.5360045759007335</ele>
				<time>2022-08-28T16:13:41Z</time>
			</trkpt>
			<trkpt lat="59.97113221744607" lon="30.307138744422076">
				<ele>6.006376286968589</ele>
				<time>2022-08-28T16:13:43Z</time>
			</trkpt>
			<trkpt lat="59.97114578993389" lon="30.30710656487231">
				<ele>7.844963985495269</ele>
				<time>2022-08-28T16:13:45Z</time>
			</trkpt>
			<trkpt lat="59.971154950596734" lon="30.307074627523743">
				<ele>6.664908551611006</ele>
				<time>2022-08-28T16:13:47Z</time>
			</trkpt>
			<trkpt lat="59.97113947098021" lon="30.30704264005827">
				<ele>6.284392704255879</ele>
				<time>2022-08-28T16:13:49Z</time>
			</trkpt>
			<trkpt lat="59.97114464733148" lon="30.306988035556092">
				<ele>8.011011595837772</ele>
				<time>2022-08-28T16:13:50Z</time>
			</trkpt>
			<trkpt lat="59.97112521624747" lon="30.306981711952528">
				<ele>7.859219745732844</ele>
				<time>2022-08-28T16:13:52Z</time>
			</trkpt>
			<trkpt lat="59.97115934191236" lon="30.30695461917095">
				<ele>10.683042620308697</ele>
				<time>2022-08-28T16:14:10Z</time>
			</trkpt>
			<trkpt lat="59.97110698132033" lon="30.306910680890677">
				<ele>8.32484341878444</ele>
				<time>2022-08-28T16:14:16Z</time>
			</trkpt>
			<trkpt lat="59.97111685362843" lon="30.306966269654136">
				<ele>9.710845574736595</ele>
				<time>2022-08-28T16:14:20Z</time>
			</trkpt>
			<trkpt lat="59.97114047312982" lon="30.306984299511022">
				<ele>7.666854594834149</ele>
				<time>2022-08-28T16:14:22Z</time>
			</trkpt>
			<trkpt lat="59.9711868950667" lon="30.30693177175099">
				<ele>7.988367469981313</ele>
				<time>2022-08-28T16:14:36Z</time>
			</trkpt>
			<trkpt lat="59.97112884559324" lon="30.30694582344397">
				<ele>7.203399885445833</ele>
				<time>2022-08-28T16:15:00Z</time>
			</trkpt>
			<trkpt lat="59.97115940770185" lon="30.306934700794653">
				<ele>8.074914620257914</ele>
				<time>2022-08-28T16:15:36Z</time>
			</trkpt>
			<trkpt lat="59.971168455686694" lon="30.306889686970912">
				<ele>8.552008940838277</ele>
				<time>2022-08-28T16:15:39Z</time>
			</trkpt>
			<trkpt lat="59.97115295124752" lon="30.306940192493567">
				<ele>4.926071556285024</ele>
				<time>2022-08-28T16:15:40Z</time>
			</trkpt>
			<trkpt lat="59.97113846402726" lon="30.306918298412857">
				<ele>5.4107235902920365</ele>
				<time>2022-08-28T16:15:54Z</time>
			</trkpt>
			<trkpt lat="59.971127487333405" lon="30.306861965709366">
				<ele>8.111422662623227</ele>
				<time>2022-08-28T16:16:04Z</time>
			</trkpt>
			<trkpt lat="59.97114598375478" lon="30.306844778976657">
				<ele>7.616526999510825</ele>
				<time>2022-08-28T16:16:08Z</time>
			</trkpt>
			<trkpt lat="59.9711516870486" lon="30.30688233536164">
				<ele>7.57768161688</ele>
				<time>2022-08-28T16:16:09Z</time>
			</trkpt>
			<trkpt lat="59.9711825969822" lon="30.30686069185371">
				<ele>9.952429543249309</ele>
				<time>2022-08-28T16:16:11Z</time>
			</trkpt>
			<trkpt lat="59.97121550556181" lon="30.306838498471734">
				<ele>9.419795935973525</ele>
				<time>2022-08-28T16:16:13Z</time>
			</trkpt>
			<trkpt lat="59.97123784551661" lon="30.306794375553476">
				<ele>8.188617671839893</ele>
				<time>2022-08-28T16:16:16Z</time>
			</trkpt>
			<trkpt lat="59.97125067899967" lon="30.306767897159204">
				<ele>7.022375327534974</ele>
				<time>2022-08-28T16:16:17Z</time>
			</trkpt>
			<trkpt lat="59.97126890463393" lon="30.3067277253419">
				<ele>5.3833813685923815</ele>
				<time>2022-08-28T16:16:21Z</time>
			</trkpt>
			<trkpt lat="59.971269736469395" lon="30.306686217109476">
				<ele>10.725951695814729</ele>
				<time>2022-08-28T16:16:22Z</time>
			</trkpt>
			<trkpt lat="59.97129275747181" lon="30.306694449963246">
				<ele>6.635707447305322</ele>
				<time>2022-08-28T16:16:31Z</time>
			</trkpt>
			<trkpt lat="59.97131097148534" lon="30.30663846468411">
				<ele>4.902655825018883</ele>
				<time>2022-08-28T16:16:34Z</time>
			</trkpt>
			<trkpt lat="59.97128914052328" lon="30.306615661514893">
				<ele>5.55026191752404</ele>
				<time>2022-08-28T16:16:37Z</time>
			</trkpt>
			<trkpt lat="59.9713079330438" lon="30.306573963459563">
				<ele>8.839753552339971</ele>
				<time>2022-08-28T16:16:41Z</time>
			</trkpt>
			<trkpt lat="59.97131778888473" lon="30.306619836855877">
				<ele>7.548115627840161</ele>
				<time>2022-08-28T16:16:42Z</time>
			</trkpt>
			<trkpt lat="59.97129158659998" lon="30.30660594808688">
				<ele>6.055852735415101</ele>
				<time>2022-08-28T16:17:23Z</time>
			</trkpt>
			<trkpt lat="59.97130994126495" lon="30.306596085793203">
				<ele>6.66816340573132</ele>
				<time>2022-08-28T16:17:24Z</time>
			</trkpt>
			<trkpt lat="59.9712901736268" lon="30.306596554405143">
				<ele>8.718247376382351</ele>
				<time>2022-08-28T16:17:26Z</time>
			</trkpt>
			<trkpt lat="59.97128253306855" lon="30.306558474674894">
				<ele>9.348412781953812</ele>
				<time>2022-08-28T16:17:32Z</time>
			</trkpt>
			<trkpt lat="59.971274243363816" lon="30.306506714339164">
				<ele>8.094331682659686</ele>
				<time>2022-08-28T16:17:36Z</time>
			</trkpt>
			<trkpt lat="59.97125477696327" lon="30.30647547299384">
				<ele>12.998151552863419</ele>
				<time>2022-08-28T16:17:37Z</time>
			</trkpt>
			<trkpt lat="59.971268532702695" lon="30.30643859197515">
				<ele>14.917417913675308</ele>
				<time>2022-08-28T16:17:39Z</time>
			</trkpt>
			<trkpt lat="59.97128587082347" lon="30.306406509651673">
				<ele>12.587689855135977</ele>
				<time>2022-08-28T16:17:40Z</time>
			</trkpt>
			<trkpt lat="59.97128024448026" lon="30.306367765369743">
				<ele>11.637833902612329</ele>
				<time>2022-08-28T16:17:42Z</time>
			</trkpt>
			<trkpt lat="59.97128803042408" lon="30.306320927879867">
				<ele>14.451170899905264</ele>
				<time>2022-08-28T16:17:44Z</time>
			</trkpt>
			<trkpt lat="59.97126982194457" lon="30.30629999451975">
				<ele>15.00209613982588</ele>
				<time>2022-08-28T16:17:46Z</time>
			</trkpt>
			<trkpt lat="59.971270741722584" lon="30.30626210377786">
				<ele>16.499743966385722</ele>
				<time>2022-08-28T16:17:48Z</time>
			</trkpt>
			<trkpt lat="59.97124952627343" lon="30.306270872305944">
				<ele>14.374242216348648</ele>
				<time>2022-08-28T16:17:49Z</time>
			</trkpt>
			<trkpt lat="59.971267753912834" lon="30.306219330581836">
				<ele>14.078140719793737</ele>
				<time>2022-08-28T16:17:50Z</time>
			</trkpt>
			<trkpt lat="59.97128149763312" lon="30.306170899217705">
				<ele>13.080009046010673</ele>
				<time>2022-08-28T16:17:53Z</time>
			</trkpt>
			<trkpt lat="59.971274420682015" lon="30.30610812525286">
				<ele>13.768317892216146</ele>
				<time>2022-08-28T16:17:55Z</time>
			</trkpt>
			<trkpt lat="59.971259398139864" lon="30.306072361624807">
				<ele>10.295671567320824</ele>
				<time>2022-08-28T16:17:57Z</time>
			</trkpt>
			<trkpt lat="59.97125590519382" lon="30.30602765205372">
				<ele>11.517150320112705</ele>
				<time>2022-08-28T16:18:00Z</time>
			</trkpt>
			<trkpt lat="59.971265496158416" lon="30.305959283365812">
				<ele>10.213752864859998</ele>
				<time>2022-08-28T16:18:03Z</time>
			</trkpt>
			<trkpt lat="59.971251822340115" lon="30.30591237927216">
				<ele>10.233217568136752</ele>
				<time>2022-08-28T16:18:05Z</time>
			</trkpt>
			<trkpt lat="59.97124655477393" lon="30.305869751177035">
				<ele>9.496901317499578</ele>
				<time>2022-08-28T16:18:07Z</time>
			</trkpt>
			<trkpt lat="59.97123880313229" lon="30.305832456448883">
				<ele>10.860204244032502</ele>
				<time>2022-08-28T16:18:09Z</time>
			</trkpt>
			<trkpt lat="59.9712213862366" lon="30.305892456096306">
				<ele>8.321984489448369</ele>
				<time>2022-08-28T16:18:11Z</time>
			</trkpt>
			<trkpt lat="59.97118182093323" lon="30.30593096301454">
				<ele>3.1319668516516685</ele>
				<time>2022-08-28T16:18:20Z</time>
			</trkpt>
			<trkpt lat="59.97115628902161" lon="30.305992565959855">
				<ele>7.509869960136712</ele>
				<time>2022-08-28T16:18:25Z</time>
			</trkpt>
			<trkpt lat="59.97115753216976" lon="30.305951356267197">
				<ele>7.157526886090636</ele>
				<time>2022-08-28T16:18:32Z</time>
			</trkpt>
			<trkpt lat="59.97116724817796" lon="30.305909636482532">
				<ele>7.08779083751142</ele>
				<time>2022-08-28T16:18:33Z</time>
			</trkpt>
			<trkpt lat="59.97117890603905" lon="30.30586372327596">
				<ele>5.49838927667588</ele>
				<time>2022-08-28T16:18:35Z</time>
			</trkpt>
			<trkpt lat="59.971202914678585" lon="30.305809317156456">
				<ele>6.1512351697310805</ele>
				<time>2022-08-28T16:18:37Z</time>
			</trkpt>
			<trkpt lat="59.971217516408736" lon="30.305738247701747">
				<ele>9.968197103589773</ele>
				<time>2022-08-28T16:18:39Z</time>
			</trkpt>
			<trkpt lat="59.97124237175997" lon="30.30568602427211">
				<ele>10.50411316100508</ele>
				<time>2022-08-28T16:18:41Z</time>
			</trkpt>
			<trkpt lat="59.97122780785629" lon="30.30570784881972">
				<ele>9.569278517737985</ele>
				<time>2022-08-28T16:18:44Z</time>
			</trkpt>
			<trkpt lat="59.97124189513346" lon="30.305662002877906">
				<ele>10.527031914331019</ele>
				<time>2022-08-28T16:18:50Z</time>
			</trkpt>
			<trkpt lat="59.9712690681229" lon="30.305621840015124">
				<ele>12.727890267036855</ele>
				<time>2022-08-28T16:18:53Z</time>
			</trkpt>
			<trkpt lat="59.971264108589644" lon="30.30569308001386">
				<ele>6.14714961592108</ele>
				<time>2022-08-28T16:18:56Z</time>
			</trkpt>
			<trkpt lat="59.97123597546246" lon="30.30565572948639">
				<ele>6.19202805031091</ele>
				<time>2022-08-28T16:18:57Z</time>
			</trkpt>
			<trkpt lat="59.971285313039154" lon="30.305677072070118">
				<ele>6.954027881845832</ele>
				<time>2022-08-28T16:18:59Z</time>
			</trkpt>
			<trkpt lat="59.97126188015174" lon="30.30574680023022">
				<ele>6.569510577246547</ele>
				<time>2022-08-28T16:19:01Z</time>
			</trkpt>
			<trkpt lat="59.97126198091268" lon="30.305747440336656">
				<ele>6.545572314411402</ele>
				<time>2022-08-28T16:19:04Z</time>
			</trkpt>
			<trkpt lat="59.97126198091268" lon="30.305747440336656">
				<ele>6.545572314411402</ele>
				<time>2022-08-28T16:19:05Z</time>
			</trkpt>
			<trkpt lat="59.971196933097936" lon="30.30571344286551">
				<ele>4.2829866744577885</ele>
				<time>2022-08-28T16:19:14Z</time>
			</trkpt>
			<trkpt lat="59.97120116572737" lon="30.305714908274215">
				<ele>4.750250277109444</ele>
				<time>2022-08-28T16:19:18Z</time>
			</trkpt>
			<trkpt lat="59.97117395242867" lon="30.3057081966195">
				<ele>6.91872781701386</ele>
				<time>2022-08-28T16:19:19Z</time>
			</trkpt>
			<trkpt lat="59.97119833997556" lon="30.305701516374874">
				<ele>6.471422018483281</ele>
				<time>2022-08-28T16:19:27Z</time>
			</trkpt>
			<trkpt lat="59.97120320325182" lon="30.305739819375045">
				<ele>5.7009103475138545</ele>
				<time>2022-08-28T16:19:29Z</time>
			</trkpt>
			<trkpt lat="59.97118670949499" lon="30.3057235508605">
				<ele>6.82892201654613</ele>
				<time>2022-08-28T16:19:34Z</time>
			</trkpt>
			<trkpt lat="59.97122280772228" lon="30.3057575699343">
				<ele>5.095153985545039</ele>
				<time>2022-08-28T16:19:51Z</time>
			</trkpt>
			<trkpt lat="59.97123428640346" lon="30.3057281537529">
				<ele>5.299428588710725</ele>
				<time>2022-08-28T16:20:19Z</time>
			</trkpt>
			<trkpt lat="59.9712438452828" lon="30.305696762472028">
				<ele>4.335327110253274</ele>
				<time>2022-08-28T16:20:21Z</time>
			</trkpt>
			<trkpt lat="59.97125538180341" lon="30.30566923908695">
				<ele>5.997857304289937</ele>
				<time>2022-08-28T16:20:22Z</time>
			</trkpt>
			<trkpt lat="59.97124901742464" lon="30.30561760717957">
				<ele>5.254818950779736</ele>
				<time>2022-08-28T16:20:23Z</time>
			</trkpt>
			<trkpt lat="59.971266312115645" lon="30.3055586396181">
				<ele>5.225021932274103</ele>
				<time>2022-08-28T16:20:25Z</time>
			</trkpt>
			<trkpt lat="59.97130360859099" lon="30.30553069081808">
				<ele>3.9347708746790886</ele>
				<time>2022-08-28T16:20:26Z</time>
			</trkpt>
			<trkpt lat="59.971328348246" lon="30.305541250718036">
				<ele>6.984783938154578</ele>
				<time>2022-08-28T16:20:28Z</time>
			</trkpt>
			<trkpt lat="59.97132463459922" lon="30.30549094546792">
				<ele>5.267010593786836</ele>
				<time>2022-08-28T16:20:30Z</time>
			</trkpt>
			<trkpt lat="59.97131776871746" lon="30.305443442510096">
				<ele>8.741241165436804</ele>
				<time>2022-08-28T16:20:32Z</time>
			</trkpt>
			<trkpt lat="59.97132217666528" lon="30.305408707422885">
				<ele>4.006269383244216</ele>
				<time>2022-08-28T16:20:34Z</time>
			</trkpt>
			<trkpt lat="59.97132688288661" lon="30.305364284107632">
				<ele>5.1313375467434525</ele>
				<time>2022-08-28T16:20:37Z</time>
			</trkpt>
			<trkpt lat="59.97132725720117" lon="30.30531695147894">
				<ele>8.964569734409451</ele>
				<time>2022-08-28T16:20:39Z</time>
			</trkpt>
			<trkpt lat="59.97132839393243" lon="30.30525951792518">
				<ele>9.130805611610413</ele>
				<time>2022-08-28T16:20:41Z</time>
			</trkpt>
			<trkpt lat="59.971328806669305" lon="30.305199924048978">
				<ele>10.321528480388224</ele>
				<time>2022-08-28T16:20:43Z</time>
			</trkpt>
			<trkpt lat="59.971320680858504" lon="30.30514644273917">
				<ele>9.798728678375483</ele>
				<time>2022-08-28T16:20:45Z</time>
			</trkpt>
			<trkpt lat="59.97131269803979" lon="30.30511211358977">
				<ele>13.01521709188819</ele>
				<time>2022-08-28T16:20:46Z</time>
			</trkpt>
			<trkpt lat="59.971344871380275" lon="30.305119157243492">
				<ele>13.928685739636421</ele>
				<time>2022-08-28T16:20:47Z</time>
			</trkpt>
			<trkpt lat="59.97132135109191" lon="30.30511555861049">
				<ele>11.825033275410533</ele>
				<time>2022-08-28T16:20:48Z</time>
			</trkpt>
			<trkpt lat="59.97127851467284" lon="30.30507857229702">
				<ele>10.909541357308626</ele>
				<time>2022-08-28T16:20:49Z</time>
			</trkpt>
			<trkpt lat="59.971241187476274" lon="30.305054214593405">
				<ele>10.082104713656008</ele>
				<time>2022-08-28T16:20:51Z</time>
			</trkpt>
			<trkpt lat="59.97121761405972" lon="30.30505135515655">
				<ele>10.529146626591682</ele>
				<time>2022-08-28T16:20:55Z</time>
			</trkpt>
			<trkpt lat="59.97119423721243" lon="30.305023046789707">
				<ele>10.603893254883587</ele>
				<time>2022-08-28T16:20:56Z</time>
			</trkpt>
			<trkpt lat="59.97123227342325" lon="30.30503260305172">
				<ele>6.594179452396929</ele>
				<time>2022-08-28T16:20:57Z</time>
			</trkpt>
			<trkpt lat="59.97125165106802" lon="30.305021003344333">
				<ele>3.8117005629464984</ele>
				<time>2022-08-28T16:20:59Z</time>
			</trkpt>
			<trkpt lat="59.971242268879024" lon="30.304978404575678">
				<ele>3.7567578088492155</ele>
				<time>2022-08-28T16:21:01Z</time>
			</trkpt>
			<trkpt lat="59.97123491896028" lon="30.30494114695085">
				<ele>5.547996784560382</ele>
				<time>2022-08-28T16:21:02Z</time>
			</trkpt>
			<trkpt lat="59.97123010012708" lon="30.304892920457096">
				<ele>5.2163220113143325</ele>
				<time>2022-08-28T16:21:04Z</time>
			</trkpt>
			<trkpt lat="59.97122285381904" lon="30.304854878724704">
				<ele>6.794181806966662</ele>
				<time>2022-08-28T16:21:07Z</time>
			</trkpt>
			<trkpt lat="59.9712311336625" lon="30.304808857909215">
				<ele>6.360776373185217</ele>
				<time>2022-08-28T16:21:09Z</time>
			</trkpt>
			<trkpt lat="59.971246815008385" lon="30.304786958966126">
				<ele>3.82343608699739</ele>
				<time>2022-08-28T16:21:10Z</time>
			</trkpt>
			<trkpt lat="59.97125865495472" lon="30.30474101758236">
				<ele>3.0672658793628216</ele>
				<time>2022-08-28T16:21:13Z</time>
			</trkpt>
			<trkpt lat="59.971246785082776" lon="30.304691469423158">
				<ele>1.8971081441268325</ele>
				<time>2022-08-28T16:21:15Z</time>
			</trkpt>
			<trkpt lat="59.971246821094084" lon="30.3046530682949">
				<ele>3.882248337380588</ele>
				<time>2022-08-28T16:21:17Z</time>
			</trkpt>
			<trkpt lat="59.97126606861692" lon="30.304597123240026">
				<ele>5.223627305589616</ele>
				<time>2022-08-28T16:21:20Z</time>
			</trkpt>
			<trkpt lat="59.97128087986435" lon="30.30457024165746">
				<ele>4.808795388787985</ele>
				<time>2022-08-28T16:21:22Z</time>
			</trkpt>
			<trkpt lat="59.97129639956886" lon="30.304523681577393">
				<ele>8.383482254110277</ele>
				<time>2022-08-28T16:21:24Z</time>
			</trkpt>
			<trkpt lat="59.97130570778431" lon="30.304480828469078">
				<ele>8.313553489744663</ele>
				<time>2022-08-28T16:21:27Z</time>
			</trkpt>
			<trkpt lat="59.97128053465402" lon="30.304448349593915">
				<ele>9.494011803530157</ele>
				<time>2022-08-28T16:21:29Z</time>
			</trkpt>
			<trkpt lat="59.97127782239262" lon="30.304396972451453">
				<ele>5.7283602468669415</ele>
				<time>2022-08-28T16:21:32Z</time>
			</trkpt>
			<trkpt lat="59.97128433460079" lon="30.304358662039895">
				<ele>4.556751588359475</ele>
				<time>2022-08-28T16:21:34Z</time>
			</trkpt>
			<trkpt lat="59.97128440888793" lon="30.30432031654686">
				<ele>3.0822909977287054</ele>
				<time>2022-08-28T16:21:36Z</time>
			</trkpt>
			<trkpt lat="59.971284218034896" lon="30.304254463236575">
				<ele>2.2463465984910727</ele>
				<time>2022-08-28T16:21:39Z</time>
			</trkpt>
			<trkpt lat="59.97128868464817" lon="30.304207577591757">
				<ele>1.5711496528238058</ele>
				<time>2022-08-28T16:21:42Z</time>
			</trkpt>
			<trkpt lat="59.97129541509834" lon="30.30414860782818">
				<ele>-1.4007628811523318</ele>
				<time>2022-08-28T16:21:45Z</time>
			</trkpt>
			<trkpt lat="59.97129432019403" lon="30.304101558630716">
				<ele>-2.3198934104293585</ele>
				<time>2022-08-28T16:21:47Z</time>
			</trkpt>
			<trkpt lat="59.97129829868215" lon="30.304047628596738">
				<ele>0.5118859382346272</ele>
				<time>2022-08-28T16:21:49Z</time>
			</trkpt>
			<trkpt lat="59.971310361445624" lon="30.304018485250914">
				<ele>-3.215054797939956</ele>
				<time>2022-08-28T16:21:52Z</time>
			</trkpt>
			<trkpt lat="59.971314392958625" lon="30.303980777712734">
				<ele>-0.6223871177062392</ele>
				<time>2022-08-28T16:21:53Z</time>
			</trkpt>
			<trkpt lat="59.9713034063347" lon="30.30392528316865">
				<ele>1.2676000259816647</ele>
				<time>2022-08-28T16:21:56Z</time>
			</trkpt>
			<trkpt lat="59.97129728731758" lon="30.303882644198403">
				<ele>2.4616504414007068</ele>
				<time>2022-08-28T16:21:58Z</time>
			</trkpt>
			<trkpt lat="59.971288751795946" lon="30.303837885022887">
				<ele>3.281982001848519</ele>
				<time>2022-08-28T16:22:00Z</time>
			</trkpt>
			<trkpt lat="59.97128943538532" lon="30.303801695757834">
				<ele>3.1063683750107884</ele>
				<time>2022-08-28T16:22:02Z</time>
			</trkpt>
			<trkpt lat="59.97128770892388" lon="30.303744715188316">
				<ele>6.683954534120858</ele>
				<time>2022-08-28T16:22:04Z</time>
			</trkpt>
			<trkpt lat="59.971280096018766" lon="30.303703990692693">
				<ele>4.3111479645594954</ele>
				<time>2022-08-28T16:22:06Z</time>
			</trkpt>
			<trkpt lat="59.97129332640516" lon="30.30367041806652">
				<ele>6.382096209563315</ele>
				<time>2022-08-28T16:22:07Z</time>
			</trkpt>
			<trkpt lat="59.97127948412958" lon="30.303638653699664">
				<ele>4.169287254102528</ele>
				<time>2022-08-28T16:22:09Z</time>
			</trkpt>
			<trkpt lat="59.9712714870713" lon="30.303578883464784">
				<ele>6.4471190944314</ele>
				<time>2022-08-28T16:22:12Z</time>
			</trkpt>
			<trkpt lat="59.971281782631046" lon="30.30353313863433">
				<ele>2.9941635159775615</ele>
				<time>2022-08-28T16:22:14Z</time>
			</trkpt>
			<trkpt lat="59.971278460695295" lon="30.303484416310464">
				<ele>5.213593020103872</ele>
				<time>2022-08-28T16:22:17Z</time>
			</trkpt>
			<trkpt lat="59.97122822948099" lon="30.303462906888416">
				<ele>4.532674257643521</ele>
				<time>2022-08-28T16:22:19Z</time>
			</trkpt>
			<trkpt lat="59.971232524414724" lon="30.303408078792575">
				<ele>2.245428671129048</ele>
				<time>2022-08-28T16:22:23Z</time>
			</trkpt>
			<trkpt lat="59.97119762064429" lon="30.303381875121563">
				<ele>1.8248757403343916</ele>
				<time>2022-08-28T16:22:25Z</time>
			</trkpt>
			<trkpt lat="59.97119574459503" lon="30.30333924079308">
				<ele>5.043558167293668</ele>
				<time>2022-08-28T16:22:28Z</time>
			</trkpt>
			<trkpt lat="59.97120834580945" lon="30.303309398309537">
				<ele>6.401927012950182</ele>
				<time>2022-08-28T16:22:29Z</time>
			</trkpt>
			<trkpt lat="59.97122874392259" lon="30.303261221821206">
				<ele>4.851481953635812</ele>
				<time>2022-08-28T16:22:31Z</time>
			</trkpt>
			<trkpt lat="59.971239226798154" lon="30.303226366870945">
				<ele>4.337207665666938</ele>
				<time>2022-08-28T16:22:33Z</time>
			</trkpt>
			<trkpt lat="59.971251642658494" lon="30.303181127290237">
				<ele>3.737384065054357</ele>
				<time>2022-08-28T16:22:35Z</time>
			</trkpt>
			<trkpt lat="59.971244972340266" lon="30.303139134293897">
				<ele>6.519847806543112</ele>
				<time>2022-08-28T16:22:37Z</time>
			</trkpt>
			<trkpt lat="59.97126150542431" lon="30.303095617527283">
				<ele>5.5415425738319755</ele>
				<time>2022-08-28T16:22:40Z</time>
			</trkpt>
			<trkpt lat="59.971276209148826" lon="30.30304336371158">
				<ele>5.717575679533184</ele>
				<time>2022-08-28T16:22:42Z</time>
			</trkpt>
			<trkpt lat="59.971277175135825" lon="30.303004687331658">
				<ele>1.5811312487348914</ele>
				<time>2022-08-28T16:22:45Z</time>
			</trkpt>
			<trkpt lat="59.97128465209542" lon="30.30295841319001">
				<ele>2.244757382199168</ele>
				<time>2022-08-28T16:22:47Z</time>
			</trkpt>
			<trkpt lat="59.971290970891374" lon="30.302905375036413">
				<ele>3.8079142896458507</ele>
				<time>2022-08-28T16:22:49Z</time>
			</trkpt>
			<trkpt lat="59.971294085014" lon="30.302851730479304">
				<ele>6.1448054779320955</ele>
				<time>2022-08-28T16:22:51Z</time>
			</trkpt>
			<trkpt lat="59.971308699685686" lon="30.30280152611468">
				<ele>4.7204506834968925</ele>
				<time>2022-08-28T16:22:54Z</time>
			</trkpt>
			<trkpt lat="59.971319301467446" lon="30.302728384065677">
				<ele>6.913138249889016</ele>
				<time>2022-08-28T16:22:56Z</time>
			</trkpt>
			<trkpt lat="59.97131089309947" lon="30.30269314054115">
				<ele>4.934110303409398</ele>
				<time>2022-08-28T16:22:59Z</time>
			</trkpt>
			<trkpt lat="59.9713138723466" lon="30.302633308329245">
				<ele>7.4887991566210985</ele>
				<time>2022-08-28T16:23:01Z</time>
			</trkpt>
			<trkpt lat="59.97130089182332" lon="30.302600005320947">
				<ele>4.770180354826152</ele>
				<time>2022-08-28T16:23:03Z</time>
			</trkpt>
			<trkpt lat="59.971298081077634" lon="30.302543299440003">
				<ele>6.1709961630403996</ele>
				<time>2022-08-28T16:23:05Z</time>
			</trkpt>
			<trkpt lat="59.97129298955673" lon="30.302502206511043">
				<ele>5.368274312466383</ele>
				<time>2022-08-28T16:23:07Z</time>
			</trkpt>
			<trkpt lat="59.97130362855198" lon="30.302445205289082">
				<ele>5.826228975318372</ele>
				<time>2022-08-28T16:23:09Z</time>
			</trkpt>
			<trkpt lat="59.971329363588" lon="30.302424130390868">
				<ele>5.481946510262787</ele>
				<time>2022-08-28T16:23:11Z</time>
			</trkpt>
			<trkpt lat="59.97135832364065" lon="30.302419050336244">
				<ele>4.720212026499212</ele>
				<time>2022-08-28T16:23:13Z</time>
			</trkpt>
			<trkpt lat="59.971384207373106" lon="30.302415495733847">
				<ele>7.159044273197651</ele>
				<time>2022-08-28T16:23:15Z</time>
			</trkpt>
			<trkpt lat="59.971416069910674" lon="30.30238299475059">
				<ele>5.7805292727425694</ele>
				<time>2022-08-28T16:23:17Z</time>
			</trkpt>
			<trkpt lat="59.97143856536148" lon="30.30236149678274">
				<ele>5.713003711774945</ele>
				<time>2022-08-28T16:23:19Z</time>
			</trkpt>
			<trkpt lat="59.97146072204883" lon="30.30232568809135">
				<ele>6.08930676151067</ele>
				<time>2022-08-28T16:23:21Z</time>
			</trkpt>
			<trkpt lat="59.97147837542134" lon="30.3023062156247">
				<ele>5.988338994793594</ele>
				<time>2022-08-28T16:23:23Z</time>
			</trkpt>
			<trkpt lat="59.97149691144048" lon="30.302255573288004">
				<ele>7.148439800366759</ele>
				<time>2022-08-28T16:23:26Z</time>
			</trkpt>
			<trkpt lat="59.97149365930687" lon="30.302208150418114">
				<ele>3.871434448286891</ele>
				<time>2022-08-28T16:23:28Z</time>
			</trkpt>
			<trkpt lat="59.971483585533" lon="30.302150325359136">
				<ele>3.7549782833084464</ele>
				<time>2022-08-28T16:23:30Z</time>
			</trkpt>
			<trkpt lat="59.97146641335756" lon="30.30212114575288">
				<ele>4.953995760530233</ele>
				<time>2022-08-28T16:23:32Z</time>
			</trkpt>
			<trkpt lat="59.971434343336085" lon="30.30210401275539">
				<ele>6.178115284070373</ele>
				<time>2022-08-28T16:23:35Z</time>
			</trkpt>
			<trkpt lat="59.97141029974185" lon="30.30212395367157">
				<ele>0.37584408465772867</ele>
				<time>2022-08-28T16:23:38Z</time>
			</trkpt>
			<trkpt lat="59.971391953417054" lon="30.30212519469634">
				<ele>1.5422763042151928</ele>
				<time>2022-08-28T16:23:39Z</time>
			</trkpt>
			<trkpt lat="59.97136754317338" lon="30.30211335203232">
				<ele>1.3478135028854012</ele>
				<time>2022-08-28T16:23:41Z</time>
			</trkpt>
			<trkpt lat="59.97134569224779" lon="30.30210924870676">
				<ele>3.9361219676211476</ele>
				<time>2022-08-28T16:23:42Z</time>
			</trkpt>
			<trkpt lat="59.97132059510791" lon="30.30212514551216">
				<ele>3.1382083669304848</ele>
				<time>2022-08-28T16:23:45Z</time>
			</trkpt>
			<trkpt lat="59.97130401468037" lon="30.30216922880846">
				<ele>3.9419656144455075</ele>
				<time>2022-08-28T16:23:47Z</time>
			</trkpt>
			<trkpt lat="59.9712846108841" lon="30.302181157229782">
				<ele>0.9700795337557793</ele>
				<time>2022-08-28T16:23:50Z</time>
			</trkpt>
			<trkpt lat="59.97130510628572" lon="30.302198287092665">
				<ele>0.9345897817984223</ele>
				<time>2022-08-28T16:23:55Z</time>
			</trkpt>
			<trkpt lat="59.97131099688416" lon="30.30224608867909">
				<ele>5.002386688254774</ele>
				<time>2022-08-28T16:23:57Z</time>
			</trkpt>
			<trkpt lat="59.971303123119256" lon="30.302206696661514">
				<ele>5.095434551127255</ele>
				<time>2022-08-28T16:23:59Z</time>
			</trkpt>
			<trkpt lat="59.971300992254996" lon="30.30216017242901">
				<ele>8.408911103382707</ele>
				<time>2022-08-28T16:24:00Z</time>
			</trkpt>
			<trkpt lat="59.97130833609723" lon="30.30212716408736">
				<ele>6.04415000975132</ele>
				<time>2022-08-28T16:24:02Z</time>
			</trkpt>
			<trkpt lat="59.97129058887878" lon="30.30209481546473">
				<ele>2.084666520357132</ele>
				<time>2022-08-28T16:24:17Z</time>
			</trkpt>
			<trkpt lat="59.97126725432734" lon="30.302093967873144">
				<ele>3.4496373189613223</ele>
				<time>2022-08-28T16:24:18Z</time>
			</trkpt>
			<trkpt lat="59.971243479550104" lon="30.302089118451242">
				<ele>3.1746294824406505</ele>
				<time>2022-08-28T16:24:20Z</time>
			</trkpt>
			<trkpt lat="59.9712233689817" lon="30.30209350993356">
				<ele>1.8840423338115215</ele>
				<time>2022-08-28T16:24:22Z</time>
			</trkpt>
			<trkpt lat="59.9712020161794" lon="30.30209159398481">
				<ele>1.4388510473072529</ele>
				<time>2022-08-28T16:24:23Z</time>
			</trkpt>
			<trkpt lat="59.971175224332775" lon="30.30208469362436">
				<ele>4.534147122874856</ele>
				<time>2022-08-28T16:24:25Z</time>
			</trkpt>
			<trkpt lat="59.97114883428944" lon="30.302081093520798">
				<ele>3.0521083008497953</ele>
				<time>2022-08-28T16:24:28Z</time>
			</trkpt>
			<trkpt lat="59.97112719306431" lon="30.302049139847135">
				<ele>4.137348358519375</ele>
				<time>2022-08-28T16:24:30Z</time>
			</trkpt>
			<trkpt lat="59.97110339954115" lon="30.302022390099317">
				<ele>3.3553273901343346</ele>
				<time>2022-08-28T16:24:32Z</time>
			</trkpt>
			<trkpt lat="59.97108352921002" lon="30.302017513542662">
				<ele>5.668557504191995</ele>
				<time>2022-08-28T16:24:34Z</time>
			</trkpt>
			<trkpt lat="59.9710645424125" lon="30.302007603551854">
				<ele>3.837411596439779</ele>
				<time>2022-08-28T16:24:36Z</time>
			</trkpt>
			<trkpt lat="59.971042374725414" lon="30.302001366862857">
				<ele>4.556486640125513</ele>
				<time>2022-08-28T16:24:39Z</time>
			</trkpt>
			<trkpt lat="59.97101984914046" lon="30.301998400410262">
				<ele>5.341165417805314</ele>
				<time>2022-08-28T16:24:41Z</time>
			</trkpt>
			<trkpt lat="59.970996209920955" lon="30.30198871287117">
				<ele>3.7942669969052076</ele>
				<time>2022-08-28T16:24:43Z</time>
			</trkpt>
			<trkpt lat="59.97096707498921" lon="30.30197335316618">
				<ele>4.972719859331846</ele>
				<time>2022-08-28T16:24:45Z</time>
			</trkpt>
			<trkpt lat="59.97094420760702" lon="30.301960307263165">
				<ele>5.464788653887808</ele>
				<time>2022-08-28T16:24:47Z</time>
			</trkpt>
			<trkpt lat="59.97092442225582" lon="30.301948710348732">
				<ele>2.3068917682394385</ele>
				<time>2022-08-28T16:24:49Z</time>
			</trkpt>
			<trkpt lat="59.970893853824045" lon="30.30194074920089">
				<ele>2.8168307337909937</ele>
				<time>2022-08-28T16:24:52Z</time>
			</trkpt>
			<trkpt lat="59.970875129281275" lon="30.301931230635628">
				<ele>4.290662330575287</ele>
				<time>2022-08-28T16:24:53Z</time>
			</trkpt>
			<trkpt lat="59.970853479996805" lon="30.301920776370956">
				<ele>3.0195907950401306</ele>
				<time>2022-08-28T16:24:55Z</time>
			</trkpt>
			<trkpt lat="59.97083570516226" lon="30.30191505253338">
				<ele>2.8077310221269727</ele>
				<time>2022-08-28T16:24:56Z</time>
			</trkpt>
			<trkpt lat="59.97080975939252" lon="30.301905647321366">
				<ele>4.679452339187264</ele>
				<time>2022-08-28T16:24:58Z</time>
			</trkpt>
			<trkpt lat="59.970791466195216" lon="30.301916975135164">
				<ele>0.8501234399154782</ele>
				<time>2022-08-28T16:25:00Z</time>
			</trkpt>
			<trkpt lat="59.97076947788199" lon="30.301906913854207">
				<ele>0.9997657360509038</ele>
				<time>2022-08-28T16:25:02Z</time>
			</trkpt>
			<trkpt lat="59.970743321784575" lon="30.30192411471955">
				<ele>3.812240251339972</ele>
				<time>2022-08-28T16:25:05Z</time>
			</trkpt>
			<trkpt lat="59.97071609887233" lon="30.301928096252436">
				<ele>4.065357432700694</ele>
				<time>2022-08-28T16:25:07Z</time>
			</trkpt>
			<trkpt lat="59.97069000126015" lon="30.301924936666627">
				<ele>6.771064585074782</ele>
				<time>2022-08-28T16:25:09Z</time>
			</trkpt>
			<trkpt lat="59.97066495296502" lon="30.301915047837618">
				<ele>4.3011160949245095</ele>
				<time>2022-08-28T16:25:11Z</time>
			</trkpt>
			<trkpt lat="59.97065579451698" lon="30.30188209964535">
				<ele>7.235010840930045</ele>
				<time>2022-08-28T16:25:12Z</time>
			</trkpt>
			<trkpt lat="59.970630142724055" lon="30.30184795322613">
				<ele>8.103564173914492</ele>
				<time>2022-08-28T16:25:14Z</time>
			</trkpt>
			<trkpt lat="59.970614821610475" lon="30.301829220397003">
				<ele>5.680612930096686</ele>
				<time>2022-08-28T16:25:16Z</time>
			</trkpt>
			<trkpt lat="59.970597936178066" lon="30.30179919807097">
				<ele>9.52418763935566</ele>
				<time>2022-08-28T16:25:17Z</time>
			</trkpt>
			<trkpt lat="59.970578547093474" lon="30.301781671115553">
				<ele>6.8697312427684665</ele>
				<time>2022-08-28T16:25:19Z</time>
			</trkpt>
			<trkpt lat="59.97055690185327" lon="30.301776931119644">
				<ele>7.923406069166958</ele>
				<time>2022-08-28T16:25:21Z</time>
			</trkpt>
			<trkpt lat="59.97054083941558" lon="30.30175777009072">
				<ele>6.0598564660176635</ele>
				<time>2022-08-28T16:25:23Z</time>
			</trkpt>
			<trkpt lat="59.97051678293763" lon="30.301752596536446">
				<ele>8.973745796829462</ele>
				<time>2022-08-28T16:25:25Z</time>
			</trkpt>
			<trkpt lat="59.97049462487026" lon="30.301750024953904">
				<ele>8.300247762352228</ele>
				<time>2022-08-28T16:25:28Z</time>
			</trkpt>
			<trkpt lat="59.97047613844207" lon="30.30173933364174">
				<ele>6.2992157861590385</ele>
				<time>2022-08-28T16:25:30Z</time>
			</trkpt>
			<trkpt lat="59.97045678847655" lon="30.301716270038508">
				<ele>8.09443006105721</ele>
				<time>2022-08-28T16:25:32Z</time>
			</trkpt>
			<trkpt lat="59.970426864745455" lon="30.301705562975165">
				<ele>5.84528290014714</ele>
				<time>2022-08-28T16:25:35Z</time>
			</trkpt>
			<trkpt lat="59.9704110346766" lon="30.301685794590878">
				<ele>6.446944132447243</ele>
				<time>2022-08-28T16:25:36Z</time>
			</trkpt>
			<trkpt lat="59.97039395814538" lon="30.301671690316088">
				<ele>8.92693658079952</ele>
				<time>2022-08-28T16:25:37Z</time>
			</trkpt>
			<trkpt lat="59.97036864808546" lon="30.301679927610316">
				<ele>4.435016442090273</ele>
				<time>2022-08-28T16:25:40Z</time>
			</trkpt>
			<trkpt lat="59.970337489652216" lon="30.301704024237008">
				<ele>4.5205190582200885</ele>
				<time>2022-08-28T16:25:44Z</time>
			</trkpt>
			<trkpt lat="59.97031676231527" lon="30.30170005475243">
				<ele>6.36244216747582</ele>
				<time>2022-08-28T16:25:45Z</time>
			</trkpt>
			<trkpt lat="59.970298429005396" lon="30.301684767455807">
				<ele>4.83386152703315</ele>
				<time>2022-08-28T16:25:48Z</time>
			</trkpt>
			<trkpt lat="59.970263843490905" lon="30.301660840795904">
				<ele>4.007574493996799</ele>
				<time>2022-08-28T16:25:50Z</time>
			</trkpt>
			<trkpt lat="59.97024035292794" lon="30.301642695058188">
				<ele>3.9402317786589265</ele>
				<time>2022-08-28T16:25:52Z</time>
			</trkpt>
			<trkpt lat="59.970221323264816" lon="30.30163883051136">
				<ele>3.9554078737273812</ele>
				<time>2022-08-28T16:25:53Z</time>
			</trkpt>
			<trkpt lat="59.97020586896446" lon="30.30161574925463">
				<ele>4.20981019269675</ele>
				<time>2022-08-28T16:25:55Z</time>
			</trkpt>
			<trkpt lat="59.970205429120625" lon="30.301576668690608">
				<ele>3.4025849821045995</ele>
				<time>2022-08-28T16:25:57Z</time>
			</trkpt>
			<trkpt lat="59.97020004887864" lon="30.30152749656193">
				<ele>4.560108597390354</ele>
				<time>2022-08-28T16:26:00Z</time>
			</trkpt>
			<trkpt lat="59.9701847758232" lon="30.30147400582624">
				<ele>5.054845171049237</ele>
				<time>2022-08-28T16:26:02Z</time>
			</trkpt>
			<trkpt lat="59.970155965398355" lon="30.301455285477402">
				<ele>4.151421084068716</ele>
				<time>2022-08-28T16:26:05Z</time>
			</trkpt>
			<trkpt lat="59.97012597507782" lon="30.301436409134578">
				<ele>4.986740350723267</ele>
				<time>2022-08-28T16:26:07Z</time>
			</trkpt>
			<trkpt lat="59.970106306919696" lon="30.301433755044606">
				<ele>5.097426903434098</ele>
				<time>2022-08-28T16:26:09Z</time>
			</trkpt>
			<trkpt lat="59.970083236458855" lon="30.301432035346043">
				<ele>6.426157341338694</ele>
				<time>2022-08-28T16:26:11Z</time>
			</trkpt>
			<trkpt lat="59.97006031296308" lon="30.30141639168735">
				<ele>6.177385655231774</ele>
				<time>2022-08-28T16:26:13Z</time>
			</trkpt>
			<trkpt lat="59.9700406873208" lon="30.30141394591216">
				<ele>7.568636410869658</ele>
				<time>2022-08-28T16:26:15Z</time>
			</trkpt>
			<trkpt lat="59.9700215984786" lon="30.30140388345856">
				<ele>5.210213005542755</ele>
				<time>2022-08-28T16:26:18Z</time>
			</trkpt>
			<trkpt lat="59.96999421075441" lon="30.30139260751447">
				<ele>4.532364438287914</ele>
				<time>2022-08-28T16:26:21Z</time>
			</trkpt>
			<trkpt lat="59.96997449418372" lon="30.301423488653978">
				<ele>2.604821288958192</ele>
				<time>2022-08-28T16:26:24Z</time>
			</trkpt>
			<trkpt lat="59.96995540171846" lon="30.30147005018185">
				<ele>3.2586547443643212</ele>
				<time>2022-08-28T16:26:27Z</time>
			</trkpt>
			<trkpt lat="59.96993492333447" lon="30.30148401778719">
				<ele>2.873621542006731</ele>
				<time>2022-08-28T16:26:29Z</time>
			</trkpt>
			<trkpt lat="59.96991859579886" lon="30.301449936426533">
				<ele>3.230741505511105</ele>
				<time>2022-08-28T16:26:31Z</time>
			</trkpt>
			<trkpt lat="59.969890833390636" lon="30.301412308986">
				<ele>3.712732346728444</ele>
				<time>2022-08-28T16:26:33Z</time>
			</trkpt>
			<trkpt lat="59.96987300390065" lon="30.301386835869092">
				<ele>3.019268061965704</ele>
				<time>2022-08-28T16:26:35Z</time>
			</trkpt>
			<trkpt lat="59.969857643175295" lon="30.301344468121812">
				<ele>2.8380298130214214</ele>
				<time>2022-08-28T16:26:38Z</time>
			</trkpt>
			<trkpt lat="59.96983832959336" lon="30.301327946805063">
				<ele>2.3468420384451747</ele>
				<time>2022-08-28T16:26:41Z</time>
			</trkpt>
			<trkpt lat="59.969824494323326" lon="30.30129513798429">
				<ele>1.981896210461855</ele>
				<time>2022-08-28T16:26:44Z</time>
			</trkpt>
			<trkpt lat="59.969811301396476" lon="30.301252421497296">
				<ele>0.4645764362066984</ele>
				<time>2022-08-28T16:26:46Z</time>
			</trkpt>
			<trkpt lat="59.96979168574901" lon="30.30121820801569">
				<ele>0.03467793110758066</ele>
				<time>2022-08-28T16:26:49Z</time>
			</trkpt>
			<trkpt lat="59.96976754965582" lon="30.301191621253853">
				<ele>1.4941351925954223</ele>
				<time>2022-08-28T16:26:50Z</time>
			</trkpt>
			<trkpt lat="59.969724106048965" lon="30.30113866622537">
				<ele>1.3589637912809849</ele>
				<time>2022-08-28T16:26:52Z</time>
			</trkpt>
			<trkpt lat="59.969708208482345" lon="30.301208384844994">
				<ele>-2.308697883039713</ele>
				<time>2022-08-28T16:26:54Z</time>
			</trkpt>
			<trkpt lat="59.96967465782073" lon="30.301218800062244">
				<ele>-1.5965357208624482</ele>
				<time>2022-08-28T16:26:56Z</time>
			</trkpt>
			<trkpt lat="59.969638336359324" lon="30.30124819342214">
				<ele>-0.2819130076095462</ele>
				<time>2022-08-28T16:26:58Z</time>
			</trkpt>
			<trkpt lat="59.96961494176654" lon="30.30126306335126">
				<ele>-0.7274096002802253</ele>
				<time>2022-08-28T16:26:59Z</time>
			</trkpt>
			<trkpt lat="59.96960392216896" lon="30.301212970879913">
				<ele>1.506844401359558</ele>
				<time>2022-08-28T16:27:01Z</time>
			</trkpt>
			<trkpt lat="59.96958488320833" lon="30.30123204229061">
				<ele>1.2180625330656767</ele>
				<time>2022-08-28T16:27:02Z</time>
			</trkpt>
			<trkpt lat="59.96960522547232" lon="30.301281741236938">
				<ele>-3.5549371410161257</ele>
				<time>2022-08-28T16:27:03Z</time>
			</trkpt>
			<trkpt lat="59.96959682416827" lon="30.301226669880194">
				<ele>-2.901573740877211</ele>
				<time>2022-08-28T16:27:05Z</time>
			</trkpt>
			<trkpt lat="59.96956291809756" lon="30.30116401262101">
				<ele>-1.5334991347044706</ele>
				<time>2022-08-28T16:27:07Z</time>
			</trkpt>
			<trkpt lat="59.96954787317423" lon="30.301123208963542">
				<ele>-2.9021440725773573</ele>
				<time>2022-08-28T16:27:10Z</time>
			</trkpt>
			<trkpt lat="59.969527171326654" lon="30.301103632106475">
				<ele>-10.998725379817188</ele>
				<time>2022-08-28T16:27:13Z</time>
			</trkpt>
			<trkpt lat="59.969512815730205" lon="30.30105306259534">
				<ele>-7.056661604903638</ele>
				<time>2022-08-28T16:27:15Z</time>
			</trkpt>
			<trkpt lat="59.96950448228123" lon="30.301000894611857">
				<ele>-7.156778306700289</ele>
				<time>2022-08-28T16:27:17Z</time>
			</trkpt>
			<trkpt lat="59.969491099309444" lon="30.300970287076105">
				<ele>-6.563457855954766</ele>
				<time>2022-08-28T16:27:18Z</time>
			</trkpt>
			<trkpt lat="59.96946237125436" lon="30.300941282110784">
				<ele>-4.310552031733096</ele>
				<time>2022-08-28T16:27:19Z</time>
			</trkpt>
			<trkpt lat="59.96941226698212" lon="30.300984087071008">
				<ele>-2.5980161735787988</ele>
				<time>2022-08-28T16:27:22Z</time>
			</trkpt>
			<trkpt lat="59.96937840236228" lon="30.300981601700837">
				<ele>-0.9091516062617302</ele>
				<time>2022-08-28T16:27:24Z</time>
			</trkpt>
			<trkpt lat="59.96935631507962" lon="30.300979324961077">
				<ele>-0.9198245955631137</ele>
				<time>2022-08-28T16:27:25Z</time>
			</trkpt>
			<trkpt lat="59.96931352677223" lon="30.30093979312991">
				<ele>1.632131521590054</ele>
				<time>2022-08-28T16:27:27Z</time>
			</trkpt>
			<trkpt lat="59.96931229682285" lon="30.300896743681097">
				<ele>1.7058103131130338</ele>
				<time>2022-08-28T16:27:30Z</time>
			</trkpt>
			<trkpt lat="59.9692797054813" lon="30.3008468105372">
				<ele>4.638885987922549</ele>
				<time>2022-08-28T16:27:32Z</time>
			</trkpt>
			<trkpt lat="59.96921407503671" lon="30.300820267881488">
				<ele>9.544346033595502</ele>
				<time>2022-08-28T16:27:36Z</time>
			</trkpt>
			<trkpt lat="59.96917113406864" lon="30.300801447992345">
				<ele>6.632920193485916</ele>
				<time>2022-08-28T16:27:39Z</time>
			</trkpt>
			<trkpt lat="59.9691213011255" lon="30.300749663636246">
				<ele>12.089210047386587</ele>
				<time>2022-08-28T16:27:41Z</time>
			</trkpt>
			<trkpt lat="59.96910060550632" lon="30.300775693945134">
				<ele>11.643206247128546</ele>
				<time>2022-08-28T16:27:42Z</time>
			</trkpt>
			<trkpt lat="59.96908014941032" lon="30.300752752567035">
				<ele>12.471978345885873</ele>
				<time>2022-08-28T16:27:46Z</time>
			</trkpt>
			<trkpt lat="59.96906844889003" lon="30.300781640017632">
				<ele>9.046773420646787</ele>
				<time>2022-08-28T16:27:48Z</time>
			</trkpt>
			<trkpt lat="59.96903007389858" lon="30.30080264789584">
				<ele>12.156320145353675</ele>
				<time>2022-08-28T16:27:50Z</time>
			</trkpt>
			<trkpt lat="59.9690023522464" lon="30.300807596723796">
				<ele>13.293727485463023</ele>
				<time>2022-08-28T16:27:51Z</time>
			</trkpt>
			<trkpt lat="59.96897936739664" lon="30.300780552692235">
				<ele>13.59645822364837</ele>
				<time>2022-08-28T16:27:55Z</time>
			</trkpt>
			<trkpt lat="59.96898614549077" lon="30.300746288360756">
				<ele>13.781456847675145</ele>
				<time>2022-08-28T16:27:57Z</time>
			</trkpt>
			<trkpt lat="59.9689760697082" lon="30.300694517159393">
				<ele>10.927600855007768</ele>
				<time>2022-08-28T16:27:59Z</time>
			</trkpt>
			<trkpt lat="59.968968113397956" lon="30.300649071591653">
				<ele>12.908884481526911</ele>
				<time>2022-08-28T16:28:01Z</time>
			</trkpt>
			<trkpt lat="59.96895979421375" lon="30.30060588340338">
				<ele>10.940024917013943</ele>
				<time>2022-08-28T16:28:02Z</time>
			</trkpt>
			<trkpt lat="59.968919161209946" lon="30.300549714638915">
				<ele>15.569772055372596</ele>
				<time>2022-08-28T16:28:05Z</time>
			</trkpt>
			<trkpt lat="59.968897709888125" lon="30.30051982531562">
				<ele>15.034391755238175</ele>
				<time>2022-08-28T16:28:08Z</time>
			</trkpt>
			<trkpt lat="59.96887145988204" lon="30.300507803609797">
				<ele>14.325996056199074</ele>
				<time>2022-08-28T16:28:11Z</time>
			</trkpt>
			<trkpt lat="59.9688561837328" lon="30.300479562024243">
				<ele>13.501083908602595</ele>
				<time>2022-08-28T16:28:13Z</time>
			</trkpt>
			<trkpt lat="59.96884441583418" lon="30.30044853446527">
				<ele>15.093586582690477</ele>
				<time>2022-08-28T16:28:14Z</time>
			</trkpt>
			<trkpt lat="59.96882762340947" lon="30.300418849632624">
				<ele>9.321909973397851</ele>
				<time>2022-08-28T16:28:17Z</time>
			</trkpt>
			<trkpt lat="59.96880724668466" lon="30.300435461818406">
				<ele>11.032580542378128</ele>
				<time>2022-08-28T16:28:18Z</time>
			</trkpt>
			<trkpt lat="59.96878406553258" lon="30.30044131948595">
				<ele>12.762138391844928</ele>
				<time>2022-08-28T16:28:19Z</time>
			</trkpt>
			<trkpt lat="59.96876450336089" lon="30.30045992210658">
				<ele>11.294498449191451</ele>
				<time>2022-08-28T16:28:21Z</time>
			</trkpt>
			<trkpt lat="59.96874757355826" lon="30.300425306340262">
				<ele>14.920951148495078</ele>
				<time>2022-08-28T16:28:23Z</time>
			</trkpt>
			<trkpt lat="59.96872750662698" lon="30.300396656994227">
				<ele>12.12771226465702</ele>
				<time>2022-08-28T16:28:26Z</time>
			</trkpt>
			<trkpt lat="59.968711712417864" lon="30.300375091113445">
				<ele>14.12435055244714</ele>
				<time>2022-08-28T16:28:27Z</time>
			</trkpt>
			<trkpt lat="59.96868288846823" lon="30.300321038000963">
				<ele>14.180429732427001</ele>
				<time>2022-08-28T16:28:30Z</time>
			</trkpt>
			<trkpt lat="59.968653262366274" lon="30.300308898902347">
				<ele>10.42775845527649</ele>
				<time>2022-08-28T16:28:35Z</time>
			</trkpt>
			<trkpt lat="59.96863099657737" lon="30.30028478191217">
				<ele>9.734489204362035</ele>
				<time>2022-08-28T16:28:37Z</time>
			</trkpt>
			<trkpt lat="59.968620808061736" lon="30.300232768573476">
				<ele>11.245182515121996</ele>
				<time>2022-08-28T16:28:38Z</time>
			</trkpt>
			<trkpt lat="59.96861337008183" lon="30.300269655463314">
				<ele>10.952662231400609</ele>
				<time>2022-08-28T16:28:39Z</time>
			</trkpt>
			<trkpt lat="59.968596738429554" lon="30.300223065223808">
				<ele>11.010273662395775</ele>
				<time>2022-08-28T16:28:41Z</time>
			</trkpt>
			<trkpt lat="59.96857301801455" lon="30.300169211238337">
				<ele>14.33397676050663</ele>
				<time>2022-08-28T16:28:43Z</time>
			</trkpt>
			<trkpt lat="59.96854390732466" lon="30.300130364934336">
				<ele>13.693391172215343</ele>
				<time>2022-08-28T16:28:46Z</time>
			</trkpt>
			<trkpt lat="59.968522390593826" lon="30.300164491411408">
				<ele>12.725391602143645</ele>
				<time>2022-08-28T16:28:48Z</time>
			</trkpt>
			<trkpt lat="59.968486729307095" lon="30.300114283172014">
				<ele>9.27064265590161</ele>
				<time>2022-08-28T16:28:50Z</time>
			</trkpt>
			<trkpt lat="59.968465220154286" lon="30.300111852232845">
				<ele>10.116993809118867</ele>
				<time>2022-08-28T16:28:55Z</time>
			</trkpt>
			<trkpt lat="59.968453714261365" lon="30.300074059083013">
				<ele>10.73730468377471</ele>
				<time>2022-08-28T16:28:56Z</time>
			</trkpt>
			<trkpt lat="59.96844424816629" lon="30.30004311872937">
				<ele>8.45123191177845</ele>
				<time>2022-08-28T16:28:59Z</time>
			</trkpt>
			<trkpt lat="59.96841375193182" lon="30.30002287358208">
				<ele>7.716256431303918</ele>
				<time>2022-08-28T16:29:02Z</time>
			</trkpt>
			<trkpt lat="59.96839476930401" lon="30.300017424212168">
				<ele>7.716549187898636</ele>
				<time>2022-08-28T16:29:03Z</time>
			</trkpt>
			<trkpt lat="59.968362240602595" lon="30.300003616798808">
				<ele>11.71562705654651</ele>
				<time>2022-08-28T16:29:04Z</time>
			</trkpt>
			<trkpt lat="59.96838111348809" lon="30.300040740031786">
				<ele>11.455978002399206</ele>
				<time>2022-08-28T16:29:05Z</time>
			</trkpt>
			<trkpt lat="59.96837275407259" lon="30.299867522276042">
				<ele>14.994976552203298</ele>
				<time>2022-08-28T16:29:07Z</time>
			</trkpt>
			<trkpt lat="59.968352779781014" lon="30.299857113080837">
				<ele>14.512265928089619</ele>
				<time>2022-08-28T16:29:10Z</time>
			</trkpt>
			<trkpt lat="59.968312801894385" lon="30.299757228691547">
				<ele>15.327209579758346</ele>
				<time>2022-08-28T16:29:12Z</time>
			</trkpt>
			<trkpt lat="59.96829103094617" lon="30.299735445379433">
				<ele>15.045843212865293</ele>
				<time>2022-08-28T16:29:14Z</time>
			</trkpt>
			<trkpt lat="59.968275131140054" lon="30.29976353293774">
				<ele>15.3314542286098</ele>
				<time>2022-08-28T16:29:15Z</time>
			</trkpt>
			<trkpt lat="59.96825765889558" lon="30.299776636678587">
				<ele>14.450160347856581</ele>
				<time>2022-08-28T16:29:17Z</time>
			</trkpt>
			<trkpt lat="59.96823705445799" lon="30.29972226992149">
				<ele>14.772985947318375</ele>
				<time>2022-08-28T16:29:20Z</time>
			</trkpt>
			<trkpt lat="59.96823310952222" lon="30.299682107462694">
				<ele>15.052486943081021</ele>
				<time>2022-08-28T16:29:22Z</time>
			</trkpt>
			<trkpt lat="59.9682255409285" lon="30.299647161933407">
				<ele>15.576815629377961</ele>
				<time>2022-08-28T16:29:23Z</time>
			</trkpt>
			<trkpt lat="59.96820893435791" lon="30.299629614693284">
				<ele>16.102230771444738</ele>
				<time>2022-08-28T16:29:24Z</time>
			</trkpt>
			<trkpt lat="59.96818450686101" lon="30.299595735618297">
				<ele>17.45021511707455</ele>
				<time>2022-08-28T16:29:26Z</time>
			</trkpt>
			<trkpt lat="59.96817304464579" lon="30.299556849022004">
				<ele>18.57909291703254</ele>
				<time>2022-08-28T16:29:27Z</time>
			</trkpt>
			<trkpt lat="59.96815961024017" lon="30.299531575770295">
				<ele>20.009291225112975</ele>
				<time>2022-08-28T16:29:28Z</time>
			</trkpt>
			<trkpt lat="59.96813397889344" lon="30.299463220836717">
				<ele>21.556170617230237</ele>
				<time>2022-08-28T16:29:30Z</time>
			</trkpt>
			<trkpt lat="59.96811522852191" lon="30.299450374822502">
				<ele>22.700534597970545</ele>
				<time>2022-08-28T16:29:31Z</time>
			</trkpt>
			<trkpt lat="59.96809617841543" lon="30.299448867595423">
				<ele>22.879647720605135</ele>
				<time>2022-08-28T16:29:33Z</time>
			</trkpt>
			<trkpt lat="59.968073228057015" lon="30.299418033063144">
				<ele>24.037997004576027</ele>
				<time>2022-08-28T16:29:35Z</time>
			</trkpt>
			<trkpt lat="59.96806079962805" lon="30.299371400646933">
				<ele>24.111983348615468</ele>
				<time>2022-08-28T16:29:37Z</time>
			</trkpt>
			<trkpt lat="59.968067681180095" lon="30.299316928240785">
				<ele>24.00227875355631</ele>
				<time>2022-08-28T16:29:38Z</time>
			</trkpt>
			<trkpt lat="59.96804760030619" lon="30.29930646359181">
				<ele>24.80411866120994</ele>
				<time>2022-08-28T16:29:40Z</time>
			</trkpt>
			<trkpt lat="59.96803126797806" lon="30.2993750526196">
				<ele>23.739376948215067</ele>
				<time>2022-08-28T16:29:42Z</time>
			</trkpt>
			<trkpt lat="59.96802656066195" lon="30.299424219255442">
				<ele>23.16119816713035</ele>
				<time>2022-08-28T16:29:43Z</time>
			</trkpt>
			<trkpt lat="59.96801792877287" lon="30.2994833426164">
				<ele>23.17085804231465</ele>
				<time>2022-08-28T16:29:45Z</time>
			</trkpt>
			<trkpt lat="59.96800664542387" lon="30.299527908378003">
				<ele>21.334477486088872</ele>
				<time>2022-08-28T16:29:47Z</time>
			</trkpt>
			<trkpt lat="59.96800947549845" lon="30.29956597007729">
				<ele>21.54124504327774</ele>
				<time>2022-08-28T16:29:48Z</time>
			</trkpt>
			<trkpt lat="59.968003974678886" lon="30.29962956676482">
				<ele>24.470683452673256</ele>
				<time>2022-08-28T16:29:49Z</time>
			</trkpt>
			<trkpt lat="59.96800113928377" lon="30.29967671513969">
				<ele>25.46385765168816</ele>
				<time>2022-08-28T16:29:50Z</time>
			</trkpt>
			<trkpt lat="59.96801223026988" lon="30.299719521918064">
				<ele>18.500861959531903</ele>
				<time>2022-08-28T16:29:51Z</time>
			</trkpt>
			<trkpt lat="59.96799254814557" lon="30.299734016318926">
				<ele>19.91059539653361</ele>
				<time>2022-08-28T16:29:52Z</time>
			</trkpt>
			<trkpt lat="59.96798158939816" lon="30.29977804880825">
				<ele>19.620196972973645</ele>
				<time>2022-08-28T16:29:53Z</time>
			</trkpt>
			<trkpt lat="59.967963217600065" lon="30.29980936571804">
				<ele>19.858378424309194</ele>
				<time>2022-08-28T16:29:54Z</time>
			</trkpt>
			<trkpt lat="59.967972919823545" lon="30.299859060693016">
				<ele>18.63643590454012</ele>
				<time>2022-08-28T16:29:55Z</time>
			</trkpt>
			<trkpt lat="59.967962701837486" lon="30.29989719730688">
				<ele>18.42919061612338</ele>
				<time>2022-08-28T16:29:56Z</time>
			</trkpt>
			<trkpt lat="59.967953654816384" lon="30.299967193090033">
				<ele>18.78647973574698</ele>
				<time>2022-08-28T16:29:58Z</time>
			</trkpt>
			<trkpt lat="59.96796311190553" lon="30.300002514784232">
				<ele>14.800710794515908</ele>
				<time>2022-08-28T16:29:59Z</time>
			</trkpt>
			<trkpt lat="59.96796454342592" lon="30.300041610404524">
				<ele>11.113112996332347</ele>
				<time>2022-08-28T16:30:01Z</time>
			</trkpt>
			<trkpt lat="59.967944698513456" lon="30.300059771159688">
				<ele>11.156855788081884</ele>
				<time>2022-08-28T16:30:02Z</time>
			</trkpt>
			<trkpt lat="59.96792219349629" lon="30.300121595338393">
				<ele>12.625404152087867</ele>
				<time>2022-08-28T16:30:04Z</time>
			</trkpt>
			<trkpt lat="59.96794416123924" lon="30.300125603822064">
				<ele>10.563848078250885</ele>
				<time>2022-08-28T16:30:05Z</time>
			</trkpt>
			<trkpt lat="59.96792594471134" lon="30.300171546062476">
				<ele>10.549803961068392</ele>
				<time>2022-08-28T16:30:07Z</time>
			</trkpt>
			<trkpt lat="59.96795003795956" lon="30.3001825920938">
				<ele>5.099861955270171</ele>
				<time>2022-08-28T16:30:09Z</time>
			</trkpt>
			<trkpt lat="59.967947434238" lon="30.300218415522448">
				<ele>7.015763218514621</ele>
				<time>2022-08-28T16:30:10Z</time>
			</trkpt>
			<trkpt lat="59.96794465997753" lon="30.300276347232398">
				<ele>6.96914963517338</ele>
				<time>2022-08-28T16:30:12Z</time>
			</trkpt>
			<trkpt lat="59.96793566198698" lon="30.300320422606507">
				<ele>8.046293143182993</ele>
				<time>2022-08-28T16:30:14Z</time>
			</trkpt>
			<trkpt lat="59.967924652006616" lon="30.30035181836546">
				<ele>6.867501983419061</ele>
				<time>2022-08-28T16:30:16Z</time>
			</trkpt>
			<trkpt lat="59.96791148678798" lon="30.300414221996814">
				<ele>6.732006737962365</ele>
				<time>2022-08-28T16:30:19Z</time>
			</trkpt>
			<trkpt lat="59.967893081966444" lon="30.30044202638651">
				<ele>6.132992498576641</ele>
				<time>2022-08-28T16:30:21Z</time>
			</trkpt>
			<trkpt lat="59.9678628465695" lon="30.30044392232962">
				<ele>5.090089427307248</ele>
				<time>2022-08-28T16:30:23Z</time>
			</trkpt>
			<trkpt lat="59.9678385683625" lon="30.30046285872774">
				<ele>1.1479273606091738</ele>
				<time>2022-08-28T16:30:26Z</time>
			</trkpt>
			<trkpt lat="59.96782150476858" lon="30.30048306677976">
				<ele>1.6856386177241802</ele>
				<time>2022-08-28T16:30:27Z</time>
			</trkpt>
			<trkpt lat="59.967800446912335" lon="30.3005023455463">
				<ele>4.148061504587531</ele>
				<time>2022-08-28T16:30:28Z</time>
			</trkpt>
			<trkpt lat="59.96780544637848" lon="30.300543014193998">
				<ele>2.170568997040391</ele>
				<time>2022-08-28T16:30:30Z</time>
			</trkpt>
			<trkpt lat="59.96779137767132" lon="30.300583331089044">
				<ele>5.893258906900883</ele>
				<time>2022-08-28T16:30:32Z</time>
			</trkpt>
			<trkpt lat="59.9677840038106" lon="30.30061848987774">
				<ele>-0.11360419634729624</ele>
				<time>2022-08-28T16:30:34Z</time>
			</trkpt>
			<trkpt lat="59.967764073764315" lon="30.300647215996868">
				<ele>1.2068671714514494</ele>
				<time>2022-08-28T16:30:36Z</time>
			</trkpt>
			<trkpt lat="59.96776127512228" lon="30.30068989616174">
				<ele>1.1718271123245358</ele>
				<time>2022-08-28T16:30:38Z</time>
			</trkpt>
			<trkpt lat="59.967745576987554" lon="30.300712952550004">
				<ele>1.1691240509971976</ele>
				<time>2022-08-28T16:30:39Z</time>
			</trkpt>
			<trkpt lat="59.96773190096914" lon="30.300750434641657">
				<ele>4.491047626361251</ele>
				<time>2022-08-28T16:30:41Z</time>
			</trkpt>
			<trkpt lat="59.96773233231055" lon="30.300804253579596">
				<ele>-3.3138965871185064</ele>
				<time>2022-08-28T16:30:44Z</time>
			</trkpt>
			<trkpt lat="59.967709852900846" lon="30.300827477966422">
				<ele>1.6865811264142394</ele>
				<time>2022-08-28T16:30:46Z</time>
			</trkpt>
			<trkpt lat="59.967678227986156" lon="30.300879934628316">
				<ele>4.095091937109828</ele>
				<time>2022-08-28T16:30:49Z</time>
			</trkpt>
			<trkpt lat="59.96762977656834" lon="30.30089209783738">
				<ele>5.731122478842735</ele>
				<time>2022-08-28T16:30:50Z</time>
			</trkpt>
			<trkpt lat="59.96763193778275" lon="30.300955996345824">
				<ele>-0.4351749662309885</ele>
				<time>2022-08-28T16:30:53Z</time>
			</trkpt>
			<trkpt lat="59.967611852760925" lon="30.300983985015304">
				<ele>2.7756571723148227</ele>
				<time>2022-08-28T16:30:55Z</time>
			</trkpt>
			<trkpt lat="59.9676023335178" lon="30.30102729794554">
				<ele>1.9335697870701551</ele>
				<time>2022-08-28T16:30:57Z</time>
			</trkpt>
			<trkpt lat="59.967625458407184" lon="30.301036750386704">
				<ele>2.287958980537951</ele>
				<time>2022-08-28T16:30:58Z</time>
			</trkpt>
			<trkpt lat="59.96762504351547" lon="30.301102381756195">
				<ele>4.173440565355122</ele>
				<time>2022-08-28T16:31:00Z</time>
			</trkpt>
			<trkpt lat="59.96760755994827" lon="30.30112073894178">
				<ele>-1.3385110339149833</ele>
				<time>2022-08-28T16:31:02Z</time>
			</trkpt>
			<trkpt lat="59.96758749010402" lon="30.30111441298256">
				<ele>0.7152733486145735</ele>
				<time>2022-08-28T16:31:03Z</time>
			</trkpt>
			<trkpt lat="59.967560212865386" lon="30.301130502640625">
				<ele>2.676347326487303</ele>
				<time>2022-08-28T16:31:05Z</time>
			</trkpt>
			<trkpt lat="59.967536872607425" lon="30.301153052170793">
				<ele>1.4837984154000878</ele>
				<time>2022-08-28T16:31:07Z</time>
			</trkpt>
			<trkpt lat="59.967503962215915" lon="30.301121958234834">
				<ele>2.7845861930400133</ele>
				<time>2022-08-28T16:31:09Z</time>
			</trkpt>
			<trkpt lat="59.96749990832866" lon="30.301075020725207">
				<ele>-0.6526326462626457</ele>
				<time>2022-08-28T16:31:11Z</time>
			</trkpt>
			<trkpt lat="59.967475910131206" lon="30.301052504174486">
				<ele>0.9662108607590199</ele>
				<time>2022-08-28T16:31:13Z</time>
			</trkpt>
			<trkpt lat="59.96745707806537" lon="30.30104055283882">
				<ele>1.1616667183116078</ele>
				<time>2022-08-28T16:31:15Z</time>
			</trkpt>
			<trkpt lat="59.967430753372355" lon="30.30101504616562">
				<ele>0.5066435458138585</ele>
				<time>2022-08-28T16:31:17Z</time>
			</trkpt>
			<trkpt lat="59.967413658138156" lon="30.30107770858216">
				<ele>0.6244093449786305</ele>
				<time>2022-08-28T16:31:20Z</time>
			</trkpt>
			<trkpt lat="59.967404982357046" lon="30.301118404064084">
				<ele>3.250421659089625</ele>
				<time>2022-08-28T16:31:22Z</time>
			</trkpt>
			<trkpt lat="59.9673960882011" lon="30.301151292417565">
				<ele>3.0564558459445834</ele>
				<time>2022-08-28T16:31:23Z</time>
			</trkpt>
			<trkpt lat="59.96737275372892" lon="30.30118831251437">
				<ele>2.0318616442382336</ele>
				<time>2022-08-28T16:31:25Z</time>
			</trkpt>
			<trkpt lat="59.96735505488878" lon="30.30124761215509">
				<ele>0.15395543444901705</ele>
				<time>2022-08-28T16:31:27Z</time>
			</trkpt>
			<trkpt lat="59.96734539048291" lon="30.301288230857715">
				<ele>2.2988934172317386</ele>
				<time>2022-08-28T16:31:28Z</time>
			</trkpt>
			<trkpt lat="59.96734601784638" lon="30.30132803742644">
				<ele>5.302027175202966</ele>
				<time>2022-08-28T16:31:29Z</time>
			</trkpt>
			<trkpt lat="59.96732573239091" lon="30.301373575621025">
				<ele>1.396988763473928</ele>
				<time>2022-08-28T16:31:30Z</time>
			</trkpt>
			<trkpt lat="59.96730931674539" lon="30.30142242102786">
				<ele>-0.9770550932735205</ele>
				<time>2022-08-28T16:31:32Z</time>
			</trkpt>
			<trkpt lat="59.96728659158026" lon="30.301471837047874">
				<ele>-0.13438699953258038</ele>
				<time>2022-08-28T16:31:34Z</time>
			</trkpt>
			<trkpt lat="59.967268557880736" lon="30.301516547533737">
				<ele>-0.5334659265354276</ele>
				<time>2022-08-28T16:31:36Z</time>
			</trkpt>
			<trkpt lat="59.96725917448064" lon="30.301578899222402">
				<ele>-0.8748233634978533</ele>
				<time>2022-08-28T16:31:38Z</time>
			</trkpt>
			<trkpt lat="59.96725682282675" lon="30.301614873050042">
				<ele>2.4123961376026273</ele>
				<time>2022-08-28T16:31:40Z</time>
			</trkpt>
			<trkpt lat="59.96723764592704" lon="30.30162836684027">
				<ele>-1.6598259434103966</ele>
				<time>2022-08-28T16:31:41Z</time>
			</trkpt>
			<trkpt lat="59.96722227548227" lon="30.301666271694224">
				<ele>-3.1044506207108498</ele>
				<time>2022-08-28T16:31:44Z</time>
			</trkpt>
			<trkpt lat="59.96719500695538" lon="30.301696552299617">
				<ele>-0.08419518731534481</ele>
				<time>2022-08-28T16:31:46Z</time>
			</trkpt>
			<trkpt lat="59.96718427283141" lon="30.30173715207619">
				<ele>-0.6809048233553767</ele>
				<time>2022-08-28T16:31:48Z</time>
			</trkpt>
			<trkpt lat="59.967175124195926" lon="30.301792574256243">
				<ele>0.6272145379334688</ele>
				<time>2022-08-28T16:31:50Z</time>
			</trkpt>
			<trkpt lat="59.96715379155812" lon="30.30182774598358">
				<ele>-4.987234299071133</ele>
				<time>2022-08-28T16:31:52Z</time>
			</trkpt>
			<trkpt lat="59.96713813568165" lon="30.301862816146127">
				<ele>-1.7898734416812658</ele>
				<time>2022-08-28T16:31:56Z</time>
			</trkpt>
			<trkpt lat="59.96711931689205" lon="30.301884318324504">
				<ele>-1.4410133073106408</ele>
				<time>2022-08-28T16:31:59Z</time>
			</trkpt>
			<trkpt lat="59.96711986050839" lon="30.301926552870864">
				<ele>-2.2926282696425915</ele>
				<time>2022-08-28T16:32:01Z</time>
			</trkpt>
			<trkpt lat="59.96709978756136" lon="30.30194198590469">
				<ele>-6.548290957696736</ele>
				<time>2022-08-28T16:32:02Z</time>
			</trkpt>
			<trkpt lat="59.96708718553527" lon="30.301969351519755">
				<ele>-5.054789397865534</ele>
				<time>2022-08-28T16:32:04Z</time>
			</trkpt>
			<trkpt lat="59.96707362029824" lon="30.30199855012494">
				<ele>-5.337652174755931</ele>
				<time>2022-08-28T16:32:06Z</time>
			</trkpt>
			<trkpt lat="59.96705959404984" lon="30.30202787287811">
				<ele>-2.5119536127895117</ele>
				<time>2022-08-28T16:32:07Z</time>
			</trkpt>
			<trkpt lat="59.96704441094675" lon="30.302075619442938">
				<ele>-4.047659032046795</ele>
				<time>2022-08-28T16:32:09Z</time>
			</trkpt>
			<trkpt lat="59.967033617314044" lon="30.30210941000262">
				<ele>-4.3320495234802365</ele>
				<time>2022-08-28T16:32:11Z</time>
			</trkpt>
			<trkpt lat="59.967014144553346" lon="30.302122845927794">
				<ele>-6.392753020860255</ele>
				<time>2022-08-28T16:32:13Z</time>
			</trkpt>
			<trkpt lat="59.96699412273384" lon="30.30214778713718">
				<ele>-5.794590290635824</ele>
				<time>2022-08-28T16:32:16Z</time>
			</trkpt>
			<trkpt lat="59.96699545740899" lon="30.30221384263537">
				<ele>-0.8234540550038218</ele>
				<time>2022-08-28T16:32:18Z</time>
			</trkpt>
			<trkpt lat="59.966990204234804" lon="30.302271397534835">
				<ele>0.423118744045496</ele>
				<time>2022-08-28T16:32:20Z</time>
			</trkpt>
			<trkpt lat="59.966982675580155" lon="30.30231130552205">
				<ele>2.8377742525190115</ele>
				<time>2022-08-28T16:32:22Z</time>
			</trkpt>
			<trkpt lat="59.9669659387192" lon="30.302335679836705">
				<ele>4.166240917518735</ele>
				<time>2022-08-28T16:32:25Z</time>
			</trkpt>
			<trkpt lat="59.966941529869736" lon="30.302380125175578">
				<ele>5.705522179603577</ele>
				<time>2022-08-28T16:32:27Z</time>
			</trkpt>
			<trkpt lat="59.96692907484124" lon="30.30241443088489">
				<ele>6.673398463986814</ele>
				<time>2022-08-28T16:32:30Z</time>
			</trkpt>
			<trkpt lat="59.966922235010436" lon="30.302453095378237">
				<ele>6.39679741114378</ele>
				<time>2022-08-28T16:32:31Z</time>
			</trkpt>
			<trkpt lat="59.96691468588504" lon="30.30251868603339">
				<ele>7.491796153597534</ele>
				<time>2022-08-28T16:32:32Z</time>
			</trkpt>
			<trkpt lat="59.96689616019509" lon="30.3025308234961">
				<ele>7.229760305956006</ele>
				<time>2022-08-28T16:32:34Z</time>
			</trkpt>
			<trkpt lat="59.96687492089482" lon="30.302536098059587">
				<ele>4.871975873596966</ele>
				<time>2022-08-28T16:32:36Z</time>
			</trkpt>
			<trkpt lat="59.96684200426337" lon="30.302559233864667">
				<ele>5.772431186400354</ele>
				<time>2022-08-28T16:32:37Z</time>
			</trkpt>
			<trkpt lat="59.96681700903477" lon="30.30259925709248">
				<ele>6.535437016747892</ele>
				<time>2022-08-28T16:32:39Z</time>
			</trkpt>
			<trkpt lat="59.966845163578846" lon="30.302596421467886">
				<ele>6.221886542625725</ele>
				<time>2022-08-28T16:32:41Z</time>
			</trkpt>
			<trkpt lat="59.96685967056823" lon="30.302636815834795">
				<ele>-0.3283434249460697</ele>
				<time>2022-08-28T16:32:44Z</time>
			</trkpt>
			<trkpt lat="59.96687537309093" lon="30.302666043202848">
				<ele>-0.009226956404745579</ele>
				<time>2022-08-28T16:32:45Z</time>
			</trkpt>
			<trkpt lat="59.96689762001299" lon="30.30270027617969">
				<ele>0.13479336723685265</ele>
				<time>2022-08-28T16:32:47Z</time>
			</trkpt>
			<trkpt lat="59.96691689905591" lon="30.302736851335943">
				<ele>1.0657426780089736</ele>
				<time>2022-08-28T16:32:49Z</time>
			</trkpt>
			<trkpt lat="59.96689962947588" lon="30.302787896026636">
				<ele>1.0519878771156073</ele>
				<time>2022-08-28T16:32:53Z</time>
			</trkpt>
			<trkpt lat="59.96688728707298" lon="30.3028156092008">
				<ele>1.6829378716647625</ele>
				<time>2022-08-28T16:32:55Z</time>
			</trkpt>
			<trkpt lat="59.96688954749536" lon="30.3028542154673">
				<ele>1.9318667044863105</ele>
				<time>2022-08-28T16:32:56Z</time>
			</trkpt>
			<trkpt lat="59.96690731259344" lon="30.302881778014378">
				<ele>1.8190000373870134</ele>
				<time>2022-08-28T16:33:00Z</time>
			</trkpt>
			<trkpt lat="59.96688003435411" lon="30.302920449743695">
				<ele>3.2328370278701186</ele>
				<time>2022-08-28T16:33:03Z</time>
			</trkpt>
			<trkpt lat="59.966857786394776" lon="30.302927476417175">
				<ele>2.09793752245605</ele>
				<time>2022-08-28T16:33:04Z</time>
			</trkpt>
			<trkpt lat="59.96683826278038" lon="30.302920226584916">
				<ele>1.5465391920879483</ele>
				<time>2022-08-28T16:33:05Z</time>
			</trkpt>
			<trkpt lat="59.96681689139175" lon="30.302943567096737">
				<ele>1.63255085516721</ele>
				<time>2022-08-28T16:33:08Z</time>
			</trkpt>
			<trkpt lat="59.96679924886059" lon="30.302953471455506">
				<ele>1.3049477152526379</ele>
				<time>2022-08-28T16:33:09Z</time>
			</trkpt>
			<trkpt lat="59.966778218110704" lon="30.302972764456737">
				<ele>-2.7673237398266792</ele>
				<time>2022-08-28T16:33:13Z</time>
			</trkpt>
			<trkpt lat="59.966765355706386" lon="30.303002867363272">
				<ele>-1.8947825394570827</ele>
				<time>2022-08-28T16:33:15Z</time>
			</trkpt>
			<trkpt lat="59.9667488966991" lon="30.303039472119977">
				<ele>0.3061991836875677</ele>
				<time>2022-08-28T16:33:16Z</time>
			</trkpt>
			<trkpt lat="59.96673058971463" lon="30.303088295435007">
				<ele>2.1355831315740943</ele>
				<time>2022-08-28T16:33:17Z</time>
			</trkpt>
			<trkpt lat="59.96671491167388" lon="30.303122524861713">
				<ele>1.4945515263825655</ele>
				<time>2022-08-28T16:33:19Z</time>
			</trkpt>
			<trkpt lat="59.966701511847525" lon="30.30316169926863">
				<ele>3.9237424386665225</ele>
				<time>2022-08-28T16:33:21Z</time>
			</trkpt>
			<trkpt lat="59.96669643954533" lon="30.303205448323087">
				<ele>2.0825921408832073</ele>
				<time>2022-08-28T16:33:24Z</time>
			</trkpt>
			<trkpt lat="59.96668832963835" lon="30.303254836417253">
				<ele>4.897488285787404</ele>
				<time>2022-08-28T16:33:26Z</time>
			</trkpt>
			<trkpt lat="59.96668038370134" lon="30.30328841234766">
				<ele>4.018737452104688</ele>
				<time>2022-08-28T16:33:27Z</time>
			</trkpt>
			<trkpt lat="59.96665792202601" lon="30.30330152761379">
				<ele>3.2181449942290783</ele>
				<time>2022-08-28T16:33:29Z</time>
			</trkpt>
			<trkpt lat="59.96664866966796" lon="30.303337536231247">
				<ele>-0.3937263125553727</ele>
				<time>2022-08-28T16:33:31Z</time>
			</trkpt>
			<trkpt lat="59.966646235096825" lon="30.303384884684796">
				<ele>2.9751197108998895</ele>
				<time>2022-08-28T16:33:33Z</time>
			</trkpt>
			<trkpt lat="59.96663800978307" lon="30.30343078816323">
				<ele>2.3143872283399105</ele>
				<time>2022-08-28T16:33:35Z</time>
			</trkpt>
			<trkpt lat="59.96662002064203" lon="30.303448217064958">
				<ele>6.2005794970318675</ele>
				<time>2022-08-28T16:33:38Z</time>
			</trkpt>
			<trkpt lat="59.966602129860135" lon="30.303520907461504">
				<ele>5.191352586261928</ele>
				<time>2022-08-28T16:33:41Z</time>
			</trkpt>
			<trkpt lat="59.96658792399411" lon="30.303555845572145">
				<ele>4.175597362220287</ele>
				<time>2022-08-28T16:33:44Z</time>
			</trkpt>
			<trkpt lat="59.96657673884141" lon="30.303589571645805">
				<ele>3.834266494959593</ele>
				<time>2022-08-28T16:33:46Z</time>
			</trkpt>
			<trkpt lat="59.96656086458128" lon="30.303607200242894">
				<ele>3.7639763206243515</ele>
				<time>2022-08-28T16:33:47Z</time>
			</trkpt>
			<trkpt lat="59.96653598180421" lon="30.303642998552103">
				<ele>4.892207673750818</ele>
				<time>2022-08-28T16:33:49Z</time>
			</trkpt>
			<trkpt lat="59.96651351465565" lon="30.303653173121027">
				<ele>4.886487075127661</ele>
				<time>2022-08-28T16:33:51Z</time>
			</trkpt>
			<trkpt lat="59.96647679051188" lon="30.303675887605532">
				<ele>5.231338842771947</ele>
				<time>2022-08-28T16:33:53Z</time>
			</trkpt>
			<trkpt lat="59.96647114593984" lon="30.30372151792362">
				<ele>1.3913411209359765</ele>
				<time>2022-08-28T16:33:55Z</time>
			</trkpt>
			<trkpt lat="59.96646887952969" lon="30.303684733334894">
				<ele>-4.107460315339267</ele>
				<time>2022-08-28T16:33:56Z</time>
			</trkpt>
			<trkpt lat="59.96645622272" lon="30.303717069608062">
				<ele>-0.8972298726439476</ele>
				<time>2022-08-28T16:33:58Z</time>
			</trkpt>
			<trkpt lat="59.96644727862368" lon="30.303749426317772">
				<ele>0.1549933860078454</ele>
				<time>2022-08-28T16:34:00Z</time>
			</trkpt>
			<trkpt lat="59.9664554622408" lon="30.303798247020943">
				<ele>-0.047677056863904</ele>
				<time>2022-08-28T16:34:01Z</time>
			</trkpt>
			<trkpt lat="59.9664513673853" lon="30.303847419373696">
				<ele>-0.023018856532871723</ele>
				<time>2022-08-28T16:34:02Z</time>
			</trkpt>
			<trkpt lat="59.96645910726953" lon="30.303891217275893">
				<ele>2.9783419724553823</ele>
				<time>2022-08-28T16:34:04Z</time>
			</trkpt>
			<trkpt lat="59.9664345284087" lon="30.30392516976281">
				<ele>0.19793964456766844</ele>
				<time>2022-08-28T16:34:07Z</time>
			</trkpt>
			<trkpt lat="59.96641835478509" lon="30.303952946103877">
				<ele>-0.34235351625829935</ele>
				<time>2022-08-28T16:34:08Z</time>
			</trkpt>
			<trkpt lat="59.96641179924322" lon="30.30398817644478">
				<ele>0.981256639584899</ele>
				<time>2022-08-28T16:34:10Z</time>
			</trkpt>
			<trkpt lat="59.96639971861028" lon="30.30402951376239">
				<ele>0.5065711680799723</ele>
				<time>2022-08-28T16:34:12Z</time>
			</trkpt>
			<trkpt lat="59.966377399025085" lon="30.304062239405443">
				<ele>3.845819417387247</ele>
				<time>2022-08-28T16:34:14Z</time>
			</trkpt>
			<trkpt lat="59.96634251072631" lon="30.30409242975446">
				<ele>6.034661297686398</ele>
				<time>2022-08-28T16:34:15Z</time>
			</trkpt>
			<trkpt lat="59.966348891906215" lon="30.304137391715862">
				<ele>3.1480042673647404</ele>
				<time>2022-08-28T16:34:19Z</time>
			</trkpt>
			<trkpt lat="59.9663307155168" lon="30.30415566957335">
				<ele>2.8067761082202196</ele>
				<time>2022-08-28T16:34:20Z</time>
			</trkpt>
			<trkpt lat="59.96632185455883" lon="30.30421259620841">
				<ele>3.640300275757909</ele>
				<time>2022-08-28T16:34:21Z</time>
			</trkpt>
			<trkpt lat="59.96631820846576" lon="30.304251620793575">
				<ele>0.4165060259401798</ele>
				<time>2022-08-28T16:34:23Z</time>
			</trkpt>
			<trkpt lat="59.96632546878751" lon="30.30428947567966">
				<ele>1.438954041339457</ele>
				<time>2022-08-28T16:34:25Z</time>
			</trkpt>
			<trkpt lat="59.96631977913003" lon="30.30434350639024">
				<ele>1.7534132953733206</ele>
				<time>2022-08-28T16:34:28Z</time>
			</trkpt>
			<trkpt lat="59.96631008576657" lon="30.3044090645767">
				<ele>7.124247994273901</ele>
				<time>2022-08-28T16:34:32Z</time>
			</trkpt>
			<trkpt lat="59.96628573686244" lon="30.304415374844577">
				<ele>8.006604304537177</ele>
				<time>2022-08-28T16:34:34Z</time>
			</trkpt>
			<trkpt lat="59.96625649295118" lon="30.30441710685768">
				<ele>6.782293288037181</ele>
				<time>2022-08-28T16:34:36Z</time>
			</trkpt>
			<trkpt lat="59.96623641419031" lon="30.30444154988503">
				<ele>7.240468703210354</ele>
				<time>2022-08-28T16:34:39Z</time>
			</trkpt>
			<trkpt lat="59.966213653258286" lon="30.30445208645715">
				<ele>8.706263312138617</ele>
				<time>2022-08-28T16:34:41Z</time>
			</trkpt>
			<trkpt lat="59.96619260028022" lon="30.30448129418643">
				<ele>10.268395652063191</ele>
				<time>2022-08-28T16:34:44Z</time>
			</trkpt>
			<trkpt lat="59.966177065344006" lon="30.30450717017126">
				<ele>8.94340296369046</ele>
				<time>2022-08-28T16:34:46Z</time>
			</trkpt>
			<trkpt lat="59.96616339748475" lon="30.30455624587176">
				<ele>10.449979566037655</ele>
				<time>2022-08-28T16:34:48Z</time>
			</trkpt>
			<trkpt lat="59.96612910159603" lon="30.30453619943693">
				<ele>10.278530566953123</ele>
				<time>2022-08-28T16:34:49Z</time>
			</trkpt>
			<trkpt lat="59.96613705903555" lon="30.304592485083944">
				<ele>12.026440708898008</ele>
				<time>2022-08-28T16:34:51Z</time>
			</trkpt>
			<trkpt lat="59.966135429192825" lon="30.304635484164024">
				<ele>10.378141232766211</ele>
				<time>2022-08-28T16:34:53Z</time>
			</trkpt>
			<trkpt lat="59.96611846673175" lon="30.30467155176625">
				<ele>12.670791150070727</ele>
				<time>2022-08-28T16:34:57Z</time>
			</trkpt>
			<trkpt lat="59.96611312075493" lon="30.304706688385338">
				<ele>15.880711161531508</ele>
				<time>2022-08-28T16:35:01Z</time>
			</trkpt>
			<trkpt lat="59.96609927246618" lon="30.304741706109148">
				<ele>17.743508671410382</ele>
				<time>2022-08-28T16:35:03Z</time>
			</trkpt>
			<trkpt lat="59.96608413168758" lon="30.304789623231876">
				<ele>18.17644194420427</ele>
				<time>2022-08-28T16:35:05Z</time>
			</trkpt>
			<trkpt lat="59.966064717713316" lon="30.304830998328946">
				<ele>15.278949304483831</ele>
				<time>2022-08-28T16:35:06Z</time>
			</trkpt>
			<trkpt lat="59.966039098433875" lon="30.304875835231663">
				<ele>14.745765970088542</ele>
				<time>2022-08-28T16:35:09Z</time>
			</trkpt>
			<trkpt lat="59.966020957628764" lon="30.30491935726163">
				<ele>16.5338937304914</ele>
				<time>2022-08-28T16:35:13Z</time>
			</trkpt>
			<trkpt lat="59.96601322860293" lon="30.304961594977435">
				<ele>14.2131692096591</ele>
				<time>2022-08-28T16:35:16Z</time>
			</trkpt>
			<trkpt lat="59.96599693310867" lon="30.304997198632158">
				<ele>16.988580940291286</ele>
				<time>2022-08-28T16:35:18Z</time>
			</trkpt>
			<trkpt lat="59.965976245423036" lon="30.305033330101992">
				<ele>16.79145443253219</ele>
				<time>2022-08-28T16:35:20Z</time>
			</trkpt>
			<trkpt lat="59.96596533095572" lon="30.305078166053026">
				<ele>17.484023831784725</ele>
				<time>2022-08-28T16:35:22Z</time>
			</trkpt>
			<trkpt lat="59.9659339354173" lon="30.305115078336307">
				<ele>14.287951070815325</ele>
				<time>2022-08-28T16:35:24Z</time>
			</trkpt>
			<trkpt lat="59.96591103902015" lon="30.305145717006745">
				<ele>15.100880934856832</ele>
				<time>2022-08-28T16:35:25Z</time>
			</trkpt>
			<trkpt lat="59.9658981124387" lon="30.305177475628174">
				<ele>15.30481759365648</ele>
				<time>2022-08-28T16:35:26Z</time>
			</trkpt>
			<trkpt lat="59.96587216670632" lon="30.30519614850975">
				<ele>14.577417021617293</ele>
				<time>2022-08-28T16:35:27Z</time>
			</trkpt>
			<trkpt lat="59.96588660593853" lon="30.30521902258988">
				<ele>14.430806544609368</ele>
				<time>2022-08-28T16:35:29Z</time>
			</trkpt>
			<trkpt lat="59.96588542781089" lon="30.30526525113277">
				<ele>15.008213796652853</ele>
				<time>2022-08-28T16:35:30Z</time>
			</trkpt>
			<trkpt lat="59.965878256938105" lon="30.305317655644902">
				<ele>15.125607601366937</ele>
				<time>2022-08-28T16:35:31Z</time>
			</trkpt>
			<trkpt lat="59.965882407441256" lon="30.30525612965895">
				<ele>14.853234783746302</ele>
				<time>2022-08-28T16:35:33Z</time>
			</trkpt>
			<trkpt lat="59.96586323120591" lon="30.305265158516438">
				<ele>12.964043853804469</ele>
				<time>2022-08-28T16:35:36Z</time>
			</trkpt>
			<trkpt lat="59.965877648617465" lon="30.305241254918542">
				<ele>12.31024012900889</ele>
				<time>2022-08-28T16:35:38Z</time>
			</trkpt>
			<trkpt lat="59.96589985861153" lon="30.305198003033496">
				<ele>8.604380599223077</ele>
				<time>2022-08-28T16:35:42Z</time>
			</trkpt>
			<trkpt lat="59.96588925379352" lon="30.30516763680408">
				<ele>9.367713266983628</ele>
				<time>2022-08-28T16:35:47Z</time>
			</trkpt>
			<trkpt lat="59.96586005018646" lon="30.305160898916437">
				<ele>10.118901962414384</ele>
				<time>2022-08-28T16:36:23Z</time>
			</trkpt>
			<trkpt lat="59.96587577739457" lon="30.305182199197745">
				<ele>8.660348861478269</ele>
				<time>2022-08-28T16:36:27Z</time>
			</trkpt>
			<trkpt lat="59.96589400526071" lon="30.30516019988048">
				<ele>8.330011945217848</ele>
				<time>2022-08-28T16:36:29Z</time>
			</trkpt>
			<trkpt lat="59.965891522380595" lon="30.305151751421576">
				<ele>8.21972192171961</ele>
				<time>2022-08-28T16:36:30Z</time>
			</trkpt>
			<trkpt lat="59.96583413409329" lon="30.305116670104574">
				<ele>9.217622673138976</ele>
				<time>2022-08-28T16:36:32Z</time>
			</trkpt>
			<trkpt lat="59.96587199502955" lon="30.305154145399122">
				<ele>9.673111472278833</ele>
				<time>2022-08-28T16:36:34Z</time>
			</trkpt>
			<trkpt lat="59.965870923912554" lon="30.305196298830023">
				<ele>8.925285876728594</ele>
				<time>2022-08-28T16:36:35Z</time>
			</trkpt>
			<trkpt lat="59.96587389911618" lon="30.30525237395436">
				<ele>10.71554983779788</ele>
				<time>2022-08-28T16:36:36Z</time>
			</trkpt>
			<trkpt lat="59.96587090687828" lon="30.305298300168516">
				<ele>6.716609397903085</ele>
				<time>2022-08-28T16:36:38Z</time>
			</trkpt>
			<trkpt lat="59.96585758093411" lon="30.305327548956182">
				<ele>4.124874170869589</ele>
				<time>2022-08-28T16:36:40Z</time>
			</trkpt>
			<trkpt lat="59.965838386864355" lon="30.305341097278465">
				<ele>8.190717654302716</ele>
				<time>2022-08-28T16:36:45Z</time>
			</trkpt>
			<trkpt lat="59.96580404525205" lon="30.305267434511297">
				<ele>8.266400557942688</ele>
				<time>2022-08-28T16:36:48Z</time>
			</trkpt>
			<trkpt lat="59.96583795516557" lon="30.305282989468527">
				<ele>7.795154877007008</ele>
				<time>2022-08-28T16:36:50Z</time>
			</trkpt>
			<trkpt lat="59.96583595634748" lon="30.3053653397234">
				<ele>8.908971809782088</ele>
				<time>2022-08-28T16:36:52Z</time>
			</trkpt>
			<trkpt lat="59.965812545601636" lon="30.30542832553667">
				<ele>7.356840628199279</ele>
				<time>2022-08-28T16:36:54Z</time>
			</trkpt>
			<trkpt lat="59.96580617279193" lon="30.305464059028317">
				<ele>9.450880964286625</ele>
				<time>2022-08-28T16:36:55Z</time>
			</trkpt>
			<trkpt lat="59.96580296352328" lon="30.305524094790957">
				<ele>9.406723014079034</ele>
				<time>2022-08-28T16:36:57Z</time>
			</trkpt>
			<trkpt lat="59.96576030591804" lon="30.30570948081916">
				<ele>13.086887096054852</ele>
				<time>2022-08-28T16:36:59Z</time>
			</trkpt>
			<trkpt lat="59.96578994250227" lon="30.305704922783757">
				<ele>10.295029326342046</ele>
				<time>2022-08-28T16:37:01Z</time>
			</trkpt>
			<trkpt lat="59.96580935172445" lon="30.305622729983185">
				<ele>6.507861914113164</ele>
				<time>2022-08-28T16:37:02Z</time>
			</trkpt>
			<trkpt lat="59.96582619889354" lon="30.305580117737126">
				<ele>7.996938459575176</ele>
				<time>2022-08-28T16:37:03Z</time>
			</trkpt>
			<trkpt lat="59.96582530553781" lon="30.30551700565677">
				<ele>7.808151431381702</ele>
				<time>2022-08-28T16:37:05Z</time>
			</trkpt>
			<trkpt lat="59.96584498946335" lon="30.305514205030764">
				<ele>7.495306568220258</ele>
				<time>2022-08-28T16:37:07Z</time>
			</trkpt>
			<trkpt lat="59.96585886466082" lon="30.305466777578825">
				<ele>7.306796990334988</ele>
				<time>2022-08-28T16:37:10Z</time>
			</trkpt>
			<trkpt lat="59.96585869875011" lon="30.305471618832822">
				<ele>7.316575286909938</ele>
				<time>2022-08-28T16:37:11Z</time>
			</trkpt>
			<trkpt lat="59.965841244233296" lon="30.305486472688024">
				<ele>6.157081368379295</ele>
				<time>2022-08-28T16:37:24Z</time>
			</trkpt>
			<trkpt lat="59.96586279440275" lon="30.305473303117317">
				<ele>6.227616060525179</ele>
				<time>2022-08-28T16:37:36Z</time>
			</trkpt>
			<trkpt lat="59.96586677380049" lon="30.305477924137048">
				<ele>7.143813839182258</ele>
				<time>2022-08-28T16:37:37Z</time>
			</trkpt>
			<trkpt lat="59.96589622366937" lon="30.305472932987435">
				<ele>6.7322143372148275</ele>
				<time>2022-08-28T16:37:42Z</time>
			</trkpt>
			<trkpt lat="59.96588283263914" lon="30.305506824210124">
				<ele>12.734403139911592</ele>
				<time>2022-08-28T16:37:45Z</time>
			</trkpt>
			<trkpt lat="59.96580400711348" lon="30.305614756346756">
				<ele>12.219340766780078</ele>
				<time>2022-08-28T16:37:46Z</time>
			</trkpt>
			<trkpt lat="59.96577525827834" lon="30.30563951560164">
				<ele>12.005572186782956</ele>
				<time>2022-08-28T16:37:47Z</time>
			</trkpt>
			<trkpt lat="59.96580668607321" lon="30.305619376758198">
				<ele>14.123562251217663</ele>
				<time>2022-08-28T16:37:49Z</time>
			</trkpt>
			<trkpt lat="59.96583136262053" lon="30.305620743360958">
				<ele>14.217681929469109</ele>
				<time>2022-08-28T16:37:51Z</time>
			</trkpt>
			<trkpt lat="59.96585656634403" lon="30.305615955386184">
				<ele>14.699145034886897</ele>
				<time>2022-08-28T16:37:52Z</time>
			</trkpt>
			<trkpt lat="59.96590300911009" lon="30.305600890481823">
				<ele>10.091910805553198</ele>
				<time>2022-08-28T16:37:55Z</time>
			</trkpt>
			<trkpt lat="59.965929558039456" lon="30.30561863675162">
				<ele>2.0597181050106883</ele>
				<time>2022-08-28T16:37:58Z</time>
			</trkpt>
			<trkpt lat="59.96593567831103" lon="30.305666554415893">
				<ele>1.6258999863639474</ele>
				<time>2022-08-28T16:38:00Z</time>
			</trkpt>
			<trkpt lat="59.965946872498" lon="30.305704693805048">
				<ele>1.9788300227373838</ele>
				<time>2022-08-28T16:38:02Z</time>
			</trkpt>
			<trkpt lat="59.96596544248043" lon="30.305726636300108">
				<ele>4.2835573591291904</ele>
				<time>2022-08-28T16:38:03Z</time>
			</trkpt>
			<trkpt lat="59.96599123935087" lon="30.305732318626617">
				<ele>0.3333219662308693</ele>
				<time>2022-08-28T16:38:05Z</time>
			</trkpt>
			<trkpt lat="59.966016214149576" lon="30.305728585938578">
				<ele>0.9483184199780226</ele>
				<time>2022-08-28T16:38:07Z</time>
			</trkpt>
			<trkpt lat="59.9659969967162" lon="30.3058153908153">
				<ele>1.2101380554959178</ele>
				<time>2022-08-28T16:38:09Z</time>
			</trkpt>
			<trkpt lat="59.96601349326889" lon="30.30586262451713">
				<ele>2.2896777829155326</ele>
				<time>2022-08-28T16:38:12Z</time>
			</trkpt>
			<trkpt lat="59.96602632115307" lon="30.30591417154467">
				<ele>1.077725033275783</ele>
				<time>2022-08-28T16:38:14Z</time>
			</trkpt>
			<trkpt lat="59.966027068777215" lon="30.305953140312766">
				<ele>1.8127047009766102</ele>
				<time>2022-08-28T16:38:15Z</time>
			</trkpt>
			<trkpt lat="59.96605385982048" lon="30.30598347483326">
				<ele>3.5997945107519627</ele>
				<time>2022-08-28T16:38:19Z</time>
			</trkpt>
			<trkpt lat="59.9660557545718" lon="30.306025031509296">
				<ele>-0.20161147695034742</ele>
				<time>2022-08-28T16:38:22Z</time>
			</trkpt>
			<trkpt lat="59.96608425417255" lon="30.306026467802035">
				<ele>0.9203102448955178</ele>
				<time>2022-08-28T16:38:24Z</time>
			</trkpt>
			<trkpt lat="59.96610287585386" lon="30.305958515781388">
				<ele>2.0307800648733974</ele>
				<time>2022-08-28T16:38:29Z</time>
			</trkpt>
			<trkpt lat="59.966092769860985" lon="30.306026414510136">
				<ele>2.268253077752888</ele>
				<time>2022-08-28T16:38:31Z</time>
			</trkpt>
			<trkpt lat="59.96608604187839" lon="30.306089603522175">
				<ele>1.149579313583672</ele>
				<time>2022-08-28T16:38:33Z</time>
			</trkpt>
			<trkpt lat="59.966074278172464" lon="30.30613837114771">
				<ele>3.7074514580890536</ele>
				<time>2022-08-28T16:38:41Z</time>
			</trkpt>
			<trkpt lat="59.96605814958511" lon="30.306166620353917">
				<ele>5.663506980985403</ele>
				<time>2022-08-28T16:38:43Z</time>
			</trkpt>
			<trkpt lat="59.966030244858985" lon="30.306194728999657">
				<ele>3.1049382826313376</ele>
				<time>2022-08-28T16:38:46Z</time>
			</trkpt>
			<trkpt lat="59.966031711975944" lon="30.30624390253952">
				<ele>6.720289229415357</ele>
				<time>2022-08-28T16:38:48Z</time>
			</trkpt>
			<trkpt lat="59.966029491632234" lon="30.306288623431655">
				<ele>5.089469040744007</ele>
				<time>2022-08-28T16:38:50Z</time>
			</trkpt>
			<trkpt lat="59.96602771436585" lon="30.306325488701205">
				<ele>4.649468978866935</ele>
				<time>2022-08-28T16:38:53Z</time>
			</trkpt>
			<trkpt lat="59.966048181052685" lon="30.306326594134134">
				<ele>4.318003686144948</ele>
				<time>2022-08-28T16:38:58Z</time>
			</trkpt>
			<trkpt lat="59.96603052865103" lon="30.306368701862162">
				<ele>6.646371225826442</ele>
				<time>2022-08-28T16:39:05Z</time>
			</trkpt>
			<trkpt lat="59.96602201523351" lon="30.30640349491529">
				<ele>5.845552493818104</ele>
				<time>2022-08-28T16:39:07Z</time>
			</trkpt>
			<trkpt lat="59.96599485398007" lon="30.30643235217055">
				<ele>8.658063296228647</ele>
				<time>2022-08-28T16:39:08Z</time>
			</trkpt>
			<trkpt lat="59.965975018984885" lon="30.306458057154313">
				<ele>7.124634214676917</ele>
				<time>2022-08-28T16:39:09Z</time>
			</trkpt>
			<trkpt lat="59.96595534999775" lon="30.306517427930455">
				<ele>6.044445392675698</ele>
				<time>2022-08-28T16:39:11Z</time>
			</trkpt>
			<trkpt lat="59.96591134991016" lon="30.306570239594">
				<ele>9.737065781839192</ele>
				<time>2022-08-28T16:39:13Z</time>
			</trkpt>
			<trkpt lat="59.96591203179784" lon="30.30662461256112">
				<ele>3.5625836523249745</ele>
				<time>2022-08-28T16:39:15Z</time>
			</trkpt>
			<trkpt lat="59.96589834553075" lon="30.306663085890087">
				<ele>3.440401704981923</ele>
				<time>2022-08-28T16:39:16Z</time>
			</trkpt>
			<trkpt lat="59.965876105704346" lon="30.30666744621352">
				<ele>4.239425007253885</ele>
				<time>2022-08-28T16:39:17Z</time>
			</trkpt>
			<trkpt lat="59.96586926509269" lon="30.30673117249682">
				<ele>7.463825888931751</ele>
				<time>2022-08-28T16:39:19Z</time>
			</trkpt>
			<trkpt lat="59.96585455066026" lon="30.30677730191654">
				<ele>7.025495618581772</ele>
				<time>2022-08-28T16:39:21Z</time>
			</trkpt>
			<trkpt lat="59.96584147594614" lon="30.306714730529226">
				<ele>6.918373256921768</ele>
				<time>2022-08-28T16:39:22Z</time>
			</trkpt>
			<trkpt lat="59.96583435965131" lon="30.306808689244814">
				<ele>5.912408812902868</ele>
				<time>2022-08-28T16:39:24Z</time>
			</trkpt>
			<trkpt lat="59.965845276267416" lon="30.306881241974633">
				<ele>8.872025568038225</ele>
				<time>2022-08-28T16:39:25Z</time>
			</trkpt>
			<trkpt lat="59.96584888009263" lon="30.306955967450182">
				<ele>11.512191630899906</ele>
				<time>2022-08-28T16:39:26Z</time>
			</trkpt>
			<trkpt lat="59.96583585975898" lon="30.30699098009377">
				<ele>8.627092661336064</ele>
				<time>2022-08-28T16:39:28Z</time>
			</trkpt>
			<trkpt lat="59.96580813034212" lon="30.30701448406781">
				<ele>5.962300558574498</ele>
				<time>2022-08-28T16:39:31Z</time>
			</trkpt>
			<trkpt lat="59.96577925264501" lon="30.30703897156843">
				<ele>4.691597959958017</ele>
				<time>2022-08-28T16:39:34Z</time>
			</trkpt>
			<trkpt lat="59.96575569775472" lon="30.30705392864041">
				<ele>1.932202685624361</ele>
				<time>2022-08-28T16:39:38Z</time>
			</trkpt>
			<trkpt lat="59.96573837323775" lon="30.307073946791878">
				<ele>2.749652369879186</ele>
				<time>2022-08-28T16:39:40Z</time>
			</trkpt>
			<trkpt lat="59.96572031492011" lon="30.307094873226323">
				<ele>2.821536182425916</ele>
				<time>2022-08-28T16:39:42Z</time>
			</trkpt>
			<trkpt lat="59.96570543347293" lon="30.30713252495448">
				<ele>4.078295792452991</ele>
				<time>2022-08-28T16:39:44Z</time>
			</trkpt>
			<trkpt lat="59.96566845336291" lon="30.307166474367442">
				<ele>-0.9205963024869561</ele>
				<time>2022-08-28T16:39:46Z</time>
			</trkpt>
			<trkpt lat="59.96565039729556" lon="30.30717207718201">
				<ele>-0.1903135571628809</ele>
				<time>2022-08-28T16:39:51Z</time>
			</trkpt>
			<trkpt lat="59.96563253940929" lon="30.307188821526598">
				<ele>1.3473929343745112</ele>
				<time>2022-08-28T16:39:53Z</time>
			</trkpt>
			<trkpt lat="59.96561634976841" lon="30.307204647334608">
				<ele>1.0152927283197641</ele>
				<time>2022-08-28T16:39:54Z</time>
			</trkpt>
			<trkpt lat="59.96559747192819" lon="30.307222540850084">
				<ele>0.7630734425038099</ele>
				<time>2022-08-28T16:39:55Z</time>
			</trkpt>
			<trkpt lat="59.9655838131027" lon="30.307255858616273">
				<ele>-0.26303138956427574</ele>
				<time>2022-08-28T16:39:57Z</time>
			</trkpt>
			<trkpt lat="59.965562925690755" lon="30.307286119228262">
				<ele>-0.24900471232831478</ele>
				<time>2022-08-28T16:39:59Z</time>
			</trkpt>
			<trkpt lat="59.965516889835946" lon="30.3072839197904">
				<ele>0.9048462649807334</ele>
				<time>2022-08-28T16:40:00Z</time>
			</trkpt>
			<trkpt lat="59.96552745220111" lon="30.307363428487193">
				<ele>1.2775432923808694</ele>
				<time>2022-08-28T16:40:01Z</time>
			</trkpt>
			<trkpt lat="59.9655108364566" lon="30.307415560812682">
				<ele>3.5007334919646382</ele>
				<time>2022-08-28T16:40:02Z</time>
			</trkpt>
			<trkpt lat="59.965489334433286" lon="30.30742810338929">
				<ele>2.9154909839853644</ele>
				<time>2022-08-28T16:40:03Z</time>
			</trkpt>
			<trkpt lat="59.965490466024505" lon="30.307465885867416">
				<ele>-4.393714568577707</ele>
				<time>2022-08-28T16:40:07Z</time>
			</trkpt>
			<trkpt lat="59.96547814571578" lon="30.30750311815652">
				<ele>-0.9131166292354465</ele>
				<time>2022-08-28T16:40:09Z</time>
			</trkpt>
			<trkpt lat="59.96546727407024" lon="30.307556848376304">
				<ele>0.9822721080854535</ele>
				<time>2022-08-28T16:40:11Z</time>
			</trkpt>
			<trkpt lat="59.96543610662366" lon="30.30759747332474">
				<ele>0.18233684357255697</ele>
				<time>2022-08-28T16:40:13Z</time>
			</trkpt>
			<trkpt lat="59.96543655877326" lon="30.307638646340266">
				<ele>1.0807890854775906</ele>
				<time>2022-08-28T16:40:16Z</time>
			</trkpt>
			<trkpt lat="59.965425539746654" lon="30.30769795275522">
				<ele>4.792745364829898</ele>
				<time>2022-08-28T16:40:18Z</time>
			</trkpt>
			<trkpt lat="59.965414881332215" lon="30.30776470551847">
				<ele>5.008065336383879</ele>
				<time>2022-08-28T16:40:20Z</time>
			</trkpt>
			<trkpt lat="59.96540385598296" lon="30.30783086609932">
				<ele>6.442510241642594</ele>
				<time>2022-08-28T16:40:21Z</time>
			</trkpt>
			<trkpt lat="59.96538806160809" lon="30.30785053987617">
				<ele>5.966271685436368</ele>
				<time>2022-08-28T16:40:23Z</time>
			</trkpt>
			<trkpt lat="59.965376262790514" lon="30.3078853861687">
				<ele>4.365793524309993</ele>
				<time>2022-08-28T16:40:24Z</time>
			</trkpt>
			<trkpt lat="59.9653527515482" lon="30.307934698112525">
				<ele>6.222977938130498</ele>
				<time>2022-08-28T16:40:26Z</time>
			</trkpt>
			<trkpt lat="59.9653518284449" lon="30.30798157669944">
				<ele>6.445998167619109</ele>
				<time>2022-08-28T16:40:28Z</time>
			</trkpt>
			<trkpt lat="59.965335926279494" lon="30.308040535913918">
				<ele>1.5026369104161859</ele>
				<time>2022-08-28T16:40:32Z</time>
			</trkpt>
			<trkpt lat="59.96531463021629" lon="30.308084206445514">
				<ele>4.0275208139792085</ele>
				<time>2022-08-28T16:40:35Z</time>
			</trkpt>
			<trkpt lat="59.965295138724635" lon="30.308141467700814">
				<ele>3.2921690940856934</ele>
				<time>2022-08-28T16:40:37Z</time>
			</trkpt>
			<trkpt lat="59.96527639959319" lon="30.308182235984383">
				<ele>1.940015715546906</ele>
				<time>2022-08-28T16:40:39Z</time>
			</trkpt>
			<trkpt lat="59.96526443264973" lon="30.308219925949448">
				<ele>3.2117485413327813</ele>
				<time>2022-08-28T16:40:43Z</time>
			</trkpt>
			<trkpt lat="59.96525336646952" lon="30.308255168607158">
				<ele>4.878251756541431</ele>
				<time>2022-08-28T16:40:46Z</time>
			</trkpt>
			<trkpt lat="59.96523180866957" lon="30.30825570888732">
				<ele>2.552953762933612</ele>
				<time>2022-08-28T16:40:47Z</time>
			</trkpt>
			<trkpt lat="59.9652140405084" lon="30.30829750993463">
				<ele>5.248114441521466</ele>
				<time>2022-08-28T16:40:49Z</time>
			</trkpt>
			<trkpt lat="59.965202610709596" lon="30.308329350986913">
				<ele>4.96261343639344</ele>
				<time>2022-08-28T16:40:50Z</time>
			</trkpt>
			<trkpt lat="59.96518739084899" lon="30.308359527541114">
				<ele>4.734493914991617</ele>
				<time>2022-08-28T16:40:51Z</time>
			</trkpt>
			<trkpt lat="59.96517061916537" lon="30.30840739462382">
				<ele>4.958098484203219</ele>
				<time>2022-08-28T16:40:55Z</time>
			</trkpt>
			<trkpt lat="59.965158457390324" lon="30.3084495837945">
				<ele>2.7659163903445005</ele>
				<time>2022-08-28T16:40:57Z</time>
			</trkpt>
			<trkpt lat="59.965140912133165" lon="30.30850999635904">
				<ele>3.104876677505672</ele>
				<time>2022-08-28T16:40:59Z</time>
			</trkpt>
			<trkpt lat="59.96512714099837" lon="30.30854884693242">
				<ele>5.36106988415122</ele>
				<time>2022-08-28T16:41:00Z</time>
			</trkpt>
			<trkpt lat="59.96511380255277" lon="30.308573899798922">
				<ele>3.4446937050670385</ele>
				<time>2022-08-28T16:41:02Z</time>
			</trkpt>
			<trkpt lat="59.96509964374503" lon="30.30860944091336">
				<ele>3.474786118604243</ele>
				<time>2022-08-28T16:41:04Z</time>
			</trkpt>
			<trkpt lat="59.96508398274871" lon="30.30867069358235">
				<ele>4.031574129126966</ele>
				<time>2022-08-28T16:41:06Z</time>
			</trkpt>
			<trkpt lat="59.965073334552145" lon="30.308717658920564">
				<ele>5.337557181715965</ele>
				<time>2022-08-28T16:41:08Z</time>
			</trkpt>
			<trkpt lat="59.96508050064349" lon="30.308681544024616">
				<ele>2.7420293670147657</ele>
				<time>2022-08-28T16:41:12Z</time>
			</trkpt>
			<trkpt lat="59.96507858582693" lon="30.308730369942403">
				<ele>7.336179339326918</ele>
				<time>2022-08-28T16:41:15Z</time>
			</trkpt>
			<trkpt lat="59.965093926136824" lon="30.30875142113383">
				<ele>7.043395524844527</ele>
				<time>2022-08-28T16:41:17Z</time>
			</trkpt>
			<trkpt lat="59.96511384259206" lon="30.308751186719814">
				<ele>6.450433753430843</ele>
				<time>2022-08-28T16:41:19Z</time>
			</trkpt>
			<trkpt lat="59.965175228769745" lon="30.308765844152596">
				<ele>10.195048405788839</ele>
				<time>2022-08-28T16:41:22Z</time>
			</trkpt>
			<trkpt lat="59.965175978448606" lon="30.30876695822583">
				<ele>10.569877144880593</ele>
				<time>2022-08-28T16:41:23Z</time>
			</trkpt>
			<trkpt lat="59.965175978448606" lon="30.30876695822583">
				<ele>10.569877144880593</ele>
				<time>2022-08-28T16:41:24Z</time>
			</trkpt>
			<trkpt lat="59.965177562361006" lon="30.308615568487603">
				<ele>-0.2737604817375541</ele>
				<time>2022-08-28T16:41:36Z</time>
			</trkpt>
			<trkpt lat="59.96515327110447" lon="30.308668037285226">
				<ele>-5.209723410196602</ele>
				<time>2022-08-28T16:41:43Z</time>
			</trkpt>
			<trkpt lat="59.9651406612296" lon="30.30870601985347">
				<ele>-4.922514681704342</ele>
				<time>2022-08-28T16:41:44Z</time>
			</trkpt>
			<trkpt lat="59.96511685030559" lon="30.308756298283694">
				<ele>-0.6421077707782388</ele>
				<time>2022-08-28T16:41:46Z</time>
			</trkpt>
			<trkpt lat="59.96510634310256" lon="30.308790683747244">
				<ele>0.6880347235128284</ele>
				<time>2022-08-28T16:41:47Z</time>
			</trkpt>
			<trkpt lat="59.96507999874865" lon="30.308809574251644">
				<ele>-0.29337495751678944</ele>
				<time>2022-08-28T16:41:49Z</time>
			</trkpt>
			<trkpt lat="59.96507551431376" lon="30.308847338769525">
				<ele>-1.0338348122313619</ele>
				<time>2022-08-28T16:41:50Z</time>
			</trkpt>
			<trkpt lat="59.965054121466025" lon="30.308886843406114">
				<ele>-1.6270168526098132</ele>
				<time>2022-08-28T16:41:53Z</time>
			</trkpt>
			<trkpt lat="59.965033162049096" lon="30.308933220647713">
				<ele>-3.374248609878123</ele>
				<time>2022-08-28T16:41:56Z</time>
			</trkpt>
			<trkpt lat="59.96502126855761" lon="30.308966906560606">
				<ele>-2.435065032914281</ele>
				<time>2022-08-28T16:41:58Z</time>
			</trkpt>
			<trkpt lat="59.96500528768698" lon="30.30900095144062">
				<ele>-1.8628937527537346</ele>
				<time>2022-08-28T16:42:00Z</time>
			</trkpt>
			<trkpt lat="59.965002401553306" lon="30.309036792721134">
				<ele>-1.0592111377045512</ele>
				<time>2022-08-28T16:42:02Z</time>
			</trkpt>
			<trkpt lat="59.9649748910715" lon="30.309074542507958">
				<ele>-5.03526449482888</ele>
				<time>2022-08-28T16:42:05Z</time>
			</trkpt>
			<trkpt lat="59.96496639937458" lon="30.30912759934779">
				<ele>-2.8559489073231816</ele>
				<time>2022-08-28T16:42:07Z</time>
			</trkpt>
			<trkpt lat="59.96495203670444" lon="30.309154643321698">
				<ele>-1.3950755596160889</ele>
				<time>2022-08-28T16:42:08Z</time>
			</trkpt>
			<trkpt lat="59.96493056381102" lon="30.30918603770157">
				<ele>-2.3574176505208015</ele>
				<time>2022-08-28T16:42:10Z</time>
			</trkpt>
			<trkpt lat="59.9649036329354" lon="30.30922758361964">
				<ele>-0.8166979951784015</ele>
				<time>2022-08-28T16:42:13Z</time>
			</trkpt>
			<trkpt lat="59.9649249054339" lon="30.309192047735326">
				<ele>-4.709683407098055</ele>
				<time>2022-08-28T16:42:14Z</time>
			</trkpt>
			<trkpt lat="59.9649418934606" lon="30.309166322440245">
				<ele>-4.861955534666777</ele>
				<time>2022-08-28T16:42:16Z</time>
			</trkpt>
			<trkpt lat="59.964960714100954" lon="30.309161871643454">
				<ele>-3.7637901743873954</ele>
				<time>2022-08-28T16:42:19Z</time>
			</trkpt>
			<trkpt lat="59.964980190518745" lon="30.30919714457288">
				<ele>-4.50631333142519</ele>
				<time>2022-08-28T16:42:20Z</time>
			</trkpt>
			<trkpt lat="59.96496352584855" lon="30.309210988914227">
				<ele>-4.570152721367776</ele>
				<time>2022-08-28T16:42:22Z</time>
			</trkpt>
			<trkpt lat="59.96495864629901" lon="30.30925056656544">
				<ele>-5.110614742152393</ele>
				<time>2022-08-28T16:42:23Z</time>
			</trkpt>
			<trkpt lat="59.96495412649283" lon="30.309295120492035">
				<ele>-3.7113858899101615</ele>
				<time>2022-08-28T16:42:25Z</time>
			</trkpt>
			<trkpt lat="59.964979355625836" lon="30.30932152504632">
				<ele>-1.9008442852646112</ele>
				<time>2022-08-28T16:42:27Z</time>
			</trkpt>
			<trkpt lat="59.96500130271254" lon="30.309335036134893">
				<ele>-1.8566136043518782</ele>
				<time>2022-08-28T16:42:28Z</time>
			</trkpt>
			<trkpt lat="59.965040990462334" lon="30.309341334217685">
				<ele>3.5253537259995937</ele>
				<time>2022-08-28T16:42:29Z</time>
			</trkpt>
			<trkpt lat="59.96504251299302" lon="30.30940019809967">
				<ele>5.518256040289998</ele>
				<time>2022-08-28T16:42:31Z</time>
			</trkpt>
			<trkpt lat="59.9650588410501" lon="30.309427731748716">
				<ele>6.466071750037372</ele>
				<time>2022-08-28T16:42:32Z</time>
			</trkpt>
			<trkpt lat="59.96506463685765" lon="30.309478127837156">
				<ele>6.810844072140753</ele>
				<time>2022-08-28T16:42:34Z</time>
			</trkpt>
			<trkpt lat="59.96505931224031" lon="30.30952935984829">
				<ele>10.533017781563103</ele>
				<time>2022-08-28T16:42:36Z</time>
			</trkpt>
			<trkpt lat="59.96508917546285" lon="30.309534372982927">
				<ele>11.687948193401098</ele>
				<time>2022-08-28T16:42:39Z</time>
			</trkpt>
			<trkpt lat="59.965095700765424" lon="30.309485471630964">
				<ele>8.75802107155323</ele>
				<time>2022-08-28T16:42:42Z</time>
			</trkpt>
			<trkpt lat="59.965064204019434" lon="30.309467915522955">
				<ele>8.424897630698979</ele>
				<time>2022-08-28T16:42:53Z</time>
			</trkpt>
			<trkpt lat="59.965094275009754" lon="30.30948949431518">
				<ele>9.3969955611974</ele>
				<time>2022-08-28T16:42:55Z</time>
			</trkpt>
			<trkpt lat="59.965125917738156" lon="30.309539460108493">
				<ele>10.981773709878325</ele>
				<time>2022-08-28T16:42:57Z</time>
			</trkpt>
			<trkpt lat="59.965150483963384" lon="30.309597534563473">
				<ele>12.615885883569717</ele>
				<time>2022-08-28T16:42:59Z</time>
			</trkpt>
			<trkpt lat="59.96516692677593" lon="30.309624429739603">
				<ele>15.912687193602324</ele>
				<time>2022-08-28T16:43:00Z</time>
			</trkpt>
			<trkpt lat="59.96516802882122" lon="30.30970147414566">
				<ele>7.009063005447388</ele>
				<time>2022-08-28T16:43:05Z</time>
			</trkpt>
			<trkpt lat="59.96518255290128" lon="30.309738331556623">
				<ele>9.269018402323127</ele>
				<time>2022-08-28T16:43:07Z</time>
			</trkpt>
			<trkpt lat="59.965185101975926" lon="30.309697739039382">
				<ele>12.536727078258991</ele>
				<time>2022-08-28T16:43:08Z</time>
			</trkpt>
			<trkpt lat="59.9652046794875" lon="30.309730001328536">
				<ele>15.799743021838367</ele>
				<time>2022-08-28T16:43:10Z</time>
			</trkpt>
			<trkpt lat="59.96523078153357" lon="30.30972061904944">
				<ele>15.309211108833551</ele>
				<time>2022-08-28T16:43:12Z</time>
			</trkpt>
			<trkpt lat="59.965240821638204" lon="30.309687063017837">
				<ele>14.359408336691558</ele>
				<time>2022-08-28T16:43:13Z</time>
			</trkpt>
			<trkpt lat="59.965280390572225" lon="30.3096587020415">
				<ele>6.274840892292559</ele>
				<time>2022-08-28T16:43:15Z</time>
			</trkpt>
			<trkpt lat="59.965255331166965" lon="30.309596526513122">
				<ele>6.08351016882807</ele>
				<time>2022-08-28T16:43:22Z</time>
			</trkpt>
			<trkpt lat="59.96526157454544" lon="30.309712887696257">
				<ele>5.187185420654714</ele>
				<time>2022-08-28T16:43:24Z</time>
			</trkpt>
			<trkpt lat="59.965237894784146" lon="30.30974188418852">
				<ele>5.031157050281763</ele>
				<time>2022-08-28T16:43:25Z</time>
			</trkpt>
			<trkpt lat="59.96522057665033" lon="30.30973418601534">
				<ele>4.429458891972899</ele>
				<time>2022-08-28T16:43:26Z</time>
			</trkpt>
			<trkpt lat="59.96519673375063" lon="30.309709420470874">
				<ele>4.240418991073966</ele>
				<time>2022-08-28T16:43:27Z</time>
			</trkpt>
			<trkpt lat="59.96511255203735" lon="30.309688048629063">
				<ele>8.74372700881213</ele>
				<time>2022-08-28T16:43:29Z</time>
			</trkpt>
			<trkpt lat="59.965111308577534" lon="30.309771726320044">
				<ele>7.909402681514621</ele>
				<time>2022-08-28T16:43:31Z</time>
			</trkpt>
			<trkpt lat="59.965102664567176" lon="30.309840457240956">
				<ele>8.561816238798201</ele>
				<time>2022-08-28T16:43:33Z</time>
			</trkpt>
			<trkpt lat="59.96512046729578" lon="30.309817117258653">
				<ele>9.726154123432934</ele>
				<time>2022-08-28T16:43:38Z</time>
			</trkpt>
			<trkpt lat="59.965049480788565" lon="30.3098462765633">
				<ele>17.193527057766914</ele>
				<time>2022-08-28T16:44:01Z</time>
			</trkpt>
			<trkpt lat="59.96503512599562" lon="30.309796930235184">
				<ele>17.1060095988214</ele>
				<time>2022-08-28T16:44:03Z</time>
			</trkpt>
			<trkpt lat="59.96502113451347" lon="30.30975794999169">
				<ele>17.31156258005649</ele>
				<time>2022-08-28T16:44:05Z</time>
			</trkpt>
			<trkpt lat="59.9650373088698" lon="30.3097357163606">
				<ele>22.301978239789605</ele>
				<time>2022-08-28T16:44:07Z</time>
			</trkpt>
			<trkpt lat="59.96506881075858" lon="30.30976338011525">
				<ele>23.652751609683037</ele>
				<time>2022-08-28T16:44:08Z</time>
			</trkpt>
			<trkpt lat="59.96508237886422" lon="30.30968728278504">
				<ele>19.698824304156005</ele>
				<time>2022-08-28T16:44:20Z</time>
			</trkpt>
			<trkpt lat="59.96507358854978" lon="30.30965260081863">
				<ele>21.885931009426713</ele>
				<time>2022-08-28T16:44:23Z</time>
			</trkpt>
			<trkpt lat="59.96507464996599" lon="30.309597990166843">
				<ele>19.171405238099396</ele>
				<time>2022-08-28T16:44:25Z</time>
			</trkpt>
			<trkpt lat="59.96507411339662" lon="30.309556977211386">
				<ele>19.216877663508058</ele>
				<time>2022-08-28T16:44:26Z</time>
			</trkpt>
			<trkpt lat="59.96508325878885" lon="30.309494707110527">
				<ele>20.96809562575072</ele>
				<time>2022-08-28T16:44:27Z</time>
			</trkpt>
			<trkpt lat="59.96504745385916" lon="30.30946255682212">
				<ele>22.162546454928815</ele>
				<time>2022-08-28T16:44:29Z</time>
			</trkpt>
			<trkpt lat="59.965032750182736" lon="30.309440493403986">
				<ele>18.991651858203113</ele>
				<time>2022-08-28T16:44:30Z</time>
			</trkpt>
			<trkpt lat="59.96500421350429" lon="30.30940100031104">
				<ele>16.041455624625087</ele>
				<time>2022-08-28T16:44:32Z</time>
			</trkpt>
			<trkpt lat="59.96498406450811" lon="30.30936792701218">
				<ele>17.74504162464291</ele>
				<time>2022-08-28T16:44:35Z</time>
			</trkpt>
			<trkpt lat="59.96496445537017" lon="30.30932853333177">
				<ele>19.207190319895744</ele>
				<time>2022-08-28T16:44:37Z</time>
			</trkpt>
			<trkpt lat="59.964953178204475" lon="30.309279631554745">
				<ele>16.70534767769277</ele>
				<time>2022-08-28T16:44:39Z</time>
			</trkpt>
			<trkpt lat="59.96493470910541" lon="30.30928848899017">
				<ele>14.430811570957303</ele>
				<time>2022-08-28T16:44:43Z</time>
			</trkpt>
			<trkpt lat="59.96490527760006" lon="30.309307075186307">
				<ele>16.51661587972194</ele>
				<time>2022-08-28T16:44:45Z</time>
			</trkpt>
			<trkpt lat="59.964869851927716" lon="30.309292851664953">
				<ele>8.043199686333537</ele>
				<time>2022-08-28T16:44:48Z</time>
			</trkpt>
			<trkpt lat="59.96490152165837" lon="30.309354242398882">
				<ele>8.147222416475415</ele>
				<time>2022-08-28T16:44:49Z</time>
			</trkpt>
			<trkpt lat="59.9648869818244" lon="30.309379637288437">
				<ele>7.978359770961106</ele>
				<time>2022-08-28T16:44:51Z</time>
			</trkpt>
			<trkpt lat="59.964862880390065" lon="30.309410732623405">
				<ele>7.855395677499473</ele>
				<time>2022-08-28T16:44:53Z</time>
			</trkpt>
			<trkpt lat="59.964848077036145" lon="30.309448809353196">
				<ele>6.915639574639499</ele>
				<time>2022-08-28T16:44:55Z</time>
			</trkpt>
			<trkpt lat="59.96483326491239" lon="30.309483686414946">
				<ele>4.483557080850005</ele>
				<time>2022-08-28T16:44:57Z</time>
			</trkpt>
			<trkpt lat="59.964815646004894" lon="30.30950644088081">
				<ele>5.272473660297692</ele>
				<time>2022-08-28T16:44:59Z</time>
			</trkpt>
			<trkpt lat="59.96479720261125" lon="30.309532154415248">
				<ele>7.811121955513954</ele>
				<time>2022-08-28T16:45:01Z</time>
			</trkpt>
			<trkpt lat="59.964760068679574" lon="30.309536475360737">
				<ele>1.2634462406858802</ele>
				<time>2022-08-28T16:45:04Z</time>
			</trkpt>
			<trkpt lat="59.964743555019744" lon="30.309576168189086">
				<ele>3.2307259747758508</ele>
				<time>2022-08-28T16:45:06Z</time>
			</trkpt>
			<trkpt lat="59.96471376718842" lon="30.309603491867666">
				<ele>4.406743887811899</ele>
				<time>2022-08-28T16:45:08Z</time>
			</trkpt>
			<trkpt lat="59.964672253558156" lon="30.30959378338213">
				<ele>3.547408128157258</ele>
				<time>2022-08-28T16:45:10Z</time>
			</trkpt>
			<trkpt lat="59.96467405398165" lon="30.309632168412964">
				<ele>2.78361255582422</ele>
				<time>2022-08-28T16:45:11Z</time>
			</trkpt>
			<trkpt lat="59.964653947594435" lon="30.309669209412686">
				<ele>3.16903908085078</ele>
				<time>2022-08-28T16:45:13Z</time>
			</trkpt>
			<trkpt lat="59.964615080297314" lon="30.309627674152576">
				<ele>3.8758486602455378</ele>
				<time>2022-08-28T16:45:14Z</time>
			</trkpt>
			<trkpt lat="59.96457710332073" lon="30.309599644852515">
				<ele>5.184314859099686</ele>
				<time>2022-08-28T16:45:15Z</time>
			</trkpt>
			<trkpt lat="59.964576100270776" lon="30.3096464826016">
				<ele>3.6784120416268706</ele>
				<time>2022-08-28T16:45:17Z</time>
			</trkpt>
			<trkpt lat="59.96455837238294" lon="30.309648601546677">
				<ele>3.7832266250625253</ele>
				<time>2022-08-28T16:45:18Z</time>
			</trkpt>
			<trkpt lat="59.96454933509121" lon="30.309687482673002">
				<ele>4.581110282801092</ele>
				<time>2022-08-28T16:45:20Z</time>
			</trkpt>
			<trkpt lat="59.964569882048366" lon="30.309753714216306">
				<ele>3.8957122964784503</ele>
				<time>2022-08-28T16:45:21Z</time>
			</trkpt>
			<trkpt lat="59.96457936930288" lon="30.30980308971104">
				<ele>5.293443080969155</ele>
				<time>2022-08-28T16:45:22Z</time>
			</trkpt>
			<trkpt lat="59.96458612916299" lon="30.309836994098497">
				<ele>2.5188636044040322</ele>
				<time>2022-08-28T16:45:23Z</time>
			</trkpt>
			<trkpt lat="59.96461618967557" lon="30.30991318560444">
				<ele>4.7364685125648975</ele>
				<time>2022-08-28T16:45:25Z</time>
			</trkpt>
			<trkpt lat="59.96463283588728" lon="30.309946677163865">
				<ele>1.3846022225916386</ele>
				<time>2022-08-28T16:45:26Z</time>
			</trkpt>
			<trkpt lat="59.9646507132647" lon="30.309965491670052">
				<ele>3.903096379712224</ele>
				<time>2022-08-28T16:45:28Z</time>
			</trkpt>
			<trkpt lat="59.964662856826735" lon="30.31000414426243">
				<ele>5.336418551392853</ele>
				<time>2022-08-28T16:45:31Z</time>
			</trkpt>
			<trkpt lat="59.96468693952765" lon="30.309972851682517">
				<ele>-1.6096869111061096</ele>
				<time>2022-08-28T16:45:45Z</time>
			</trkpt>
			<trkpt lat="59.96469718096193" lon="30.31000621106695">
				<ele>-2.019035848788917</ele>
				<time>2022-08-28T16:45:47Z</time>
			</trkpt>
			<trkpt lat="59.96472158304892" lon="30.310019386604502">
				<ele>-2.017772930674255</ele>
				<time>2022-08-28T16:45:48Z</time>
			</trkpt>
			<trkpt lat="59.96473282098623" lon="30.310071005263783">
				<ele>1.0260855350643396</ele>
				<time>2022-08-28T16:45:50Z</time>
			</trkpt>
			<trkpt lat="59.96475679112967" lon="30.310102692038413">
				<ele>0.17754689138382673</ele>
				<time>2022-08-28T16:45:52Z</time>
			</trkpt>
			<trkpt lat="59.964789806984435" lon="30.310142533098343">
				<ele>0.6388156907632947</ele>
				<time>2022-08-28T16:45:54Z</time>
			</trkpt>
			<trkpt lat="59.96481525976065" lon="30.310164650450286">
				<ele>2.9923569783568382</ele>
				<time>2022-08-28T16:45:56Z</time>
			</trkpt>
			<trkpt lat="59.964822437826946" lon="30.310203282253802">
				<ele>-3.4760864032432437</ele>
				<time>2022-08-28T16:45:58Z</time>
			</trkpt>
			<trkpt lat="59.964844725570465" lon="30.310214479834297">
				<ele>-4.462267776019871</ele>
				<time>2022-08-28T16:46:00Z</time>
			</trkpt>
			<trkpt lat="59.964870792842554" lon="30.310244773210886">
				<ele>-3.1116332495585084</ele>
				<time>2022-08-28T16:46:02Z</time>
			</trkpt>
			<trkpt lat="59.96489350150376" lon="30.31029217602069">
				<ele>-1.2127610556781292</ele>
				<time>2022-08-28T16:46:04Z</time>
			</trkpt>
			<trkpt lat="59.96492090462533" lon="30.310322286723153">
				<ele>0.4473631549626589</ele>
				<time>2022-08-28T16:46:06Z</time>
			</trkpt>
			<trkpt lat="59.9649353666432" lon="30.310359666100755">
				<ele>-0.11337749753147364</ele>
				<time>2022-08-28T16:46:07Z</time>
			</trkpt>
			<trkpt lat="59.96495445050344" lon="30.310383309334537">
				<ele>-2.1631608894094825</ele>
				<time>2022-08-28T16:46:12Z</time>
			</trkpt>
			<trkpt lat="59.964977119038274" lon="30.310419912344052">
				<ele>-2.5333429351449013</ele>
				<time>2022-08-28T16:46:14Z</time>
			</trkpt>
			<trkpt lat="59.96499986775126" lon="30.31045089179015">
				<ele>-1.1213909098878503</ele>
				<time>2022-08-28T16:46:17Z</time>
			</trkpt>
			<trkpt lat="59.965018566267084" lon="30.31048886925422">
				<ele>-2.3619035985320807</ele>
				<time>2022-08-28T16:46:19Z</time>
			</trkpt>
			<trkpt lat="59.965037726170735" lon="30.310489367598528">
				<ele>0.549254939891398</ele>
				<time>2022-08-28T16:46:20Z</time>
			</trkpt>
			<trkpt lat="59.9650609328144" lon="30.310512995798064">
				<ele>0.24817138724029064</ele>
				<time>2022-08-28T16:46:22Z</time>
			</trkpt>
			<trkpt lat="59.96507556417482" lon="30.310551607318818">
				<ele>-0.5259941155090928</ele>
				<time>2022-08-28T16:46:23Z</time>
			</trkpt>
			<trkpt lat="59.96509418512556" lon="30.310554580233024">
				<ele>-0.04791588708758354</ele>
				<time>2022-08-28T16:46:26Z</time>
			</trkpt>
			<trkpt lat="59.965072661050876" lon="30.310590996575343">
				<ele>-0.682891521602869</ele>
				<time>2022-08-28T16:46:28Z</time>
			</trkpt>
			<trkpt lat="59.96511528578698" lon="30.310584281925642">
				<ele>2.468736670911312</ele>
				<time>2022-08-28T16:46:38Z</time>
			</trkpt>
			<trkpt lat="59.965130692674876" lon="30.310624339237997">
				<ele>2.164073035120964</ele>
				<time>2022-08-28T16:46:40Z</time>
			</trkpt>
			<trkpt lat="59.96515449502742" lon="30.310626235506593">
				<ele>3.2380580734461546</ele>
				<time>2022-08-28T16:46:42Z</time>
			</trkpt>
			<trkpt lat="59.96516446874736" lon="30.310664329824032">
				<ele>5.372445338405669</ele>
				<time>2022-08-28T16:46:44Z</time>
			</trkpt>
			<trkpt lat="59.96517815734332" lon="30.310703694427733">
				<ele>4.366260370239615</ele>
				<time>2022-08-28T16:46:48Z</time>
			</trkpt>
			<trkpt lat="59.965204609197215" lon="30.310741229748565">
				<ele>6.368275582790375</ele>
				<time>2022-08-28T16:46:49Z</time>
			</trkpt>
			<trkpt lat="59.965202475281664" lon="30.31077727928166">
				<ele>-2.390331777743995</ele>
				<time>2022-08-28T16:46:52Z</time>
			</trkpt>
			<trkpt lat="59.96522103792704" lon="30.31073729209889">
				<ele>-4.633607937023044</ele>
				<time>2022-08-28T16:46:53Z</time>
			</trkpt>
			<trkpt lat="59.965225663607185" lon="30.310832788723935">
				<ele>-3.8386410418897867</ele>
				<time>2022-08-28T16:46:54Z</time>
			</trkpt>
			<trkpt lat="59.965243268411896" lon="30.310862367283956">
				<ele>-1.9552206257358193</ele>
				<time>2022-08-28T16:46:55Z</time>
			</trkpt>
			<trkpt lat="59.96526298230092" lon="30.310844098545278">
				<ele>-2.3041609432548285</ele>
				<time>2022-08-28T16:46:57Z</time>
			</trkpt>
			<trkpt lat="59.965282923220926" lon="30.310862283309653">
				<ele>-2.4636137103661895</ele>
				<time>2022-08-28T16:46:59Z</time>
			</trkpt>
			<trkpt lat="59.96528920182622" lon="30.310914172672025">
				<ele>-2.1825313372537494</ele>
				<time>2022-08-28T16:47:01Z</time>
			</trkpt>
			<trkpt lat="59.965298654501645" lon="30.310946000428164">
				<ele>-2.817115020006895</ele>
				<time>2022-08-28T16:47:02Z</time>
			</trkpt>
			<trkpt lat="59.96531249429075" lon="30.310973494461056">
				<ele>-0.9252692796289921</ele>
				<time>2022-08-28T16:47:03Z</time>
			</trkpt>
			<trkpt lat="59.96533261548332" lon="30.310980548505157">
				<ele>-3.933752754703164</ele>
				<time>2022-08-28T16:47:05Z</time>
			</trkpt>
			<trkpt lat="59.965355248051374" lon="30.310962954090627">
				<ele>-7.285796295851469</ele>
				<time>2022-08-28T16:47:07Z</time>
			</trkpt>
			<trkpt lat="59.965356268161614" lon="30.311013543546917">
				<ele>-6.080119195394218</ele>
				<time>2022-08-28T16:47:09Z</time>
			</trkpt>
			<trkpt lat="59.9653637782178" lon="30.31104683802607">
				<ele>-5.957851688377559</ele>
				<time>2022-08-28T16:47:10Z</time>
			</trkpt>
			<trkpt lat="59.96538322528923" lon="30.311104359406475">
				<ele>-3.1663516275584698</ele>
				<time>2022-08-28T16:47:12Z</time>
			</trkpt>
			<trkpt lat="59.96540260256248" lon="30.311100837280772">
				<ele>-5.331807587295771</ele>
				<time>2022-08-28T16:47:14Z</time>
			</trkpt>
			<trkpt lat="59.965420971163624" lon="30.3111245435715">
				<ele>-5.777271654456854</ele>
				<time>2022-08-28T16:47:16Z</time>
			</trkpt>
			<trkpt lat="59.96542732231463" lon="30.311185516568166">
				<ele>-3.9694587709382176</ele>
				<time>2022-08-28T16:47:18Z</time>
			</trkpt>
			<trkpt lat="59.96545283222991" lon="30.31119739862045">
				<ele>-1.6834029154852033</ele>
				<time>2022-08-28T16:47:20Z</time>
			</trkpt>
			<trkpt lat="59.96546692209225" lon="30.31123134039651">
				<ele>-5.673959490843117</ele>
				<time>2022-08-28T16:47:22Z</time>
			</trkpt>
			<trkpt lat="59.96549343043359" lon="30.31124188177624">
				<ele>-5.629821257665753</ele>
				<time>2022-08-28T16:47:24Z</time>
			</trkpt>
			<trkpt lat="59.965513555757305" lon="30.311266759856725">
				<ele>-4.040491360239685</ele>
				<time>2022-08-28T16:47:26Z</time>
			</trkpt>
			<trkpt lat="59.96552684920121" lon="30.31131112033932">
				<ele>-5.366470701992512</ele>
				<time>2022-08-28T16:47:28Z</time>
			</trkpt>
			<trkpt lat="59.96555139731032" lon="30.3113219551703">
				<ele>-6.4298544162884355</ele>
				<time>2022-08-28T16:47:30Z</time>
			</trkpt>
			<trkpt lat="59.96557482810909" lon="30.311320806425023">
				<ele>-5.623473370447755</ele>
				<time>2022-08-28T16:47:32Z</time>
			</trkpt>
			<trkpt lat="59.965581717907774" lon="30.311355222905803">
				<ele>-3.669589763507247</ele>
				<time>2022-08-28T16:47:34Z</time>
			</trkpt>
			<trkpt lat="59.96560110580865" lon="30.311374899821402">
				<ele>-6.015762200579047</ele>
				<time>2022-08-28T16:47:36Z</time>
			</trkpt>
			<trkpt lat="59.96562599113127" lon="30.311400142074188">
				<ele>-8.011998162604868</ele>
				<time>2022-08-28T16:47:39Z</time>
			</trkpt>
			<trkpt lat="59.96564033027391" lon="30.311435664993276">
				<ele>-5.192217282019556</ele>
				<time>2022-08-28T16:47:41Z</time>
			</trkpt>
			<trkpt lat="59.965645667607326" lon="30.31147547461931">
				<ele>-3.9936387864872813</ele>
				<time>2022-08-28T16:47:42Z</time>
			</trkpt>
			<trkpt lat="59.965664737492936" lon="30.31149473880231">
				<ele>-4.991300610825419</ele>
				<time>2022-08-28T16:47:44Z</time>
			</trkpt>
			<trkpt lat="59.96568471586875" lon="30.311466713945354">
				<ele>-5.402398836798966</ele>
				<time>2022-08-28T16:47:46Z</time>
			</trkpt>
			<trkpt lat="59.96568973403269" lon="30.31150984324256">
				<ele>-1.976184781640768</ele>
				<time>2022-08-28T16:47:48Z</time>
			</trkpt>
			<trkpt lat="59.965704319634064" lon="30.311536567989354">
				<ele>1.2672926634550095</ele>
				<time>2022-08-28T16:47:50Z</time>
			</trkpt>
			<trkpt lat="59.96572251058074" lon="30.311526404432247">
				<ele>-2.5011338302865624</ele>
				<time>2022-08-28T16:47:52Z</time>
			</trkpt>
			<trkpt lat="59.96574329099017" lon="30.31150328444041">
				<ele>-5.1203548004850745</ele>
				<time>2022-08-28T16:47:54Z</time>
			</trkpt>
			<trkpt lat="59.96575884436081" lon="30.311476128917896">
				<ele>-3.4456353057175875</ele>
				<time>2022-08-28T16:47:57Z</time>
			</trkpt>
			<trkpt lat="59.96577755357597" lon="30.31146805788135">
				<ele>-1.4745028400793672</ele>
				<time>2022-08-28T16:48:00Z</time>
			</trkpt>
			<trkpt lat="59.965806641737686" lon="30.31143682275044">
				<ele>-2.740462437272072</ele>
				<time>2022-08-28T16:48:04Z</time>
			</trkpt>
			<trkpt lat="59.96582030580711" lon="30.311408221514633">
				<ele>-2.52040490321815</ele>
				<time>2022-08-28T16:48:06Z</time>
			</trkpt>
			<trkpt lat="59.96584012066518" lon="30.31141117763782">
				<ele>5.988268163986504</ele>
				<time>2022-08-28T16:48:08Z</time>
			</trkpt>
			<trkpt lat="59.965858178524435" lon="30.311300513948378">
				<ele>1.2684511104598641</ele>
				<time>2022-08-28T16:48:09Z</time>
			</trkpt>
			<trkpt lat="59.96588574856681" lon="30.311309921434713">
				<ele>0.7059330390766263</ele>
				<time>2022-08-28T16:48:10Z</time>
			</trkpt>
			<trkpt lat="59.96591779599008" lon="30.311320620169138">
				<ele>1.4112809244543314</ele>
				<time>2022-08-28T16:48:12Z</time>
			</trkpt>
			<trkpt lat="59.96593298606217" lon="30.311296367155293">
				<ele>3.5119521729648113</ele>
				<time>2022-08-28T16:48:13Z</time>
			</trkpt>
			<trkpt lat="59.96593694666608" lon="30.31126142378731">
				<ele>0.8934285081923008</ele>
				<time>2022-08-28T16:48:16Z</time>
			</trkpt>
			<trkpt lat="59.96595709657014" lon="30.311242381829558">
				<ele>1.2931229006499052</ele>
				<time>2022-08-28T16:48:17Z</time>
			</trkpt>
			<trkpt lat="59.96597492192714" lon="30.31122241380601">
				<ele>2.6318799033761024</ele>
				<time>2022-08-28T16:48:19Z</time>
			</trkpt>
			<trkpt lat="59.96600465156427" lon="30.311183026478364">
				<ele>3.2409216426312923</ele>
				<time>2022-08-28T16:48:21Z</time>
			</trkpt>
			<trkpt lat="59.966021227659326" lon="30.311155844935804">
				<ele>-2.840118693187833</ele>
				<time>2022-08-28T16:48:23Z</time>
			</trkpt>
			<trkpt lat="59.966043608451066" lon="30.311127260932942">
				<ele>-0.6708277771249413</ele>
				<time>2022-08-28T16:48:26Z</time>
			</trkpt>
			<trkpt lat="59.96606507899654" lon="30.311088575314894">
				<ele>2.4224060447886586</ele>
				<time>2022-08-28T16:48:28Z</time>
			</trkpt>
			<trkpt lat="59.9660482885012" lon="30.310999931173722">
				<ele>1.4030274441465735</ele>
				<time>2022-08-28T16:48:29Z</time>
			</trkpt>
			<trkpt lat="59.96604308152517" lon="30.31092771286419">
				<ele>-0.476111913099885</ele>
				<time>2022-08-28T16:48:31Z</time>
			</trkpt>
			<trkpt lat="59.96603290976962" lon="30.310963777509212">
				<ele>6.250031381845474</ele>
				<time>2022-08-28T16:48:35Z</time>
			</trkpt>
			<trkpt lat="59.96605376062063" lon="30.310956538543135">
				<ele>10.487629355862737</ele>
				<time>2022-08-28T16:48:37Z</time>
			</trkpt>
			<trkpt lat="59.966070568150364" lon="30.31098847224136">
				<ele>12.23844667058438</ele>
				<time>2022-08-28T16:48:40Z</time>
			</trkpt>
			<trkpt lat="59.96610455039869" lon="30.310973660787838">
				<ele>9.924502125009894</ele>
				<time>2022-08-28T16:48:41Z</time>
			</trkpt>
			<trkpt lat="59.96614019469201" lon="30.310956118103306">
				<ele>9.018091822043061</ele>
				<time>2022-08-28T16:48:45Z</time>
			</trkpt>
			<trkpt lat="59.9661593851484" lon="30.31095827106904">
				<ele>9.24235483724624</ele>
				<time>2022-08-28T16:48:49Z</time>
			</trkpt>
			<trkpt lat="59.966161069516374" lon="30.310860117925618">
				<ele>6.009553985670209</ele>
				<time>2022-08-28T16:48:53Z</time>
			</trkpt>
			<trkpt lat="59.96614317415309" lon="30.3108471259757">
				<ele>6.686285094358027</ele>
				<time>2022-08-28T16:48:55Z</time>
			</trkpt>
			<trkpt lat="59.966122848037905" lon="30.31084318648122">
				<ele>6.5009613782167435</ele>
				<time>2022-08-28T16:48:57Z</time>
			</trkpt>
			<trkpt lat="59.96628972199273" lon="30.311134757288006">
				<ele>9.094024658203125</ele>
				<time>2022-08-28T16:49:34Z</time>
			</trkpt>
			<trkpt lat="59.96630397534984" lon="30.311158932924386">
				<ele>13.905558586120605</ele>
				<time>2022-08-28T16:49:35Z</time>
			</trkpt>
			<trkpt lat="59.96625211894048" lon="30.311223102923176">
				<ele>15.09963607788086</ele>
				<time>2022-08-28T16:49:41Z</time>
			</trkpt>
			<trkpt lat="59.96624130462618" lon="30.311360855877158">
				<ele>16.131855010986328</ele>
				<time>2022-08-28T16:49:48Z</time>
			</trkpt>
			<trkpt lat="59.96624064935558" lon="30.311279391910865">
				<ele>16.086915969848633</ele>
				<time>2022-08-28T16:49:56Z</time>
			</trkpt>
			<trkpt lat="59.96625047498929" lon="30.311225000340073">
				<ele>16.18050193786621</ele>
				<time>2022-08-28T16:49:57Z</time>
			</trkpt>
			<trkpt lat="59.96626650590734" lon="30.311198908880353">
				<ele>16.19179344177246</ele>
				<time>2022-08-28T16:50:04Z</time>
			</trkpt>
			<trkpt lat="59.96629163772207" lon="30.311177961693673">
				<ele>16.669025421142578</ele>
				<time>2022-08-28T16:50:06Z</time>
			</trkpt>
			<trkpt lat="59.96631068851799" lon="30.31114335717486">
				<ele>16.786840438842773</ele>
				<time>2022-08-28T16:50:18Z</time>
			</trkpt>
			<trkpt lat="59.96631185780526" lon="30.31115540974017">
				<ele>16.924842834472656</ele>
				<time>2022-08-28T16:50:34Z</time>
			</trkpt>
		</trkseg>
	</trk>
</gpx>
