<?xml version="1.0" encoding="UTF-8"?>
<gpx xmlns:xsi="http://www.w3.org/2001/XMLSchema-instance" xmlns="http://www.topografix.com/GPX/1/1" xsi:schemaLocation="http://www.topografix.com/GPX/1/1 http://www.topografix.com/GPX/1/1/gpx.xsd" version="1.1" creator="Open GPX Tracker for iOS">
	<trk>
		<trkseg>
			<trkpt lat="59.935750901167395" lon="30.32485006059019">
				<ele>-1.9197233589366078</ele>
				<time>2022-08-29T15:41:54Z</time>
			</trkpt>
			<trkpt lat="59.93580100816302" lon="30.324704506813216">
				<ele>-7.076835461892188</ele>
				<time>2022-08-29T15:41:54Z</time>
			</trkpt>
			<trkpt lat="59.93574441854304" lon="30.324719552131143">
				<ele>-1.05783636495471</ele>
				<time>2022-08-29T15:41:55Z</time>
			</trkpt>
			<trkpt lat="59.93574390217969" lon="30.324777944880566">
				<ele>-0.49116497952491045</ele>
				<time>2022-08-29T15:41:56Z</time>
			</trkpt>
			<trkpt lat="59.93579288950214" lon="30.324812466306913">
				<ele>-9.303905410692096</ele>
				<time>2022-08-29T15:41:57Z</time>
			</trkpt>
			<trkpt lat="59.93572922774933" lon="30.32485517257328">
				<ele>-7.971584171056747</ele>
				<time>2022-08-29T15:41:58Z</time>
			</trkpt>
			<trkpt lat="59.93577943405644" lon="30.32480943707819">
				<ele>-8.148927544243634</ele>
				<time>2022-08-29T15:41:59Z</time>
			</trkpt>
			<trkpt lat="59.93582605494669" lon="30.32474469048587">
				<ele>8.270433557219803</ele>
				<time>2022-08-29T15:42:00Z</time>
			</trkpt>
			<trkpt lat="59.93582325598432" lon="30.324823662265334">
				<ele>7.11140264198184</ele>
				<time>2022-08-29T15:42:01Z</time>
			</trkpt>
			<trkpt lat="59.9358460516256" lon="30.324820268236884">
				<ele>3.703834678977728</ele>
				<time>2022-08-29T15:42:04Z</time>
			</trkpt>
			<trkpt lat="59.93586879031754" lon="30.32482068978843">
				<ele>6.636228714138269</ele>
				<time>2022-08-29T15:42:06Z</time>
			</trkpt>
			<trkpt lat="59.935891388417936" lon="30.324845440492403">
				<ele>7.742889601737261</ele>
				<time>2022-08-29T15:42:08Z</time>
			</trkpt>
			<trkpt lat="59.935914125224585" lon="30.324810728513757">
				<ele>10.084018902853131</ele>
				<time>2022-08-29T15:42:10Z</time>
			</trkpt>
			<trkpt lat="59.93594062565677" lon="30.32484192322951">
				<ele>10.905838217586279</ele>
				<time>2022-08-29T15:42:12Z</time>
			</trkpt>
			<trkpt lat="59.9359696315975" lon="30.32485725431479">
				<ele>13.555959904566407</ele>
				<time>2022-08-29T15:42:14Z</time>
			</trkpt>
			<trkpt lat="59.93599891711554" lon="30.324874112354582">
				<ele>7.190881912596524</ele>
				<time>2022-08-29T15:42:17Z</time>
			</trkpt>
			<trkpt lat="59.936007460722415" lon="30.324894507960177">
				<ele>7.770122713409364</ele>
				<time>2022-08-29T15:42:18Z</time>
			</trkpt>
			<trkpt lat="59.93602869013405" lon="30.324902566840223">
				<ele>5.925903489813209</ele>
				<time>2022-08-29T15:42:20Z</time>
			</trkpt>
			<trkpt lat="59.93605580439696" lon="30.32492050877634">
				<ele>5.625156599096954</ele>
				<time>2022-08-29T15:42:22Z</time>
			</trkpt>
			<trkpt lat="59.93612744070117" lon="30.324618535557434">
				<ele>1.7175104822963476</ele>
				<time>2022-08-29T15:42:23Z</time>
			</trkpt>
			<trkpt lat="59.93618879841659" lon="30.324823564695503">
				<ele>1.7707541203126311</ele>
				<time>2022-08-29T15:42:24Z</time>
			</trkpt>
			<trkpt lat="59.93616677362502" lon="30.32479064750992">
				<ele>1.7235987382009625</ele>
				<time>2022-08-29T15:42:25Z</time>
			</trkpt>
			<trkpt lat="59.936156699170525" lon="30.32473057511292">
				<ele>1.8923875307664275</ele>
				<time>2022-08-29T15:42:26Z</time>
			</trkpt>
			<trkpt lat="59.93619210166421" lon="30.324739226758467">
				<ele>3.383455401286483</ele>
				<time>2022-08-29T15:42:27Z</time>
			</trkpt>
			<trkpt lat="59.93627771101034" lon="30.324837889336376">
				<ele>2.5541707994416356</ele>
				<time>2022-08-29T15:42:28Z</time>
			</trkpt>
			<trkpt lat="59.93612357671227" lon="30.324883189248887">
				<ele>6.825582645833492</ele>
				<time>2022-08-29T15:42:29Z</time>
			</trkpt>
			<trkpt lat="59.93607599112819" lon="30.324883533460046">
				<ele>6.8364011365920305</ele>
				<time>2022-08-29T15:42:30Z</time>
			</trkpt>
			<trkpt lat="59.93615562554367" lon="30.324947715101935">
				<ele>7.165432116948068</ele>
				<time>2022-08-29T15:42:31Z</time>
			</trkpt>
			<trkpt lat="59.93617533332526" lon="30.32471338974386">
				<ele>6.670045972801745</ele>
				<time>2022-08-29T15:42:32Z</time>
			</trkpt>
			<trkpt lat="59.93618772481031" lon="30.324847987703993">
				<ele>6.658457129262388</ele>
				<time>2022-08-29T15:42:33Z</time>
			</trkpt>
			<trkpt lat="59.93643360218027" lon="30.324931824608075">
				<ele>43.0943603515625</ele>
				<time>2022-08-29T15:42:34Z</time>
			</trkpt>
			<trkpt lat="59.936275144267626" lon="30.324980186229904">
				<ele>3.637711336836219</ele>
				<time>2022-08-29T15:42:35Z</time>
			</trkpt>
			<trkpt lat="59.936297143817875" lon="30.324955320393567">
				<ele>5.042342696338892</ele>
				<time>2022-08-29T15:42:36Z</time>
			</trkpt>
			<trkpt lat="59.93625964668499" lon="30.324883382657074">
				<ele>9.362137455493212</ele>
				<time>2022-08-29T15:42:38Z</time>
			</trkpt>
			<trkpt lat="59.93630591679988" lon="30.32488727439641">
				<ele>11.81865487061441</ele>
				<time>2022-08-29T15:42:41Z</time>
			</trkpt>
			<trkpt lat="59.9363294061322" lon="30.32490866137409">
				<ele>11.269065342843533</ele>
				<time>2022-08-29T15:42:42Z</time>
			</trkpt>
			<trkpt lat="59.936362968347915" lon="30.324922490084038">
				<ele>9.90955642145127</ele>
				<time>2022-08-29T15:42:45Z</time>
			</trkpt>
			<trkpt lat="59.936387015840374" lon="30.324930617896396">
				<ele>11.571069485507905</ele>
				<time>2022-08-29T15:42:46Z</time>
			</trkpt>
			<trkpt lat="59.936416481887974" lon="30.324935285403196">
				<ele>12.086546550504863</ele>
				<time>2022-08-29T15:42:48Z</time>
			</trkpt>
			<trkpt lat="59.93644900673854" lon="30.32496267959894">
				<ele>12.4115594252944</ele>
				<time>2022-08-29T15:42:50Z</time>
			</trkpt>
			<trkpt lat="59.9364687818265" lon="30.32498171264485">
				<ele>15.020171288400888</ele>
				<time>2022-08-29T15:42:51Z</time>
			</trkpt>
			<trkpt lat="59.93649085270053" lon="30.324985216178817">
				<ele>16.87314844597131</ele>
				<time>2022-08-29T15:42:52Z</time>
			</trkpt>
			<trkpt lat="59.936512128920235" lon="30.32500064107968">
				<ele>15.462708103470504</ele>
				<time>2022-08-29T15:42:53Z</time>
			</trkpt>
			<trkpt lat="59.93654023148649" lon="30.325023327527532">
				<ele>15.692542497999966</ele>
				<time>2022-08-29T15:42:56Z</time>
			</trkpt>
			<trkpt lat="59.93656405159908" lon="30.325012463981555">
				<ele>16.833415437489748</ele>
				<time>2022-08-29T15:42:58Z</time>
			</trkpt>
			<trkpt lat="59.93658814801705" lon="30.325018808371397">
				<ele>15.835899583995342</ele>
				<time>2022-08-29T15:43:00Z</time>
			</trkpt>
			<trkpt lat="59.936612771918114" lon="30.325029920673646">
				<ele>16.29588301293552</ele>
				<time>2022-08-29T15:43:02Z</time>
			</trkpt>
			<trkpt lat="59.93662928898276" lon="30.325047748924025">
				<ele>17.721847576089203</ele>
				<time>2022-08-29T15:43:03Z</time>
			</trkpt>
			<trkpt lat="59.93664925028208" lon="30.32505913747248">
				<ele>18.508294532075524</ele>
				<time>2022-08-29T15:43:04Z</time>
			</trkpt>
			<trkpt lat="59.936669088416835" lon="30.325062162351546">
				<ele>17.80880756955594</ele>
				<time>2022-08-29T15:43:05Z</time>
			</trkpt>
			<trkpt lat="59.93669030949478" lon="30.32506944592476">
				<ele>14.46724882721901</ele>
				<time>2022-08-29T15:43:09Z</time>
			</trkpt>
			<trkpt lat="59.936727859123486" lon="30.325082771469653">
				<ele>17.527699198573828</ele>
				<time>2022-08-29T15:43:12Z</time>
			</trkpt>
			<trkpt lat="59.936750535166226" lon="30.32508594614403">
				<ele>17.365797760896385</ele>
				<time>2022-08-29T15:43:16Z</time>
			</trkpt>
			<trkpt lat="59.93679088574518" lon="30.325124462720648">
				<ele>17.170423159375787</ele>
				<time>2022-08-29T15:43:18Z</time>
			</trkpt>
			<trkpt lat="59.93681600458486" lon="30.325138129660242">
				<ele>16.10185699723661</ele>
				<time>2022-08-29T15:43:20Z</time>
			</trkpt>
			<trkpt lat="59.93683769136079" lon="30.325140758664478">
				<ele>19.36178241018206</ele>
				<time>2022-08-29T15:43:22Z</time>
			</trkpt>
			<trkpt lat="59.93686756352871" lon="30.325142039635885">
				<ele>20.64587653428316</ele>
				<time>2022-08-29T15:43:25Z</time>
			</trkpt>
			<trkpt lat="59.93689566092226" lon="30.325149803967">
				<ele>19.88034626841545</ele>
				<time>2022-08-29T15:43:27Z</time>
			</trkpt>
			<trkpt lat="59.93692195170063" lon="30.32516580521284">
				<ele>21.3774633994326</ele>
				<time>2022-08-29T15:43:29Z</time>
			</trkpt>
			<trkpt lat="59.93694301471421" lon="30.32518266339005">
				<ele>21.683308059349656</ele>
				<time>2022-08-29T15:43:31Z</time>
			</trkpt>
			<trkpt lat="59.93697183239217" lon="30.32519044800056">
				<ele>22.362685725092888</ele>
				<time>2022-08-29T15:43:33Z</time>
			</trkpt>
			<trkpt lat="59.9369890908328" lon="30.325201987819575">
				<ele>21.55881786812097</ele>
				<time>2022-08-29T15:43:35Z</time>
			</trkpt>
			<trkpt lat="59.937030304146724" lon="30.32522637132371">
				<ele>24.476165756583214</ele>
				<time>2022-08-29T15:43:38Z</time>
			</trkpt>
			<trkpt lat="59.937050900932874" lon="30.325234251275194">
				<ele>22.701956286095083</ele>
				<time>2022-08-29T15:43:41Z</time>
			</trkpt>
			<trkpt lat="59.937072564417825" lon="30.325250504114646">
				<ele>20.507684962823987</ele>
				<time>2022-08-29T15:43:43Z</time>
			</trkpt>
			<trkpt lat="59.93710868834222" lon="30.325246779567358">
				<ele>20.964961230754852</ele>
				<time>2022-08-29T15:43:48Z</time>
			</trkpt>
			<trkpt lat="59.93713300069128" lon="30.325252669476246">
				<ele>22.535191190429032</ele>
				<time>2022-08-29T15:43:49Z</time>
			</trkpt>
			<trkpt lat="59.93714116185752" lon="30.325309318216416">
				<ele>20.206077994778752</ele>
				<time>2022-08-29T15:43:53Z</time>
			</trkpt>
			<trkpt lat="59.937162887789945" lon="30.325310270377198">
				<ele>21.021602631546557</ele>
				<time>2022-08-29T15:43:54Z</time>
			</trkpt>
			<trkpt lat="59.937186200488256" lon="30.32528527716311">
				<ele>21.454320427961648</ele>
				<time>2022-08-29T15:43:56Z</time>
			</trkpt>
			<trkpt lat="59.9372014993938" lon="30.325259103289934">
				<ele>20.660266425460577</ele>
				<time>2022-08-29T15:43:57Z</time>
			</trkpt>
			<trkpt lat="59.93722623243544" lon="30.325233269027024">
				<ele>20.58462234120816</ele>
				<time>2022-08-29T15:44:00Z</time>
			</trkpt>
			<trkpt lat="59.93724885520491" lon="30.32520302625157">
				<ele>20.427576201036572</ele>
				<time>2022-08-29T15:44:04Z</time>
			</trkpt>
			<trkpt lat="59.937253249195905" lon="30.32515851183004">
				<ele>18.159322226420045</ele>
				<time>2022-08-29T15:44:06Z</time>
			</trkpt>
			<trkpt lat="59.937277715171675" lon="30.325139357563643">
				<ele>17.494686959311366</ele>
				<time>2022-08-29T15:44:09Z</time>
			</trkpt>
			<trkpt lat="59.937294764642076" lon="30.325163178225225">
				<ele>17.46012778673321</ele>
				<time>2022-08-29T15:44:12Z</time>
			</trkpt>
			<trkpt lat="59.93731406770821" lon="30.325180950919307">
				<ele>17.446493986062706</ele>
				<time>2022-08-29T15:44:14Z</time>
			</trkpt>
			<trkpt lat="59.93733339414455" lon="30.325174678451553">
				<ele>16.670683211646974</ele>
				<time>2022-08-29T15:44:16Z</time>
			</trkpt>
			<trkpt lat="59.93735299583161" lon="30.325202396361203">
				<ele>16.909912350587547</ele>
				<time>2022-08-29T15:44:19Z</time>
			</trkpt>
			<trkpt lat="59.937380676606544" lon="30.325208022336945">
				<ele>17.32412719540298</ele>
				<time>2022-08-29T15:44:22Z</time>
			</trkpt>
			<trkpt lat="59.93739515803612" lon="30.32524210645857">
				<ele>16.380555706098676</ele>
				<time>2022-08-29T15:44:24Z</time>
			</trkpt>
			<trkpt lat="59.93741256945639" lon="30.325284285337332">
				<ele>15.58976933825761</ele>
				<time>2022-08-29T15:44:27Z</time>
			</trkpt>
			<trkpt lat="59.93742415577379" lon="30.32531793837942">
				<ele>15.981042549014091</ele>
				<time>2022-08-29T15:44:29Z</time>
			</trkpt>
			<trkpt lat="59.93744156993234" lon="30.325345214078137">
				<ele>14.991732829250395</ele>
				<time>2022-08-29T15:44:32Z</time>
			</trkpt>
			<trkpt lat="59.937460545947026" lon="30.325358006792868">
				<ele>14.608335169032216</ele>
				<time>2022-08-29T15:44:34Z</time>
			</trkpt>
			<trkpt lat="59.93748504425816" lon="30.325371235080713">
				<ele>13.806781331077218</ele>
				<time>2022-08-29T15:44:37Z</time>
			</trkpt>
			<trkpt lat="59.93751411703989" lon="30.325374857092402">
				<ele>13.95644348487258</ele>
				<time>2022-08-29T15:44:39Z</time>
			</trkpt>
			<trkpt lat="59.93754442049916" lon="30.325381514710077">
				<ele>14.55601587984711</ele>
				<time>2022-08-29T15:44:41Z</time>
			</trkpt>
			<trkpt lat="59.93757069940099" lon="30.325398411666285">
				<ele>13.979830538854003</ele>
				<time>2022-08-29T15:44:43Z</time>
			</trkpt>
			<trkpt lat="59.937591741851264" lon="30.325413118765248">
				<ele>15.602206097915769</ele>
				<time>2022-08-29T15:44:45Z</time>
			</trkpt>
			<trkpt lat="59.93760906685235" lon="30.32542619037816">
				<ele>14.829857508651912</ele>
				<time>2022-08-29T15:44:47Z</time>
			</trkpt>
			<trkpt lat="59.9376408665547" lon="30.325399043309535">
				<ele>12.624244737438858</ele>
				<time>2022-08-29T15:44:49Z</time>
			</trkpt>
			<trkpt lat="59.937660816744845" lon="30.325386832646434">
				<ele>15.745112168602645</ele>
				<time>2022-08-29T15:44:50Z</time>
			</trkpt>
			<trkpt lat="59.93769120771906" lon="30.325352871292584">
				<ele>15.813559468835592</ele>
				<time>2022-08-29T15:44:52Z</time>
			</trkpt>
			<trkpt lat="59.93771714904837" lon="30.32537282575285">
				<ele>17.8251701137051</ele>
				<time>2022-08-29T15:44:54Z</time>
			</trkpt>
			<trkpt lat="59.93773627256998" lon="30.32533562305501">
				<ele>14.675072466954589</ele>
				<time>2022-08-29T15:44:56Z</time>
			</trkpt>
			<trkpt lat="59.93774246683434" lon="30.325379553132567">
				<ele>15.63002656865865</ele>
				<time>2022-08-29T15:44:59Z</time>
			</trkpt>
			<trkpt lat="59.93775787827602" lon="30.32541492478491">
				<ele>14.642018094658852</ele>
				<time>2022-08-29T15:45:01Z</time>
			</trkpt>
			<trkpt lat="59.9377717991987" lon="30.32544910434347">
				<ele>16.674531649798155</ele>
				<time>2022-08-29T15:45:02Z</time>
			</trkpt>
			<trkpt lat="59.93779039124769" lon="30.32546777153445">
				<ele>12.67235242947936</ele>
				<time>2022-08-29T15:45:04Z</time>
			</trkpt>
			<trkpt lat="59.93781146937977" lon="30.325472887716366">
				<ele>12.227575367316604</ele>
				<time>2022-08-29T15:45:06Z</time>
			</trkpt>
			<trkpt lat="59.93782342748611" lon="30.325502384964548">
				<ele>14.301758637651801</ele>
				<time>2022-08-29T15:45:07Z</time>
			</trkpt>
			<trkpt lat="59.937853845775884" lon="30.32554275528183">
				<ele>13.801747526973486</ele>
				<time>2022-08-29T15:45:09Z</time>
			</trkpt>
			<trkpt lat="59.93785804321924" lon="30.325596062954812">
				<ele>13.734241230413318</ele>
				<time>2022-08-29T15:45:10Z</time>
			</trkpt>
			<trkpt lat="59.9378737430543" lon="30.325647767016733">
				<ele>14.288222302682698</ele>
				<time>2022-08-29T15:45:12Z</time>
			</trkpt>
			<trkpt lat="59.937893109075944" lon="30.325663469703283">
				<ele>10.824412712827325</ele>
				<time>2022-08-29T15:45:15Z</time>
			</trkpt>
			<trkpt lat="59.9379085120388" lon="30.325683003389607">
				<ele>12.22866934724152</ele>
				<time>2022-08-29T15:45:17Z</time>
			</trkpt>
			<trkpt lat="59.93792777935277" lon="30.325715871586546">
				<ele>11.8087884709239</ele>
				<time>2022-08-29T15:45:19Z</time>
			</trkpt>
			<trkpt lat="59.93794268113516" lon="30.325749153125688">
				<ele>13.511600523255765</ele>
				<time>2022-08-29T15:45:21Z</time>
			</trkpt>
			<trkpt lat="59.93795817929875" lon="30.3257287263842">
				<ele>9.640149489976466</ele>
				<time>2022-08-29T15:45:23Z</time>
			</trkpt>
			<trkpt lat="59.93797656129777" lon="30.325717300280463">
				<ele>11.206861108541489</ele>
				<time>2022-08-29T15:45:25Z</time>
			</trkpt>
			<trkpt lat="59.938004476991225" lon="30.325695290763527">
				<ele>11.341100385412574</ele>
				<time>2022-08-29T15:45:27Z</time>
			</trkpt>
			<trkpt lat="59.93803380506979" lon="30.325675483613715">
				<ele>13.451838007196784</ele>
				<time>2022-08-29T15:45:29Z</time>
			</trkpt>
			<trkpt lat="59.93804829754669" lon="30.32563497434823">
				<ele>10.356268709525466</ele>
				<time>2022-08-29T15:45:31Z</time>
			</trkpt>
			<trkpt lat="59.938077760432904" lon="30.32561492482337">
				<ele>13.317216515541077</ele>
				<time>2022-08-29T15:45:33Z</time>
			</trkpt>
			<trkpt lat="59.938094929300235" lon="30.325628307470467">
				<ele>13.192480834200978</ele>
				<time>2022-08-29T15:45:34Z</time>
			</trkpt>
			<trkpt lat="59.93813257294501" lon="30.32561995297191">
				<ele>14.480701156891882</ele>
				<time>2022-08-29T15:45:36Z</time>
			</trkpt>
			<trkpt lat="59.938154422263345" lon="30.325617199042796">
				<ele>11.703272674232721</ele>
				<time>2022-08-29T15:45:39Z</time>
			</trkpt>
			<trkpt lat="59.93818195057707" lon="30.325623984170917">
				<ele>10.17244493123144</ele>
				<time>2022-08-29T15:45:43Z</time>
			</trkpt>
			<trkpt lat="59.93820464129581" lon="30.32562949287195">
				<ele>10.92324846982956</ele>
				<time>2022-08-29T15:45:45Z</time>
			</trkpt>
			<trkpt lat="59.93823139000993" lon="30.325647957831418">
				<ele>10.109690299257636</ele>
				<time>2022-08-29T15:45:48Z</time>
			</trkpt>
			<trkpt lat="59.938249350634614" lon="30.325688746554345">
				<ele>11.33872258476913</ele>
				<time>2022-08-29T15:45:49Z</time>
			</trkpt>
			<trkpt lat="59.9382787017636" lon="30.325661341601823">
				<ele>11.65891709458083</ele>
				<time>2022-08-29T15:45:51Z</time>
			</trkpt>
			<trkpt lat="59.93830574375653" lon="30.325620538090075">
				<ele>12.66998652741313</ele>
				<time>2022-08-29T15:45:52Z</time>
			</trkpt>
			<trkpt lat="59.9383186923319" lon="30.325571397359433">
				<ele>9.931368032470345</ele>
				<time>2022-08-29T15:45:53Z</time>
			</trkpt>
			<trkpt lat="59.938346026590274" lon="30.325547752183844">
				<ele>11.909341998398304</ele>
				<time>2022-08-29T15:45:55Z</time>
			</trkpt>
			<trkpt lat="59.93836837098085" lon="30.325562529763598">
				<ele>12.08685796149075</ele>
				<time>2022-08-29T15:45:57Z</time>
			</trkpt>
			<trkpt lat="59.93839347295364" lon="30.325529903299866">
				<ele>12.352524464018643</ele>
				<time>2022-08-29T15:46:00Z</time>
			</trkpt>
			<trkpt lat="59.93841882236449" lon="30.325550775509903">
				<ele>9.466403127647936</ele>
				<time>2022-08-29T15:46:02Z</time>
			</trkpt>
			<trkpt lat="59.9384280829829" lon="30.32560378605151">
				<ele>8.76100105047226</ele>
				<time>2022-08-29T15:46:03Z</time>
			</trkpt>
			<trkpt lat="59.93844754403286" lon="30.325639540577203">
				<ele>10.811627187766135</ele>
				<time>2022-08-29T15:46:04Z</time>
			</trkpt>
			<trkpt lat="59.93846799037795" lon="30.325665349017804">
				<ele>12.553227752447128</ele>
				<time>2022-08-29T15:46:06Z</time>
			</trkpt>
			<trkpt lat="59.93848335329798" lon="30.325692156600624">
				<ele>12.706999494694173</ele>
				<time>2022-08-29T15:46:07Z</time>
			</trkpt>
			<trkpt lat="59.93849010243831" lon="30.325752783114645">
				<ele>14.977987148799002</ele>
				<time>2022-08-29T15:46:08Z</time>
			</trkpt>
			<trkpt lat="59.93849543305378" lon="30.325792496214518">
				<ele>15.125160731375217</ele>
				<time>2022-08-29T15:46:09Z</time>
			</trkpt>
			<trkpt lat="59.93847911168121" lon="30.325845214354576">
				<ele>12.566242976114154</ele>
				<time>2022-08-29T15:46:11Z</time>
			</trkpt>
			<trkpt lat="59.93848851535515" lon="30.325883125351478">
				<ele>14.258960912004113</ele>
				<time>2022-08-29T15:46:12Z</time>
			</trkpt>
			<trkpt lat="59.93850736406444" lon="30.325881988952737">
				<ele>13.374341039918363</ele>
				<time>2022-08-29T15:46:14Z</time>
			</trkpt>
			<trkpt lat="59.9385279894407" lon="30.32589559904839">
				<ele>15.154919513501227</ele>
				<time>2022-08-29T15:46:16Z</time>
			</trkpt>
			<trkpt lat="59.93855220339367" lon="30.325896066714154">
				<ele>12.338007185608149</ele>
				<time>2022-08-29T15:46:19Z</time>
			</trkpt>
			<trkpt lat="59.93857349268256" lon="30.325891090861088">
				<ele>13.871469900943339</ele>
				<time>2022-08-29T15:46:21Z</time>
			</trkpt>
			<trkpt lat="59.938590180398236" lon="30.32590461810316">
				<ele>13.035025105811656</ele>
				<time>2022-08-29T15:46:23Z</time>
			</trkpt>
			<trkpt lat="59.93860886661659" lon="30.325888001832233">
				<ele>13.373438310809433</ele>
				<time>2022-08-29T15:46:25Z</time>
			</trkpt>
			<trkpt lat="59.938619433409606" lon="30.325849066219316">
				<ele>11.159917972050607</ele>
				<time>2022-08-29T15:46:26Z</time>
			</trkpt>
			<trkpt lat="59.938644161997615" lon="30.325871496694496">
				<ele>10.283372843638062</ele>
				<time>2022-08-29T15:46:29Z</time>
			</trkpt>
			<trkpt lat="59.938663763640434" lon="30.325843633042087">
				<ele>12.84277381747961</ele>
				<time>2022-08-29T15:46:30Z</time>
			</trkpt>
			<trkpt lat="59.9386574199327" lon="30.325890800042586">
				<ele>10.277867905795574</ele>
				<time>2022-08-29T15:46:32Z</time>
			</trkpt>
			<trkpt lat="59.938685594065966" lon="30.325912098723887">
				<ele>12.710192486643791</ele>
				<time>2022-08-29T15:46:34Z</time>
			</trkpt>
			<trkpt lat="59.93871191504136" lon="30.3259292447233">
				<ele>8.736769280396402</ele>
				<time>2022-08-29T15:46:37Z</time>
			</trkpt>
			<trkpt lat="59.93873035005279" lon="30.32593661029608">
				<ele>10.380149407312274</ele>
				<time>2022-08-29T15:46:39Z</time>
			</trkpt>
			<trkpt lat="59.93875062918049" lon="30.32592019295956">
				<ele>10.77232180442661</ele>
				<time>2022-08-29T15:46:41Z</time>
			</trkpt>
			<trkpt lat="59.938766386955116" lon="30.325961437949516">
				<ele>8.64794649835676</ele>
				<time>2022-08-29T15:46:43Z</time>
			</trkpt>
			<trkpt lat="59.93879187143682" lon="30.32600772716753">
				<ele>9.988137769512832</ele>
				<time>2022-08-29T15:46:46Z</time>
			</trkpt>
			<trkpt lat="59.93881472459844" lon="30.326016669109123">
				<ele>10.159033029340208</ele>
				<time>2022-08-29T15:46:48Z</time>
			</trkpt>
			<trkpt lat="59.93884910118486" lon="30.325976014276282">
				<ele>12.193965272046626</ele>
				<time>2022-08-29T15:46:51Z</time>
			</trkpt>
			<trkpt lat="59.93885990976569" lon="30.325924876173623">
				<ele>9.558056672103703</ele>
				<time>2022-08-29T15:46:53Z</time>
			</trkpt>
			<trkpt lat="59.93887615660537" lon="30.325891485642725">
				<ele>9.689392351545393</ele>
				<time>2022-08-29T15:46:58Z</time>
			</trkpt>
			<trkpt lat="59.93888435278706" lon="30.32584814736778">
				<ele>5.0456655994057655</ele>
				<time>2022-08-29T15:47:00Z</time>
			</trkpt>
			<trkpt lat="59.93889019471338" lon="30.32581053723256">
				<ele>4.519657026045024</ele>
				<time>2022-08-29T15:47:02Z</time>
			</trkpt>
			<trkpt lat="59.9388892220244" lon="30.32575520115312">
				<ele>5.534381991252303</ele>
				<time>2022-08-29T15:47:04Z</time>
			</trkpt>
			<trkpt lat="59.93889619456459" lon="30.325711250130897">
				<ele>4.20372736826539</ele>
				<time>2022-08-29T15:47:05Z</time>
			</trkpt>
			<trkpt lat="59.93891448245421" lon="30.325677441431832">
				<ele>4.1006155060604215</ele>
				<time>2022-08-29T15:47:07Z</time>
			</trkpt>
			<trkpt lat="59.93894440564196" lon="30.325650164928067">
				<ele>4.074452030472457</ele>
				<time>2022-08-29T15:47:09Z</time>
			</trkpt>
			<trkpt lat="59.93895556059771" lon="30.325616970784143">
				<ele>1.9523175926879048</ele>
				<time>2022-08-29T15:47:11Z</time>
			</trkpt>
			<trkpt lat="59.93897071169833" lon="30.32558106073991">
				<ele>3.33281937148422</ele>
				<time>2022-08-29T15:47:13Z</time>
			</trkpt>
			<trkpt lat="59.93899852034296" lon="30.32554411584327">
				<ele>1.8863268978893757</ele>
				<time>2022-08-29T15:47:15Z</time>
			</trkpt>
			<trkpt lat="59.939012762115006" lon="30.325521623512042">
				<ele>3.419631921686232</ele>
				<time>2022-08-29T15:47:17Z</time>
			</trkpt>
			<trkpt lat="59.938981616664364" lon="30.32547187903802">
				<ele>4.361598423682153</ele>
				<time>2022-08-29T15:47:18Z</time>
			</trkpt>
			<trkpt lat="59.9389749084386" lon="30.325425962300326">
				<ele>-1.003986450843513</ele>
				<time>2022-08-29T15:47:20Z</time>
			</trkpt>
			<trkpt lat="59.938949530961004" lon="30.325351659918677">
				<ele>-3.534790864214301</ele>
				<time>2022-08-29T15:47:22Z</time>
			</trkpt>
			<trkpt lat="59.93895473386448" lon="30.325300879131554">
				<ele>-1.4139913516119123</ele>
				<time>2022-08-29T15:47:25Z</time>
			</trkpt>
			<trkpt lat="59.93894744675413" lon="30.325263078318894">
				<ele>-1.0342808552086353</ele>
				<time>2022-08-29T15:47:27Z</time>
			</trkpt>
			<trkpt lat="59.938941764688444" lon="30.325209009710992">
				<ele>-2.250025321729481</ele>
				<time>2022-08-29T15:47:29Z</time>
			</trkpt>
			<trkpt lat="59.938941672291655" lon="30.325158018007027">
				<ele>-3.9655867721885443</ele>
				<time>2022-08-29T15:47:31Z</time>
			</trkpt>
			<trkpt lat="59.93896089771214" lon="30.32511111614622">
				<ele>-5.3050256269052625</ele>
				<time>2022-08-29T15:47:33Z</time>
			</trkpt>
			<trkpt lat="59.93896653596077" lon="30.325065908024946">
				<ele>-2.0753025906160474</ele>
				<time>2022-08-29T15:47:35Z</time>
			</trkpt>
			<trkpt lat="59.93898786794326" lon="30.325046513168676">
				<ele>-2.721338761970401</ele>
				<time>2022-08-29T15:47:36Z</time>
			</trkpt>
			<trkpt lat="59.93899316423637" lon="30.324998133342046">
				<ele>-2.4671635637059808</ele>
				<time>2022-08-29T15:47:39Z</time>
			</trkpt>
			<trkpt lat="59.939001728028245" lon="30.32496069567834">
				<ele>-5.198604756034911</ele>
				<time>2022-08-29T15:47:41Z</time>
			</trkpt>
			<trkpt lat="59.938992928123405" lon="30.32491275269684">
				<ele>-9.20493670552969</ele>
				<time>2022-08-29T15:47:43Z</time>
			</trkpt>
			<trkpt lat="59.93899759258949" lon="30.32487306400652">
				<ele>-9.109538671560585</ele>
				<time>2022-08-29T15:47:44Z</time>
			</trkpt>
			<trkpt lat="59.93899169509148" lon="30.324807137130197">
				<ele>-5.120568932965398</ele>
				<time>2022-08-29T15:47:46Z</time>
			</trkpt>
			<trkpt lat="59.939004673328505" lon="30.32478216482813">
				<ele>-6.564770461991429</ele>
				<time>2022-08-29T15:47:47Z</time>
			</trkpt>
			<trkpt lat="59.93898152400809" lon="30.32477388739109">
				<ele>-7.150878602638841</ele>
				<time>2022-08-29T15:47:48Z</time>
			</trkpt>
			<trkpt lat="59.939006462642986" lon="30.324741115685022">
				<ele>-5.4090037774294615</ele>
				<time>2022-08-29T15:47:50Z</time>
			</trkpt>
			<trkpt lat="59.939023893959664" lon="30.324687759145412">
				<ele>-8.716272896155715</ele>
				<time>2022-08-29T15:47:52Z</time>
			</trkpt>
			<trkpt lat="59.939034576389695" lon="30.32465772055835">
				<ele>-9.435254071839154</ele>
				<time>2022-08-29T15:47:53Z</time>
			</trkpt>
			<trkpt lat="59.93906732530386" lon="30.32463644602828">
				<ele>-8.811120523139834</ele>
				<time>2022-08-29T15:47:54Z</time>
			</trkpt>
			<trkpt lat="59.939063701643136" lon="30.324599711022255">
				<ele>-7.5178267220035195</ele>
				<time>2022-08-29T15:47:55Z</time>
			</trkpt>
			<trkpt lat="59.93909705994786" lon="30.3245882543144">
				<ele>-8.403252678923309</ele>
				<time>2022-08-29T15:47:56Z</time>
			</trkpt>
			<trkpt lat="59.93909586555898" lon="30.32454234824718">
				<ele>-8.736818796023726</ele>
				<time>2022-08-29T15:47:58Z</time>
			</trkpt>
			<trkpt lat="59.93909855217179" lon="30.324503825108106">
				<ele>-9.478336659260094</ele>
				<time>2022-08-29T15:48:00Z</time>
			</trkpt>
			<trkpt lat="59.93911697389954" lon="30.324464150869">
				<ele>-11.176628871820867</ele>
				<time>2022-08-29T15:48:02Z</time>
			</trkpt>
			<trkpt lat="59.93913493103792" lon="30.32443223376576">
				<ele>-10.11584766022861</ele>
				<time>2022-08-29T15:48:04Z</time>
			</trkpt>
			<trkpt lat="59.9391357890638" lon="30.32438985562743">
				<ele>-10.928252669982612</ele>
				<time>2022-08-29T15:48:07Z</time>
			</trkpt>
			<trkpt lat="59.9391247912368" lon="30.32435284832117">
				<ele>-10.142915016971529</ele>
				<time>2022-08-29T15:48:09Z</time>
			</trkpt>
			<trkpt lat="59.939105363073594" lon="30.324328230057024">
				<ele>-13.775293505750597</ele>
				<time>2022-08-29T15:48:11Z</time>
			</trkpt>
			<trkpt lat="59.93911304301086" lon="30.324292610027825">
				<ele>-11.811750805936754</ele>
				<time>2022-08-29T15:48:12Z</time>
			</trkpt>
			<trkpt lat="59.93909983960922" lon="30.324240552932707">
				<ele>-12.102369546890259</ele>
				<time>2022-08-29T15:48:14Z</time>
			</trkpt>
			<trkpt lat="59.939080859060326" lon="30.324191249456383">
				<ele>-9.460979935713112</ele>
				<time>2022-08-29T15:48:16Z</time>
			</trkpt>
			<trkpt lat="59.939100214037424" lon="30.324153478228965">
				<ele>-5.9587133545428514</ele>
				<time>2022-08-29T15:48:19Z</time>
			</trkpt>
			<trkpt lat="59.93909539298062" lon="30.324116478957052">
				<ele>-6.972336110658944</ele>
				<time>2022-08-29T15:48:20Z</time>
			</trkpt>
			<trkpt lat="59.939093692647994" lon="30.32407991371674">
				<ele>-7.005429225042462</ele>
				<time>2022-08-29T15:48:21Z</time>
			</trkpt>
			<trkpt lat="59.939101004773725" lon="30.324047157833196">
				<ele>-8.526681871153414</ele>
				<time>2022-08-29T15:48:23Z</time>
			</trkpt>
			<trkpt lat="59.93908531060481" lon="30.324002000326725">
				<ele>-7.821935656480491</ele>
				<time>2022-08-29T15:48:25Z</time>
			</trkpt>
			<trkpt lat="59.93908258133495" lon="30.323950457657123">
				<ele>-13.047536802478135</ele>
				<time>2022-08-29T15:48:30Z</time>
			</trkpt>
			<trkpt lat="59.93909618853105" lon="30.32392303044762">
				<ele>-12.813193148933351</ele>
				<time>2022-08-29T15:48:31Z</time>
			</trkpt>
			<trkpt lat="59.939114334229664" lon="30.32391221657731">
				<ele>-12.50658955797553</ele>
				<time>2022-08-29T15:48:33Z</time>
			</trkpt>
			<trkpt lat="59.93913294251912" lon="30.323921021797133">
				<ele>-10.124825445003808</ele>
				<time>2022-08-29T15:48:34Z</time>
			</trkpt>
			<trkpt lat="59.93915587859877" lon="30.323908393470465">
				<ele>-13.719320124946535</ele>
				<time>2022-08-29T15:48:36Z</time>
			</trkpt>
			<trkpt lat="59.939181632912145" lon="30.323898134737377">
				<ele>-14.519661040045321</ele>
				<time>2022-08-29T15:48:39Z</time>
			</trkpt>
			<trkpt lat="59.93921009556986" lon="30.323886438139727">
				<ele>-13.315284348092973</ele>
				<time>2022-08-29T15:48:41Z</time>
			</trkpt>
			<trkpt lat="59.93922947782566" lon="30.323890034105688">
				<ele>-13.338205118663609</ele>
				<time>2022-08-29T15:48:42Z</time>
			</trkpt>
			<trkpt lat="59.939253935021725" lon="30.323875322713683">
				<ele>-12.4310741154477</ele>
				<time>2022-08-29T15:48:44Z</time>
			</trkpt>
			<trkpt lat="59.93926959912606" lon="30.323854562562826">
				<ele>-14.898579465225339</ele>
				<time>2022-08-29T15:48:46Z</time>
			</trkpt>
			<trkpt lat="59.93929307431245" lon="30.323861959033998">
				<ele>-12.858164377510548</ele>
				<time>2022-08-29T15:48:48Z</time>
			</trkpt>
			<trkpt lat="59.93930613726473" lon="30.323900417032974">
				<ele>-12.096898876130581</ele>
				<time>2022-08-29T15:48:49Z</time>
			</trkpt>
			<trkpt lat="59.93932946142684" lon="30.323917147742065">
				<ele>-12.214180137962103</ele>
				<time>2022-08-29T15:48:51Z</time>
			</trkpt>
			<trkpt lat="59.93935793190592" lon="30.323910041477106">
				<ele>-11.192299502901733</ele>
				<time>2022-08-29T15:48:53Z</time>
			</trkpt>
			<trkpt lat="59.939373412998464" lon="30.323882049071432">
				<ele>-13.672883374616504</ele>
				<time>2022-08-29T15:48:55Z</time>
			</trkpt>
			<trkpt lat="59.93939568494106" lon="30.323889446798958">
				<ele>-13.847952558659017</ele>
				<time>2022-08-29T15:48:57Z</time>
			</trkpt>
			<trkpt lat="59.93942352090591" lon="30.323894673668356">
				<ele>-11.936558466404676</ele>
				<time>2022-08-29T15:48:59Z</time>
			</trkpt>
			<trkpt lat="59.93944725645561" lon="30.323901281489498">
				<ele>-11.237888565286994</ele>
				<time>2022-08-29T15:49:01Z</time>
			</trkpt>
			<trkpt lat="59.93946251324641" lon="30.323940025828964">
				<ele>-9.01677746605128</ele>
				<time>2022-08-29T15:49:02Z</time>
			</trkpt>
			<trkpt lat="59.93947425077421" lon="30.32390592022738">
				<ele>-11.02495420537889</ele>
				<time>2022-08-29T15:49:03Z</time>
			</trkpt>
			<trkpt lat="59.9394800453254" lon="30.323869916329034">
				<ele>-12.367084723897278</ele>
				<time>2022-08-29T15:49:04Z</time>
			</trkpt>
			<trkpt lat="59.9394903051649" lon="30.32383800256199">
				<ele>-13.752963758073747</ele>
				<time>2022-08-29T15:49:05Z</time>
			</trkpt>
			<trkpt lat="59.939517831825384" lon="30.323841252002783">
				<ele>-13.143373773433268</ele>
				<time>2022-08-29T15:49:07Z</time>
			</trkpt>
			<trkpt lat="59.93954455989555" lon="30.323836789928723">
				<ele>-10.901496331207454</ele>
				<time>2022-08-29T15:49:09Z</time>
			</trkpt>
			<trkpt lat="59.9395748746799" lon="30.323831856297435">
				<ele>-11.67971314676106</ele>
				<time>2022-08-29T15:49:11Z</time>
			</trkpt>
			<trkpt lat="59.939605026743926" lon="30.32383321429203">
				<ele>-10.774670142680407</ele>
				<time>2022-08-29T15:49:13Z</time>
			</trkpt>
			<trkpt lat="59.9396270280143" lon="30.323822347261633">
				<ele>-13.026669243350625</ele>
				<time>2022-08-29T15:49:15Z</time>
			</trkpt>
			<trkpt lat="59.939647550109896" lon="30.32382157685627">
				<ele>-13.118181857280433</ele>
				<time>2022-08-29T15:49:17Z</time>
			</trkpt>
			<trkpt lat="59.939669499538084" lon="30.32381816539755">
				<ele>-11.765295374207199</ele>
				<time>2022-08-29T15:49:19Z</time>
			</trkpt>
			<trkpt lat="59.93967132264456" lon="30.32385684619618">
				<ele>-11.394549064338207</ele>
				<time>2022-08-29T15:49:22Z</time>
			</trkpt>
			<trkpt lat="59.9396790076929" lon="30.32390628027423">
				<ele>-17.087437253445387</ele>
				<time>2022-08-29T15:49:27Z</time>
			</trkpt>
			<trkpt lat="59.93969104108745" lon="30.323954743453175">
				<ele>-16.57344329636544</ele>
				<time>2022-08-29T15:49:28Z</time>
			</trkpt>
			<trkpt lat="59.93969287226767" lon="30.32400560825918">
				<ele>-17.281746262684464</ele>
				<time>2022-08-29T15:49:29Z</time>
			</trkpt>
			<trkpt lat="59.93969873393631" lon="30.323952995053588">
				<ele>-13.757243893109262</ele>
				<time>2022-08-29T15:49:32Z</time>
			</trkpt>
			<trkpt lat="59.93967685862183" lon="30.32395366271715">
				<ele>-13.830844407901168</ele>
				<time>2022-08-29T15:49:35Z</time>
			</trkpt>
			<trkpt lat="59.939688286108286" lon="30.32399222897112">
				<ele>-14.74774517212063</ele>
				<time>2022-08-29T15:49:37Z</time>
			</trkpt>
			<trkpt lat="59.939714506885345" lon="30.32399518612976">
				<ele>-13.418862232938409</ele>
				<time>2022-08-29T15:49:41Z</time>
			</trkpt>
			<trkpt lat="59.93973434302108" lon="30.32401740236358">
				<ele>-12.422483616508543</ele>
				<time>2022-08-29T15:49:43Z</time>
			</trkpt>
			<trkpt lat="59.93975274776821" lon="30.324025909642263">
				<ele>-14.92065891250968</ele>
				<time>2022-08-29T15:49:46Z</time>
			</trkpt>
			<trkpt lat="59.93977255934783" lon="30.324041172119244">
				<ele>-10.321134919300675</ele>
				<time>2022-08-29T15:49:50Z</time>
			</trkpt>
			<trkpt lat="59.93979194867914" lon="30.324080583702987">
				<ele>-10.863307517021894</ele>
				<time>2022-08-29T15:49:53Z</time>
			</trkpt>
			<trkpt lat="59.93981720130843" lon="30.324104249308228">
				<ele>-10.490051991306245</ele>
				<time>2022-08-29T15:49:55Z</time>
			</trkpt>
			<trkpt lat="59.939835765860245" lon="30.324116546676997">
				<ele>-12.426073050126433</ele>
				<time>2022-08-29T15:49:57Z</time>
			</trkpt>
			<trkpt lat="59.939856539230696" lon="30.324093162464347">
				<ele>-9.350598934106529</ele>
				<time>2022-08-29T15:49:59Z</time>
			</trkpt>
			<trkpt lat="59.93987724703131" lon="30.324068531480613">
				<ele>-10.332956683821976</ele>
				<time>2022-08-29T15:50:01Z</time>
			</trkpt>
			<trkpt lat="59.93989990639999" lon="30.3240706494524">
				<ele>-9.93019986152649</ele>
				<time>2022-08-29T15:50:04Z</time>
			</trkpt>
			<trkpt lat="59.939935648960194" lon="30.32409210437952">
				<ele>-6.445436588488519</ele>
				<time>2022-08-29T15:50:06Z</time>
			</trkpt>
			<trkpt lat="59.939972441523736" lon="30.324149614151143">
				<ele>-4.914435914717615</ele>
				<time>2022-08-29T15:50:08Z</time>
			</trkpt>
			<trkpt lat="59.94000083876255" lon="30.324187862181972">
				<ele>-6.187254378572106</ele>
				<time>2022-08-29T15:50:10Z</time>
			</trkpt>
			<trkpt lat="59.940020809050814" lon="30.324211457228024">
				<ele>-6.47773371450603</ele>
				<time>2022-08-29T15:50:12Z</time>
			</trkpt>
			<trkpt lat="59.94004507362102" lon="30.324216998949346">
				<ele>-3.2668785629794</ele>
				<time>2022-08-29T15:50:14Z</time>
			</trkpt>
			<trkpt lat="59.94006456200596" lon="30.324208819490735">
				<ele>-4.8304152032360435</ele>
				<time>2022-08-29T15:50:16Z</time>
			</trkpt>
			<trkpt lat="59.94008805106621" lon="30.32419882996115">
				<ele>-2.790112649090588</ele>
				<time>2022-08-29T15:50:18Z</time>
			</trkpt>
			<trkpt lat="59.94010694179228" lon="30.32423022145164">
				<ele>-6.283072920516133</ele>
				<time>2022-08-29T15:50:20Z</time>
			</trkpt>
			<trkpt lat="59.94012404276769" lon="30.324205060042626">
				<ele>-7.507366410456598</ele>
				<time>2022-08-29T15:50:21Z</time>
			</trkpt>
			<trkpt lat="59.94015325909482" lon="30.32422103870367">
				<ele>-7.979376649484038</ele>
				<time>2022-08-29T15:50:24Z</time>
			</trkpt>
			<trkpt lat="59.94018265995717" lon="30.32423703044982">
				<ele>-6.873395818285644</ele>
				<time>2022-08-29T15:50:26Z</time>
			</trkpt>
			<trkpt lat="59.94020271935246" lon="30.324254939729535">
				<ele>-9.769745577126741</ele>
				<time>2022-08-29T15:50:28Z</time>
			</trkpt>
			<trkpt lat="59.940224066570025" lon="30.32427486937573">
				<ele>-6.903744940645993</ele>
				<time>2022-08-29T15:50:30Z</time>
			</trkpt>
			<trkpt lat="59.9402455092496" lon="30.324326682053396">
				<ele>-7.91157515719533</ele>
				<time>2022-08-29T15:50:32Z</time>
			</trkpt>
			<trkpt lat="59.940267846834935" lon="30.324333743631566">
				<ele>-6.707485424354672</ele>
				<time>2022-08-29T15:50:34Z</time>
			</trkpt>
			<trkpt lat="59.94029245375522" lon="30.324303154829803">
				<ele>-9.338601752184331</ele>
				<time>2022-08-29T15:50:38Z</time>
			</trkpt>
			<trkpt lat="59.94032037171666" lon="30.324320114647616">
				<ele>-7.0984427677467465</ele>
				<time>2022-08-29T15:50:39Z</time>
			</trkpt>
			<trkpt lat="59.94034702302253" lon="30.324327346255583">
				<ele>-8.202445732429624</ele>
				<time>2022-08-29T15:50:40Z</time>
			</trkpt>
			<trkpt lat="59.94036856991197" lon="30.32432886043949">
				<ele>-8.016232225112617</ele>
				<time>2022-08-29T15:50:41Z</time>
			</trkpt>
			<trkpt lat="59.9403735708687" lon="30.32429037980402">
				<ele>-6.119827111251652</ele>
				<time>2022-08-29T15:50:42Z</time>
			</trkpt>
			<trkpt lat="59.940401194291795" lon="30.3243092467156">
				<ele>-7.663998902775347</ele>
				<time>2022-08-29T15:50:46Z</time>
			</trkpt>
			<trkpt lat="59.94041304936405" lon="30.32433905119556">
				<ele>-8.335243759676814</ele>
				<time>2022-08-29T15:50:48Z</time>
			</trkpt>
			<trkpt lat="59.940435334748614" lon="30.324357581908362">
				<ele>-9.519096820615232</ele>
				<time>2022-08-29T15:50:50Z</time>
			</trkpt>
			<trkpt lat="59.94046098897424" lon="30.32437568236052">
				<ele>-7.594817169010639</ele>
				<time>2022-08-29T15:50:53Z</time>
			</trkpt>
			<trkpt lat="59.940492981620814" lon="30.324364788860326">
				<ele>-8.534158724360168</ele>
				<time>2022-08-29T15:50:55Z</time>
			</trkpt>
			<trkpt lat="59.94051309908482" lon="30.324358762078848">
				<ele>-5.9602372301742435</ele>
				<time>2022-08-29T15:50:56Z</time>
			</trkpt>
			<trkpt lat="59.94053988006381" lon="30.324375228219488">
				<ele>-7.303165005519986</ele>
				<time>2022-08-29T15:50:59Z</time>
			</trkpt>
			<trkpt lat="59.94056778881212" lon="30.32440971682605">
				<ele>-5.741143526509404</ele>
				<time>2022-08-29T15:51:01Z</time>
			</trkpt>
			<trkpt lat="59.940598592765724" lon="30.32442043221609">
				<ele>-3.4072685660794377</ele>
				<time>2022-08-29T15:51:04Z</time>
			</trkpt>
			<trkpt lat="59.94062660890685" lon="30.324451875574862">
				<ele>-4.638671069405973</ele>
				<time>2022-08-29T15:51:06Z</time>
			</trkpt>
			<trkpt lat="59.94065808744487" lon="30.324476001837482">
				<ele>-7.368193333037198</ele>
				<time>2022-08-29T15:51:09Z</time>
			</trkpt>
			<trkpt lat="59.9406818541634" lon="30.324456973294218">
				<ele>-6.4956046510487795</ele>
				<time>2022-08-29T15:51:12Z</time>
			</trkpt>
			<trkpt lat="59.94070019273203" lon="30.324466376365166">
				<ele>-7.482519096694887</ele>
				<time>2022-08-29T15:51:14Z</time>
			</trkpt>
			<trkpt lat="59.940724942561616" lon="30.32447402319362">
				<ele>-5.813239799812436</ele>
				<time>2022-08-29T15:51:16Z</time>
			</trkpt>
			<trkpt lat="59.94074596233168" lon="30.324480139662654">
				<ele>-5.612305103801191</ele>
				<time>2022-08-29T15:51:17Z</time>
			</trkpt>
			<trkpt lat="59.940775160347116" lon="30.32449048897555">
				<ele>-4.4739753399044275</ele>
				<time>2022-08-29T15:51:20Z</time>
			</trkpt>
			<trkpt lat="59.94079913686142" lon="30.32450205121972">
				<ele>-4.6935509499162436</ele>
				<time>2022-08-29T15:51:22Z</time>
			</trkpt>
			<trkpt lat="59.94082389476948" lon="30.324519915912852">
				<ele>-3.9214570550248027</ele>
				<time>2022-08-29T15:51:24Z</time>
			</trkpt>
			<trkpt lat="59.9408432216306" lon="30.324567983145293">
				<ele>-3.0496485391631722</ele>
				<time>2022-08-29T15:51:26Z</time>
			</trkpt>
			<trkpt lat="59.94085983627297" lon="30.324601198013355">
				<ele>-4.16207168251276</ele>
				<time>2022-08-29T15:51:29Z</time>
			</trkpt>
			<trkpt lat="59.94088064345022" lon="30.324588718906707">
				<ele>-3.6139679681509733</ele>
				<time>2022-08-29T15:51:33Z</time>
			</trkpt>
			<trkpt lat="59.94089678054465" lon="30.324552559028554">
				<ele>-2.16249743103981</ele>
				<time>2022-08-29T15:51:35Z</time>
			</trkpt>
			<trkpt lat="59.94091074184391" lon="30.324506247536497">
				<ele>-5.703813938423991</ele>
				<time>2022-08-29T15:51:37Z</time>
			</trkpt>
			<trkpt lat="59.94092556220067" lon="30.324461055531252">
				<ele>-1.7545922109857202</ele>
				<time>2022-08-29T15:51:39Z</time>
			</trkpt>
			<trkpt lat="59.94093699240791" lon="30.32440186774931">
				<ele>-1.8297660406678915</ele>
				<time>2022-08-29T15:51:41Z</time>
			</trkpt>
			<trkpt lat="59.94095599887466" lon="30.32436326858515">
				<ele>-1.3076970865949988</ele>
				<time>2022-08-29T15:51:44Z</time>
			</trkpt>
			<trkpt lat="59.9409789886426" lon="30.32434308282727">
				<ele>-4.056802731007338</ele>
				<time>2022-08-29T15:51:45Z</time>
			</trkpt>
			<trkpt lat="59.940997714562116" lon="30.324334122908848">
				<ele>-3.622026435099542</ele>
				<time>2022-08-29T15:51:46Z</time>
			</trkpt>
			<trkpt lat="59.94101573820795" lon="30.32434233978216">
				<ele>-1.7775956774130464</ele>
				<time>2022-08-29T15:51:47Z</time>
			</trkpt>
			<trkpt lat="59.941040003253605" lon="30.324385174575475">
				<ele>-1.6288447212427855</ele>
				<time>2022-08-29T15:51:49Z</time>
			</trkpt>
			<trkpt lat="59.94106114224826" lon="30.324399808649233">
				<ele>0.5788447996601462</ele>
				<time>2022-08-29T15:51:50Z</time>
			</trkpt>
			<trkpt lat="59.94109516014386" lon="30.324412926395613">
				<ele>2.586871954612434</ele>
				<time>2022-08-29T15:51:52Z</time>
			</trkpt>
			<trkpt lat="59.94112328680244" lon="30.324414618926376">
				<ele>3.3809954253956676</ele>
				<time>2022-08-29T15:51:55Z</time>
			</trkpt>
			<trkpt lat="59.94114061696768" lon="30.324388143930438">
				<ele>3.9276382150128484</ele>
				<time>2022-08-29T15:51:58Z</time>
			</trkpt>
			<trkpt lat="59.941156146389815" lon="30.324359445490906">
				<ele>3.087771512567997</ele>
				<time>2022-08-29T15:52:01Z</time>
			</trkpt>
			<trkpt lat="59.94117719341858" lon="30.324359860258873">
				<ele>4.276779151521623</ele>
				<time>2022-08-29T15:52:03Z</time>
			</trkpt>
			<trkpt lat="59.941186023928175" lon="30.324320980772132">
				<ele>3.310720941051841</ele>
				<time>2022-08-29T15:52:06Z</time>
			</trkpt>
			<trkpt lat="59.94120693798238" lon="30.324305682843402">
				<ele>3.4859000267460942</ele>
				<time>2022-08-29T15:52:09Z</time>
			</trkpt>
			<trkpt lat="59.94122570976996" lon="30.324294370125294">
				<ele>7.249113945290446</ele>
				<time>2022-08-29T15:52:12Z</time>
			</trkpt>
			<trkpt lat="59.94123838110454" lon="30.324267397317733">
				<ele>5.094322943128645</ele>
				<time>2022-08-29T15:52:14Z</time>
			</trkpt>
			<trkpt lat="59.9412619576215" lon="30.324239260992222">
				<ele>7.202139049768448</ele>
				<time>2022-08-29T15:52:16Z</time>
			</trkpt>
			<trkpt lat="59.94128612493222" lon="30.324259726928467">
				<ele>7.416569338180125</ele>
				<time>2022-08-29T15:52:18Z</time>
			</trkpt>
			<trkpt lat="59.94129715888611" lon="30.32420671335129">
				<ele>6.941200760193169</ele>
				<time>2022-08-29T15:52:19Z</time>
			</trkpt>
			<trkpt lat="59.9413158325589" lon="30.32420688437616">
				<ele>7.834916244260967</ele>
				<time>2022-08-29T15:52:20Z</time>
			</trkpt>
			<trkpt lat="59.94133178501256" lon="30.324178482710433">
				<ele>3.1673361463472247</ele>
				<time>2022-08-29T15:52:23Z</time>
			</trkpt>
			<trkpt lat="59.941341909736366" lon="30.32412816022151">
				<ele>1.2821904430165887</ele>
				<time>2022-08-29T15:52:25Z</time>
			</trkpt>
			<trkpt lat="59.9413641723718" lon="30.324094216610508">
				<ele>1.7692460212856531</ele>
				<time>2022-08-29T15:52:27Z</time>
			</trkpt>
			<trkpt lat="59.941381578008716" lon="30.324083511509325">
				<ele>4.669659492559731</ele>
				<time>2022-08-29T15:52:28Z</time>
			</trkpt>
			<trkpt lat="59.94140034497185" lon="30.32404042516418">
				<ele>2.3754673758521676</ele>
				<time>2022-08-29T15:52:30Z</time>
			</trkpt>
			<trkpt lat="59.941418259310964" lon="30.324016019718478">
				<ele>2.2956412117928267</ele>
				<time>2022-08-29T15:52:32Z</time>
			</trkpt>
			<trkpt lat="59.941436329702626" lon="30.323999700562354">
				<ele>3.7866528891026974</ele>
				<time>2022-08-29T15:52:33Z</time>
			</trkpt>
			<trkpt lat="59.94143496081701" lon="30.323952933304522">
				<ele>2.893507038243115</ele>
				<time>2022-08-29T15:52:35Z</time>
			</trkpt>
			<trkpt lat="59.94144604396315" lon="30.323902826665478">
				<ele>1.5444212155416608</ele>
				<time>2022-08-29T15:52:38Z</time>
			</trkpt>
			<trkpt lat="59.94146390331882" lon="30.323888368371993">
				<ele>3.0607700115069747</ele>
				<time>2022-08-29T15:52:39Z</time>
			</trkpt>
			<trkpt lat="59.94148393880883" lon="30.32384672292108">
				<ele>2.6575760608538985</ele>
				<time>2022-08-29T15:52:41Z</time>
			</trkpt>
			<trkpt lat="59.94151306931207" lon="30.323799906342515">
				<ele>5.510406921617687</ele>
				<time>2022-08-29T15:52:43Z</time>
			</trkpt>
			<trkpt lat="59.94153516919482" lon="30.323748514174017">
				<ele>8.061647105962038</ele>
				<time>2022-08-29T15:52:45Z</time>
			</trkpt>
			<trkpt lat="59.941546767520975" lon="30.32371258016326">
				<ele>9.127425110898912</ele>
				<time>2022-08-29T15:52:46Z</time>
			</trkpt>
			<trkpt lat="59.9415476772164" lon="30.32363735311272">
				<ele>5.990047826431692</ele>
				<time>2022-08-29T15:52:48Z</time>
			</trkpt>
			<trkpt lat="59.941561422828414" lon="30.32360006958938">
				<ele>8.936574674211442</ele>
				<time>2022-08-29T15:52:49Z</time>
			</trkpt>
			<trkpt lat="59.94157772681476" lon="30.323577928834673">
				<ele>8.110902945511043</ele>
				<time>2022-08-29T15:52:51Z</time>
			</trkpt>
			<trkpt lat="59.94160147502572" lon="30.323595640811046">
				<ele>7.949344479478896</ele>
				<time>2022-08-29T15:52:52Z</time>
			</trkpt>
			<trkpt lat="59.9416243337336" lon="30.32361441166479">
				<ele>10.460207999683917</ele>
				<time>2022-08-29T15:52:53Z</time>
			</trkpt>
			<trkpt lat="59.9416535866266" lon="30.3236356119123">
				<ele>6.626265757717192</ele>
				<time>2022-08-29T15:52:58Z</time>
			</trkpt>
			<trkpt lat="59.94167006388999" lon="30.323606926861373">
				<ele>3.7971658566966653</ele>
				<time>2022-08-29T15:53:01Z</time>
			</trkpt>
			<trkpt lat="59.94168840842078" lon="30.323599066298883">
				<ele>3.199041174724698</ele>
				<time>2022-08-29T15:53:03Z</time>
			</trkpt>
			<trkpt lat="59.94170445280047" lon="30.323582642816124">
				<ele>3.614999398589134</ele>
				<time>2022-08-29T15:53:05Z</time>
			</trkpt>
			<trkpt lat="59.94173942616264" lon="30.323579444866365">
				<ele>5.240776610560715</ele>
				<time>2022-08-29T15:53:07Z</time>
			</trkpt>
			<trkpt lat="59.941758405453285" lon="30.323546645371685">
				<ele>5.167924455367029</ele>
				<time>2022-08-29T15:53:10Z</time>
			</trkpt>
			<trkpt lat="59.94176943803175" lon="30.32350234081697">
				<ele>5.24367543682456</ele>
				<time>2022-08-29T15:53:13Z</time>
			</trkpt>
			<trkpt lat="59.94175492687517" lon="30.323469433266443">
				<ele>1.1375544033944607</ele>
				<time>2022-08-29T15:53:15Z</time>
			</trkpt>
			<trkpt lat="59.94178003081203" lon="30.323454988067596">
				<ele>2.994433325715363</ele>
				<time>2022-08-29T15:53:18Z</time>
			</trkpt>
			<trkpt lat="59.941794323022116" lon="30.32341445261595">
				<ele>2.5837427712976933</ele>
				<time>2022-08-29T15:53:22Z</time>
			</trkpt>
			<trkpt lat="59.94181258792635" lon="30.32342622538186">
				<ele>2.274761431850493</ele>
				<time>2022-08-29T15:53:23Z</time>
			</trkpt>
			<trkpt lat="59.94183969040474" lon="30.323406634955674">
				<ele>3.008488928899169</ele>
				<time>2022-08-29T15:53:25Z</time>
			</trkpt>
			<trkpt lat="59.94185700206523" lon="30.323378247074114">
				<ele>0.6585423722863197</ele>
				<time>2022-08-29T15:53:28Z</time>
			</trkpt>
			<trkpt lat="59.94187059455016" lon="30.323321742694425">
				<ele>-0.09381517767906189</ele>
				<time>2022-08-29T15:53:30Z</time>
			</trkpt>
			<trkpt lat="59.9418754328203" lon="30.323280449531676">
				<ele>-1.1364533575251698</ele>
				<time>2022-08-29T15:53:31Z</time>
			</trkpt>
			<trkpt lat="59.94188989371382" lon="30.323211401532703">
				<ele>-1.6525850128382444</ele>
				<time>2022-08-29T15:53:33Z</time>
			</trkpt>
			<trkpt lat="59.941917718925055" lon="30.323164413181637">
				<ele>-2.832441153936088</ele>
				<time>2022-08-29T15:53:35Z</time>
			</trkpt>
			<trkpt lat="59.94193384952357" lon="30.323107908783165">
				<ele>-2.734312443062663</ele>
				<time>2022-08-29T15:53:37Z</time>
			</trkpt>
			<trkpt lat="59.941942215737576" lon="30.32307192292074">
				<ele>-5.682399679906666</ele>
				<time>2022-08-29T15:53:41Z</time>
			</trkpt>
			<trkpt lat="59.941971765887104" lon="30.323084957485197">
				<ele>-4.480483374558389</ele>
				<time>2022-08-29T15:53:43Z</time>
			</trkpt>
			<trkpt lat="59.941996839560645" lon="30.323080609084332">
				<ele>-3.9585860753431916</ele>
				<time>2022-08-29T15:53:45Z</time>
			</trkpt>
			<trkpt lat="59.942004017057286" lon="30.323041421136907">
				<ele>-9.151432258076966</ele>
				<time>2022-08-29T15:53:48Z</time>
			</trkpt>
			<trkpt lat="59.942021381342194" lon="30.323019313430922">
				<ele>-7.378775767982006</ele>
				<time>2022-08-29T15:53:50Z</time>
			</trkpt>
			<trkpt lat="59.942035300175604" lon="30.322994266364784">
				<ele>-7.492856471799314</ele>
				<time>2022-08-29T15:53:52Z</time>
			</trkpt>
			<trkpt lat="59.94205331265859" lon="30.322964907794596">
				<ele>-6.948663153685629</ele>
				<time>2022-08-29T15:53:54Z</time>
			</trkpt>
			<trkpt lat="59.94206970415913" lon="30.322949714451386">
				<ele>-9.132064687088132</ele>
				<time>2022-08-29T15:53:56Z</time>
			</trkpt>
			<trkpt lat="59.942095648933346" lon="30.32292974880848">
				<ele>-10.6991324480623</ele>
				<time>2022-08-29T15:53:58Z</time>
			</trkpt>
			<trkpt lat="59.942115219986974" lon="30.322903816844498">
				<ele>-8.301653081551194</ele>
				<time>2022-08-29T15:54:00Z</time>
			</trkpt>
			<trkpt lat="59.94213783826951" lon="30.322877218589497">
				<ele>-8.828055314719677</ele>
				<time>2022-08-29T15:54:02Z</time>
			</trkpt>
			<trkpt lat="59.942132624258036" lon="30.32283725386266">
				<ele>-8.382950230501592</ele>
				<time>2022-08-29T15:54:04Z</time>
			</trkpt>
			<trkpt lat="59.942140364005105" lon="30.32279667055942">
				<ele>-7.855802771635354</ele>
				<time>2022-08-29T15:54:06Z</time>
			</trkpt>
			<trkpt lat="59.942132569628015" lon="30.32273426950073">
				<ele>-7.846257036551833</ele>
				<time>2022-08-29T15:54:08Z</time>
			</trkpt>
			<trkpt lat="59.94212184714391" lon="30.322696735404218">
				<ele>-8.897097360342741</ele>
				<time>2022-08-29T15:54:10Z</time>
			</trkpt>
			<trkpt lat="59.94212269362817" lon="30.32265480097204">
				<ele>-9.310223481617868</ele>
				<time>2022-08-29T15:54:13Z</time>
			</trkpt>
			<trkpt lat="59.94214857186276" lon="30.32265662394552">
				<ele>-7.73149901907891</ele>
				<time>2022-08-29T15:54:15Z</time>
			</trkpt>
			<trkpt lat="59.942180526388" lon="30.32264749174919">
				<ele>-8.682383032515645</ele>
				<time>2022-08-29T15:54:17Z</time>
			</trkpt>
			<trkpt lat="59.942200996889085" lon="30.322616003434067">
				<ele>-6.514797835610807</ele>
				<time>2022-08-29T15:54:18Z</time>
			</trkpt>
			<trkpt lat="59.94220506049974" lon="30.32255231006245">
				<ele>-1.9598860191181302</ele>
				<time>2022-08-29T15:54:20Z</time>
			</trkpt>
			<trkpt lat="59.94223356796618" lon="30.32255111574571">
				<ele>-1.941609132103622</ele>
				<time>2022-08-29T15:54:23Z</time>
			</trkpt>
			<trkpt lat="59.9422566306349" lon="30.322555216198175">
				<ele>-1.489095645956695</ele>
				<time>2022-08-29T15:54:25Z</time>
			</trkpt>
			<trkpt lat="59.94227780723962" lon="30.32258609266683">
				<ele>-4.506322775967419</ele>
				<time>2022-08-29T15:54:26Z</time>
			</trkpt>
			<trkpt lat="59.94229743618936" lon="30.322582573415833">
				<ele>-5.514032592996955</ele>
				<time>2022-08-29T15:54:28Z</time>
			</trkpt>
			<trkpt lat="59.94231625721607" lon="30.32258059236267">
				<ele>-2.4975635344162583</ele>
				<time>2022-08-29T15:54:30Z</time>
			</trkpt>
			<trkpt lat="59.942336164379675" lon="30.32256780730732">
				<ele>-2.6819544909521937</ele>
				<time>2022-08-29T15:54:32Z</time>
			</trkpt>
			<trkpt lat="59.94235471073272" lon="30.322575795902118">
				<ele>-1.9143885942175984</ele>
				<time>2022-08-29T15:54:33Z</time>
			</trkpt>
			<trkpt lat="59.94237243218268" lon="30.322563613900073">
				<ele>-1.4801929173991084</ele>
				<time>2022-08-29T15:54:34Z</time>
			</trkpt>
			<trkpt lat="59.94238775297188" lon="30.32253027586224">
				<ele>-1.8285583313554525</ele>
				<time>2022-08-29T15:54:36Z</time>
			</trkpt>
			<trkpt lat="59.94239094256584" lon="30.32249427463313">
				<ele>-4.651166575960815</ele>
				<time>2022-08-29T15:54:38Z</time>
			</trkpt>
			<trkpt lat="59.94241445154752" lon="30.322476316188084">
				<ele>-1.4921821365132928</ele>
				<time>2022-08-29T15:54:40Z</time>
			</trkpt>
			<trkpt lat="59.94243209459436" lon="30.322467590426605">
				<ele>-1.0631851647049189</ele>
				<time>2022-08-29T15:54:41Z</time>
			</trkpt>
			<trkpt lat="59.94244861632455" lon="30.32242677003911">
				<ele>-2.7302662320435047</ele>
				<time>2022-08-29T15:54:43Z</time>
			</trkpt>
			<trkpt lat="59.94247271037731" lon="30.32241246504614">
				<ele>-0.5266072964295745</ele>
				<time>2022-08-29T15:54:45Z</time>
			</trkpt>
			<trkpt lat="59.94251210565054" lon="30.32240491041103">
				<ele>-0.8539303308352828</ele>
				<time>2022-08-29T15:54:50Z</time>
			</trkpt>
			<trkpt lat="59.942538835023775" lon="30.322388926949557">
				<ele>-1.1415805919095874</ele>
				<time>2022-08-29T15:54:52Z</time>
			</trkpt>
			<trkpt lat="59.94255845975068" lon="30.32237477109136">
				<ele>-1.0814016973599792</ele>
				<time>2022-08-29T15:54:53Z</time>
			</trkpt>
			<trkpt lat="59.942579147007876" lon="30.32236045082652">
				<ele>2.120713699609041</ele>
				<time>2022-08-29T15:54:54Z</time>
			</trkpt>
			<trkpt lat="59.942600469796346" lon="30.32234487943177">
				<ele>-2.2118771951645613</ele>
				<time>2022-08-29T15:54:57Z</time>
			</trkpt>
			<trkpt lat="59.94261863179353" lon="30.32232975647795">
				<ele>0.7696228250861168</ele>
				<time>2022-08-29T15:54:58Z</time>
			</trkpt>
			<trkpt lat="59.94263744888226" lon="30.32232601820249">
				<ele>0.5128424549475312</ele>
				<time>2022-08-29T15:55:00Z</time>
			</trkpt>
			<trkpt lat="59.942639993522945" lon="30.322279686791195">
				<ele>0.6663486203178763</ele>
				<time>2022-08-29T15:55:01Z</time>
			</trkpt>
			<trkpt lat="59.94265436963609" lon="30.32225812586203">
				<ele>0.8519104653969407</ele>
				<time>2022-08-29T15:55:02Z</time>
			</trkpt>
			<trkpt lat="59.94267006571295" lon="30.322239113167793">
				<ele>0.027024480514228344</ele>
				<time>2022-08-29T15:55:05Z</time>
			</trkpt>
			<trkpt lat="59.942689613256256" lon="30.322204610477012">
				<ele>-0.5236220974475145</ele>
				<time>2022-08-29T15:55:06Z</time>
			</trkpt>
			<trkpt lat="59.94266524486222" lon="30.32212683839655">
				<ele>-1.5865870043635368</ele>
				<time>2022-08-29T15:55:07Z</time>
			</trkpt>
			<trkpt lat="59.942694046567304" lon="30.322103258660537">
				<ele>1.5115725360810757</ele>
				<time>2022-08-29T15:55:09Z</time>
			</trkpt>
			<trkpt lat="59.94271382893084" lon="30.322057303662923">
				<ele>2.0607674848288298</ele>
				<time>2022-08-29T15:55:11Z</time>
			</trkpt>
			<trkpt lat="59.942734500914575" lon="30.32205337955913">
				<ele>3.907120117917657</ele>
				<time>2022-08-29T15:55:13Z</time>
			</trkpt>
			<trkpt lat="59.94274088327827" lon="30.322007965410265">
				<ele>0.5417341394349933</ele>
				<time>2022-08-29T15:55:15Z</time>
			</trkpt>
			<trkpt lat="59.94275719988131" lon="30.321980802930224">
				<ele>1.4296156140044332</ele>
				<time>2022-08-29T15:55:17Z</time>
			</trkpt>
			<trkpt lat="59.9427717931107" lon="30.322011469474415">
				<ele>-4.2511314349249005</ele>
				<time>2022-08-29T15:55:37Z</time>
			</trkpt>
			<trkpt lat="59.94279469573259" lon="30.321984772392373">
				<ele>-3.7228883346542716</ele>
				<time>2022-08-29T15:55:49Z</time>
			</trkpt>
			<trkpt lat="59.94281275005402" lon="30.321975105812342">
				<ele>-3.7813175851479173</ele>
				<time>2022-08-29T15:55:51Z</time>
			</trkpt>
			<trkpt lat="59.94282954271769" lon="30.3219562725303">
				<ele>-5.386455229483545</ele>
				<time>2022-08-29T15:55:54Z</time>
			</trkpt>
			<trkpt lat="59.94284442072373" lon="30.321920557048262">
				<ele>-7.120948230847716</ele>
				<time>2022-08-29T15:55:56Z</time>
			</trkpt>
			<trkpt lat="59.94286321177369" lon="30.321898229301883">
				<ele>-7.779117111116648</ele>
				<time>2022-08-29T15:55:58Z</time>
			</trkpt>
			<trkpt lat="59.942881365177655" lon="30.321890883938533">
				<ele>-5.5803970992565155</ele>
				<time>2022-08-29T15:56:00Z</time>
			</trkpt>
			<trkpt lat="59.94290337025462" lon="30.32188762464912">
				<ele>-5.315701807849109</ele>
				<time>2022-08-29T15:56:02Z</time>
			</trkpt>
			<trkpt lat="59.942923079448846" lon="30.321873636030084">
				<ele>-6.041762457229197</ele>
				<time>2022-08-29T15:56:04Z</time>
			</trkpt>
			<trkpt lat="59.942943406260184" lon="30.321905781852625">
				<ele>-6.573765739798546</ele>
				<time>2022-08-29T15:56:07Z</time>
			</trkpt>
			<trkpt lat="59.94293171967411" lon="30.321934799165287">
				<ele>-6.604399865493178</ele>
				<time>2022-08-29T15:56:09Z</time>
			</trkpt>
			<trkpt lat="59.94295573309204" lon="30.32191602063718">
				<ele>-5.855751216411591</ele>
				<time>2022-08-29T15:56:12Z</time>
			</trkpt>
			<trkpt lat="59.942973184743344" lon="30.321944082819723">
				<ele>-8.35953245125711</ele>
				<time>2022-08-29T15:56:15Z</time>
			</trkpt>
			<trkpt lat="59.94298105731538" lon="30.322002304809864">
				<ele>-6.720441144891083</ele>
				<time>2022-08-29T15:56:16Z</time>
			</trkpt>
			<trkpt lat="59.942996043759386" lon="30.322028360346554">
				<ele>-7.421297829598188</ele>
				<time>2022-08-29T15:56:19Z</time>
			</trkpt>
			<trkpt lat="59.94301125535738" lon="30.3220651457146">
				<ele>-6.130634914152324</ele>
				<time>2022-08-29T15:56:21Z</time>
			</trkpt>
			<trkpt lat="59.94302659965456" lon="30.322105479517585">
				<ele>-8.714036295190454</ele>
				<time>2022-08-29T15:56:23Z</time>
			</trkpt>
			<trkpt lat="59.94304264725199" lon="30.322149272885685">
				<ele>-7.50214718002826</ele>
				<time>2022-08-29T15:56:25Z</time>
			</trkpt>
			<trkpt lat="59.94307021055341" lon="30.32219408176827">
				<ele>-7.296384669840336</ele>
				<time>2022-08-29T15:56:27Z</time>
			</trkpt>
			<trkpt lat="59.94308115420068" lon="30.32224295715456">
				<ele>-7.426017664372921</ele>
				<time>2022-08-29T15:56:29Z</time>
			</trkpt>
			<trkpt lat="59.943090947387155" lon="30.322289742335226">
				<ele>-9.049856878817081</ele>
				<time>2022-08-29T15:56:32Z</time>
			</trkpt>
			<trkpt lat="59.94310804301073" lon="30.322315954833122">
				<ele>-8.995225478895009</ele>
				<time>2022-08-29T15:56:34Z</time>
			</trkpt>
			<trkpt lat="59.943132823947224" lon="30.322330397268452">
				<ele>-7.277637425810099</ele>
				<time>2022-08-29T15:56:36Z</time>
			</trkpt>
			<trkpt lat="59.943162964021454" lon="30.322322300426283">
				<ele>-7.023080429062247</ele>
				<time>2022-08-29T15:56:39Z</time>
			</trkpt>
			<trkpt lat="59.94317180372506" lon="30.322360252983746">
				<ele>-10.684033174999058</ele>
				<time>2022-08-29T15:56:41Z</time>
			</trkpt>
			<trkpt lat="59.94318250893947" lon="30.32242069151745">
				<ele>-8.632924752309918</ele>
				<time>2022-08-29T15:56:44Z</time>
			</trkpt>
			<trkpt lat="59.943191194160185" lon="30.32247038120227">
				<ele>-8.964846725575626</ele>
				<time>2022-08-29T15:56:46Z</time>
			</trkpt>
			<trkpt lat="59.94320676173294" lon="30.322508819343078">
				<ele>-6.421999418176711</ele>
				<time>2022-08-29T15:56:48Z</time>
			</trkpt>
			<trkpt lat="59.943221252576066" lon="30.322540691532346">
				<ele>-7.989898123778403</ele>
				<time>2022-08-29T15:56:51Z</time>
			</trkpt>
			<trkpt lat="59.94323394596223" lon="30.322570261501948">
				<ele>-7.36596848629415</ele>
				<time>2022-08-29T15:56:53Z</time>
			</trkpt>
			<trkpt lat="59.943252052343986" lon="30.32261806955794">
				<ele>-4.984471978619695</ele>
				<time>2022-08-29T15:56:55Z</time>
			</trkpt>
			<trkpt lat="59.94326585648298" lon="30.322658718676447">
				<ele>-4.17176481615752</ele>
				<time>2022-08-29T15:56:57Z</time>
			</trkpt>
			<trkpt lat="59.94327307580514" lon="30.3226247916608">
				<ele>-7.747716709040105</ele>
				<time>2022-08-29T15:56:59Z</time>
			</trkpt>
			<trkpt lat="59.943285093424834" lon="30.322685318517536">
				<ele>-7.216974696144462</ele>
				<time>2022-08-29T15:57:01Z</time>
			</trkpt>
			<trkpt lat="59.94330868099256" lon="30.322703729165713">
				<ele>-5.337337641976774</ele>
				<time>2022-08-29T15:57:03Z</time>
			</trkpt>
			<trkpt lat="59.94331669346641" lon="30.322744962069542">
				<ele>-7.357769895344973</ele>
				<time>2022-08-29T15:57:06Z</time>
			</trkpt>
			<trkpt lat="59.94333781840171" lon="30.322771415291463">
				<ele>-6.28996907081455</ele>
				<time>2022-08-29T15:57:08Z</time>
			</trkpt>
			<trkpt lat="59.94335768083539" lon="30.322801297472132">
				<ele>-5.549384420737624</ele>
				<time>2022-08-29T15:57:10Z</time>
			</trkpt>
			<trkpt lat="59.94335274436855" lon="30.322845790359032">
				<ele>-9.239326803013682</ele>
				<time>2022-08-29T15:57:12Z</time>
			</trkpt>
			<trkpt lat="59.94336616503019" lon="30.322882336856313">
				<ele>-10.241168797016144</ele>
				<time>2022-08-29T15:57:14Z</time>
			</trkpt>
			<trkpt lat="59.94336863760528" lon="30.322948023599125">
				<ele>-10.354674439877272</ele>
				<time>2022-08-29T15:57:16Z</time>
			</trkpt>
			<trkpt lat="59.94337004935166" lon="30.323019996117697">
				<ele>-10.866328306496143</ele>
				<time>2022-08-29T15:57:19Z</time>
			</trkpt>
			<trkpt lat="59.94336787683631" lon="30.323090041350056">
				<ele>-11.64399307128042</ele>
				<time>2022-08-29T15:57:21Z</time>
			</trkpt>
			<trkpt lat="59.94337711537932" lon="30.323121501656427">
				<ele>-9.550984234549105</ele>
				<time>2022-08-29T15:57:22Z</time>
			</trkpt>
			<trkpt lat="59.94338036079222" lon="30.323180789479917">
				<ele>-9.53732046019286</ele>
				<time>2022-08-29T15:57:24Z</time>
			</trkpt>
			<trkpt lat="59.94338574589675" lon="30.323231896074354">
				<ele>-10.637158430181444</ele>
				<time>2022-08-29T15:57:26Z</time>
			</trkpt>
			<trkpt lat="59.943373698055346" lon="30.323262319912143">
				<ele>-12.757659751921892</ele>
				<time>2022-08-29T15:57:27Z</time>
			</trkpt>
			<trkpt lat="59.94339654659175" lon="30.323256500040873">
				<ele>-12.860263967886567</ele>
				<time>2022-08-29T15:57:29Z</time>
			</trkpt>
			<trkpt lat="59.94341714553123" lon="30.323260905307905">
				<ele>-10.16190539021045</ele>
				<time>2022-08-29T15:57:31Z</time>
			</trkpt>
			<trkpt lat="59.94342355040742" lon="30.323294781964808">
				<ele>-12.200976755470037</ele>
				<time>2022-08-29T15:57:33Z</time>
			</trkpt>
			<trkpt lat="59.94344683920541" lon="30.323321306871474">
				<ele>-8.20803500059992</ele>
				<time>2022-08-29T15:57:37Z</time>
			</trkpt>
			<trkpt lat="59.94346408665536" lon="30.323366266056617">
				<ele>-8.113878135569394</ele>
				<time>2022-08-29T15:57:40Z</time>
			</trkpt>
			<trkpt lat="59.943482005982766" lon="30.323369918334297">
				<ele>-7.739895384758711</ele>
				<time>2022-08-29T15:57:41Z</time>
			</trkpt>
			<trkpt lat="59.943487477707016" lon="30.32342803936319">
				<ele>-8.22647079732269</ele>
				<time>2022-08-29T15:57:43Z</time>
			</trkpt>
			<trkpt lat="59.94350683537408" lon="30.323437646265322">
				<ele>-5.48006974067539</ele>
				<time>2022-08-29T15:57:44Z</time>
			</trkpt>
			<trkpt lat="59.9435259169075" lon="30.323442511895202">
				<ele>-4.387489637359977</ele>
				<time>2022-08-29T15:57:45Z</time>
			</trkpt>
			<trkpt lat="59.94351549848198" lon="30.32348246600921">
				<ele>-7.34567725751549</ele>
				<time>2022-08-29T15:57:46Z</time>
			</trkpt>
			<trkpt lat="59.943542376319385" lon="30.32344403865115">
				<ele>-3.4834425654262304</ele>
				<time>2022-08-29T15:57:47Z</time>
			</trkpt>
			<trkpt lat="59.94355843377244" lon="30.323460990285334">
				<ele>-6.044489613734186</ele>
				<time>2022-08-29T15:57:49Z</time>
			</trkpt>
			<trkpt lat="59.94356499556653" lon="30.32350662902833">
				<ele>-8.022114744409919</ele>
				<time>2022-08-29T15:57:51Z</time>
			</trkpt>
			<trkpt lat="59.94357407500339" lon="30.323551418209536">
				<ele>-9.706636448390782</ele>
				<time>2022-08-29T15:57:53Z</time>
			</trkpt>
			<trkpt lat="59.94359555938234" lon="30.323546331664016">
				<ele>-5.431353091262281</ele>
				<time>2022-08-29T15:57:54Z</time>
			</trkpt>
			<trkpt lat="59.94362347946553" lon="30.323526171796257">
				<ele>-6.228319599293172</ele>
				<time>2022-08-29T15:57:56Z</time>
			</trkpt>
			<trkpt lat="59.943636314910435" lon="30.32356376807232">
				<ele>-7.678248073905706</ele>
				<time>2022-08-29T15:57:58Z</time>
			</trkpt>
			<trkpt lat="59.94364154648871" lon="30.32360696134282">
				<ele>-7.435255743563175</ele>
				<time>2022-08-29T15:58:00Z</time>
			</trkpt>
			<trkpt lat="59.943653554550984" lon="30.323642351212815">
				<ele>-6.796877977438271</ele>
				<time>2022-08-29T15:58:02Z</time>
			</trkpt>
			<trkpt lat="59.94367510082252" lon="30.323682491275722">
				<ele>-5.00226326752454</ele>
				<time>2022-08-29T15:58:04Z</time>
			</trkpt>
			<trkpt lat="59.94369125762275" lon="30.323703977446055">
				<ele>-5.751787333749235</ele>
				<time>2022-08-29T15:58:07Z</time>
			</trkpt>
			<trkpt lat="59.943715571824455" lon="30.32373496213689">
				<ele>-4.6247781459242105</ele>
				<time>2022-08-29T15:58:10Z</time>
			</trkpt>
			<trkpt lat="59.94371561790615" lon="30.323777998036444">
				<ele>-9.420216036960483</ele>
				<time>2022-08-29T15:58:12Z</time>
			</trkpt>
			<trkpt lat="59.94372981937979" lon="30.323821594055026">
				<ele>-6.483312224037945</ele>
				<time>2022-08-29T15:58:14Z</time>
			</trkpt>
			<trkpt lat="59.943743539846274" lon="30.323854266432555">
				<ele>-5.4766671704128385</ele>
				<time>2022-08-29T15:58:16Z</time>
			</trkpt>
			<trkpt lat="59.94376312511057" lon="30.323874847460356">
				<ele>-5.806560067459941</ele>
				<time>2022-08-29T15:58:19Z</time>
			</trkpt>
			<trkpt lat="59.94376493196009" lon="30.323923760676788">
				<ele>-6.5947087947279215</ele>
				<time>2022-08-29T15:58:21Z</time>
			</trkpt>
			<trkpt lat="59.943773925932135" lon="30.323974529614635">
				<ele>-9.315453956834972</ele>
				<time>2022-08-29T15:58:24Z</time>
			</trkpt>
			<trkpt lat="59.94379322934149" lon="30.324006668951547">
				<ele>-11.077244713902473</ele>
				<time>2022-08-29T15:58:27Z</time>
			</trkpt>
			<trkpt lat="59.943800754731946" lon="30.32406222198456">
				<ele>-10.13379000686109</ele>
				<time>2022-08-29T15:58:29Z</time>
			</trkpt>
			<trkpt lat="59.94381239922126" lon="30.32408953456963">
				<ele>-11.075122436508536</ele>
				<time>2022-08-29T15:58:31Z</time>
			</trkpt>
			<trkpt lat="59.94383262242396" lon="30.324129849173076">
				<ele>-9.119121646508574</ele>
				<time>2022-08-29T15:58:33Z</time>
			</trkpt>
			<trkpt lat="59.94384697003257" lon="30.324169195542645">
				<ele>-9.360014548525214</ele>
				<time>2022-08-29T15:58:35Z</time>
			</trkpt>
			<trkpt lat="59.943849035006004" lon="30.324228175992218">
				<ele>-12.375515792518854</ele>
				<time>2022-08-29T15:58:38Z</time>
			</trkpt>
			<trkpt lat="59.94386319763521" lon="30.3242504474438">
				<ele>-12.563421075232327</ele>
				<time>2022-08-29T15:58:40Z</time>
			</trkpt>
			<trkpt lat="59.94388131698646" lon="30.324290542606573">
				<ele>-10.776915630325675</ele>
				<time>2022-08-29T15:58:42Z</time>
			</trkpt>
			<trkpt lat="59.94390335618634" lon="30.324339658685638">
				<ele>-11.342716197483242</ele>
				<time>2022-08-29T15:58:46Z</time>
			</trkpt>
			<trkpt lat="59.943917399711125" lon="30.32438191871157">
				<ele>-11.657149721868336</ele>
				<time>2022-08-29T15:58:48Z</time>
			</trkpt>
			<trkpt lat="59.94393305135253" lon="30.3244121128851">
				<ele>-13.098138531669974</ele>
				<time>2022-08-29T15:58:51Z</time>
			</trkpt>
			<trkpt lat="59.94395216811579" lon="30.324439007224928">
				<ele>-11.551360036246479</ele>
				<time>2022-08-29T15:58:54Z</time>
			</trkpt>
			<trkpt lat="59.94396448028502" lon="30.324466862609064">
				<ele>-12.739916141144931</ele>
				<time>2022-08-29T15:58:56Z</time>
			</trkpt>
			<trkpt lat="59.94396663353978" lon="30.3245099964065">
				<ele>-14.634662703610957</ele>
				<time>2022-08-29T15:58:59Z</time>
			</trkpt>
			<trkpt lat="59.94398577749936" lon="30.32452078733679">
				<ele>-12.076746677979827</ele>
				<time>2022-08-29T15:59:01Z</time>
			</trkpt>
			<trkpt lat="59.9440060709081" lon="30.32456768992319">
				<ele>-12.603106333874166</ele>
				<time>2022-08-29T15:59:04Z</time>
			</trkpt>
			<trkpt lat="59.94401184000656" lon="30.324606370337385">
				<ele>-10.67563916835934</ele>
				<time>2022-08-29T15:59:05Z</time>
			</trkpt>
			<trkpt lat="59.94402351195021" lon="30.32463745414539">
				<ele>-10.592530853115022</ele>
				<time>2022-08-29T15:59:07Z</time>
			</trkpt>
			<trkpt lat="59.94404051799738" lon="30.324663273873437">
				<ele>-12.418256653472781</ele>
				<time>2022-08-29T15:59:10Z</time>
			</trkpt>
			<trkpt lat="59.94405943708857" lon="30.324697502935535">
				<ele>-10.438605325296521</ele>
				<time>2022-08-29T15:59:12Z</time>
			</trkpt>
			<trkpt lat="59.94406993372038" lon="30.324747254529164">
				<ele>-8.478419475257397</ele>
				<time>2022-08-29T15:59:14Z</time>
			</trkpt>
			<trkpt lat="59.944090334783866" lon="30.324779075295172">
				<ele>-8.953709128312767</ele>
				<time>2022-08-29T15:59:16Z</time>
			</trkpt>
			<trkpt lat="59.944112408777116" lon="30.324787538076905">
				<ele>-7.12210316490382</ele>
				<time>2022-08-29T15:59:19Z</time>
			</trkpt>
			<trkpt lat="59.94412709046343" lon="30.324825977137927">
				<ele>-6.535798788070679</ele>
				<time>2022-08-29T15:59:21Z</time>
			</trkpt>
			<trkpt lat="59.94415120965271" lon="30.324852391921578">
				<ele>-4.409628975205123</ele>
				<time>2022-08-29T15:59:23Z</time>
			</trkpt>
			<trkpt lat="59.94416523239615" lon="30.324881786577045">
				<ele>-6.072875648736954</ele>
				<time>2022-08-29T15:59:25Z</time>
			</trkpt>
			<trkpt lat="59.944176772113984" lon="30.324933286915336">
				<ele>-5.290606014430523</ele>
				<time>2022-08-29T15:59:27Z</time>
			</trkpt>
			<trkpt lat="59.94419093278784" lon="30.32497002990192">
				<ele>-4.2797740660607815</ele>
				<time>2022-08-29T15:59:29Z</time>
			</trkpt>
			<trkpt lat="59.94421599909914" lon="30.324994896096108">
				<ele>-4.550097291357815</ele>
				<time>2022-08-29T15:59:31Z</time>
			</trkpt>
			<trkpt lat="59.94424128513211" lon="30.325007183136446">
				<ele>-5.641105771996081</ele>
				<time>2022-08-29T15:59:32Z</time>
			</trkpt>
			<trkpt lat="59.9442573035004" lon="30.325050220677745">
				<ele>-5.481995813548565</ele>
				<time>2022-08-29T15:59:39Z</time>
			</trkpt>
			<trkpt lat="59.94426481373233" lon="30.32508626879007">
				<ele>-5.075053596869111</ele>
				<time>2022-08-29T15:59:41Z</time>
			</trkpt>
			<trkpt lat="59.944274152737705" lon="30.32513375890544">
				<ele>-5.012222770601511</ele>
				<time>2022-08-29T15:59:44Z</time>
			</trkpt>
			<trkpt lat="59.94428797079856" lon="30.32518335790602">
				<ele>-5.216370959766209</ele>
				<time>2022-08-29T15:59:47Z</time>
			</trkpt>
			<trkpt lat="59.94429887890798" lon="30.325220140114002">
				<ele>-7.574188848026097</ele>
				<time>2022-08-29T15:59:51Z</time>
			</trkpt>
			<trkpt lat="59.94430998873971" lon="30.325258975109758">
				<ele>-7.470239888876677</ele>
				<time>2022-08-29T15:59:53Z</time>
			</trkpt>
			<trkpt lat="59.94432709532951" lon="30.32527648466069">
				<ele>-7.799637890420854</ele>
				<time>2022-08-29T15:59:56Z</time>
			</trkpt>
			<trkpt lat="59.94432968147514" lon="30.325341446006885">
				<ele>-7.796611757948995</ele>
				<time>2022-08-29T16:00:06Z</time>
			</trkpt>
			<trkpt lat="59.94433905263133" lon="30.325391813629942">
				<ele>-6.011031008325517</ele>
				<time>2022-08-29T16:00:28Z</time>
			</trkpt>
			<trkpt lat="59.9443056964439" lon="30.325454549201964">
				<ele>-5.480460507795215</ele>
				<time>2022-08-29T16:00:30Z</time>
			</trkpt>
			<trkpt lat="59.94428704401395" lon="30.325456274500652">
				<ele>-5.806401018984616</ele>
				<time>2022-08-29T16:00:31Z</time>
			</trkpt>
			<trkpt lat="59.94427072654473" lon="30.3254920659024">
				<ele>-5.300195191986859</ele>
				<time>2022-08-29T16:00:32Z</time>
			</trkpt>
			<trkpt lat="59.94425590100765" lon="30.325529169465643">
				<ele>-4.531233727931976</ele>
				<time>2022-08-29T16:00:33Z</time>
			</trkpt>
			<trkpt lat="59.94423214899487" lon="30.325563411182106">
				<ele>-3.8162752194330096</ele>
				<time>2022-08-29T16:00:35Z</time>
			</trkpt>
			<trkpt lat="59.94421781818893" lon="30.325595610555176">
				<ele>-3.3436114713549614</ele>
				<time>2022-08-29T16:00:36Z</time>
			</trkpt>
			<trkpt lat="59.94420350169241" lon="30.325626090209248">
				<ele>-4.291496644727886</ele>
				<time>2022-08-29T16:00:38Z</time>
			</trkpt>
			<trkpt lat="59.944185550339746" lon="30.32567600326716">
				<ele>-2.9919911939650774</ele>
				<time>2022-08-29T16:00:41Z</time>
			</trkpt>
			<trkpt lat="59.94416931322829" lon="30.325697379205344">
				<ele>-4.312434948049486</ele>
				<time>2022-08-29T16:00:43Z</time>
			</trkpt>
			<trkpt lat="59.944163113806106" lon="30.32574931454266">
				<ele>-1.525328764691949</ele>
				<time>2022-08-29T16:00:46Z</time>
			</trkpt>
			<trkpt lat="59.94414172994503" lon="30.325798920155655">
				<ele>-3.2823121855035424</ele>
				<time>2022-08-29T16:00:48Z</time>
			</trkpt>
			<trkpt lat="59.94413467258355" lon="30.325844686961734">
				<ele>-2.545943656936288</ele>
				<time>2022-08-29T16:00:49Z</time>
			</trkpt>
			<trkpt lat="59.94412088947431" lon="30.325871747901644">
				<ele>-2.521193476393819</ele>
				<time>2022-08-29T16:00:51Z</time>
			</trkpt>
			<trkpt lat="59.9441178475791" lon="30.32591143134273">
				<ele>-0.2851670980453491</ele>
				<time>2022-08-29T16:00:52Z</time>
			</trkpt>
			<trkpt lat="59.944097752266934" lon="30.325950132608202">
				<ele>0.24745399318635464</ele>
				<time>2022-08-29T16:00:54Z</time>
			</trkpt>
			<trkpt lat="59.94407627382869" lon="30.325914606694397">
				<ele>-0.987247321754694</ele>
				<time>2022-08-29T16:00:56Z</time>
			</trkpt>
			<trkpt lat="59.94405564413632" lon="30.32592527792227">
				<ele>-0.9245305508375168</ele>
				<time>2022-08-29T16:00:58Z</time>
			</trkpt>
			<trkpt lat="59.944047042949684" lon="30.325965778081752">
				<ele>1.1281275181099772</ele>
				<time>2022-08-29T16:01:00Z</time>
			</trkpt>
			<trkpt lat="59.94402788499072" lon="30.326010216243816">
				<ele>2.0469657564535737</ele>
				<time>2022-08-29T16:01:02Z</time>
			</trkpt>
			<trkpt lat="59.94401049037932" lon="30.326036077236807">
				<ele>1.120612303726375</ele>
				<time>2022-08-29T16:01:04Z</time>
			</trkpt>
			<trkpt lat="59.943993445138204" lon="30.326094845130545">
				<ele>3.0840349616482854</ele>
				<time>2022-08-29T16:01:06Z</time>
			</trkpt>
			<trkpt lat="59.94397468677032" lon="30.326117441605653">
				<ele>1.8315674485638738</ele>
				<time>2022-08-29T16:01:08Z</time>
			</trkpt>
			<trkpt lat="59.94395606530092" lon="30.326134290513533">
				<ele>-3.7449630899354815</ele>
				<time>2022-08-29T16:01:12Z</time>
			</trkpt>
			<trkpt lat="59.94394084269792" lon="30.326161668030068">
				<ele>-0.2849266491830349</ele>
				<time>2022-08-29T16:01:14Z</time>
			</trkpt>
			<trkpt lat="59.94391307754456" lon="30.3262066993436">
				<ele>2.008983412757516</ele>
				<time>2022-08-29T16:01:16Z</time>
			</trkpt>
			<trkpt lat="59.94391746852782" lon="30.326156447835285">
				<ele>-2.1237783012911677</ele>
				<time>2022-08-29T16:01:17Z</time>
			</trkpt>
			<trkpt lat="59.943892410684015" lon="30.326177312721196">
				<ele>-1.9374537989497185</ele>
				<time>2022-08-29T16:01:19Z</time>
			</trkpt>
			<trkpt lat="59.94388040494963" lon="30.326223442436007">
				<ele>-1.8871520329266787</ele>
				<time>2022-08-29T16:01:21Z</time>
			</trkpt>
			<trkpt lat="59.943867601596295" lon="30.32626480733453">
				<ele>-0.2739977305755019</ele>
				<time>2022-08-29T16:01:24Z</time>
			</trkpt>
			<trkpt lat="59.94384686221851" lon="30.326301921851353">
				<ele>-2.5516282534226775</ele>
				<time>2022-08-29T16:01:26Z</time>
			</trkpt>
			<trkpt lat="59.94381700068998" lon="30.32632506416492">
				<ele>-2.6254507498815656</ele>
				<time>2022-08-29T16:01:28Z</time>
			</trkpt>
			<trkpt lat="59.9437986219757" lon="30.326345141725596">
				<ele>-0.30492648482322693</ele>
				<time>2022-08-29T16:01:30Z</time>
			</trkpt>
			<trkpt lat="59.94377623404074" lon="30.32637162052617">
				<ele>-0.8501534042879939</ele>
				<time>2022-08-29T16:01:32Z</time>
			</trkpt>
			<trkpt lat="59.94375908962756" lon="30.326389339412827">
				<ele>-5.594813208095729</ele>
				<time>2022-08-29T16:01:36Z</time>
			</trkpt>
			<trkpt lat="59.943727408989055" lon="30.326380720030865">
				<ele>-6.190281135030091</ele>
				<time>2022-08-29T16:01:39Z</time>
			</trkpt>
			<trkpt lat="59.94372072466154" lon="30.326451185775806">
				<ele>-5.156349740922451</ele>
				<time>2022-08-29T16:01:42Z</time>
			</trkpt>
			<trkpt lat="59.943709301901094" lon="30.32648017290486">
				<ele>-6.013416778296232</ele>
				<time>2022-08-29T16:01:44Z</time>
			</trkpt>
			<trkpt lat="59.94368536179019" lon="30.326503932975875">
				<ele>-3.265353348106146</ele>
				<time>2022-08-29T16:01:46Z</time>
			</trkpt>
			<trkpt lat="59.94366971027377" lon="30.326538554695805">
				<ele>-3.573435302823782</ele>
				<time>2022-08-29T16:01:48Z</time>
			</trkpt>
			<trkpt lat="59.9436506230534" lon="30.326566082731244">
				<ele>-1.6980367815122008</ele>
				<time>2022-08-29T16:01:50Z</time>
			</trkpt>
			<trkpt lat="59.94363677733763" lon="30.326591836764308">
				<ele>0.061012858524918556</ele>
				<time>2022-08-29T16:01:51Z</time>
			</trkpt>
			<trkpt lat="59.94360924994143" lon="30.326607216693777">
				<ele>2.4902971060946584</ele>
				<time>2022-08-29T16:01:53Z</time>
			</trkpt>
			<trkpt lat="59.943599450770705" lon="30.326660430578883">
				<ele>0.8513053664937615</ele>
				<time>2022-08-29T16:01:56Z</time>
			</trkpt>
			<trkpt lat="59.94358766472219" lon="30.32670175283446">
				<ele>4.194902558811009</ele>
				<time>2022-08-29T16:01:58Z</time>
			</trkpt>
			<trkpt lat="59.94356963966021" lon="30.326739691490566">
				<ele>4.097934262827039</ele>
				<time>2022-08-29T16:02:00Z</time>
			</trkpt>
			<trkpt lat="59.94355082020829" lon="30.32676487959308">
				<ele>1.43392728921026</ele>
				<time>2022-08-29T16:02:05Z</time>
			</trkpt>
			<trkpt lat="59.94354285301927" lon="30.326802780701755">
				<ele>1.383367583155632</ele>
				<time>2022-08-29T16:02:07Z</time>
			</trkpt>
			<trkpt lat="59.943522501383015" lon="30.326808210318838">
				<ele>3.2124151792377234</ele>
				<time>2022-08-29T16:02:08Z</time>
			</trkpt>
			<trkpt lat="59.94350070927556" lon="30.326858645800602">
				<ele>5.581446533091366</ele>
				<time>2022-08-29T16:02:10Z</time>
			</trkpt>
			<trkpt lat="59.9434795522926" lon="30.32689806511883">
				<ele>5.303406752645969</ele>
				<time>2022-08-29T16:02:12Z</time>
			</trkpt>
			<trkpt lat="59.943479605735" lon="30.326939168806817">
				<ele>6.014164161868393</ele>
				<time>2022-08-29T16:02:13Z</time>
			</trkpt>
			<trkpt lat="59.9434655911725" lon="30.32696205319378">
				<ele>6.370834693312645</ele>
				<time>2022-08-29T16:02:14Z</time>
			</trkpt>
			<trkpt lat="59.943437639731656" lon="30.326999582188684">
				<ele>7.1202407237142324</ele>
				<time>2022-08-29T16:02:16Z</time>
			</trkpt>
			<trkpt lat="59.94347008888739" lon="30.326912307775572">
				<ele>4.828317071311176</ele>
				<time>2022-08-29T16:02:21Z</time>
			</trkpt>
			<trkpt lat="59.94350000717716" lon="30.32694347742679">
				<ele>7.255301651544869</ele>
				<time>2022-08-29T16:02:43Z</time>
			</trkpt>
			<trkpt lat="59.943480334530925" lon="30.32697252136634">
				<ele>11.089886181987822</ele>
				<time>2022-08-29T16:02:45Z</time>
			</trkpt>
			<trkpt lat="59.94346391177432" lon="30.3270057925637">
				<ele>11.93598816730082</ele>
				<time>2022-08-29T16:02:46Z</time>
			</trkpt>
			<trkpt lat="59.94343976621243" lon="30.32707961267727">
				<ele>11.224096968770027</ele>
				<time>2022-08-29T16:02:48Z</time>
			</trkpt>
			<trkpt lat="59.94341720331623" lon="30.32713484728207">
				<ele>6.548712399788201</ele>
				<time>2022-08-29T16:02:51Z</time>
			</trkpt>
			<trkpt lat="59.943399098101125" lon="30.327115664604808">
				<ele>6.510196375660598</ele>
				<time>2022-08-29T16:02:53Z</time>
			</trkpt>
			<trkpt lat="59.94336541936774" lon="30.327157197618536">
				<ele>9.233552412129939</ele>
				<time>2022-08-29T16:02:55Z</time>
			</trkpt>
			<trkpt lat="59.94333976397333" lon="30.32716710495393">
				<ele>8.36463931389153</ele>
				<time>2022-08-29T16:02:57Z</time>
			</trkpt>
			<trkpt lat="59.94332343365359" lon="30.327212974436446">
				<ele>9.616701271384954</ele>
				<time>2022-08-29T16:02:58Z</time>
			</trkpt>
			<trkpt lat="59.943306954896805" lon="30.32724581239681">
				<ele>12.314611751586199</ele>
				<time>2022-08-29T16:03:01Z</time>
			</trkpt>
			<trkpt lat="59.94329307092953" lon="30.3272811809524">
				<ele>12.37346514314413</ele>
				<time>2022-08-29T16:03:02Z</time>
			</trkpt>
			<trkpt lat="59.94328466073362" lon="30.327318722232153">
				<ele>13.294781882315874</ele>
				<time>2022-08-29T16:03:03Z</time>
			</trkpt>
			<trkpt lat="59.9432712812" lon="30.3273494203948">
				<ele>10.95571856573224</ele>
				<time>2022-08-29T16:03:05Z</time>
			</trkpt>
			<trkpt lat="59.94324584260923" lon="30.32734196012633">
				<ele>12.69188383501023</ele>
				<time>2022-08-29T16:03:07Z</time>
			</trkpt>
			<trkpt lat="59.94322127962768" lon="30.327370748937128">
				<ele>12.648736056871712</ele>
				<time>2022-08-29T16:03:09Z</time>
			</trkpt>
			<trkpt lat="59.94320890714572" lon="30.327397800228425">
				<ele>12.852211935445666</ele>
				<time>2022-08-29T16:03:10Z</time>
			</trkpt>
			<trkpt lat="59.94319027574935" lon="30.32742612856978">
				<ele>12.774040351621807</ele>
				<time>2022-08-29T16:03:12Z</time>
			</trkpt>
			<trkpt lat="59.94317877176413" lon="30.327471669176095">
				<ele>13.438594037666917</ele>
				<time>2022-08-29T16:03:15Z</time>
			</trkpt>
			<trkpt lat="59.94316733762021" lon="30.327501712553808">
				<ele>13.110747599042952</ele>
				<time>2022-08-29T16:03:17Z</time>
			</trkpt>
			<trkpt lat="59.94314117704288" lon="30.327538284221763">
				<ele>15.138054581359029</ele>
				<time>2022-08-29T16:03:19Z</time>
			</trkpt>
			<trkpt lat="59.94313056173455" lon="30.327568781749036">
				<ele>10.104883370921016</ele>
				<time>2022-08-29T16:03:22Z</time>
			</trkpt>
			<trkpt lat="59.94311355753618" lon="30.327602665015263">
				<ele>12.148047657683492</ele>
				<time>2022-08-29T16:03:24Z</time>
			</trkpt>
			<trkpt lat="59.94309761808507" lon="30.32765085673092">
				<ele>14.80280724633485</ele>
				<time>2022-08-29T16:03:26Z</time>
			</trkpt>
			<trkpt lat="59.943075971618434" lon="30.327637814507895">
				<ele>9.177510722540319</ele>
				<time>2022-08-29T16:03:29Z</time>
			</trkpt>
			<trkpt lat="59.94305909446651" lon="30.32765746689864">
				<ele>11.015030145645142</ele>
				<time>2022-08-29T16:03:30Z</time>
			</trkpt>
			<trkpt lat="59.94303304786267" lon="30.327699334440098">
				<ele>11.73818642925471</ele>
				<time>2022-08-29T16:03:31Z</time>
			</trkpt>
			<trkpt lat="59.9430260650532" lon="30.327734201282457">
				<ele>12.806274318136275</ele>
				<time>2022-08-29T16:03:32Z</time>
			</trkpt>
			<trkpt lat="59.94302350463157" lon="30.32778326450573">
				<ele>12.580539906397462</ele>
				<time>2022-08-29T16:03:33Z</time>
			</trkpt>
			<trkpt lat="59.94307084648869" lon="30.32763608185338">
				<ele>10.34179427754134</ele>
				<time>2022-08-29T16:03:34Z</time>
			</trkpt>
			<trkpt lat="59.943110810969635" lon="30.32753381177288">
				<ele>9.899494357407093</ele>
				<time>2022-08-29T16:03:35Z</time>
			</trkpt>
			<trkpt lat="59.94307641487153" lon="30.32755583960139">
				<ele>2.3092288058251143</ele>
				<time>2022-08-29T16:03:39Z</time>
			</trkpt>
			<trkpt lat="59.9430595587587" lon="30.32757548194085">
				<ele>0.8478585118427873</ele>
				<time>2022-08-29T16:03:40Z</time>
			</trkpt>
			<trkpt lat="59.94303999430309" lon="30.327576958357973">
				<ele>0.32215746492147446</ele>
				<time>2022-08-29T16:03:41Z</time>
			</trkpt>
			<trkpt lat="59.94301314044727" lon="30.3276081603403">
				<ele>-2.2015695348381996</ele>
				<time>2022-08-29T16:03:44Z</time>
			</trkpt>
			<trkpt lat="59.94298380598949" lon="30.327638117204007">
				<ele>0.6117378957569599</ele>
				<time>2022-08-29T16:03:46Z</time>
			</trkpt>
			<trkpt lat="59.94296515281798" lon="30.327635026194095">
				<ele>1.6980672683566809</ele>
				<time>2022-08-29T16:03:47Z</time>
			</trkpt>
			<trkpt lat="59.9429541937226" lon="30.327665677473426">
				<ele>-1.7442648457363248</ele>
				<time>2022-08-29T16:03:49Z</time>
			</trkpt>
			<trkpt lat="59.94292766549876" lon="30.3276734058787">
				<ele>-0.42094468977302313</ele>
				<time>2022-08-29T16:03:51Z</time>
			</trkpt>
			<trkpt lat="59.9429031148654" lon="30.32764955898681">
				<ele>0.5235927402973175</ele>
				<time>2022-08-29T16:03:53Z</time>
			</trkpt>
			<trkpt lat="59.94287799102662" lon="30.327654930707766">
				<ele>-0.031173926778137684</ele>
				<time>2022-08-29T16:03:55Z</time>
			</trkpt>
			<trkpt lat="59.94285717887857" lon="30.327641211086107">
				<ele>0.17118797451257706</ele>
				<time>2022-08-29T16:03:57Z</time>
			</trkpt>
			<trkpt lat="59.94283636788871" lon="30.327644832186508">
				<ele>-0.029057963751256466</ele>
				<time>2022-08-29T16:03:58Z</time>
			</trkpt>
			<trkpt lat="59.942817377539875" lon="30.32761415264349">
				<ele>-0.8114607874304056</ele>
				<time>2022-08-29T16:04:00Z</time>
			</trkpt>
			<trkpt lat="59.94280256317589" lon="30.327587347511034">
				<ele>1.831310799345374</ele>
				<time>2022-08-29T16:04:01Z</time>
			</trkpt>
			<trkpt lat="59.9427988235157" lon="30.327540173292657">
				<ele>-0.9336520414799452</ele>
				<time>2022-08-29T16:04:03Z</time>
			</trkpt>
			<trkpt lat="59.94278827915262" lon="30.327498042775186">
				<ele>1.4046467710286379</ele>
				<time>2022-08-29T16:04:05Z</time>
			</trkpt>
			<trkpt lat="59.942780163832175" lon="30.32745862176986">
				<ele>1.3357065031304955</ele>
				<time>2022-08-29T16:04:07Z</time>
			</trkpt>
			<trkpt lat="59.942778183882574" lon="30.32741637561881">
				<ele>-0.4170372113585472</ele>
				<time>2022-08-29T16:04:09Z</time>
			</trkpt>
			<trkpt lat="59.942783923226415" lon="30.327370066180553">
				<ele>-1.107120738364756</ele>
				<time>2022-08-29T16:04:12Z</time>
			</trkpt>
			<trkpt lat="59.94279175457565" lon="30.32732408903753">
				<ele>-1.328459900803864</ele>
				<time>2022-08-29T16:04:14Z</time>
			</trkpt>
			<trkpt lat="59.94279520462941" lon="30.32727807443648">
				<ele>-6.189019033685327</ele>
				<time>2022-08-29T16:04:17Z</time>
			</trkpt>
			<trkpt lat="59.942789940107296" lon="30.32724235739393">
				<ele>-7.467516042292118</ele>
				<time>2022-08-29T16:04:19Z</time>
			</trkpt>
			<trkpt lat="59.94278256884524" lon="30.327207161983686">
				<ele>-6.428522940725088</ele>
				<time>2022-08-29T16:04:21Z</time>
			</trkpt>
			<trkpt lat="59.94278516473045" lon="30.32717004113231">
				<ele>-9.351711344905198</ele>
				<time>2022-08-29T16:04:23Z</time>
			</trkpt>
			<trkpt lat="59.94277375090308" lon="30.327130732716743">
				<ele>-7.364934335462749</ele>
				<time>2022-08-29T16:04:25Z</time>
			</trkpt>
			<trkpt lat="59.942766960933554" lon="30.32707438354532">
				<ele>-5.05813008826226</ele>
				<time>2022-08-29T16:04:28Z</time>
			</trkpt>
			<trkpt lat="59.9427522206377" lon="30.32704014271752">
				<ele>-3.4631134774535894</ele>
				<time>2022-08-29T16:04:30Z</time>
			</trkpt>
			<trkpt lat="59.942739202798286" lon="30.327008567730307">
				<ele>-3.5691465912386775</ele>
				<time>2022-08-29T16:04:32Z</time>
			</trkpt>
			<trkpt lat="59.94273160613087" lon="30.326976148950877">
				<ele>-3.326203955337405</ele>
				<time>2022-08-29T16:04:34Z</time>
			</trkpt>
			<trkpt lat="59.94271502944593" lon="30.326930739699534">
				<ele>-4.594772633165121</ele>
				<time>2022-08-29T16:04:38Z</time>
			</trkpt>
			<trkpt lat="59.942708852674464" lon="30.32687266649332">
				<ele>-2.115067034959793</ele>
				<time>2022-08-29T16:04:41Z</time>
			</trkpt>
			<trkpt lat="59.942694072586434" lon="30.32683407331138">
				<ele>-4.599289507605135</ele>
				<time>2022-08-29T16:04:43Z</time>
			</trkpt>
			<trkpt lat="59.9426802201772" lon="30.326787902965336">
				<ele>-3.684472842141986</ele>
				<time>2022-08-29T16:04:45Z</time>
			</trkpt>
			<trkpt lat="59.94266051673717" lon="30.32675145412397">
				<ele>-2.3463103007525206</ele>
				<time>2022-08-29T16:04:47Z</time>
			</trkpt>
			<trkpt lat="59.94263440260108" lon="30.32672893238263">
				<ele>-2.0746724121272564</ele>
				<time>2022-08-29T16:04:49Z</time>
			</trkpt>
			<trkpt lat="59.942621627891114" lon="30.326703358307167">
				<ele>-4.849915065802634</ele>
				<time>2022-08-29T16:04:51Z</time>
			</trkpt>
			<trkpt lat="59.94261060973335" lon="30.326668200627157">
				<ele>-4.400787156075239</ele>
				<time>2022-08-29T16:04:53Z</time>
			</trkpt>
			<trkpt lat="59.94259639187609" lon="30.326636337711758">
				<ele>-2.8217695085331798</ele>
				<time>2022-08-29T16:04:55Z</time>
			</trkpt>
			<trkpt lat="59.94258701489786" lon="30.32658940366716">
				<ele>-4.759205783717334</ele>
				<time>2022-08-29T16:04:58Z</time>
			</trkpt>
			<trkpt lat="59.942578502819195" lon="30.32655561754521">
				<ele>-5.188344323076308</ele>
				<time>2022-08-29T16:05:00Z</time>
			</trkpt>
			<trkpt lat="59.94256320653178" lon="30.326527201342582">
				<ele>-3.2571925576776266</ele>
				<time>2022-08-29T16:05:02Z</time>
			</trkpt>
			<trkpt lat="59.942554173593855" lon="30.326492682047526">
				<ele>-5.4747069627046585</ele>
				<time>2022-08-29T16:05:04Z</time>
			</trkpt>
			<trkpt lat="59.942544688556076" lon="30.326452527367746">
				<ele>-5.351846939884126</ele>
				<time>2022-08-29T16:05:06Z</time>
			</trkpt>
			<trkpt lat="59.94253687846623" lon="30.32641981492797">
				<ele>-5.556610431522131</ele>
				<time>2022-08-29T16:05:07Z</time>
			</trkpt>
			<trkpt lat="59.9425253125771" lon="30.32637221567241">
				<ele>-4.114859380759299</ele>
				<time>2022-08-29T16:05:09Z</time>
			</trkpt>
			<trkpt lat="59.942515337296726" lon="30.32633130661234">
				<ele>-8.229082468897104</ele>
				<time>2022-08-29T16:05:12Z</time>
			</trkpt>
			<trkpt lat="59.942500471903415" lon="30.326290537875657">
				<ele>-8.010153762064874</ele>
				<time>2022-08-29T16:05:15Z</time>
			</trkpt>
			<trkpt lat="59.94247902863331" lon="30.32627899147436">
				<ele>-7.331049011088908</ele>
				<time>2022-08-29T16:05:17Z</time>
			</trkpt>
			<trkpt lat="59.942461520539425" lon="30.326266201926224">
				<ele>-4.72349633090198</ele>
				<time>2022-08-29T16:05:19Z</time>
			</trkpt>
			<trkpt lat="59.942447660032926" lon="30.326225401736707">
				<ele>-7.261894112452865</ele>
				<time>2022-08-29T16:05:22Z</time>
			</trkpt>
			<trkpt lat="59.94245693181031" lon="30.326175383436322">
				<ele>-4.655513167381287</ele>
				<time>2022-08-29T16:05:28Z</time>
			</trkpt>
			<trkpt lat="59.94246349663989" lon="30.326129969788198">
				<ele>-3.230237158946693</ele>
				<time>2022-08-29T16:05:30Z</time>
			</trkpt>
			<trkpt lat="59.942475111095135" lon="30.326074469024938">
				<ele>-3.9655172834172845</ele>
				<time>2022-08-29T16:05:35Z</time>
			</trkpt>
			<trkpt lat="59.94246554889869" lon="30.326035778745556">
				<ele>-4.027149481698871</ele>
				<time>2022-08-29T16:05:37Z</time>
			</trkpt>
			<trkpt lat="59.94246739522163" lon="30.3259904423312">
				<ele>-8.362901107408106</ele>
				<time>2022-08-29T16:05:40Z</time>
			</trkpt>
			<trkpt lat="59.9424538894833" lon="30.325962012558914">
				<ele>-7.6531651727855206</ele>
				<time>2022-08-29T16:05:41Z</time>
			</trkpt>
			<trkpt lat="59.94245141477215" lon="30.325923353980357">
				<ele>-6.505712827667594</ele>
				<time>2022-08-29T16:05:49Z</time>
			</trkpt>
			<trkpt lat="59.942466700318526" lon="30.325903674059322">
				<ele>-10.582937156781554</ele>
				<time>2022-08-29T16:05:51Z</time>
			</trkpt>
			<trkpt lat="59.94246201693413" lon="30.325868200011822">
				<ele>-10.397189404815435</ele>
				<time>2022-08-29T16:05:53Z</time>
			</trkpt>
			<trkpt lat="59.94245550036929" lon="30.32582633789204">
				<ele>-9.024207905866206</ele>
				<time>2022-08-29T16:05:55Z</time>
			</trkpt>
			<trkpt lat="59.942459230818415" lon="30.3257839016602">
				<ele>-8.128526418469846</ele>
				<time>2022-08-29T16:05:57Z</time>
			</trkpt>
			<trkpt lat="59.94246031128779" lon="30.32574656984029">
				<ele>-6.194352308288217</ele>
				<time>2022-08-29T16:05:59Z</time>
			</trkpt>
			<trkpt lat="59.94246510711142" lon="30.325695650828447">
				<ele>-8.766538652591407</ele>
				<time>2022-08-29T16:06:02Z</time>
			</trkpt>
			<trkpt lat="59.94246347732671" lon="30.325653454450645">
				<ele>-6.955924089998007</ele>
				<time>2022-08-29T16:06:04Z</time>
			</trkpt>
			<trkpt lat="59.94246373845189" lon="30.325602903009134">
				<ele>-6.583641802892089</ele>
				<time>2022-08-29T16:06:06Z</time>
			</trkpt>
			<trkpt lat="59.94246796106168" lon="30.325551731126605">
				<ele>-6.39086655061692</ele>
				<time>2022-08-29T16:06:09Z</time>
			</trkpt>
			<trkpt lat="59.94246358344568" lon="30.325501294646475">
				<ele>-4.467702742666006</ele>
				<time>2022-08-29T16:06:11Z</time>
			</trkpt>
			<trkpt lat="59.94247457684196" lon="30.32545365991822">
				<ele>-4.88648406136781</ele>
				<time>2022-08-29T16:06:14Z</time>
			</trkpt>
			<trkpt lat="59.94247905476011" lon="30.32540955484011">
				<ele>-5.2693695249035954</ele>
				<time>2022-08-29T16:06:16Z</time>
			</trkpt>
			<trkpt lat="59.94248773046301" lon="30.325361813581587">
				<ele>-3.952453091740608</ele>
				<time>2022-08-29T16:06:18Z</time>
			</trkpt>
			<trkpt lat="59.94249397527668" lon="30.325325820724956">
				<ele>-6.695690452121198</ele>
				<time>2022-08-29T16:06:20Z</time>
			</trkpt>
			<trkpt lat="59.9424936500575" lon="30.325280383291954">
				<ele>-6.265290572308004</ele>
				<time>2022-08-29T16:06:22Z</time>
			</trkpt>
			<trkpt lat="59.942488233482514" lon="30.32523519850986">
				<ele>-6.514132448472083</ele>
				<time>2022-08-29T16:06:25Z</time>
			</trkpt>
			<trkpt lat="59.94247737511388" lon="30.325169888200076">
				<ele>-5.490041075274348</ele>
				<time>2022-08-29T16:06:28Z</time>
			</trkpt>
			<trkpt lat="59.94247852471888" lon="30.32511011110148">
				<ele>-5.831246835179627</ele>
				<time>2022-08-29T16:06:31Z</time>
			</trkpt>
			<trkpt lat="59.94248558064624" lon="30.325061009363537">
				<ele>-8.661495868116617</ele>
				<time>2022-08-29T16:06:34Z</time>
			</trkpt>
			<trkpt lat="59.94248294742479" lon="30.32500828917777">
				<ele>-6.99010531976819</ele>
				<time>2022-08-29T16:06:36Z</time>
			</trkpt>
			<trkpt lat="59.94248153468078" lon="30.32496839313351">
				<ele>-8.340695140883327</ele>
				<time>2022-08-29T16:06:39Z</time>
			</trkpt>
			<trkpt lat="59.94247926176768" lon="30.324928258864897">
				<ele>-6.494067563675344</ele>
				<time>2022-08-29T16:06:41Z</time>
			</trkpt>
			<trkpt lat="59.942482699822705" lon="30.3248839880122">
				<ele>-4.402186904102564</ele>
				<time>2022-08-29T16:06:43Z</time>
			</trkpt>
			<trkpt lat="59.942479199310434" lon="30.32484400408572">
				<ele>-4.164709214121103</ele>
				<time>2022-08-29T16:06:46Z</time>
			</trkpt>
			<trkpt lat="59.94247864496617" lon="30.32479348343155">
				<ele>-4.663407742977142</ele>
				<time>2022-08-29T16:06:48Z</time>
			</trkpt>
			<trkpt lat="59.94247808554144" lon="30.324742141069624">
				<ele>-1.9542200928553939</ele>
				<time>2022-08-29T16:06:51Z</time>
			</trkpt>
			<trkpt lat="59.94246306069869" lon="30.324679679060917">
				<ele>-2.796432912349701</ele>
				<time>2022-08-29T16:06:55Z</time>
			</trkpt>
			<trkpt lat="59.94244235156228" lon="30.324651977812685">
				<ele>-6.997019431553781</ele>
				<time>2022-08-29T16:06:59Z</time>
			</trkpt>
			<trkpt lat="59.942428532559134" lon="30.32462049235117">
				<ele>-6.079279117286205</ele>
				<time>2022-08-29T16:07:03Z</time>
			</trkpt>
			<trkpt lat="59.94243791135462" lon="30.324566680859544">
				<ele>-7.399322020821273</ele>
				<time>2022-08-29T16:07:07Z</time>
			</trkpt>
			<trkpt lat="59.942432357314054" lon="30.324524403708622">
				<ele>-7.404387732967734</ele>
				<time>2022-08-29T16:07:09Z</time>
			</trkpt>
			<trkpt lat="59.942422998991546" lon="30.324486317622437">
				<ele>-7.665503619238734</ele>
				<time>2022-08-29T16:07:11Z</time>
			</trkpt>
			<trkpt lat="59.94241536539564" lon="30.32445026064677">
				<ele>-7.33457422349602</ele>
				<time>2022-08-29T16:07:13Z</time>
			</trkpt>
			<trkpt lat="59.94241955821194" lon="30.324396287800926">
				<ele>-6.017137099988759</ele>
				<time>2022-08-29T16:07:15Z</time>
			</trkpt>
			<trkpt lat="59.94240724465499" lon="30.324360959988237">
				<ele>-4.525182893499732</ele>
				<time>2022-08-29T16:07:17Z</time>
			</trkpt>
			<trkpt lat="59.942385294433365" lon="30.32435083379267">
				<ele>-3.645768909715116</ele>
				<time>2022-08-29T16:07:19Z</time>
			</trkpt>
			<trkpt lat="59.94238616739895" lon="30.324298975621357">
				<ele>-6.485418579541147</ele>
				<time>2022-08-29T16:07:21Z</time>
			</trkpt>
			<trkpt lat="59.94237384047902" lon="30.324255128289717">
				<ele>-5.413754151202738</ele>
				<time>2022-08-29T16:07:24Z</time>
			</trkpt>
			<trkpt lat="59.94236540327553" lon="30.324202424615482">
				<ele>-7.539074297994375</ele>
				<time>2022-08-29T16:07:27Z</time>
			</trkpt>
			<trkpt lat="59.942356573248674" lon="30.324167636812156">
				<ele>-5.709965941496193</ele>
				<time>2022-08-29T16:07:29Z</time>
			</trkpt>
			<trkpt lat="59.942353386090616" lon="30.32412506789282">
				<ele>-3.998150274157524</ele>
				<time>2022-08-29T16:07:31Z</time>
			</trkpt>
			<trkpt lat="59.942343800611795" lon="30.32407866940052">
				<ele>-6.158633027225733</ele>
				<time>2022-08-29T16:07:34Z</time>
			</trkpt>
			<trkpt lat="59.94233635819333" lon="30.32403923976676">
				<ele>-5.963822722434998</ele>
				<time>2022-08-29T16:07:36Z</time>
			</trkpt>
			<trkpt lat="59.942321769022705" lon="30.32400278988542">
				<ele>-4.389526693150401</ele>
				<time>2022-08-29T16:07:38Z</time>
			</trkpt>
			<trkpt lat="59.942311231383904" lon="30.32397258805321">
				<ele>-4.820132375694811</ele>
				<time>2022-08-29T16:07:41Z</time>
			</trkpt>
			<trkpt lat="59.94230455023903" lon="30.323933873552406">
				<ele>-5.496408313512802</ele>
				<time>2022-08-29T16:07:43Z</time>
			</trkpt>
			<trkpt lat="59.94229407803313" lon="30.32388237840243">
				<ele>-3.9496305622160435</ele>
				<time>2022-08-29T16:07:45Z</time>
			</trkpt>
			<trkpt lat="59.94229231084584" lon="30.32383554822334">
				<ele>-4.944087387062609</ele>
				<time>2022-08-29T16:07:48Z</time>
			</trkpt>
			<trkpt lat="59.94228469089823" lon="30.32379110665134">
				<ele>-3.2779404632747173</ele>
				<time>2022-08-29T16:07:50Z</time>
			</trkpt>
			<trkpt lat="59.9422772180859" lon="30.323746069051445">
				<ele>-4.451027540490031</ele>
				<time>2022-08-29T16:07:53Z</time>
			</trkpt>
			<trkpt lat="59.94227767980044" lon="30.323706017236717">
				<ele>-4.579152927733958</ele>
				<time>2022-08-29T16:07:55Z</time>
			</trkpt>
			<trkpt lat="59.94227070584432" lon="30.323666032403207">
				<ele>-5.677140005864203</ele>
				<time>2022-08-29T16:07:57Z</time>
			</trkpt>
			<trkpt lat="59.94226979461014" lon="30.323629112007445">
				<ele>-6.618834942579269</ele>
				<time>2022-08-29T16:07:59Z</time>
			</trkpt>
			<trkpt lat="59.94226233161295" lon="30.32358915924545">
				<ele>-6.005676440894604</ele>
				<time>2022-08-29T16:08:01Z</time>
			</trkpt>
			<trkpt lat="59.94226134042102" lon="30.323543971083556">
				<ele>-4.505066730082035</ele>
				<time>2022-08-29T16:08:03Z</time>
			</trkpt>
			<trkpt lat="59.94225552093138" lon="30.32349210451748">
				<ele>-6.626391343772411</ele>
				<time>2022-08-29T16:08:06Z</time>
			</trkpt>
			<trkpt lat="59.94225009231532" lon="30.32345241519464">
				<ele>-6.028736598789692</ele>
				<time>2022-08-29T16:08:08Z</time>
			</trkpt>
			<trkpt lat="59.94224031510598" lon="30.32341564230527">
				<ele>-4.730367914773524</ele>
				<time>2022-08-29T16:08:10Z</time>
			</trkpt>
			<trkpt lat="59.94223556418337" lon="30.32337278200622">
				<ele>-9.182025361806154</ele>
				<time>2022-08-29T16:08:13Z</time>
			</trkpt>
			<trkpt lat="59.942231547549504" lon="30.32333617247911">
				<ele>-6.5767161305993795</ele>
				<time>2022-08-29T16:08:15Z</time>
			</trkpt>
			<trkpt lat="59.94224657524294" lon="30.323307300451244">
				<ele>-6.963392708450556</ele>
				<time>2022-08-29T16:08:17Z</time>
			</trkpt>
			<trkpt lat="59.942258439990944" lon="30.32327681840755">
				<ele>-4.528460081666708</ele>
				<time>2022-08-29T16:08:18Z</time>
			</trkpt>
			<trkpt lat="59.94225320634793" lon="30.323218842676543">
				<ele>-7.0478870291262865</ele>
				<time>2022-08-29T16:08:19Z</time>
			</trkpt>
			<trkpt lat="59.94224660704111" lon="30.323173171728477">
				<ele>-7.563294376246631</ele>
				<time>2022-08-29T16:08:22Z</time>
			</trkpt>
			<trkpt lat="59.94223072422081" lon="30.323139335602757">
				<ele>-5.884476105682552</ele>
				<time>2022-08-29T16:08:24Z</time>
			</trkpt>
			<trkpt lat="59.94221234075004" lon="30.323107168322814">
				<ele>-5.304907506331801</ele>
				<time>2022-08-29T16:08:25Z</time>
			</trkpt>
			<trkpt lat="59.94220522317227" lon="30.323071297670264">
				<ele>-3.70221849065274</ele>
				<time>2022-08-29T16:08:26Z</time>
			</trkpt>
			<trkpt lat="59.94220163799193" lon="30.323036058362163">
				<ele>-3.2362362621352077</ele>
				<time>2022-08-29T16:08:27Z</time>
			</trkpt>
			<trkpt lat="59.94221625126594" lon="30.323003225155595">
				<ele>-2.7999770268797874</ele>
				<time>2022-08-29T16:08:29Z</time>
			</trkpt>
			<trkpt lat="59.9422140117801" lon="30.32296294380416">
				<ele>-4.303444091230631</ele>
				<time>2022-08-29T16:08:31Z</time>
			</trkpt>
			<trkpt lat="59.94223887107778" lon="30.322933116819303">
				<ele>-3.1823731306940317</ele>
				<time>2022-08-29T16:08:33Z</time>
			</trkpt>
			<trkpt lat="59.942237740474354" lon="30.322880925968462">
				<ele>-4.225252931006253</ele>
				<time>2022-08-29T16:08:35Z</time>
			</trkpt>
			<trkpt lat="59.94224460895632" lon="30.32283859311218">
				<ele>-4.128774634562433</ele>
				<time>2022-08-29T16:08:37Z</time>
			</trkpt>
			<trkpt lat="59.942262935647406" lon="30.322794259875117">
				<ele>-5.497247566469014</ele>
				<time>2022-08-29T16:08:39Z</time>
			</trkpt>
			<trkpt lat="59.94227991281168" lon="30.322777465749223">
				<ele>-4.540507761761546</ele>
				<time>2022-08-29T16:08:41Z</time>
			</trkpt>
			<trkpt lat="59.942299152644814" lon="30.322750035704722">
				<ele>0.10045239888131618</ele>
				<time>2022-08-29T16:08:44Z</time>
			</trkpt>
			<trkpt lat="59.94232092160859" lon="30.32273841895461">
				<ele>-6.918816078454256</ele>
				<time>2022-08-29T16:08:47Z</time>
			</trkpt>
			<trkpt lat="59.94233712267276" lon="30.322711799989033">
				<ele>-5.371732131578028</ele>
				<time>2022-08-29T16:08:49Z</time>
			</trkpt>
			<trkpt lat="59.94236014544788" lon="30.32270377083874">
				<ele>-4.959195217117667</ele>
				<time>2022-08-29T16:08:51Z</time>
			</trkpt>
			<trkpt lat="59.942379143341725" lon="30.322720064612334">
				<ele>-3.212812827900052</ele>
				<time>2022-08-29T16:08:52Z</time>
			</trkpt>
			<trkpt lat="59.942381873669135" lon="30.322682666079075">
				<ele>-6.493173494935036</ele>
				<time>2022-08-29T16:08:54Z</time>
			</trkpt>
			<trkpt lat="59.942404490951326" lon="30.3226617390576">
				<ele>-10.092471870593727</ele>
				<time>2022-08-29T16:08:56Z</time>
			</trkpt>
			<trkpt lat="59.94242217804577" lon="30.32265378066717">
				<ele>-8.205391936935484</ele>
				<time>2022-08-29T16:08:57Z</time>
			</trkpt>
			<trkpt lat="59.94244880031212" lon="30.322663805138816">
				<ele>-6.282341097481549</ele>
				<time>2022-08-29T16:08:58Z</time>
			</trkpt>
			<trkpt lat="59.94246367636541" lon="30.32261578622629">
				<ele>-6.698585029691458</ele>
				<time>2022-08-29T16:09:00Z</time>
			</trkpt>
			<trkpt lat="59.9424833771796" lon="30.322625737794656">
				<ele>-5.776415998116136</ele>
				<time>2022-08-29T16:09:01Z</time>
			</trkpt>
			<trkpt lat="59.94250317861462" lon="30.322637071741735">
				<ele>-9.039604649879038</ele>
				<time>2022-08-29T16:09:03Z</time>
			</trkpt>
			<trkpt lat="59.94251348579653" lon="30.32258821979002">
				<ele>-7.7823983589187264</ele>
				<time>2022-08-29T16:09:05Z</time>
			</trkpt>
			<trkpt lat="59.942534980931704" lon="30.322570462425595">
				<ele>-7.412506050430238</ele>
				<time>2022-08-29T16:09:07Z</time>
			</trkpt>
			<trkpt lat="59.94256115456086" lon="30.322529188419683">
				<ele>-5.205740086734295</ele>
				<time>2022-08-29T16:09:09Z</time>
			</trkpt>
			<trkpt lat="59.94258929971932" lon="30.322564804091417">
				<ele>-9.493389468640089</ele>
				<time>2022-08-29T16:09:13Z</time>
			</trkpt>
			<trkpt lat="59.94261178304763" lon="30.32253240710716">
				<ele>-8.919178015552461</ele>
				<time>2022-08-29T16:09:15Z</time>
			</trkpt>
			<trkpt lat="59.94263475534471" lon="30.32250352060241">
				<ele>-7.9225247874855995</ele>
				<time>2022-08-29T16:09:17Z</time>
			</trkpt>
			<trkpt lat="59.9426471289185" lon="30.322470127771126">
				<ele>-10.714617745019495</ele>
				<time>2022-08-29T16:09:19Z</time>
			</trkpt>
			<trkpt lat="59.94267579041207" lon="30.322481222871406">
				<ele>-9.279209063388407</ele>
				<time>2022-08-29T16:09:21Z</time>
			</trkpt>
			<trkpt lat="59.942697252996524" lon="30.32246847042789">
				<ele>-8.891658931970596</ele>
				<time>2022-08-29T16:09:23Z</time>
			</trkpt>
			<trkpt lat="59.94270962266795" lon="30.322422106295225">
				<ele>-8.980983627028763</ele>
				<time>2022-08-29T16:09:24Z</time>
			</trkpt>
			<trkpt lat="59.94272969527174" lon="30.322442717374283">
				<ele>-6.879670929163694</ele>
				<time>2022-08-29T16:09:26Z</time>
			</trkpt>
			<trkpt lat="59.94274385996378" lon="30.32241456598122">
				<ele>-11.49136769771576</ele>
				<time>2022-08-29T16:09:29Z</time>
			</trkpt>
			<trkpt lat="59.94276551295074" lon="30.32240057924413">
				<ele>-8.370536422356963</ele>
				<time>2022-08-29T16:09:32Z</time>
			</trkpt>
			<trkpt lat="59.942786353127225" lon="30.32236153210709">
				<ele>-7.298297831788659</ele>
				<time>2022-08-29T16:09:37Z</time>
			</trkpt>
			<trkpt lat="59.942796348023215" lon="30.322397977566766">
				<ele>-10.315133495256305</ele>
				<time>2022-08-29T16:09:39Z</time>
			</trkpt>
			<trkpt lat="59.94282398251196" lon="30.32239899581325">
				<ele>-8.274691523984075</ele>
				<time>2022-08-29T16:09:41Z</time>
			</trkpt>
			<trkpt lat="59.94281986981597" lon="30.32234490251359">
				<ele>-7.955554989166558</ele>
				<time>2022-08-29T16:09:42Z</time>
			</trkpt>
			<trkpt lat="59.94283742091381" lon="30.322304083293623">
				<ele>-5.017561753280461</ele>
				<time>2022-08-29T16:09:44Z</time>
			</trkpt>
			<trkpt lat="59.94285401801279" lon="30.322201623757348">
				<ele>-3.7795454589650035</ele>
				<time>2022-08-29T16:09:45Z</time>
			</trkpt>
			<trkpt lat="59.94286436961475" lon="30.322246720079512">
				<ele>-8.417836624197662</ele>
				<time>2022-08-29T16:09:47Z</time>
			</trkpt>
			<trkpt lat="59.942859777431636" lon="30.322290266924227">
				<ele>-8.510826637037098</ele>
				<time>2022-08-29T16:09:48Z</time>
			</trkpt>
			<trkpt lat="59.942883598497936" lon="30.322297251295698">
				<ele>-5.290073801763356</ele>
				<time>2022-08-29T16:09:49Z</time>
			</trkpt>
			<trkpt lat="59.942897452317844" lon="30.32233483757029">
				<ele>-3.187268977984786</ele>
				<time>2022-08-29T16:09:53Z</time>
			</trkpt>
			<trkpt lat="59.942917812616436" lon="30.322327984764904">
				<ele>-7.655420623719692</ele>
				<time>2022-08-29T16:09:54Z</time>
			</trkpt>
			<trkpt lat="59.942904970009145" lon="30.322363553764145">
				<ele>-5.745640609413385</ele>
				<time>2022-08-29T16:09:57Z</time>
			</trkpt>
			<trkpt lat="59.94293000830312" lon="30.322371337782936">
				<ele>-3.124407452531159</ele>
				<time>2022-08-29T16:09:58Z</time>
			</trkpt>
			<trkpt lat="59.9429559798528" lon="30.32241585466731">
				<ele>-3.653617549687624</ele>
				<time>2022-08-29T16:09:59Z</time>
			</trkpt>
			<trkpt lat="59.942980844846" lon="30.322419470331667">
				<ele>-3.14213306363672</ele>
				<time>2022-08-29T16:10:00Z</time>
			</trkpt>
			<trkpt lat="59.94298936433937" lon="30.322464644159712">
				<ele>-0.5158447837457061</ele>
				<time>2022-08-29T16:10:02Z</time>
			</trkpt>
			<trkpt lat="59.94300860900699" lon="30.322493320029754">
				<ele>0.8426689002662897</ele>
				<time>2022-08-29T16:10:03Z</time>
			</trkpt>
			<trkpt lat="59.94302097703791" lon="30.322533038623263">
				<ele>-1.468492922373116</ele>
				<time>2022-08-29T16:10:04Z</time>
			</trkpt>
			<trkpt lat="59.943015600963264" lon="30.32256974590744">
				<ele>-3.5238216584548354</ele>
				<time>2022-08-29T16:10:05Z</time>
			</trkpt>
			<trkpt lat="59.94303414994738" lon="30.322561042626813">
				<ele>-3.1927792271599174</ele>
				<time>2022-08-29T16:10:06Z</time>
			</trkpt>
			<trkpt lat="59.94305266118697" lon="30.322601754320775">
				<ele>-1.032003085128963</ele>
				<time>2022-08-29T16:10:08Z</time>
			</trkpt>
			<trkpt lat="59.9430520186438" lon="30.322652850019562">
				<ele>-1.1377742504701018</ele>
				<time>2022-08-29T16:10:10Z</time>
			</trkpt>
			<trkpt lat="59.94306500307803" lon="30.322681756292305">
				<ele>-1.2044899184256792</ele>
				<time>2022-08-29T16:10:12Z</time>
			</trkpt>
			<trkpt lat="59.943074687252185" lon="30.322719391849716">
				<ele>-1.1372926058247685</ele>
				<time>2022-08-29T16:10:14Z</time>
			</trkpt>
			<trkpt lat="59.94307651109222" lon="30.322784192392657">
				<ele>-4.768166592344642</ele>
				<time>2022-08-29T16:10:16Z</time>
			</trkpt>
			<trkpt lat="59.943100760534904" lon="30.32282493090795">
				<ele>-3.5852578766644</ele>
				<time>2022-08-29T16:10:18Z</time>
			</trkpt>
			<trkpt lat="59.9431189898491" lon="30.322849911578455">
				<ele>-1.7287333123385906</ele>
				<time>2022-08-29T16:10:20Z</time>
			</trkpt>
			<trkpt lat="59.94311886876279" lon="30.32288922743907">
				<ele>-1.2312642941251397</ele>
				<time>2022-08-29T16:10:22Z</time>
			</trkpt>
			<trkpt lat="59.94314610407613" lon="30.32289980409785">
				<ele>-0.556987670250237</ele>
				<time>2022-08-29T16:10:24Z</time>
			</trkpt>
			<trkpt lat="59.9431646792257" lon="30.32292491164213">
				<ele>-3.851853920146823</ele>
				<time>2022-08-29T16:10:27Z</time>
			</trkpt>
			<trkpt lat="59.943186983995965" lon="30.32294890204075">
				<ele>-4.520372927188873</ele>
				<time>2022-08-29T16:10:30Z</time>
			</trkpt>
			<trkpt lat="59.943195125854494" lon="30.322991170684855">
				<ele>-2.0818662932142615</ele>
				<time>2022-08-29T16:10:33Z</time>
			</trkpt>
			<trkpt lat="59.94320823408652" lon="30.323017741660568">
				<ele>-3.4879483096301556</ele>
				<time>2022-08-29T16:10:35Z</time>
			</trkpt>
			<trkpt lat="59.9432251171402" lon="30.323047679867905">
				<ele>-1.896433069370687</ele>
				<time>2022-08-29T16:10:37Z</time>
			</trkpt>
			<trkpt lat="59.94321893585439" lon="30.323132341479695">
				<ele>-0.1325452858582139</ele>
				<time>2022-08-29T16:10:38Z</time>
			</trkpt>
			<trkpt lat="59.943243776673704" lon="30.32308509238615">
				<ele>-1.7400982398539782</ele>
				<time>2022-08-29T16:10:42Z</time>
			</trkpt>
			<trkpt lat="59.943256777828104" lon="30.323038806445343">
				<ele>-0.9804948186501861</ele>
				<time>2022-08-29T16:10:54Z</time>
			</trkpt>
			<trkpt lat="59.94323804365495" lon="30.32303757893714">
				<ele>-4.582062778994441</ele>
				<time>2022-08-29T16:11:00Z</time>
			</trkpt>
			<trkpt lat="59.94322874667012" lon="30.3230006864848">
				<ele>-10.32204688154161</ele>
				<time>2022-08-29T16:11:02Z</time>
			</trkpt>
			<trkpt lat="59.94320363522917" lon="30.322962027945636">
				<ele>-5.644329598173499</ele>
				<time>2022-08-29T16:11:04Z</time>
			</trkpt>
			<trkpt lat="59.94318763408489" lon="30.322918107762106">
				<ele>-5.203298499807715</ele>
				<time>2022-08-29T16:11:06Z</time>
			</trkpt>
			<trkpt lat="59.94316648031445" lon="30.322883831418014">
				<ele>-3.8942594174295664</ele>
				<time>2022-08-29T16:11:09Z</time>
			</trkpt>
			<trkpt lat="59.943154334630755" lon="30.32285042234962">
				<ele>-2.6319680400192738</ele>
				<time>2022-08-29T16:11:11Z</time>
			</trkpt>
			<trkpt lat="59.94313536844551" lon="30.322816751801977">
				<ele>-0.41460704151540995</ele>
				<time>2022-08-29T16:11:13Z</time>
			</trkpt>
			<trkpt lat="59.943123585951994" lon="30.322782454448994">
				<ele>-3.7385452361777425</ele>
				<time>2022-08-29T16:11:16Z</time>
			</trkpt>
			<trkpt lat="59.94310127447299" lon="30.322756319874554">
				<ele>-3.1648430386558175</ele>
				<time>2022-08-29T16:11:18Z</time>
			</trkpt>
			<trkpt lat="59.943090143882905" lon="30.322722601351884">
				<ele>-1.2622634321451187</ele>
				<time>2022-08-29T16:11:20Z</time>
			</trkpt>
			<trkpt lat="59.94306226234818" lon="30.32273174810612">
				<ele>-5.066233401186764</ele>
				<time>2022-08-29T16:11:22Z</time>
			</trkpt>
			<trkpt lat="59.94304586692177" lon="30.32268326389117">
				<ele>-3.067988557741046</ele>
				<time>2022-08-29T16:11:24Z</time>
			</trkpt>
			<trkpt lat="59.943023405310456" lon="30.32266467831839">
				<ele>-2.9004932697862387</ele>
				<time>2022-08-29T16:11:26Z</time>
			</trkpt>
			<trkpt lat="59.94300350739258" lon="30.322598247227134">
				<ele>-5.030711102299392</ele>
				<time>2022-08-29T16:11:30Z</time>
			</trkpt>
			<trkpt lat="59.94298068612516" lon="30.322576167018035">
				<ele>-2.1708709308877587</ele>
				<time>2022-08-29T16:11:32Z</time>
			</trkpt>
			<trkpt lat="59.94296793127893" lon="30.322541746319224">
				<ele>-2.3740267725661397</ele>
				<time>2022-08-29T16:11:33Z</time>
			</trkpt>
			<trkpt lat="59.94294869833429" lon="30.32250645940267">
				<ele>-1.064572467468679</ele>
				<time>2022-08-29T16:11:36Z</time>
			</trkpt>
			<trkpt lat="59.94292439123193" lon="30.322462266590765">
				<ele>-2.849820819683373</ele>
				<time>2022-08-29T16:11:39Z</time>
			</trkpt>
			<trkpt lat="59.94290795552965" lon="30.322441568274684">
				<ele>-0.8939056945964694</ele>
				<time>2022-08-29T16:11:41Z</time>
			</trkpt>
			<trkpt lat="59.942883894812674" lon="30.322426397442428">
				<ele>-1.7228025058284402</ele>
				<time>2022-08-29T16:11:43Z</time>
			</trkpt>
			<trkpt lat="59.94287649753558" lon="30.322385038993772">
				<ele>2.1827960088849068</ele>
				<time>2022-08-29T16:11:45Z</time>
			</trkpt>
			<trkpt lat="59.94285487853975" lon="30.322354234413563">
				<ele>-1.1391267431899905</ele>
				<time>2022-08-29T16:11:47Z</time>
			</trkpt>
			<trkpt lat="59.94283530811352" lon="30.322336408210507">
				<ele>-0.02323295921087265</ele>
				<time>2022-08-29T16:11:49Z</time>
			</trkpt>
			<trkpt lat="59.94280686721195" lon="30.322307065810783">
				<ele>1.2308622663840652</ele>
				<time>2022-08-29T16:11:51Z</time>
			</trkpt>
			<trkpt lat="59.94279195394105" lon="30.32226073534091">
				<ele>-2.9761837404221296</ele>
				<time>2022-08-29T16:11:53Z</time>
			</trkpt>
			<trkpt lat="59.94279474811305" lon="30.322210355378186">
				<ele>-0.6772256586700678</ele>
				<time>2022-08-29T16:11:54Z</time>
			</trkpt>
			<trkpt lat="59.94282570893901" lon="30.322250379467164">
				<ele>-0.5844973223283887</ele>
				<time>2022-08-29T16:12:03Z</time>
			</trkpt>
			<trkpt lat="59.942834861559795" lon="30.32218182727581">
				<ele>-3.588728574104607</ele>
				<time>2022-08-29T16:12:11Z</time>
			</trkpt>
			<trkpt lat="59.94284316227155" lon="30.322052875909396">
				<ele>-5.600019705481827</ele>
				<time>2022-08-29T16:12:24Z</time>
			</trkpt>
			<trkpt lat="59.94284080673066" lon="30.322012542791175">
				<ele>-7.404899936169386</ele>
				<time>2022-08-29T16:12:25Z</time>
			</trkpt>
			<trkpt lat="59.94282435283667" lon="30.322029875827024">
				<ele>-6.366609701886773</ele>
				<time>2022-08-29T16:12:27Z</time>
			</trkpt>
			<trkpt lat="59.94279519107307" lon="30.322020246297008">
				<ele>-4.524053614586592</ele>
				<time>2022-08-29T16:12:29Z</time>
			</trkpt>
			<trkpt lat="59.942778264947954" lon="30.32200703736681">
				<ele>-4.613746916875243</ele>
				<time>2022-08-29T16:12:31Z</time>
			</trkpt>
			<trkpt lat="59.942752901232204" lon="30.32197936786934">
				<ele>-3.067927516065538</ele>
				<time>2022-08-29T16:12:35Z</time>
			</trkpt>
			<trkpt lat="59.942749343214054" lon="30.32194045961748">
				<ele>-3.3990457970649004</ele>
				<time>2022-08-29T16:12:39Z</time>
			</trkpt>
			<trkpt lat="59.94274301725594" lon="30.32189918423074">
				<ele>-1.9983023181557655</ele>
				<time>2022-08-29T16:12:42Z</time>
			</trkpt>
			<trkpt lat="59.942731196078405" lon="30.321855782922448">
				<ele>-1.9008450517430902</ele>
				<time>2022-08-29T16:12:44Z</time>
			</trkpt>
			<trkpt lat="59.942723351040506" lon="30.321812021560834">
				<ele>1.590430837124586</ele>
				<time>2022-08-29T16:12:46Z</time>
			</trkpt>
			<trkpt lat="59.94269884224197" lon="30.321801332027803">
				<ele>-3.831770544871688</ele>
				<time>2022-08-29T16:12:48Z</time>
			</trkpt>
			<trkpt lat="59.94267845376111" lon="30.32177992974366">
				<ele>-2.214077292010188</ele>
				<time>2022-08-29T16:12:50Z</time>
			</trkpt>
			<trkpt lat="59.94266468478209" lon="30.321740200636615">
				<ele>-1.7640031734481454</ele>
				<time>2022-08-29T16:12:52Z</time>
			</trkpt>
			<trkpt lat="59.942654242911175" lon="30.321707217760686">
				<ele>-0.9279924295842648</ele>
				<time>2022-08-29T16:12:53Z</time>
			</trkpt>
			<trkpt lat="59.94265223135734" lon="30.321661984868406">
				<ele>2.6584857385605574</ele>
				<time>2022-08-29T16:12:55Z</time>
			</trkpt>
			<trkpt lat="59.9426276270717" lon="30.321616239518615">
				<ele>0.07995156198740005</ele>
				<time>2022-08-29T16:12:57Z</time>
			</trkpt>
			<trkpt lat="59.9425971075602" lon="30.321616721521302">
				<ele>0.8815411012619734</ele>
				<time>2022-08-29T16:13:00Z</time>
			</trkpt>
			<trkpt lat="59.94257245413907" lon="30.32161142256564">
				<ele>-1.8707568412646651</ele>
				<time>2022-08-29T16:13:04Z</time>
			</trkpt>
			<trkpt lat="59.942554246767976" lon="30.321563292253035">
				<ele>2.2785987379029393</ele>
				<time>2022-08-29T16:13:06Z</time>
			</trkpt>
			<trkpt lat="59.942537059879974" lon="30.32151365308192">
				<ele>-0.11568219121545553</ele>
				<time>2022-08-29T16:13:08Z</time>
			</trkpt>
			<trkpt lat="59.94251818714173" lon="30.321487651916364">
				<ele>0.5429426515474916</ele>
				<time>2022-08-29T16:13:11Z</time>
			</trkpt>
			<trkpt lat="59.94251882865932" lon="30.321429855431205">
				<ele>2.1369149079546332</ele>
				<time>2022-08-29T16:13:13Z</time>
			</trkpt>
			<trkpt lat="59.94250321648982" lon="30.321396684773394">
				<ele>-3.2974721882492304</ele>
				<time>2022-08-29T16:13:16Z</time>
			</trkpt>
			<trkpt lat="59.942485751015575" lon="30.32137175357156">
				<ele>-1.4027866572141647</ele>
				<time>2022-08-29T16:13:18Z</time>
			</trkpt>
			<trkpt lat="59.94248577137621" lon="30.321335305150548">
				<ele>-1.535293260589242</ele>
				<time>2022-08-29T16:13:19Z</time>
			</trkpt>
			<trkpt lat="59.94249280706564" lon="30.32129029127397">
				<ele>-3.249244469217956</ele>
				<time>2022-08-29T16:13:21Z</time>
			</trkpt>
			<trkpt lat="59.942474385132044" lon="30.321271587340252">
				<ele>-4.8123636385425925</ele>
				<time>2022-08-29T16:13:23Z</time>
			</trkpt>
			<trkpt lat="59.94245627565594" lon="30.321252642070213">
				<ele>-3.8756312653422356</ele>
				<time>2022-08-29T16:13:25Z</time>
			</trkpt>
			<trkpt lat="59.942435704932414" lon="30.32122897354472">
				<ele>-4.12909216247499</ele>
				<time>2022-08-29T16:13:27Z</time>
			</trkpt>
			<trkpt lat="59.94241118096439" lon="30.321225897740348">
				<ele>-2.657731981948018</ele>
				<time>2022-08-29T16:13:29Z</time>
			</trkpt>
			<trkpt lat="59.94239404474478" lon="30.32120704444699">
				<ele>-2.2090733740478754</ele>
				<time>2022-08-29T16:13:31Z</time>
			</trkpt>
			<trkpt lat="59.94238385323367" lon="30.321162507096155">
				<ele>-1.0726625863462687</ele>
				<time>2022-08-29T16:13:33Z</time>
			</trkpt>
			<trkpt lat="59.942378878992365" lon="30.321112885218827">
				<ele>-3.746547461487353</ele>
				<time>2022-08-29T16:13:35Z</time>
			</trkpt>
			<trkpt lat="59.94237178400883" lon="30.32107329049545">
				<ele>-2.094165049493313</ele>
				<time>2022-08-29T16:13:37Z</time>
			</trkpt>
			<trkpt lat="59.94236082059814" lon="30.321027959630552">
				<ele>-1.9563054759055376</ele>
				<time>2022-08-29T16:13:39Z</time>
			</trkpt>
			<trkpt lat="59.94236046416208" lon="30.32097653944306">
				<ele>-4.909520246088505</ele>
				<time>2022-08-29T16:13:41Z</time>
			</trkpt>
			<trkpt lat="59.942341398015955" lon="30.320954471931106">
				<ele>-5.020253784023225</ele>
				<time>2022-08-29T16:13:45Z</time>
			</trkpt>
			<trkpt lat="59.94234392097821" lon="30.32089803000001">
				<ele>-1.1644676011055708</ele>
				<time>2022-08-29T16:13:55Z</time>
			</trkpt>
			<trkpt lat="59.942364744239335" lon="30.320858799194635">
				<ele>0.9570687459781766</ele>
				<time>2022-08-29T16:13:56Z</time>
			</trkpt>
			<trkpt lat="59.94237740316957" lon="30.32082444250756">
				<ele>3.8922476321458817</ele>
				<time>2022-08-29T16:13:58Z</time>
			</trkpt>
			<trkpt lat="59.942394485589226" lon="30.320802063875647">
				<ele>7.12895099632442</ele>
				<time>2022-08-29T16:13:59Z</time>
			</trkpt>
			<trkpt lat="59.942364089027194" lon="30.32080656047167">
				<ele>3.185728719457984</ele>
				<time>2022-08-29T16:14:00Z</time>
			</trkpt>
			<trkpt lat="59.94238499924286" lon="30.320728732630904">
				<ele>6.147136117331684</ele>
				<time>2022-08-29T16:14:02Z</time>
			</trkpt>
			<trkpt lat="59.94239992373888" lon="30.320679644992314">
				<ele>2.4986730851233006</ele>
				<time>2022-08-29T16:14:04Z</time>
			</trkpt>
			<trkpt lat="59.942418881792456" lon="30.320703718598722">
				<ele>2.898816889151931</ele>
				<time>2022-08-29T16:14:05Z</time>
			</trkpt>
			<trkpt lat="59.94243601994636" lon="30.320750413916645">
				<ele>5.052758876234293</ele>
				<time>2022-08-29T16:14:06Z</time>
			</trkpt>
			<trkpt lat="59.94246553071102" lon="30.32076238910951">
				<ele>7.8529881769791245</ele>
				<time>2022-08-29T16:14:08Z</time>
			</trkpt>
			<trkpt lat="59.94245112829109" lon="30.320805924516243">
				<ele>1.9227194804698229</ele>
				<time>2022-08-29T16:14:10Z</time>
			</trkpt>
			<trkpt lat="59.942447650400815" lon="30.320841287095625">
				<ele>3.3238519318401814</ele>
				<time>2022-08-29T16:14:11Z</time>
			</trkpt>
			<trkpt lat="59.94242642174043" lon="30.320902061005597">
				<ele>1.667582274414599</ele>
				<time>2022-08-29T16:14:13Z</time>
			</trkpt>
			<trkpt lat="59.94241450272511" lon="30.3209304989641">
				<ele>2.315626909956336</ele>
				<time>2022-08-29T16:14:14Z</time>
			</trkpt>
			<trkpt lat="59.94238652165339" lon="30.32095229688761">
				<ele>0.31624552328139544</ele>
				<time>2022-08-29T16:14:15Z</time>
			</trkpt>
			<trkpt lat="59.94237482043277" lon="30.32089822300946">
				<ele>-1.063532616943121</ele>
				<time>2022-08-29T16:14:29Z</time>
			</trkpt>
			<trkpt lat="59.9423563541531" lon="30.320885746301208">
				<ele>-1.174890922382474</ele>
				<time>2022-08-29T16:14:33Z</time>
			</trkpt>
			<trkpt lat="59.94235427081521" lon="30.32095540783454">
				<ele>1.2730807978659868</ele>
				<time>2022-08-29T16:14:46Z</time>
			</trkpt>
			<trkpt lat="59.942333235650985" lon="30.32096313230107">
				<ele>-2.303257246501744</ele>
				<time>2022-08-29T16:14:50Z</time>
			</trkpt>
			<trkpt lat="59.94230307635871" lon="30.320949775276077">
				<ele>-2.8210517475381494</ele>
				<time>2022-08-29T16:14:52Z</time>
			</trkpt>
			<trkpt lat="59.94227471108802" lon="30.320910381865474">
				<ele>-5.2868840005248785</ele>
				<time>2022-08-29T16:14:55Z</time>
			</trkpt>
			<trkpt lat="59.94228038594738" lon="30.320857597944116">
				<ele>-1.4168365551158786</ele>
				<time>2022-08-29T16:14:57Z</time>
			</trkpt>
			<trkpt lat="59.94225970150304" lon="30.320837704212813">
				<ele>-2.116979851387441</ele>
				<time>2022-08-29T16:14:59Z</time>
			</trkpt>
			<trkpt lat="59.94225529337539" lon="30.320792563240364">
				<ele>-1.5834247879683971</ele>
				<time>2022-08-29T16:15:01Z</time>
			</trkpt>
			<trkpt lat="59.942234160239416" lon="30.3207765673989">
				<ele>-7.075752412900329</ele>
				<time>2022-08-29T16:15:04Z</time>
			</trkpt>
			<trkpt lat="59.94218349159862" lon="30.320812358898163">
				<ele>-5.410062207840383</ele>
				<time>2022-08-29T16:15:05Z</time>
			</trkpt>
			<trkpt lat="59.94216748038949" lon="30.3207897278352">
				<ele>-5.0336977848783135</ele>
				<time>2022-08-29T16:15:06Z</time>
			</trkpt>
			<trkpt lat="59.94216721336818" lon="30.320735917862844">
				<ele>-3.2692848360165954</ele>
				<time>2022-08-29T16:15:08Z</time>
			</trkpt>
			<trkpt lat="59.942151475395185" lon="30.320689847596512">
				<ele>-7.796001929789782</ele>
				<time>2022-08-29T16:15:10Z</time>
			</trkpt>
			<trkpt lat="59.94214508680068" lon="30.32065611180429">
				<ele>-7.1221253126859665</ele>
				<time>2022-08-29T16:15:12Z</time>
			</trkpt>
			<trkpt lat="59.942142336329965" lon="30.320606380317443">
				<ele>-7.024667430669069</ele>
				<time>2022-08-29T16:15:14Z</time>
			</trkpt>
			<trkpt lat="59.94214680574436" lon="30.320559353524512">
				<ele>-6.483947344124317</ele>
				<time>2022-08-29T16:15:15Z</time>
			</trkpt>
			<trkpt lat="59.94213616743254" lon="30.320510943170262">
				<ele>-8.542570631019771</ele>
				<time>2022-08-29T16:15:18Z</time>
			</trkpt>
			<trkpt lat="59.94215321494864" lon="30.320442171820556">
				<ele>-3.730537250638008</ele>
				<time>2022-08-29T16:15:20Z</time>
			</trkpt>
			<trkpt lat="59.942138156093776" lon="30.32040154245991">
				<ele>-4.23935579508543</ele>
				<time>2022-08-29T16:15:21Z</time>
			</trkpt>
			<trkpt lat="59.942139572272175" lon="30.320352522051216">
				<ele>-3.864092279225588</ele>
				<time>2022-08-29T16:15:23Z</time>
			</trkpt>
			<trkpt lat="59.94211571555657" lon="30.32031750176693">
				<ele>-7.217162294313312</ele>
				<time>2022-08-29T16:15:27Z</time>
			</trkpt>
			<trkpt lat="59.9420954308174" lon="30.320301842529066">
				<ele>-5.383139956742525</ele>
				<time>2022-08-29T16:15:30Z</time>
			</trkpt>
			<trkpt lat="59.94207519887778" lon="30.32028228423012">
				<ele>-3.057083678431809</ele>
				<time>2022-08-29T16:15:33Z</time>
			</trkpt>
			<trkpt lat="59.942065128203325" lon="30.32023202362904">
				<ele>-5.155810423195362</ele>
				<time>2022-08-29T16:15:36Z</time>
			</trkpt>
			<trkpt lat="59.94205408778601" lon="30.320198084406186">
				<ele>-1.5993910934776068</ele>
				<time>2022-08-29T16:15:38Z</time>
			</trkpt>
			<trkpt lat="59.94203726729394" lon="30.320173977124227">
				<ele>-3.5784109411761165</ele>
				<time>2022-08-29T16:15:40Z</time>
			</trkpt>
			<trkpt lat="59.94203899654248" lon="30.320134065967896">
				<ele>-2.6671690568327904</ele>
				<time>2022-08-29T16:15:41Z</time>
			</trkpt>
			<trkpt lat="59.94202152883395" lon="30.320093404653857">
				<ele>-3.7159763257950544</ele>
				<time>2022-08-29T16:15:43Z</time>
			</trkpt>
			<trkpt lat="59.942002073428654" lon="30.32003865211932">
				<ele>-6.010175174102187</ele>
				<time>2022-08-29T16:15:45Z</time>
			</trkpt>
			<trkpt lat="59.94198357819739" lon="30.32005041660426">
				<ele>-4.1066659009084105</ele>
				<time>2022-08-29T16:15:46Z</time>
			</trkpt>
			<trkpt lat="59.94196265601943" lon="30.320008104412263">
				<ele>-3.930774500593543</ele>
				<time>2022-08-29T16:15:48Z</time>
			</trkpt>
			<trkpt lat="59.94197894123116" lon="30.319934824482687">
				<ele>-1.94386612996459</ele>
				<time>2022-08-29T16:15:50Z</time>
			</trkpt>
			<trkpt lat="59.94195438211552" lon="30.31989841851347">
				<ele>-5.9838008200749755</ele>
				<time>2022-08-29T16:15:52Z</time>
			</trkpt>
			<trkpt lat="59.941930397485706" lon="30.31986941734958">
				<ele>-5.397361386567354</ele>
				<time>2022-08-29T16:15:54Z</time>
			</trkpt>
			<trkpt lat="59.94189992715065" lon="30.319854254314677">
				<ele>-3.8198078284040093</ele>
				<time>2022-08-29T16:15:57Z</time>
			</trkpt>
			<trkpt lat="59.94189000975241" lon="30.31981578447918">
				<ele>-1.749420428648591</ele>
				<time>2022-08-29T16:15:59Z</time>
			</trkpt>
			<trkpt lat="59.941873208370744" lon="30.319792394232838">
				<ele>-7.041574519127607</ele>
				<time>2022-08-29T16:16:01Z</time>
			</trkpt>
			<trkpt lat="59.941869061892895" lon="30.319731404565633">
				<ele>-5.015517076477408</ele>
				<time>2022-08-29T16:16:03Z</time>
			</trkpt>
			<trkpt lat="59.94184625542685" lon="30.319711266687786">
				<ele>-5.077911525033414</ele>
				<time>2022-08-29T16:16:05Z</time>
			</trkpt>
			<trkpt lat="59.94184504466247" lon="30.31967432898049">
				<ele>-4.530412727035582</ele>
				<time>2022-08-29T16:16:06Z</time>
			</trkpt>
			<trkpt lat="59.94182532544284" lon="30.319659876718216">
				<ele>-1.6606811368837953</ele>
				<time>2022-08-29T16:16:08Z</time>
			</trkpt>
			<trkpt lat="59.941806039050114" lon="30.319665389368282">
				<ele>-0.4734894186258316</ele>
				<time>2022-08-29T16:16:09Z</time>
			</trkpt>
			<trkpt lat="59.94182046500541" lon="30.3195619949315">
				<ele>-2.977016683667898</ele>
				<time>2022-08-29T16:16:11Z</time>
			</trkpt>
			<trkpt lat="59.94180086973912" lon="30.319543174793395">
				<ele>-1.3665856653824449</ele>
				<time>2022-08-29T16:16:14Z</time>
			</trkpt>
			<trkpt lat="59.94178766684274" lon="30.31951545695397">
				<ele>1.7666208315640688</ele>
				<time>2022-08-29T16:16:18Z</time>
			</trkpt>
			<trkpt lat="59.941779368337606" lon="30.319481084767794">
				<ele>1.9562707096338272</ele>
				<time>2022-08-29T16:16:20Z</time>
			</trkpt>
			<trkpt lat="59.941760753330975" lon="30.319488171890256">
				<ele>1.1899163918569684</ele>
				<time>2022-08-29T16:16:21Z</time>
			</trkpt>
			<trkpt lat="59.9417568548762" lon="30.319443446698056">
				<ele>2.9398200334981084</ele>
				<time>2022-08-29T16:16:23Z</time>
			</trkpt>
			<trkpt lat="59.94174384922477" lon="30.319397658289375">
				<ele>2.354980994015932</ele>
				<time>2022-08-29T16:16:25Z</time>
			</trkpt>
			<trkpt lat="59.94173096465181" lon="30.31936287956355">
				<ele>3.97338602039963</ele>
				<time>2022-08-29T16:16:27Z</time>
			</trkpt>
			<trkpt lat="59.94170680642108" lon="30.319325119431877">
				<ele>-0.7523843729868531</ele>
				<time>2022-08-29T16:16:29Z</time>
			</trkpt>
			<trkpt lat="59.941693585479065" lon="30.319297685008063">
				<ele>-1.9111256385222077</ele>
				<time>2022-08-29T16:16:30Z</time>
			</trkpt>
			<trkpt lat="59.94168344923173" lon="30.31926068628566">
				<ele>1.3421732569113374</ele>
				<time>2022-08-29T16:16:32Z</time>
			</trkpt>
			<trkpt lat="59.94168787967587" lon="30.319204278269247">
				<ele>1.860682644881308</ele>
				<time>2022-08-29T16:16:34Z</time>
			</trkpt>
			<trkpt lat="59.941670211439266" lon="30.31917569573762">
				<ele>1.257392236031592</ele>
				<time>2022-08-29T16:16:36Z</time>
			</trkpt>
			<trkpt lat="59.941644067022914" lon="30.319146881114044">
				<ele>-1.351361614651978</ele>
				<time>2022-08-29T16:16:39Z</time>
			</trkpt>
			<trkpt lat="59.94162436822532" lon="30.31914815279796">
				<ele>-0.8775757011026144</ele>
				<time>2022-08-29T16:16:40Z</time>
			</trkpt>
			<trkpt lat="59.941614194272184" lon="30.319105194780338">
				<ele>-2.419500366784632</ele>
				<time>2022-08-29T16:16:42Z</time>
			</trkpt>
			<trkpt lat="59.94158589639852" lon="30.319087049342343">
				<ele>-0.40021624229848385</ele>
				<time>2022-08-29T16:16:44Z</time>
			</trkpt>
			<trkpt lat="59.94157252977696" lon="30.319051546414844">
				<ele>-1.760446971282363</ele>
				<time>2022-08-29T16:16:46Z</time>
			</trkpt>
			<trkpt lat="59.94155028017332" lon="30.31904077868893">
				<ele>-1.1768860425800085</ele>
				<time>2022-08-29T16:16:48Z</time>
			</trkpt>
			<trkpt lat="59.941533160885236" lon="30.318986762794236">
				<ele>0.07223557494580746</ele>
				<time>2022-08-29T16:16:50Z</time>
			</trkpt>
			<trkpt lat="59.94151295748397" lon="30.318988291781018">
				<ele>-5.582595772109926</ele>
				<time>2022-08-29T16:16:54Z</time>
			</trkpt>
			<trkpt lat="59.94149543193712" lon="30.31896564389043">
				<ele>-2.4381949491798878</ele>
				<time>2022-08-29T16:16:55Z</time>
			</trkpt>
			<trkpt lat="59.94147049299512" lon="30.318935665075088">
				<ele>-3.883755272254348</ele>
				<time>2022-08-29T16:16:57Z</time>
			</trkpt>
			<trkpt lat="59.94144212950704" lon="30.318892521352755">
				<ele>-1.4149185102432966</ele>
				<time>2022-08-29T16:16:59Z</time>
			</trkpt>
			<trkpt lat="59.9414209568382" lon="30.318875136756684">
				<ele>-5.3980547385290265</ele>
				<time>2022-08-29T16:17:01Z</time>
			</trkpt>
			<trkpt lat="59.941409192559554" lon="30.31884085971404">
				<ele>-2.4147152975201607</ele>
				<time>2022-08-29T16:17:04Z</time>
			</trkpt>
			<trkpt lat="59.94140443079859" lon="30.318775023031854">
				<ele>1.4222238399088383</ele>
				<time>2022-08-29T16:17:06Z</time>
			</trkpt>
			<trkpt lat="59.94139153205196" lon="30.318735412644383">
				<ele>-2.151377569884062</ele>
				<time>2022-08-29T16:17:08Z</time>
			</trkpt>
			<trkpt lat="59.94137807178538" lon="30.31870828028734">
				<ele>-2.525319140404463</ele>
				<time>2022-08-29T16:17:10Z</time>
			</trkpt>
			<trkpt lat="59.94136157878136" lon="30.318646452945025">
				<ele>-0.9227522406727076</ele>
				<time>2022-08-29T16:17:13Z</time>
			</trkpt>
			<trkpt lat="59.94134566146908" lon="30.318588608928604">
				<ele>-1.1861899690702558</ele>
				<time>2022-08-29T16:17:15Z</time>
			</trkpt>
			<trkpt lat="59.941335699975646" lon="30.3185535734463">
				<ele>-2.165367259643972</ele>
				<time>2022-08-29T16:17:16Z</time>
			</trkpt>
			<trkpt lat="59.941320105816494" lon="30.318522704867174">
				<ele>-2.4817294692620635</ele>
				<time>2022-08-29T16:17:18Z</time>
			</trkpt>
			<trkpt lat="59.941310759248175" lon="30.31849028959209">
				<ele>-1.5309889232739806</ele>
				<time>2022-08-29T16:17:19Z</time>
			</trkpt>
			<trkpt lat="59.94130007301448" lon="30.318458515843496">
				<ele>-0.6109192399308085</ele>
				<time>2022-08-29T16:17:21Z</time>
			</trkpt>
			<trkpt lat="59.94128776110432" lon="30.318414426687806">
				<ele>-1.0221468852832913</ele>
				<time>2022-08-29T16:17:24Z</time>
			</trkpt>
			<trkpt lat="59.941280623844065" lon="30.318379464158134">
				<ele>-2.095617225393653</ele>
				<time>2022-08-29T16:17:26Z</time>
			</trkpt>
			<trkpt lat="59.941264394708156" lon="30.318344138976762">
				<ele>-0.9059937847778201</ele>
				<time>2022-08-29T16:17:28Z</time>
			</trkpt>
			<trkpt lat="59.94125421803572" lon="30.31829774527815">
				<ele>-0.5415436113253236</ele>
				<time>2022-08-29T16:17:30Z</time>
			</trkpt>
			<trkpt lat="59.941241976916274" lon="30.318267445272156">
				<ele>-2.14166240952909</ele>
				<time>2022-08-29T16:17:35Z</time>
			</trkpt>
			<trkpt lat="59.9412178442765" lon="30.318281237095835">
				<ele>-2.292947112582624</ele>
				<time>2022-08-29T16:17:37Z</time>
			</trkpt>
			<trkpt lat="59.941183845494265" lon="30.31824275429896">
				<ele>-2.367873150855303</ele>
				<time>2022-08-29T16:17:38Z</time>
			</trkpt>
			<trkpt lat="59.94118631573342" lon="30.31820111592764">
				<ele>-2.090771178714931</ele>
				<time>2022-08-29T16:17:39Z</time>
			</trkpt>
			<trkpt lat="59.94116763521162" lon="30.318173877005574">
				<ele>-5.359754393808544</ele>
				<time>2022-08-29T16:17:42Z</time>
			</trkpt>
			<trkpt lat="59.94114823407807" lon="30.318113316821563">
				<ele>-2.4156425539404154</ele>
				<time>2022-08-29T16:17:44Z</time>
			</trkpt>
			<trkpt lat="59.94111863871557" lon="30.31811031115631">
				<ele>-2.9089073948562145</ele>
				<time>2022-08-29T16:17:46Z</time>
			</trkpt>
			<trkpt lat="59.94109730312664" lon="30.318077994302193">
				<ele>-5.2199483048170805</ele>
				<time>2022-08-29T16:17:48Z</time>
			</trkpt>
			<trkpt lat="59.94107716042596" lon="30.318070307676432">
				<ele>-6.895157590508461</ele>
				<time>2022-08-29T16:17:50Z</time>
			</trkpt>
			<trkpt lat="59.94106378231324" lon="30.318026117752737">
				<ele>-4.333352441899478</ele>
				<time>2022-08-29T16:17:52Z</time>
			</trkpt>
			<trkpt lat="59.94105779356381" lon="30.317986667328153">
				<ele>-3.6727720126509666</ele>
				<time>2022-08-29T16:17:54Z</time>
			</trkpt>
			<trkpt lat="59.94104918415008" lon="30.31795166386268">
				<ele>-6.540513101033866</ele>
				<time>2022-08-29T16:17:57Z</time>
			</trkpt>
			<trkpt lat="59.941036177437596" lon="30.31791555523484">
				<ele>-3.753988307900727</ele>
				<time>2022-08-29T16:17:59Z</time>
			</trkpt>
			<trkpt lat="59.94102220036156" lon="30.317867328185763">
				<ele>-4.632307990454137</ele>
				<time>2022-08-29T16:18:01Z</time>
			</trkpt>
			<trkpt lat="59.94100432065453" lon="30.31783497560092">
				<ele>-3.846501100808382</ele>
				<time>2022-08-29T16:18:03Z</time>
			</trkpt>
			<trkpt lat="59.940992731774976" lon="30.31779599043886">
				<ele>-5.505274047143757</ele>
				<time>2022-08-29T16:18:05Z</time>
			</trkpt>
			<trkpt lat="59.9409833317787" lon="30.317761925744648">
				<ele>-4.77847227267921</ele>
				<time>2022-08-29T16:18:07Z</time>
			</trkpt>
			<trkpt lat="59.940974249756756" lon="30.317722239425507">
				<ele>-4.500021576881409</ele>
				<time>2022-08-29T16:18:09Z</time>
			</trkpt>
			<trkpt lat="59.94096310655301" lon="30.317678901626333">
				<ele>0.93306496553123</ele>
				<time>2022-08-29T16:18:12Z</time>
			</trkpt>
			<trkpt lat="59.94095106360826" lon="30.317649535836605">
				<ele>-2.7800725223496556</ele>
				<time>2022-08-29T16:18:14Z</time>
			</trkpt>
			<trkpt lat="59.940937663021614" lon="30.317609489478322">
				<ele>-1.2653269469738007</ele>
				<time>2022-08-29T16:18:17Z</time>
			</trkpt>
			<trkpt lat="59.9409300592118" lon="30.317568178536778">
				<ele>0.8846784299239516</ele>
				<time>2022-08-29T16:18:19Z</time>
			</trkpt>
			<trkpt lat="59.940908277728006" lon="30.31752795145105">
				<ele>-3.4942349083721638</ele>
				<time>2022-08-29T16:18:21Z</time>
			</trkpt>
			<trkpt lat="59.94088990352213" lon="30.31748959458899">
				<ele>-2.884914403781295</ele>
				<time>2022-08-29T16:18:23Z</time>
			</trkpt>
			<trkpt lat="59.94087169162177" lon="30.317462108897168">
				<ele>-2.3674057414755225</ele>
				<time>2022-08-29T16:18:26Z</time>
			</trkpt>
			<trkpt lat="59.940862925956445" lon="30.317418195458874">
				<ele>-6.235026948153973</ele>
				<time>2022-08-29T16:18:29Z</time>
			</trkpt>
			<trkpt lat="59.94084712009094" lon="30.317371237768842">
				<ele>-2.742264340631664</ele>
				<time>2022-08-29T16:18:32Z</time>
			</trkpt>
			<trkpt lat="59.94082900943174" lon="30.3173521923165">
				<ele>-1.7426335848867893</ele>
				<time>2022-08-29T16:18:34Z</time>
			</trkpt>
			<trkpt lat="59.94081747331301" lon="30.31730730206885">
				<ele>-3.3210665434598923</ele>
				<time>2022-08-29T16:18:36Z</time>
			</trkpt>
			<trkpt lat="59.94079829741344" lon="30.317274992621055">
				<ele>-5.292038076557219</ele>
				<time>2022-08-29T16:18:38Z</time>
			</trkpt>
			<trkpt lat="59.94078285526488" lon="30.317243306201274">
				<ele>-2.5160507149994373</ele>
				<time>2022-08-29T16:18:40Z</time>
			</trkpt>
			<trkpt lat="59.94074692515637" lon="30.317200510606185">
				<ele>1.2506698686629534</ele>
				<time>2022-08-29T16:18:46Z</time>
			</trkpt>
			<trkpt lat="59.940722892049" lon="30.317188756949996">
				<ele>3.1818224927410483</ele>
				<time>2022-08-29T16:18:47Z</time>
			</trkpt>
			<trkpt lat="59.94070781560298" lon="30.317156556988625">
				<ele>2.09853633120656</ele>
				<time>2022-08-29T16:18:49Z</time>
			</trkpt>
			<trkpt lat="59.940706876035705" lon="30.317073545305604">
				<ele>5.240291627123952</ele>
				<time>2022-08-29T16:18:52Z</time>
			</trkpt>
			<trkpt lat="59.940698247550785" lon="30.317031022209076">
				<ele>5.170830862596631</ele>
				<time>2022-08-29T16:18:54Z</time>
			</trkpt>
			<trkpt lat="59.94068361125703" lon="30.317007208108514">
				<ele>4.713931079953909</ele>
				<time>2022-08-29T16:18:56Z</time>
			</trkpt>
			<trkpt lat="59.94067411149972" lon="30.31696681838651">
				<ele>6.3958462523296475</ele>
				<time>2022-08-29T16:18:58Z</time>
			</trkpt>
			<trkpt lat="59.94064290975554" lon="30.316946868268104">
				<ele>2.0112044140696526</ele>
				<time>2022-08-29T16:19:01Z</time>
			</trkpt>
			<trkpt lat="59.9406425417463" lon="30.316909896426246">
				<ele>1.2378030931577086</ele>
				<time>2022-08-29T16:19:02Z</time>
			</trkpt>
			<trkpt lat="59.94064142251907" lon="30.31686037924442">
				<ele>3.234998509287834</ele>
				<time>2022-08-29T16:19:04Z</time>
			</trkpt>
			<trkpt lat="59.94062310973403" lon="30.31684137491736">
				<ele>2.507369897328317</ele>
				<time>2022-08-29T16:19:06Z</time>
			</trkpt>
			<trkpt lat="59.940599680412056" lon="30.316816628948935">
				<ele>3.173058624379337</ele>
				<time>2022-08-29T16:19:08Z</time>
			</trkpt>
			<trkpt lat="59.940584459803254" lon="30.316792411960535">
				<ele>-1.0969533752650023</ele>
				<time>2022-08-29T16:19:10Z</time>
			</trkpt>
			<trkpt lat="59.940560694210255" lon="30.31677676626488">
				<ele>0.004181642085313797</ele>
				<time>2022-08-29T16:19:12Z</time>
			</trkpt>
			<trkpt lat="59.94054270946093" lon="30.316729837318857">
				<ele>-0.6878094803541899</ele>
				<time>2022-08-29T16:19:14Z</time>
			</trkpt>
			<trkpt lat="59.94050691159539" lon="30.31672522176921">
				<ele>-0.5182449473068118</ele>
				<time>2022-08-29T16:19:16Z</time>
			</trkpt>
			<trkpt lat="59.94049050840881" lon="30.3166954413447">
				<ele>-3.9122177492827177</ele>
				<time>2022-08-29T16:19:18Z</time>
			</trkpt>
			<trkpt lat="59.940472301803844" lon="30.316720779342653">
				<ele>-4.290010093711317</ele>
				<time>2022-08-29T16:19:19Z</time>
			</trkpt>
			<trkpt lat="59.940446877832045" lon="30.316699646581917">
				<ele>-3.8804422738030553</ele>
				<time>2022-08-29T16:19:21Z</time>
			</trkpt>
			<trkpt lat="59.94042412527015" lon="30.316682520705317">
				<ele>-4.1655456349253654</ele>
				<time>2022-08-29T16:19:23Z</time>
			</trkpt>
			<trkpt lat="59.94040793817833" lon="30.316659023153093">
				<ele>-4.110728211700916</ele>
				<time>2022-08-29T16:19:24Z</time>
			</trkpt>
			<trkpt lat="59.94038107330194" lon="30.316650840118935">
				<ele>-1.6908506015315652</ele>
				<time>2022-08-29T16:19:25Z</time>
			</trkpt>
			<trkpt lat="59.94040251411299" lon="30.316671171634365">
				<ele>-7.04250971134752</ele>
				<time>2022-08-29T16:19:26Z</time>
			</trkpt>
			<trkpt lat="59.94036862371514" lon="30.316648636662844">
				<ele>-6.428003621287644</ele>
				<time>2022-08-29T16:19:29Z</time>
			</trkpt>
			<trkpt lat="59.940347277186675" lon="30.316603666275775">
				<ele>-6.226489092223346</ele>
				<time>2022-08-29T16:19:30Z</time>
			</trkpt>
			<trkpt lat="59.94031133118529" lon="30.316554489848787">
				<ele>-2.796367099508643</ele>
				<time>2022-08-29T16:19:33Z</time>
			</trkpt>
			<trkpt lat="59.9402923883323" lon="30.316546692034844">
				<ele>-1.6496073249727488</ele>
				<time>2022-08-29T16:19:34Z</time>
			</trkpt>
			<trkpt lat="59.940273521088436" lon="30.316554707512726">
				<ele>-2.9809248158708215</ele>
				<time>2022-08-29T16:19:37Z</time>
			</trkpt>
			<trkpt lat="59.94024148658128" lon="30.31655030222594">
				<ele>-4.417111214250326</ele>
				<time>2022-08-29T16:19:40Z</time>
			</trkpt>
			<trkpt lat="59.9402176339294" lon="30.31653692043031">
				<ele>-3.1916865101084113</ele>
				<time>2022-08-29T16:19:42Z</time>
			</trkpt>
			<trkpt lat="59.94018740529908" lon="30.31652979433887">
				<ele>-1.8990285089239478</ele>
				<time>2022-08-29T16:19:44Z</time>
			</trkpt>
			<trkpt lat="59.940171786223885" lon="30.316504598484467">
				<ele>-1.6673166239634156</ele>
				<time>2022-08-29T16:19:46Z</time>
			</trkpt>
			<trkpt lat="59.94016526762504" lon="30.3164684354807">
				<ele>-2.724826288409531</ele>
				<time>2022-08-29T16:19:49Z</time>
			</trkpt>
			<trkpt lat="59.94014678695729" lon="30.316458222333868">
				<ele>-1.1520004160702229</ele>
				<time>2022-08-29T16:19:50Z</time>
			</trkpt>
			<trkpt lat="59.94013056916932" lon="30.316436140793375">
				<ele>-3.139190529473126</ele>
				<time>2022-08-29T16:19:52Z</time>
			</trkpt>
			<trkpt lat="59.9401118024224" lon="30.316400364259863">
				<ele>0.31436695251613855</ele>
				<time>2022-08-29T16:19:54Z</time>
			</trkpt>
			<trkpt lat="59.940094638727466" lon="30.316377642966312">
				<ele>-0.16685592383146286</ele>
				<time>2022-08-29T16:19:56Z</time>
			</trkpt>
			<trkpt lat="59.94008082181627" lon="30.31635217399604">
				<ele>2.5446187565103173</ele>
				<time>2022-08-29T16:19:57Z</time>
			</trkpt>
			<trkpt lat="59.940068916149386" lon="30.316315785427452">
				<ele>-3.1640599351376295</ele>
				<time>2022-08-29T16:20:00Z</time>
			</trkpt>
			<trkpt lat="59.940050166857894" lon="30.316297520816125">
				<ele>-0.7704725367948413</ele>
				<time>2022-08-29T16:20:02Z</time>
			</trkpt>
			<trkpt lat="59.940031977090015" lon="30.316257117000404">
				<ele>-0.520867551676929</ele>
				<time>2022-08-29T16:20:03Z</time>
			</trkpt>
			<trkpt lat="59.940016237539815" lon="30.316234059412142">
				<ele>-3.7015246683731675</ele>
				<time>2022-08-29T16:20:09Z</time>
			</trkpt>
			<trkpt lat="59.93999789592443" lon="30.316223385876857">
				<ele>-3.210169610567391</ele>
				<time>2022-08-29T16:20:11Z</time>
			</trkpt>
			<trkpt lat="59.93998113934902" lon="30.316199562865254">
				<ele>-5.067297373898327</ele>
				<time>2022-08-29T16:20:14Z</time>
			</trkpt>
			<trkpt lat="59.939964804621226" lon="30.316174521083">
				<ele>-4.52303677611053</ele>
				<time>2022-08-29T16:20:17Z</time>
			</trkpt>
			<trkpt lat="59.939945071586244" lon="30.316162234725947">
				<ele>-6.652881435118616</ele>
				<time>2022-08-29T16:20:20Z</time>
			</trkpt>
			<trkpt lat="59.9399189229897" lon="30.31615591433528">
				<ele>-6.7570298332720995</ele>
				<time>2022-08-29T16:20:23Z</time>
			</trkpt>
			<trkpt lat="59.93989580623419" lon="30.316147751669085">
				<ele>-8.618514311499894</ele>
				<time>2022-08-29T16:20:26Z</time>
			</trkpt>
			<trkpt lat="59.9398713609143" lon="30.31614106715901">
				<ele>-7.543904448859394</ele>
				<time>2022-08-29T16:20:28Z</time>
			</trkpt>
			<trkpt lat="59.93984166277657" lon="30.316125717824914">
				<ele>-7.062900643795729</ele>
				<time>2022-08-29T16:20:30Z</time>
			</trkpt>
			<trkpt lat="59.939819524208424" lon="30.31610753288111">
				<ele>-6.2446493143215775</ele>
				<time>2022-08-29T16:20:33Z</time>
			</trkpt>
			<trkpt lat="59.93979659528411" lon="30.316091817421825">
				<ele>-5.292317979969084</ele>
				<time>2022-08-29T16:20:35Z</time>
			</trkpt>
			<trkpt lat="59.93977459626773" lon="30.3160758553836">
				<ele>-4.941502578556538</ele>
				<time>2022-08-29T16:20:37Z</time>
			</trkpt>
			<trkpt lat="59.93976015139387" lon="30.31605394200643">
				<ele>-4.472348006442189</ele>
				<time>2022-08-29T16:20:39Z</time>
			</trkpt>
			<trkpt lat="59.93974258264586" lon="30.31603677882263">
				<ele>-3.6977139804512262</ele>
				<time>2022-08-29T16:20:41Z</time>
			</trkpt>
			<trkpt lat="59.93972387480915" lon="30.316011600709466">
				<ele>-5.5912686279043555</ele>
				<time>2022-08-29T16:20:45Z</time>
			</trkpt>
			<trkpt lat="59.93970359710148" lon="30.316016821348526">
				<ele>-6.885632640682161</ele>
				<time>2022-08-29T16:20:48Z</time>
			</trkpt>
			<trkpt lat="59.939683283888684" lon="30.316023296622603">
				<ele>-6.811910523101687</ele>
				<time>2022-08-29T16:20:50Z</time>
			</trkpt>
			<trkpt lat="59.93965670090985" lon="30.3160006086105">
				<ele>-6.852578777819872</ele>
				<time>2022-08-29T16:20:57Z</time>
			</trkpt>
			<trkpt lat="59.939636320867734" lon="30.31603000727057">
				<ele>-9.094841494224966</ele>
				<time>2022-08-29T16:21:03Z</time>
			</trkpt>
			<trkpt lat="59.93961681703608" lon="30.31603107681083">
				<ele>-9.098415909335017</ele>
				<time>2022-08-29T16:21:05Z</time>
			</trkpt>
			<trkpt lat="59.939595356087054" lon="30.316034376457825">
				<ele>-9.244344593025744</ele>
				<time>2022-08-29T16:21:07Z</time>
			</trkpt>
			<trkpt lat="59.93957348171955" lon="30.316031592094863">
				<ele>-7.72045754827559</ele>
				<time>2022-08-29T16:21:09Z</time>
			</trkpt>
			<trkpt lat="59.939549312759766" lon="30.316043005929508">
				<ele>-8.464300475083292</ele>
				<time>2022-08-29T16:21:11Z</time>
			</trkpt>
			<trkpt lat="59.93953001776106" lon="30.316049533714043">
				<ele>-5.974532820284367</ele>
				<time>2022-08-29T16:21:12Z</time>
			</trkpt>
			<trkpt lat="59.9395155242578" lon="30.316074555443294">
				<ele>-9.545561963692307</ele>
				<time>2022-08-29T16:21:16Z</time>
			</trkpt>
			<trkpt lat="59.93949605997434" lon="30.31607582588035">
				<ele>-9.647722710855305</ele>
				<time>2022-08-29T16:21:18Z</time>
			</trkpt>
			<trkpt lat="59.93947715304414" lon="30.316094127237935">
				<ele>-9.82537192851305</ele>
				<time>2022-08-29T16:21:20Z</time>
			</trkpt>
			<trkpt lat="59.93945660843567" lon="30.31610581025611">
				<ele>-8.790191465988755</ele>
				<time>2022-08-29T16:21:22Z</time>
			</trkpt>
			<trkpt lat="59.93943987867011" lon="30.316119548270958">
				<ele>-8.55969537422061</ele>
				<time>2022-08-29T16:21:24Z</time>
			</trkpt>
			<trkpt lat="59.93941967744375" lon="30.316132085663">
				<ele>-12.369766592048109</ele>
				<time>2022-08-29T16:21:27Z</time>
			</trkpt>
			<trkpt lat="59.93939963829967" lon="30.316143818761535">
				<ele>-10.516802697442472</ele>
				<time>2022-08-29T16:21:29Z</time>
			</trkpt>
			<trkpt lat="59.93937948115608" lon="30.316146571189122">
				<ele>-8.65536908712238</ele>
				<time>2022-08-29T16:21:31Z</time>
			</trkpt>
			<trkpt lat="59.93936216495143" lon="30.316170137387626">
				<ele>-12.01622401829809</ele>
				<time>2022-08-29T16:21:33Z</time>
			</trkpt>
			<trkpt lat="59.93933731743849" lon="30.316192161484963">
				<ele>-9.669946116395295</ele>
				<time>2022-08-29T16:21:36Z</time>
			</trkpt>
			<trkpt lat="59.93931543020114" lon="30.31619771788101">
				<ele>-7.266725527122617</ele>
				<time>2022-08-29T16:21:37Z</time>
			</trkpt>
			<trkpt lat="59.9392797252766" lon="30.3162127755583">
				<ele>-5.576127273961902</ele>
				<time>2022-08-29T16:21:38Z</time>
			</trkpt>
			<trkpt lat="59.93926863775309" lon="30.3162534237415">
				<ele>-8.094491264782846</ele>
				<time>2022-08-29T16:21:42Z</time>
			</trkpt>
			<trkpt lat="59.93925383886959" lon="30.316282325774104">
				<ele>-6.857907632365823</ele>
				<time>2022-08-29T16:21:44Z</time>
			</trkpt>
			<trkpt lat="59.93923416534971" lon="30.316323075413713">
				<ele>-9.722090363502502</ele>
				<time>2022-08-29T16:21:46Z</time>
			</trkpt>
			<trkpt lat="59.93921430405667" lon="30.31635354864728">
				<ele>-9.072270643897355</ele>
				<time>2022-08-29T16:21:48Z</time>
			</trkpt>
			<trkpt lat="59.93919111164963" lon="30.316385698783513">
				<ele>-7.772279082797468</ele>
				<time>2022-08-29T16:21:51Z</time>
			</trkpt>
			<trkpt lat="59.93917113595989" lon="30.31641378712733">
				<ele>-10.097873518243432</ele>
				<time>2022-08-29T16:21:54Z</time>
			</trkpt>
			<trkpt lat="59.939152321248585" lon="30.316443180282686">
				<ele>-7.856767637655139</ele>
				<time>2022-08-29T16:21:56Z</time>
			</trkpt>
			<trkpt lat="59.939136946203014" lon="30.316477184461128">
				<ele>-8.511974676512182</ele>
				<time>2022-08-29T16:21:58Z</time>
			</trkpt>
			<trkpt lat="59.93911456680053" lon="30.316505640130185">
				<ele>-6.05638285074383</ele>
				<time>2022-08-29T16:22:00Z</time>
			</trkpt>
			<trkpt lat="59.93909851014811" lon="30.316525598546654">
				<ele>-7.638478774577379</ele>
				<time>2022-08-29T16:22:02Z</time>
			</trkpt>
			<trkpt lat="59.93907470733969" lon="30.316555312145248">
				<ele>-7.465253869071603</ele>
				<time>2022-08-29T16:22:05Z</time>
			</trkpt>
			<trkpt lat="59.939057016077044" lon="30.31658509874212">
				<ele>-5.791253047063947</ele>
				<time>2022-08-29T16:22:07Z</time>
			</trkpt>
			<trkpt lat="59.93904211704134" lon="30.316615145596">
				<ele>-6.707382490858436</ele>
				<time>2022-08-29T16:22:09Z</time>
			</trkpt>
			<trkpt lat="59.93902145810043" lon="30.31663710952548">
				<ele>-7.189115304499865</ele>
				<time>2022-08-29T16:22:11Z</time>
			</trkpt>
			<trkpt lat="59.93900685479044" lon="30.31666236097698">
				<ele>-7.3388133328408</ele>
				<time>2022-08-29T16:22:13Z</time>
			</trkpt>
			<trkpt lat="59.9389920985533" lon="30.31668879225311">
				<ele>-8.748662455007434</ele>
				<time>2022-08-29T16:22:15Z</time>
			</trkpt>
			<trkpt lat="59.93897598673245" lon="30.31672552040549">
				<ele>-8.241899193264544</ele>
				<time>2022-08-29T16:22:17Z</time>
			</trkpt>
			<trkpt lat="59.938957723169636" lon="30.31674189058778">
				<ele>-8.43036205880344</ele>
				<time>2022-08-29T16:22:19Z</time>
			</trkpt>
			<trkpt lat="59.93894022446935" lon="30.316764823211372">
				<ele>-7.233425716869533</ele>
				<time>2022-08-29T16:22:21Z</time>
			</trkpt>
			<trkpt lat="59.93891646123939" lon="30.31678489050738">
				<ele>-9.050983781926334</ele>
				<time>2022-08-29T16:22:29Z</time>
			</trkpt>
			<trkpt lat="59.93889404893548" lon="30.316773970625256">
				<ele>-10.426585050299764</ele>
				<time>2022-08-29T16:22:32Z</time>
			</trkpt>
			<trkpt lat="59.938898384258366" lon="30.3167249529806">
				<ele>-8.85854963120073</ele>
				<time>2022-08-29T16:22:36Z</time>
			</trkpt>
			<trkpt lat="59.938917779479446" lon="30.31670022369356">
				<ele>-6.941503044217825</ele>
				<time>2022-08-29T16:22:38Z</time>
			</trkpt>
			<trkpt lat="59.93890002720331" lon="30.316677113243852">
				<ele>-8.011097487062216</ele>
				<time>2022-08-29T16:22:49Z</time>
			</trkpt>
			<trkpt lat="59.938883463534204" lon="30.31665876330099">
				<ele>-7.928636339493096</ele>
				<time>2022-08-29T16:22:52Z</time>
			</trkpt>
			<trkpt lat="59.938863335149115" lon="30.316661659791706">
				<ele>-8.723383195698261</ele>
				<time>2022-08-29T16:22:54Z</time>
			</trkpt>
			<trkpt lat="59.93884407783051" lon="30.316665974158905">
				<ele>-9.38117780443281</ele>
				<time>2022-08-29T16:22:56Z</time>
			</trkpt>
			<trkpt lat="59.93882471252216" lon="30.316672828888915">
				<ele>-11.398331640288234</ele>
				<time>2022-08-29T16:22:58Z</time>
			</trkpt>
			<trkpt lat="59.93880238780527" lon="30.316685056912718">
				<ele>-9.35302741639316</ele>
				<time>2022-08-29T16:23:00Z</time>
			</trkpt>
			<trkpt lat="59.93878072771079" lon="30.31668853124533">
				<ele>-7.010427833534777</ele>
				<time>2022-08-29T16:23:02Z</time>
			</trkpt>
			<trkpt lat="59.93876208887228" lon="30.316687465107908">
				<ele>-7.9738844987004995</ele>
				<time>2022-08-29T16:23:04Z</time>
			</trkpt>
			<trkpt lat="59.938742303744114" lon="30.31668703055802">
				<ele>-6.208244395442307</ele>
				<time>2022-08-29T16:23:06Z</time>
			</trkpt>
			<trkpt lat="59.93872213200015" lon="30.316668224255807">
				<ele>-5.814327258616686</ele>
				<time>2022-08-29T16:23:10Z</time>
			</trkpt>
			<trkpt lat="59.938693431404644" lon="30.31669008949757">
				<ele>-7.142923920415342</ele>
				<time>2022-08-29T16:23:13Z</time>
			</trkpt>
			<trkpt lat="59.938677392498825" lon="30.31671512383984">
				<ele>-8.54692360945046</ele>
				<time>2022-08-29T16:23:15Z</time>
			</trkpt>
			<trkpt lat="59.93865862910476" lon="30.316738821257278">
				<ele>-7.5271877916529775</ele>
				<time>2022-08-29T16:23:17Z</time>
			</trkpt>
			<trkpt lat="59.938636927108334" lon="30.31676957407214">
				<ele>-9.686903964728117</ele>
				<time>2022-08-29T16:23:19Z</time>
			</trkpt>
			<trkpt lat="59.93860948043516" lon="30.316805682034573">
				<ele>-7.286590609699488</ele>
				<time>2022-08-29T16:23:22Z</time>
			</trkpt>
			<trkpt lat="59.938593423892975" lon="30.316836318803215">
				<ele>-4.8814936354756355</ele>
				<time>2022-08-29T16:23:24Z</time>
			</trkpt>
			<trkpt lat="59.938577859737016" lon="30.316854288082435">
				<ele>-5.369310271926224</ele>
				<time>2022-08-29T16:23:26Z</time>
			</trkpt>
			<trkpt lat="59.93855725167042" lon="30.316879323036645">
				<ele>-3.7584388591349125</ele>
				<time>2022-08-29T16:23:29Z</time>
			</trkpt>
			<trkpt lat="59.938540136460276" lon="30.31689877217169">
				<ele>-3.226783155463636</ele>
				<time>2022-08-29T16:23:31Z</time>
			</trkpt>
			<trkpt lat="59.938522257902484" lon="30.31692510005212">
				<ele>-1.0645328667014837</ele>
				<time>2022-08-29T16:23:33Z</time>
			</trkpt>
			<trkpt lat="59.93849907934346" lon="30.316924237597092">
				<ele>-2.016996712423861</ele>
				<time>2022-08-29T16:23:36Z</time>
			</trkpt>
			<trkpt lat="59.938495856894285" lon="30.316886553035943">
				<ele>-2.5161143196746707</ele>
				<time>2022-08-29T16:23:41Z</time>
			</trkpt>
			<trkpt lat="59.938514883252246" lon="30.31689950393244">
				<ele>-5.769930684939027</ele>
				<time>2022-08-29T16:23:46Z</time>
			</trkpt>
			<trkpt lat="59.93853029063672" lon="30.31687414378765">
				<ele>-4.946731271222234</ele>
				<time>2022-08-29T16:23:51Z</time>
			</trkpt>
			<trkpt lat="59.93854990175018" lon="30.316854381370447">
				<ele>-4.3719076393172145</ele>
				<time>2022-08-29T16:23:53Z</time>
			</trkpt>
			<trkpt lat="59.93856877010176" lon="30.316847907685922">
				<ele>-3.808695307932794</ele>
				<time>2022-08-29T16:23:58Z</time>
			</trkpt>
			<trkpt lat="59.938552653013055" lon="30.316824568920417">
				<ele>-1.3610072238370776</ele>
				<time>2022-08-29T16:24:03Z</time>
			</trkpt>
			<trkpt lat="59.93853243342395" lon="30.316788140574673">
				<ele>1.6637556329369545</ele>
				<time>2022-08-29T16:24:06Z</time>
			</trkpt>
			<trkpt lat="59.938514483407154" lon="30.316767041058046">
				<ele>1.5482316417619586</ele>
				<time>2022-08-29T16:24:08Z</time>
			</trkpt>
			<trkpt lat="59.93849611849773" lon="30.31675216166523">
				<ele>-0.4014175580814481</ele>
				<time>2022-08-29T16:24:13Z</time>
			</trkpt>
			<trkpt lat="59.938475049695164" lon="30.316749954970852">
				<ele>-1.008623274974525</ele>
				<time>2022-08-29T16:24:15Z</time>
			</trkpt>
			<trkpt lat="59.938451709537865" lon="30.31674582478936">
				<ele>-3.8842811370268464</ele>
				<time>2022-08-29T16:24:17Z</time>
			</trkpt>
			<trkpt lat="59.938435285569724" lon="30.316727800564315">
				<ele>-2.5917423414066434</ele>
				<time>2022-08-29T16:24:20Z</time>
			</trkpt>
			<trkpt lat="59.93841561523811" lon="30.316749280887926">
				<ele>-4.565556644462049</ele>
				<time>2022-08-29T16:24:22Z</time>
			</trkpt>
			<trkpt lat="59.93839285335328" lon="30.316772484368688">
				<ele>-4.656048953533173</ele>
				<time>2022-08-29T16:24:24Z</time>
			</trkpt>
			<trkpt lat="59.93837716242428" lon="30.31679292851959">
				<ele>-3.5678308373317122</ele>
				<time>2022-08-29T16:24:26Z</time>
			</trkpt>
			<trkpt lat="59.938366547132354" lon="30.316826598373247">
				<ele>0.875309937633574</ele>
				<time>2022-08-29T16:24:28Z</time>
			</trkpt>
			<trkpt lat="59.93834638403714" lon="30.31685147137178">
				<ele>-0.21074457559734583</ele>
				<time>2022-08-29T16:24:31Z</time>
			</trkpt>
			<trkpt lat="59.938326062718446" lon="30.316842741812202">
				<ele>1.743406661786139</ele>
				<time>2022-08-29T16:24:34Z</time>
			</trkpt>
			<trkpt lat="59.93830731296925" lon="30.316843262634073">
				<ele>0.608070619404316</ele>
				<time>2022-08-29T16:24:36Z</time>
			</trkpt>
			<trkpt lat="59.93829028427941" lon="30.316861565814097">
				<ele>-1.731862612068653</ele>
				<time>2022-08-29T16:24:38Z</time>
			</trkpt>
			<trkpt lat="59.93826757566128" lon="30.316882738936084">
				<ele>0.9578371588140726</ele>
				<time>2022-08-29T16:24:41Z</time>
			</trkpt>
			<trkpt lat="59.938251917418306" lon="30.316905508988533">
				<ele>-0.43488885555416346</ele>
				<time>2022-08-29T16:24:43Z</time>
			</trkpt>
			<trkpt lat="59.938230577413236" lon="30.316925353985297">
				<ele>0.40065321791917086</ele>
				<time>2022-08-29T16:24:46Z</time>
			</trkpt>
			<trkpt lat="59.93820777432976" lon="30.316969748475458">
				<ele>3.159954429604113</ele>
				<time>2022-08-29T16:24:50Z</time>
			</trkpt>
			<trkpt lat="59.93819077451022" lon="30.316995265780402">
				<ele>1.1007199632003903</ele>
				<time>2022-08-29T16:24:51Z</time>
			</trkpt>
			<trkpt lat="59.938177584060924" lon="30.317025415982037">
				<ele>2.726298052817583</ele>
				<time>2022-08-29T16:24:52Z</time>
			</trkpt>
			<trkpt lat="59.93816020250629" lon="30.31706518962757">
				<ele>1.9880248019471765</ele>
				<time>2022-08-29T16:24:54Z</time>
			</trkpt>
			<trkpt lat="59.93814298402886" lon="30.31710948904475">
				<ele>0.5138698639348149</ele>
				<time>2022-08-29T16:24:56Z</time>
			</trkpt>
			<trkpt lat="59.938129429021" lon="30.317144424538775">
				<ele>2.0896645672619343</ele>
				<time>2022-08-29T16:24:57Z</time>
			</trkpt>
			<trkpt lat="59.93811673236321" lon="30.317191112181685">
				<ele>1.661753635853529</ele>
				<time>2022-08-29T16:24:59Z</time>
			</trkpt>
			<trkpt lat="59.93810583989065" lon="30.317244292075085">
				<ele>1.7951685143634677</ele>
				<time>2022-08-29T16:25:02Z</time>
			</trkpt>
			<trkpt lat="59.93809732575269" lon="30.3172891265773">
				<ele>0.5810964405536652</ele>
				<time>2022-08-29T16:25:04Z</time>
			</trkpt>
			<trkpt lat="59.9381100421828" lon="30.317321386010356">
				<ele>4.055417953059077</ele>
				<time>2022-08-29T16:25:07Z</time>
			</trkpt>
			<trkpt lat="59.93809860012382" lon="30.31735185012733">
				<ele>3.1202371194958687</ele>
				<time>2022-08-29T16:25:09Z</time>
			</trkpt>
			<trkpt lat="59.93808864402641" lon="30.317392924514046">
				<ele>4.611493179574609</ele>
				<time>2022-08-29T16:25:13Z</time>
			</trkpt>
			<trkpt lat="59.93806651303956" lon="30.317419028457316">
				<ele>-0.11024388298392296</ele>
				<time>2022-08-29T16:25:15Z</time>
			</trkpt>
			<trkpt lat="59.938060587823806" lon="30.317470780346852">
				<ele>3.363067163154483</ele>
				<time>2022-08-29T16:25:17Z</time>
			</trkpt>
			<trkpt lat="59.93804640185004" lon="30.317513333475475">
				<ele>4.79242186807096</ele>
				<time>2022-08-29T16:25:19Z</time>
			</trkpt>
			<trkpt lat="59.938030583413315" lon="30.317587630134074">
				<ele>8.469875767827034</ele>
				<time>2022-08-29T16:25:22Z</time>
			</trkpt>
			<trkpt lat="59.93802087029571" lon="30.317633026961584">
				<ele>7.14231772813946</ele>
				<time>2022-08-29T16:25:23Z</time>
			</trkpt>
			<trkpt lat="59.938012314491985" lon="30.317698691550483">
				<ele>5.574537298642099</ele>
				<time>2022-08-29T16:25:24Z</time>
			</trkpt>
			<trkpt lat="59.937999699579315" lon="30.317741252611988">
				<ele>7.3560436880216</ele>
				<time>2022-08-29T16:25:25Z</time>
			</trkpt>
			<trkpt lat="59.93798814587021" lon="30.317791803839476">
				<ele>3.2026264052838087</ele>
				<time>2022-08-29T16:25:26Z</time>
			</trkpt>
			<trkpt lat="59.93797987688421" lon="30.31786017915812">
				<ele>2.533012571744621</ele>
				<time>2022-08-29T16:25:27Z</time>
			</trkpt>
			<trkpt lat="59.93798807552668" lon="30.317893014188346">
				<ele>4.884068300016224</ele>
				<time>2022-08-29T16:25:28Z</time>
			</trkpt>
			<trkpt lat="59.9379921934624" lon="30.317938626383196">
				<ele>4.464191111736</ele>
				<time>2022-08-29T16:25:29Z</time>
			</trkpt>
			<trkpt lat="59.937963619311205" lon="30.317934179648635">
				<ele>3.8622861336916685</ele>
				<time>2022-08-29T16:25:30Z</time>
			</trkpt>
			<trkpt lat="59.93794408776015" lon="30.31791653798801">
				<ele>6.792440114542842</ele>
				<time>2022-08-29T16:25:31Z</time>
			</trkpt>
			<trkpt lat="59.937909050995884" lon="30.31789954559142">
				<ele>4.730192732997239</ele>
				<time>2022-08-29T16:25:33Z</time>
			</trkpt>
			<trkpt lat="59.93788795886569" lon="30.31788459394878">
				<ele>4.269826753996313</ele>
				<time>2022-08-29T16:25:34Z</time>
			</trkpt>
			<trkpt lat="59.937867735399664" lon="30.31787574369452">
				<ele>6.112308549694717</ele>
				<time>2022-08-29T16:25:35Z</time>
			</trkpt>
			<trkpt lat="59.937841580532336" lon="30.317869119986653">
				<ele>7.015646394342184</ele>
				<time>2022-08-29T16:25:36Z</time>
			</trkpt>
			<trkpt lat="59.937818869910174" lon="30.317871209186347">
				<ele>6.022182949818671</ele>
				<time>2022-08-29T16:25:37Z</time>
			</trkpt>
			<trkpt lat="59.93779324136008" lon="30.317864931954915">
				<ele>6.226771906018257</ele>
				<time>2022-08-29T16:25:38Z</time>
			</trkpt>
			<trkpt lat="59.93775466155272" lon="30.31783080691074">
				<ele>9.47024083789438</ele>
				<time>2022-08-29T16:25:39Z</time>
			</trkpt>
			<trkpt lat="59.93772298482567" lon="30.317806845651162">
				<ele>10.607978468760848</ele>
				<time>2022-08-29T16:25:40Z</time>
			</trkpt>
			<trkpt lat="59.93770484770648" lon="30.317814918520252">
				<ele>7.2736145267263055</ele>
				<time>2022-08-29T16:25:41Z</time>
			</trkpt>
			<trkpt lat="59.937685142944346" lon="30.317821828114567">
				<ele>6.245380233041942</ele>
				<time>2022-08-29T16:25:42Z</time>
			</trkpt>
			<trkpt lat="59.93766639198335" lon="30.317830964993053">
				<ele>10.280105208046734</ele>
				<time>2022-08-29T16:25:43Z</time>
			</trkpt>
			<trkpt lat="59.937617190718974" lon="30.31779044374737">
				<ele>8.535840660333633</ele>
				<time>2022-08-29T16:25:44Z</time>
			</trkpt>
			<trkpt lat="59.937605562167896" lon="30.31770101724099">
				<ele>9.241335801780224</ele>
				<time>2022-08-29T16:25:45Z</time>
			</trkpt>
			<trkpt lat="59.93758405636087" lon="30.317642549519157">
				<ele>11.55381599161774</ele>
				<time>2022-08-29T16:25:46Z</time>
			</trkpt>
			<trkpt lat="59.937578748415156" lon="30.317580526522757">
				<ele>7.927652860060334</ele>
				<time>2022-08-29T16:25:48Z</time>
			</trkpt>
			<trkpt lat="59.937558012857494" lon="30.317578132788462">
				<ele>10.036663967184722</ele>
				<time>2022-08-29T16:25:50Z</time>
			</trkpt>
			<trkpt lat="59.9375293397091" lon="30.317571954975204">
				<ele>10.359499174170196</ele>
				<time>2022-08-29T16:25:52Z</time>
			</trkpt>
			<trkpt lat="59.937507155908655" lon="30.31758001324115">
				<ele>12.503583119250834</ele>
				<time>2022-08-29T16:25:54Z</time>
			</trkpt>
			<trkpt lat="59.9374853972851" lon="30.31761294088408">
				<ele>10.270306252874434</ele>
				<time>2022-08-29T16:25:56Z</time>
			</trkpt>
			<trkpt lat="59.93746383256917" lon="30.31763824430809">
				<ele>12.264796080067754</ele>
				<time>2022-08-29T16:25:58Z</time>
			</trkpt>
			<trkpt lat="59.93744608343941" lon="30.317650857185036">
				<ele>12.346589736640453</ele>
				<time>2022-08-29T16:26:00Z</time>
			</trkpt>
			<trkpt lat="59.93744243381019" lon="30.31770789570362">
				<ele>13.659493557177484</ele>
				<time>2022-08-29T16:26:01Z</time>
			</trkpt>
			<trkpt lat="59.937430140186386" lon="30.317784844111088">
				<ele>10.709426577202976</ele>
				<time>2022-08-29T16:26:03Z</time>
			</trkpt>
			<trkpt lat="59.93741927318033" lon="30.317753464976313">
				<ele>11.170884321443737</ele>
				<time>2022-08-29T16:26:05Z</time>
			</trkpt>
			<trkpt lat="59.937410711759426" lon="30.317802816056087">
				<ele>14.77070813253522</ele>
				<time>2022-08-29T16:26:06Z</time>
			</trkpt>
			<trkpt lat="59.937377578221124" lon="30.31773214258631">
				<ele>14.493687567301095</ele>
				<time>2022-08-29T16:26:08Z</time>
			</trkpt>
			<trkpt lat="59.937352227255126" lon="30.317712945026006">
				<ele>16.92849593050778</ele>
				<time>2022-08-29T16:26:09Z</time>
			</trkpt>
			<trkpt lat="59.93732705514025" lon="30.317668768419434">
				<ele>12.23941966611892</ele>
				<time>2022-08-29T16:26:11Z</time>
			</trkpt>
			<trkpt lat="59.937306164854085" lon="30.317632753550416">
				<ele>12.34722476825118</ele>
				<time>2022-08-29T16:26:13Z</time>
			</trkpt>
			<trkpt lat="59.93728714883616" lon="30.3176153187611">
				<ele>14.359579222276807</ele>
				<time>2022-08-29T16:26:16Z</time>
			</trkpt>
			<trkpt lat="59.937301382917745" lon="30.317653158321782">
				<ele>7.157272240146995</ele>
				<time>2022-08-29T16:26:24Z</time>
			</trkpt>
			<trkpt lat="59.937281694947636" lon="30.317645433713373">
				<ele>1.9114755000919104</ele>
				<time>2022-08-29T16:26:30Z</time>
			</trkpt>
			<trkpt lat="59.937261398788436" lon="30.317644383368993">
				<ele>3.658001933246851</ele>
				<time>2022-08-29T16:26:32Z</time>
			</trkpt>
			<trkpt lat="59.93724244331581" lon="30.317644739468527">
				<ele>-0.259468462318182</ele>
				<time>2022-08-29T16:26:34Z</time>
			</trkpt>
			<trkpt lat="59.93722234629956" lon="30.317619129274608">
				<ele>2.865572579205036</ele>
				<time>2022-08-29T16:26:36Z</time>
			</trkpt>
			<trkpt lat="59.93720461561414" lon="30.317584087274184">
				<ele>1.7506484566256404</ele>
				<time>2022-08-29T16:26:38Z</time>
			</trkpt>
			<trkpt lat="59.93717492806955" lon="30.317558474814682">
				<ele>-0.8771488014608622</ele>
				<time>2022-08-29T16:26:40Z</time>
			</trkpt>
			<trkpt lat="59.93715207524991" lon="30.317565873802135">
				<ele>0.270733299665153</ele>
				<time>2022-08-29T16:26:44Z</time>
			</trkpt>
			<trkpt lat="59.9371300367069" lon="30.317547061861703">
				<ele>0.979445356875658</ele>
				<time>2022-08-29T16:26:47Z</time>
			</trkpt>
			<trkpt lat="59.93710975247936" lon="30.31751957584028">
				<ele>0.8987233322113752</ele>
				<time>2022-08-29T16:26:50Z</time>
			</trkpt>
			<trkpt lat="59.93708704917563" lon="30.31750945917269">
				<ele>3.1370546016842127</ele>
				<time>2022-08-29T16:26:52Z</time>
			</trkpt>
			<trkpt lat="59.937062544341615" lon="30.317517927684623">
				<ele>5.946814134716988</ele>
				<time>2022-08-29T16:26:54Z</time>
			</trkpt>
			<trkpt lat="59.93704511336037" lon="30.317534773154108">
				<ele>4.596749822609127</ele>
				<time>2022-08-29T16:26:57Z</time>
			</trkpt>
			<trkpt lat="59.93703161641411" lon="30.31744516626556">
				<ele>0.9332637554034591</ele>
				<time>2022-08-29T16:26:59Z</time>
			</trkpt>
			<trkpt lat="59.93701060511337" lon="30.317464692153017">
				<ele>3.047459725290537</ele>
				<time>2022-08-29T16:27:01Z</time>
			</trkpt>
			<trkpt lat="59.93698997113621" lon="30.317456896610185">
				<ele>1.974374882876873</ele>
				<time>2022-08-29T16:27:03Z</time>
			</trkpt>
			<trkpt lat="59.936964257717804" lon="30.317486794783935">
				<ele>2.7176633477211</ele>
				<time>2022-08-29T16:27:05Z</time>
			</trkpt>
			<trkpt lat="59.93693717020634" lon="30.31751122152232">
				<ele>2.2828407026827335</ele>
				<time>2022-08-29T16:27:07Z</time>
			</trkpt>
			<trkpt lat="59.936924844417405" lon="30.317483323276726">
				<ele>4.084199669770896</ele>
				<time>2022-08-29T16:27:08Z</time>
			</trkpt>
			<trkpt lat="59.93690398180454" lon="30.317501545176366">
				<ele>2.8629949055612087</ele>
				<time>2022-08-29T16:27:10Z</time>
			</trkpt>
			<trkpt lat="59.93689341466533" lon="30.317540865252003">
				<ele>4.540558528155088</ele>
				<time>2022-08-29T16:27:11Z</time>
			</trkpt>
			<trkpt lat="59.936871676459866" lon="30.317533278475654">
				<ele>5.346457968465984</ele>
				<time>2022-08-29T16:27:13Z</time>
			</trkpt>
			<trkpt lat="59.936849614638106" lon="30.317547270669948">
				<ele>6.622433088719845</ele>
				<time>2022-08-29T16:27:15Z</time>
			</trkpt>
			<trkpt lat="59.93682776451219" lon="30.317547897571398">
				<ele>5.858320323750377</ele>
				<time>2022-08-29T16:27:17Z</time>
			</trkpt>
			<trkpt lat="59.936808985379656" lon="30.317546935489354">
				<ele>5.196619025431573</ele>
				<time>2022-08-29T16:27:19Z</time>
			</trkpt>
			<trkpt lat="59.936809033423245" lon="30.317584401235585">
				<ele>0.2582468194887042</ele>
				<time>2022-08-29T16:27:23Z</time>
			</trkpt>
			<trkpt lat="59.93680843047577" lon="30.317530048891495">
				<ele>-5.339239869266748</ele>
				<time>2022-08-29T16:27:27Z</time>
			</trkpt>
			<trkpt lat="59.93678921964019" lon="30.317524857435664">
				<ele>-3.9547634832561016</ele>
				<time>2022-08-29T16:27:29Z</time>
			</trkpt>
			<trkpt lat="59.93677090785338" lon="30.317511965468732">
				<ele>-3.5283733000978827</ele>
				<time>2022-08-29T16:27:31Z</time>
			</trkpt>
			<trkpt lat="59.93675066244333" lon="30.317539003485663">
				<ele>-6.829511179588735</ele>
				<time>2022-08-29T16:27:34Z</time>
			</trkpt>
			<trkpt lat="59.93672502929046" lon="30.317561114956796">
				<ele>-4.430754963308573</ele>
				<time>2022-08-29T16:27:37Z</time>
			</trkpt>
			<trkpt lat="59.936704155268416" lon="30.317553183235937">
				<ele>-0.8777274675667286</ele>
				<time>2022-08-29T16:27:39Z</time>
			</trkpt>
			<trkpt lat="59.936691585996584" lon="30.317584118287733">
				<ele>-2.1594243459403515</ele>
				<time>2022-08-29T16:27:41Z</time>
			</trkpt>
			<trkpt lat="59.936654709574626" lon="30.317607651462392">
				<ele>-0.720812888815999</ele>
				<time>2022-08-29T16:27:43Z</time>
			</trkpt>
			<trkpt lat="59.93662212241922" lon="30.317638537803255">
				<ele>-2.5341570544987917</ele>
				<time>2022-08-29T16:27:45Z</time>
			</trkpt>
			<trkpt lat="59.93659466125419" lon="30.31764494812036">
				<ele>0.4753832584246993</ele>
				<time>2022-08-29T16:27:46Z</time>
			</trkpt>
			<trkpt lat="59.93657051577712" lon="30.317658950601345">
				<ele>-3.3824386252090335</ele>
				<time>2022-08-29T16:27:49Z</time>
			</trkpt>
			<trkpt lat="59.936550825537736" lon="30.31767538039062">
				<ele>-2.437070330604911</ele>
				<time>2022-08-29T16:27:51Z</time>
			</trkpt>
			<trkpt lat="59.936531460054255" lon="30.31767722132967">
				<ele>0.5450755124911666</ele>
				<time>2022-08-29T16:27:52Z</time>
			</trkpt>
			<trkpt lat="59.936507664127305" lon="30.3176704661662">
				<ele>-2.427160693332553</ele>
				<time>2022-08-29T16:27:55Z</time>
			</trkpt>
			<trkpt lat="59.936486680341766" lon="30.317656452350857">
				<ele>-3.154180059209466</ele>
				<time>2022-08-29T16:27:57Z</time>
			</trkpt>
			<trkpt lat="59.936467970279885" lon="30.317651630368175">
				<ele>-1.373002334497869</ele>
				<time>2022-08-29T16:27:58Z</time>
			</trkpt>
			<trkpt lat="59.93644383373785" lon="30.317678771185964">
				<ele>-3.9708518385887146</ele>
				<time>2022-08-29T16:28:02Z</time>
			</trkpt>
			<trkpt lat="59.93644734719328" lon="30.317723940957638">
				<ele>-3.267044167034328</ele>
				<time>2022-08-29T16:28:08Z</time>
			</trkpt>
			<trkpt lat="59.93645746166611" lon="30.317771723580883">
				<ele>-2.9746553730219603</ele>
				<time>2022-08-29T16:28:09Z</time>
			</trkpt>
			<trkpt lat="59.93645466004784" lon="30.317821556459563">
				<ele>-1.9424880184233189</ele>
				<time>2022-08-29T16:28:10Z</time>
			</trkpt>
			<trkpt lat="59.93644006014619" lon="30.317854247816236">
				<ele>0.6157528292387724</ele>
				<time>2022-08-29T16:28:11Z</time>
			</trkpt>
			<trkpt lat="59.9364615430583" lon="30.317896564508963">
				<ele>-1.4731469377875328</ele>
				<time>2022-08-29T16:28:13Z</time>
			</trkpt>
			<trkpt lat="59.93644915264155" lon="30.31794399059373">
				<ele>0.30636121332645416</ele>
				<time>2022-08-29T16:28:15Z</time>
			</trkpt>
			<trkpt lat="59.93643617176936" lon="30.317972346819552">
				<ele>-0.4014093717560172</ele>
				<time>2022-08-29T16:28:17Z</time>
			</trkpt>
			<trkpt lat="59.936452241217175" lon="30.31799496453522">
				<ele>-1.068060982041061</ele>
				<time>2022-08-29T16:28:19Z</time>
			</trkpt>
			<trkpt lat="59.93648548515342" lon="30.317973396488885">
				<ele>-4.168545940890908</ele>
				<time>2022-08-29T16:28:20Z</time>
			</trkpt>
			<trkpt lat="59.936497948068826" lon="30.31800733264139">
				<ele>-5.770856635645032</ele>
				<time>2022-08-29T16:28:21Z</time>
			</trkpt>
			<trkpt lat="59.93648490781099" lon="30.318055085976237">
				<ele>-3.1286368342116475</ele>
				<time>2022-08-29T16:28:24Z</time>
			</trkpt>
			<trkpt lat="59.93647257564595" lon="30.318099944528157">
				<ele>-2.491796432994306</ele>
				<time>2022-08-29T16:28:26Z</time>
			</trkpt>
			<trkpt lat="59.93645128816945" lon="30.318128231662467">
				<ele>-0.6742829792201519</ele>
				<time>2022-08-29T16:28:27Z</time>
			</trkpt>
			<trkpt lat="59.936437671991236" lon="30.318164409745417">
				<ele>-0.24393989704549313</ele>
				<time>2022-08-29T16:28:28Z</time>
			</trkpt>
			<trkpt lat="59.93643972633382" lon="30.318205507758577">
				<ele>-1.9167777933180332</ele>
				<time>2022-08-29T16:28:30Z</time>
			</trkpt>
			<trkpt lat="59.93643420144091" lon="30.318262778389993">
				<ele>0.32777241338044405</ele>
				<time>2022-08-29T16:28:32Z</time>
			</trkpt>
			<trkpt lat="59.93646477897789" lon="30.31831638164253">
				<ele>-0.5779188582673669</ele>
				<time>2022-08-29T16:28:34Z</time>
			</trkpt>
			<trkpt lat="59.93646235867768" lon="30.318357380862818">
				<ele>-2.1798895513638854</ele>
				<time>2022-08-29T16:28:36Z</time>
			</trkpt>
			<trkpt lat="59.93644370324072" lon="30.318391697737308">
				<ele>0.5690289298072457</ele>
				<time>2022-08-29T16:28:37Z</time>
			</trkpt>
			<trkpt lat="59.93646212799261" lon="30.31842199977248">
				<ele>-4.538789926096797</ele>
				<time>2022-08-29T16:28:39Z</time>
			</trkpt>
			<trkpt lat="59.936427583653725" lon="30.3184664985698">
				<ele>-3.577453955076635</ele>
				<time>2022-08-29T16:28:41Z</time>
			</trkpt>
			<trkpt lat="59.93641885486124" lon="30.318507366304843">
				<ele>-1.482190266251564</ele>
				<time>2022-08-29T16:28:43Z</time>
			</trkpt>
			<trkpt lat="59.936426599226415" lon="30.31855735640978">
				<ele>2.1487858593463898</ele>
				<time>2022-08-29T16:28:46Z</time>
			</trkpt>
			<trkpt lat="59.936419051380895" lon="30.318595333370997">
				<ele>1.044024745002389</ele>
				<time>2022-08-29T16:28:48Z</time>
			</trkpt>
			<trkpt lat="59.936407317188184" lon="30.318645991273243">
				<ele>1.9420522646978498</ele>
				<time>2022-08-29T16:28:51Z</time>
			</trkpt>
			<trkpt lat="59.936413465801735" lon="30.31867982038554">
				<ele>1.4125579074025154</ele>
				<time>2022-08-29T16:28:53Z</time>
			</trkpt>
			<trkpt lat="59.93639457105952" lon="30.31870544422254">
				<ele>1.7872350281104445</ele>
				<time>2022-08-29T16:28:54Z</time>
			</trkpt>
			<trkpt lat="59.93638154570914" lon="30.318750669405457">
				<ele>3.946999561972916</ele>
				<time>2022-08-29T16:28:56Z</time>
			</trkpt>
			<trkpt lat="59.93637760517988" lon="30.318797885490714">
				<ele>-0.863947931677103</ele>
				<time>2022-08-29T16:28:58Z</time>
			</trkpt>
			<trkpt lat="59.93637076847674" lon="30.318842811759872">
				<ele>1.2184337619692087</ele>
				<time>2022-08-29T16:28:59Z</time>
			</trkpt>
			<trkpt lat="59.93635939605069" lon="30.318908198467195">
				<ele>3.0656545273959637</ele>
				<time>2022-08-29T16:29:00Z</time>
			</trkpt>
			<trkpt lat="59.93635183729408" lon="30.318954915377468">
				<ele>-2.782994710840285</ele>
				<time>2022-08-29T16:29:07Z</time>
			</trkpt>
			<trkpt lat="59.93634199292612" lon="30.318993207950182">
				<ele>-0.578258566558361</ele>
				<time>2022-08-29T16:29:09Z</time>
			</trkpt>
			<trkpt lat="59.93633441958904" lon="30.31906036614977">
				<ele>3.06462777312845</ele>
				<time>2022-08-29T16:29:12Z</time>
			</trkpt>
			<trkpt lat="59.936324654753484" lon="30.319109349630544">
				<ele>2.274655987508595</ele>
				<time>2022-08-29T16:29:14Z</time>
			</trkpt>
			<trkpt lat="59.93632218055081" lon="30.319161683731842">
				<ele>0.9871773477643728</ele>
				<time>2022-08-29T16:29:16Z</time>
			</trkpt>
			<trkpt lat="59.93631608515997" lon="30.319212816241127">
				<ele>2.193506672978401</ele>
				<time>2022-08-29T16:29:18Z</time>
			</trkpt>
			<trkpt lat="59.93631704655503" lon="30.31926554143749">
				<ele>2.0480114249512553</ele>
				<time>2022-08-29T16:29:20Z</time>
			</trkpt>
			<trkpt lat="59.9363295167717" lon="30.31929686374263">
				<ele>1.2749776178970933</ele>
				<time>2022-08-29T16:29:22Z</time>
			</trkpt>
			<trkpt lat="59.93636307194339" lon="30.31931003320375">
				<ele>-1.6601636577397585</ele>
				<time>2022-08-29T16:29:25Z</time>
			</trkpt>
			<trkpt lat="59.936359561187174" lon="30.31935355827274">
				<ele>-0.3809307096526027</ele>
				<time>2022-08-29T16:29:27Z</time>
			</trkpt>
			<trkpt lat="59.9363671740658" lon="30.319421756509705">
				<ele>1.4300852036103606</ele>
				<time>2022-08-29T16:29:30Z</time>
			</trkpt>
			<trkpt lat="59.93637144573763" lon="30.319497115943985">
				<ele>2.24788233730942</ele>
				<time>2022-08-29T16:29:33Z</time>
			</trkpt>
			<trkpt lat="59.9363752135257" lon="30.319541316813897">
				<ele>2.6636519841849804</ele>
				<time>2022-08-29T16:29:35Z</time>
			</trkpt>
			<trkpt lat="59.93637227238838" lon="30.319594653476173">
				<ele>5.97200904879719</ele>
				<time>2022-08-29T16:29:37Z</time>
			</trkpt>
			<trkpt lat="59.93635793276156" lon="30.31964137149084">
				<ele>7.407481600530446</ele>
				<time>2022-08-29T16:29:39Z</time>
			</trkpt>
			<trkpt lat="59.936351646291136" lon="30.31969925194885">
				<ele>9.751126523129642</ele>
				<time>2022-08-29T16:29:42Z</time>
			</trkpt>
			<trkpt lat="59.93636489782209" lon="30.319730071779304">
				<ele>9.0915189050138</ele>
				<time>2022-08-29T16:29:44Z</time>
			</trkpt>
			<trkpt lat="59.936352381769474" lon="30.31978695714776">
				<ele>6.709890058264136</ele>
				<time>2022-08-29T16:29:47Z</time>
			</trkpt>
			<trkpt lat="59.93634078278854" lon="30.31983531701402">
				<ele>2.1332960315048695</ele>
				<time>2022-08-29T16:29:51Z</time>
			</trkpt>
			<trkpt lat="59.93632137525368" lon="30.319876188702516">
				<ele>-2.404898484237492</ele>
				<time>2022-08-29T16:29:54Z</time>
			</trkpt>
			<trkpt lat="59.93630720493397" lon="30.31990466150855">
				<ele>-2.79935949947685</ele>
				<time>2022-08-29T16:29:56Z</time>
			</trkpt>
			<trkpt lat="59.93630218723473" lon="30.319952364794588">
				<ele>-1.4625215847045183</ele>
				<time>2022-08-29T16:29:59Z</time>
			</trkpt>
			<trkpt lat="59.936293614204956" lon="30.319997808601975">
				<ele>-2.5000314684584737</ele>
				<time>2022-08-29T16:30:02Z</time>
			</trkpt>
			<trkpt lat="59.93628102343482" lon="30.320035146677373">
				<ele>-2.983042490668595</ele>
				<time>2022-08-29T16:30:04Z</time>
			</trkpt>
			<trkpt lat="59.93627514553003" lon="30.32008073223788">
				<ele>-1.8548340313136578</ele>
				<time>2022-08-29T16:30:06Z</time>
			</trkpt>
			<trkpt lat="59.93626508660924" lon="30.32012040899131">
				<ele>-3.412039485760033</ele>
				<time>2022-08-29T16:30:07Z</time>
			</trkpt>
			<trkpt lat="59.93625505462052" lon="30.32016604671511">
				<ele>-5.63801624532789</ele>
				<time>2022-08-29T16:30:09Z</time>
			</trkpt>
			<trkpt lat="59.93625282621957" lon="30.32021837377086">
				<ele>-5.404140566475689</ele>
				<time>2022-08-29T16:30:11Z</time>
			</trkpt>
			<trkpt lat="59.936243864602524" lon="30.32025699734019">
				<ele>-3.400943359360099</ele>
				<time>2022-08-29T16:30:13Z</time>
			</trkpt>
			<trkpt lat="59.93625642824714" lon="30.320291464203294">
				<ele>-3.0612921761348844</ele>
				<time>2022-08-29T16:30:15Z</time>
			</trkpt>
			<trkpt lat="59.936269726802436" lon="30.32032996787878">
				<ele>-1.5629190569743514</ele>
				<time>2022-08-29T16:30:17Z</time>
			</trkpt>
			<trkpt lat="59.93624065553519" lon="30.320387807391466">
				<ele>0.32064141891896725</ele>
				<time>2022-08-29T16:30:19Z</time>
			</trkpt>
			<trkpt lat="59.9362311735478" lon="30.320432265796168">
				<ele>-0.12095441948622465</ele>
				<time>2022-08-29T16:30:21Z</time>
			</trkpt>
			<trkpt lat="59.93622021537425" lon="30.320462369413697">
				<ele>1.3767489045858383</ele>
				<time>2022-08-29T16:30:22Z</time>
			</trkpt>
			<trkpt lat="59.936215063378185" lon="30.32051634780837">
				<ele>0.08030627761036158</ele>
				<time>2022-08-29T16:30:24Z</time>
			</trkpt>
			<trkpt lat="59.93620676204786" lon="30.32055968085243">
				<ele>1.1234743110835552</ele>
				<time>2022-08-29T16:30:26Z</time>
			</trkpt>
			<trkpt lat="59.936201066691986" lon="30.320601452983986">
				<ele>-1.9535200158134103</ele>
				<time>2022-08-29T16:30:28Z</time>
			</trkpt>
			<trkpt lat="59.93618714831368" lon="30.320625586698736">
				<ele>-1.1601147279143333</ele>
				<time>2022-08-29T16:30:29Z</time>
			</trkpt>
			<trkpt lat="59.93618021494776" lon="30.320667815362903">
				<ele>-1.2673436664044857</ele>
				<time>2022-08-29T16:30:31Z</time>
			</trkpt>
			<trkpt lat="59.936192340435625" lon="30.320724301093325">
				<ele>0.3355415305122733</ele>
				<time>2022-08-29T16:30:34Z</time>
			</trkpt>
			<trkpt lat="59.9361921799859" lon="30.320772289982923">
				<ele>0.6603721687570214</ele>
				<time>2022-08-29T16:30:36Z</time>
			</trkpt>
			<trkpt lat="59.93618337288109" lon="30.320810605228502">
				<ele>2.6427957667037845</ele>
				<time>2022-08-29T16:30:38Z</time>
			</trkpt>
			<trkpt lat="59.93620187908126" lon="30.320827465106966">
				<ele>-1.4934780020266771</ele>
				<time>2022-08-29T16:30:40Z</time>
			</trkpt>
			<trkpt lat="59.93620225490882" lon="30.320871822077574">
				<ele>-2.6432143952697515</ele>
				<time>2022-08-29T16:30:42Z</time>
			</trkpt>
			<trkpt lat="59.93618912143731" lon="30.32090536496447">
				<ele>0.3331625768914819</ele>
				<time>2022-08-29T16:30:44Z</time>
			</trkpt>
			<trkpt lat="59.93618854685432" lon="30.320949366105822">
				<ele>-0.1665043020620942</ele>
				<time>2022-08-29T16:30:47Z</time>
			</trkpt>
			<trkpt lat="59.93618602106028" lon="30.32098735413533">
				<ele>-2.256432649679482</ele>
				<time>2022-08-29T16:30:49Z</time>
			</trkpt>
			<trkpt lat="59.93617308435513" lon="30.32102179792286">
				<ele>-2.3207584526389837</ele>
				<time>2022-08-29T16:30:51Z</time>
			</trkpt>
			<trkpt lat="59.93614931899633" lon="30.32106974155594">
				<ele>-0.4104792904108763</ele>
				<time>2022-08-29T16:30:53Z</time>
			</trkpt>
			<trkpt lat="59.936149461894516" lon="30.321108598776366">
				<ele>-1.3571126591414213</ele>
				<time>2022-08-29T16:30:55Z</time>
			</trkpt>
			<trkpt lat="59.93614264055814" lon="30.321155332091152">
				<ele>-1.7315511107444763</ele>
				<time>2022-08-29T16:30:57Z</time>
			</trkpt>
			<trkpt lat="59.936149254088214" lon="30.32119966216906">
				<ele>-2.7060746792703867</ele>
				<time>2022-08-29T16:30:59Z</time>
			</trkpt>
			<trkpt lat="59.93615660214209" lon="30.321247097003717">
				<ele>-4.418174959719181</ele>
				<time>2022-08-29T16:31:02Z</time>
			</trkpt>
			<trkpt lat="59.93614527764579" lon="30.321298889008958">
				<ele>-2.3852785639464855</ele>
				<time>2022-08-29T16:31:04Z</time>
			</trkpt>
			<trkpt lat="59.936154120514914" lon="30.321344981799527">
				<ele>-2.8127898275852203</ele>
				<time>2022-08-29T16:31:06Z</time>
			</trkpt>
			<trkpt lat="59.93614915889184" lon="30.321390512215913">
				<ele>-2.8267970457673073</ele>
				<time>2022-08-29T16:31:08Z</time>
			</trkpt>
			<trkpt lat="59.93613938049931" lon="30.321421918953643">
				<ele>-0.7218050537630916</ele>
				<time>2022-08-29T16:31:09Z</time>
			</trkpt>
			<trkpt lat="59.93614296907374" lon="30.321463025097177">
				<ele>-4.005947485566139</ele>
				<time>2022-08-29T16:31:11Z</time>
			</trkpt>
			<trkpt lat="59.93614315290718" lon="30.32150033866667">
				<ele>-5.339951211586595</ele>
				<time>2022-08-29T16:31:13Z</time>
			</trkpt>
			<trkpt lat="59.93613366621836" lon="30.321533275375447">
				<ele>-4.1676612989977</ele>
				<time>2022-08-29T16:31:14Z</time>
			</trkpt>
			<trkpt lat="59.93612356253306" lon="30.321580381124992">
				<ele>-2.667854556813836</ele>
				<time>2022-08-29T16:31:16Z</time>
			</trkpt>
			<trkpt lat="59.936120467010475" lon="30.32163254496006">
				<ele>-3.5402005799114704</ele>
				<time>2022-08-29T16:31:18Z</time>
			</trkpt>
			<trkpt lat="59.93610392202831" lon="30.32168081524001">
				<ele>-2.8331967294216156</ele>
				<time>2022-08-29T16:31:20Z</time>
			</trkpt>
			<trkpt lat="59.936090878934706" lon="30.321708154935823">
				<ele>-0.27099148370325565</ele>
				<time>2022-08-29T16:31:21Z</time>
			</trkpt>
			<trkpt lat="59.93609464510534" lon="30.321755412660416">
				<ele>-4.89608586486429</ele>
				<time>2022-08-29T16:31:23Z</time>
			</trkpt>
			<trkpt lat="59.936103883629826" lon="30.321799877625878">
				<ele>-4.1521276868879795</ele>
				<time>2022-08-29T16:31:25Z</time>
			</trkpt>
			<trkpt lat="59.93610218521942" lon="30.321839999442634">
				<ele>-4.302679960615933</ele>
				<time>2022-08-29T16:31:27Z</time>
			</trkpt>
			<trkpt lat="59.93609510315302" lon="30.321879880048478">
				<ele>-1.9712340189144015</ele>
				<time>2022-08-29T16:31:30Z</time>
			</trkpt>
			<trkpt lat="59.93610677643633" lon="30.32191579053917">
				<ele>0.008326330222189426</ele>
				<time>2022-08-29T16:31:33Z</time>
			</trkpt>
			<trkpt lat="59.93609325932275" lon="30.321950040435777">
				<ele>-3.3889383040368557</ele>
				<time>2022-08-29T16:31:37Z</time>
			</trkpt>
			<trkpt lat="59.93607352611989" lon="30.321966356924374">
				<ele>-2.268950748257339</ele>
				<time>2022-08-29T16:31:39Z</time>
			</trkpt>
			<trkpt lat="59.936066225700245" lon="30.322028810795643">
				<ele>-1.7214965494349599</ele>
				<time>2022-08-29T16:31:43Z</time>
			</trkpt>
			<trkpt lat="59.93603789489793" lon="30.32202905944625">
				<ele>-1.995382035151124</ele>
				<time>2022-08-29T16:32:17Z</time>
			</trkpt>
			<trkpt lat="59.93603558045538" lon="30.32208179320265">
				<ele>-1.9780879458412528</ele>
				<time>2022-08-29T16:32:20Z</time>
			</trkpt>
			<trkpt lat="59.93603086882521" lon="30.322121983351703">
				<ele>-1.9483057064935565</ele>
				<time>2022-08-29T16:32:22Z</time>
			</trkpt>
			<trkpt lat="59.93602487759578" lon="30.322179135904967">
				<ele>-0.3516553556546569</ele>
				<time>2022-08-29T16:32:24Z</time>
			</trkpt>
			<trkpt lat="59.93601727724985" lon="30.322225088617135">
				<ele>2.7147893235087395</ele>
				<time>2022-08-29T16:32:25Z</time>
			</trkpt>
			<trkpt lat="59.936011492520954" lon="30.322277860918653">
				<ele>3.308609406463802</ele>
				<time>2022-08-29T16:32:26Z</time>
			</trkpt>
			<trkpt lat="59.936006492698894" lon="30.322321683578966">
				<ele>-1.6758591579273343</ele>
				<time>2022-08-29T16:32:31Z</time>
			</trkpt>
			<trkpt lat="59.935995387747916" lon="30.322370383034897">
				<ele>-1.4922582674771547</ele>
				<time>2022-08-29T16:32:33Z</time>
			</trkpt>
			<trkpt lat="59.93599443063494" lon="30.322418866317854">
				<ele>-0.6828040070831776</ele>
				<time>2022-08-29T16:32:35Z</time>
			</trkpt>
			<trkpt lat="59.93598570019423" lon="30.322460228012403">
				<ele>0.2855932302772999</ele>
				<time>2022-08-29T16:32:36Z</time>
			</trkpt>
			<trkpt lat="59.93597652040874" lon="30.32252381959384">
				<ele>-0.9657864877954125</ele>
				<time>2022-08-29T16:32:39Z</time>
			</trkpt>
			<trkpt lat="59.93596826858382" lon="30.322575310035575">
				<ele>-0.9512204201892018</ele>
				<time>2022-08-29T16:32:41Z</time>
			</trkpt>
			<trkpt lat="59.935970268820675" lon="30.322624952678996">
				<ele>-1.6079023638740182</ele>
				<time>2022-08-29T16:32:43Z</time>
			</trkpt>
			<trkpt lat="59.93595307997637" lon="30.322680171500696">
				<ele>-1.4896767484024167</ele>
				<time>2022-08-29T16:32:45Z</time>
			</trkpt>
			<trkpt lat="59.935936925713044" lon="30.322746454595155">
				<ele>-0.951338910497725</ele>
				<time>2022-08-29T16:32:47Z</time>
			</trkpt>
			<trkpt lat="59.93592670952576" lon="30.322801077538468">
				<ele>1.3222833797335625</ele>
				<time>2022-08-29T16:32:49Z</time>
			</trkpt>
			<trkpt lat="59.93592193521148" lon="30.32285013018078">
				<ele>-1.506410375237465</ele>
				<time>2022-08-29T16:32:51Z</time>
			</trkpt>
			<trkpt lat="59.93591102080551" lon="30.322881834640786">
				<ele>-1.44883868470788</ele>
				<time>2022-08-29T16:32:53Z</time>
			</trkpt>
			<trkpt lat="59.93591482467482" lon="30.322937002539717">
				<ele>-2.5021712575107813</ele>
				<time>2022-08-29T16:32:56Z</time>
			</trkpt>
			<trkpt lat="59.935894848370324" lon="30.322977603664516">
				<ele>-0.5093675563111901</ele>
				<time>2022-08-29T16:32:58Z</time>
			</trkpt>
			<trkpt lat="59.93590120892945" lon="30.32301932773799">
				<ele>-0.7780143804848194</ele>
				<time>2022-08-29T16:33:00Z</time>
			</trkpt>
			<trkpt lat="59.93590215076032" lon="30.323077000783112">
				<ele>-0.39319497998803854</ele>
				<time>2022-08-29T16:33:02Z</time>
			</trkpt>
			<trkpt lat="59.935895836138016" lon="30.323136815130585">
				<ele>0.058317783288657665</ele>
				<time>2022-08-29T16:33:04Z</time>
			</trkpt>
			<trkpt lat="59.935897228449186" lon="30.323178293318012">
				<ele>0.05262503866106272</ele>
				<time>2022-08-29T16:33:06Z</time>
			</trkpt>
			<trkpt lat="59.935900890853716" lon="30.323236729968933">
				<ele>-0.47937360033392906</ele>
				<time>2022-08-29T16:33:09Z</time>
			</trkpt>
			<trkpt lat="59.93588928842159" lon="30.32328206890088">
				<ele>-1.1411963319405913</ele>
				<time>2022-08-29T16:33:11Z</time>
			</trkpt>
			<trkpt lat="59.93590174981127" lon="30.32332224150807">
				<ele>-3.0870243087410927</ele>
				<time>2022-08-29T16:33:13Z</time>
			</trkpt>
			<trkpt lat="59.93588815907914" lon="30.323356161759712">
				<ele>-2.6460767053067684</ele>
				<time>2022-08-29T16:33:15Z</time>
			</trkpt>
			<trkpt lat="59.93588017916415" lon="30.32340651277916">
				<ele>0.31602443382143974</ele>
				<time>2022-08-29T16:33:18Z</time>
			</trkpt>
			<trkpt lat="59.93587225138114" lon="30.32344935600106">
				<ele>-0.8915106384083629</ele>
				<time>2022-08-29T16:33:20Z</time>
			</trkpt>
			<trkpt lat="59.935854128400294" lon="30.323497475168146">
				<ele>-0.6643699835985899</ele>
				<time>2022-08-29T16:33:22Z</time>
			</trkpt>
			<trkpt lat="59.93584221964162" lon="30.32353488939689">
				<ele>0.8290087571367621</ele>
				<time>2022-08-29T16:33:23Z</time>
			</trkpt>
			<trkpt lat="59.93583739864104" lon="30.323572599182334">
				<ele>-3.008999121375382</ele>
				<time>2022-08-29T16:33:25Z</time>
			</trkpt>
			<trkpt lat="59.935827090304485" lon="30.323617782927077">
				<ele>-3.9426324293017387</ele>
				<time>2022-08-29T16:33:27Z</time>
			</trkpt>
			<trkpt lat="59.93581517805501" lon="30.323654527814867">
				<ele>-1.939672433771193</ele>
				<time>2022-08-29T16:33:29Z</time>
			</trkpt>
			<trkpt lat="59.935811568493236" lon="30.323695286140282">
				<ele>1.0247074021026492</ele>
				<time>2022-08-29T16:33:31Z</time>
			</trkpt>
			<trkpt lat="59.93581640503447" lon="30.323730817985172">
				<ele>-0.16812465898692608</ele>
				<time>2022-08-29T16:33:33Z</time>
			</trkpt>
			<trkpt lat="59.93580100158226" lon="30.323775227153117">
				<ele>-0.5675713941454887</ele>
				<time>2022-08-29T16:33:35Z</time>
			</trkpt>
			<trkpt lat="59.93578589850244" lon="30.323826423252346">
				<ele>0.9059574473649263</ele>
				<time>2022-08-29T16:33:37Z</time>
			</trkpt>
			<trkpt lat="59.935797244100584" lon="30.323857829938262">
				<ele>-2.0835398016497493</ele>
				<time>2022-08-29T16:33:39Z</time>
			</trkpt>
			<trkpt lat="59.93577480406516" lon="30.323898199327598">
				<ele>-1.2275390531867743</ele>
				<time>2022-08-29T16:33:40Z</time>
			</trkpt>
			<trkpt lat="59.935773862481234" lon="30.323936860147416">
				<ele>-2.10383016243577</ele>
				<time>2022-08-29T16:33:42Z</time>
			</trkpt>
			<trkpt lat="59.935775500302114" lon="30.323989396576106">
				<ele>-1.604933561757207</ele>
				<time>2022-08-29T16:33:44Z</time>
			</trkpt>
			<trkpt lat="59.93576818141652" lon="30.324023456652355">
				<ele>-0.4751549493521452</ele>
				<time>2022-08-29T16:33:45Z</time>
			</trkpt>
			<trkpt lat="59.9357534226452" lon="30.324070064216052">
				<ele>0.816070981323719</ele>
				<time>2022-08-29T16:33:46Z</time>
			</trkpt>
			<trkpt lat="59.93575878994024" lon="30.324112109426764">
				<ele>-0.048818222247064114</ele>
				<time>2022-08-29T16:33:48Z</time>
			</trkpt>
			<trkpt lat="59.935756871458764" lon="30.32415782881676">
				<ele>0.05119975470006466</ele>
				<time>2022-08-29T16:33:50Z</time>
			</trkpt>
			<trkpt lat="59.935737032955686" lon="30.324237645075822">
				<ele>1.667921300046146</ele>
				<time>2022-08-29T16:33:52Z</time>
			</trkpt>
			<trkpt lat="59.935744934962436" lon="30.32427131805398">
				<ele>2.4080851804465055</ele>
				<time>2022-08-29T16:33:53Z</time>
			</trkpt>
			<trkpt lat="59.935763204629446" lon="30.324306317592455">
				<ele>-0.7702290713787079</ele>
				<time>2022-08-29T16:33:56Z</time>
			</trkpt>
			<trkpt lat="59.935777837323286" lon="30.32433306316758">
				<ele>-1.9982422767207026</ele>
				<time>2022-08-29T16:33:58Z</time>
			</trkpt>
			<trkpt lat="59.93575905315465" lon="30.324362020071664">
				<ele>-1.531249855645001</ele>
				<time>2022-08-29T16:33:59Z</time>
			</trkpt>
			<trkpt lat="59.9357601367466" lon="30.32440320266036">
				<ele>-0.9990534372627735</ele>
				<time>2022-08-29T16:34:01Z</time>
			</trkpt>
			<trkpt lat="59.93576357937488" lon="30.324443452160907">
				<ele>1.1349164238199592</ele>
				<time>2022-08-29T16:34:03Z</time>
			</trkpt>
			<trkpt lat="59.93575992684591" lon="30.324506690472504">
				<ele>1.7232656246051192</ele>
				<time>2022-08-29T16:34:05Z</time>
			</trkpt>
			<trkpt lat="59.935753082363135" lon="30.324566204839194">
				<ele>1.3670455468818545</ele>
				<time>2022-08-29T16:34:08Z</time>
			</trkpt>
			<trkpt lat="59.93575035130919" lon="30.324604285942815">
				<ele>1.730502917431295</ele>
				<time>2022-08-29T16:34:10Z</time>
			</trkpt>
			<trkpt lat="59.93573906890171" lon="30.324651514409464">
				<ele>1.7003934485837817</ele>
				<time>2022-08-29T16:34:12Z</time>
			</trkpt>
			<trkpt lat="59.935725457320615" lon="30.324694846618616">
				<ele>2.608659541234374</ele>
				<time>2022-08-29T16:34:13Z</time>
			</trkpt>
			<trkpt lat="59.93571682746254" lon="30.32474399555031">
				<ele>1.3639290062710643</ele>
				<time>2022-08-29T16:34:15Z</time>
			</trkpt>
			<trkpt lat="59.935708407691884" lon="30.32478619354712">
				<ele>-1.334098992869258</ele>
				<time>2022-08-29T16:34:19Z</time>
			</trkpt>
			<trkpt lat="59.93569193658844" lon="30.32481967920101">
				<ele>-1.837319334037602</ele>
				<time>2022-08-29T16:34:22Z</time>
			</trkpt>
			<trkpt lat="59.935686984750085" lon="30.324870011471617">
				<ele>-1.5377100352197886</ele>
				<time>2022-08-29T16:34:24Z</time>
			</trkpt>
			<trkpt lat="59.93567773899143" lon="30.324902885595336">
				<ele>-0.423144418746233</ele>
				<time>2022-08-29T16:34:25Z</time>
			</trkpt>
			<trkpt lat="59.93567143731733" lon="30.324954057495642">
				<ele>0.4472391000017524</ele>
				<time>2022-08-29T16:34:26Z</time>
			</trkpt>
			<trkpt lat="59.93566724906592" lon="30.32499330203062">
				<ele>0.01472617220133543</ele>
				<time>2022-08-29T16:34:27Z</time>
			</trkpt>
			<trkpt lat="59.935654634411634" lon="30.325058050062747">
				<ele>-0.15759980119764805</ele>
				<time>2022-08-29T16:34:29Z</time>
			</trkpt>
			<trkpt lat="59.935654829829254" lon="30.325112154695773">
				<ele>0.32128312159329653</ele>
				<time>2022-08-29T16:34:30Z</time>
			</trkpt>
			<trkpt lat="59.935659354720606" lon="30.325155497621463">
				<ele>0.6669492805376649</ele>
				<time>2022-08-29T16:34:32Z</time>
			</trkpt>
			<trkpt lat="59.93567420673205" lon="30.325177493395426">
				<ele>-1.6904535191133618</ele>
				<time>2022-08-29T16:34:35Z</time>
			</trkpt>
			<trkpt lat="59.93566421919078" lon="30.325228660502994">
				<ele>-2.4527588076889515</ele>
				<time>2022-08-29T16:34:39Z</time>
			</trkpt>
			<trkpt lat="59.93564955470172" lon="30.325282443885353">
				<ele>-1.6081845508888364</ele>
				<time>2022-08-29T16:34:41Z</time>
			</trkpt>
			<trkpt lat="59.9356384120457" lon="30.325345241618646">
				<ele>-1.8985579907894135</ele>
				<time>2022-08-29T16:34:43Z</time>
			</trkpt>
			<trkpt lat="59.935628002800264" lon="30.325394966273088">
				<ele>0.7949623269960284</ele>
				<time>2022-08-29T16:34:44Z</time>
			</trkpt>
			<trkpt lat="59.93561552488179" lon="30.325450154746434">
				<ele>-0.06244540214538574</ele>
				<time>2022-08-29T16:34:47Z</time>
			</trkpt>
			<trkpt lat="59.93561543866542" lon="30.325486690218625">
				<ele>0.7099035466089845</ele>
				<time>2022-08-29T16:34:48Z</time>
			</trkpt>
			<trkpt lat="59.93562013893057" lon="30.325527653839398">
				<ele>0.6595552964136004</ele>
				<time>2022-08-29T16:34:50Z</time>
			</trkpt>
			<trkpt lat="59.93561108787033" lon="30.32558788841606">
				<ele>3.626598134636879</ele>
				<time>2022-08-29T16:34:52Z</time>
			</trkpt>
			<trkpt lat="59.935621314422704" lon="30.325618946344825">
				<ele>-0.6260923137888312</ele>
				<time>2022-08-29T16:34:55Z</time>
			</trkpt>
			<trkpt lat="59.93561974689587" lon="30.325670687666836">
				<ele>-2.3016311852261424</ele>
				<time>2022-08-29T16:34:58Z</time>
			</trkpt>
			<trkpt lat="59.935605994712255" lon="30.325698739769972">
				<ele>-2.0904500083997846</ele>
				<time>2022-08-29T16:34:59Z</time>
			</trkpt>
			<trkpt lat="59.9356096243393" lon="30.325758784061367">
				<ele>-2.450313971377909</ele>
				<time>2022-08-29T16:35:01Z</time>
			</trkpt>
			<trkpt lat="59.93559589451007" lon="30.325827837444344">
				<ele>-2.002702216617763</ele>
				<time>2022-08-29T16:35:03Z</time>
			</trkpt>
			<trkpt lat="59.93558640341252" lon="30.32588201512966">
				<ele>0.0567872179672122</ele>
				<time>2022-08-29T16:35:05Z</time>
			</trkpt>
			<trkpt lat="59.93558209125627" lon="30.32594805455254">
				<ele>-0.07939361594617367</ele>
				<time>2022-08-29T16:35:08Z</time>
			</trkpt>
			<trkpt lat="59.93558925462667" lon="30.325999028867308">
				<ele>-0.5012334147468209</ele>
				<time>2022-08-29T16:35:10Z</time>
			</trkpt>
			<trkpt lat="59.93558673960111" lon="30.326035792181038">
				<ele>0.0874858982861042</ele>
				<time>2022-08-29T16:35:13Z</time>
			</trkpt>
			<trkpt lat="59.93558794581496" lon="30.326092521871665">
				<ele>0.5767345074564219</ele>
				<time>2022-08-29T16:35:16Z</time>
			</trkpt>
			<trkpt lat="59.93558059649078" lon="30.326048864274572">
				<ele>-0.9390130368992686</ele>
				<time>2022-08-29T16:35:28Z</time>
			</trkpt>
			<trkpt lat="59.93556938481542" lon="30.32601079715456">
				<ele>-1.8426248794421554</ele>
				<time>2022-08-29T16:35:37Z</time>
			</trkpt>
			<trkpt lat="59.93555625570807" lon="30.325976665971478">
				<ele>-2.677910216152668</ele>
				<time>2022-08-29T16:35:39Z</time>
			</trkpt>
			<trkpt lat="59.9355355737654" lon="30.325938222923835">
				<ele>-2.61847916059196</ele>
				<time>2022-08-29T16:35:40Z</time>
			</trkpt>
			<trkpt lat="59.93551652480032" lon="30.325917101542093">
				<ele>-2.286462999880314</ele>
				<time>2022-08-29T16:35:41Z</time>
			</trkpt>
			<trkpt lat="59.93550170641125" lon="30.325890843222044">
				<ele>-2.5947235664352775</ele>
				<time>2022-08-29T16:35:42Z</time>
			</trkpt>
			<trkpt lat="59.935478094643784" lon="30.325869293170143">
				<ele>-5.858978832140565</ele>
				<time>2022-08-29T16:35:44Z</time>
			</trkpt>
			<trkpt lat="59.935458699782465" lon="30.325865489093005">
				<ele>-5.1976263197138906</ele>
				<time>2022-08-29T16:35:45Z</time>
			</trkpt>
			<trkpt lat="59.93542657826773" lon="30.32586125187622">
				<ele>-3.2023325096815825</ele>
				<time>2022-08-29T16:35:47Z</time>
			</trkpt>
			<trkpt lat="59.93540097295747" lon="30.325854794004396">
				<ele>-1.585124778561294</ele>
				<time>2022-08-29T16:35:49Z</time>
			</trkpt>
			<trkpt lat="59.93538088899309" lon="30.32584737186048">
				<ele>-1.3203342417255044</ele>
				<time>2022-08-29T16:35:50Z</time>
			</trkpt>
			<trkpt lat="59.935363001404504" lon="30.325856262182363">
				<ele>-3.207949673756957</ele>
				<time>2022-08-29T16:35:51Z</time>
			</trkpt>
			<trkpt lat="59.93533266057511" lon="30.325849853267467">
				<ele>-4.297067197039723</ele>
				<time>2022-08-29T16:35:53Z</time>
			</trkpt>
			<trkpt lat="59.93530236628097" lon="30.325849020102932">
				<ele>-3.2558878483250737</ele>
				<time>2022-08-29T16:35:55Z</time>
			</trkpt>
			<trkpt lat="59.93528013621424" lon="30.325858319454518">
				<ele>-1.4463342688977718</ele>
				<time>2022-08-29T16:35:58Z</time>
			</trkpt>
			<trkpt lat="59.93525947901259" lon="30.325849996654036">
				<ele>-2.6533362064510584</ele>
				<time>2022-08-29T16:36:02Z</time>
			</trkpt>
			<trkpt lat="59.93524804990084" lon="30.32582062477259">
				<ele>-3.5017454605549574</ele>
				<time>2022-08-29T16:36:13Z</time>
			</trkpt>
			<trkpt lat="59.93524994421745" lon="30.325887540499714">
				<ele>-3.9356214590370655</ele>
				<time>2022-08-29T16:36:18Z</time>
			</trkpt>
			<trkpt lat="59.93524604158105" lon="30.325948469266077">
				<ele>-2.170161076821387</ele>
				<time>2022-08-29T16:36:20Z</time>
			</trkpt>
			<trkpt lat="59.93524583652195" lon="30.325988531995318">
				<ele>-2.132665403187275</ele>
				<time>2022-08-29T16:36:22Z</time>
			</trkpt>
			<trkpt lat="59.93524559426275" lon="30.326034475236693">
				<ele>-2.6944794366136193</ele>
				<time>2022-08-29T16:36:24Z</time>
			</trkpt>
			<trkpt lat="59.935243034613" lon="30.326072117544438">
				<ele>-2.3506790371611714</ele>
				<time>2022-08-29T16:36:26Z</time>
			</trkpt>
			<trkpt lat="59.93523257529709" lon="30.32611817668044">
				<ele>-0.02237126138061285</ele>
				<time>2022-08-29T16:36:28Z</time>
			</trkpt>
			<trkpt lat="59.935216953069954" lon="30.326166618854458">
				<ele>-1.4009264325723052</ele>
				<time>2022-08-29T16:36:30Z</time>
			</trkpt>
			<trkpt lat="59.93518507231507" lon="30.326239689342483">
				<ele>0.6812631040811539</ele>
				<time>2022-08-29T16:36:32Z</time>
			</trkpt>
			<trkpt lat="59.935200235876245" lon="30.326130844756296">
				<ele>-0.34750758670270443</ele>
				<time>2022-08-29T16:36:33Z</time>
			</trkpt>
			<trkpt lat="59.93517912657355" lon="30.326123367284477">
				<ele>-1.844649849459529</ele>
				<time>2022-08-29T16:36:35Z</time>
			</trkpt>
			<trkpt lat="59.935153857628954" lon="30.326105501765415">
				<ele>-1.509099455550313</ele>
				<time>2022-08-29T16:36:37Z</time>
			</trkpt>
			<trkpt lat="59.93513357513152" lon="30.326086770095756">
				<ele>-1.9667262407019734</ele>
				<time>2022-08-29T16:36:38Z</time>
			</trkpt>
			<trkpt lat="59.9351099511526" lon="30.32607267121721">
				<ele>-2.3834713865071535</ele>
				<time>2022-08-29T16:36:42Z</time>
			</trkpt>
			<trkpt lat="59.93508875736034" lon="30.326067312955715">
				<ele>-1.5811555041000247</ele>
				<time>2022-08-29T16:36:44Z</time>
			</trkpt>
			<trkpt lat="59.93508925761213" lon="30.326029763395233">
				<ele>-2.1425160486251116</ele>
				<time>2022-08-29T16:36:48Z</time>
			</trkpt>
			<trkpt lat="59.93508258083482" lon="30.3259941439031">
				<ele>-2.744575699791312</ele>
				<time>2022-08-29T16:36:54Z</time>
			</trkpt>
			<trkpt lat="59.935098722891865" lon="30.325954345965403">
				<ele>-3.671901826746762</ele>
				<time>2022-08-29T16:36:57Z</time>
			</trkpt>
			<trkpt lat="59.93509768422105" lon="30.325911548602726">
				<ele>-2.6943008033558726</ele>
				<time>2022-08-29T16:37:00Z</time>
			</trkpt>
			<trkpt lat="59.93509191356902" lon="30.32587488790714">
				<ele>-2.498876204714179</ele>
				<time>2022-08-29T16:37:03Z</time>
			</trkpt>
			<trkpt lat="59.93508514105059" lon="30.325840092625917">
				<ele>-2.570873380638659</ele>
				<time>2022-08-29T16:37:06Z</time>
			</trkpt>
			<trkpt lat="59.93506724442772" lon="30.325798150979242">
				<ele>-3.49087658431381</ele>
				<time>2022-08-29T16:37:08Z</time>
			</trkpt>
			<trkpt lat="59.93504439809011" lon="30.325759647065073">
				<ele>-2.2944341339170933</ele>
				<time>2022-08-29T16:37:10Z</time>
			</trkpt>
			<trkpt lat="59.9350254256786" lon="30.32572812245155">
				<ele>-3.732702818699181</ele>
				<time>2022-08-29T16:37:12Z</time>
			</trkpt>
			<trkpt lat="59.935007308102826" lon="30.325707515106938">
				<ele>-4.483244982548058</ele>
				<time>2022-08-29T16:37:14Z</time>
			</trkpt>
			<trkpt lat="59.934985626188094" lon="30.32569321415704">
				<ele>-4.5674253245815635</ele>
				<time>2022-08-29T16:37:16Z</time>
			</trkpt>
			<trkpt lat="59.93496793034295" lon="30.325674098402498">
				<ele>-4.90447635948658</ele>
				<time>2022-08-29T16:37:18Z</time>
			</trkpt>
			<trkpt lat="59.93494980298673" lon="30.32565842580442">
				<ele>-4.14826232008636</ele>
				<time>2022-08-29T16:37:20Z</time>
			</trkpt>
			<trkpt lat="59.93492009375067" lon="30.325623061814166">
				<ele>-7.563723269850016</ele>
				<time>2022-08-29T16:37:23Z</time>
			</trkpt>
			<trkpt lat="59.93490299482236" lon="30.325600232615447">
				<ele>-6.347165083512664</ele>
				<time>2022-08-29T16:37:25Z</time>
			</trkpt>
			<trkpt lat="59.934888479944725" lon="30.32556261368118">
				<ele>-6.2966210171580315</ele>
				<time>2022-08-29T16:37:27Z</time>
			</trkpt>
			<trkpt lat="59.93487001555391" lon="30.325558777636473">
				<ele>-7.553481639362872</ele>
				<time>2022-08-29T16:37:29Z</time>
			</trkpt>
			<trkpt lat="59.93484599118587" lon="30.3255447097036">
				<ele>-8.263157162815332</ele>
				<time>2022-08-29T16:37:31Z</time>
			</trkpt>
			<trkpt lat="59.93482857347825" lon="30.325520991713443">
				<ele>-6.789990937337279</ele>
				<time>2022-08-29T16:37:33Z</time>
			</trkpt>
			<trkpt lat="59.93480892953231" lon="30.325493436133485">
				<ele>-5.148731492459774</ele>
				<time>2022-08-29T16:37:36Z</time>
			</trkpt>
			<trkpt lat="59.93478842017312" lon="30.325468248332527">
				<ele>-7.51273537427187</ele>
				<time>2022-08-29T16:37:38Z</time>
			</trkpt>
			<trkpt lat="59.93476429950035" lon="30.325451445430364">
				<ele>-6.284248556941748</ele>
				<time>2022-08-29T16:37:41Z</time>
			</trkpt>
			<trkpt lat="59.934741784186436" lon="30.325425862680525">
				<ele>-2.498133040033281</ele>
				<time>2022-08-29T16:37:44Z</time>
			</trkpt>
			<trkpt lat="59.934733025997055" lon="30.325389231099145">
				<ele>-4.193943169899285</ele>
				<time>2022-08-29T16:37:47Z</time>
			</trkpt>
			<trkpt lat="59.93472373515426" lon="30.325347521968393">
				<ele>-2.556962590664625</ele>
				<time>2022-08-29T16:37:49Z</time>
			</trkpt>
			<trkpt lat="59.93471737802063" lon="30.325279828544126">
				<ele>-2.992881268262863</ele>
				<time>2022-08-29T16:37:51Z</time>
			</trkpt>
			<trkpt lat="59.934708297951794" lon="30.325244850821324">
				<ele>-3.4029483972117305</ele>
				<time>2022-08-29T16:37:52Z</time>
			</trkpt>
			<trkpt lat="59.93470305776159" lon="30.325192599797774">
				<ele>-2.2991333547979593</ele>
				<time>2022-08-29T16:37:54Z</time>
			</trkpt>
			<trkpt lat="59.93469100055816" lon="30.325144764609494">
				<ele>-5.671293907798827</ele>
				<time>2022-08-29T16:37:56Z</time>
			</trkpt>
			<trkpt lat="59.934684523038065" lon="30.325090700044356">
				<ele>-3.998662080615759</ele>
				<time>2022-08-29T16:37:58Z</time>
			</trkpt>
			<trkpt lat="59.93468983406309" lon="30.32503598111295">
				<ele>-2.5394719364121556</ele>
				<time>2022-08-29T16:38:00Z</time>
			</trkpt>
			<trkpt lat="59.93469468852384" lon="30.32499921180785">
				<ele>-3.291639086790383</ele>
				<time>2022-08-29T16:38:02Z</time>
			</trkpt>
			<trkpt lat="59.93469273442879" lon="30.324950274338335">
				<ele>-4.4248789651319385</ele>
				<time>2022-08-29T16:38:05Z</time>
			</trkpt>
			<trkpt lat="59.93468927368339" lon="30.324897993106003">
				<ele>-5.917187372222543</ele>
				<time>2022-08-29T16:38:10Z</time>
			</trkpt>
			<trkpt lat="59.93470288724319" lon="30.324865665689188">
				<ele>-1.8678225567564368</ele>
				<time>2022-08-29T16:38:13Z</time>
			</trkpt>
			<trkpt lat="59.93470063948833" lon="30.324806749099785">
				<ele>0.948335574939847</ele>
				<time>2022-08-29T16:38:16Z</time>
			</trkpt>
			<trkpt lat="59.934710563185384" lon="30.32475636170816">
				<ele>5.589172935113311</ele>
				<time>2022-08-29T16:38:18Z</time>
			</trkpt>
			<trkpt lat="59.934701272005874" lon="30.32470325067073">
				<ele>2.170173091813922</ele>
				<time>2022-08-29T16:38:21Z</time>
			</trkpt>
			<trkpt lat="59.93471158452443" lon="30.324662776531397">
				<ele>2.4557819040492177</ele>
				<time>2022-08-29T16:38:23Z</time>
			</trkpt>
			<trkpt lat="59.9347101148646" lon="30.324703824313268">
				<ele>-0.9971075244247913</ele>
				<time>2022-08-29T16:38:26Z</time>
			</trkpt>
			<trkpt lat="59.934712503100734" lon="30.324763863810098">
				<ele>-2.567182964645326</ele>
				<time>2022-08-29T16:38:28Z</time>
			</trkpt>
			<trkpt lat="59.9347229135506" lon="30.32483364062489">
				<ele>-1.5629505729302764</ele>
				<time>2022-08-29T16:38:30Z</time>
			</trkpt>
			<trkpt lat="59.93473268168088" lon="30.324868170748875">
				<ele>-0.7165545057505369</ele>
				<time>2022-08-29T16:38:31Z</time>
			</trkpt>
			<trkpt lat="59.934755898089676" lon="30.32486825494329">
				<ele>-0.7955567520111799</ele>
				<time>2022-08-29T16:38:33Z</time>
			</trkpt>
			<trkpt lat="59.93477635633843" lon="30.32486433867928">
				<ele>-4.467519114725292</ele>
				<time>2022-08-29T16:38:36Z</time>
			</trkpt>
			<trkpt lat="59.93479338757349" lon="30.324876679125683">
				<ele>-3.6717986967414618</ele>
				<time>2022-08-29T16:38:38Z</time>
			</trkpt>
			<trkpt lat="59.93479811500754" lon="30.324934592483068">
				<ele>-7.280762013979256</ele>
				<time>2022-08-29T16:38:41Z</time>
			</trkpt>
			<trkpt lat="59.93480827646162" lon="30.324976149413015">
				<ele>-6.940060151740909</ele>
				<time>2022-08-29T16:38:43Z</time>
			</trkpt>
			<trkpt lat="59.93481540552098" lon="30.32501889147271">
				<ele>-6.030284994281828</ele>
				<time>2022-08-29T16:38:45Z</time>
			</trkpt>
			<trkpt lat="59.934827831262304" lon="30.32504500138025">
				<ele>-5.795355621725321</ele>
				<time>2022-08-29T16:38:47Z</time>
			</trkpt>
			<trkpt lat="59.934842109024885" lon="30.32506954503868">
				<ele>-5.024548475630581</ele>
				<time>2022-08-29T16:38:48Z</time>
			</trkpt>
			<trkpt lat="59.93486309049717" lon="30.325097964900145">
				<ele>-8.395150040276349</ele>
				<time>2022-08-29T16:38:50Z</time>
			</trkpt>
			<trkpt lat="59.93488271388517" lon="30.325112276797054">
				<ele>-7.0960953729227185</ele>
				<time>2022-08-29T16:38:53Z</time>
			</trkpt>
			<trkpt lat="59.93490885002493" lon="30.325133664958567">
				<ele>-5.0187671054154634</ele>
				<time>2022-08-29T16:38:55Z</time>
			</trkpt>
			<trkpt lat="59.9349325294964" lon="30.325160177401685">
				<ele>-9.440457918681204</ele>
				<time>2022-08-29T16:38:58Z</time>
			</trkpt>
			<trkpt lat="59.934959986857216" lon="30.32516581247378">
				<ele>-4.72605262324214</ele>
				<time>2022-08-29T16:39:00Z</time>
			</trkpt>
			<trkpt lat="59.93498655772121" lon="30.32518335508123">
				<ele>-4.958466753363609</ele>
				<time>2022-08-29T16:39:03Z</time>
			</trkpt>
			<trkpt lat="59.935005568210734" lon="30.32519628650419">
				<ele>-2.84198010712862</ele>
				<time>2022-08-29T16:39:05Z</time>
			</trkpt>
			<trkpt lat="59.93503226053549" lon="30.32520425595863">
				<ele>-6.694978741928935</ele>
				<time>2022-08-29T16:39:08Z</time>
			</trkpt>
			<trkpt lat="59.93505456816264" lon="30.325212913969754">
				<ele>-4.518165602348745</ele>
				<time>2022-08-29T16:39:10Z</time>
			</trkpt>
			<trkpt lat="59.93507838713382" lon="30.325228719768152">
				<ele>-4.150270959362388</ele>
				<time>2022-08-29T16:39:12Z</time>
			</trkpt>
			<trkpt lat="59.93510565578006" lon="30.325247337034856">
				<ele>-1.6471508452668786</ele>
				<time>2022-08-29T16:39:14Z</time>
			</trkpt>
			<trkpt lat="59.93512353562634" lon="30.325285771544017">
				<ele>-3.105537351220846</ele>
				<time>2022-08-29T16:39:16Z</time>
			</trkpt>
			<trkpt lat="59.93513995264459" lon="30.325322578804506">
				<ele>-2.2348367497324944</ele>
				<time>2022-08-29T16:39:18Z</time>
			</trkpt>
			<trkpt lat="59.935143581347376" lon="30.32537117439911">
				<ele>-3.0147599950432777</ele>
				<time>2022-08-29T16:39:20Z</time>
			</trkpt>
			<trkpt lat="59.93514675731868" lon="30.325419999457733">
				<ele>-2.6028541577979922</ele>
				<time>2022-08-29T16:39:22Z</time>
			</trkpt>
			<trkpt lat="59.93517431908826" lon="30.325426219770307">
				<ele>-2.4385728873312473</ele>
				<time>2022-08-29T16:39:26Z</time>
			</trkpt>
			<trkpt lat="59.935186790848775" lon="30.325488747189638">
				<ele>-1.8953706603497267</ele>
				<time>2022-08-29T16:39:33Z</time>
			</trkpt>
			<trkpt lat="59.935179471434175" lon="30.325522692225444">
				<ele>-6.472017587162554</ele>
				<time>2022-08-29T16:39:36Z</time>
			</trkpt>
			<trkpt lat="59.93518859173427" lon="30.32555573440627">
				<ele>-5.829248301684856</ele>
				<time>2022-08-29T16:39:38Z</time>
			</trkpt>
			<trkpt lat="59.935210342549404" lon="30.32558897278177">
				<ele>-6.78395907767117</ele>
				<time>2022-08-29T16:39:41Z</time>
			</trkpt>
			<trkpt lat="59.935233993689735" lon="30.325612638249698">
				<ele>-5.418486640788615</ele>
				<time>2022-08-29T16:39:43Z</time>
			</trkpt>
			<trkpt lat="59.93525822881044" lon="30.32563895977161">
				<ele>-4.366801916621625</ele>
				<time>2022-08-29T16:39:45Z</time>
			</trkpt>
			<trkpt lat="59.93527480109201" lon="30.32566659314697">
				<ele>-5.457254765555263</ele>
				<time>2022-08-29T16:39:47Z</time>
			</trkpt>
			<trkpt lat="59.93527870830197" lon="30.32572149758973">
				<ele>-5.80037934333086</ele>
				<time>2022-08-29T16:39:50Z</time>
			</trkpt>
			<trkpt lat="59.93527224032124" lon="30.32576019733302">
				<ele>-5.743465379811823</ele>
				<time>2022-08-29T16:39:52Z</time>
			</trkpt>
			<trkpt lat="59.93526874362834" lon="30.325795890825873">
				<ele>-6.370416419580579</ele>
				<time>2022-08-29T16:39:56Z</time>
			</trkpt>
			<trkpt lat="59.935257165463995" lon="30.325855378700123">
				<ele>-6.978616909123957</ele>
				<time>2022-08-29T16:39:59Z</time>
			</trkpt>
			<trkpt lat="59.935244283638426" lon="30.32590439051175">
				<ele>-6.33490139618516</ele>
				<time>2022-08-29T16:40:01Z</time>
			</trkpt>
			<trkpt lat="59.93524229033131" lon="30.32595269514496">
				<ele>-1.7398986062034965</ele>
				<time>2022-08-29T16:40:03Z</time>
			</trkpt>
			<trkpt lat="59.93523292231544" lon="30.3259927855694">
				<ele>-0.31026757322251797</ele>
				<time>2022-08-29T16:40:06Z</time>
			</trkpt>
			<trkpt lat="59.93523931392483" lon="30.326035355008756">
				<ele>-3.13622242026031</ele>
				<time>2022-08-29T16:40:09Z</time>
			</trkpt>
			<trkpt lat="59.935236907867846" lon="30.326081221274492">
				<ele>-1.6449429718777537</ele>
				<time>2022-08-29T16:40:11Z</time>
			</trkpt>
			<trkpt lat="59.93523125248004" lon="30.326127553684675">
				<ele>-1.7792627783492208</ele>
				<time>2022-08-29T16:40:13Z</time>
			</trkpt>
			<trkpt lat="59.93521536825994" lon="30.326149763386834">
				<ele>1.5737348152324557</ele>
				<time>2022-08-29T16:40:15Z</time>
			</trkpt>
			<trkpt lat="59.93518409126874" lon="30.32612195111341">
				<ele>0.8993888683617115</ele>
				<time>2022-08-29T16:40:18Z</time>
			</trkpt>
			<trkpt lat="59.93520266254191" lon="30.32612360316223">
				<ele>-2.1052957326173782</ele>
				<time>2022-08-29T16:40:22Z</time>
			</trkpt>
			<trkpt lat="59.935223746369196" lon="30.326127490412524">
				<ele>-0.6842553615570068</ele>
				<time>2022-08-29T16:40:38Z</time>
			</trkpt>
			<trkpt lat="59.93522527084553" lon="30.326163776545908">
				<ele>-3.8226304138079286</ele>
				<time>2022-08-29T16:40:39Z</time>
			</trkpt>
			<trkpt lat="59.93524460231021" lon="30.326158142597027">
				<ele>-2.942215960472822</ele>
				<time>2022-08-29T16:40:41Z</time>
			</trkpt>
			<trkpt lat="59.93522914313771" lon="30.326198853261328">
				<ele>-7.449418991804123</ele>
				<time>2022-08-29T16:40:53Z</time>
			</trkpt>
			<trkpt lat="59.93521962897235" lon="30.32624423318078">
				<ele>-6.81856600381434</ele>
				<time>2022-08-29T16:40:55Z</time>
			</trkpt>
			<trkpt lat="59.935211097157556" lon="30.326292510634318">
				<ele>-8.142046536318958</ele>
				<time>2022-08-29T16:40:56Z</time>
			</trkpt>
			<trkpt lat="59.935203083402946" lon="30.32635706785352">
				<ele>-7.718077024444938</ele>
				<time>2022-08-29T16:40:59Z</time>
			</trkpt>
			<trkpt lat="59.93519991214349" lon="30.326410491175494">
				<ele>-8.517189513891935</ele>
				<time>2022-08-29T16:41:01Z</time>
			</trkpt>
		</trkseg>
	</trk>
</gpx>
