<?xml version="1.0" encoding="UTF-8"?>
<gpx xmlns:xsi="http://www.w3.org/2001/XMLSchema-instance" xmlns="http://www.topografix.com/GPX/1/1" xsi:schemaLocation="http://www.topografix.com/GPX/1/1 http://www.topografix.com/GPX/1/1/gpx.xsd" version="1.1" creator="Open GPX Tracker for iOS">
	<trk>
		<trkseg>
			<trkpt lat="59.93556879932055" lon="30.326639721198312">
				<ele>22.1494140625</ele>
				<time>2025-06-30T14:52:17Z</time>
			</trkpt>
			<trkpt lat="59.935530494023055" lon="30.326617257697812">
				<ele>29.22674560546875</ele>
				<time>2025-06-30T14:52:18Z</time>
			</trkpt>
			<trkpt lat="59.93551569996396" lon="30.326595045654408">
				<ele>13.04296875</ele>
				<time>2025-06-30T14:52:20Z</time>
			</trkpt>
			<trkpt lat="59.93550224700937" lon="30.326624214677445">
				<ele>8.2222900390625</ele>
				<time>2025-06-30T14:52:26Z</time>
			</trkpt>
			<trkpt lat="59.935476138379926" lon="30.326671923965176">
				<ele>9.835521805100143</ele>
				<time>2025-06-30T14:52:32Z</time>
			</trkpt>
			<trkpt lat="59.93545660754692" lon="30.32667785885775">
				<ele>10.158746796660125</ele>
				<time>2025-06-30T14:52:40Z</time>
			</trkpt>
			<trkpt lat="59.9354462600792" lon="30.326710002871">
				<ele>10.271541746333241</ele>
				<time>2025-06-30T14:52:41Z</time>
			</trkpt>
			<trkpt lat="59.93543687831247" lon="30.326758813146736">
				<ele>10.321850071661174</ele>
				<time>2025-06-30T14:52:43Z</time>
			</trkpt>
			<trkpt lat="59.93543728654258" lon="30.326821589357987">
				<ele>9.112947786226869</ele>
				<time>2025-06-30T14:52:45Z</time>
			</trkpt>
			<trkpt lat="59.93544808882608" lon="30.326853442505453">
				<ele>7.367187705822289</ele>
				<time>2025-06-30T14:52:47Z</time>
			</trkpt>
			<trkpt lat="59.93546912947582" lon="30.326876796351698">
				<ele>6.494352730922401</ele>
				<time>2025-06-30T14:52:48Z</time>
			</trkpt>
			<trkpt lat="59.935496957075046" lon="30.326789324023757">
				<ele>6.003646964207292</ele>
				<time>2025-06-30T14:52:49Z</time>
			</trkpt>
			<trkpt lat="59.935520427286676" lon="30.326783452395997">
				<ele>5.715691949240863</ele>
				<time>2025-06-30T14:52:51Z</time>
			</trkpt>
			<trkpt lat="59.93553824666191" lon="30.326776211022548">
				<ele>4.97603125218302</ele>
				<time>2025-06-30T14:52:53Z</time>
			</trkpt>
			<trkpt lat="59.935558693378596" lon="30.326781536337098">
				<ele>4.996850794181228</ele>
				<time>2025-06-30T14:52:54Z</time>
			</trkpt>
			<trkpt lat="59.935581646710894" lon="30.326795590061938">
				<ele>4.552895860746503</ele>
				<time>2025-06-30T14:52:56Z</time>
			</trkpt>
			<trkpt lat="59.935607088603454" lon="30.326794099934965">
				<ele>5.2213912345469</ele>
				<time>2025-06-30T14:52:58Z</time>
			</trkpt>
			<trkpt lat="59.93563276227122" lon="30.32681754973458">
				<ele>5.163953872397542</ele>
				<time>2025-06-30T14:53:01Z</time>
			</trkpt>
			<trkpt lat="59.935658057493974" lon="30.32679957065368">
				<ele>4.225603700615466</ele>
				<time>2025-06-30T14:53:02Z</time>
			</trkpt>
			<trkpt lat="59.935692310208466" lon="30.326807148179483">
				<ele>3.871517065912485</ele>
				<time>2025-06-30T14:53:04Z</time>
			</trkpt>
			<trkpt lat="59.93571859799044" lon="30.326815258736072">
				<ele>4.974721261300147</ele>
				<time>2025-06-30T14:53:06Z</time>
			</trkpt>
			<trkpt lat="59.93574070824485" lon="30.326821935299076">
				<ele>1.3834941545501351</ele>
				<time>2025-06-30T14:53:09Z</time>
			</trkpt>
			<trkpt lat="59.935770803963635" lon="30.326833626471316">
				<ele>4.022743286564946</ele>
				<time>2025-06-30T14:53:11Z</time>
			</trkpt>
			<trkpt lat="59.9357948056389" lon="30.32683859914955">
				<ele>6.050827420316637</ele>
				<time>2025-06-30T14:53:12Z</time>
			</trkpt>
			<trkpt lat="59.93581600397168" lon="30.326845548692813">
				<ele>4.42966812569648</ele>
				<time>2025-06-30T14:53:14Z</time>
			</trkpt>
			<trkpt lat="59.935841085873584" lon="30.326859897887775">
				<ele>4.191271406598389</ele>
				<time>2025-06-30T14:53:16Z</time>
			</trkpt>
			<trkpt lat="59.935862325658114" lon="30.32685933695876">
				<ele>4.907995260320604</ele>
				<time>2025-06-30T14:53:17Z</time>
			</trkpt>
			<trkpt lat="59.93589226436612" lon="30.326863703835464">
				<ele>5.074360717087984</ele>
				<time>2025-06-30T14:53:19Z</time>
			</trkpt>
			<trkpt lat="59.935915701448366" lon="30.326859512132707">
				<ele>6.5626576179638505</ele>
				<time>2025-06-30T14:53:21Z</time>
			</trkpt>
			<trkpt lat="59.93593983303695" lon="30.326847019169517">
				<ele>5.0343970116227865</ele>
				<time>2025-06-30T14:53:24Z</time>
			</trkpt>
			<trkpt lat="59.93595782099348" lon="30.326873668615413">
				<ele>3.5487009305506945</ele>
				<time>2025-06-30T14:53:26Z</time>
			</trkpt>
			<trkpt lat="59.935980342138215" lon="30.326863581612816">
				<ele>-0.6434626709669828</ele>
				<time>2025-06-30T14:53:29Z</time>
			</trkpt>
			<trkpt lat="59.93600435879164" lon="30.326885805577213">
				<ele>3.0391700556501746</ele>
				<time>2025-06-30T14:53:30Z</time>
			</trkpt>
			<trkpt lat="59.936026894440715" lon="30.326900163763444">
				<ele>6.396096533164382</ele>
				<time>2025-06-30T14:53:31Z</time>
			</trkpt>
			<trkpt lat="59.93605373497684" lon="30.326908164414128">
				<ele>4.4613145515322685</ele>
				<time>2025-06-30T14:53:33Z</time>
			</trkpt>
			<trkpt lat="59.93608619160592" lon="30.326916255706248">
				<ele>3.6175688356161118</ele>
				<time>2025-06-30T14:53:35Z</time>
			</trkpt>
			<trkpt lat="59.936106011800526" lon="30.326961097191482">
				<ele>3.2895912770181894</ele>
				<time>2025-06-30T14:53:36Z</time>
			</trkpt>
			<trkpt lat="59.93611251726753" lon="30.327020129195798">
				<ele>3.1059297071769834</ele>
				<time>2025-06-30T14:53:37Z</time>
			</trkpt>
			<trkpt lat="59.93613421879587" lon="30.32700960897645">
				<ele>3.3872906509786844</ele>
				<time>2025-06-30T14:53:39Z</time>
			</trkpt>
			<trkpt lat="59.93615094420135" lon="30.327047649252258">
				<ele>3.7389630181714892</ele>
				<time>2025-06-30T14:53:41Z</time>
			</trkpt>
			<trkpt lat="59.93617332632483" lon="30.32703420362266">
				<ele>5.014176981523633</ele>
				<time>2025-06-30T14:53:44Z</time>
			</trkpt>
			<trkpt lat="59.9362021612774" lon="30.327048896750927">
				<ele>6.301118559204042</ele>
				<time>2025-06-30T14:53:46Z</time>
			</trkpt>
			<trkpt lat="59.93622789333258" lon="30.327053859823618">
				<ele>3.987068415619433</ele>
				<time>2025-06-30T14:53:48Z</time>
			</trkpt>
			<trkpt lat="59.93625392576071" lon="30.32705330976124">
				<ele>2.1735679544508457</ele>
				<time>2025-06-30T14:53:50Z</time>
			</trkpt>
			<trkpt lat="59.936277264163245" lon="30.32705544428434">
				<ele>3.699220823124051</ele>
				<time>2025-06-30T14:53:51Z</time>
			</trkpt>
			<trkpt lat="59.936298659243334" lon="30.327057499873398">
				<ele>2.4826289853081107</ele>
				<time>2025-06-30T14:53:54Z</time>
			</trkpt>
			<trkpt lat="59.93631682724922" lon="30.327051045573317">
				<ele>1.7951253661885858</ele>
				<time>2025-06-30T14:53:56Z</time>
			</trkpt>
			<trkpt lat="59.93633838712354" lon="30.327063044916613">
				<ele>1.0944338319823146</ele>
				<time>2025-06-30T14:53:58Z</time>
			</trkpt>
			<trkpt lat="59.93635810670429" lon="30.32704884164058">
				<ele>3.723716932348907</ele>
				<time>2025-06-30T14:54:00Z</time>
			</trkpt>
			<trkpt lat="59.93637794642709" lon="30.327042271987803">
				<ele>6.141657853499055</ele>
				<time>2025-06-30T14:54:02Z</time>
			</trkpt>
			<trkpt lat="59.936397250976455" lon="30.32707267349897">
				<ele>2.7538019036874175</ele>
				<time>2025-06-30T14:54:05Z</time>
			</trkpt>
			<trkpt lat="59.936416595382866" lon="30.32709391572186">
				<ele>-0.11202028766274452</ele>
				<time>2025-06-30T14:54:07Z</time>
			</trkpt>
			<trkpt lat="59.93643579466309" lon="30.327105822536318">
				<ele>-0.9848444554954767</ele>
				<time>2025-06-30T14:54:09Z</time>
			</trkpt>
			<trkpt lat="59.93646128630964" lon="30.327132037529978">
				<ele>1.3148282002657652</ele>
				<time>2025-06-30T14:54:12Z</time>
			</trkpt>
			<trkpt lat="59.93649060517754" lon="30.327172229960823">
				<ele>0.46152815502136946</ele>
				<time>2025-06-30T14:54:15Z</time>
			</trkpt>
			<trkpt lat="59.93650928820216" lon="30.32719321123216">
				<ele>-0.35162730887532234</ele>
				<time>2025-06-30T14:54:16Z</time>
			</trkpt>
			<trkpt lat="59.93653862148602" lon="30.327195560790408">
				<ele>-0.4452936230227351</ele>
				<time>2025-06-30T14:54:18Z</time>
			</trkpt>
			<trkpt lat="59.93657326194143" lon="30.32719719477021">
				<ele>-0.786580347456038</ele>
				<time>2025-06-30T14:54:20Z</time>
			</trkpt>
			<trkpt lat="59.93659846458256" lon="30.327195833100493">
				<ele>-0.7661907402798533</ele>
				<time>2025-06-30T14:54:23Z</time>
			</trkpt>
			<trkpt lat="59.93661915599457" lon="30.327211294741677">
				<ele>1.8773266188800335</ele>
				<time>2025-06-30T14:54:26Z</time>
			</trkpt>
			<trkpt lat="59.93664714887899" lon="30.327234824339516">
				<ele>0.9632868971675634</ele>
				<time>2025-06-30T14:54:28Z</time>
			</trkpt>
			<trkpt lat="59.93667891906321" lon="30.327248139992093">
				<ele>2.2783166179433465</ele>
				<time>2025-06-30T14:54:30Z</time>
			</trkpt>
			<trkpt lat="59.936703885378606" lon="30.327249161899548">
				<ele>2.642577987164259</ele>
				<time>2025-06-30T14:54:32Z</time>
			</trkpt>
			<trkpt lat="59.93672212029339" lon="30.327251114802284">
				<ele>3.0120884869247675</ele>
				<time>2025-06-30T14:54:33Z</time>
			</trkpt>
			<trkpt lat="59.93675336727311" lon="30.327236475656623">
				<ele>4.30260410066694</ele>
				<time>2025-06-30T14:54:35Z</time>
			</trkpt>
			<trkpt lat="59.93677506416008" lon="30.32725588518373">
				<ele>1.2942596059292555</ele>
				<time>2025-06-30T14:54:37Z</time>
			</trkpt>
			<trkpt lat="59.936801963356196" lon="30.327284115520737">
				<ele>1.4089168729260564</ele>
				<time>2025-06-30T14:54:39Z</time>
			</trkpt>
			<trkpt lat="59.93683008214264" lon="30.32729231169408">
				<ele>1.2321189744397998</ele>
				<time>2025-06-30T14:54:41Z</time>
			</trkpt>
			<trkpt lat="59.936847996470696" lon="30.327315005068733">
				<ele>-2.110414524562657</ele>
				<time>2025-06-30T14:54:43Z</time>
			</trkpt>
			<trkpt lat="59.93686434056171" lon="30.327334575304967">
				<ele>0.2591185253113508</ele>
				<time>2025-06-30T14:54:45Z</time>
			</trkpt>
			<trkpt lat="59.93688229456623" lon="30.327331220258085">
				<ele>-0.2927676569670439</ele>
				<time>2025-06-30T14:54:47Z</time>
			</trkpt>
			<trkpt lat="59.936909645205496" lon="30.327346123776447">
				<ele>1.2255192203447223</ele>
				<time>2025-06-30T14:54:49Z</time>
			</trkpt>
			<trkpt lat="59.936940624248585" lon="30.327358719061724">
				<ele>2.116175452247262</ele>
				<time>2025-06-30T14:54:51Z</time>
			</trkpt>
			<trkpt lat="59.936963175380086" lon="30.327360117932884">
				<ele>1.2632739339023829</ele>
				<time>2025-06-30T14:54:53Z</time>
			</trkpt>
			<trkpt lat="59.93698211533026" lon="30.327366018259323">
				<ele>-0.39320369251072407</ele>
				<time>2025-06-30T14:54:55Z</time>
			</trkpt>
			<trkpt lat="59.93700580632865" lon="30.32739937104109">
				<ele>0.193599802441895</ele>
				<time>2025-06-30T14:54:57Z</time>
			</trkpt>
			<trkpt lat="59.93702372783981" lon="30.32741667441577">
				<ele>-0.4128089100122452</ele>
				<time>2025-06-30T14:54:59Z</time>
			</trkpt>
			<trkpt lat="59.937045629649276" lon="30.32743822564934">
				<ele>-0.5202948348596692</ele>
				<time>2025-06-30T14:55:01Z</time>
			</trkpt>
			<trkpt lat="59.93707285325238" lon="30.327460486431974">
				<ele>-1.0172669989988208</ele>
				<time>2025-06-30T14:55:03Z</time>
			</trkpt>
			<trkpt lat="59.93709282779367" lon="30.32748282476942">
				<ele>0.38450135104358196</ele>
				<time>2025-06-30T14:55:05Z</time>
			</trkpt>
			<trkpt lat="59.937132608358645" lon="30.327496992907527">
				<ele>1.2398079987615347</ele>
				<time>2025-06-30T14:55:07Z</time>
			</trkpt>
			<trkpt lat="59.93715123465058" lon="30.32749752629453">
				<ele>0.8676142897456884</ele>
				<time>2025-06-30T14:55:08Z</time>
			</trkpt>
			<trkpt lat="59.93717333328092" lon="30.32749072700713">
				<ele>-0.18589160032570362</ele>
				<time>2025-06-30T14:55:10Z</time>
			</trkpt>
			<trkpt lat="59.93719746961241" lon="30.327499932513035">
				<ele>0.1328239319846034</ele>
				<time>2025-06-30T14:55:12Z</time>
			</trkpt>
			<trkpt lat="59.937220492913575" lon="30.327511125979616">
				<ele>-0.37925200443714857</ele>
				<time>2025-06-30T14:55:14Z</time>
			</trkpt>
			<trkpt lat="59.93724385582119" lon="30.32748754368776">
				<ele>-1.0367853315547109</ele>
				<time>2025-06-30T14:55:17Z</time>
			</trkpt>
			<trkpt lat="59.93727363709614" lon="30.32746999529728">
				<ele>-0.6705069951713085</ele>
				<time>2025-06-30T14:55:19Z</time>
			</trkpt>
			<trkpt lat="59.937298507661104" lon="30.327471656499338">
				<ele>-1.4256518390029669</ele>
				<time>2025-06-30T14:55:21Z</time>
			</trkpt>
			<trkpt lat="59.937316382328724" lon="30.32747504890627">
				<ele>0.9007155625149608</ele>
				<time>2025-06-30T14:55:23Z</time>
			</trkpt>
			<trkpt lat="59.93735134126814" lon="30.32746949771782">
				<ele>8.292778440751135</ele>
				<time>2025-06-30T14:55:26Z</time>
			</trkpt>
			<trkpt lat="59.93736958099153" lon="30.327475099390043">
				<ele>6.763941578567028</ele>
				<time>2025-06-30T14:55:28Z</time>
			</trkpt>
			<trkpt lat="59.93739301613658" lon="30.32748537224782">
				<ele>5.475708688609302</ele>
				<time>2025-06-30T14:55:30Z</time>
			</trkpt>
			<trkpt lat="59.937390380583565" lon="30.32752196604483">
				<ele>-1.1145813381299376</ele>
				<time>2025-06-30T14:55:32Z</time>
			</trkpt>
			<trkpt lat="59.93741479770681" lon="30.32754475275233">
				<ele>1.2452566642314196</ele>
				<time>2025-06-30T14:55:34Z</time>
			</trkpt>
			<trkpt lat="59.93743836663653" lon="30.327562442014894">
				<ele>2.172304050065577</ele>
				<time>2025-06-30T14:55:36Z</time>
			</trkpt>
			<trkpt lat="59.93745657930548" lon="30.327556889040356">
				<ele>2.515113377943635</ele>
				<time>2025-06-30T14:55:37Z</time>
			</trkpt>
			<trkpt lat="59.93748714789836" lon="30.32755419429899">
				<ele>4.78310202434659</ele>
				<time>2025-06-30T14:55:39Z</time>
			</trkpt>
			<trkpt lat="59.93750638778303" lon="30.327537176374786">
				<ele>1.9121171608567238</ele>
				<time>2025-06-30T14:55:41Z</time>
			</trkpt>
			<trkpt lat="59.93753373686605" lon="30.3275433700196">
				<ele>1.311628645285964</ele>
				<time>2025-06-30T14:55:43Z</time>
			</trkpt>
			<trkpt lat="59.93755978171072" lon="30.327553532578758">
				<ele>1.2617888860404491</ele>
				<time>2025-06-30T14:55:46Z</time>
			</trkpt>
			<trkpt lat="59.93757663029346" lon="30.327572619499904">
				<ele>1.1867948425933719</ele>
				<time>2025-06-30T14:55:47Z</time>
			</trkpt>
			<trkpt lat="59.93760573214615" lon="30.32759435493954">
				<ele>-0.6706244237720966</ele>
				<time>2025-06-30T14:55:49Z</time>
			</trkpt>
			<trkpt lat="59.93763922989669" lon="30.327607305038445">
				<ele>3.0493588391691446</ele>
				<time>2025-06-30T14:55:51Z</time>
			</trkpt>
			<trkpt lat="59.9376585716951" lon="30.327615716160935">
				<ele>4.51734406221658</ele>
				<time>2025-06-30T14:55:52Z</time>
			</trkpt>
			<trkpt lat="59.93768673463008" lon="30.327618495915495">
				<ele>2.917448482476175</ele>
				<time>2025-06-30T14:55:55Z</time>
			</trkpt>
			<trkpt lat="59.93770519342112" lon="30.327621249254275">
				<ele>2.4738300181925297</ele>
				<time>2025-06-30T14:55:57Z</time>
			</trkpt>
			<trkpt lat="59.9377275974654" lon="30.327623068305936">
				<ele>3.072217292152345</ele>
				<time>2025-06-30T14:55:59Z</time>
			</trkpt>
			<trkpt lat="59.93775252746093" lon="30.32764013857267">
				<ele>2.6525676595047116</ele>
				<time>2025-06-30T14:56:01Z</time>
			</trkpt>
			<trkpt lat="59.93778077821244" lon="30.32764935394254">
				<ele>2.4661661004647613</ele>
				<time>2025-06-30T14:56:03Z</time>
			</trkpt>
			<trkpt lat="59.93779732041982" lon="30.327671611108467">
				<ele>3.190758121199906</ele>
				<time>2025-06-30T14:56:04Z</time>
			</trkpt>
			<trkpt lat="59.93781610901466" lon="30.32768253655208">
				<ele>4.545904132537544</ele>
				<time>2025-06-30T14:56:05Z</time>
			</trkpt>
			<trkpt lat="59.93783407914993" lon="30.327694636779523">
				<ele>5.009324067272246</ele>
				<time>2025-06-30T14:56:06Z</time>
			</trkpt>
			<trkpt lat="59.93785999409005" lon="30.32772713846364">
				<ele>4.562817445024848</ele>
				<time>2025-06-30T14:56:08Z</time>
			</trkpt>
			<trkpt lat="59.93787775777298" lon="30.32772197711087">
				<ele>2.992365602403879</ele>
				<time>2025-06-30T14:56:10Z</time>
			</trkpt>
			<trkpt lat="59.93789665611291" lon="30.32770806679926">
				<ele>1.9109561499208212</ele>
				<time>2025-06-30T14:56:13Z</time>
			</trkpt>
			<trkpt lat="59.93791982492169" lon="30.32775507869703">
				<ele>1.6048383582383394</ele>
				<time>2025-06-30T14:56:15Z</time>
			</trkpt>
			<trkpt lat="59.937946451898775" lon="30.327754054880913">
				<ele>1.7450488079339266</ele>
				<time>2025-06-30T14:56:17Z</time>
			</trkpt>
			<trkpt lat="59.9379725459162" lon="30.327764913930718">
				<ele>1.1182639272883534</ele>
				<time>2025-06-30T14:56:19Z</time>
			</trkpt>
			<trkpt lat="59.937991040203045" lon="30.32777646116625">
				<ele>-0.9755620835348964</ele>
				<time>2025-06-30T14:56:21Z</time>
			</trkpt>
			<trkpt lat="59.9380176523489" lon="30.327790981014825">
				<ele>1.9880767716094851</ele>
				<time>2025-06-30T14:56:23Z</time>
			</trkpt>
			<trkpt lat="59.938035758281934" lon="30.327797884036542">
				<ele>4.962918479926884</ele>
				<time>2025-06-30T14:56:24Z</time>
			</trkpt>
			<trkpt lat="59.93805658545808" lon="30.327789186158313">
				<ele>0.8281739158555865</ele>
				<time>2025-06-30T14:56:27Z</time>
			</trkpt>
			<trkpt lat="59.93808157531456" lon="30.32780240727067">
				<ele>1.9171586968004704</ele>
				<time>2025-06-30T14:56:29Z</time>
			</trkpt>
			<trkpt lat="59.93810760989013" lon="30.327796099477027">
				<ele>2.5928829750046134</ele>
				<time>2025-06-30T14:56:31Z</time>
			</trkpt>
			<trkpt lat="59.93812606758345" lon="30.327801487309152">
				<ele>4.127627096138895</ele>
				<time>2025-06-30T14:56:32Z</time>
			</trkpt>
			<trkpt lat="59.93815848046472" lon="30.327820727681836">
				<ele>3.843390909023583</ele>
				<time>2025-06-30T14:56:34Z</time>
			</trkpt>
			<trkpt lat="59.93817580527274" lon="30.327832791857467">
				<ele>1.3876657346263528</ele>
				<time>2025-06-30T14:56:36Z</time>
			</trkpt>
			<trkpt lat="59.93819418850359" lon="30.32785741211716">
				<ele>2.016817000694573</ele>
				<time>2025-06-30T14:56:38Z</time>
			</trkpt>
			<trkpt lat="59.938208241733506" lon="30.32788933165081">
				<ele>1.2904923539608717</ele>
				<time>2025-06-30T14:56:39Z</time>
			</trkpt>
			<trkpt lat="59.9382276145219" lon="30.32792213558139">
				<ele>-0.696297655813396</ele>
				<time>2025-06-30T14:56:41Z</time>
			</trkpt>
			<trkpt lat="59.93825814932116" lon="30.327958276436277">
				<ele>0.4877331703901291</ele>
				<time>2025-06-30T14:56:43Z</time>
			</trkpt>
			<trkpt lat="59.93828973230216" lon="30.327985407685922">
				<ele>-0.16426424775272608</ele>
				<time>2025-06-30T14:56:45Z</time>
			</trkpt>
			<trkpt lat="59.938319030720706" lon="30.32799425247318">
				<ele>-0.20663671009242535</ele>
				<time>2025-06-30T14:56:47Z</time>
			</trkpt>
			<trkpt lat="59.93834309611424" lon="30.327994034609617">
				<ele>-0.15285469684749842</ele>
				<time>2025-06-30T14:56:49Z</time>
			</trkpt>
			<trkpt lat="59.93836281770495" lon="30.327985902097815">
				<ele>0.19982028752565384</ele>
				<time>2025-06-30T14:56:51Z</time>
			</trkpt>
			<trkpt lat="59.93838723725305" lon="30.32799712942169">
				<ele>0.2567329816520214</ele>
				<time>2025-06-30T14:56:53Z</time>
			</trkpt>
			<trkpt lat="59.93841446983763" lon="30.328003274067296">
				<ele>0.5914348689839244</ele>
				<time>2025-06-30T14:56:56Z</time>
			</trkpt>
			<trkpt lat="59.93844191374096" lon="30.328021330215442">
				<ele>2.6296997843310237</ele>
				<time>2025-06-30T14:56:58Z</time>
			</trkpt>
			<trkpt lat="59.93845818451215" lon="30.328043192926685">
				<ele>1.7015520688146353</ele>
				<time>2025-06-30T14:56:59Z</time>
			</trkpt>
			<trkpt lat="59.9384920501568" lon="30.32804531348689">
				<ele>0.9280640417709947</ele>
				<time>2025-06-30T14:57:01Z</time>
			</trkpt>
			<trkpt lat="59.938519494359475" lon="30.328028338046224">
				<ele>0.7919189091771841</ele>
				<time>2025-06-30T14:57:03Z</time>
			</trkpt>
			<trkpt lat="59.938544107895005" lon="30.32803300622985">
				<ele>2.0980090238153934</ele>
				<time>2025-06-30T14:57:05Z</time>
			</trkpt>
			<trkpt lat="59.93856220376023" lon="30.32803723022339">
				<ele>1.857590044848621</ele>
				<time>2025-06-30T14:57:07Z</time>
			</trkpt>
			<trkpt lat="59.9385890674305" lon="30.328057925528693">
				<ele>3.718257086351514</ele>
				<time>2025-06-30T14:57:09Z</time>
			</trkpt>
			<trkpt lat="59.93861077064997" lon="30.328054585990234">
				<ele>2.426389589905739</ele>
				<time>2025-06-30T14:57:11Z</time>
			</trkpt>
			<trkpt lat="59.93863331067962" lon="30.328071128721433">
				<ele>0.8232216909527779</ele>
				<time>2025-06-30T14:57:13Z</time>
			</trkpt>
			<trkpt lat="59.9386610907441" lon="30.32805848419009">
				<ele>-0.6765768593177199</ele>
				<time>2025-06-30T14:57:15Z</time>
			</trkpt>
			<trkpt lat="59.9386816311688" lon="30.328074321874578">
				<ele>-0.023270650766789913</ele>
				<time>2025-06-30T14:57:17Z</time>
			</trkpt>
			<trkpt lat="59.938702450913354" lon="30.328077226745084">
				<ele>-0.7614191938191652</ele>
				<time>2025-06-30T14:57:19Z</time>
			</trkpt>
			<trkpt lat="59.93871966949844" lon="30.328058697964888">
				<ele>0.22813617996871471</ele>
				<time>2025-06-30T14:57:20Z</time>
			</trkpt>
			<trkpt lat="59.938748384543025" lon="30.328080986542535">
				<ele>-2.099164826795459</ele>
				<time>2025-06-30T14:57:23Z</time>
			</trkpt>
			<trkpt lat="59.938775760468516" lon="30.32809361948187">
				<ele>-1.4828561674803495</ele>
				<time>2025-06-30T14:57:25Z</time>
			</trkpt>
			<trkpt lat="59.938808568458356" lon="30.32810627547293">
				<ele>-0.7722960831597447</ele>
				<time>2025-06-30T14:57:27Z</time>
			</trkpt>
			<trkpt lat="59.938823273539" lon="30.32812735292681">
				<ele>-0.6692813942208886</ele>
				<time>2025-06-30T14:57:28Z</time>
			</trkpt>
			<trkpt lat="59.93883231623759" lon="30.328176202564997">
				<ele>-0.9741966491565108</ele>
				<time>2025-06-30T14:57:29Z</time>
			</trkpt>
			<trkpt lat="59.93884849685791" lon="30.328205156287424">
				<ele>-0.7235968001186848</ele>
				<time>2025-06-30T14:57:30Z</time>
			</trkpt>
			<trkpt lat="59.93886904019973" lon="30.328229122321243">
				<ele>-0.25600000750273466</ele>
				<time>2025-06-30T14:57:31Z</time>
			</trkpt>
			<trkpt lat="59.93890102961803" lon="30.328248889463786">
				<ele>0.2704433258622885</ele>
				<time>2025-06-30T14:57:33Z</time>
			</trkpt>
			<trkpt lat="59.938925679692396" lon="30.328213964788162">
				<ele>2.7134373504668474</ele>
				<time>2025-06-30T14:57:35Z</time>
			</trkpt>
			<trkpt lat="59.93894907841772" lon="30.32820347805331">
				<ele>1.5885403603315353</ele>
				<time>2025-06-30T14:57:37Z</time>
			</trkpt>
			<trkpt lat="59.93897346942272" lon="30.32819115988516">
				<ele>0.7002064194530249</ele>
				<time>2025-06-30T14:57:40Z</time>
			</trkpt>
			<trkpt lat="59.93900416562599" lon="30.328206093652128">
				<ele>0.2775349607691169</ele>
				<time>2025-06-30T14:57:42Z</time>
			</trkpt>
			<trkpt lat="59.939022466389716" lon="30.328209828779315">
				<ele>1.3450701050460339</ele>
				<time>2025-06-30T14:57:43Z</time>
			</trkpt>
			<trkpt lat="59.93905155074807" lon="30.328240575920145">
				<ele>2.121359659358859</ele>
				<time>2025-06-30T14:57:45Z</time>
			</trkpt>
			<trkpt lat="59.93907862033273" lon="30.328259838896">
				<ele>0.3082682201638818</ele>
				<time>2025-06-30T14:57:47Z</time>
			</trkpt>
			<trkpt lat="59.939095522291325" lon="30.328274772224894">
				<ele>-0.19156763423234224</ele>
				<time>2025-06-30T14:57:49Z</time>
			</trkpt>
			<trkpt lat="59.93911467112183" lon="30.32828236621158">
				<ele>-0.5237983353435993</ele>
				<time>2025-06-30T14:57:51Z</time>
			</trkpt>
			<trkpt lat="59.93914024115264" lon="30.32829763860993">
				<ele>-1.2306950949132442</ele>
				<time>2025-06-30T14:57:53Z</time>
			</trkpt>
			<trkpt lat="59.9391711235164" lon="30.32828505651533">
				<ele>1.1944326171651483</ele>
				<time>2025-06-30T14:57:55Z</time>
			</trkpt>
			<trkpt lat="59.93919892649648" lon="30.328290335209285">
				<ele>2.411745094694197</ele>
				<time>2025-06-30T14:57:57Z</time>
			</trkpt>
			<trkpt lat="59.93921996252382" lon="30.328291855164828">
				<ele>2.0836639776825905</ele>
				<time>2025-06-30T14:57:59Z</time>
			</trkpt>
			<trkpt lat="59.93923824342257" lon="30.328289672262024">
				<ele>2.171538198366761</ele>
				<time>2025-06-30T14:58:01Z</time>
			</trkpt>
			<trkpt lat="59.9392642454008" lon="30.328280211066094">
				<ele>2.502714378759265</ele>
				<time>2025-06-30T14:58:03Z</time>
			</trkpt>
			<trkpt lat="59.9392943765231" lon="30.328278846131003">
				<ele>0.7504508942365646</ele>
				<time>2025-06-30T14:58:05Z</time>
			</trkpt>
			<trkpt lat="59.939321645573045" lon="30.328284514397353">
				<ele>-0.20007168781012297</ele>
				<time>2025-06-30T14:58:07Z</time>
			</trkpt>
			<trkpt lat="59.939347773006986" lon="30.32829957568578">
				<ele>-1.5706870816648006</ele>
				<time>2025-06-30T14:58:09Z</time>
			</trkpt>
			<trkpt lat="59.93937483884941" lon="30.32830511583098">
				<ele>1.06039097905159</ele>
				<time>2025-06-30T14:58:11Z</time>
			</trkpt>
			<trkpt lat="59.93940039557676" lon="30.328307416529285">
				<ele>0.21199869271367788</ele>
				<time>2025-06-30T14:58:13Z</time>
			</trkpt>
			<trkpt lat="59.93941326828837" lon="30.32827699029389">
				<ele>-1.5327977538108826</ele>
				<time>2025-06-30T14:58:15Z</time>
			</trkpt>
			<trkpt lat="59.93943140115802" lon="30.32830102327391">
				<ele>-2.954558551311493</ele>
				<time>2025-06-30T14:58:18Z</time>
			</trkpt>
			<trkpt lat="59.93944798684631" lon="30.328316705291744">
				<ele>0.8065440841019154</ele>
				<time>2025-06-30T14:58:20Z</time>
			</trkpt>
			<trkpt lat="59.93945581199889" lon="30.328406736238517">
				<ele>-3.4092463394626975</ele>
				<time>2025-06-30T14:58:23Z</time>
			</trkpt>
			<trkpt lat="59.939474047541474" lon="30.32844083748786">
				<ele>-6.602425418794155</ele>
				<time>2025-06-30T14:58:25Z</time>
			</trkpt>
			<trkpt lat="59.93948964502224" lon="30.32847319531406">
				<ele>-2.66206462867558</ele>
				<time>2025-06-30T14:58:28Z</time>
			</trkpt>
			<trkpt lat="59.93951193573477" lon="30.32850770295859">
				<ele>1.0419298456981778</ele>
				<time>2025-06-30T14:58:30Z</time>
			</trkpt>
			<trkpt lat="59.9395332736243" lon="30.328540936761314">
				<ele>-0.11545449867844582</ele>
				<time>2025-06-30T14:58:32Z</time>
			</trkpt>
			<trkpt lat="59.939555313230954" lon="30.32856614145034">
				<ele>-3.0362652083858848</ele>
				<time>2025-06-30T14:58:36Z</time>
			</trkpt>
			<trkpt lat="59.93957066875249" lon="30.328587278720665">
				<ele>-2.924814263358712</ele>
				<time>2025-06-30T14:58:38Z</time>
			</trkpt>
			<trkpt lat="59.93959598660557" lon="30.328590877642252">
				<ele>-1.2005718229338527</ele>
				<time>2025-06-30T14:58:40Z</time>
			</trkpt>
			<trkpt lat="59.93962474775081" lon="30.32861670489229">
				<ele>-3.1558596873655915</ele>
				<time>2025-06-30T14:58:43Z</time>
			</trkpt>
			<trkpt lat="59.939654623553466" lon="30.32866307069283">
				<ele>-0.022192049771547318</ele>
				<time>2025-06-30T14:58:45Z</time>
			</trkpt>
			<trkpt lat="59.93967248852941" lon="30.328706657524084">
				<ele>-1.3233318636193871</ele>
				<time>2025-06-30T14:58:48Z</time>
			</trkpt>
			<trkpt lat="59.939691820670966" lon="30.328737164376687">
				<ele>-1.232885749079287</ele>
				<time>2025-06-30T14:58:50Z</time>
			</trkpt>
			<trkpt lat="59.939715102682065" lon="30.328781860765954">
				<ele>-0.09715636633336544</ele>
				<time>2025-06-30T14:58:52Z</time>
			</trkpt>
			<trkpt lat="59.93973018454956" lon="30.328818198302034">
				<ele>-4.313515340909362</ele>
				<time>2025-06-30T14:58:54Z</time>
			</trkpt>
			<trkpt lat="59.939740945637624" lon="30.328849432182498">
				<ele>-0.44268536660820246</ele>
				<time>2025-06-30T14:58:56Z</time>
			</trkpt>
			<trkpt lat="59.939745094775986" lon="30.32888537241269">
				<ele>-0.5322201000526547</ele>
				<time>2025-06-30T14:58:58Z</time>
			</trkpt>
			<trkpt lat="59.93974292086521" lon="30.328931179506103">
				<ele>1.0518311001360416</ele>
				<time>2025-06-30T14:59:00Z</time>
			</trkpt>
			<trkpt lat="59.93972856079015" lon="30.328974805581556">
				<ele>1.732297790236771</ele>
				<time>2025-06-30T14:59:02Z</time>
			</trkpt>
			<trkpt lat="59.939719589847385" lon="30.32900903977065">
				<ele>-0.9410752980038524</ele>
				<time>2025-06-30T14:59:04Z</time>
			</trkpt>
			<trkpt lat="59.939712616559476" lon="30.32904961678225">
				<ele>-2.8458039527758956</ele>
				<time>2025-06-30T14:59:06Z</time>
			</trkpt>
			<trkpt lat="59.93971527035102" lon="30.329104897282193">
				<ele>-0.2368341162800789</ele>
				<time>2025-06-30T14:59:09Z</time>
			</trkpt>
			<trkpt lat="59.93971097644546" lon="30.329139789485648">
				<ele>-1.109719174914062</ele>
				<time>2025-06-30T14:59:11Z</time>
			</trkpt>
			<trkpt lat="59.93970083747714" lon="30.329182505523402">
				<ele>-3.7535165194422007</ele>
				<time>2025-06-30T14:59:13Z</time>
			</trkpt>
			<trkpt lat="59.93969864716039" lon="30.32922481322468">
				<ele>-4.616299984045327</ele>
				<time>2025-06-30T14:59:15Z</time>
			</trkpt>
			<trkpt lat="59.939708189312064" lon="30.32926643541989">
				<ele>-4.067734214477241</ele>
				<time>2025-06-30T14:59:17Z</time>
			</trkpt>
			<trkpt lat="59.93972558123211" lon="30.329289640842454">
				<ele>-0.009751755744218826</ele>
				<time>2025-06-30T14:59:18Z</time>
			</trkpt>
			<trkpt lat="59.939742410492386" lon="30.32931773294309">
				<ele>1.5590146658942103</ele>
				<time>2025-06-30T14:59:20Z</time>
			</trkpt>
			<trkpt lat="59.93976348198444" lon="30.329352119744286">
				<ele>1.5855059176683426</ele>
				<time>2025-06-30T14:59:22Z</time>
			</trkpt>
			<trkpt lat="59.93978188874158" lon="30.329377987924286">
				<ele>1.1951412130147219</ele>
				<time>2025-06-30T14:59:24Z</time>
			</trkpt>
			<trkpt lat="59.93979789729302" lon="30.329402019556543">
				<ele>0.9693032577633858</ele>
				<time>2025-06-30T14:59:25Z</time>
			</trkpt>
			<trkpt lat="59.9398110460375" lon="30.329443260936046">
				<ele>2.5518330922350287</ele>
				<time>2025-06-30T14:59:27Z</time>
			</trkpt>
			<trkpt lat="59.939830827635504" lon="30.32946242115533">
				<ele>0.3192882165312767</ele>
				<time>2025-06-30T14:59:29Z</time>
			</trkpt>
			<trkpt lat="59.93985198608601" lon="30.3295085129774">
				<ele>1.464519870467484</ele>
				<time>2025-06-30T14:59:32Z</time>
			</trkpt>
			<trkpt lat="59.9398614194597" lon="30.329547337089203">
				<ele>-0.049539812840521336</ele>
				<time>2025-06-30T14:59:35Z</time>
			</trkpt>
			<trkpt lat="59.939868202406316" lon="30.329586682015158">
				<ele>-1.5002212105318904</ele>
				<time>2025-06-30T14:59:38Z</time>
			</trkpt>
			<trkpt lat="59.93988231395744" lon="30.32963081411042">
				<ele>-2.6001757998019457</ele>
				<time>2025-06-30T14:59:40Z</time>
			</trkpt>
			<trkpt lat="59.93990185288701" lon="30.329650739693967">
				<ele>1.99823475535959</ele>
				<time>2025-06-30T14:59:42Z</time>
			</trkpt>
			<trkpt lat="59.93992834946517" lon="30.329681947846897">
				<ele>0.5642533367499709</ele>
				<time>2025-06-30T14:59:45Z</time>
			</trkpt>
			<trkpt lat="59.93994812629975" lon="30.329719584318504">
				<ele>2.3818745957687497</ele>
				<time>2025-06-30T14:59:47Z</time>
			</trkpt>
			<trkpt lat="59.939948246451905" lon="30.329769330237482">
				<ele>-1.3866593511775136</ele>
				<time>2025-06-30T14:59:49Z</time>
			</trkpt>
			<trkpt lat="59.9399413575206" lon="30.329820718079166">
				<ele>-2.6848181411623955</ele>
				<time>2025-06-30T14:59:51Z</time>
			</trkpt>
			<trkpt lat="59.93993242412887" lon="30.32985628166961">
				<ele>-2.501503004692495</ele>
				<time>2025-06-30T14:59:53Z</time>
			</trkpt>
			<trkpt lat="59.93993714728484" lon="30.329911582950846">
				<ele>1.7395235048606992</ele>
				<time>2025-06-30T14:59:55Z</time>
			</trkpt>
			<trkpt lat="59.939940741069954" lon="30.329955785511853">
				<ele>4.470621286891401</ele>
				<time>2025-06-30T14:59:58Z</time>
			</trkpt>
			<trkpt lat="59.939941826919046" lon="30.33001121039867">
				<ele>3.57989430334419</ele>
				<time>2025-06-30T15:00:01Z</time>
			</trkpt>
			<trkpt lat="59.93994377764355" lon="30.330065673941526">
				<ele>2.1590459560975432</ele>
				<time>2025-06-30T15:00:03Z</time>
			</trkpt>
			<trkpt lat="59.93994710960978" lon="30.330102754677714">
				<ele>-0.1822289265692234</ele>
				<time>2025-06-30T15:00:05Z</time>
			</trkpt>
			<trkpt lat="59.9399318760797" lon="30.33014098777131">
				<ele>-0.12366114184260368</ele>
				<time>2025-06-30T15:00:07Z</time>
			</trkpt>
			<trkpt lat="59.93991584437944" lon="30.330186442280286">
				<ele>3.9863295732066035</ele>
				<time>2025-06-30T15:00:09Z</time>
			</trkpt>
			<trkpt lat="59.93990525479934" lon="30.33023817560387">
				<ele>4.661514042876661</ele>
				<time>2025-06-30T15:00:11Z</time>
			</trkpt>
			<trkpt lat="59.93989124606716" lon="30.330277650883758">
				<ele>2.7726750755682588</ele>
				<time>2025-06-30T15:00:13Z</time>
			</trkpt>
			<trkpt lat="59.93988657791039" lon="30.330322244349947">
				<ele>2.3580796169117093</ele>
				<time>2025-06-30T15:00:16Z</time>
			</trkpt>
			<trkpt lat="59.93989147106772" lon="30.330360708692066">
				<ele>0.6005934607237577</ele>
				<time>2025-06-30T15:00:18Z</time>
			</trkpt>
			<trkpt lat="59.93988948552935" lon="30.33040493658271">
				<ele>1.2215417614206672</ele>
				<time>2025-06-30T15:00:20Z</time>
			</trkpt>
			<trkpt lat="59.939882676430756" lon="30.33045628124721">
				<ele>-0.1657390920445323</ele>
				<time>2025-06-30T15:00:22Z</time>
			</trkpt>
			<trkpt lat="59.93987085829896" lon="30.33049688939295">
				<ele>1.0324605656787753</ele>
				<time>2025-06-30T15:00:23Z</time>
			</trkpt>
			<trkpt lat="59.939871248866964" lon="30.330541332710176">
				<ele>2.6403805995360017</ele>
				<time>2025-06-30T15:00:25Z</time>
			</trkpt>
			<trkpt lat="59.93986609642092" lon="30.330583292399556">
				<ele>-3.397487286478281</ele>
				<time>2025-06-30T15:00:29Z</time>
			</trkpt>
			<trkpt lat="59.93986606709205" lon="30.330636516536753">
				<ele>-1.2633738359436393</ele>
				<time>2025-06-30T15:00:31Z</time>
			</trkpt>
			<trkpt lat="59.93987422841472" lon="30.330668803228573">
				<ele>2.570334709249437</ele>
				<time>2025-06-30T15:00:32Z</time>
			</trkpt>
			<trkpt lat="59.939870839624355" lon="30.33070671185883">
				<ele>-0.7109543085098267</ele>
				<time>2025-06-30T15:00:35Z</time>
			</trkpt>
			<trkpt lat="59.93988248100988" lon="30.330738491801686">
				<ele>0.29946837294846773</ele>
				<time>2025-06-30T15:00:37Z</time>
			</trkpt>
			<trkpt lat="59.93988385369368" lon="30.330776700323085">
				<ele>-0.3258890425786376</ele>
				<time>2025-06-30T15:00:39Z</time>
			</trkpt>
			<trkpt lat="59.93989856160721" lon="30.330832688103097">
				<ele>1.2856819219887257</ele>
				<time>2025-06-30T15:00:42Z</time>
			</trkpt>
			<trkpt lat="59.93991711707412" lon="30.330866073945604">
				<ele>5.417723160237074</ele>
				<time>2025-06-30T15:00:44Z</time>
			</trkpt>
			<trkpt lat="59.93992706011719" lon="30.330905339724072">
				<ele>1.337983651086688</ele>
				<time>2025-06-30T15:00:47Z</time>
			</trkpt>
			<trkpt lat="59.93994519717587" lon="30.330938750990203">
				<ele>5.283878803253174</ele>
				<time>2025-06-30T15:00:49Z</time>
			</trkpt>
			<trkpt lat="59.939958156439474" lon="30.330976929705713">
				<ele>2.2407319033518434</ele>
				<time>2025-06-30T15:00:51Z</time>
			</trkpt>
			<trkpt lat="59.93996969247295" lon="30.331018129909978">
				<ele>0.49593822471797466</ele>
				<time>2025-06-30T15:00:53Z</time>
			</trkpt>
			<trkpt lat="59.93998623682509" lon="30.331050733856">
				<ele>3.61241040751338</ele>
				<time>2025-06-30T15:00:55Z</time>
			</trkpt>
			<trkpt lat="59.94000391522773" lon="30.33107936594251">
				<ele>-2.7476622462272644</ele>
				<time>2025-06-30T15:00:57Z</time>
			</trkpt>
			<trkpt lat="59.94001290176829" lon="30.331114685459994">
				<ele>-3.9736085953190923</ele>
				<time>2025-06-30T15:00:59Z</time>
			</trkpt>
			<trkpt lat="59.940019800451985" lon="30.331165296204812">
				<ele>-0.7161731654778123</ele>
				<time>2025-06-30T15:01:01Z</time>
			</trkpt>
			<trkpt lat="59.940022501784405" lon="30.33120737363979">
				<ele>-2.0395452976226807</ele>
				<time>2025-06-30T15:01:04Z</time>
			</trkpt>
			<trkpt lat="59.94003215392607" lon="30.331247997120308">
				<ele>-2.7882970459759235</ele>
				<time>2025-06-30T15:01:07Z</time>
			</trkpt>
			<trkpt lat="59.94004249618514" lon="30.331297551821386">
				<ele>-2.5557525558397174</ele>
				<time>2025-06-30T15:01:10Z</time>
			</trkpt>
			<trkpt lat="59.94005759072047" lon="30.33132859858544">
				<ele>-1.364162826910615</ele>
				<time>2025-06-30T15:01:12Z</time>
			</trkpt>
			<trkpt lat="59.940078676785994" lon="30.331318151894695">
				<ele>-2.590150633826852</ele>
				<time>2025-06-30T15:01:13Z</time>
			</trkpt>
			<trkpt lat="59.940071358474654" lon="30.33136656654558">
				<ele>-3.322954180650413</ele>
				<time>2025-06-30T15:01:14Z</time>
			</trkpt>
			<trkpt lat="59.94009985771188" lon="30.331374274855524">
				<ele>-2.0736647648736835</ele>
				<time>2025-06-30T15:01:16Z</time>
			</trkpt>
			<trkpt lat="59.9401221717236" lon="30.331387131128878">
				<ele>-1.0089778751134872</ele>
				<time>2025-06-30T15:01:18Z</time>
			</trkpt>
			<trkpt lat="59.940140915603735" lon="30.33141284309961">
				<ele>-5.70534052234143</ele>
				<time>2025-06-30T15:01:20Z</time>
			</trkpt>
			<trkpt lat="59.940147657254556" lon="30.331448697753924">
				<ele>-5.3244319735094905</ele>
				<time>2025-06-30T15:01:23Z</time>
			</trkpt>
			<trkpt lat="59.940159481438634" lon="30.331475917130373">
				<ele>-11.291445287875831</ele>
				<time>2025-06-30T15:01:25Z</time>
			</trkpt>
			<trkpt lat="59.94015783915576" lon="30.33151255771873">
				<ele>-11.283275857567787</ele>
				<time>2025-06-30T15:01:27Z</time>
			</trkpt>
			<trkpt lat="59.940179459289205" lon="30.331552394696214">
				<ele>-6.596505439840257</ele>
				<time>2025-06-30T15:01:30Z</time>
			</trkpt>
			<trkpt lat="59.94019967919197" lon="30.33155497369944">
				<ele>-9.937955066561699</ele>
				<time>2025-06-30T15:01:31Z</time>
			</trkpt>
			<trkpt lat="59.940220472429914" lon="30.331595843415705">
				<ele>-7.516862374730408</ele>
				<time>2025-06-30T15:01:33Z</time>
			</trkpt>
			<trkpt lat="59.94021622361541" lon="30.331662475871465">
				<ele>-7.636230854317546</ele>
				<time>2025-06-30T15:01:35Z</time>
			</trkpt>
			<trkpt lat="59.94020898217027" lon="30.33170044963442">
				<ele>-8.811292330734432</ele>
				<time>2025-06-30T15:01:36Z</time>
			</trkpt>
			<trkpt lat="59.940203700469574" lon="30.331742488363258">
				<ele>-3.9898201962932944</ele>
				<time>2025-06-30T15:01:39Z</time>
			</trkpt>
			<trkpt lat="59.94020462154073" lon="30.331783616201953">
				<ele>-6.922422615811229</ele>
				<time>2025-06-30T15:01:41Z</time>
			</trkpt>
			<trkpt lat="59.94018247982517" lon="30.331779460914422">
				<ele>-8.965042889118195</ele>
				<time>2025-06-30T15:01:43Z</time>
			</trkpt>
			<trkpt lat="59.94019774620612" lon="30.331748484979812">
				<ele>-7.798754885792732</ele>
				<time>2025-06-30T15:01:44Z</time>
			</trkpt>
			<trkpt lat="59.940178579666856" lon="30.331783486495677">
				<ele>-0.9972582049667835</ele>
				<time>2025-06-30T15:01:46Z</time>
			</trkpt>
			<trkpt lat="59.940199697161695" lon="30.33186062396816">
				<ele>5.687575153075159</ele>
				<time>2025-06-30T15:01:48Z</time>
			</trkpt>
			<trkpt lat="59.94018882002073" lon="30.331892724743398">
				<ele>4.061316277831793</ele>
				<time>2025-06-30T15:01:50Z</time>
			</trkpt>
			<trkpt lat="59.94021366409492" lon="30.331905151932112">
				<ele>3.7635410567745566</ele>
				<time>2025-06-30T15:01:53Z</time>
			</trkpt>
			<trkpt lat="59.94023573217305" lon="30.331892562074827">
				<ele>5.072675670497119</ele>
				<time>2025-06-30T15:01:55Z</time>
			</trkpt>
			<trkpt lat="59.94024749589407" lon="30.331853253193916">
				<ele>3.046217054128647</ele>
				<time>2025-06-30T15:01:57Z</time>
			</trkpt>
			<trkpt lat="59.94025904271539" lon="30.33182268860444">
				<ele>2.5642902348190546</ele>
				<time>2025-06-30T15:02:00Z</time>
			</trkpt>
			<trkpt lat="59.94028261495715" lon="30.3317944880587">
				<ele>1.8503249799832702</ele>
				<time>2025-06-30T15:02:02Z</time>
			</trkpt>
			<trkpt lat="59.94031058934162" lon="30.331787159795788">
				<ele>3.850946629419923</ele>
				<time>2025-06-30T15:02:04Z</time>
			</trkpt>
			<trkpt lat="59.94032989233832" lon="30.331757666823126">
				<ele>3.025527206249535</ele>
				<time>2025-06-30T15:02:06Z</time>
			</trkpt>
			<trkpt lat="59.94036155619949" lon="30.331737112796045">
				<ele>5.359689713455737</ele>
				<time>2025-06-30T15:02:08Z</time>
			</trkpt>
			<trkpt lat="59.94038059214908" lon="30.331717554781047">
				<ele>3.6410448402166367</ele>
				<time>2025-06-30T15:02:12Z</time>
			</trkpt>
			<trkpt lat="59.94040473936268" lon="30.331689443601167">
				<ele>3.893104731105268</ele>
				<time>2025-06-30T15:02:15Z</time>
			</trkpt>
			<trkpt lat="59.940429679151286" lon="30.33164996441351">
				<ele>4.038160721771419</ele>
				<time>2025-06-30T15:02:19Z</time>
			</trkpt>
			<trkpt lat="59.94045404231843" lon="30.33163642154436">
				<ele>3.301797179505229</ele>
				<time>2025-06-30T15:02:21Z</time>
			</trkpt>
			<trkpt lat="59.940473418820005" lon="30.3316227126023">
				<ele>3.7177216792479157</ele>
				<time>2025-06-30T15:02:25Z</time>
			</trkpt>
			<trkpt lat="59.94049782734654" lon="30.33162588885459">
				<ele>2.930751459673047</ele>
				<time>2025-06-30T15:02:27Z</time>
			</trkpt>
			<trkpt lat="59.94051953362572" lon="30.331619546656544">
				<ele>2.770056653767824</ele>
				<time>2025-06-30T15:02:29Z</time>
			</trkpt>
			<trkpt lat="59.9405436524177" lon="30.331607912277434">
				<ele>5.652678636834025</ele>
				<time>2025-06-30T15:02:31Z</time>
			</trkpt>
			<trkpt lat="59.9405613974932" lon="30.331578746005494">
				<ele>6.568094882182777</ele>
				<time>2025-06-30T15:02:32Z</time>
			</trkpt>
			<trkpt lat="59.94058850511147" lon="30.33156484694447">
				<ele>6.959776924923062</ele>
				<time>2025-06-30T15:02:34Z</time>
			</trkpt>
			<trkpt lat="59.94061249718462" lon="30.331552723146135">
				<ele>6.922927306033671</ele>
				<time>2025-06-30T15:02:37Z</time>
			</trkpt>
			<trkpt lat="59.94063178280378" lon="30.331552032076946">
				<ele>2.8772268751636147</ele>
				<time>2025-06-30T15:02:39Z</time>
			</trkpt>
			<trkpt lat="59.9406615481005" lon="30.33153537972548">
				<ele>5.291429940611124</ele>
				<time>2025-06-30T15:02:41Z</time>
			</trkpt>
			<trkpt lat="59.94068028772064" lon="30.33152529149147">
				<ele>8.064551903866231</ele>
				<time>2025-06-30T15:02:42Z</time>
			</trkpt>
			<trkpt lat="59.9406977023522" lon="30.331543092218883">
				<ele>0.6038040984421968</ele>
				<time>2025-06-30T15:02:46Z</time>
			</trkpt>
			<trkpt lat="59.94071612056846" lon="30.331544169700113">
				<ele>3.3116521295160055</ele>
				<time>2025-06-30T15:02:48Z</time>
			</trkpt>
			<trkpt lat="59.940736568980846" lon="30.33155649885364">
				<ele>-2.283613339997828</ele>
				<time>2025-06-30T15:02:52Z</time>
			</trkpt>
			<trkpt lat="59.94075582303394" lon="30.33156625388347">
				<ele>-1.2778478022664785</ele>
				<time>2025-06-30T15:02:56Z</time>
			</trkpt>
			<trkpt lat="59.94077338540193" lon="30.331579201505217">
				<ele>0.1695505129173398</ele>
				<time>2025-06-30T15:02:58Z</time>
			</trkpt>
			<trkpt lat="59.94080370686708" lon="30.331597474297986">
				<ele>3.4665945591405034</ele>
				<time>2025-06-30T15:03:00Z</time>
			</trkpt>
			<trkpt lat="59.94082699983399" lon="30.331635714624372">
				<ele>2.053570654243231</ele>
				<time>2025-06-30T15:03:02Z</time>
			</trkpt>
			<trkpt lat="59.9408464754192" lon="30.331643804505852">
				<ele>5.359952673316002</ele>
				<time>2025-06-30T15:03:03Z</time>
			</trkpt>
			<trkpt lat="59.94087466158192" lon="30.331647573212543">
				<ele>4.516013496555388</ele>
				<time>2025-06-30T15:03:06Z</time>
			</trkpt>
			<trkpt lat="59.94090147381869" lon="30.331632044370608">
				<ele>3.511591468937695</ele>
				<time>2025-06-30T15:03:09Z</time>
			</trkpt>
			<trkpt lat="59.94092237522695" lon="30.331610404241808">
				<ele>2.070239686407149</ele>
				<time>2025-06-30T15:03:11Z</time>
			</trkpt>
			<trkpt lat="59.940936652065204" lon="30.331585798354602">
				<ele>1.226102146320045</ele>
				<time>2025-06-30T15:03:13Z</time>
			</trkpt>
			<trkpt lat="59.94096428885749" lon="30.33155647270852">
				<ele>2.484185991808772</ele>
				<time>2025-06-30T15:03:15Z</time>
			</trkpt>
			<trkpt lat="59.94099384636355" lon="30.331562862583805">
				<ele>4.372688016854227</ele>
				<time>2025-06-30T15:03:17Z</time>
			</trkpt>
			<trkpt lat="59.94101288080161" lon="30.33154548219168">
				<ele>0.538748249411583</ele>
				<time>2025-06-30T15:03:20Z</time>
			</trkpt>
			<trkpt lat="59.94103566982388" lon="30.33153738164703">
				<ele>0.34370248578488827</ele>
				<time>2025-06-30T15:03:23Z</time>
			</trkpt>
			<trkpt lat="59.941065509212386" lon="30.331524354494555">
				<ele>3.4997303131967783</ele>
				<time>2025-06-30T15:03:25Z</time>
			</trkpt>
			<trkpt lat="59.94108381883068" lon="30.331512732093245">
				<ele>3.6945433570072055</ele>
				<time>2025-06-30T15:03:27Z</time>
			</trkpt>
			<trkpt lat="59.94110144832016" lon="30.3314874329976">
				<ele>2.205416640266776</ele>
				<time>2025-06-30T15:03:30Z</time>
			</trkpt>
			<trkpt lat="59.941096284182876" lon="30.331524863190534">
				<ele>3.66414416115731</ele>
				<time>2025-06-30T15:03:35Z</time>
			</trkpt>
			<trkpt lat="59.94108015889015" lon="30.331574926478503">
				<ele>5.482621723785996</ele>
				<time>2025-06-30T15:03:36Z</time>
			</trkpt>
			<trkpt lat="59.9410678737845" lon="30.331618858376025">
				<ele>1.4280211962759495</ele>
				<time>2025-06-30T15:03:38Z</time>
			</trkpt>
			<trkpt lat="59.94106360142764" lon="30.33165684161306">
				<ele>0.43799864128232</ele>
				<time>2025-06-30T15:03:39Z</time>
			</trkpt>
			<trkpt lat="59.94106047740497" lon="30.331714343401746">
				<ele>2.584706633351743</ele>
				<time>2025-06-30T15:03:41Z</time>
			</trkpt>
			<trkpt lat="59.94105610434821" lon="30.331761327111302">
				<ele>1.889643487520516</ele>
				<time>2025-06-30T15:03:44Z</time>
			</trkpt>
			<trkpt lat="59.94106510519835" lon="30.331802400277727">
				<ele>4.761986586265266</ele>
				<time>2025-06-30T15:03:46Z</time>
			</trkpt>
			<trkpt lat="59.94106783204092" lon="30.33184098217256">
				<ele>5.76023356616497</ele>
				<time>2025-06-30T15:03:49Z</time>
			</trkpt>
			<trkpt lat="59.94108278642739" lon="30.331863402814964">
				<ele>7.682948127388954</ele>
				<time>2025-06-30T15:03:50Z</time>
			</trkpt>
			<trkpt lat="59.941076469039764" lon="30.33189736106056">
				<ele>7.572745881974697</ele>
				<time>2025-06-30T15:03:52Z</time>
			</trkpt>
			<trkpt lat="59.9410423798855" lon="30.331936658396604">
				<ele>4.571836617775261</ele>
				<time>2025-06-30T15:03:54Z</time>
			</trkpt>
			<trkpt lat="59.941035908957524" lon="30.331972100247178">
				<ele>5.854816848412156</ele>
				<time>2025-06-30T15:03:57Z</time>
			</trkpt>
			<trkpt lat="59.94102980686056" lon="30.332013092200746">
				<ele>2.404284544289112</ele>
				<time>2025-06-30T15:03:59Z</time>
			</trkpt>
			<trkpt lat="59.94102099114577" lon="30.33207006769412">
				<ele>0.4897313378751278</ele>
				<time>2025-06-30T15:04:01Z</time>
			</trkpt>
			<trkpt lat="59.94102180022159" lon="30.33213288866485">
				<ele>2.651796423830092</ele>
				<time>2025-06-30T15:04:03Z</time>
			</trkpt>
			<trkpt lat="59.941016391045814" lon="30.332178359884484">
				<ele>-1.0042211627587676</ele>
				<time>2025-06-30T15:04:06Z</time>
			</trkpt>
			<trkpt lat="59.94102578113972" lon="30.3322201809906">
				<ele>4.7881500301882625</ele>
				<time>2025-06-30T15:04:09Z</time>
			</trkpt>
			<trkpt lat="59.94102241710189" lon="30.332259597235772">
				<ele>4.820751660503447</ele>
				<time>2025-06-30T15:04:11Z</time>
			</trkpt>
			<trkpt lat="59.94101763575683" lon="30.3323043118547">
				<ele>4.774608253501356</ele>
				<time>2025-06-30T15:04:13Z</time>
			</trkpt>
			<trkpt lat="59.94101524219586" lon="30.332359161180225">
				<ele>2.3882153695449233</ele>
				<time>2025-06-30T15:04:16Z</time>
			</trkpt>
			<trkpt lat="59.94101356413119" lon="30.332410635552822">
				<ele>4.458166337572038</ele>
				<time>2025-06-30T15:04:18Z</time>
			</trkpt>
			<trkpt lat="59.94099540811252" lon="30.332430341595327">
				<ele>4.286154766567051</ele>
				<time>2025-06-30T15:04:19Z</time>
			</trkpt>
			<trkpt lat="59.94099207596008" lon="30.33246683823497">
				<ele>3.6975729893893003</ele>
				<time>2025-06-30T15:04:21Z</time>
			</trkpt>
			<trkpt lat="59.940991452178785" lon="30.332505480136234">
				<ele>5.112674214877188</ele>
				<time>2025-06-30T15:04:23Z</time>
			</trkpt>
			<trkpt lat="59.9409962628427" lon="30.332552558018826">
				<ele>6.5915328143164515</ele>
				<time>2025-06-30T15:04:25Z</time>
			</trkpt>
			<trkpt lat="59.941001093866156" lon="30.33259946622788">
				<ele>5.418459307402372</ele>
				<time>2025-06-30T15:04:27Z</time>
			</trkpt>
			<trkpt lat="59.94098811847837" lon="30.33264201045828">
				<ele>2.317108666524291</ele>
				<time>2025-06-30T15:04:30Z</time>
			</trkpt>
			<trkpt lat="59.9409834075109" lon="30.33268946077552">
				<ele>2.8754656463861465</ele>
				<time>2025-06-30T15:04:33Z</time>
			</trkpt>
			<trkpt lat="59.94097507884608" lon="30.332741543721582">
				<ele>3.633073170669377</ele>
				<time>2025-06-30T15:04:36Z</time>
			</trkpt>
			<trkpt lat="59.94097932345007" lon="30.332798935995303">
				<ele>7.996286615729332</ele>
				<time>2025-06-30T15:04:38Z</time>
			</trkpt>
			<trkpt lat="59.940986366639834" lon="30.33284518407154">
				<ele>10.491073139943182</ele>
				<time>2025-06-30T15:04:40Z</time>
			</trkpt>
			<trkpt lat="59.94100097613415" lon="30.332872745020943">
				<ele>10.149833779782057</ele>
				<time>2025-06-30T15:04:42Z</time>
			</trkpt>
			<trkpt lat="59.94099337664348" lon="30.332922203504044">
				<ele>9.3436029125005</ele>
				<time>2025-06-30T15:04:44Z</time>
			</trkpt>
			<trkpt lat="59.94098258795466" lon="30.332964517282765">
				<ele>9.318975984118879</ele>
				<time>2025-06-30T15:04:46Z</time>
			</trkpt>
			<trkpt lat="59.940972596714474" lon="30.332997673331718">
				<ele>8.609897553920746</ele>
				<time>2025-06-30T15:04:48Z</time>
			</trkpt>
			<trkpt lat="59.940968458955155" lon="30.3330417945498">
				<ele>7.809104950167239</ele>
				<time>2025-06-30T15:04:50Z</time>
			</trkpt>
			<trkpt lat="59.94096420005833" lon="30.33310057199978">
				<ele>9.547243832610548</ele>
				<time>2025-06-30T15:04:54Z</time>
			</trkpt>
			<trkpt lat="59.94094358589312" lon="30.33313099688648">
				<ele>4.842548397369683</ele>
				<time>2025-06-30T15:04:56Z</time>
			</trkpt>
			<trkpt lat="59.94093886843947" lon="30.33316869859662">
				<ele>3.566622064448893</ele>
				<time>2025-06-30T15:04:58Z</time>
			</trkpt>
			<trkpt lat="59.94093087601141" lon="30.33320149622027">
				<ele>2.630834836512804</ele>
				<time>2025-06-30T15:05:00Z</time>
			</trkpt>
			<trkpt lat="59.94091017888726" lon="30.33321822544136">
				<ele>-2.3017477141693234</ele>
				<time>2025-06-30T15:05:01Z</time>
			</trkpt>
			<trkpt lat="59.94090328390145" lon="30.33326728092425">
				<ele>-0.6067280750721693</ele>
				<time>2025-06-30T15:05:03Z</time>
			</trkpt>
			<trkpt lat="59.94090668963463" lon="30.333316474179664">
				<ele>1.1727706538513303</ele>
				<time>2025-06-30T15:05:06Z</time>
			</trkpt>
			<trkpt lat="59.940891209579675" lon="30.33334769275162">
				<ele>-2.042138060554862</ele>
				<time>2025-06-30T15:05:08Z</time>
			</trkpt>
			<trkpt lat="59.94089588024496" lon="30.33341154261212">
				<ele>0.3850092915818095</ele>
				<time>2025-06-30T15:05:11Z</time>
			</trkpt>
			<trkpt lat="59.94088815392349" lon="30.333463154866237">
				<ele>-0.6609071409329772</ele>
				<time>2025-06-30T15:05:13Z</time>
			</trkpt>
			<trkpt lat="59.94088834321984" lon="30.333512074208183">
				<ele>1.5225075772032142</ele>
				<time>2025-06-30T15:05:16Z</time>
			</trkpt>
			<trkpt lat="59.94089123858392" lon="30.33355051882956">
				<ele>4.273420388810337</ele>
				<time>2025-06-30T15:05:18Z</time>
			</trkpt>
			<trkpt lat="59.94089340902855" lon="30.333596344161013">
				<ele>3.512850663624704</ele>
				<time>2025-06-30T15:05:20Z</time>
			</trkpt>
			<trkpt lat="59.94089815803161" lon="30.333637291310453">
				<ele>5.292348264716566</ele>
				<time>2025-06-30T15:05:22Z</time>
			</trkpt>
			<trkpt lat="59.94090886098222" lon="30.333667992983838">
				<ele>6.586365977302194</ele>
				<time>2025-06-30T15:05:24Z</time>
			</trkpt>
			<trkpt lat="59.94093077914143" lon="30.333706430871306">
				<ele>5.78983027394861</ele>
				<time>2025-06-30T15:05:27Z</time>
			</trkpt>
			<trkpt lat="59.9409419668947" lon="30.33375419225582">
				<ele>6.231977752409875</ele>
				<time>2025-06-30T15:05:29Z</time>
			</trkpt>
			<trkpt lat="59.940948856733705" lon="30.333797224309603">
				<ele>8.926861853338778</ele>
				<time>2025-06-30T15:05:31Z</time>
			</trkpt>
			<trkpt lat="59.94095327149388" lon="30.33384221516117">
				<ele>7.604812702164054</ele>
				<time>2025-06-30T15:05:33Z</time>
			</trkpt>
			<trkpt lat="59.94095520561833" lon="30.33390258212097">
				<ele>7.747853998094797</ele>
				<time>2025-06-30T15:05:36Z</time>
			</trkpt>
			<trkpt lat="59.94095176939725" lon="30.333938318221985">
				<ele>6.318954785354435</ele>
				<time>2025-06-30T15:05:38Z</time>
			</trkpt>
			<trkpt lat="59.94093890967581" lon="30.333984349128098">
				<ele>3.2555097062140703</ele>
				<time>2025-06-30T15:05:41Z</time>
			</trkpt>
			<trkpt lat="59.94092748856568" lon="30.334025105336686">
				<ele>6.330842529423535</ele>
				<time>2025-06-30T15:05:43Z</time>
			</trkpt>
			<trkpt lat="59.94092208323825" lon="30.334077041885365">
				<ele>4.628004287369549</ele>
				<time>2025-06-30T15:05:46Z</time>
			</trkpt>
			<trkpt lat="59.94091138356245" lon="30.33412836510921">
				<ele>5.828632183372974</ele>
				<time>2025-06-30T15:05:48Z</time>
			</trkpt>
			<trkpt lat="59.94089982614841" lon="30.33417836567099">
				<ele>7.021018153056502</ele>
				<time>2025-06-30T15:05:51Z</time>
			</trkpt>
			<trkpt lat="59.94086713786082" lon="30.334198216459118">
				<ele>1.922559172846377</ele>
				<time>2025-06-30T15:05:53Z</time>
			</trkpt>
			<trkpt lat="59.940847605752175" lon="30.33422350694662">
				<ele>1.3810746688395739</ele>
				<time>2025-06-30T15:05:55Z</time>
			</trkpt>
			<trkpt lat="59.94083527230922" lon="30.33426324987413">
				<ele>6.1298622246831656</ele>
				<time>2025-06-30T15:05:58Z</time>
			</trkpt>
			<trkpt lat="59.940821674474485" lon="30.33431324167925">
				<ele>4.677283443510532</ele>
				<time>2025-06-30T15:06:01Z</time>
			</trkpt>
			<trkpt lat="59.94082092342896" lon="30.334361954674524">
				<ele>6.1361919939517975</ele>
				<time>2025-06-30T15:06:03Z</time>
			</trkpt>
			<trkpt lat="59.940806914694925" lon="30.334396941856454">
				<ele>1.7999577336013317</ele>
				<time>2025-06-30T15:06:05Z</time>
			</trkpt>
			<trkpt lat="59.940810794837454" lon="30.334438275659306">
				<ele>3.17355846054852</ele>
				<time>2025-06-30T15:06:07Z</time>
			</trkpt>
			<trkpt lat="59.940812877055755" lon="30.334476150828486">
				<ele>4.363587777130306</ele>
				<time>2025-06-30T15:06:09Z</time>
			</trkpt>
			<trkpt lat="59.94080093253406" lon="30.334513874920518">
				<ele>0.8585876878350973</ele>
				<time>2025-06-30T15:06:11Z</time>
			</trkpt>
			<trkpt lat="59.940785310462786" lon="30.334548673904575">
				<ele>1.4997792905196548</ele>
				<time>2025-06-30T15:06:13Z</time>
			</trkpt>
			<trkpt lat="59.94078593808058" lon="30.3346077754368">
				<ele>2.002731464803219</ele>
				<time>2025-06-30T15:06:15Z</time>
			</trkpt>
			<trkpt lat="59.94078628783826" lon="30.334659108839087">
				<ele>5.922587760724127</ele>
				<time>2025-06-30T15:06:17Z</time>
			</trkpt>
			<trkpt lat="59.94078087923296" lon="30.33469988693988">
				<ele>2.701326441951096</ele>
				<time>2025-06-30T15:06:19Z</time>
			</trkpt>
			<trkpt lat="59.9407629298634" lon="30.334713521394463">
				<ele>1.4641959182918072</ele>
				<time>2025-06-30T15:06:21Z</time>
			</trkpt>
			<trkpt lat="59.94076969234909" lon="30.334755140551263">
				<ele>2.5610836390405893</ele>
				<time>2025-06-30T15:06:23Z</time>
			</trkpt>
			<trkpt lat="59.94076564402501" lon="30.33480643732607">
				<ele>4.100694339722395</ele>
				<time>2025-06-30T15:06:25Z</time>
			</trkpt>
			<trkpt lat="59.94076255310619" lon="30.334854676672776">
				<ele>4.567806421779096</ele>
				<time>2025-06-30T15:06:27Z</time>
			</trkpt>
			<trkpt lat="59.94075632770952" lon="30.334913839406582">
				<ele>4.375599733553827</ele>
				<time>2025-06-30T15:06:29Z</time>
			</trkpt>
			<trkpt lat="59.940751217491524" lon="30.33496434056199">
				<ele>6.494102709926665</ele>
				<time>2025-06-30T15:06:31Z</time>
			</trkpt>
			<trkpt lat="59.94075519361061" lon="30.335003802314322">
				<ele>6.610282194800675</ele>
				<time>2025-06-30T15:06:33Z</time>
			</trkpt>
			<trkpt lat="59.94075002460653" lon="30.33505170658531">
				<ele>5.320971122011542</ele>
				<time>2025-06-30T15:06:35Z</time>
			</trkpt>
			<trkpt lat="59.940759897861895" lon="30.335111910761746">
				<ele>9.663598190061748</ele>
				<time>2025-06-30T15:06:37Z</time>
			</trkpt>
			<trkpt lat="59.940745075438336" lon="30.335137297328185">
				<ele>6.161139410920441</ele>
				<time>2025-06-30T15:06:39Z</time>
			</trkpt>
			<trkpt lat="59.940750030257256" lon="30.335174356406032">
				<ele>4.955616515129805</ele>
				<time>2025-06-30T15:06:41Z</time>
			</trkpt>
			<trkpt lat="59.94073289985461" lon="30.335215936808545">
				<ele>3.2049347730353475</ele>
				<time>2025-06-30T15:06:44Z</time>
			</trkpt>
			<trkpt lat="59.94072894015561" lon="30.33525331675084">
				<ele>1.8314297031611204</ele>
				<time>2025-06-30T15:06:46Z</time>
			</trkpt>
			<trkpt lat="59.940725964243995" lon="30.33528862833679">
				<ele>2.374295420013368</ele>
				<time>2025-06-30T15:06:48Z</time>
			</trkpt>
			<trkpt lat="59.94070698712653" lon="30.33533144629404">
				<ele>1.5495474562048912</ele>
				<time>2025-06-30T15:06:50Z</time>
			</trkpt>
			<trkpt lat="59.9406845086422" lon="30.33535954005675">
				<ele>3.661757029592991</ele>
				<time>2025-06-30T15:06:52Z</time>
			</trkpt>
			<trkpt lat="59.94066270754418" lon="30.33537259538526">
				<ele>3.164193918928504</ele>
				<time>2025-06-30T15:06:54Z</time>
			</trkpt>
			<trkpt lat="59.940633086991255" lon="30.33540364352218">
				<ele>1.8698680270463228</ele>
				<time>2025-06-30T15:06:57Z</time>
			</trkpt>
			<trkpt lat="59.94060981919895" lon="30.33540522939878">
				<ele>4.514148984104395</ele>
				<time>2025-06-30T15:06:59Z</time>
			</trkpt>
			<trkpt lat="59.94058517449128" lon="30.33539445597112">
				<ele>4.421062212437391</ele>
				<time>2025-06-30T15:07:01Z</time>
			</trkpt>
			<trkpt lat="59.94055812384508" lon="30.335385964484313">
				<ele>4.076902433298528</ele>
				<time>2025-06-30T15:07:03Z</time>
			</trkpt>
			<trkpt lat="59.940529279722384" lon="30.33539047623141">
				<ele>3.416709216311574</ele>
				<time>2025-06-30T15:07:05Z</time>
			</trkpt>
			<trkpt lat="59.940507805925805" lon="30.335399432126966">
				<ele>0.27326877787709236</ele>
				<time>2025-06-30T15:07:07Z</time>
			</trkpt>
			<trkpt lat="59.94049114054219" lon="30.335414097138056">
				<ele>1.3918289840221405</ele>
				<time>2025-06-30T15:07:09Z</time>
			</trkpt>
			<trkpt lat="59.9404671936273" lon="30.335411014431983">
				<ele>4.8554759956896305</ele>
				<time>2025-06-30T15:07:12Z</time>
			</trkpt>
			<trkpt lat="59.940441398580916" lon="30.33542461739869">
				<ele>5.478894415311515</ele>
				<time>2025-06-30T15:07:15Z</time>
			</trkpt>
			<trkpt lat="59.940419181571215" lon="30.335427684373563">
				<ele>7.63577226549387</ele>
				<time>2025-06-30T15:07:17Z</time>
			</trkpt>
			<trkpt lat="59.94039203603832" lon="30.335425902308334">
				<ele>1.8218496711924672</ele>
				<time>2025-06-30T15:07:19Z</time>
			</trkpt>
			<trkpt lat="59.94036893422216" lon="30.33545325699457">
				<ele>0.1670760214328766</ele>
				<time>2025-06-30T15:07:21Z</time>
			</trkpt>
			<trkpt lat="59.94034320016347" lon="30.33542558301551">
				<ele>0.8627455588430166</ele>
				<time>2025-06-30T15:07:23Z</time>
			</trkpt>
			<trkpt lat="59.940324013726304" lon="30.335428075152077">
				<ele>0.625567820854485</ele>
				<time>2025-06-30T15:07:25Z</time>
			</trkpt>
			<trkpt lat="59.940305421859534" lon="30.33541640269823">
				<ele>-1.2507621441036463</ele>
				<time>2025-06-30T15:07:27Z</time>
			</trkpt>
			<trkpt lat="59.94027686597059" lon="30.335410526658816">
				<ele>-1.3675473062321544</ele>
				<time>2025-06-30T15:07:30Z</time>
			</trkpt>
			<trkpt lat="59.94025063081624" lon="30.335418779013857">
				<ele>-5.716276804916561</ele>
				<time>2025-06-30T15:07:32Z</time>
			</trkpt>
			<trkpt lat="59.9402332447156" lon="30.335444888927746">
				<ele>-5.349314013496041</ele>
				<time>2025-06-30T15:07:37Z</time>
			</trkpt>
			<trkpt lat="59.94024300257179" lon="30.335547797178872">
				<ele>-0.6311019817367196</ele>
				<time>2025-06-30T15:07:39Z</time>
			</trkpt>
			<trkpt lat="59.94025116863686" lon="30.335585550169913">
				<ele>1.1630282364785671</ele>
				<time>2025-06-30T15:07:40Z</time>
			</trkpt>
			<trkpt lat="59.94023878266427" lon="30.335613214996556">
				<ele>-2.075041632167995</ele>
				<time>2025-06-30T15:07:42Z</time>
			</trkpt>
			<trkpt lat="59.94024778048691" lon="30.335659291124763">
				<ele>1.8994952030479908</ele>
				<time>2025-06-30T15:07:44Z</time>
			</trkpt>
			<trkpt lat="59.94026180719138" lon="30.335688711542872">
				<ele>2.550538561306894</ele>
				<time>2025-06-30T15:07:46Z</time>
			</trkpt>
			<trkpt lat="59.94026765023999" lon="30.33574538775283">
				<ele>4.484756934456527</ele>
				<time>2025-06-30T15:07:48Z</time>
			</trkpt>
			<trkpt lat="59.94027898469683" lon="30.33577693599319">
				<ele>5.780729242600501</ele>
				<time>2025-06-30T15:07:50Z</time>
			</trkpt>
			<trkpt lat="59.94028954723354" lon="30.33580683284094">
				<ele>5.691984166391194</ele>
				<time>2025-06-30T15:07:52Z</time>
			</trkpt>
			<trkpt lat="59.940299920320456" lon="30.33583696255389">
				<ele>4.470969683490694</ele>
				<time>2025-06-30T15:07:54Z</time>
			</trkpt>
			<trkpt lat="59.94031853770975" lon="30.335813590167223">
				<ele>0.7883590180426836</ele>
				<time>2025-06-30T15:07:58Z</time>
			</trkpt>
			<trkpt lat="59.940332912830456" lon="30.335788799997122">
				<ele>3.3627466037869453</ele>
				<time>2025-06-30T15:08:00Z</time>
			</trkpt>
			<trkpt lat="59.940355551363645" lon="30.335771479194598">
				<ele>4.019027133472264</ele>
				<time>2025-06-30T15:08:01Z</time>
			</trkpt>
			<trkpt lat="59.94037232619577" lon="30.33574123441777">
				<ele>-0.7398151904344559</ele>
				<time>2025-06-30T15:08:04Z</time>
			</trkpt>
			<trkpt lat="59.940398773320325" lon="30.335717916640593">
				<ele>1.7006270056590438</ele>
				<time>2025-06-30T15:08:07Z</time>
			</trkpt>
			<trkpt lat="59.940416227834206" lon="30.33569121832675">
				<ele>-0.4686021991074085</ele>
				<time>2025-06-30T15:08:09Z</time>
			</trkpt>
			<trkpt lat="59.94043540384087" lon="30.33566965576641">
				<ele>-1.6481506833806634</ele>
				<time>2025-06-30T15:08:11Z</time>
			</trkpt>
			<trkpt lat="59.94045042034862" lon="30.33564964564384">
				<ele>-2.528723942115903</ele>
				<time>2025-06-30T15:08:13Z</time>
			</trkpt>
			<trkpt lat="59.940477810938255" lon="30.335641158425986">
				<ele>1.4129858827218413</ele>
				<time>2025-06-30T15:08:16Z</time>
			</trkpt>
			<trkpt lat="59.94049739393775" lon="30.33562551812074">
				<ele>-1.121439347974956</ele>
				<time>2025-06-30T15:08:18Z</time>
			</trkpt>
			<trkpt lat="59.940520636621855" lon="30.335605899852705">
				<ele>-0.8514327257871628</ele>
				<time>2025-06-30T15:08:20Z</time>
			</trkpt>
			<trkpt lat="59.940545701256056" lon="30.335610615243993">
				<ele>2.9608558043837547</ele>
				<time>2025-06-30T15:08:21Z</time>
			</trkpt>
			<trkpt lat="59.94056810729093" lon="30.33558789249083">
				<ele>2.6663827197626233</ele>
				<time>2025-06-30T15:08:25Z</time>
			</trkpt>
			<trkpt lat="59.94059228998865" lon="30.335575397093944">
				<ele>0.06933333165943623</ele>
				<time>2025-06-30T15:08:27Z</time>
			</trkpt>
			<trkpt lat="59.94061287195083" lon="30.335574241490395">
				<ele>1.2589260414242744</ele>
				<time>2025-06-30T15:08:28Z</time>
			</trkpt>
			<trkpt lat="59.94063104068507" lon="30.33556199201197">
				<ele>3.6476665642112494</ele>
				<time>2025-06-30T15:08:29Z</time>
			</trkpt>
			<trkpt lat="59.94066321930826" lon="30.335559340343377">
				<ele>4.2602370688691735</ele>
				<time>2025-06-30T15:08:32Z</time>
			</trkpt>
			<trkpt lat="59.94069273633295" lon="30.33552641382086">
				<ele>3.1823095194995403</ele>
				<time>2025-06-30T15:08:36Z</time>
			</trkpt>
			<trkpt lat="59.94070781711163" lon="30.335504584878585">
				<ele>2.331768278963864</ele>
				<time>2025-06-30T15:08:38Z</time>
			</trkpt>
			<trkpt lat="59.9407279601032" lon="30.33548666751257">
				<ele>2.146052327938378</ele>
				<time>2025-06-30T15:08:40Z</time>
			</trkpt>
			<trkpt lat="59.94074537599018" lon="30.335465321506792">
				<ele>-1.661138721741736</ele>
				<time>2025-06-30T15:08:43Z</time>
			</trkpt>
			<trkpt lat="59.94076805150606" lon="30.335459783963326">
				<ele>-0.08773293253034353</ele>
				<time>2025-06-30T15:08:45Z</time>
			</trkpt>
			<trkpt lat="59.940792348280496" lon="30.335432149578942">
				<ele>2.195791038684547</ele>
				<time>2025-06-30T15:08:47Z</time>
			</trkpt>
			<trkpt lat="59.94081031587245" lon="30.335420070468544">
				<ele>-0.08212542906403542</ele>
				<time>2025-06-30T15:08:49Z</time>
			</trkpt>
			<trkpt lat="59.94082915607171" lon="30.335398192219238">
				<ele>-1.766028174199164</ele>
				<time>2025-06-30T15:08:52Z</time>
			</trkpt>
			<trkpt lat="59.94084787162571" lon="30.335382589359668">
				<ele>-0.4409831874072552</ele>
				<time>2025-06-30T15:08:54Z</time>
			</trkpt>
			<trkpt lat="59.940874037168896" lon="30.335360332367525">
				<ele>3.0034126890823245</ele>
				<time>2025-06-30T15:08:55Z</time>
			</trkpt>
			<trkpt lat="59.940892910084266" lon="30.3353501092457">
				<ele>3.989713352173567</ele>
				<time>2025-06-30T15:08:56Z</time>
			</trkpt>
			<trkpt lat="59.94091299354822" lon="30.335348414401018">
				<ele>-0.8790268879383802</ele>
				<time>2025-06-30T15:09:00Z</time>
			</trkpt>
			<trkpt lat="59.940937999303834" lon="30.33534677797419">
				<ele>-0.8057678006589413</ele>
				<time>2025-06-30T15:09:02Z</time>
			</trkpt>
			<trkpt lat="59.94095619325147" lon="30.335339912988324">
				<ele>-0.3889924632385373</ele>
				<time>2025-06-30T15:09:04Z</time>
			</trkpt>
			<trkpt lat="59.94098134095649" lon="30.335303798114015">
				<ele>-3.3474217485636473</ele>
				<time>2025-06-30T15:09:08Z</time>
			</trkpt>
			<trkpt lat="59.941002740955454" lon="30.335278258917743">
				<ele>-2.8747082073241472</ele>
				<time>2025-06-30T15:09:10Z</time>
			</trkpt>
			<trkpt lat="59.94103421895976" lon="30.33526038029064">
				<ele>-0.6272691739723086</ele>
				<time>2025-06-30T15:09:12Z</time>
			</trkpt>
			<trkpt lat="59.9410660229259" lon="30.335249783493598">
				<ele>2.2627742467448115</ele>
				<time>2025-06-30T15:09:14Z</time>
			</trkpt>
			<trkpt lat="59.94108567344523" lon="30.335238577053858">
				<ele>3.389653013087809</ele>
				<time>2025-06-30T15:09:15Z</time>
			</trkpt>
			<trkpt lat="59.94111760319963" lon="30.335215744160084">
				<ele>3.986439822241664</ele>
				<time>2025-06-30T15:09:18Z</time>
			</trkpt>
			<trkpt lat="59.941133567744" lon="30.335198674360328">
				<ele>3.25391211360693</ele>
				<time>2025-06-30T15:09:20Z</time>
			</trkpt>
			<trkpt lat="59.941157282227735" lon="30.335172064363608">
				<ele>4.54556199349463</ele>
				<time>2025-06-30T15:09:22Z</time>
			</trkpt>
			<trkpt lat="59.94116839483959" lon="30.33512276425831">
				<ele>0.11717200931161642</ele>
				<time>2025-06-30T15:09:25Z</time>
			</trkpt>
			<trkpt lat="59.941183050654104" lon="30.335097638169547">
				<ele>1.1653118841350079</ele>
				<time>2025-06-30T15:09:27Z</time>
			</trkpt>
			<trkpt lat="59.94120067941832" lon="30.335084660284302">
				<ele>1.7616304261609912</ele>
				<time>2025-06-30T15:09:28Z</time>
			</trkpt>
			<trkpt lat="59.9412230769938" lon="30.335050120059435">
				<ele>1.809343509376049</ele>
				<time>2025-06-30T15:09:31Z</time>
			</trkpt>
			<trkpt lat="59.941246817370356" lon="30.335042616395274">
				<ele>3.6724326852709055</ele>
				<time>2025-06-30T15:09:33Z</time>
			</trkpt>
			<trkpt lat="59.94127752271958" lon="30.335060300238425">
				<ele>2.1117144422605634</ele>
				<time>2025-06-30T15:10:08Z</time>
			</trkpt>
			<trkpt lat="59.94129342594314" lon="30.335039145884917">
				<ele>-0.11966483108699322</ele>
				<time>2025-06-30T15:10:10Z</time>
			</trkpt>
			<trkpt lat="59.941318425239544" lon="30.33502924216276">
				<ele>0.3024696120992303</ele>
				<time>2025-06-30T15:10:12Z</time>
			</trkpt>
			<trkpt lat="59.941344703692884" lon="30.335037369516648">
				<ele>1.1485479259863496</ele>
				<time>2025-06-30T15:10:14Z</time>
			</trkpt>
			<trkpt lat="59.94136496786646" lon="30.335027154412202">
				<ele>4.149029356427491</ele>
				<time>2025-06-30T15:10:16Z</time>
			</trkpt>
			<trkpt lat="59.94138235096308" lon="30.335038285639158">
				<ele>2.342927273362875</ele>
				<time>2025-06-30T15:10:19Z</time>
			</trkpt>
			<trkpt lat="59.94142142463926" lon="30.335040168879708">
				<ele>5.595890427939594</ele>
				<time>2025-06-30T15:10:20Z</time>
			</trkpt>
			<trkpt lat="59.94144140384557" lon="30.33503035623096">
				<ele>5.412927962839603</ele>
				<time>2025-06-30T15:10:21Z</time>
			</trkpt>
			<trkpt lat="59.94145810730432" lon="30.33499368370202">
				<ele>4.800374952144921</ele>
				<time>2025-06-30T15:10:24Z</time>
			</trkpt>
			<trkpt lat="59.94147507274923" lon="30.334975040658364">
				<ele>4.713406019844115</ele>
				<time>2025-06-30T15:10:27Z</time>
			</trkpt>
			<trkpt lat="59.94150820350729" lon="30.334941779624067">
				<ele>3.863035373389721</ele>
				<time>2025-06-30T15:10:28Z</time>
			</trkpt>
			<trkpt lat="59.941533938630414" lon="30.33490750204836">
				<ele>0.0662539191544056</ele>
				<time>2025-06-30T15:10:32Z</time>
			</trkpt>
			<trkpt lat="59.9415557854221" lon="30.33488747123312">
				<ele>0.1624393491074443</ele>
				<time>2025-06-30T15:10:34Z</time>
			</trkpt>
			<trkpt lat="59.941581747557386" lon="30.334867538221424">
				<ele>2.010781510733068</ele>
				<time>2025-06-30T15:10:36Z</time>
			</trkpt>
			<trkpt lat="59.94160013474508" lon="30.33483345883498">
				<ele>-0.2699575936421752</ele>
				<time>2025-06-30T15:10:38Z</time>
			</trkpt>
			<trkpt lat="59.941618838646185" lon="30.334816478727294">
				<ele>-0.6624174639582634</ele>
				<time>2025-06-30T15:10:40Z</time>
			</trkpt>
			<trkpt lat="59.941637414200564" lon="30.334776305023407">
				<ele>-2.601619631052017</ele>
				<time>2025-06-30T15:10:43Z</time>
			</trkpt>
			<trkpt lat="59.94166084117188" lon="30.334757962719433">
				<ele>-0.8180225342512131</ele>
				<time>2025-06-30T15:10:45Z</time>
			</trkpt>
			<trkpt lat="59.941680021882675" lon="30.33471528495772">
				<ele>-0.738317284733057</ele>
				<time>2025-06-30T15:10:48Z</time>
			</trkpt>
			<trkpt lat="59.94169909730572" lon="30.334683865682422">
				<ele>1.3610347155481577</ele>
				<time>2025-06-30T15:10:50Z</time>
			</trkpt>
			<trkpt lat="59.94171759689599" lon="30.33464184051585">
				<ele>2.89821735676378</ele>
				<time>2025-06-30T15:10:53Z</time>
			</trkpt>
			<trkpt lat="59.941730559447194" lon="30.3346059849932">
				<ele>1.5283202128484845</ele>
				<time>2025-06-30T15:10:56Z</time>
			</trkpt>
			<trkpt lat="59.94174129579329" lon="30.334567892686774">
				<ele>2.059518026188016</ele>
				<time>2025-06-30T15:10:58Z</time>
			</trkpt>
			<trkpt lat="59.941761286221656" lon="30.334525210832425">
				<ele>2.2139374623075128</ele>
				<time>2025-06-30T15:11:01Z</time>
			</trkpt>
			<trkpt lat="59.94176759948716" lon="30.33448769761682">
				<ele>2.8211037991568446</ele>
				<time>2025-06-30T15:11:03Z</time>
			</trkpt>
			<trkpt lat="59.941778650159506" lon="30.334430710144048">
				<ele>1.5205482002347708</ele>
				<time>2025-06-30T15:11:06Z</time>
			</trkpt>
			<trkpt lat="59.94178725970559" lon="30.334385889551395">
				<ele>3.1772304391488433</ele>
				<time>2025-06-30T15:11:08Z</time>
			</trkpt>
			<trkpt lat="59.94179488791401" lon="30.334337404529123">
				<ele>1.6700328392907977</ele>
				<time>2025-06-30T15:11:11Z</time>
			</trkpt>
			<trkpt lat="59.94180990640197" lon="30.334293846928315">
				<ele>2.3546719402074814</ele>
				<time>2025-06-30T15:11:13Z</time>
			</trkpt>
			<trkpt lat="59.94181945640943" lon="30.334248733278127">
				<ele>2.3107299767434597</ele>
				<time>2025-06-30T15:11:15Z</time>
			</trkpt>
			<trkpt lat="59.94182556026206" lon="30.33420582294168">
				<ele>3.349978778511286</ele>
				<time>2025-06-30T15:11:17Z</time>
			</trkpt>
			<trkpt lat="59.94183138402782" lon="30.33414992190672">
				<ele>2.073871915228665</ele>
				<time>2025-06-30T15:11:19Z</time>
			</trkpt>
			<trkpt lat="59.9418470670312" lon="30.334105736243945">
				<ele>-0.5015771705657244</ele>
				<time>2025-06-30T15:11:22Z</time>
			</trkpt>
			<trkpt lat="59.94185486427836" lon="30.33407139521041">
				<ele>0.10096661001443863</ele>
				<time>2025-06-30T15:11:24Z</time>
			</trkpt>
			<trkpt lat="59.94187064469613" lon="30.33402505463743">
				<ele>0.7149586444720626</ele>
				<time>2025-06-30T15:11:26Z</time>
			</trkpt>
			<trkpt lat="59.94187701487945" lon="30.333984961886635">
				<ele>-1.3949346793815494</ele>
				<time>2025-06-30T15:11:28Z</time>
			</trkpt>
			<trkpt lat="59.94188128127218" lon="30.3339470662276">
				<ele>-0.9226864706724882</ele>
				<time>2025-06-30T15:11:30Z</time>
			</trkpt>
			<trkpt lat="59.941893048314704" lon="30.333910622411754">
				<ele>-1.78194366581738</ele>
				<time>2025-06-30T15:11:32Z</time>
			</trkpt>
			<trkpt lat="59.94190966505506" lon="30.333869644732793">
				<ele>-0.9349007783457637</ele>
				<time>2025-06-30T15:11:34Z</time>
			</trkpt>
			<trkpt lat="59.94191996582254" lon="30.333823598437945">
				<ele>1.1049989741295576</ele>
				<time>2025-06-30T15:11:36Z</time>
			</trkpt>
			<trkpt lat="59.94192967990902" lon="30.333788207382074">
				<ele>-0.5237261094152927</ele>
				<time>2025-06-30T15:11:38Z</time>
			</trkpt>
			<trkpt lat="59.94194210127547" lon="30.33374567764404">
				<ele>0.5907783359289169</ele>
				<time>2025-06-30T15:11:40Z</time>
			</trkpt>
			<trkpt lat="59.9419518346984" lon="30.333692031323153">
				<ele>0.8966538961976767</ele>
				<time>2025-06-30T15:11:43Z</time>
			</trkpt>
			<trkpt lat="59.94196686976274" lon="30.333650887537107">
				<ele>1.3843741156160831</ele>
				<time>2025-06-30T15:11:45Z</time>
			</trkpt>
			<trkpt lat="59.941978245867155" lon="30.333607759922206">
				<ele>-0.1667127599939704</ele>
				<time>2025-06-30T15:11:47Z</time>
			</trkpt>
			<trkpt lat="59.941984248252794" lon="30.333561620298898">
				<ele>-1.0412573795765638</ele>
				<time>2025-06-30T15:11:50Z</time>
			</trkpt>
			<trkpt lat="59.94200276947764" lon="30.333517526151162">
				<ele>-0.568760933354497</ele>
				<time>2025-06-30T15:11:52Z</time>
			</trkpt>
			<trkpt lat="59.94201581009213" lon="30.33348635338586">
				<ele>-1.3381283329799771</ele>
				<time>2025-06-30T15:11:54Z</time>
			</trkpt>
			<trkpt lat="59.942023296852554" lon="30.333450663758608">
				<ele>-2.079630497843027</ele>
				<time>2025-06-30T15:11:56Z</time>
			</trkpt>
			<trkpt lat="59.942041925124435" lon="30.333406484211153">
				<ele>-2.177932158112526</ele>
				<time>2025-06-30T15:11:58Z</time>
			</trkpt>
			<trkpt lat="59.942056581657255" lon="30.333385084876408">
				<ele>-0.5594206750392914</ele>
				<time>2025-06-30T15:12:00Z</time>
			</trkpt>
			<trkpt lat="59.942068591134145" lon="30.333326173288356">
				<ele>-2.4918329790234566</ele>
				<time>2025-06-30T15:12:03Z</time>
			</trkpt>
			<trkpt lat="59.942088498435574" lon="30.33328960917076">
				<ele>-0.3114959364756942</ele>
				<time>2025-06-30T15:12:05Z</time>
			</trkpt>
			<trkpt lat="59.942098475641735" lon="30.33324257284337">
				<ele>0.07436823006719351</ele>
				<time>2025-06-30T15:12:08Z</time>
			</trkpt>
			<trkpt lat="59.94211772391099" lon="30.33320129707777">
				<ele>1.1046521421521902</ele>
				<time>2025-06-30T15:12:10Z</time>
			</trkpt>
			<trkpt lat="59.94213481736742" lon="30.333158613561245">
				<ele>1.1932596387341619</ele>
				<time>2025-06-30T15:12:12Z</time>
			</trkpt>
			<trkpt lat="59.94215211767492" lon="30.333121308115803">
				<ele>2.3667322201654315</ele>
				<time>2025-06-30T15:12:14Z</time>
			</trkpt>
			<trkpt lat="59.94216849345402" lon="30.33309660106814">
				<ele>2.123513074591756</ele>
				<time>2025-06-30T15:12:16Z</time>
			</trkpt>
			<trkpt lat="59.94218465521725" lon="30.33307986788956">
				<ele>3.0114572905004025</ele>
				<time>2025-06-30T15:12:17Z</time>
			</trkpt>
			<trkpt lat="59.94219684590028" lon="30.33304338359105">
				<ele>-0.5109980972483754</ele>
				<time>2025-06-30T15:12:20Z</time>
			</trkpt>
			<trkpt lat="59.94220645566724" lon="30.33301126998">
				<ele>-1.740877422504127</ele>
				<time>2025-06-30T15:12:22Z</time>
			</trkpt>
			<trkpt lat="59.94223156994779" lon="30.332989034108508">
				<ele>-1.0783635107800364</ele>
				<time>2025-06-30T15:12:24Z</time>
			</trkpt>
			<trkpt lat="59.94226010612482" lon="30.332968299657423">
				<ele>1.6104083908721805</ele>
				<time>2025-06-30T15:12:26Z</time>
			</trkpt>
			<trkpt lat="59.94228168834898" lon="30.332944686662014">
				<ele>-0.9263875493779778</ele>
				<time>2025-06-30T15:12:29Z</time>
			</trkpt>
			<trkpt lat="59.94229624079455" lon="30.332921852738483">
				<ele>-1.4991382267326117</ele>
				<time>2025-06-30T15:12:31Z</time>
			</trkpt>
			<trkpt lat="59.942320817427536" lon="30.332892116115918">
				<ele>-0.6320227086544037</ele>
				<time>2025-06-30T15:12:33Z</time>
			</trkpt>
			<trkpt lat="59.94235093141706" lon="30.33287780299714">
				<ele>1.8245337642729282</ele>
				<time>2025-06-30T15:12:35Z</time>
			</trkpt>
			<trkpt lat="59.94237224744945" lon="30.33285066851261">
				<ele>-1.0599801409989595</ele>
				<time>2025-06-30T15:12:38Z</time>
			</trkpt>
			<trkpt lat="59.942396830933326" lon="30.332830497850026">
				<ele>1.7236858438700438</ele>
				<time>2025-06-30T15:12:40Z</time>
			</trkpt>
			<trkpt lat="59.9424185883865" lon="30.33281566450814">
				<ele>1.3342131040990353</ele>
				<time>2025-06-30T15:12:42Z</time>
			</trkpt>
			<trkpt lat="59.9424385337314" lon="30.33280755177752">
				<ele>1.1006413288414478</ele>
				<time>2025-06-30T15:12:44Z</time>
			</trkpt>
			<trkpt lat="59.94245523319323" lon="30.33278259434676">
				<ele>-0.9766987329348922</ele>
				<time>2025-06-30T15:12:47Z</time>
			</trkpt>
			<trkpt lat="59.94247493673106" lon="30.332770698239504">
				<ele>1.1445569107308984</ele>
				<time>2025-06-30T15:12:48Z</time>
			</trkpt>
			<trkpt lat="59.94249660953686" lon="30.33275513116241">
				<ele>1.522368815727532</ele>
				<time>2025-06-30T15:12:50Z</time>
			</trkpt>
			<trkpt lat="59.94251551805618" lon="30.332735482845212">
				<ele>1.1611909754574299</ele>
				<time>2025-06-30T15:12:52Z</time>
			</trkpt>
			<trkpt lat="59.94254182539745" lon="30.332699262001444">
				<ele>-1.2896929923444986</ele>
				<time>2025-06-30T15:12:55Z</time>
			</trkpt>
			<trkpt lat="59.9425588596879" lon="30.332685415375106">
				<ele>-1.078185980208218</ele>
				<time>2025-06-30T15:12:57Z</time>
			</trkpt>
			<trkpt lat="59.94258111548529" lon="30.332666730590926">
				<ele>-0.10307841375470161</ele>
				<time>2025-06-30T15:12:59Z</time>
			</trkpt>
			<trkpt lat="59.942608236823396" lon="30.3326463481367">
				<ele>1.713738172315061</ele>
				<time>2025-06-30T15:13:01Z</time>
			</trkpt>
			<trkpt lat="59.94263293955533" lon="30.332628178900755">
				<ele>-0.9018701873719692</ele>
				<time>2025-06-30T15:13:04Z</time>
			</trkpt>
			<trkpt lat="59.942655935919284" lon="30.332621023435614">
				<ele>-0.16783061809837818</ele>
				<time>2025-06-30T15:13:06Z</time>
			</trkpt>
			<trkpt lat="59.942678373943124" lon="30.33262110777385">
				<ele>0.6571585927158594</ele>
				<time>2025-06-30T15:13:08Z</time>
			</trkpt>
			<trkpt lat="59.94269494276136" lon="30.332605435008876">
				<ele>1.7927370658144355</ele>
				<time>2025-06-30T15:13:09Z</time>
			</trkpt>
			<trkpt lat="59.94271294996933" lon="30.332578790151686">
				<ele>-0.8653003415092826</ele>
				<time>2025-06-30T15:13:12Z</time>
			</trkpt>
			<trkpt lat="59.94273207972959" lon="30.332554584736226">
				<ele>-1.2858897503465414</ele>
				<time>2025-06-30T15:13:14Z</time>
			</trkpt>
			<trkpt lat="59.94275497666399" lon="30.332536832477942">
				<ele>-1.1862397016957402</ele>
				<time>2025-06-30T15:13:16Z</time>
			</trkpt>
			<trkpt lat="59.942779317466936" lon="30.33252603376984">
				<ele>0.988394626416266</ele>
				<time>2025-06-30T15:13:18Z</time>
			</trkpt>
			<trkpt lat="59.9428050590976" lon="30.332509174257986">
				<ele>1.150770278647542</ele>
				<time>2025-06-30T15:13:20Z</time>
			</trkpt>
			<trkpt lat="59.942820984415086" lon="30.33248697814562">
				<ele>0.316390628926456</ele>
				<time>2025-06-30T15:13:22Z</time>
			</trkpt>
			<trkpt lat="59.942845712474046" lon="30.33247307180578">
				<ele>2.0400173999369144</ele>
				<time>2025-06-30T15:13:24Z</time>
			</trkpt>
			<trkpt lat="59.942862835811304" lon="30.332445154119306">
				<ele>1.3973385691642761</ele>
				<time>2025-06-30T15:13:26Z</time>
			</trkpt>
			<trkpt lat="59.94287921961427" lon="30.332426316499078">
				<ele>2.464197243563831</ele>
				<time>2025-06-30T15:13:28Z</time>
			</trkpt>
			<trkpt lat="59.94290083858627" lon="30.332389058191595">
				<ele>-0.18270547036081553</ele>
				<time>2025-06-30T15:13:31Z</time>
			</trkpt>
			<trkpt lat="59.94292942496823" lon="30.33236964815723">
				<ele>2.002479365095496</ele>
				<time>2025-06-30T15:13:33Z</time>
			</trkpt>
			<trkpt lat="59.942948328067985" lon="30.33234826218638">
				<ele>1.8026971649378538</ele>
				<time>2025-06-30T15:13:35Z</time>
			</trkpt>
			<trkpt lat="59.94296595742364" lon="30.332322221630914">
				<ele>2.210517126135528</ele>
				<time>2025-06-30T15:13:37Z</time>
			</trkpt>
			<trkpt lat="59.94298470687631" lon="30.332296277107737">
				<ele>1.3369617089629173</ele>
				<time>2025-06-30T15:13:40Z</time>
			</trkpt>
			<trkpt lat="59.94300436056187" lon="30.33228921812685">
				<ele>2.5096057625487447</ele>
				<time>2025-06-30T15:13:44Z</time>
			</trkpt>
			<trkpt lat="59.943025695935745" lon="30.332276286071423">
				<ele>2.018003888428211</ele>
				<time>2025-06-30T15:13:46Z</time>
			</trkpt>
			<trkpt lat="59.94303893323585" lon="30.332248278527846">
				<ele>-0.7122547281906009</ele>
				<time>2025-06-30T15:13:48Z</time>
			</trkpt>
			<trkpt lat="59.9430579664008" lon="30.332235161334246">
				<ele>-0.8816513884812593</ele>
				<time>2025-06-30T15:13:50Z</time>
			</trkpt>
			<trkpt lat="59.94308075821172" lon="30.332221900647696">
				<ele>0.2771678175777197</ele>
				<time>2025-06-30T15:13:52Z</time>
			</trkpt>
			<trkpt lat="59.943110859809465" lon="30.332202301926266">
				<ele>1.860215532593429</ele>
				<time>2025-06-30T15:13:54Z</time>
			</trkpt>
			<trkpt lat="59.94313004293718" lon="30.332186762560777">
				<ele>-1.4665730400010943</ele>
				<time>2025-06-30T15:13:56Z</time>
			</trkpt>
			<trkpt lat="59.94315423749172" lon="30.33216884550426">
				<ele>-1.6204788265749812</ele>
				<time>2025-06-30T15:13:59Z</time>
			</trkpt>
			<trkpt lat="59.943182587078994" lon="30.332147813510723">
				<ele>1.7420846400782466</ele>
				<time>2025-06-30T15:14:01Z</time>
			</trkpt>
			<trkpt lat="59.943204302860146" lon="30.332122042114403">
				<ele>1.1009433502331376</ele>
				<time>2025-06-30T15:14:03Z</time>
			</trkpt>
			<trkpt lat="59.94322498898339" lon="30.332101335594785">
				<ele>2.514567654579878</ele>
				<time>2025-06-30T15:14:05Z</time>
			</trkpt>
			<trkpt lat="59.94323518076317" lon="30.332071759917493">
				<ele>-0.8113777618855238</ele>
				<time>2025-06-30T15:14:07Z</time>
			</trkpt>
			<trkpt lat="59.94326168742694" lon="30.332052393355298">
				<ele>-2.0448929332196712</ele>
				<time>2025-06-30T15:14:10Z</time>
			</trkpt>
			<trkpt lat="59.94328156674116" lon="30.332031285090235">
				<ele>-1.9030674919486046</ele>
				<time>2025-06-30T15:14:12Z</time>
			</trkpt>
			<trkpt lat="59.94330587737606" lon="30.33202094366929">
				<ele>-0.20077332761138678</ele>
				<time>2025-06-30T15:14:14Z</time>
			</trkpt>
			<trkpt lat="59.94332328836416" lon="30.332011799813383">
				<ele>-2.9760027546435595</ele>
				<time>2025-06-30T15:14:17Z</time>
			</trkpt>
			<trkpt lat="59.94334214255284" lon="30.332002426221596">
				<ele>-2.5962895583361387</ele>
				<time>2025-06-30T15:14:20Z</time>
			</trkpt>
			<trkpt lat="59.943363531425994" lon="30.33205058895364">
				<ele>0.8839467065408826</ele>
				<time>2025-06-30T15:14:38Z</time>
			</trkpt>
			<trkpt lat="59.94337698453754" lon="30.33208386446428">
				<ele>-0.06180523615330458</ele>
				<time>2025-06-30T15:14:41Z</time>
			</trkpt>
			<trkpt lat="59.943401611773595" lon="30.33208099189543">
				<ele>0.5731786927208304</ele>
				<time>2025-06-30T15:14:43Z</time>
			</trkpt>
			<trkpt lat="59.94342241007564" lon="30.33205385434389">
				<ele>0.554279712960124</ele>
				<time>2025-06-30T15:14:46Z</time>
			</trkpt>
			<trkpt lat="59.94344108540489" lon="30.332029136214175">
				<ele>1.5107851307839155</ele>
				<time>2025-06-30T15:14:48Z</time>
			</trkpt>
			<trkpt lat="59.94345026845111" lon="30.332061230840306">
				<ele>2.059088546782732</ele>
				<time>2025-06-30T15:14:54Z</time>
			</trkpt>
			<trkpt lat="59.94345626048823" lon="30.332104855722488">
				<ele>1.831764293834567</ele>
				<time>2025-06-30T15:14:56Z</time>
			</trkpt>
			<trkpt lat="59.94345567373029" lon="30.332142950312832">
				<ele>-0.041118498891592026</ele>
				<time>2025-06-30T15:14:58Z</time>
			</trkpt>
			<trkpt lat="59.9434670801117" lon="30.332176705401324">
				<ele>1.2428897181525826</ele>
				<time>2025-06-30T15:15:00Z</time>
			</trkpt>
			<trkpt lat="59.943482616455775" lon="30.332197451153274">
				<ele>1.1368040777742863</ele>
				<time>2025-06-30T15:15:03Z</time>
			</trkpt>
			<trkpt lat="59.943491553751414" lon="30.33223350397248">
				<ele>0.8056453131139278</ele>
				<time>2025-06-30T15:15:12Z</time>
			</trkpt>
			<trkpt lat="59.9435134515213" lon="30.3322398810544">
				<ele>1.9764454374089837</ele>
				<time>2025-06-30T15:15:21Z</time>
			</trkpt>
			<trkpt lat="59.943533432879164" lon="30.33222685525376">
				<ele>1.1457215612754226</ele>
				<time>2025-06-30T15:15:23Z</time>
			</trkpt>
			<trkpt lat="59.94355569030359" lon="30.332209853052">
				<ele>-0.9983033714815974</ele>
				<time>2025-06-30T15:15:25Z</time>
			</trkpt>
			<trkpt lat="59.943572282904945" lon="30.332196080400756">
				<ele>-2.6384549913927913</ele>
				<time>2025-06-30T15:15:27Z</time>
			</trkpt>
			<trkpt lat="59.943588685978675" lon="30.332164825013745">
				<ele>0.6221284996718168</ele>
				<time>2025-06-30T15:15:29Z</time>
			</trkpt>
			<trkpt lat="59.943605821503006" lon="30.332153851523092">
				<ele>1.2324644066393375</ele>
				<time>2025-06-30T15:15:31Z</time>
			</trkpt>
			<trkpt lat="59.94362465358429" lon="30.33214265836602">
				<ele>2.5758548360317945</ele>
				<time>2025-06-30T15:15:34Z</time>
			</trkpt>
			<trkpt lat="59.94364609477399" lon="30.332141351016016">
				<ele>4.228806269355118</ele>
				<time>2025-06-30T15:15:44Z</time>
			</trkpt>
			<trkpt lat="59.94366918047068" lon="30.332111438136838">
				<ele>3.904715550132096</ele>
				<time>2025-06-30T15:15:47Z</time>
			</trkpt>
			<trkpt lat="59.9436930847797" lon="30.332079076757662">
				<ele>3.3210215540602803</ele>
				<time>2025-06-30T15:15:50Z</time>
			</trkpt>
			<trkpt lat="59.94371719365492" lon="30.332068172810242">
				<ele>3.5336571782827377</ele>
				<time>2025-06-30T15:15:53Z</time>
			</trkpt>
			<trkpt lat="59.943739000497615" lon="30.332051199134014">
				<ele>-1.5971880611032248</ele>
				<time>2025-06-30T15:15:56Z</time>
			</trkpt>
			<trkpt lat="59.94375196203433" lon="30.332013127841286">
				<ele>-1.6476529687643051</ele>
				<time>2025-06-30T15:16:01Z</time>
			</trkpt>
			<trkpt lat="59.943765113984746" lon="30.331979157909466">
				<ele>-0.44594076182693243</ele>
				<time>2025-06-30T15:16:08Z</time>
			</trkpt>
			<trkpt lat="59.943771378629435" lon="30.33194086574785">
				<ele>0.43400341644883156</ele>
				<time>2025-06-30T15:16:11Z</time>
			</trkpt>
			<trkpt lat="59.94376191134747" lon="30.33188176984265">
				<ele>0.636026943102479</ele>
				<time>2025-06-30T15:16:14Z</time>
			</trkpt>
			<trkpt lat="59.94375922293366" lon="30.33184414637415">
				<ele>-0.6351298950612545</ele>
				<time>2025-06-30T15:16:16Z</time>
			</trkpt>
			<trkpt lat="59.943758437251844" lon="30.33180784230298">
				<ele>-1.6184442043304443</ele>
				<time>2025-06-30T15:16:18Z</time>
			</trkpt>
			<trkpt lat="59.94377045416249" lon="30.33177489659549">
				<ele>-0.6908694179728627</ele>
				<time>2025-06-30T15:16:21Z</time>
			</trkpt>
			<trkpt lat="59.9437996288041" lon="30.33175420949853">
				<ele>0.1448391294106841</ele>
				<time>2025-06-30T15:16:24Z</time>
			</trkpt>
			<trkpt lat="59.94382152909041" lon="30.331734423197688">
				<ele>1.8480597510933876</ele>
				<time>2025-06-30T15:16:26Z</time>
			</trkpt>
			<trkpt lat="59.94383960859658" lon="30.331729127705003">
				<ele>-0.5918090054765344</ele>
				<time>2025-06-30T15:16:29Z</time>
			</trkpt>
			<trkpt lat="59.9438587783327" lon="30.33172226205635">
				<ele>0.038385809399187565</ele>
				<time>2025-06-30T15:16:31Z</time>
			</trkpt>
			<trkpt lat="59.94388294787571" lon="30.33172108208317">
				<ele>0.43925439938902855</ele>
				<time>2025-06-30T15:16:33Z</time>
			</trkpt>
			<trkpt lat="59.943904148876285" lon="30.331723675240653">
				<ele>-3.2464198917150497</ele>
				<time>2025-06-30T15:16:36Z</time>
			</trkpt>
			<trkpt lat="59.94392378272891" lon="30.33171301421563">
				<ele>-2.2794280033558607</ele>
				<time>2025-06-30T15:16:38Z</time>
			</trkpt>
			<trkpt lat="59.94395571424704" lon="30.331694377066743">
				<ele>2.1233442248776555</ele>
				<time>2025-06-30T15:16:40Z</time>
			</trkpt>
			<trkpt lat="59.94397629087979" lon="30.331672427947073">
				<ele>1.20508065354079</ele>
				<time>2025-06-30T15:16:42Z</time>
			</trkpt>
			<trkpt lat="59.943999038435535" lon="30.3316679683982">
				<ele>-0.9970948416739702</ele>
				<time>2025-06-30T15:16:45Z</time>
			</trkpt>
			<trkpt lat="59.94401744457173" lon="30.33166883752081">
				<ele>0.07863727770745754</ele>
				<time>2025-06-30T15:16:47Z</time>
			</trkpt>
			<trkpt lat="59.944036584660466" lon="30.331657789327664">
				<ele>-1.6030133590102196</ele>
				<time>2025-06-30T15:16:49Z</time>
			</trkpt>
			<trkpt lat="59.94406401278171" lon="30.33164935880784">
				<ele>1.158866399899125</ele>
				<time>2025-06-30T15:16:51Z</time>
			</trkpt>
			<trkpt lat="59.94409010643926" lon="30.331651156722632">
				<ele>3.8145495699718595</ele>
				<time>2025-06-30T15:16:53Z</time>
			</trkpt>
			<trkpt lat="59.94410854017375" lon="30.331649263826257">
				<ele>-0.6860489957034588</ele>
				<time>2025-06-30T15:16:56Z</time>
			</trkpt>
			<trkpt lat="59.94412772124552" lon="30.33164633937546">
				<ele>-1.2480926495045424</ele>
				<time>2025-06-30T15:16:58Z</time>
			</trkpt>
			<trkpt lat="59.94414760711519" lon="30.33163847064217">
				<ele>1.32260025665164</ele>
				<time>2025-06-30T15:17:00Z</time>
			</trkpt>
			<trkpt lat="59.94417121037284" lon="30.331620049909375">
				<ele>-1.3074129102751613</ele>
				<time>2025-06-30T15:17:03Z</time>
			</trkpt>
			<trkpt lat="59.944196163294" lon="30.33158375397064">
				<ele>0.2120369514450431</ele>
				<time>2025-06-30T15:17:06Z</time>
			</trkpt>
			<trkpt lat="59.944210955403925" lon="30.331531573819266">
				<ele>-1.3876071842387319</ele>
				<time>2025-06-30T15:17:09Z</time>
			</trkpt>
			<trkpt lat="59.94421629774548" lon="30.33149035012236">
				<ele>-0.6585755776613951</ele>
				<time>2025-06-30T15:17:11Z</time>
			</trkpt>
			<trkpt lat="59.944227425819705" lon="30.331448297823847">
				<ele>-1.79591731633991</ele>
				<time>2025-06-30T15:17:13Z</time>
			</trkpt>
			<trkpt lat="59.94423720741085" lon="30.33140463213868">
				<ele>-1.9916094560176134</ele>
				<time>2025-06-30T15:17:15Z</time>
			</trkpt>
			<trkpt lat="59.94425112418322" lon="30.331368803548546">
				<ele>-1.1133970580995083</ele>
				<time>2025-06-30T15:17:17Z</time>
			</trkpt>
			<trkpt lat="59.94427199339817" lon="30.331344868040418">
				<ele>-1.0635335352271795</ele>
				<time>2025-06-30T15:17:19Z</time>
			</trkpt>
			<trkpt lat="59.94428728167584" lon="30.33132345728618">
				<ele>-1.7111089127138257</ele>
				<time>2025-06-30T15:17:21Z</time>
			</trkpt>
			<trkpt lat="59.94430227490938" lon="30.331301195046958">
				<ele>-2.2542731752619147</ele>
				<time>2025-06-30T15:17:23Z</time>
			</trkpt>
			<trkpt lat="59.9443223062928" lon="30.33128189527413">
				<ele>-1.3098851460963488</ele>
				<time>2025-06-30T15:17:25Z</time>
			</trkpt>
			<trkpt lat="59.94433839960941" lon="30.33125609746693">
				<ele>-1.9579265089705586</ele>
				<time>2025-06-30T15:17:27Z</time>
			</trkpt>
			<trkpt lat="59.94436501018086" lon="30.33123712699735">
				<ele>0.7324632359668612</ele>
				<time>2025-06-30T15:17:29Z</time>
			</trkpt>
			<trkpt lat="59.94438469128159" lon="30.331227496842743">
				<ele>1.5609256653115153</ele>
				<time>2025-06-30T15:17:31Z</time>
			</trkpt>
			<trkpt lat="59.94440381944942" lon="30.33121284412266">
				<ele>-0.7607183828949928</ele>
				<time>2025-06-30T15:17:34Z</time>
			</trkpt>
			<trkpt lat="59.94442564497819" lon="30.331187442161923">
				<ele>-1.9219417497515678</ele>
				<time>2025-06-30T15:17:37Z</time>
			</trkpt>
			<trkpt lat="59.94445597793434" lon="30.331174234788477">
				<ele>1.803420390933752</ele>
				<time>2025-06-30T15:17:39Z</time>
			</trkpt>
			<trkpt lat="59.94447706693399" lon="30.331152220976993">
				<ele>1.0765365036204457</ele>
				<time>2025-06-30T15:17:41Z</time>
			</trkpt>
			<trkpt lat="59.94450758919238" lon="30.33113047239533">
				<ele>4.012044991366565</ele>
				<time>2025-06-30T15:17:43Z</time>
			</trkpt>
			<trkpt lat="59.9445357545943" lon="30.331108865687185">
				<ele>4.3731368919834495</ele>
				<time>2025-06-30T15:17:46Z</time>
			</trkpt>
			<trkpt lat="59.94455872711823" lon="30.331088940180333">
				<ele>4.3114985236898065</ele>
				<time>2025-06-30T15:17:49Z</time>
			</trkpt>
			<trkpt lat="59.94457938107759" lon="30.331068480470158">
				<ele>3.2429784266278148</ele>
				<time>2025-06-30T15:17:51Z</time>
			</trkpt>
			<trkpt lat="59.944596782026835" lon="30.331049674236688">
				<ele>4.1139596020802855</ele>
				<time>2025-06-30T15:17:53Z</time>
			</trkpt>
			<trkpt lat="59.94461647013263" lon="30.331028117055634">
				<ele>2.7813905039802194</ele>
				<time>2025-06-30T15:17:55Z</time>
			</trkpt>
			<trkpt lat="59.944651841468136" lon="30.33100059636431">
				<ele>4.5290089985355735</ele>
				<time>2025-06-30T15:17:58Z</time>
			</trkpt>
			<trkpt lat="59.94468227396227" lon="30.33096868255458">
				<ele>5.276577324606478</ele>
				<time>2025-06-30T15:18:01Z</time>
			</trkpt>
			<trkpt lat="59.944701073235734" lon="30.33095096004816">
				<ele>1.142953529022634</ele>
				<time>2025-06-30T15:18:04Z</time>
			</trkpt>
			<trkpt lat="59.94472497011434" lon="30.330927153663726">
				<ele>0.6355508882552385</ele>
				<time>2025-06-30T15:18:07Z</time>
			</trkpt>
			<trkpt lat="59.94475977894356" lon="30.330918844684142">
				<ele>3.2459780648350716</ele>
				<time>2025-06-30T15:18:09Z</time>
			</trkpt>
			<trkpt lat="59.94477697410412" lon="30.330903468762877">
				<ele>1.0664754630997777</ele>
				<time>2025-06-30T15:18:11Z</time>
			</trkpt>
			<trkpt lat="59.94479686304113" lon="30.33089066294486">
				<ele>0.8392694080248475</ele>
				<time>2025-06-30T15:18:13Z</time>
			</trkpt>
			<trkpt lat="59.94481496381094" lon="30.330877522779197">
				<ele>1.6925582503899932</ele>
				<time>2025-06-30T15:18:15Z</time>
			</trkpt>
			<trkpt lat="59.94483239916698" lon="30.33086487015875">
				<ele>-0.11078014131635427</ele>
				<time>2025-06-30T15:18:17Z</time>
			</trkpt>
			<trkpt lat="59.94485705804041" lon="30.330846298299466">
				<ele>-1.3405807642266154</ele>
				<time>2025-06-30T15:18:20Z</time>
			</trkpt>
			<trkpt lat="59.944884290114615" lon="30.33082016047191">
				<ele>-0.7948573855683208</ele>
				<time>2025-06-30T15:18:23Z</time>
			</trkpt>
			<trkpt lat="59.94491915831239" lon="30.330804741188953">
				<ele>2.4251278545707464</ele>
				<time>2025-06-30T15:18:25Z</time>
			</trkpt>
			<trkpt lat="59.94493974729061" lon="30.33077840152036">
				<ele>-0.24082965590059757</ele>
				<time>2025-06-30T15:18:28Z</time>
			</trkpt>
			<trkpt lat="59.94496815062837" lon="30.330751012662947">
				<ele>2.1841894248500466</ele>
				<time>2025-06-30T15:18:30Z</time>
			</trkpt>
			<trkpt lat="59.94498774349071" lon="30.33072956478852">
				<ele>1.475045396015048</ele>
				<time>2025-06-30T15:18:32Z</time>
			</trkpt>
			<trkpt lat="59.94501369619606" lon="30.33070759904836">
				<ele>3.602272125892341</ele>
				<time>2025-06-30T15:18:34Z</time>
			</trkpt>
			<trkpt lat="59.94503312431237" lon="30.33068080286117">
				<ele>1.5545584987848997</ele>
				<time>2025-06-30T15:18:37Z</time>
			</trkpt>
			<trkpt lat="59.94505156915382" lon="30.33065947229716">
				<ele>1.4629382397979498</ele>
				<time>2025-06-30T15:18:39Z</time>
			</trkpt>
			<trkpt lat="59.94507900895624" lon="30.330630547695435">
				<ele>2.1413607988506556</ele>
				<time>2025-06-30T15:18:41Z</time>
			</trkpt>
			<trkpt lat="59.945102804899" lon="30.330603925842713">
				<ele>1.3391094515100121</ele>
				<time>2025-06-30T15:18:44Z</time>
			</trkpt>
			<trkpt lat="59.94511987021293" lon="30.330572499437736">
				<ele>2.3310440685600042</ele>
				<time>2025-06-30T15:18:46Z</time>
			</trkpt>
			<trkpt lat="59.9451360600625" lon="30.330541186304437">
				<ele>-2.0946281058713794</ele>
				<time>2025-06-30T15:18:49Z</time>
			</trkpt>
			<trkpt lat="59.945157890298205" lon="30.33053519125429">
				<ele>-1.4948244793340564</ele>
				<time>2025-06-30T15:18:51Z</time>
			</trkpt>
			<trkpt lat="59.945183856629335" lon="30.330522306506726">
				<ele>-0.9129954548552632</ele>
				<time>2025-06-30T15:18:53Z</time>
			</trkpt>
			<trkpt lat="59.945212993188306" lon="30.33051011769011">
				<ele>1.748712956905365</ele>
				<time>2025-06-30T15:18:55Z</time>
			</trkpt>
			<trkpt lat="59.945232945582354" lon="30.330514622499752">
				<ele>-2.087675206363201</ele>
				<time>2025-06-30T15:18:57Z</time>
			</trkpt>
			<trkpt lat="59.945268918208924" lon="30.330512557611836">
				<ele>0.6746962042525411</ele>
				<time>2025-06-30T15:19:00Z</time>
			</trkpt>
			<trkpt lat="59.94529612557374" lon="30.33052075116789">
				<ele>1.114133009687066</ele>
				<time>2025-06-30T15:19:02Z</time>
			</trkpt>
			<trkpt lat="59.94532087742188" lon="30.330536003382175">
				<ele>1.5226673958823085</ele>
				<time>2025-06-30T15:19:04Z</time>
			</trkpt>
			<trkpt lat="59.945347484315796" lon="30.33056034435196">
				<ele>1.8136726943776011</ele>
				<time>2025-06-30T15:19:06Z</time>
			</trkpt>
			<trkpt lat="59.94537060833006" lon="30.330580009351173">
				<ele>-0.8519469583407044</ele>
				<time>2025-06-30T15:19:09Z</time>
			</trkpt>
			<trkpt lat="59.94539114668631" lon="30.330594425294134">
				<ele>0.9165518060326576</ele>
				<time>2025-06-30T15:19:11Z</time>
			</trkpt>
			<trkpt lat="59.94541634925568" lon="30.33061651973538">
				<ele>2.131249695084989</ele>
				<time>2025-06-30T15:19:13Z</time>
			</trkpt>
			<trkpt lat="59.94542346558567" lon="30.330649715649947">
				<ele>1.9479848807677627</ele>
				<time>2025-06-30T15:19:15Z</time>
			</trkpt>
			<trkpt lat="59.94543206695783" lon="30.330691117168204">
				<ele>4.3493719743564725</ele>
				<time>2025-06-30T15:19:16Z</time>
			</trkpt>
			<trkpt lat="59.94543386617185" lon="30.33073904239937">
				<ele>-1.1137046264484525</ele>
				<time>2025-06-30T15:19:18Z</time>
			</trkpt>
			<trkpt lat="59.945445890578505" lon="30.330772045146958">
				<ele>-0.7456611199304461</ele>
				<time>2025-06-30T15:19:20Z</time>
			</trkpt>
			<trkpt lat="59.94545971935075" lon="30.330810007648672">
				<ele>1.426159219816327</ele>
				<time>2025-06-30T15:19:22Z</time>
			</trkpt>
			<trkpt lat="59.94546733213549" lon="30.330847688055048">
				<ele>0.9187165452167392</ele>
				<time>2025-06-30T15:19:24Z</time>
			</trkpt>
			<trkpt lat="59.94548450582128" lon="30.330882833083482">
				<ele>4.321396219544113</ele>
				<time>2025-06-30T15:19:26Z</time>
			</trkpt>
			<trkpt lat="59.94550117605423" lon="30.330930798028838">
				<ele>2.268488524481654</ele>
				<time>2025-06-30T15:19:29Z</time>
			</trkpt>
			<trkpt lat="59.94551456481362" lon="30.330972536587684">
				<ele>3.022432954981923</ele>
				<time>2025-06-30T15:19:31Z</time>
			</trkpt>
			<trkpt lat="59.94553512312844" lon="30.33099410298394">
				<ele>2.0659748390316963</ele>
				<time>2025-06-30T15:19:34Z</time>
			</trkpt>
			<trkpt lat="59.94553409805332" lon="30.330955499253875">
				<ele>0.6793647399172187</ele>
				<time>2025-06-30T15:19:49Z</time>
			</trkpt>
			<trkpt lat="59.94557222252779" lon="30.330951610340833">
				<ele>-0.393208802677691</ele>
				<time>2025-06-30T15:20:16Z</time>
			</trkpt>
			<trkpt lat="59.94559008026691" lon="30.330927967201163">
				<ele>-3.334737923927605</ele>
				<time>2025-06-30T15:20:19Z</time>
			</trkpt>
			<trkpt lat="59.94561406608648" lon="30.3309087380498">
				<ele>-3.420255401171744</ele>
				<time>2025-06-30T15:20:21Z</time>
			</trkpt>
			<trkpt lat="59.94563964825185" lon="30.3308871292949">
				<ele>-2.6140763564035296</ele>
				<time>2025-06-30T15:20:23Z</time>
			</trkpt>
			<trkpt lat="59.945655930894034" lon="30.330868493129852">
				<ele>-2.820132615044713</ele>
				<time>2025-06-30T15:20:25Z</time>
			</trkpt>
			<trkpt lat="59.94567394814028" lon="30.33085677327531">
				<ele>-1.939782315865159</ele>
				<time>2025-06-30T15:20:27Z</time>
			</trkpt>
			<trkpt lat="59.94569785197923" lon="30.33084538991801">
				<ele>-0.7268273131921887</ele>
				<time>2025-06-30T15:20:29Z</time>
			</trkpt>
			<trkpt lat="59.94572018730603" lon="30.33085768132487">
				<ele>-1.2176914168521762</ele>
				<time>2025-06-30T15:20:31Z</time>
			</trkpt>
			<trkpt lat="59.94574291226949" lon="30.330869265078963">
				<ele>-1.7311920328065753</ele>
				<time>2025-06-30T15:20:33Z</time>
			</trkpt>
			<trkpt lat="59.945759652923115" lon="30.33090582970425">
				<ele>-0.1310423007234931</ele>
				<time>2025-06-30T15:20:36Z</time>
			</trkpt>
			<trkpt lat="59.94577600478492" lon="30.33094651106805">
				<ele>-1.1662372602149844</ele>
				<time>2025-06-30T15:20:38Z</time>
			</trkpt>
			<trkpt lat="59.9457894246256" lon="30.33099320148442">
				<ele>-3.4663376100361347</ele>
				<time>2025-06-30T15:20:42Z</time>
			</trkpt>
			<trkpt lat="59.94580131231445" lon="30.331036378623434">
				<ele>-2.5121266804635525</ele>
				<time>2025-06-30T15:20:44Z</time>
			</trkpt>
			<trkpt lat="59.94580697174483" lon="30.33108028728708">
				<ele>-1.176208176650107</ele>
				<time>2025-06-30T15:20:45Z</time>
			</trkpt>
			<trkpt lat="59.94582014988607" lon="30.331134332272313">
				<ele>-2.17673930991441</ele>
				<time>2025-06-30T15:20:47Z</time>
			</trkpt>
			<trkpt lat="59.945826895563684" lon="30.331186087446262">
				<ele>-3.1916377721354365</ele>
				<time>2025-06-30T15:20:50Z</time>
			</trkpt>
			<trkpt lat="59.94583586256987" lon="30.331248958947835">
				<ele>0.11242820043116808</ele>
				<time>2025-06-30T15:20:52Z</time>
			</trkpt>
			<trkpt lat="59.94584566579334" lon="30.33130268362752">
				<ele>0.35144958924502134</ele>
				<time>2025-06-30T15:20:55Z</time>
			</trkpt>
			<trkpt lat="59.94585577115735" lon="30.331342221181153">
				<ele>-0.4913514945656061</ele>
				<time>2025-06-30T15:20:57Z</time>
			</trkpt>
			<trkpt lat="59.945861964871206" lon="30.331377187593716">
				<ele>-0.8104809150099754</ele>
				<time>2025-06-30T15:20:59Z</time>
			</trkpt>
			<trkpt lat="59.945872307827194" lon="30.331407188293188">
				<ele>-2.2040819860994816</ele>
				<time>2025-06-30T15:21:01Z</time>
			</trkpt>
			<trkpt lat="59.9458754295911" lon="30.331444389893264">
				<ele>-0.2567084077745676</ele>
				<time>2025-06-30T15:21:02Z</time>
			</trkpt>
			<trkpt lat="59.945879413064375" lon="30.331481080378175">
				<ele>1.1314513077959418</ele>
				<time>2025-06-30T15:21:03Z</time>
			</trkpt>
			<trkpt lat="59.94588951377323" lon="30.331536056613512">
				<ele>0.029835370369255543</ele>
				<time>2025-06-30T15:21:05Z</time>
			</trkpt>
			<trkpt lat="59.94590850038444" lon="30.331574948738748">
				<ele>0.26001035049557686</ele>
				<time>2025-06-30T15:21:07Z</time>
			</trkpt>
			<trkpt lat="59.9459182704779" lon="30.331639482094346">
				<ele>1.513822908513248</ele>
				<time>2025-06-30T15:21:09Z</time>
			</trkpt>
			<trkpt lat="59.94594007726696" lon="30.331664017941865">
				<ele>-0.22988247778266668</ele>
				<time>2025-06-30T15:21:11Z</time>
			</trkpt>
			<trkpt lat="59.9459507422727" lon="30.33171338011166">
				<ele>-0.9181868778541684</ele>
				<time>2025-06-30T15:21:14Z</time>
			</trkpt>
			<trkpt lat="59.94596145523603" lon="30.331768760952862">
				<ele>-0.8452104516327381</ele>
				<time>2025-06-30T15:21:16Z</time>
			</trkpt>
			<trkpt lat="59.945981115751664" lon="30.33180337324659">
				<ele>-0.794739693403244</ele>
				<time>2025-06-30T15:21:18Z</time>
			</trkpt>
			<trkpt lat="59.94599019309058" lon="30.331838877427668">
				<ele>0.027854218147695065</ele>
				<time>2025-06-30T15:21:19Z</time>
			</trkpt>
			<trkpt lat="59.94600696012747" lon="30.33186915336399">
				<ele>1.6480699088424444</ele>
				<time>2025-06-30T15:21:20Z</time>
			</trkpt>
			<trkpt lat="59.946011093983486" lon="30.331909028617055">
				<ele>-0.12163612432777882</ele>
				<time>2025-06-30T15:21:22Z</time>
			</trkpt>
			<trkpt lat="59.94601777999181" lon="30.33196356699422">
				<ele>-0.30603377241641283</ele>
				<time>2025-06-30T15:21:24Z</time>
			</trkpt>
			<trkpt lat="59.94602754375974" lon="30.332021052296973">
				<ele>1.2911967057734728</ele>
				<time>2025-06-30T15:21:27Z</time>
			</trkpt>
			<trkpt lat="59.94603765660005" lon="30.332081501058">
				<ele>3.0017423974350095</ele>
				<time>2025-06-30T15:21:29Z</time>
			</trkpt>
			<trkpt lat="59.94605047571317" lon="30.33211133285157">
				<ele>0.6325899288058281</ele>
				<time>2025-06-30T15:21:31Z</time>
			</trkpt>
			<trkpt lat="59.94606279879061" lon="30.332165940582033">
				<ele>-0.522092130035162</ele>
				<time>2025-06-30T15:21:34Z</time>
			</trkpt>
			<trkpt lat="59.94607637241475" lon="30.33220217043847">
				<ele>1.8432691916823387</ele>
				<time>2025-06-30T15:21:36Z</time>
			</trkpt>
			<trkpt lat="59.946070979094046" lon="30.332244220212022">
				<ele>2.0252542635425925</ele>
				<time>2025-06-30T15:21:38Z</time>
			</trkpt>
			<trkpt lat="59.94608396053292" lon="30.332275577080004">
				<ele>3.3297996316105127</ele>
				<time>2025-06-30T15:21:40Z</time>
			</trkpt>
			<trkpt lat="59.94610306227062" lon="30.332274206268238">
				<ele>3.597882811911404</ele>
				<time>2025-06-30T15:21:42Z</time>
			</trkpt>
			<trkpt lat="59.946130478662376" lon="30.33228960540335">
				<ele>1.2893679905682802</ele>
				<time>2025-06-30T15:21:45Z</time>
			</trkpt>
			<trkpt lat="59.946145400259915" lon="30.332266600068248">
				<ele>0.8585824789479375</ele>
				<time>2025-06-30T15:21:47Z</time>
			</trkpt>
			<trkpt lat="59.9461639840581" lon="30.33226368497699">
				<ele>-0.47197575215250254</ele>
				<time>2025-06-30T15:21:48Z</time>
			</trkpt>
			<trkpt lat="59.946195375106406" lon="30.332253288428014">
				<ele>2.068505792878568</ele>
				<time>2025-06-30T15:21:49Z</time>
			</trkpt>
			<trkpt lat="59.94621414244148" lon="30.332241884926983">
				<ele>4.136764132417738</ele>
				<time>2025-06-30T15:21:50Z</time>
			</trkpt>
			<trkpt lat="59.946220655663986" lon="30.332205287298073">
				<ele>2.8299146657809615</ele>
				<time>2025-06-30T15:21:52Z</time>
			</trkpt>
			<trkpt lat="59.94620771634174" lon="30.33215250961842">
				<ele>3.0348202204331756</ele>
				<time>2025-06-30T15:21:53Z</time>
			</trkpt>
			<trkpt lat="59.94623560905502" lon="30.332154844679653">
				<ele>3.3914910135790706</ele>
				<time>2025-06-30T15:21:54Z</time>
			</trkpt>
			<trkpt lat="59.94625001626455" lon="30.332127085698833">
				<ele>4.693218439817429</ele>
				<time>2025-06-30T15:21:55Z</time>
			</trkpt>
			<trkpt lat="59.94627233332233" lon="30.332056287295632">
				<ele>2.3842830546200275</ele>
				<time>2025-06-30T15:21:57Z</time>
			</trkpt>
			<trkpt lat="59.94629642823503" lon="30.332067563009602">
				<ele>1.474069869145751</ele>
				<time>2025-06-30T15:21:59Z</time>
			</trkpt>
			<trkpt lat="59.946315961970974" lon="30.332045627661746">
				<ele>0.6684029437601566</ele>
				<time>2025-06-30T15:22:02Z</time>
			</trkpt>
			<trkpt lat="59.94633781702684" lon="30.332019401709026">
				<ele>2.31590683106333</ele>
				<time>2025-06-30T15:22:04Z</time>
			</trkpt>
			<trkpt lat="59.9463666594863" lon="30.33201811168797">
				<ele>2.3693938674405217</ele>
				<time>2025-06-30T15:22:06Z</time>
			</trkpt>
			<trkpt lat="59.946389667350466" lon="30.331986154464808">
				<ele>3.5687996530905366</ele>
				<time>2025-06-30T15:22:08Z</time>
			</trkpt>
			<trkpt lat="59.946413353412815" lon="30.331977094007">
				<ele>4.846707999706268</ele>
				<time>2025-06-30T15:22:10Z</time>
			</trkpt>
			<trkpt lat="59.946428797265455" lon="30.3319585692874">
				<ele>1.9694240409880877</ele>
				<time>2025-06-30T15:22:12Z</time>
			</trkpt>
			<trkpt lat="59.94645652734279" lon="30.33194962811813">
				<ele>2.124184012413025</ele>
				<time>2025-06-30T15:22:14Z</time>
			</trkpt>
			<trkpt lat="59.946494159122835" lon="30.331924703435984">
				<ele>3.7738017374649644</ele>
				<time>2025-06-30T15:22:17Z</time>
			</trkpt>
			<trkpt lat="59.94651538647404" lon="30.331918066740688">
				<ele>5.5338256768882275</ele>
				<time>2025-06-30T15:22:18Z</time>
			</trkpt>
			<trkpt lat="59.946542973006636" lon="30.331902435238533">
				<ele>4.255359501577914</ele>
				<time>2025-06-30T15:22:20Z</time>
			</trkpt>
			<trkpt lat="59.94655576136762" lon="30.331861213971848">
				<ele>4.3202228443697095</ele>
				<time>2025-06-30T15:22:23Z</time>
			</trkpt>
			<trkpt lat="59.946577326856676" lon="30.331834796511846">
				<ele>5.527053622528911</ele>
				<time>2025-06-30T15:22:25Z</time>
			</trkpt>
			<trkpt lat="59.94659792217692" lon="30.331840561408168">
				<ele>6.1237679878249764</ele>
				<time>2025-06-30T15:22:26Z</time>
			</trkpt>
			<trkpt lat="59.94661815386941" lon="30.331838854532617">
				<ele>5.728960852138698</ele>
				<time>2025-06-30T15:22:27Z</time>
			</trkpt>
			<trkpt lat="59.946639416288875" lon="30.33182376081071">
				<ele>2.991687241010368</ele>
				<time>2025-06-30T15:22:29Z</time>
			</trkpt>
			<trkpt lat="59.94666401940622" lon="30.331856997727748">
				<ele>3.005584920756519</ele>
				<time>2025-06-30T15:22:31Z</time>
			</trkpt>
			<trkpt lat="59.946683009125685" lon="30.33192993552184">
				<ele>3.402914458885789</ele>
				<time>2025-06-30T15:22:33Z</time>
			</trkpt>
			<trkpt lat="59.94668974655054" lon="30.331976429219466">
				<ele>4.6063139429315925</ele>
				<time>2025-06-30T15:22:34Z</time>
			</trkpt>
			<trkpt lat="59.94669932144298" lon="30.332039322345786">
				<ele>3.809130276553333</ele>
				<time>2025-06-30T15:22:36Z</time>
			</trkpt>
			<trkpt lat="59.946712968255106" lon="30.33206919401192">
				<ele>1.8451455300673842</ele>
				<time>2025-06-30T15:22:41Z</time>
			</trkpt>
			<trkpt lat="59.94673173230301" lon="30.332080126627147">
				<ele>1.090620175935328</ele>
				<time>2025-06-30T15:22:44Z</time>
			</trkpt>
			<trkpt lat="59.94675130758992" lon="30.332081647380175">
				<ele>1.5940542118623853</ele>
				<time>2025-06-30T15:22:45Z</time>
			</trkpt>
			<trkpt lat="59.94677314643888" lon="30.332080658173542">
				<ele>-1.9381474861875176</ele>
				<time>2025-06-30T15:22:49Z</time>
			</trkpt>
			<trkpt lat="59.94678991144972" lon="30.33210910140637">
				<ele>-1.932318326085806</ele>
				<time>2025-06-30T15:22:54Z</time>
			</trkpt>
			<trkpt lat="59.94680324369801" lon="30.332145654138206">
				<ele>-0.2735437713563442</ele>
				<time>2025-06-30T15:22:56Z</time>
			</trkpt>
			<trkpt lat="59.946829077233225" lon="30.332189614112483">
				<ele>5.1277915658429265</ele>
				<time>2025-06-30T15:22:58Z</time>
			</trkpt>
			<trkpt lat="59.94683707785877" lon="30.332239879167158">
				<ele>5.134195061400533</ele>
				<time>2025-06-30T15:23:01Z</time>
			</trkpt>
			<trkpt lat="59.946825646808286" lon="30.332275917912774">
				<ele>-0.333073235116899</ele>
				<time>2025-06-30T15:23:03Z</time>
			</trkpt>
			<trkpt lat="59.94682828358336" lon="30.33231440733613">
				<ele>0.300746550783515</ele>
				<time>2025-06-30T15:23:07Z</time>
			</trkpt>
			<trkpt lat="59.94682462249022" lon="30.332357555391763">
				<ele>-1.2515720669180155</ele>
				<time>2025-06-30T15:23:09Z</time>
			</trkpt>
			<trkpt lat="59.94682470532668" lon="30.33239988785982">
				<ele>-0.9824278000742197</ele>
				<time>2025-06-30T15:23:10Z</time>
			</trkpt>
			<trkpt lat="59.946818681123126" lon="30.33245342893489">
				<ele>-2.597865109331906</ele>
				<time>2025-06-30T15:23:12Z</time>
			</trkpt>
			<trkpt lat="59.946839300565934" lon="30.33249592708403">
				<ele>-0.10127820912748575</ele>
				<time>2025-06-30T15:23:14Z</time>
			</trkpt>
			<trkpt lat="59.94685970395472" lon="30.332533095274258">
				<ele>2.3163794446736574</ele>
				<time>2025-06-30T15:23:16Z</time>
			</trkpt>
			<trkpt lat="59.946867362004504" lon="30.33258200941484">
				<ele>0.4009888041764498</ele>
				<time>2025-06-30T15:23:18Z</time>
			</trkpt>
			<trkpt lat="59.94687117599681" lon="30.332632329850544">
				<ele>0.1703620059415698</ele>
				<time>2025-06-30T15:23:20Z</time>
			</trkpt>
			<trkpt lat="59.94688836343076" lon="30.332700636198528">
				<ele>1.061397141776979</ele>
				<time>2025-06-30T15:23:22Z</time>
			</trkpt>
			<trkpt lat="59.94688576450841" lon="30.332753844027742">
				<ele>-1.7057096837088466</ele>
				<time>2025-06-30T15:23:24Z</time>
			</trkpt>
			<trkpt lat="59.94688890014127" lon="30.332797772557548">
				<ele>0.8716330779716372</ele>
				<time>2025-06-30T15:23:26Z</time>
			</trkpt>
			<trkpt lat="59.946895848996235" lon="30.332835716433163">
				<ele>0.12770275212824345</ele>
				<time>2025-06-30T15:23:28Z</time>
			</trkpt>
			<trkpt lat="59.946912752616015" lon="30.332877019175225">
				<ele>0.6335661113262177</ele>
				<time>2025-06-30T15:23:30Z</time>
			</trkpt>
			<trkpt lat="59.946928931973424" lon="30.33292093301612">
				<ele>2.9710105154663324</ele>
				<time>2025-06-30T15:23:32Z</time>
			</trkpt>
			<trkpt lat="59.94693643405411" lon="30.332965728376802">
				<ele>2.0722296563908458</ele>
				<time>2025-06-30T15:23:34Z</time>
			</trkpt>
			<trkpt lat="59.946946978223366" lon="30.333015279182504">
				<ele>1.242880117148161</ele>
				<time>2025-06-30T15:23:36Z</time>
			</trkpt>
			<trkpt lat="59.9469585471718" lon="30.333071755022825">
				<ele>1.348194943740964</ele>
				<time>2025-06-30T15:23:39Z</time>
			</trkpt>
			<trkpt lat="59.94697267529103" lon="30.333098327143972">
				<ele>4.134313242509961</ele>
				<time>2025-06-30T15:23:40Z</time>
			</trkpt>
			<trkpt lat="59.94697812704849" lon="30.333152821631863">
				<ele>3.2287628101184964</ele>
				<time>2025-06-30T15:23:42Z</time>
			</trkpt>
			<trkpt lat="59.94698857125267" lon="30.333194460368787">
				<ele>3.25584121607244</ele>
				<time>2025-06-30T15:23:44Z</time>
			</trkpt>
			<trkpt lat="59.94700015943923" lon="30.33323843994282">
				<ele>4.076989654451609</ele>
				<time>2025-06-30T15:23:46Z</time>
			</trkpt>
			<trkpt lat="59.94701627770435" lon="30.33327127743108">
				<ele>3.9825135339051485</ele>
				<time>2025-06-30T15:23:48Z</time>
			</trkpt>
			<trkpt lat="59.94702123015686" lon="30.333323893032414">
				<ele>1.577193665318191</ele>
				<time>2025-06-30T15:23:50Z</time>
			</trkpt>
			<trkpt lat="59.947028323560055" lon="30.333365923758326">
				<ele>1.5687159532681108</ele>
				<time>2025-06-30T15:23:52Z</time>
			</trkpt>
			<trkpt lat="59.94704501806777" lon="30.333408391499002">
				<ele>3.5698356116190553</ele>
				<time>2025-06-30T15:23:54Z</time>
			</trkpt>
			<trkpt lat="59.94705342375202" lon="30.333448991768396">
				<ele>3.3639699444174767</ele>
				<time>2025-06-30T15:23:56Z</time>
			</trkpt>
			<trkpt lat="59.947065748278476" lon="30.33349060027062">
				<ele>3.243962114676833</ele>
				<time>2025-06-30T15:23:58Z</time>
			</trkpt>
			<trkpt lat="59.94707955697417" lon="30.333529685036055">
				<ele>3.8780367095023394</ele>
				<time>2025-06-30T15:24:00Z</time>
			</trkpt>
			<trkpt lat="59.947074792272474" lon="30.33357298992728">
				<ele>0.970805368386209</ele>
				<time>2025-06-30T15:24:02Z</time>
			</trkpt>
			<trkpt lat="59.947074426061896" lon="30.333623463653">
				<ele>1.7364745335653424</ele>
				<time>2025-06-30T15:24:04Z</time>
			</trkpt>
			<trkpt lat="59.94708718855563" lon="30.333668283442353">
				<ele>3.2707813885062933</ele>
				<time>2025-06-30T15:24:06Z</time>
			</trkpt>
			<trkpt lat="59.94709727401864" lon="30.333700847546645">
				<ele>2.7245135279372334</ele>
				<time>2025-06-30T15:24:07Z</time>
			</trkpt>
			<trkpt lat="59.94711039983236" lon="30.333729458100514">
				<ele>2.5790334017947316</ele>
				<time>2025-06-30T15:24:09Z</time>
			</trkpt>
			<trkpt lat="59.947130912502196" lon="30.333762255287525">
				<ele>3.664580311626196</ele>
				<time>2025-06-30T15:24:11Z</time>
			</trkpt>
			<trkpt lat="59.947135499476104" lon="30.33380428808376">
				<ele>4.269700826145709</ele>
				<time>2025-06-30T15:24:13Z</time>
			</trkpt>
			<trkpt lat="59.9471301965652" lon="30.333860327019675">
				<ele>1.1478379108011723</ele>
				<time>2025-06-30T15:24:15Z</time>
			</trkpt>
			<trkpt lat="59.94713998513919" lon="30.33389667447357">
				<ele>1.8292207596823573</ele>
				<time>2025-06-30T15:24:17Z</time>
			</trkpt>
			<trkpt lat="59.94713136793069" lon="30.333950034608332">
				<ele>0.27793853264302015</ele>
				<time>2025-06-30T15:24:19Z</time>
			</trkpt>
			<trkpt lat="59.947123273736345" lon="30.333997101638822">
				<ele>0.2701108893379569</ele>
				<time>2025-06-30T15:24:21Z</time>
			</trkpt>
			<trkpt lat="59.94710997110957" lon="30.334045396317524">
				<ele>2.1450411193072796</ele>
				<time>2025-06-30T15:24:23Z</time>
			</trkpt>
			<trkpt lat="59.947103568569396" lon="30.334084889014115">
				<ele>1.4596047857776284</ele>
				<time>2025-06-30T15:24:25Z</time>
			</trkpt>
			<trkpt lat="59.947092503475524" lon="30.334128948853603">
				<ele>1.5332997757941484</ele>
				<time>2025-06-30T15:24:28Z</time>
			</trkpt>
			<trkpt lat="59.94706329920651" lon="30.334108923885474">
				<ele>2.088732771575451</ele>
				<time>2025-06-30T15:24:30Z</time>
			</trkpt>
			<trkpt lat="59.947035633544935" lon="30.33413278808598">
				<ele>5.209037926979363</ele>
				<time>2025-06-30T15:24:32Z</time>
			</trkpt>
			<trkpt lat="59.947019205055824" lon="30.33409352625829">
				<ele>2.6593441646546125</ele>
				<time>2025-06-30T15:24:34Z</time>
			</trkpt>
			<trkpt lat="59.94700055549159" lon="30.334093480397726">
				<ele>4.686785358935595</ele>
				<time>2025-06-30T15:24:36Z</time>
			</trkpt>
			<trkpt lat="59.94697855067936" lon="30.33410299842899">
				<ele>3.9603022430092096</ele>
				<time>2025-06-30T15:24:38Z</time>
			</trkpt>
			<trkpt lat="59.9469496059429" lon="30.334102445461053">
				<ele>4.250930903479457</ele>
				<time>2025-06-30T15:24:41Z</time>
			</trkpt>
			<trkpt lat="59.9469308525889" lon="30.334124860090654">
				<ele>3.428418317809701</ele>
				<time>2025-06-30T15:24:43Z</time>
			</trkpt>
			<trkpt lat="59.94690806372447" lon="30.334133994038833">
				<ele>3.2415922386571765</ele>
				<time>2025-06-30T15:24:45Z</time>
			</trkpt>
			<trkpt lat="59.94687858784597" lon="30.334139594330434">
				<ele>3.319653323851526</ele>
				<time>2025-06-30T15:24:47Z</time>
			</trkpt>
			<trkpt lat="59.94685274933865" lon="30.334125287452007">
				<ele>-2.4733945056796074</ele>
				<time>2025-06-30T15:24:49Z</time>
			</trkpt>
			<trkpt lat="59.94683678882374" lon="30.334158023943882">
				<ele>0.6422407794743776</ele>
				<time>2025-06-30T15:24:52Z</time>
			</trkpt>
			<trkpt lat="59.9468180982525" lon="30.33416100994595">
				<ele>2.415893878787756</ele>
				<time>2025-06-30T15:24:55Z</time>
			</trkpt>
			<trkpt lat="59.946794258312714" lon="30.334174601186543">
				<ele>6.117704280652106</ele>
				<time>2025-06-30T15:24:57Z</time>
			</trkpt>
			<trkpt lat="59.94677558863315" lon="30.3341551895254">
				<ele>7.450595588423312</ele>
				<time>2025-06-30T15:25:00Z</time>
			</trkpt>
			<trkpt lat="59.94675729087367" lon="30.334151252261464">
				<ele>5.938614435493946</ele>
				<time>2025-06-30T15:25:03Z</time>
			</trkpt>
			<trkpt lat="59.946738464840614" lon="30.33413304274662">
				<ele>-1.3725093742832541</ele>
				<time>2025-06-30T15:25:06Z</time>
			</trkpt>
			<trkpt lat="59.94672115818553" lon="30.334147661373002">
				<ele>-4.157559469342232</ele>
				<time>2025-06-30T15:25:09Z</time>
			</trkpt>
			<trkpt lat="59.946713454196555" lon="30.334201557617153">
				<ele>0.10364015400409698</ele>
				<time>2025-06-30T15:25:11Z</time>
			</trkpt>
			<trkpt lat="59.94670779710616" lon="30.33423735765987">
				<ele>1.4244846757501364</ele>
				<time>2025-06-30T15:25:12Z</time>
			</trkpt>
			<trkpt lat="59.94667970340431" lon="30.334254630110035">
				<ele>-4.051912860013545</ele>
				<time>2025-06-30T15:25:15Z</time>
			</trkpt>
			<trkpt lat="59.94666220917955" lon="30.334292684923724">
				<ele>-6.181427363306284</ele>
				<time>2025-06-30T15:25:18Z</time>
			</trkpt>
			<trkpt lat="59.946638428006544" lon="30.334307739912077">
				<ele>-1.6645365599542856</ele>
				<time>2025-06-30T15:25:21Z</time>
			</trkpt>
			<trkpt lat="59.946620945516806" lon="30.334294784735068">
				<ele>-1.0550986407324672</ele>
				<time>2025-06-30T15:25:23Z</time>
			</trkpt>
			<trkpt lat="59.946602700548326" lon="30.33434054783403">
				<ele>3.2836111141368747</ele>
				<time>2025-06-30T15:25:26Z</time>
			</trkpt>
			<trkpt lat="59.946584090721416" lon="30.33437502303635">
				<ele>3.432102364487946</ele>
				<time>2025-06-30T15:25:28Z</time>
			</trkpt>
			<trkpt lat="59.9465685169503" lon="30.33440654715258">
				<ele>4.927986797876656</ele>
				<time>2025-06-30T15:25:33Z</time>
			</trkpt>
			<trkpt lat="59.946548557455095" lon="30.33440718784097">
				<ele>7.737559742294252</ele>
				<time>2025-06-30T15:25:35Z</time>
			</trkpt>
			<trkpt lat="59.946527767695414" lon="30.334395936608416">
				<ele>0.04657948948442936</ele>
				<time>2025-06-30T15:25:37Z</time>
			</trkpt>
			<trkpt lat="59.94650725527082" lon="30.334414101323542">
				<ele>3.254129884764552</ele>
				<time>2025-06-30T15:25:40Z</time>
			</trkpt>
			<trkpt lat="59.946477107461085" lon="30.334402231484923">
				<ele>5.359533752314746</ele>
				<time>2025-06-30T15:25:42Z</time>
			</trkpt>
			<trkpt lat="59.94646564617755" lon="30.334450365110843">
				<ele>9.6351782316342</ele>
				<time>2025-06-30T15:25:44Z</time>
			</trkpt>
			<trkpt lat="59.94644915510806" lon="30.334472355314173">
				<ele>4.150441683828831</ele>
				<time>2025-06-30T15:25:49Z</time>
			</trkpt>
			<trkpt lat="59.946429037043146" lon="30.334448788899735">
				<ele>0.7382402587682009</ele>
				<time>2025-06-30T15:25:52Z</time>
			</trkpt>
			<trkpt lat="59.946407008532745" lon="30.334414790145182">
				<ele>4.322343748994172</ele>
				<time>2025-06-30T15:25:54Z</time>
			</trkpt>
			<trkpt lat="59.94639620460522" lon="30.334375035457047">
				<ele>2.9974781358614564</ele>
				<time>2025-06-30T15:25:57Z</time>
			</trkpt>
			<trkpt lat="59.94637217268331" lon="30.33436490180735">
				<ele>5.2780515141785145</ele>
				<time>2025-06-30T15:25:59Z</time>
			</trkpt>
			<trkpt lat="59.94635148206565" lon="30.334348657262517">
				<ele>4.526125520467758</ele>
				<time>2025-06-30T15:26:02Z</time>
			</trkpt>
			<trkpt lat="59.946326729979006" lon="30.33434636696028">
				<ele>5.395916463807225</ele>
				<time>2025-06-30T15:26:06Z</time>
			</trkpt>
			<trkpt lat="59.946311015503106" lon="30.334299205675705">
				<ele>0.935637435875833</ele>
				<time>2025-06-30T15:26:09Z</time>
			</trkpt>
			<trkpt lat="59.946318615938644" lon="30.33425679134872">
				<ele>-0.7657780237495899</ele>
				<time>2025-06-30T15:26:11Z</time>
			</trkpt>
			<trkpt lat="59.94630817192544" lon="30.33421945514339">
				<ele>1.003497676923871</ele>
				<time>2025-06-30T15:26:13Z</time>
			</trkpt>
			<trkpt lat="59.946298547598545" lon="30.334180754320485">
				<ele>0.016818043775856495</ele>
				<time>2025-06-30T15:26:16Z</time>
			</trkpt>
			<trkpt lat="59.94629276164637" lon="30.334141121868896">
				<ele>-2.792885299772024</ele>
				<time>2025-06-30T15:26:18Z</time>
			</trkpt>
			<trkpt lat="59.94628570753766" lon="30.334099874341234">
				<ele>-0.6807959172874689</ele>
				<time>2025-06-30T15:26:20Z</time>
			</trkpt>
			<trkpt lat="59.94627322947235" lon="30.334055498014354">
				<ele>-1.5439368514344096</ele>
				<time>2025-06-30T15:26:22Z</time>
			</trkpt>
			<trkpt lat="59.946264965135114" lon="30.33401102731813">
				<ele>0.4804657781496644</ele>
				<time>2025-06-30T15:26:25Z</time>
			</trkpt>
			<trkpt lat="59.94625307950695" lon="30.33397546594455">
				<ele>0.5391548573970795</ele>
				<time>2025-06-30T15:26:27Z</time>
			</trkpt>
			<trkpt lat="59.946236273798036" lon="30.333925192211982">
				<ele>4.049346338026226</ele>
				<time>2025-06-30T15:26:30Z</time>
			</trkpt>
			<trkpt lat="59.9462272588301" lon="30.333891433012198">
				<ele>2.1047062380239367</ele>
				<time>2025-06-30T15:26:34Z</time>
			</trkpt>
			<trkpt lat="59.946219557298775" lon="30.333846448708183">
				<ele>2.38641672488302</ele>
				<time>2025-06-30T15:26:36Z</time>
			</trkpt>
			<trkpt lat="59.94620381676804" lon="30.33382534276049">
				<ele>3.6922657107934356</ele>
				<time>2025-06-30T15:26:38Z</time>
			</trkpt>
			<trkpt lat="59.94619033971616" lon="30.33377902640325">
				<ele>5.123238678090274</ele>
				<time>2025-06-30T15:26:40Z</time>
			</trkpt>
			<trkpt lat="59.946190642072054" lon="30.33372967500453">
				<ele>5.791500243358314</ele>
				<time>2025-06-30T15:26:43Z</time>
			</trkpt>
			<trkpt lat="59.94618184210277" lon="30.333696222054208">
				<ele>4.1362699987366796</ele>
				<time>2025-06-30T15:26:45Z</time>
			</trkpt>
			<trkpt lat="59.946160591448475" lon="30.333693336702073">
				<ele>-0.7927067577838898</ele>
				<time>2025-06-30T15:26:47Z</time>
			</trkpt>
			<trkpt lat="59.94618770927359" lon="30.333644275528822">
				<ele>1.001961339265108</ele>
				<time>2025-06-30T15:26:48Z</time>
			</trkpt>
			<trkpt lat="59.946166953372554" lon="30.3336139348067">
				<ele>0.9508848385885358</ele>
				<time>2025-06-30T15:26:52Z</time>
			</trkpt>
			<trkpt lat="59.94616806019405" lon="30.333575240545">
				<ele>0.6823952868580818</ele>
				<time>2025-06-30T15:26:56Z</time>
			</trkpt>
			<trkpt lat="59.94614514089156" lon="30.333577980441664">
				<ele>-1.756451090797782</ele>
				<time>2025-06-30T15:27:01Z</time>
			</trkpt>
			<trkpt lat="59.94612501810698" lon="30.333602891612312">
				<ele>0.5552766071632504</ele>
				<time>2025-06-30T15:27:03Z</time>
			</trkpt>
			<trkpt lat="59.94609629132187" lon="30.333609574620482">
				<ele>-4.892009380273521</ele>
				<time>2025-06-30T15:27:05Z</time>
			</trkpt>
			<trkpt lat="59.946078625435305" lon="30.33363148282207">
				<ele>-3.1903565991669893</ele>
				<time>2025-06-30T15:27:07Z</time>
			</trkpt>
			<trkpt lat="59.94605615255563" lon="30.333628924816765">
				<ele>-3.106990453787148</ele>
				<time>2025-06-30T15:27:09Z</time>
			</trkpt>
			<trkpt lat="59.94603697056733" lon="30.333653813898103">
				<ele>-5.90010800678283</ele>
				<time>2025-06-30T15:27:11Z</time>
			</trkpt>
			<trkpt lat="59.94601910722778" lon="30.333670704329826">
				<ele>-3.0686086593195796</ele>
				<time>2025-06-30T15:27:13Z</time>
			</trkpt>
			<trkpt lat="59.946002932766376" lon="30.333692292598514">
				<ele>-3.9123511873185635</ele>
				<time>2025-06-30T15:27:15Z</time>
			</trkpt>
			<trkpt lat="59.945979753377635" lon="30.333713487474853">
				<ele>-0.5862991055473685</ele>
				<time>2025-06-30T15:27:17Z</time>
			</trkpt>
			<trkpt lat="59.94595279424558" lon="30.33373232273144">
				<ele>0.9538676962256432</ele>
				<time>2025-06-30T15:27:19Z</time>
			</trkpt>
			<trkpt lat="59.9459296916859" lon="30.333747972114907">
				<ele>-1.3043169425800443</ele>
				<time>2025-06-30T15:27:21Z</time>
			</trkpt>
			<trkpt lat="59.945911088613386" lon="30.333761785798437">
				<ele>-3.0199278248474</ele>
				<time>2025-06-30T15:27:23Z</time>
			</trkpt>
			<trkpt lat="59.945890162786625" lon="30.333769899922963">
				<ele>-1.0479623852297664</ele>
				<time>2025-06-30T15:27:26Z</time>
			</trkpt>
			<trkpt lat="59.94587204751053" lon="30.33378756531266">
				<ele>-0.39430858474224806</ele>
				<time>2025-06-30T15:27:29Z</time>
			</trkpt>
			<trkpt lat="59.945843189483504" lon="30.333810335126934">
				<ele>1.0216492768377066</ele>
				<time>2025-06-30T15:27:32Z</time>
			</trkpt>
			<trkpt lat="59.945817458838214" lon="30.333825278322255">
				<ele>-2.7513636415824294</ele>
				<time>2025-06-30T15:27:35Z</time>
			</trkpt>
			<trkpt lat="59.94579902383371" lon="30.333844202173218">
				<ele>-2.1616206597536802</ele>
				<time>2025-06-30T15:27:37Z</time>
			</trkpt>
			<trkpt lat="59.94581331486211" lon="30.333903887317692">
				<ele>9.478690489195287</ele>
				<time>2025-06-30T15:27:41Z</time>
			</trkpt>
			<trkpt lat="59.945794181118146" lon="30.333966283888014">
				<ele>6.9979189690202475</ele>
				<time>2025-06-30T15:27:44Z</time>
			</trkpt>
			<trkpt lat="59.94577996149088" lon="30.334013652413542">
				<ele>6.117327778600156</ele>
				<time>2025-06-30T15:27:46Z</time>
			</trkpt>
			<trkpt lat="59.94575214092358" lon="30.334034887332887">
				<ele>6.982385888695717</ele>
				<time>2025-06-30T15:27:48Z</time>
			</trkpt>
			<trkpt lat="59.94572491954813" lon="30.33402900954419">
				<ele>4.277969509363174</ele>
				<time>2025-06-30T15:27:50Z</time>
			</trkpt>
			<trkpt lat="59.94570339598868" lon="30.33404061441127">
				<ele>4.241246766410768</ele>
				<time>2025-06-30T15:27:52Z</time>
			</trkpt>
			<trkpt lat="59.94567650046752" lon="30.334051322719436">
				<ele>4.768376191146672</ele>
				<time>2025-06-30T15:27:54Z</time>
			</trkpt>
			<trkpt lat="59.945653559637776" lon="30.334057204541544">
				<ele>3.7898934558033943</ele>
				<time>2025-06-30T15:27:56Z</time>
			</trkpt>
			<trkpt lat="59.94563330348293" lon="30.334075641768713">
				<ele>3.5637812186032534</ele>
				<time>2025-06-30T15:27:58Z</time>
			</trkpt>
			<trkpt lat="59.94560892410036" lon="30.334080969750616">
				<ele>5.463070779107511</ele>
				<time>2025-06-30T15:28:00Z</time>
			</trkpt>
			<trkpt lat="59.94558298314268" lon="30.334100616858013">
				<ele>-0.6469153165817261</ele>
				<time>2025-06-30T15:28:03Z</time>
			</trkpt>
			<trkpt lat="59.94556330632969" lon="30.33412124980125">
				<ele>-0.6609308561310172</ele>
				<time>2025-06-30T15:28:05Z</time>
			</trkpt>
			<trkpt lat="59.945542944302694" lon="30.334142651774375">
				<ele>-1.6073124976828694</ele>
				<time>2025-06-30T15:28:07Z</time>
			</trkpt>
			<trkpt lat="59.94551843081688" lon="30.334154958114933">
				<ele>1.4762580785900354</ele>
				<time>2025-06-30T15:28:10Z</time>
			</trkpt>
			<trkpt lat="59.94550372213332" lon="30.33413101437866">
				<ele>0.5213007517158985</ele>
				<time>2025-06-30T15:28:11Z</time>
			</trkpt>
			<trkpt lat="59.94548455821726" lon="30.334167912357458">
				<ele>-4.525244654156268</ele>
				<time>2025-06-30T15:28:13Z</time>
			</trkpt>
			<trkpt lat="59.94545904766769" lon="30.33418350196058">
				<ele>-4.5242010951042175</ele>
				<time>2025-06-30T15:28:19Z</time>
			</trkpt>
			<trkpt lat="59.945441603069696" lon="30.334198176201106">
				<ele>-3.7236924339085817</ele>
				<time>2025-06-30T15:28:21Z</time>
			</trkpt>
			<trkpt lat="59.94545841020692" lon="30.334238698386145">
				<ele>-4.914994785562158</ele>
				<time>2025-06-30T15:28:22Z</time>
			</trkpt>
			<trkpt lat="59.94543331872759" lon="30.33420611446171">
				<ele>-5.536107630468905</ele>
				<time>2025-06-30T15:28:25Z</time>
			</trkpt>
			<trkpt lat="59.94539511248422" lon="30.33421571625093">
				<ele>-4.263033705763519</ele>
				<time>2025-06-30T15:28:27Z</time>
			</trkpt>
			<trkpt lat="59.945410203908416" lon="30.334246101397596">
				<ele>-9.289594641886652</ele>
				<time>2025-06-30T15:28:29Z</time>
			</trkpt>
			<trkpt lat="59.94541909955032" lon="30.334287475262684">
				<ele>-6.143389645032585</ele>
				<time>2025-06-30T15:28:30Z</time>
			</trkpt>
			<trkpt lat="59.945434108220596" lon="30.334331112527234">
				<ele>-4.107275726273656</ele>
				<time>2025-06-30T15:28:32Z</time>
			</trkpt>
			<trkpt lat="59.94543153212261" lon="30.33437198310107">
				<ele>-5.6198117434978485</ele>
				<time>2025-06-30T15:28:35Z</time>
			</trkpt>
			<trkpt lat="59.94544897470691" lon="30.334405963002922">
				<ele>-1.237834774889052</ele>
				<time>2025-06-30T15:28:37Z</time>
			</trkpt>
			<trkpt lat="59.94544540559644" lon="30.334448239496552">
				<ele>-5.281648688949645</ele>
				<time>2025-06-30T15:28:39Z</time>
			</trkpt>
			<trkpt lat="59.94546766588562" lon="30.334482924688917">
				<ele>-1.2547695208340883</ele>
				<time>2025-06-30T15:28:41Z</time>
			</trkpt>
			<trkpt lat="59.94547783220451" lon="30.334515057562097">
				<ele>-1.6408429890871048</ele>
				<time>2025-06-30T15:28:43Z</time>
			</trkpt>
			<trkpt lat="59.94548449397051" lon="30.334561177802545">
				<ele>-0.06653284188359976</ele>
				<time>2025-06-30T15:28:45Z</time>
			</trkpt>
			<trkpt lat="59.9454960195925" lon="30.334592954997">
				<ele>2.7799803093075752</ele>
				<time>2025-06-30T15:28:47Z</time>
			</trkpt>
			<trkpt lat="59.945500300324504" lon="30.334637763062165">
				<ele>-1.9363923920318484</ele>
				<time>2025-06-30T15:28:51Z</time>
			</trkpt>
			<trkpt lat="59.94549917115415" lon="30.334682128952007">
				<ele>0.3784104669466615</ele>
				<time>2025-06-30T15:28:55Z</time>
			</trkpt>
			<trkpt lat="59.945485644200275" lon="30.33473649321466">
				<ele>-2.3202960267663</ele>
				<time>2025-06-30T15:28:57Z</time>
			</trkpt>
			<trkpt lat="59.94549431826025" lon="30.33476922667112">
				<ele>-0.8778965985402465</ele>
				<time>2025-06-30T15:28:58Z</time>
			</trkpt>
			<trkpt lat="59.94553168608507" lon="30.334826058021093">
				<ele>1.8121784841641784</ele>
				<time>2025-06-30T15:29:00Z</time>
			</trkpt>
			<trkpt lat="59.945543365174196" lon="30.334867604962376">
				<ele>1.6371978912502527</ele>
				<time>2025-06-30T15:29:04Z</time>
			</trkpt>
			<trkpt lat="59.94554949477965" lon="30.33490274363665">
				<ele>2.0877698799595237</ele>
				<time>2025-06-30T15:29:08Z</time>
			</trkpt>
			<trkpt lat="59.945529823294066" lon="30.334946724966493">
				<ele>-1.2187072802335024</ele>
				<time>2025-06-30T15:29:11Z</time>
			</trkpt>
			<trkpt lat="59.94552030445217" lon="30.33501282512748">
				<ele>2.4184204302728176</ele>
				<time>2025-06-30T15:29:13Z</time>
			</trkpt>
			<trkpt lat="59.94551200061727" lon="30.33505408065117">
				<ele>4.5016604559496045</ele>
				<time>2025-06-30T15:29:15Z</time>
			</trkpt>
			<trkpt lat="59.945491880759754" lon="30.335108072613963">
				<ele>10.452387818135321</ele>
				<time>2025-06-30T15:29:16Z</time>
			</trkpt>
			<trkpt lat="59.94551187578696" lon="30.3351053474481">
				<ele>8.922637942247093</ele>
				<time>2025-06-30T15:29:17Z</time>
			</trkpt>
			<trkpt lat="59.94553143222186" lon="30.335116274530858">
				<ele>8.387057080864906</ele>
				<time>2025-06-30T15:29:21Z</time>
			</trkpt>
			<trkpt lat="59.94554939006517" lon="30.335166275449698">
				<ele>5.60837446898222</ele>
				<time>2025-06-30T15:29:25Z</time>
			</trkpt>
			<trkpt lat="59.945558140562774" lon="30.335207306866398">
				<ele>3.666284919716418</ele>
				<time>2025-06-30T15:29:29Z</time>
			</trkpt>
			<trkpt lat="59.94557341584143" lon="30.335229733034776">
				<ele>3.8172256257385015</ele>
				<time>2025-06-30T15:29:31Z</time>
			</trkpt>
			<trkpt lat="59.945597650312806" lon="30.33525817378886">
				<ele>4.807752524502575</ele>
				<time>2025-06-30T15:29:34Z</time>
			</trkpt>
			<trkpt lat="59.94560991475009" lon="30.335302902169424">
				<ele>1.5829082783311605</ele>
				<time>2025-06-30T15:29:37Z</time>
			</trkpt>
			<trkpt lat="59.94562201130947" lon="30.335335992801102">
				<ele>4.766522946767509</ele>
				<time>2025-06-30T15:29:39Z</time>
			</trkpt>
			<trkpt lat="59.945630312334586" lon="30.33536862228305">
				<ele>3.9485432114452124</ele>
				<time>2025-06-30T15:29:41Z</time>
			</trkpt>
			<trkpt lat="59.94565039142849" lon="30.335395831281602">
				<ele>10.120581784285605</ele>
				<time>2025-06-30T15:29:43Z</time>
			</trkpt>
			<trkpt lat="59.945664211053014" lon="30.335433388109497">
				<ele>9.719740502536297</ele>
				<time>2025-06-30T15:29:45Z</time>
			</trkpt>
			<trkpt lat="59.94564830905211" lon="30.335501212220297">
				<ele>4.127967193722725</ele>
				<time>2025-06-30T15:29:47Z</time>
			</trkpt>
			<trkpt lat="59.94566458637004" lon="30.335542109500864">
				<ele>5.224372590892017</ele>
				<time>2025-06-30T15:29:50Z</time>
			</trkpt>
			<trkpt lat="59.9456706276609" lon="30.335592555949624">
				<ele>3.5119370641186833</ele>
				<time>2025-06-30T15:29:53Z</time>
			</trkpt>
			<trkpt lat="59.94568197026892" lon="30.33563981238733">
				<ele>5.174227204173803</ele>
				<time>2025-06-30T15:29:55Z</time>
			</trkpt>
			<trkpt lat="59.94569583860661" lon="30.335696918743118">
				<ele>3.058259479701519</ele>
				<time>2025-06-30T15:29:58Z</time>
			</trkpt>
			<trkpt lat="59.94569677822975" lon="30.335736758490462">
				<ele>3.3050979282706976</ele>
				<time>2025-06-30T15:30:00Z</time>
			</trkpt>
			<trkpt lat="59.94571118588578" lon="30.335772297488763">
				<ele>6.450622349046171</ele>
				<time>2025-06-30T15:30:05Z</time>
			</trkpt>
			<trkpt lat="59.94571563893955" lon="30.33581480514856">
				<ele>4.270424309186637</ele>
				<time>2025-06-30T15:30:07Z</time>
			</trkpt>
			<trkpt lat="59.94572568402509" lon="30.335849917801927">
				<ele>4.746041820384562</ele>
				<time>2025-06-30T15:30:12Z</time>
			</trkpt>
			<trkpt lat="59.94574752648228" lon="30.335808568567593">
				<ele>-0.9525608699768782</ele>
				<time>2025-06-30T15:30:14Z</time>
			</trkpt>
			<trkpt lat="59.94576175936703" lon="30.335756620075866">
				<ele>-2.112173058092594</ele>
				<time>2025-06-30T15:30:16Z</time>
			</trkpt>
			<trkpt lat="59.94578462073085" lon="30.335736250009408">
				<ele>-2.035036249086261</ele>
				<time>2025-06-30T15:30:18Z</time>
			</trkpt>
			<trkpt lat="59.945793030873766" lon="30.335701433134208">
				<ele>-5.950890553183854</ele>
				<time>2025-06-30T15:30:20Z</time>
			</trkpt>
			<trkpt lat="59.94581767631588" lon="30.33569070584141">
				<ele>-0.9829394873231649</ele>
				<time>2025-06-30T15:30:23Z</time>
			</trkpt>
			<trkpt lat="59.945846179573685" lon="30.33567333950143">
				<ele>-4.1395963272079825</ele>
				<time>2025-06-30T15:30:27Z</time>
			</trkpt>
			<trkpt lat="59.945865687784604" lon="30.335658787773017">
				<ele>-1.0040175188332796</ele>
				<time>2025-06-30T15:30:28Z</time>
			</trkpt>
			<trkpt lat="59.94588758111666" lon="30.33562987012997">
				<ele>1.5085356086492538</ele>
				<time>2025-06-30T15:30:30Z</time>
			</trkpt>
			<trkpt lat="59.945906754603094" lon="30.335607681531425">
				<ele>5.55877273157239</ele>
				<time>2025-06-30T15:30:31Z</time>
			</trkpt>
			<trkpt lat="59.94591976017966" lon="30.3355791518909">
				<ele>0.021326310001313686</ele>
				<time>2025-06-30T15:30:36Z</time>
			</trkpt>
			<trkpt lat="59.94594954143484" lon="30.335557776576614">
				<ele>1.417496302165091</ele>
				<time>2025-06-30T15:30:39Z</time>
			</trkpt>
			<trkpt lat="59.945960335846515" lon="30.335526387751532">
				<ele>-3.7823223751038313</ele>
				<time>2025-06-30T15:30:42Z</time>
			</trkpt>
			<trkpt lat="59.94599205024989" lon="30.33552249200319">
				<ele>-2.1292833602055907</ele>
				<time>2025-06-30T15:30:46Z</time>
			</trkpt>
			<trkpt lat="59.9460150769099" lon="30.335518106328916">
				<ele>-0.9304541498422623</ele>
				<time>2025-06-30T15:30:48Z</time>
			</trkpt>
			<trkpt lat="59.94603324899902" lon="30.3354890574361">
				<ele>0.5833705216646194</ele>
				<time>2025-06-30T15:30:50Z</time>
			</trkpt>
			<trkpt lat="59.946048273967264" lon="30.335451192060052">
				<ele>-0.42806963436305523</ele>
				<time>2025-06-30T15:30:53Z</time>
			</trkpt>
			<trkpt lat="59.9460693280961" lon="30.335447071553418">
				<ele>-2.465599926188588</ele>
				<time>2025-06-30T15:30:57Z</time>
			</trkpt>
			<trkpt lat="59.94606218603221" lon="30.335407930855308">
				<ele>-0.36512462329119444</ele>
				<time>2025-06-30T15:30:59Z</time>
			</trkpt>
			<trkpt lat="59.94605451105811" lon="30.33536783527018">
				<ele>-1.814024473540485</ele>
				<time>2025-06-30T15:31:01Z</time>
			</trkpt>
			<trkpt lat="59.94605029874347" lon="30.335329754800437">
				<ele>-6.135566161945462</ele>
				<time>2025-06-30T15:31:03Z</time>
			</trkpt>
			<trkpt lat="59.94604622677826" lon="30.335277064129933">
				<ele>-4.139032087288797</ele>
				<time>2025-06-30T15:31:05Z</time>
			</trkpt>
			<trkpt lat="59.94604405019034" lon="30.335231054244595">
				<ele>-2.6404177863150835</ele>
				<time>2025-06-30T15:31:06Z</time>
			</trkpt>
			<trkpt lat="59.94603180080917" lon="30.335193127496428">
				<ele>-3.6731947865337133</ele>
				<time>2025-06-30T15:31:08Z</time>
			</trkpt>
			<trkpt lat="59.94601404243612" lon="30.335159254237457">
				<ele>-5.599196131341159</ele>
				<time>2025-06-30T15:31:11Z</time>
			</trkpt>
			<trkpt lat="59.94601601771528" lon="30.33511428275792">
				<ele>-4.39589349552989</ele>
				<time>2025-06-30T15:31:13Z</time>
			</trkpt>
			<trkpt lat="59.946004435682276" lon="30.33505876657572">
				<ele>-4.19053718727082</ele>
				<time>2025-06-30T15:31:16Z</time>
			</trkpt>
			<trkpt lat="59.94600659656553" lon="30.33500638329565">
				<ele>-4.778426252305508</ele>
				<time>2025-06-30T15:31:19Z</time>
			</trkpt>
			<trkpt lat="59.94599720077426" lon="30.334962047595727">
				<ele>-3.366642713546753</ele>
				<time>2025-06-30T15:31:21Z</time>
			</trkpt>
			<trkpt lat="59.94597914405539" lon="30.334894777166376">
				<ele>-2.9632912650704384</ele>
				<time>2025-06-30T15:31:24Z</time>
			</trkpt>
			<trkpt lat="59.94595239726972" lon="30.33487605635544">
				<ele>-2.3983379947021604</ele>
				<time>2025-06-30T15:31:27Z</time>
			</trkpt>
			<trkpt lat="59.94593478497438" lon="30.334866148368118">
				<ele>-3.157754641957581</ele>
				<time>2025-06-30T15:31:29Z</time>
			</trkpt>
			<trkpt lat="59.945915179326086" lon="30.33485293085812">
				<ele>-3.526006007567048</ele>
				<time>2025-06-30T15:31:33Z</time>
			</trkpt>
			<trkpt lat="59.94589856871091" lon="30.334835273856264">
				<ele>-3.9650071952492</ele>
				<time>2025-06-30T15:31:35Z</time>
			</trkpt>
			<trkpt lat="59.94587909179428" lon="30.334830948869577">
				<ele>-3.5636542420834303</ele>
				<time>2025-06-30T15:31:36Z</time>
			</trkpt>
			<trkpt lat="59.94585641820168" lon="30.334858778271247">
				<ele>-0.3919807290658355</ele>
				<time>2025-06-30T15:31:38Z</time>
			</trkpt>
			<trkpt lat="59.945818900896185" lon="30.334878454801824">
				<ele>-1.6807692926377058</ele>
				<time>2025-06-30T15:31:41Z</time>
			</trkpt>
			<trkpt lat="59.94579463328576" lon="30.334894740876294">
				<ele>4.039183153770864</ele>
				<time>2025-06-30T15:31:42Z</time>
			</trkpt>
			<trkpt lat="59.94576901891919" lon="30.33494344103077">
				<ele>0.14478349685668945</ele>
				<time>2025-06-30T15:31:46Z</time>
			</trkpt>
			<trkpt lat="59.94574046220808" lon="30.334956540868475">
				<ele>1.7631183192133904</ele>
				<time>2025-06-30T15:31:48Z</time>
			</trkpt>
			<trkpt lat="59.94572683876212" lon="30.334984111546916">
				<ele>3.941680394113064</ele>
				<time>2025-06-30T15:31:50Z</time>
			</trkpt>
			<trkpt lat="59.94570973393292" lon="30.334999548070318">
				<ele>2.8219221839681268</ele>
				<time>2025-06-30T15:31:51Z</time>
			</trkpt>
			<trkpt lat="59.94569109157604" lon="30.335024047002253">
				<ele>2.7025594199076295</ele>
				<time>2025-06-30T15:31:54Z</time>
			</trkpt>
			<trkpt lat="59.9456670976425" lon="30.335034243156137">
				<ele>5.626168896444142</ele>
				<time>2025-06-30T15:31:56Z</time>
			</trkpt>
			<trkpt lat="59.94564788959687" lon="30.335050781980577">
				<ele>5.163510008715093</ele>
				<time>2025-06-30T15:31:58Z</time>
			</trkpt>
			<trkpt lat="59.945611788159795" lon="30.335045739534245">
				<ele>6.154746608808637</ele>
				<time>2025-06-30T15:32:00Z</time>
			</trkpt>
			<trkpt lat="59.94558607581467" lon="30.335029827172235">
				<ele>7.630669316276908</ele>
				<time>2025-06-30T15:32:01Z</time>
			</trkpt>
			<trkpt lat="59.945562923090264" lon="30.33501474265743">
				<ele>8.883809084072709</ele>
				<time>2025-06-30T15:32:02Z</time>
			</trkpt>
			<trkpt lat="59.94556706329293" lon="30.334963329342497">
				<ele>5.500180923379958</ele>
				<time>2025-06-30T15:32:04Z</time>
			</trkpt>
			<trkpt lat="59.94555749841209" lon="30.334928080505225">
				<ele>5.731484328396618</ele>
				<time>2025-06-30T15:32:06Z</time>
			</trkpt>
			<trkpt lat="59.94553297475377" lon="30.334901586654507">
				<ele>7.395796208642423</ele>
				<time>2025-06-30T15:32:08Z</time>
			</trkpt>
			<trkpt lat="59.94552980470506" lon="30.334937493433838">
				<ele>2.555127527564764</ele>
				<time>2025-06-30T15:32:13Z</time>
			</trkpt>
			<trkpt lat="59.945502296824834" lon="30.334976926093788">
				<ele>-0.6450860425829887</ele>
				<time>2025-06-30T15:32:16Z</time>
			</trkpt>
			<trkpt lat="59.94548320618172" lon="30.334998223391214">
				<ele>-2.415043942630291</ele>
				<time>2025-06-30T15:32:17Z</time>
			</trkpt>
			<trkpt lat="59.94549467464853" lon="30.335038196294274">
				<ele>1.000240782275796</ele>
				<time>2025-06-30T15:32:19Z</time>
			</trkpt>
			<trkpt lat="59.945493470151824" lon="30.335086353280186">
				<ele>1.9764747777953744</ele>
				<time>2025-06-30T15:32:21Z</time>
			</trkpt>
			<trkpt lat="59.94548705720827" lon="30.335126739747878">
				<ele>2.868047039024532</ele>
				<time>2025-06-30T15:32:23Z</time>
			</trkpt>
			<trkpt lat="59.94546790877862" lon="30.33514839538041">
				<ele>2.707105677574873</ele>
				<time>2025-06-30T15:32:26Z</time>
			</trkpt>
			<trkpt lat="59.94544720193167" lon="30.335157078933772">
				<ele>0.889347929507494</ele>
				<time>2025-06-30T15:32:28Z</time>
			</trkpt>
			<trkpt lat="59.9454348514626" lon="30.335185332136586">
				<ele>-4.091897345148027</ele>
				<time>2025-06-30T15:32:30Z</time>
			</trkpt>
			<trkpt lat="59.94540469794655" lon="30.33521006981773">
				<ele>0.860722522251308</ele>
				<time>2025-06-30T15:32:32Z</time>
			</trkpt>
			<trkpt lat="59.94538019701656" lon="30.335227142294062">
				<ele>-1.7544768527150154</ele>
				<time>2025-06-30T15:32:34Z</time>
			</trkpt>
			<trkpt lat="59.94536022835745" lon="30.335219343269664">
				<ele>-3.6561620756983757</ele>
				<time>2025-06-30T15:32:36Z</time>
			</trkpt>
			<trkpt lat="59.94533867299648" lon="30.33522555370435">
				<ele>-2.1198037192225456</ele>
				<time>2025-06-30T15:32:38Z</time>
			</trkpt>
			<trkpt lat="59.9453108112717" lon="30.335243091151824">
				<ele>-2.675278041511774</ele>
				<time>2025-06-30T15:32:40Z</time>
			</trkpt>
			<trkpt lat="59.94529245614186" lon="30.33522943057479">
				<ele>-7.469753749668598</ele>
				<time>2025-06-30T15:32:42Z</time>
			</trkpt>
			<trkpt lat="59.945267836019944" lon="30.3352469044111">
				<ele>-4.087002219632268</ele>
				<time>2025-06-30T15:32:45Z</time>
			</trkpt>
			<trkpt lat="59.94524761233449" lon="30.335242682016293">
				<ele>-6.600837132893503</ele>
				<time>2025-06-30T15:32:47Z</time>
			</trkpt>
			<trkpt lat="59.945231279191404" lon="30.335262894336356">
				<ele>-6.064271109178662</ele>
				<time>2025-06-30T15:32:50Z</time>
			</trkpt>
			<trkpt lat="59.945213542415765" lon="30.335275744464866">
				<ele>-6.379466881975532</ele>
				<time>2025-06-30T15:32:52Z</time>
			</trkpt>
			<trkpt lat="59.94519782485658" lon="30.33530363949827">
				<ele>-5.3688296834006906</ele>
				<time>2025-06-30T15:32:55Z</time>
			</trkpt>
			<trkpt lat="59.94518384801568" lon="30.335329681544554">
				<ele>-3.975237495265901</ele>
				<time>2025-06-30T15:32:57Z</time>
			</trkpt>
			<trkpt lat="59.94515634990129" lon="30.33533275838353">
				<ele>-0.12633005250245333</ele>
				<time>2025-06-30T15:32:59Z</time>
			</trkpt>
			<trkpt lat="59.94511848104978" lon="30.335339922665664">
				<ele>-2.9751603649929166</ele>
				<time>2025-06-30T15:33:01Z</time>
			</trkpt>
			<trkpt lat="59.94509578316435" lon="30.335369964414525">
				<ele>0.2988748671486974</ele>
				<time>2025-06-30T15:33:03Z</time>
			</trkpt>
			<trkpt lat="59.94507704643436" lon="30.33539890125986">
				<ele>-1.0548763498663902</ele>
				<time>2025-06-30T15:33:06Z</time>
			</trkpt>
			<trkpt lat="59.94505669628051" lon="30.335399730331705">
				<ele>-3.2447677673771977</ele>
				<time>2025-06-30T15:33:07Z</time>
			</trkpt>
			<trkpt lat="59.94503758666857" lon="30.33541102675696">
				<ele>-3.7103999853134155</ele>
				<time>2025-06-30T15:33:09Z</time>
			</trkpt>
			<trkpt lat="59.945009621960445" lon="30.335431524246964">
				<ele>-0.2032191501930356</ele>
				<time>2025-06-30T15:33:11Z</time>
			</trkpt>
			<trkpt lat="59.94498481047682" lon="30.33545160778262">
				<ele>-0.5953048327937722</ele>
				<time>2025-06-30T15:33:13Z</time>
			</trkpt>
			<trkpt lat="59.94495537902072" lon="30.33547047242665">
				<ele>-0.23000202048569918</ele>
				<time>2025-06-30T15:33:15Z</time>
			</trkpt>
			<trkpt lat="59.94493871817703" lon="30.33549800563034">
				<ele>3.2712981598451734</ele>
				<time>2025-06-30T15:33:18Z</time>
			</trkpt>
			<trkpt lat="59.944920156857364" lon="30.33550464496495">
				<ele>-1.9118427596986294</ele>
				<time>2025-06-30T15:33:21Z</time>
			</trkpt>
			<trkpt lat="59.94490112266843" lon="30.335533844011728">
				<ele>1.7456400115042925</ele>
				<time>2025-06-30T15:33:24Z</time>
			</trkpt>
			<trkpt lat="59.944879353732915" lon="30.335549806043957">
				<ele>-1.9725336777046323</ele>
				<time>2025-06-30T15:33:26Z</time>
			</trkpt>
			<trkpt lat="59.94485828000101" lon="30.335555170046973">
				<ele>-0.12048884388059378</ele>
				<time>2025-06-30T15:33:28Z</time>
			</trkpt>
			<trkpt lat="59.944833876150696" lon="30.33557024501415">
				<ele>0.7222533645108342</ele>
				<time>2025-06-30T15:33:30Z</time>
			</trkpt>
			<trkpt lat="59.94480978141605" lon="30.335576643599452">
				<ele>5.244968390092254</ele>
				<time>2025-06-30T15:33:32Z</time>
			</trkpt>
			<trkpt lat="59.94478782679966" lon="30.335586796785076">
				<ele>0.7060884153470397</ele>
				<time>2025-06-30T15:33:34Z</time>
			</trkpt>
			<trkpt lat="59.94477192503303" lon="30.335609708744563">
				<ele>1.2686675004661083</ele>
				<time>2025-06-30T15:33:37Z</time>
			</trkpt>
			<trkpt lat="59.944746069994565" lon="30.335616428002677">
				<ele>-0.8303289236500859</ele>
				<time>2025-06-30T15:33:39Z</time>
			</trkpt>
			<trkpt lat="59.94471895791418" lon="30.33562779207399">
				<ele>-0.36079611349850893</ele>
				<time>2025-06-30T15:33:42Z</time>
			</trkpt>
			<trkpt lat="59.9447134988328" lon="30.33566864858488">
				<ele>3.31557924952358</ele>
				<time>2025-06-30T15:33:45Z</time>
			</trkpt>
			<trkpt lat="59.944695262387135" lon="30.335678206501665">
				<ele>-0.6752429725602269</ele>
				<time>2025-06-30T15:33:48Z</time>
			</trkpt>
			<trkpt lat="59.944664116287626" lon="30.33569034284386">
				<ele>-1.96449432708323</ele>
				<time>2025-06-30T15:33:50Z</time>
			</trkpt>
			<trkpt lat="59.944644303342656" lon="30.335715183483742">
				<ele>2.1814370434731245</ele>
				<time>2025-06-30T15:33:52Z</time>
			</trkpt>
			<trkpt lat="59.94461372344277" lon="30.33574702905098">
				<ele>1.3985545355826616</ele>
				<time>2025-06-30T15:33:54Z</time>
			</trkpt>
			<trkpt lat="59.94458901676906" lon="30.335757357395025">
				<ele>-0.996069397777319</ele>
				<time>2025-06-30T15:33:55Z</time>
			</trkpt>
			<trkpt lat="59.94456272375921" lon="30.335778459614303">
				<ele>-0.5297213168814778</ele>
				<time>2025-06-30T15:33:57Z</time>
			</trkpt>
			<trkpt lat="59.944546955629136" lon="30.335800953535973">
				<ele>2.369106505997479</ele>
				<time>2025-06-30T15:33:59Z</time>
			</trkpt>
			<trkpt lat="59.94452270597924" lon="30.335803344916762">
				<ele>3.0942618120461702</ele>
				<time>2025-06-30T15:34:02Z</time>
			</trkpt>
			<trkpt lat="59.94450444912845" lon="30.3358251172536">
				<ele>2.6121055968105793</ele>
				<time>2025-06-30T15:34:04Z</time>
			</trkpt>
			<trkpt lat="59.94447791441649" lon="30.335857438494486">
				<ele>3.965515907853842</ele>
				<time>2025-06-30T15:34:08Z</time>
			</trkpt>
			<trkpt lat="59.94443961602754" lon="30.335871186643548">
				<ele>-0.3402290791273117</ele>
				<time>2025-06-30T15:34:10Z</time>
			</trkpt>
			<trkpt lat="59.9444160132811" lon="30.335887244307965">
				<ele>2.379484010860324</ele>
				<time>2025-06-30T15:34:12Z</time>
			</trkpt>
			<trkpt lat="59.94439803928093" lon="30.335897768084198">
				<ele>3.7211359133943915</ele>
				<time>2025-06-30T15:34:13Z</time>
			</trkpt>
			<trkpt lat="59.94437177272472" lon="30.335876727063432">
				<ele>-0.4707599375396967</ele>
				<time>2025-06-30T15:34:15Z</time>
			</trkpt>
			<trkpt lat="59.944353073906164" lon="30.335902849824937">
				<ele>2.6250344049185514</ele>
				<time>2025-06-30T15:34:18Z</time>
			</trkpt>
			<trkpt lat="59.94432602960201" lon="30.335902385063516">
				<ele>0.8538509327918291</ele>
				<time>2025-06-30T15:34:21Z</time>
			</trkpt>
			<trkpt lat="59.94430371678282" lon="30.335919699755518">
				<ele>-2.2351376209408045</ele>
				<time>2025-06-30T15:34:24Z</time>
			</trkpt>
			<trkpt lat="59.944283578020766" lon="30.33593375223196">
				<ele>0.7497233422473073</ele>
				<time>2025-06-30T15:34:26Z</time>
			</trkpt>
			<trkpt lat="59.94426882024282" lon="30.33596075591244">
				<ele>-2.105189555324614</ele>
				<time>2025-06-30T15:34:28Z</time>
			</trkpt>
			<trkpt lat="59.944246849220335" lon="30.33597620650609">
				<ele>0.15813447907567024</ele>
				<time>2025-06-30T15:34:30Z</time>
			</trkpt>
			<trkpt lat="59.944223049272026" lon="30.336002976835307">
				<ele>0.24616474471986294</ele>
				<time>2025-06-30T15:34:32Z</time>
			</trkpt>
			<trkpt lat="59.944196550581204" lon="30.33602430563244">
				<ele>-1.1037994651123881</ele>
				<time>2025-06-30T15:34:35Z</time>
			</trkpt>
			<trkpt lat="59.944176507706544" lon="30.33604419040268">
				<ele>-4.975326397456229</ele>
				<time>2025-06-30T15:34:37Z</time>
			</trkpt>
			<trkpt lat="59.944156061414255" lon="30.33606604580601">
				<ele>-2.5112030832096934</ele>
				<time>2025-06-30T15:34:39Z</time>
			</trkpt>
			<trkpt lat="59.94412400157272" lon="30.336094622406446">
				<ele>2.4769888892769814</ele>
				<time>2025-06-30T15:34:41Z</time>
			</trkpt>
			<trkpt lat="59.94409907967364" lon="30.336108588611776">
				<ele>1.5691492119804025</ele>
				<time>2025-06-30T15:34:43Z</time>
			</trkpt>
			<trkpt lat="59.94407834833475" lon="30.336121111312632">
				<ele>1.8312835553660989</ele>
				<time>2025-06-30T15:34:45Z</time>
			</trkpt>
			<trkpt lat="59.94406536219311" lon="30.336149827668496">
				<ele>2.687374046072364</ele>
				<time>2025-06-30T15:34:47Z</time>
			</trkpt>
			<trkpt lat="59.94404342771244" lon="30.336146484813362">
				<ele>-0.42887770757079124</ele>
				<time>2025-06-30T15:34:49Z</time>
			</trkpt>
			<trkpt lat="59.9440216031777" lon="30.33617185819967">
				<ele>2.82807051576674</ele>
				<time>2025-06-30T15:34:53Z</time>
			</trkpt>
			<trkpt lat="59.943997320300895" lon="30.336181600238227">
				<ele>3.4279430247843266</ele>
				<time>2025-06-30T15:34:55Z</time>
			</trkpt>
			<trkpt lat="59.943971171946934" lon="30.336180829639336">
				<ele>3.5847329990938306</ele>
				<time>2025-06-30T15:34:57Z</time>
			</trkpt>
			<trkpt lat="59.94395890989809" lon="30.336212724926398">
				<ele>3.481690241023898</ele>
				<time>2025-06-30T15:34:59Z</time>
			</trkpt>
			<trkpt lat="59.94393605301205" lon="30.336223161232066">
				<ele>4.440397906117141</ele>
				<time>2025-06-30T15:35:01Z</time>
			</trkpt>
			<trkpt lat="59.94391336047565" lon="30.33622023397302">
				<ele>-0.11151848267763853</ele>
				<time>2025-06-30T15:35:05Z</time>
			</trkpt>
			<trkpt lat="59.94389740138066" lon="30.336240516105974">
				<ele>3.758783595636487</ele>
				<time>2025-06-30T15:35:07Z</time>
			</trkpt>
			<trkpt lat="59.943880160993594" lon="30.336224756579604">
				<ele>-0.8875852897763252</ele>
				<time>2025-06-30T15:35:08Z</time>
			</trkpt>
			<trkpt lat="59.943858481919335" lon="30.33623114677796">
				<ele>-3.2734157806262374</ele>
				<time>2025-06-30T15:35:10Z</time>
			</trkpt>
			<trkpt lat="59.943838662241305" lon="30.336239189669094">
				<ele>-3.6197501830756664</ele>
				<time>2025-06-30T15:35:12Z</time>
			</trkpt>
			<trkpt lat="59.943817471186435" lon="30.336250951366566">
				<ele>-1.924452319741249</ele>
				<time>2025-06-30T15:35:14Z</time>
			</trkpt>
			<trkpt lat="59.94379145749802" lon="30.336264741323653">
				<ele>-3.5637858184054494</ele>
				<time>2025-06-30T15:35:16Z</time>
			</trkpt>
			<trkpt lat="59.94377461796322" lon="30.336290640286013">
				<ele>-1.9702770905569196</ele>
				<time>2025-06-30T15:35:19Z</time>
			</trkpt>
			<trkpt lat="59.94375759363441" lon="30.336325905420296">
				<ele>2.100940514355898</ele>
				<time>2025-06-30T15:35:21Z</time>
			</trkpt>
			<trkpt lat="59.94373963600606" lon="30.336346656325333">
				<ele>1.1519446922466159</ele>
				<time>2025-06-30T15:35:23Z</time>
			</trkpt>
			<trkpt lat="59.943722641948575" lon="30.336365965182402">
				<ele>-1.885180956684053</ele>
				<time>2025-06-30T15:35:25Z</time>
			</trkpt>
			<trkpt lat="59.94370190153269" lon="30.336390325876955">
				<ele>0.7179579893127084</ele>
				<time>2025-06-30T15:35:27Z</time>
			</trkpt>
			<trkpt lat="59.94368095528404" lon="30.336399344132403">
				<ele>-1.979678182862699</ele>
				<time>2025-06-30T15:35:29Z</time>
			</trkpt>
			<trkpt lat="59.94365933897955" lon="30.33640524817207">
				<ele>-1.417567377910018</ele>
				<time>2025-06-30T15:35:31Z</time>
			</trkpt>
			<trkpt lat="59.94363736820921" lon="30.336416072813734">
				<ele>-0.12338568363338709</ele>
				<time>2025-06-30T15:35:33Z</time>
			</trkpt>
			<trkpt lat="59.94360996655045" lon="30.336417283562966">
				<ele>-0.30058392882347107</ele>
				<time>2025-06-30T15:35:35Z</time>
			</trkpt>
			<trkpt lat="59.94358326825783" lon="30.336430973334952">
				<ele>-1.7849492663517594</ele>
				<time>2025-06-30T15:35:37Z</time>
			</trkpt>
			<trkpt lat="59.94356174562445" lon="30.33644464818705">
				<ele>0.7544683171436191</ele>
				<time>2025-06-30T15:35:38Z</time>
			</trkpt>
			<trkpt lat="59.943543554055985" lon="30.33648770730027">
				<ele>2.3247268134728074</ele>
				<time>2025-06-30T15:35:41Z</time>
			</trkpt>
			<trkpt lat="59.94352700817797" lon="30.336511087246386">
				<ele>-0.3486236482858658</ele>
				<time>2025-06-30T15:35:43Z</time>
			</trkpt>
			<trkpt lat="59.94350273205223" lon="30.336531196114365">
				<ele>2.3437404120340943</ele>
				<time>2025-06-30T15:35:46Z</time>
			</trkpt>
			<trkpt lat="59.943479965075134" lon="30.336539333938095">
				<ele>6.583896446041763</ele>
				<time>2025-06-30T15:35:49Z</time>
			</trkpt>
			<trkpt lat="59.943459073904094" lon="30.336556543063228">
				<ele>4.269248113967478</ele>
				<time>2025-06-30T15:35:52Z</time>
			</trkpt>
			<trkpt lat="59.943437182559606" lon="30.33658493169795">
				<ele>7.108821786008775</ele>
				<time>2025-06-30T15:35:54Z</time>
			</trkpt>
			<trkpt lat="59.94341216389965" lon="30.336593572234346">
				<ele>4.52372798230499</ele>
				<time>2025-06-30T15:35:56Z</time>
			</trkpt>
			<trkpt lat="59.94339607841658" lon="30.336635804912863">
				<ele>6.334519185125828</ele>
				<time>2025-06-30T15:35:58Z</time>
			</trkpt>
			<trkpt lat="59.94339241752168" lon="30.33667364566107">
				<ele>6.600798579864204</ele>
				<time>2025-06-30T15:36:00Z</time>
			</trkpt>
			<trkpt lat="59.94337456225418" lon="30.336682718645044">
				<ele>2.7631683042272925</ele>
				<time>2025-06-30T15:36:02Z</time>
			</trkpt>
			<trkpt lat="59.9433535940157" lon="30.336671728074244">
				<ele>1.774909139610827</ele>
				<time>2025-06-30T15:36:04Z</time>
			</trkpt>
			<trkpt lat="59.943333062201816" lon="30.336657275325557">
				<ele>1.2420698972418904</ele>
				<time>2025-06-30T15:36:07Z</time>
			</trkpt>
			<trkpt lat="59.943298629633674" lon="30.33670037991991">
				<ele>3.52574070263654</ele>
				<time>2025-06-30T15:36:10Z</time>
			</trkpt>
			<trkpt lat="59.94327987211662" lon="30.336698992596112">
				<ele>2.956531846895814</ele>
				<time>2025-06-30T15:36:11Z</time>
			</trkpt>
			<trkpt lat="59.943258931650895" lon="30.336734592911036">
				<ele>7.822738270275295</ele>
				<time>2025-06-30T15:36:13Z</time>
			</trkpt>
			<trkpt lat="59.94323244066345" lon="30.33673969588548">
				<ele>4.236245978623629</ele>
				<time>2025-06-30T15:36:15Z</time>
			</trkpt>
			<trkpt lat="59.943213459313974" lon="30.336743332181495">
				<ele>5.331790318712592</ele>
				<time>2025-06-30T15:36:16Z</time>
			</trkpt>
			<trkpt lat="59.94318329346869" lon="30.336777741832623">
				<ele>9.138058757409453</ele>
				<time>2025-06-30T15:36:18Z</time>
			</trkpt>
			<trkpt lat="59.943165723539835" lon="30.336794445325985">
				<ele>10.37410807237029</ele>
				<time>2025-06-30T15:36:19Z</time>
			</trkpt>
			<trkpt lat="59.943143574938524" lon="30.336799472429462">
				<ele>5.645847202278674</ele>
				<time>2025-06-30T15:36:23Z</time>
			</trkpt>
			<trkpt lat="59.9431196363304" lon="30.336810313615594">
				<ele>4.24584387242794</ele>
				<time>2025-06-30T15:36:25Z</time>
			</trkpt>
			<trkpt lat="59.94310132921518" lon="30.336838269542575">
				<ele>4.4904606975615025</ele>
				<time>2025-06-30T15:36:28Z</time>
			</trkpt>
			<trkpt lat="59.94307343030776" lon="30.336840329406442">
				<ele>5.586174331605434</ele>
				<time>2025-06-30T15:36:30Z</time>
			</trkpt>
			<trkpt lat="59.94304571475779" lon="30.336853152837524">
				<ele>1.6394918225705624</ele>
				<time>2025-06-30T15:36:33Z</time>
			</trkpt>
			<trkpt lat="59.943034391253185" lon="30.336883046878246">
				<ele>1.6478415494784713</ele>
				<time>2025-06-30T15:36:36Z</time>
			</trkpt>
			<trkpt lat="59.943011574006036" lon="30.33689133801856">
				<ele>-0.18972096499055624</ele>
				<time>2025-06-30T15:36:39Z</time>
			</trkpt>
			<trkpt lat="59.94299274367312" lon="30.336895744730928">
				<ele>-3.9120460525155067</ele>
				<time>2025-06-30T15:36:41Z</time>
			</trkpt>
			<trkpt lat="59.94297254255085" lon="30.336903544195874">
				<ele>-0.35139557626098394</ele>
				<time>2025-06-30T15:36:44Z</time>
			</trkpt>
			<trkpt lat="59.94295190633733" lon="30.336916726644116">
				<ele>-3.8464599614962935</ele>
				<time>2025-06-30T15:36:46Z</time>
			</trkpt>
			<trkpt lat="59.94293425659298" lon="30.33692817874172">
				<ele>-4.339060046710074</ele>
				<time>2025-06-30T15:36:48Z</time>
			</trkpt>
			<trkpt lat="59.94291056708121" lon="30.336942336576254">
				<ele>-2.5335007291287184</ele>
				<time>2025-06-30T15:36:50Z</time>
			</trkpt>
			<trkpt lat="59.94288561139613" lon="30.336958199965554">
				<ele>-5.4391314424574375</ele>
				<time>2025-06-30T15:36:52Z</time>
			</trkpt>
			<trkpt lat="59.94286600683133" lon="30.336960054390758">
				<ele>-6.315026750788093</ele>
				<time>2025-06-30T15:36:54Z</time>
			</trkpt>
			<trkpt lat="59.94284817563466" lon="30.336972731039005">
				<ele>-4.090762077830732</ele>
				<time>2025-06-30T15:36:56Z</time>
			</trkpt>
			<trkpt lat="59.94282543590236" lon="30.336988589306262">
				<ele>-6.149628107436001</ele>
				<time>2025-06-30T15:36:58Z</time>
			</trkpt>
			<trkpt lat="59.94280302020988" lon="30.33699421587873">
				<ele>-7.881232935003936</ele>
				<time>2025-06-30T15:37:01Z</time>
			</trkpt>
			<trkpt lat="59.94278306823062" lon="30.337022324188634">
				<ele>-4.815589211881161</ele>
				<time>2025-06-30T15:37:04Z</time>
			</trkpt>
			<trkpt lat="59.94276379415547" lon="30.337026369314113">
				<ele>-6.1534048188477755</ele>
				<time>2025-06-30T15:37:06Z</time>
			</trkpt>
			<trkpt lat="59.94274043785824" lon="30.33704478280552">
				<ele>-9.468934184871614</ele>
				<time>2025-06-30T15:37:08Z</time>
			</trkpt>
			<trkpt lat="59.94272049369369" lon="30.337058860521662">
				<ele>-6.139902461320162</ele>
				<time>2025-06-30T15:37:10Z</time>
			</trkpt>
			<trkpt lat="59.942695208205706" lon="30.337073049335732">
				<ele>-2.5046974578872323</ele>
				<time>2025-06-30T15:37:12Z</time>
			</trkpt>
			<trkpt lat="59.94267632059101" lon="30.337104169128708">
				<ele>-3.6891427412629128</ele>
				<time>2025-06-30T15:37:14Z</time>
			</trkpt>
			<trkpt lat="59.94265254654586" lon="30.337118756673238">
				<ele>-2.439948098734021</ele>
				<time>2025-06-30T15:37:16Z</time>
			</trkpt>
			<trkpt lat="59.94263325056941" lon="30.337136948869535">
				<ele>-1.8634764272719622</ele>
				<time>2025-06-30T15:37:18Z</time>
			</trkpt>
			<trkpt lat="59.94261419559061" lon="30.337152006335838">
				<ele>-4.616825281642377</ele>
				<time>2025-06-30T15:37:20Z</time>
			</trkpt>
			<trkpt lat="59.94259576518882" lon="30.337162044355146">
				<ele>-5.395958960056305</ele>
				<time>2025-06-30T15:37:22Z</time>
			</trkpt>
			<trkpt lat="59.94256887916092" lon="30.33717434018682">
				<ele>-2.166161712259054</ele>
				<time>2025-06-30T15:37:24Z</time>
			</trkpt>
			<trkpt lat="59.94255065220216" lon="30.33717343172766">
				<ele>-1.111520802602172</ele>
				<time>2025-06-30T15:37:25Z</time>
			</trkpt>
			<trkpt lat="59.942524586808396" lon="30.337190597799683">
				<ele>-1.792662238702178</ele>
				<time>2025-06-30T15:37:27Z</time>
			</trkpt>
			<trkpt lat="59.942501347262876" lon="30.337202585963">
				<ele>0.23950229957699776</ele>
				<time>2025-06-30T15:37:29Z</time>
			</trkpt>
			<trkpt lat="59.942486470849985" lon="30.337228644887162">
				<ele>2.101619598455727</ele>
				<time>2025-06-30T15:37:31Z</time>
			</trkpt>
			<trkpt lat="59.94246574238346" lon="30.337244434520525">
				<ele>-1.9701321003958583</ele>
				<time>2025-06-30T15:37:34Z</time>
			</trkpt>
			<trkpt lat="59.94244236846899" lon="30.337239136820383">
				<ele>-1.0067232521250844</ele>
				<time>2025-06-30T15:37:37Z</time>
			</trkpt>
			<trkpt lat="59.94242142417444" lon="30.337249090555478">
				<ele>-1.5279025863856077</ele>
				<time>2025-06-30T15:37:39Z</time>
			</trkpt>
			<trkpt lat="59.94239552458905" lon="30.337269273363507">
				<ele>-0.5617387108504772</ele>
				<time>2025-06-30T15:37:42Z</time>
			</trkpt>
			<trkpt lat="59.94236999804889" lon="30.337282429038982">
				<ele>0.24933275114744902</ele>
				<time>2025-06-30T15:37:44Z</time>
			</trkpt>
			<trkpt lat="59.94234995419415" lon="30.33727259341744">
				<ele>-0.7891751583665609</ele>
				<time>2025-06-30T15:37:46Z</time>
			</trkpt>
			<trkpt lat="59.94233371494461" lon="30.337250994793315">
				<ele>-0.7047432940453291</ele>
				<time>2025-06-30T15:37:48Z</time>
			</trkpt>
			<trkpt lat="59.94231522636764" lon="30.33720892830759">
				<ele>0.3588945148512721</ele>
				<time>2025-06-30T15:37:50Z</time>
			</trkpt>
			<trkpt lat="59.94229677800751" lon="30.337171207236423">
				<ele>1.5934764947742224</ele>
				<time>2025-06-30T15:37:52Z</time>
			</trkpt>
			<trkpt lat="59.94228036194614" lon="30.337137363856453">
				<ele>4.154610322788358</ele>
				<time>2025-06-30T15:37:54Z</time>
			</trkpt>
			<trkpt lat="59.94225635651331" lon="30.33713307165501">
				<ele>0.5011019734665751</ele>
				<time>2025-06-30T15:37:56Z</time>
			</trkpt>
			<trkpt lat="59.94223758675968" lon="30.337120944703376">
				<ele>3.101566636003554</ele>
				<time>2025-06-30T15:37:57Z</time>
			</trkpt>
			<trkpt lat="59.94221949249087" lon="30.33712639296068">
				<ele>3.342595614492893</ele>
				<time>2025-06-30T15:37:59Z</time>
			</trkpt>
			<trkpt lat="59.94219191174686" lon="30.337120746637037">
				<ele>6.5717521430924535</ele>
				<time>2025-06-30T15:38:01Z</time>
			</trkpt>
			<trkpt lat="59.942172686287584" lon="30.337110099919077">
				<ele>3.1013757130131125</ele>
				<time>2025-06-30T15:38:03Z</time>
			</trkpt>
			<trkpt lat="59.94214769255363" lon="30.33710193288092">
				<ele>5.581459305249155</ele>
				<time>2025-06-30T15:38:05Z</time>
			</trkpt>
			<trkpt lat="59.94212563946855" lon="30.337065034404663">
				<ele>7.545650376006961</ele>
				<time>2025-06-30T15:38:07Z</time>
			</trkpt>
			<trkpt lat="59.942115844110205" lon="30.337032779492436">
				<ele>8.220805207267404</ele>
				<time>2025-06-30T15:38:08Z</time>
			</trkpt>
			<trkpt lat="59.94209857084088" lon="30.337009701369386">
				<ele>7.359660357236862</ele>
				<time>2025-06-30T15:38:10Z</time>
			</trkpt>
			<trkpt lat="59.94207562128852" lon="30.337007021907983">
				<ele>6.945821079425514</ele>
				<time>2025-06-30T15:38:12Z</time>
			</trkpt>
			<trkpt lat="59.942043725025606" lon="30.336997171749385">
				<ele>7.577971539460123</ele>
				<time>2025-06-30T15:38:14Z</time>
			</trkpt>
			<trkpt lat="59.94201653766596" lon="30.3369955650997">
				<ele>2.1375786187127233</ele>
				<time>2025-06-30T15:38:19Z</time>
			</trkpt>
			<trkpt lat="59.941986009765834" lon="30.336925554426227">
				<ele>5.097018473781645</ele>
				<time>2025-06-30T15:38:21Z</time>
			</trkpt>
			<trkpt lat="59.94197303993674" lon="30.336874308979535">
				<ele>-0.9857678972184658</ele>
				<time>2025-06-30T15:38:24Z</time>
			</trkpt>
			<trkpt lat="59.9419481642654" lon="30.336854199343705">
				<ele>-2.0750626428052783</ele>
				<time>2025-06-30T15:38:27Z</time>
			</trkpt>
			<trkpt lat="59.941920031323704" lon="30.336843225784868">
				<ele>-1.0140050314366817</ele>
				<time>2025-06-30T15:38:29Z</time>
			</trkpt>
			<trkpt lat="59.94190045286115" lon="30.33684580534919">
				<ele>-6.586100206710398</ele>
				<time>2025-06-30T15:38:33Z</time>
			</trkpt>
			<trkpt lat="59.94188028371712" lon="30.33683261138865">
				<ele>-5.45889166276902</ele>
				<time>2025-06-30T15:38:36Z</time>
			</trkpt>
			<trkpt lat="59.94184525217607" lon="30.336796294635533">
				<ele>-4.558877346105874</ele>
				<time>2025-06-30T15:38:39Z</time>
			</trkpt>
			<trkpt lat="59.941819679193934" lon="30.336783002764662">
				<ele>-2.2695066686719656</ele>
				<time>2025-06-30T15:38:41Z</time>
			</trkpt>
			<trkpt lat="59.9418035283704" lon="30.33681268871837">
				<ele>-1.3386562820523977</ele>
				<time>2025-06-30T15:38:43Z</time>
			</trkpt>
			<trkpt lat="59.941806457740824" lon="30.33687854730518">
				<ele>-4.761973474174738</ele>
				<time>2025-06-30T15:38:46Z</time>
			</trkpt>
			<trkpt lat="59.94182040855387" lon="30.336915343617044">
				<ele>-2.494285801425576</ele>
				<time>2025-06-30T15:38:48Z</time>
			</trkpt>
			<trkpt lat="59.941838545711676" lon="30.33696291074872">
				<ele>-1.292803319171071</ele>
				<time>2025-06-30T15:38:50Z</time>
			</trkpt>
			<trkpt lat="59.94184881821669" lon="30.336994441656586">
				<ele>2.2929129265248775</ele>
				<time>2025-06-30T15:38:51Z</time>
			</trkpt>
			<trkpt lat="59.94186457565141" lon="30.33701298920057">
				<ele>3.1509635895490646</ele>
				<time>2025-06-30T15:38:52Z</time>
			</trkpt>
			<trkpt lat="59.941881580650225" lon="30.337044497462696">
				<ele>-0.11257222946733236</ele>
				<time>2025-06-30T15:38:54Z</time>
			</trkpt>
			<trkpt lat="59.94189842316874" lon="30.33707671903262">
				<ele>1.8780105356127024</ele>
				<time>2025-06-30T15:38:56Z</time>
			</trkpt>
			<trkpt lat="59.941910508150514" lon="30.337111688724438">
				<ele>2.6707044495269656</ele>
				<time>2025-06-30T15:38:58Z</time>
			</trkpt>
			<trkpt lat="59.9419311244517" lon="30.337150434586352">
				<ele>0.4018916729837656</ele>
				<time>2025-06-30T15:39:00Z</time>
			</trkpt>
			<trkpt lat="59.941947923419754" lon="30.337196415246403">
				<ele>-2.095203726552427</ele>
				<time>2025-06-30T15:39:02Z</time>
			</trkpt>
			<trkpt lat="59.94195912937854" lon="30.337241390588012">
				<ele>-2.691978106275201</ele>
				<time>2025-06-30T15:39:04Z</time>
			</trkpt>
			<trkpt lat="59.94197450648204" lon="30.337268160745438">
				<ele>-0.6532773412764072</ele>
				<time>2025-06-30T15:39:06Z</time>
			</trkpt>
			<trkpt lat="59.94198435602581" lon="30.33731846835148">
				<ele>2.6629934487864375</ele>
				<time>2025-06-30T15:39:08Z</time>
			</trkpt>
			<trkpt lat="59.94199952192101" lon="30.337363046504464">
				<ele>-0.055085417814552784</ele>
				<time>2025-06-30T15:39:11Z</time>
			</trkpt>
			<trkpt lat="59.9420081424927" lon="30.337411769690046">
				<ele>-3.3912906544283032</ele>
				<time>2025-06-30T15:39:14Z</time>
			</trkpt>
			<trkpt lat="59.94202778016561" lon="30.33745243971108">
				<ele>-1.4679978843778372</ele>
				<time>2025-06-30T15:39:16Z</time>
			</trkpt>
			<trkpt lat="59.94205309227129" lon="30.337484699633492">
				<ele>-0.9488609759137034</ele>
				<time>2025-06-30T15:39:18Z</time>
			</trkpt>
			<trkpt lat="59.94206879280727" lon="30.337506881637836">
				<ele>-1.6014181543141603</ele>
				<time>2025-06-30T15:39:20Z</time>
			</trkpt>
			<trkpt lat="59.94208134805708" lon="30.3375433967198">
				<ele>0.5684684468433261</ele>
				<time>2025-06-30T15:39:22Z</time>
			</trkpt>
			<trkpt lat="59.94209595037895" lon="30.33757138332346">
				<ele>2.266986303962767</ele>
				<time>2025-06-30T15:39:24Z</time>
			</trkpt>
			<trkpt lat="59.942107928645584" lon="30.337601995223505">
				<ele>0.2854940090328455</ele>
				<time>2025-06-30T15:39:26Z</time>
			</trkpt>
			<trkpt lat="59.94212823841667" lon="30.337656874704606">
				<ele>1.509940281510353</ele>
				<time>2025-06-30T15:39:29Z</time>
			</trkpt>
			<trkpt lat="59.94214056628926" lon="30.33770210397582">
				<ele>3.277734407223761</ele>
				<time>2025-06-30T15:39:31Z</time>
			</trkpt>
			<trkpt lat="59.942153714690015" lon="30.337740451013694">
				<ele>0.32793401554226875</ele>
				<time>2025-06-30T15:39:35Z</time>
			</trkpt>
			<trkpt lat="59.942167523548896" lon="30.33776416200546">
				<ele>0.20775417517870665</ele>
				<time>2025-06-30T15:39:37Z</time>
			</trkpt>
			<trkpt lat="59.942176460060075" lon="30.337811855588253">
				<ele>4.446426997892559</ele>
				<time>2025-06-30T15:39:39Z</time>
			</trkpt>
			<trkpt lat="59.94219154444689" lon="30.33785677156042">
				<ele>5.483986146748066</ele>
				<time>2025-06-30T15:39:42Z</time>
			</trkpt>
			<trkpt lat="59.94218786907557" lon="30.337905628506995">
				<ele>5.3535441886633635</ele>
				<time>2025-06-30T15:39:44Z</time>
			</trkpt>
			<trkpt lat="59.942184476424785" lon="30.337957066982053">
				<ele>4.964851806871593</ele>
				<time>2025-06-30T15:39:47Z</time>
			</trkpt>
			<trkpt lat="59.94218366459996" lon="30.337999495070825">
				<ele>4.7684651566669345</ele>
				<time>2025-06-30T15:39:51Z</time>
			</trkpt>
			<trkpt lat="59.942194357351255" lon="30.33803552925078">
				<ele>4.70415676292032</ele>
				<time>2025-06-30T15:39:54Z</time>
			</trkpt>
			<trkpt lat="59.942200645379515" lon="30.338084440268233">
				<ele>5.305495268665254</ele>
				<time>2025-06-30T15:39:56Z</time>
			</trkpt>
			<trkpt lat="59.942206283449956" lon="30.338133696155207">
				<ele>7.611463033594191</ele>
				<time>2025-06-30T15:39:59Z</time>
			</trkpt>
			<trkpt lat="59.94221911655166" lon="30.338178567698208">
				<ele>10.61701769568026</ele>
				<time>2025-06-30T15:40:04Z</time>
			</trkpt>
			<trkpt lat="59.94222294766811" lon="30.33822047339641">
				<ele>10.050122261978686</ele>
				<time>2025-06-30T15:40:07Z</time>
			</trkpt>
			<trkpt lat="59.94223128897617" lon="30.33826863389655">
				<ele>8.284196483902633</ele>
				<time>2025-06-30T15:40:10Z</time>
			</trkpt>
			<trkpt lat="59.942233925246434" lon="30.338306817445797">
				<ele>9.108126833103597</ele>
				<time>2025-06-30T15:40:13Z</time>
			</trkpt>
			<trkpt lat="59.942235877193035" lon="30.33835375727735">
				<ele>7.248170276172459</ele>
				<time>2025-06-30T15:40:16Z</time>
			</trkpt>
			<trkpt lat="59.942236402789135" lon="30.338399327484396">
				<ele>5.2585365902632475</ele>
				<time>2025-06-30T15:40:20Z</time>
			</trkpt>
			<trkpt lat="59.94224121814134" lon="30.3384418704868">
				<ele>0.3727208161726594</ele>
				<time>2025-06-30T15:40:23Z</time>
			</trkpt>
			<trkpt lat="59.94224256977811" lon="30.33849135299749">
				<ele>-3.375501861795783</ele>
				<time>2025-06-30T15:40:28Z</time>
			</trkpt>
			<trkpt lat="59.9422435536753" lon="30.338527846714804">
				<ele>-2.9309429973363876</ele>
				<time>2025-06-30T15:40:30Z</time>
			</trkpt>
			<trkpt lat="59.94225109099756" lon="30.338567873417063">
				<ele>-0.9971041260287166</ele>
				<time>2025-06-30T15:40:32Z</time>
			</trkpt>
			<trkpt lat="59.94225827921341" lon="30.338619479334582">
				<ele>0.38432108517736197</ele>
				<time>2025-06-30T15:40:35Z</time>
			</trkpt>
			<trkpt lat="59.94226191266633" lon="30.338654529807535">
				<ele>0.5555497454479337</ele>
				<time>2025-06-30T15:40:37Z</time>
			</trkpt>
			<trkpt lat="59.94226728689865" lon="30.33869064433771">
				<ele>1.4771163119003177</ele>
				<time>2025-06-30T15:40:40Z</time>
			</trkpt>
			<trkpt lat="59.942278471627255" lon="30.33872750077261">
				<ele>3.755549213849008</ele>
				<time>2025-06-30T15:40:49Z</time>
			</trkpt>
			<trkpt lat="59.94228857351215" lon="30.338762744863743">
				<ele>3.306489948183298</ele>
				<time>2025-06-30T15:40:52Z</time>
			</trkpt>
			<trkpt lat="59.94229696456231" lon="30.33880694643818">
				<ele>3.3797011142596602</ele>
				<time>2025-06-30T15:40:56Z</time>
			</trkpt>
			<trkpt lat="59.942312328075225" lon="30.33884339732097">
				<ele>1.1518820021301508</ele>
				<time>2025-06-30T15:40:59Z</time>
			</trkpt>
			<trkpt lat="59.94232760353598" lon="30.33891566851061">
				<ele>0.11285126861184835</ele>
				<time>2025-06-30T15:41:01Z</time>
			</trkpt>
			<trkpt lat="59.94233619280367" lon="30.338957807021902">
				<ele>0.9564783070236444</ele>
				<time>2025-06-30T15:41:03Z</time>
			</trkpt>
			<trkpt lat="59.942333119432995" lon="30.338998782219914">
				<ele>0.37527788151055574</ele>
				<time>2025-06-30T15:41:06Z</time>
			</trkpt>
			<trkpt lat="59.94234633620477" lon="30.339028465470157">
				<ele>2.0875022932887077</ele>
				<time>2025-06-30T15:41:08Z</time>
			</trkpt>
			<trkpt lat="59.942364470787076" lon="30.33905514755656">
				<ele>1.4653449403122067</ele>
				<time>2025-06-30T15:41:10Z</time>
			</trkpt>
			<trkpt lat="59.942384718495305" lon="30.33909616502669">
				<ele>-1.8655772507190704</ele>
				<time>2025-06-30T15:41:14Z</time>
			</trkpt>
			<trkpt lat="59.942408890711356" lon="30.339037643872366">
				<ele>0.7910218462347984</ele>
				<time>2025-06-30T15:41:15Z</time>
			</trkpt>
			<trkpt lat="59.942447864988125" lon="30.339002563379715">
				<ele>-0.36311297211796045</ele>
				<time>2025-06-30T15:41:16Z</time>
			</trkpt>
			<trkpt lat="59.9424779832228" lon="30.338994628409854">
				<ele>0.6890382571145892</ele>
				<time>2025-06-30T15:41:18Z</time>
			</trkpt>
			<trkpt lat="59.94249560664036" lon="30.338977497286578">
				<ele>4.179484163410962</ele>
				<time>2025-06-30T15:41:20Z</time>
			</trkpt>
			<trkpt lat="59.942513374855075" lon="30.338986338694063">
				<ele>0.31133804004639387</ele>
				<time>2025-06-30T15:41:22Z</time>
			</trkpt>
			<trkpt lat="59.94255107283844" lon="30.338969716271414">
				<ele>3.551321960054338</ele>
				<time>2025-06-30T15:41:24Z</time>
			</trkpt>
			<trkpt lat="59.94256994080508" lon="30.338946842855005">
				<ele>1.8328254539519548</ele>
				<time>2025-06-30T15:41:27Z</time>
			</trkpt>
			<trkpt lat="59.942590027998804" lon="30.338965506830057">
				<ele>3.30558727029711</ele>
				<time>2025-06-30T15:41:29Z</time>
			</trkpt>
			<trkpt lat="59.94262211275542" lon="30.338944932968765">
				<ele>4.34591952804476</ele>
				<time>2025-06-30T15:41:31Z</time>
			</trkpt>
			<trkpt lat="59.94264164425514" lon="30.33893448673343">
				<ele>1.747475702315569</ele>
				<time>2025-06-30T15:41:33Z</time>
			</trkpt>
			<trkpt lat="59.94266874701762" lon="30.338922360010237">
				<ele>1.6218317467719316</ele>
				<time>2025-06-30T15:41:35Z</time>
			</trkpt>
			<trkpt lat="59.94268866130837" lon="30.338921529342652">
				<ele>0.9140985943377018</ele>
				<time>2025-06-30T15:41:37Z</time>
			</trkpt>
			<trkpt lat="59.94270721654072" lon="30.338927606121928">
				<ele>4.433826381340623</ele>
				<time>2025-06-30T15:41:38Z</time>
			</trkpt>
			<trkpt lat="59.94273028154072" lon="30.338921947636067">
				<ele>2.7149501414969563</ele>
				<time>2025-06-30T15:41:40Z</time>
			</trkpt>
			<trkpt lat="59.94275088442322" lon="30.338909101378565">
				<ele>2.7618698915466666</ele>
				<time>2025-06-30T15:41:42Z</time>
			</trkpt>
			<trkpt lat="59.94278313640753" lon="30.338916127551386">
				<ele>5.685139873996377</ele>
				<time>2025-06-30T15:41:44Z</time>
			</trkpt>
			<trkpt lat="59.9428081771073" lon="30.338913321324497">
				<ele>1.7769253170117736</ele>
				<time>2025-06-30T15:41:47Z</time>
			</trkpt>
			<trkpt lat="59.942842553987184" lon="30.338903847635585">
				<ele>3.2067041685804725</ele>
				<time>2025-06-30T15:41:50Z</time>
			</trkpt>
			<trkpt lat="59.942869251109215" lon="30.33890417838286">
				<ele>2.69204321783036</ele>
				<time>2025-06-30T15:41:52Z</time>
			</trkpt>
			<trkpt lat="59.942893646915664" lon="30.338896696908392">
				<ele>5.715492689050734</ele>
				<time>2025-06-30T15:41:54Z</time>
			</trkpt>
			<trkpt lat="59.94292225695131" lon="30.33886063867293">
				<ele>3.7546371025964618</ele>
				<time>2025-06-30T15:41:57Z</time>
			</trkpt>
			<trkpt lat="59.94294912257898" lon="30.33885181280152">
				<ele>4.9803655771538615</ele>
				<time>2025-06-30T15:41:59Z</time>
			</trkpt>
			<trkpt lat="59.942976040576674" lon="30.33883850633349">
				<ele>5.855814176611602</ele>
				<time>2025-06-30T15:42:01Z</time>
			</trkpt>
			<trkpt lat="59.94300569108157" lon="30.338818177545964">
				<ele>7.879458809271455</ele>
				<time>2025-06-30T15:42:03Z</time>
			</trkpt>
			<trkpt lat="59.94302369179365" lon="30.33882302246909">
				<ele>3.641380158253014</ele>
				<time>2025-06-30T15:42:06Z</time>
			</trkpt>
			<trkpt lat="59.94304484172362" lon="30.338787270589815">
				<ele>6.467920343391597</ele>
				<time>2025-06-30T15:42:08Z</time>
			</trkpt>
			<trkpt lat="59.94307190161589" lon="30.338771388933115">
				<ele>6.8420038893818855</ele>
				<time>2025-06-30T15:42:10Z</time>
			</trkpt>
			<trkpt lat="59.94309780694706" lon="30.338757568095637">
				<ele>9.270551485009491</ele>
				<time>2025-06-30T15:42:11Z</time>
			</trkpt>
			<trkpt lat="59.94311495237749" lon="30.338768966388834">
				<ele>7.334396805614233</ele>
				<time>2025-06-30T15:42:14Z</time>
			</trkpt>
			<trkpt lat="59.943135975947534" lon="30.338750309640048">
				<ele>9.441664195619524</ele>
				<time>2025-06-30T15:42:15Z</time>
			</trkpt>
			<trkpt lat="59.94316121079426" lon="30.338739054104476">
				<ele>9.648548847064376</ele>
				<time>2025-06-30T15:42:17Z</time>
			</trkpt>
			<trkpt lat="59.943185436601595" lon="30.338725205954407">
				<ele>9.83772237226367</ele>
				<time>2025-06-30T15:42:19Z</time>
			</trkpt>
			<trkpt lat="59.943208470973865" lon="30.338721385242657">
				<ele>8.328209917992353</ele>
				<time>2025-06-30T15:42:22Z</time>
			</trkpt>
			<trkpt lat="59.943232106222325" lon="30.338760169334968">
				<ele>7.718514774926007</ele>
				<time>2025-06-30T15:42:25Z</time>
			</trkpt>
			<trkpt lat="59.943250563189125" lon="30.338749990755034">
				<ele>9.341941157355905</ele>
				<time>2025-06-30T15:42:26Z</time>
			</trkpt>
			<trkpt lat="59.94327440113523" lon="30.338749364942988">
				<ele>10.434814873151481</ele>
				<time>2025-06-30T15:42:28Z</time>
			</trkpt>
			<trkpt lat="59.94329855347355" lon="30.338737132447598">
				<ele>7.833114356733859</ele>
				<time>2025-06-30T15:42:31Z</time>
			</trkpt>
			<trkpt lat="59.9433202545382" lon="30.338719278165513">
				<ele>7.722989646717906</ele>
				<time>2025-06-30T15:42:33Z</time>
			</trkpt>
			<trkpt lat="59.94334813202005" lon="30.338717644243328">
				<ele>11.370399583131075</ele>
				<time>2025-06-30T15:42:35Z</time>
			</trkpt>
			<trkpt lat="59.943364487285336" lon="30.338698983359343">
				<ele>9.577268354594707</ele>
				<time>2025-06-30T15:42:37Z</time>
			</trkpt>
			<trkpt lat="59.94338115347032" lon="30.33867837199778">
				<ele>10.691147902980447</ele>
				<time>2025-06-30T15:42:39Z</time>
			</trkpt>
			<trkpt lat="59.94340265167378" lon="30.338663919969456">
				<ele>8.877205065451562</ele>
				<time>2025-06-30T15:42:41Z</time>
			</trkpt>
			<trkpt lat="59.943421269358254" lon="30.338654841448594">
				<ele>10.003145647235215</ele>
				<time>2025-06-30T15:42:43Z</time>
			</trkpt>
			<trkpt lat="59.94344376625833" lon="30.338612970095518">
				<ele>10.377943642437458</ele>
				<time>2025-06-30T15:42:46Z</time>
			</trkpt>
			<trkpt lat="59.94347334109929" lon="30.33858617703815">
				<ele>13.109821588732302</ele>
				<time>2025-06-30T15:42:48Z</time>
			</trkpt>
			<trkpt lat="59.94349842822453" lon="30.338567272559082">
				<ele>12.882062373682857</ele>
				<time>2025-06-30T15:42:50Z</time>
			</trkpt>
			<trkpt lat="59.94352023893113" lon="30.338573426353058">
				<ele>10.452406842261553</ele>
				<time>2025-06-30T15:42:52Z</time>
			</trkpt>
			<trkpt lat="59.94354847731357" lon="30.338541315931515">
				<ele>13.50088001973927</ele>
				<time>2025-06-30T15:42:54Z</time>
			</trkpt>
			<trkpt lat="59.943563680792415" lon="30.338519921581227">
				<ele>15.664787765592337</ele>
				<time>2025-06-30T15:42:55Z</time>
			</trkpt>
			<trkpt lat="59.943585773685626" lon="30.338527664443767">
				<ele>11.523887033574283</ele>
				<time>2025-06-30T15:42:57Z</time>
			</trkpt>
			<trkpt lat="59.94359275792719" lon="30.33847872926544">
				<ele>8.899356626905501</ele>
				<time>2025-06-30T15:42:59Z</time>
			</trkpt>
			<trkpt lat="59.943603744921234" lon="30.338507603035982">
				<ele>11.656043470837176</ele>
				<time>2025-06-30T15:43:00Z</time>
			</trkpt>
			<trkpt lat="59.943628024436755" lon="30.33852477164542">
				<ele>11.080309716053307</ele>
				<time>2025-06-30T15:43:02Z</time>
			</trkpt>
			<trkpt lat="59.94364471019696" lon="30.33854268870919">
				<ele>6.667545911855996</ele>
				<time>2025-06-30T15:43:04Z</time>
			</trkpt>
			<trkpt lat="59.94366439828305" lon="30.33855586431473">
				<ele>6.645221699029207</ele>
				<time>2025-06-30T15:43:06Z</time>
			</trkpt>
			<trkpt lat="59.94369272701509" lon="30.338577980887">
				<ele>8.594303462654352</ele>
				<time>2025-06-30T15:43:08Z</time>
			</trkpt>
			<trkpt lat="59.94370720601824" lon="30.338602168194857">
				<ele>9.276664536446333</ele>
				<time>2025-06-30T15:43:09Z</time>
			</trkpt>
			<trkpt lat="59.94374122938716" lon="30.33860515977351">
				<ele>9.64754497911781</ele>
				<time>2025-06-30T15:43:12Z</time>
			</trkpt>
			<trkpt lat="59.94376160575219" lon="30.338604182878083">
				<ele>10.043051615357399</ele>
				<time>2025-06-30T15:43:14Z</time>
			</trkpt>
			<trkpt lat="59.943783819503054" lon="30.338604702045874">
				<ele>7.551191868260503</ele>
				<time>2025-06-30T15:43:17Z</time>
			</trkpt>
			<trkpt lat="59.94380656048275" lon="30.338600389540577">
				<ele>9.541296666488051</ele>
				<time>2025-06-30T15:43:19Z</time>
			</trkpt>
			<trkpt lat="59.94383495147517" lon="30.338614644042952">
				<ele>9.50289928726852</ele>
				<time>2025-06-30T15:43:22Z</time>
			</trkpt>
			<trkpt lat="59.94386027999555" lon="30.33860881693517">
				<ele>8.758286497555673</ele>
				<time>2025-06-30T15:43:25Z</time>
			</trkpt>
			<trkpt lat="59.943886070025215" lon="30.33861368278673">
				<ele>8.843487818725407</ele>
				<time>2025-06-30T15:43:27Z</time>
			</trkpt>
			<trkpt lat="59.94390365616988" lon="30.338600716194748">
				<ele>5.94812071416527</ele>
				<time>2025-06-30T15:43:30Z</time>
			</trkpt>
			<trkpt lat="59.9439338543625" lon="30.338619743499628">
				<ele>7.75502737890929</ele>
				<time>2025-06-30T15:43:33Z</time>
			</trkpt>
			<trkpt lat="59.94396675010038" lon="30.338594224515433">
				<ele>8.718347903341055</ele>
				<time>2025-06-30T15:43:36Z</time>
			</trkpt>
			<trkpt lat="59.943990798017836" lon="30.33858519999701">
				<ele>9.866492442786694</ele>
				<time>2025-06-30T15:43:38Z</time>
			</trkpt>
			<trkpt lat="59.94401637549677" lon="30.33857777763717">
				<ele>8.900689483620226</ele>
				<time>2025-06-30T15:43:41Z</time>
			</trkpt>
			<trkpt lat="59.94403450350679" lon="30.338573759280717">
				<ele>8.64121512696147</ele>
				<time>2025-06-30T15:43:43Z</time>
			</trkpt>
			<trkpt lat="59.944057256289206" lon="30.338570726260194">
				<ele>9.082043685019016</ele>
				<time>2025-06-30T15:43:45Z</time>
			</trkpt>
			<trkpt lat="59.944075933729174" lon="30.33856428004597">
				<ele>8.832636881619692</ele>
				<time>2025-06-30T15:43:47Z</time>
			</trkpt>
			<trkpt lat="59.944093769124684" lon="30.33855719626111">
				<ele>9.088609501719475</ele>
				<time>2025-06-30T15:43:49Z</time>
			</trkpt>
			<trkpt lat="59.944117110774734" lon="30.338552392873737">
				<ele>6.955082203261554</ele>
				<time>2025-06-30T15:43:52Z</time>
			</trkpt>
			<trkpt lat="59.94414122465045" lon="30.338553790181987">
				<ele>9.099068561568856</ele>
				<time>2025-06-30T15:43:54Z</time>
			</trkpt>
			<trkpt lat="59.94416301567836" lon="30.338558996961787">
				<ele>8.127014408819377</ele>
				<time>2025-06-30T15:43:56Z</time>
			</trkpt>
			<trkpt lat="59.944182030182304" lon="30.33854833298381">
				<ele>5.211198733188212</ele>
				<time>2025-06-30T15:43:59Z</time>
			</trkpt>
			<trkpt lat="59.94420508427205" lon="30.338563473924918">
				<ele>2.1856402587145567</ele>
				<time>2025-06-30T15:44:03Z</time>
			</trkpt>
			<trkpt lat="59.94423100993691" lon="30.338563011277763">
				<ele>5.4076530886814</ele>
				<time>2025-06-30T15:44:05Z</time>
			</trkpt>
			<trkpt lat="59.94425834021755" lon="30.3385528429239">
				<ele>4.542330635711551</ele>
				<time>2025-06-30T15:44:08Z</time>
			</trkpt>
			<trkpt lat="59.94428303155358" lon="30.338547074905193">
				<ele>5.272870361804962</ele>
				<time>2025-06-30T15:44:10Z</time>
			</trkpt>
			<trkpt lat="59.94431665612179" lon="30.33853063126312">
				<ele>8.729682833887637</ele>
				<time>2025-06-30T15:44:12Z</time>
			</trkpt>
			<trkpt lat="59.944338892023595" lon="30.338522054468484">
				<ele>8.748801280744374</ele>
				<time>2025-06-30T15:44:14Z</time>
			</trkpt>
			<trkpt lat="59.94435795606217" lon="30.338508396541425">
				<ele>9.638801756314933</ele>
				<time>2025-06-30T15:44:16Z</time>
			</trkpt>
			<trkpt lat="59.9443841283907" lon="30.338497049227094">
				<ele>12.691771788522601</ele>
				<time>2025-06-30T15:44:18Z</time>
			</trkpt>
			<trkpt lat="59.944404305245364" lon="30.338486428449787">
				<ele>9.248655284754932</ele>
				<time>2025-06-30T15:44:21Z</time>
			</trkpt>
			<trkpt lat="59.94441646068129" lon="30.338513549440638">
				<ele>7.0336956502869725</ele>
				<time>2025-06-30T15:44:24Z</time>
			</trkpt>
			<trkpt lat="59.944435599295474" lon="30.33850144797342">
				<ele>7.272638319060206</ele>
				<time>2025-06-30T15:44:26Z</time>
			</trkpt>
			<trkpt lat="59.94445673816547" lon="30.338503934901695">
				<ele>6.640132678672671</ele>
				<time>2025-06-30T15:44:29Z</time>
			</trkpt>
			<trkpt lat="59.944481901086874" lon="30.33850050778754">
				<ele>5.749595449306071</ele>
				<time>2025-06-30T15:44:32Z</time>
			</trkpt>
			<trkpt lat="59.944505933394" lon="30.33849930364415">
				<ele>4.43914498295635</ele>
				<time>2025-06-30T15:44:36Z</time>
			</trkpt>
			<trkpt lat="59.9445317961993" lon="30.338495723298355">
				<ele>4.516067694872618</ele>
				<time>2025-06-30T15:44:39Z</time>
			</trkpt>
			<trkpt lat="59.94455481930289" lon="30.33850287371187">
				<ele>3.739954648539424</ele>
				<time>2025-06-30T15:44:42Z</time>
			</trkpt>
			<trkpt lat="59.944578473296225" lon="30.338509166882123">
				<ele>2.7200731858611107</ele>
				<time>2025-06-30T15:44:46Z</time>
			</trkpt>
			<trkpt lat="59.94460401176343" lon="30.338513829942556">
				<ele>2.0133988643065095</ele>
				<time>2025-06-30T15:44:49Z</time>
			</trkpt>
			<trkpt lat="59.94462903308821" lon="30.338510114339694">
				<ele>2.4846813436597586</ele>
				<time>2025-06-30T15:44:52Z</time>
			</trkpt>
			<trkpt lat="59.94465900647352" lon="30.338507653211952">
				<ele>2.9218823919072747</ele>
				<time>2025-06-30T15:44:55Z</time>
			</trkpt>
			<trkpt lat="59.94468407346222" lon="30.338502838165304">
				<ele>2.4806162351742387</ele>
				<time>2025-06-30T15:44:58Z</time>
			</trkpt>
			<trkpt lat="59.9447036146056" lon="30.338519712876586">
				<ele>-2.208979587070644</ele>
				<time>2025-06-30T15:45:00Z</time>
			</trkpt>
			<trkpt lat="59.944720098696195" lon="30.338561052617262">
				<ele>-1.6307967938482761</ele>
				<time>2025-06-30T15:45:02Z</time>
			</trkpt>
			<trkpt lat="59.944736787289415" lon="30.338591869619766">
				<ele>-2.2488231481984258</ele>
				<time>2025-06-30T15:45:04Z</time>
			</trkpt>
			<trkpt lat="59.94475825811393" lon="30.338614880654713">
				<ele>-0.27343836799263954</ele>
				<time>2025-06-30T15:45:07Z</time>
			</trkpt>
			<trkpt lat="59.94475996870098" lon="30.33867958197525">
				<ele>-1.5158281084150076</ele>
				<time>2025-06-30T15:45:09Z</time>
			</trkpt>
			<trkpt lat="59.94475395009488" lon="30.338725569807405">
				<ele>-2.631352361291647</ele>
				<time>2025-06-30T15:45:11Z</time>
			</trkpt>
			<trkpt lat="59.94476174364132" lon="30.33877198361627">
				<ele>0.8302105506882071</ele>
				<time>2025-06-30T15:45:13Z</time>
			</trkpt>
			<trkpt lat="59.94476940197573" lon="30.338822448644674">
				<ele>2.244201635941863</ele>
				<time>2025-06-30T15:45:15Z</time>
			</trkpt>
			<trkpt lat="59.944767485864645" lon="30.338870311179935">
				<ele>0.1128581939265132</ele>
				<time>2025-06-30T15:45:18Z</time>
			</trkpt>
			<trkpt lat="59.94478387320154" lon="30.33891464507484">
				<ele>0.4586066659539938</ele>
				<time>2025-06-30T15:45:20Z</time>
			</trkpt>
			<trkpt lat="59.94478495052318" lon="30.338962474405506">
				<ele>-2.3560089198872447</ele>
				<time>2025-06-30T15:45:23Z</time>
			</trkpt>
			<trkpt lat="59.94479158083067" lon="30.339010779125385">
				<ele>0.9232538668438792</ele>
				<time>2025-06-30T15:45:25Z</time>
			</trkpt>
			<trkpt lat="59.94479394050457" lon="30.33905492587882">
				<ele>-0.2605522247031331</ele>
				<time>2025-06-30T15:45:28Z</time>
			</trkpt>
			<trkpt lat="59.944790792040756" lon="30.33909388652496">
				<ele>0.33107876405119896</ele>
				<time>2025-06-30T15:45:30Z</time>
			</trkpt>
			<trkpt lat="59.944796083148965" lon="30.339135623726566">
				<ele>2.5636087637394667</ele>
				<time>2025-06-30T15:45:32Z</time>
			</trkpt>
			<trkpt lat="59.944800486307635" lon="30.33917255693286">
				<ele>2.96863560564816</ele>
				<time>2025-06-30T15:45:34Z</time>
			</trkpt>
			<trkpt lat="59.94481757502242" lon="30.33921325673333">
				<ele>3.9772304594516754</ele>
				<time>2025-06-30T15:45:37Z</time>
			</trkpt>
			<trkpt lat="59.94480902140704" lon="30.339249870795413">
				<ele>-0.11987866461277008</ele>
				<time>2025-06-30T15:45:39Z</time>
			</trkpt>
			<trkpt lat="59.944804496662556" lon="30.339292515640796">
				<ele>0.256201159209013</ele>
				<time>2025-06-30T15:45:41Z</time>
			</trkpt>
			<trkpt lat="59.94480572303504" lon="30.339333960095757">
				<ele>-0.35350034292787313</ele>
				<time>2025-06-30T15:45:43Z</time>
			</trkpt>
			<trkpt lat="59.94481417622735" lon="30.33937024073448">
				<ele>0.17703025694936514</ele>
				<time>2025-06-30T15:45:45Z</time>
			</trkpt>
			<trkpt lat="59.9448334551789" lon="30.339403245188663">
				<ele>2.186068080365658</ele>
				<time>2025-06-30T15:45:47Z</time>
			</trkpt>
			<trkpt lat="59.944841616151756" lon="30.3394351308933">
				<ele>3.38567746989429</ele>
				<time>2025-06-30T15:45:49Z</time>
			</trkpt>
			<trkpt lat="59.944822561192765" lon="30.339472196643978">
				<ele>-0.6822227314114571</ele>
				<time>2025-06-30T15:45:51Z</time>
			</trkpt>
			<trkpt lat="59.94482068459227" lon="30.339507847304333">
				<ele>-0.5663193827494979</ele>
				<time>2025-06-30T15:45:52Z</time>
			</trkpt>
			<trkpt lat="59.944829783389046" lon="30.339563246082196">
				<ele>5.420396796427667</ele>
				<time>2025-06-30T15:45:55Z</time>
			</trkpt>
			<trkpt lat="59.94483172530904" lon="30.339603132004658">
				<ele>3.5426226360723376</ele>
				<time>2025-06-30T15:45:58Z</time>
			</trkpt>
			<trkpt lat="59.94482335574939" lon="30.33965002460262">
				<ele>1.7851830841973424</ele>
				<time>2025-06-30T15:46:00Z</time>
			</trkpt>
			<trkpt lat="59.94480999372292" lon="30.33968657031788">
				<ele>-1.118041050620377</ele>
				<time>2025-06-30T15:46:02Z</time>
			</trkpt>
			<trkpt lat="59.9448215945788" lon="30.339730611223867">
				<ele>0.2678908444941044</ele>
				<time>2025-06-30T15:46:04Z</time>
			</trkpt>
			<trkpt lat="59.94481471318454" lon="30.3397783786261">
				<ele>3.0543872313573956</ele>
				<time>2025-06-30T15:46:11Z</time>
			</trkpt>
			<trkpt lat="59.94482593395746" lon="30.33980923396151">
				<ele>1.6839729938656092</ele>
				<time>2025-06-30T15:46:13Z</time>
			</trkpt>
			<trkpt lat="59.94482450019384" lon="30.33985783960991">
				<ele>1.8636904610320926</ele>
				<time>2025-06-30T15:46:15Z</time>
			</trkpt>
			<trkpt lat="59.944836581600086" lon="30.339899809496046">
				<ele>1.8106011683121324</ele>
				<time>2025-06-30T15:46:18Z</time>
			</trkpt>
			<trkpt lat="59.94482204490332" lon="30.339947523548393">
				<ele>3.5422754613682628</ele>
				<time>2025-06-30T15:46:21Z</time>
			</trkpt>
			<trkpt lat="59.944822158942614" lon="30.340005839503707">
				<ele>4.326744239777327</ele>
				<time>2025-06-30T15:46:23Z</time>
			</trkpt>
			<trkpt lat="59.944806999596615" lon="30.340029414539956">
				<ele>-1.6960553983226418</ele>
				<time>2025-06-30T15:46:28Z</time>
			</trkpt>
			<trkpt lat="59.944796505278696" lon="30.34007949613974">
				<ele>-0.2938887784257531</ele>
				<time>2025-06-30T15:46:29Z</time>
			</trkpt>
			<trkpt lat="59.94480633494173" lon="30.340113811815055">
				<ele>-1.0357383089140058</ele>
				<time>2025-06-30T15:46:31Z</time>
			</trkpt>
			<trkpt lat="59.94482167170785" lon="30.340144636189347">
				<ele>0.08879206236451864</ele>
				<time>2025-06-30T15:46:33Z</time>
			</trkpt>
			<trkpt lat="59.94483496543304" lon="30.340184839467536">
				<ele>0.3937203595414758</ele>
				<time>2025-06-30T15:46:35Z</time>
			</trkpt>
			<trkpt lat="59.94484002893946" lon="30.340243212887103">
				<ele>1.3661272181198</ele>
				<time>2025-06-30T15:46:38Z</time>
			</trkpt>
			<trkpt lat="59.94485491066932" lon="30.34028359185857">
				<ele>2.866169943474233</ele>
				<time>2025-06-30T15:46:40Z</time>
			</trkpt>
			<trkpt lat="59.94484912970995" lon="30.34032671468044">
				<ele>2.0061303544789553</ele>
				<time>2025-06-30T15:46:42Z</time>
			</trkpt>
			<trkpt lat="59.944855013457456" lon="30.340361299008702">
				<ele>4.033902150578797</ele>
				<time>2025-06-30T15:46:43Z</time>
			</trkpt>
			<trkpt lat="59.944847859231295" lon="30.340404376715263">
				<ele>0.6058611497282982</ele>
				<time>2025-06-30T15:46:47Z</time>
			</trkpt>
			<trkpt lat="59.944851303261764" lon="30.340448892331363">
				<ele>3.1725532123818994</ele>
				<time>2025-06-30T15:46:49Z</time>
			</trkpt>
			<trkpt lat="59.944849490521634" lon="30.340487727979635">
				<ele>-1.0303484164178371</ele>
				<time>2025-06-30T15:46:52Z</time>
			</trkpt>
			<trkpt lat="59.94485923903114" lon="30.340540974608725">
				<ele>-0.6054586311802268</ele>
				<time>2025-06-30T15:46:55Z</time>
			</trkpt>
			<trkpt lat="59.94486083301075" lon="30.340593126242748">
				<ele>0.19067447632551193</ele>
				<time>2025-06-30T15:46:57Z</time>
			</trkpt>
			<trkpt lat="59.94485499742159" lon="30.340633448193575">
				<ele>-0.0656410176306963</ele>
				<time>2025-06-30T15:47:00Z</time>
			</trkpt>
			<trkpt lat="59.94486347996168" lon="30.340676119173956">
				<ele>0.8153418153524399</ele>
				<time>2025-06-30T15:47:02Z</time>
			</trkpt>
			<trkpt lat="59.9448500179092" lon="30.34071637163905">
				<ele>-2.016494933515787</ele>
				<time>2025-06-30T15:47:05Z</time>
			</trkpt>
			<trkpt lat="59.94484382464096" lon="30.340751797741923">
				<ele>-0.2527632964774966</ele>
				<time>2025-06-30T15:47:07Z</time>
			</trkpt>
			<trkpt lat="59.944851116081956" lon="30.340822662456784">
				<ele>-0.5119168823584914</ele>
				<time>2025-06-30T15:47:10Z</time>
			</trkpt>
			<trkpt lat="59.94486158424606" lon="30.340881878963156">
				<ele>0.83765425439924</ele>
				<time>2025-06-30T15:47:12Z</time>
			</trkpt>
			<trkpt lat="59.944869723048974" lon="30.340843753534436">
				<ele>-2.5680789332836866</ele>
				<time>2025-06-30T15:47:13Z</time>
			</trkpt>
			<trkpt lat="59.944875444872075" lon="30.340898611931504">
				<ele>-2.091749729588628</ele>
				<time>2025-06-30T15:47:17Z</time>
			</trkpt>
			<trkpt lat="59.94488970152939" lon="30.340929466312698">
				<ele>-0.37120040506124496</ele>
				<time>2025-06-30T15:47:19Z</time>
			</trkpt>
			<trkpt lat="59.94490999238775" lon="30.340940196230516">
				<ele>1.330062055028975</ele>
				<time>2025-06-30T15:47:21Z</time>
			</trkpt>
			<trkpt lat="59.94492920427406" lon="30.340946810605665">
				<ele>-0.21720529347658157</ele>
				<time>2025-06-30T15:47:24Z</time>
			</trkpt>
			<trkpt lat="59.94495467922429" lon="30.34095792169545">
				<ele>-2.7022107895463705</ele>
				<time>2025-06-30T15:47:26Z</time>
			</trkpt>
			<trkpt lat="59.94498326602746" lon="30.34096178411615">
				<ele>1.002002484165132</ele>
				<time>2025-06-30T15:47:28Z</time>
			</trkpt>
			<trkpt lat="59.9450089207434" lon="30.34098064226733">
				<ele>-2.866539907641709</ele>
				<time>2025-06-30T15:47:30Z</time>
			</trkpt>
			<trkpt lat="59.94503366542163" lon="30.340992465745142">
				<ele>-4.669881975278258</ele>
				<time>2025-06-30T15:47:32Z</time>
			</trkpt>
			<trkpt lat="59.94506078640199" lon="30.340984703770502">
				<ele>-2.0517408344894648</ele>
				<time>2025-06-30T15:47:34Z</time>
			</trkpt>
			<trkpt lat="59.94507774058031" lon="30.340971647627615">
				<ele>-0.7239188551902771</ele>
				<time>2025-06-30T15:47:39Z</time>
			</trkpt>
			<trkpt lat="59.94509217234694" lon="30.34102239832523">
				<ele>-4.857242425903678</ele>
				<time>2025-06-30T15:47:43Z</time>
			</trkpt>
			<trkpt lat="59.9451093439977" lon="30.341068074164646">
				<ele>-4.437377485446632</ele>
				<time>2025-06-30T15:47:45Z</time>
			</trkpt>
			<trkpt lat="59.94512403640871" lon="30.341102243941535">
				<ele>-6.8128416035324335</ele>
				<time>2025-06-30T15:47:47Z</time>
			</trkpt>
			<trkpt lat="59.94514974884976" lon="30.341108603708946">
				<ele>-6.0605563018471</ele>
				<time>2025-06-30T15:47:50Z</time>
			</trkpt>
			<trkpt lat="59.94515791899705" lon="30.341154873866277">
				<ele>-6.992701567709446</ele>
				<time>2025-06-30T15:47:52Z</time>
			</trkpt>
			<trkpt lat="59.94517144998363" lon="30.341210819224493">
				<ele>-5.732070719823241</ele>
				<time>2025-06-30T15:47:53Z</time>
			</trkpt>
			<trkpt lat="59.94519327843681" lon="30.34122621198216">
				<ele>-3.4642413100227714</ele>
				<time>2025-06-30T15:47:55Z</time>
			</trkpt>
			<trkpt lat="59.945216623419746" lon="30.341211408080426">
				<ele>-6.2856247909367085</ele>
				<time>2025-06-30T15:47:57Z</time>
			</trkpt>
			<trkpt lat="59.945239222011814" lon="30.341217207435808">
				<ele>-4.076183318160474</ele>
				<time>2025-06-30T15:48:00Z</time>
			</trkpt>
			<trkpt lat="59.94525477689264" lon="30.341191832083297">
				<ele>-5.875453315675259</ele>
				<time>2025-06-30T15:48:02Z</time>
			</trkpt>
			<trkpt lat="59.9452700548859" lon="30.341161550631206">
				<ele>-4.296544876880944</ele>
				<time>2025-06-30T15:48:04Z</time>
			</trkpt>
			<trkpt lat="59.94530171645901" lon="30.341187116769994">
				<ele>-0.9766818303614855</ele>
				<time>2025-06-30T15:48:07Z</time>
			</trkpt>
			<trkpt lat="59.94532050475158" lon="30.341197394854074">
				<ele>-0.3548738416284323</ele>
				<time>2025-06-30T15:48:09Z</time>
			</trkpt>
			<trkpt lat="59.94533770692561" lon="30.34121910818043">
				<ele>-1.194842823781073</ele>
				<time>2025-06-30T15:48:12Z</time>
			</trkpt>
			<trkpt lat="59.94533610299215" lon="30.341168473414957">
				<ele>-0.38232993707060814</ele>
				<time>2025-06-30T15:48:13Z</time>
			</trkpt>
			<trkpt lat="59.945350021343" lon="30.341135442086106">
				<ele>-0.16678421385586262</ele>
				<time>2025-06-30T15:48:14Z</time>
			</trkpt>
			<trkpt lat="59.9453674597948" lon="30.341114374810257">
				<ele>1.2418903689831495</ele>
				<time>2025-06-30T15:48:15Z</time>
			</trkpt>
			<trkpt lat="59.945391302375555" lon="30.341103232126624">
				<ele>3.6023573763668537</ele>
				<time>2025-06-30T15:48:18Z</time>
			</trkpt>
			<trkpt lat="59.945402380559216" lon="30.341068105283192">
				<ele>6.119569375179708</ele>
				<time>2025-06-30T15:48:20Z</time>
			</trkpt>
			<trkpt lat="59.94541866845355" lon="30.3410279067547">
				<ele>5.164574034512043</ele>
				<time>2025-06-30T15:48:23Z</time>
			</trkpt>
			<trkpt lat="59.945447649778885" lon="30.34102658724693">
				<ele>0.2177857980132103</ele>
				<time>2025-06-30T15:48:26Z</time>
			</trkpt>
			<trkpt lat="59.945460649630306" lon="30.340977750919084">
				<ele>4.695506293326616</ele>
				<time>2025-06-30T15:48:28Z</time>
			</trkpt>
			<trkpt lat="59.94547789539198" lon="30.34091371493709">
				<ele>2.1047003576532006</ele>
				<time>2025-06-30T15:48:30Z</time>
			</trkpt>
			<trkpt lat="59.94548737951824" lon="30.3408802964482">
				<ele>3.9750881735235453</ele>
				<time>2025-06-30T15:48:31Z</time>
			</trkpt>
			<trkpt lat="59.945503153821015" lon="30.340831095908882">
				<ele>4.029420495964587</ele>
				<time>2025-06-30T15:48:32Z</time>
			</trkpt>
			<trkpt lat="59.94551477540416" lon="30.34079331256075">
				<ele>3.726584719493985</ele>
				<time>2025-06-30T15:48:36Z</time>
			</trkpt>
			<trkpt lat="59.94553083323895" lon="30.340828645514843">
				<ele>4.608942838385701</ele>
				<time>2025-06-30T15:48:39Z</time>
			</trkpt>
			<trkpt lat="59.945549370603366" lon="30.340805924211423">
				<ele>6.592492926865816</ele>
				<time>2025-06-30T15:48:40Z</time>
			</trkpt>
			<trkpt lat="59.94557468047708" lon="30.340795155626274">
				<ele>7.597406294196844</ele>
				<time>2025-06-30T15:48:41Z</time>
			</trkpt>
			<trkpt lat="59.94559345826422" lon="30.34077876872554">
				<ele>6.829212888143957</ele>
				<time>2025-06-30T15:48:42Z</time>
			</trkpt>
			<trkpt lat="59.94559951893483" lon="30.340733442180756">
				<ele>8.631416976451874</ele>
				<time>2025-06-30T15:48:45Z</time>
			</trkpt>
			<trkpt lat="59.94561267616717" lon="30.340706410572736">
				<ele>8.902949260547757</ele>
				<time>2025-06-30T15:48:47Z</time>
			</trkpt>
			<trkpt lat="59.94563783096033" lon="30.34074157907066">
				<ele>10.05430649034679</ele>
				<time>2025-06-30T15:48:50Z</time>
			</trkpt>
			<trkpt lat="59.94565306904229" lon="30.34077156512686">
				<ele>8.438216403126717</ele>
				<time>2025-06-30T15:48:53Z</time>
			</trkpt>
			<trkpt lat="59.94567718667477" lon="30.340773820339106">
				<ele>5.459518449380994</ele>
				<time>2025-06-30T15:48:55Z</time>
			</trkpt>
			<trkpt lat="59.94571559474132" lon="30.34075376520663">
				<ele>5.788495544344187</ele>
				<time>2025-06-30T15:48:56Z</time>
			</trkpt>
			<trkpt lat="59.94574694577812" lon="30.340748735844837">
				<ele>6.51885568164289</ele>
				<time>2025-06-30T15:48:59Z</time>
			</trkpt>
			<trkpt lat="59.94576130413986" lon="30.340776150924043">
				<ele>7.77519650105387</ele>
				<time>2025-06-30T15:49:04Z</time>
			</trkpt>
			<trkpt lat="59.94578313259149" lon="30.3407650961014">
				<ele>7.387893537059426</ele>
				<time>2025-06-30T15:49:05Z</time>
			</trkpt>
			<trkpt lat="59.945806668662954" lon="30.340752922294772">
				<ele>8.16147034522146</ele>
				<time>2025-06-30T15:49:07Z</time>
			</trkpt>
			<trkpt lat="59.945823661412206" lon="30.340814327816005">
				<ele>4.257022752426565</ele>
				<time>2025-06-30T15:49:09Z</time>
			</trkpt>
			<trkpt lat="59.945847623598965" lon="30.340860446168286">
				<ele>3.9694608291611075</ele>
				<time>2025-06-30T15:49:10Z</time>
			</trkpt>
			<trkpt lat="59.94586822040927" lon="30.340891793261303">
				<ele>2.882354874163866</ele>
				<time>2025-06-30T15:49:11Z</time>
			</trkpt>
			<trkpt lat="59.94589293898268" lon="30.340923508212818">
				<ele>2.883236858062446</ele>
				<time>2025-06-30T15:49:12Z</time>
			</trkpt>
			<trkpt lat="59.945914991853066" lon="30.34093282816033">
				<ele>2.2919226763769984</ele>
				<time>2025-06-30T15:49:13Z</time>
			</trkpt>
			<trkpt lat="59.945940820851945" lon="30.340970175415773">
				<ele>1.1168851871043444</ele>
				<time>2025-06-30T15:49:16Z</time>
			</trkpt>
			<trkpt lat="59.94595932447169" lon="30.340983213555642">
				<ele>1.0699837571009994</ele>
				<time>2025-06-30T15:49:17Z</time>
			</trkpt>
			<trkpt lat="59.945986266655886" lon="30.341000647215964">
				<ele>1.7818530835211277</ele>
				<time>2025-06-30T15:49:19Z</time>
			</trkpt>
			<trkpt lat="59.94600738901654" lon="30.34100017509888">
				<ele>-0.4041218990460038</ele>
				<time>2025-06-30T15:49:20Z</time>
			</trkpt>
			<trkpt lat="59.94604750242192" lon="30.341002714179776">
				<ele>-2.3626827942207456</ele>
				<time>2025-06-30T15:49:22Z</time>
			</trkpt>
			<trkpt lat="59.946071367735016" lon="30.34102934724985">
				<ele>0.7243818454444408</ele>
				<time>2025-06-30T15:49:24Z</time>
			</trkpt>
			<trkpt lat="59.94609530838923" lon="30.341063574500375">
				<ele>-2.302170515060425</ele>
				<time>2025-06-30T15:49:27Z</time>
			</trkpt>
			<trkpt lat="59.94612730157297" lon="30.341089689896094">
				<ele>0.053303951397538185</ele>
				<time>2025-06-30T15:49:30Z</time>
			</trkpt>
			<trkpt lat="59.946150054662134" lon="30.34112270687596">
				<ele>1.915038026869297</ele>
				<time>2025-06-30T15:49:32Z</time>
			</trkpt>
			<trkpt lat="59.94616339155256" lon="30.341165605464056">
				<ele>2.062829772941768</ele>
				<time>2025-06-30T15:49:35Z</time>
			</trkpt>
			<trkpt lat="59.946177921024834" lon="30.34120222105604">
				<ele>5.164453432895243</ele>
				<time>2025-06-30T15:49:37Z</time>
			</trkpt>
			<trkpt lat="59.94619171354224" lon="30.341235472959106">
				<ele>2.1890064449980855</ele>
				<time>2025-06-30T15:49:40Z</time>
			</trkpt>
			<trkpt lat="59.94621268743552" lon="30.341241896551544">
				<ele>1.6286919647827744</ele>
				<time>2025-06-30T15:49:42Z</time>
			</trkpt>
			<trkpt lat="59.94618641796054" lon="30.3412642755951">
				<ele>1.7334443544968963</ele>
				<time>2025-06-30T15:49:43Z</time>
			</trkpt>
			<trkpt lat="59.946202916096965" lon="30.34129970692595">
				<ele>4.28550736233592</ele>
				<time>2025-06-30T15:49:45Z</time>
			</trkpt>
			<trkpt lat="59.94621599700524" lon="30.341330817517644">
				<ele>-0.6538847666233778</ele>
				<time>2025-06-30T15:49:48Z</time>
			</trkpt>
			<trkpt lat="59.946224834174274" lon="30.341369606317492">
				<ele>0.8765213554725051</ele>
				<time>2025-06-30T15:49:50Z</time>
			</trkpt>
			<trkpt lat="59.94625767530098" lon="30.3413987692127">
				<ele>2.4294149838387966</ele>
				<time>2025-06-30T15:49:53Z</time>
			</trkpt>
			<trkpt lat="59.94627310799245" lon="30.341427705371125">
				<ele>2.1424341341480613</ele>
				<time>2025-06-30T15:49:56Z</time>
			</trkpt>
			<trkpt lat="59.94627748767442" lon="30.341462411505326">
				<ele>4.177737824618816</ele>
				<time>2025-06-30T15:49:58Z</time>
			</trkpt>
			<trkpt lat="59.9462861519785" lon="30.341510797104043">
				<ele>4.218687167391181</ele>
				<time>2025-06-30T15:50:01Z</time>
			</trkpt>
			<trkpt lat="59.94629433280327" lon="30.341545625210532">
				<ele>-1.0996992252767086</ele>
				<time>2025-06-30T15:50:04Z</time>
			</trkpt>
			<trkpt lat="59.946295726804955" lon="30.341583643692967">
				<ele>-1.938750732690096</ele>
				<time>2025-06-30T15:50:07Z</time>
			</trkpt>
			<trkpt lat="59.946291021008975" lon="30.34164355595873">
				<ele>-1.6619954127818346</ele>
				<time>2025-06-30T15:50:10Z</time>
			</trkpt>
			<trkpt lat="59.946300660613495" lon="30.341686386737315">
				<ele>0.07409789133816957</ele>
				<time>2025-06-30T15:50:12Z</time>
			</trkpt>
			<trkpt lat="59.9463128038656" lon="30.341729053240176">
				<ele>0.5196712799370289</ele>
				<time>2025-06-30T15:50:14Z</time>
			</trkpt>
			<trkpt lat="59.9463264273399" lon="30.341761708667715">
				<ele>0.5081157414242625</ele>
				<time>2025-06-30T15:50:16Z</time>
			</trkpt>
			<trkpt lat="59.94635783692244" lon="30.34175075177362">
				<ele>1.1266761384904385</ele>
				<time>2025-06-30T15:50:17Z</time>
			</trkpt>
			<trkpt lat="59.94635791942698" lon="30.34179441775928">
				<ele>0.3940268876031041</ele>
				<time>2025-06-30T15:50:20Z</time>
			</trkpt>
			<trkpt lat="59.94637059145762" lon="30.341833782609285">
				<ele>-0.20067845284938812</ele>
				<time>2025-06-30T15:50:24Z</time>
			</trkpt>
			<trkpt lat="59.94637993042928" lon="30.341864684433524">
				<ele>2.139383870176971</ele>
				<time>2025-06-30T15:50:25Z</time>
			</trkpt>
			<trkpt lat="59.94639175609004" lon="30.341901500681995">
				<ele>1.722848772071302</ele>
				<time>2025-06-30T15:50:28Z</time>
			</trkpt>
			<trkpt lat="59.946410089901995" lon="30.341930047401917">
				<ele>3.581122658215463</ele>
				<time>2025-06-30T15:50:31Z</time>
			</trkpt>
			<trkpt lat="59.946403234716" lon="30.341973314939903">
				<ele>2.140742543153465</ele>
				<time>2025-06-30T15:50:33Z</time>
			</trkpt>
			<trkpt lat="59.94641416635613" lon="30.34200429649242">
				<ele>3.3974897004663944</ele>
				<time>2025-06-30T15:50:35Z</time>
			</trkpt>
			<trkpt lat="59.946401865388566" lon="30.342036389857487">
				<ele>2.940956396050751</ele>
				<time>2025-06-30T15:50:36Z</time>
			</trkpt>
			<trkpt lat="59.94640550608026" lon="30.34209211694308">
				<ele>3.4137902734801173</ele>
				<time>2025-06-30T15:50:39Z</time>
			</trkpt>
			<trkpt lat="59.946417106044045" lon="30.34212903876136">
				<ele>3.771995817311108</ele>
				<time>2025-06-30T15:50:42Z</time>
			</trkpt>
			<trkpt lat="59.946428623912794" lon="30.342156988874">
				<ele>4.880492894910276</ele>
				<time>2025-06-30T15:50:45Z</time>
			</trkpt>
			<trkpt lat="59.94644015413171" lon="30.342193183791206">
				<ele>4.261786905117333</ele>
				<time>2025-06-30T15:50:47Z</time>
			</trkpt>
			<trkpt lat="59.946442071894275" lon="30.342230356266636">
				<ele>4.71692996006459</ele>
				<time>2025-06-30T15:50:49Z</time>
			</trkpt>
			<trkpt lat="59.946434648159126" lon="30.342280762068157">
				<ele>4.407586486078799</ele>
				<time>2025-06-30T15:50:51Z</time>
			</trkpt>
			<trkpt lat="59.946433717896895" lon="30.342328853338827">
				<ele>6.8844826417043805</ele>
				<time>2025-06-30T15:50:53Z</time>
			</trkpt>
			<trkpt lat="59.94641529506541" lon="30.342380552551003">
				<ele>3.0898165702819824</ele>
				<time>2025-06-30T15:50:55Z</time>
			</trkpt>
			<trkpt lat="59.94643308454957" lon="30.34239627767347">
				<ele>8.352017330005765</ele>
				<time>2025-06-30T15:50:56Z</time>
			</trkpt>
			<trkpt lat="59.94640390908422" lon="30.3424445088299">
				<ele>6.864335400052369</ele>
				<time>2025-06-30T15:50:58Z</time>
			</trkpt>
			<trkpt lat="59.94638363819645" lon="30.342461657486798">
				<ele>5.455508302897215</ele>
				<time>2025-06-30T15:50:59Z</time>
			</trkpt>
			<trkpt lat="59.946363206544454" lon="30.342435354993324">
				<ele>5.184994929470122</ele>
				<time>2025-06-30T15:51:00Z</time>
			</trkpt>
			<trkpt lat="59.94634537744356" lon="30.342447077363534">
				<ele>5.73892352823168</ele>
				<time>2025-06-30T15:51:01Z</time>
			</trkpt>
			<trkpt lat="59.946327579244546" lon="30.342480167304384">
				<ele>4.858776228502393</ele>
				<time>2025-06-30T15:51:02Z</time>
			</trkpt>
			<trkpt lat="59.946320647118064" lon="30.342534493441242">
				<ele>4.685418734326959</ele>
				<time>2025-06-30T15:51:07Z</time>
			</trkpt>
			<trkpt lat="59.946322660279385" lon="30.34257370635734">
				<ele>4.735016252845526</ele>
				<time>2025-06-30T15:51:09Z</time>
			</trkpt>
			<trkpt lat="59.946323080610206" lon="30.342615628760793">
				<ele>5.167407860979438</ele>
				<time>2025-06-30T15:51:16Z</time>
			</trkpt>
			<trkpt lat="59.94630523740204" lon="30.342635694621897">
				<ele>4.91904479265213</ele>
				<time>2025-06-30T15:51:29Z</time>
			</trkpt>
			<trkpt lat="59.9462828404623" lon="30.342627835522023">
				<ele>4.121309697628021</ele>
				<time>2025-06-30T15:51:30Z</time>
			</trkpt>
			<trkpt lat="59.946251335800234" lon="30.342612489105374">
				<ele>-0.6908824034035206</ele>
				<time>2025-06-30T15:51:34Z</time>
			</trkpt>
			<trkpt lat="59.946219209547394" lon="30.342609109963913">
				<ele>1.5054733334109187</ele>
				<time>2025-06-30T15:51:35Z</time>
			</trkpt>
			<trkpt lat="59.94623754261632" lon="30.34264883036479">
				<ele>-13.422965815290809</ele>
				<time>2025-06-30T15:51:44Z</time>
			</trkpt>
			<trkpt lat="59.94620086388992" lon="30.34260811566707">
				<ele>-13.29585059080273</ele>
				<time>2025-06-30T15:51:50Z</time>
			</trkpt>
			<trkpt lat="59.946182161216555" lon="30.34257924329792">
				<ele>-11.645857136696577</ele>
				<time>2025-06-30T15:51:52Z</time>
			</trkpt>
			<trkpt lat="59.94619033273299" lon="30.342534823015352">
				<ele>-13.644946522079408</ele>
				<time>2025-06-30T15:51:54Z</time>
			</trkpt>
			<trkpt lat="59.94616735298799" lon="30.342522979660078">
				<ele>-14.363617704249918</ele>
				<time>2025-06-30T15:51:55Z</time>
			</trkpt>
			<trkpt lat="59.94614721430355" lon="30.34252222022436">
				<ele>-12.944966583512723</ele>
				<time>2025-06-30T15:51:56Z</time>
			</trkpt>
			<trkpt lat="59.94613425816139" lon="30.342478572153027">
				<ele>-11.1062221666798</ele>
				<time>2025-06-30T15:51:58Z</time>
			</trkpt>
			<trkpt lat="59.94611163472488" lon="30.342479447079512">
				<ele>-10.355340302921832</ele>
				<time>2025-06-30T15:51:59Z</time>
			</trkpt>
			<trkpt lat="59.94608113939552" lon="30.342555764610932">
				<ele>-9.962539043277502</ele>
				<time>2025-06-30T15:52:00Z</time>
			</trkpt>
			<trkpt lat="59.94605915255944" lon="30.34256298811048">
				<ele>-8.254679569043219</ele>
				<time>2025-06-30T15:52:01Z</time>
			</trkpt>
			<trkpt lat="59.94602743357468" lon="30.34255279916625">
				<ele>-7.6592375645413995</ele>
				<time>2025-06-30T15:52:05Z</time>
			</trkpt>
			<trkpt lat="59.9460025382872" lon="30.342520165398007">
				<ele>-5.403320605866611</ele>
				<time>2025-06-30T15:52:07Z</time>
			</trkpt>
			<trkpt lat="59.94600613586022" lon="30.34247737467763">
				<ele>-5.922284261323512</ele>
				<time>2025-06-30T15:52:09Z</time>
			</trkpt>
			<trkpt lat="59.945968443239146" lon="30.34247971560393">
				<ele>-1.9428856102749705</ele>
				<time>2025-06-30T15:52:11Z</time>
			</trkpt>
			<trkpt lat="59.9459427415918" lon="30.342489057676506">
				<ele>-0.40389094315469265</ele>
				<time>2025-06-30T15:52:12Z</time>
			</trkpt>
			<trkpt lat="59.94592264268276" lon="30.342524567604364">
				<ele>0.06092866975814104</ele>
				<time>2025-06-30T15:52:14Z</time>
			</trkpt>
			<trkpt lat="59.94589692668054" lon="30.342530847586826">
				<ele>0.6501162396743894</ele>
				<time>2025-06-30T15:52:16Z</time>
			</trkpt>
			<trkpt lat="59.94587774187979" lon="30.3425470640846">
				<ele>-1.4884923938661814</ele>
				<time>2025-06-30T15:52:18Z</time>
			</trkpt>
			<trkpt lat="59.945855601852564" lon="30.342547766612196">
				<ele>-2.011698673479259</ele>
				<time>2025-06-30T15:52:22Z</time>
			</trkpt>
			<trkpt lat="59.94583671635217" lon="30.34256368597777">
				<ele>-1.536886839196086</ele>
				<time>2025-06-30T15:52:23Z</time>
			</trkpt>
			<trkpt lat="59.945820101107984" lon="30.34257808747602">
				<ele>0.10019306652247906</ele>
				<time>2025-06-30T15:52:25Z</time>
			</trkpt>
			<trkpt lat="59.945798630795856" lon="30.342590926605734">
				<ele>-1.9397900616750121</ele>
				<time>2025-06-30T15:52:27Z</time>
			</trkpt>
			<trkpt lat="59.94577034371368" lon="30.342604413819608">
				<ele>0.38895774353295565</ele>
				<time>2025-06-30T15:52:29Z</time>
			</trkpt>
			<trkpt lat="59.94575621388104" lon="30.342628113113836">
				<ele>2.6911655608564615</ele>
				<time>2025-06-30T15:52:30Z</time>
			</trkpt>
			<trkpt lat="59.94573590186132" lon="30.342614725290833">
				<ele>3.6327283680438995</ele>
				<time>2025-06-30T15:52:31Z</time>
			</trkpt>
			<trkpt lat="59.94571663612463" lon="30.34264208663998">
				<ele>-0.8000503173097968</ele>
				<time>2025-06-30T15:52:33Z</time>
			</trkpt>
			<trkpt lat="59.945698328563395" lon="30.342635453187494">
				<ele>2.6576985167339444</ele>
				<time>2025-06-30T15:52:34Z</time>
			</trkpt>
			<trkpt lat="59.945665970406985" lon="30.342627252648757">
				<ele>3.6114543909206986</ele>
				<time>2025-06-30T15:52:36Z</time>
			</trkpt>
			<trkpt lat="59.94564924929898" lon="30.34264642744241">
				<ele>0.861074578948319</ele>
				<time>2025-06-30T15:52:38Z</time>
			</trkpt>
			<trkpt lat="59.945631180222954" lon="30.34265807114641">
				<ele>-2.2529540453106165</ele>
				<time>2025-06-30T15:52:40Z</time>
			</trkpt>
			<trkpt lat="59.9456102978037" lon="30.342648400377755">
				<ele>-0.8499548779800534</ele>
				<time>2025-06-30T15:52:42Z</time>
			</trkpt>
			<trkpt lat="59.94558160440193" lon="30.34264041306327">
				<ele>3.131942261941731</ele>
				<time>2025-06-30T15:52:44Z</time>
			</trkpt>
			<trkpt lat="59.945551698421845" lon="30.342631601088357">
				<ele>3.48761136084795</ele>
				<time>2025-06-30T15:52:46Z</time>
			</trkpt>
			<trkpt lat="59.94552995848647" lon="30.34263408595966">
				<ele>4.178234087303281</ele>
				<time>2025-06-30T15:52:48Z</time>
			</trkpt>
			<trkpt lat="59.945510295019616" lon="30.342645093886414">
				<ele>4.424015507102013</ele>
				<time>2025-06-30T15:52:50Z</time>
			</trkpt>
			<trkpt lat="59.945490108747634" lon="30.34264330785414">
				<ele>-0.8426652010530233</ele>
				<time>2025-06-30T15:52:53Z</time>
			</trkpt>
			<trkpt lat="59.94547088218739" lon="30.342657457441163">
				<ele>3.516593836247921</ele>
				<time>2025-06-30T15:52:55Z</time>
			</trkpt>
			<trkpt lat="59.945449687384624" lon="30.34268307699324">
				<ele>2.886151000857353</ele>
				<time>2025-06-30T15:52:57Z</time>
			</trkpt>
			<trkpt lat="59.94543129807989" lon="30.34266844597445">
				<ele>5.302730809897184</ele>
				<time>2025-06-30T15:52:58Z</time>
			</trkpt>
			<trkpt lat="59.94540616793517" lon="30.342681241977274">
				<ele>6.377094109542668</ele>
				<time>2025-06-30T15:53:00Z</time>
			</trkpt>
			<trkpt lat="59.94539226368938" lon="30.34272461230278">
				<ele>3.7841995414346457</ele>
				<time>2025-06-30T15:53:03Z</time>
			</trkpt>
			<trkpt lat="59.94537680486882" lon="30.342748876741616">
				<ele>5.396917765960097</ele>
				<time>2025-06-30T15:53:05Z</time>
			</trkpt>
			<trkpt lat="59.94535963125591" lon="30.34275986095595">
				<ele>6.11624245531857</ele>
				<time>2025-06-30T15:53:06Z</time>
			</trkpt>
			<trkpt lat="59.945335144644424" lon="30.34277105162727">
				<ele>-0.47361903823912144</ele>
				<time>2025-06-30T15:53:09Z</time>
			</trkpt>
			<trkpt lat="59.945298509379946" lon="30.34280374400867">
				<ele>4.658016298897564</ele>
				<time>2025-06-30T15:53:11Z</time>
			</trkpt>
			<trkpt lat="59.94528011112511" lon="30.342798534989026">
				<ele>5.793814069591463</ele>
				<time>2025-06-30T15:53:12Z</time>
			</trkpt>
			<trkpt lat="59.945253186591025" lon="30.342804389569">
				<ele>5.458823301829398</ele>
				<time>2025-06-30T15:53:14Z</time>
			</trkpt>
			<trkpt lat="59.94523107692013" lon="30.34279341943751">
				<ele>7.058685725554824</ele>
				<time>2025-06-30T15:53:16Z</time>
			</trkpt>
			<trkpt lat="59.94520766879557" lon="30.342779646868983">
				<ele>7.790909289382398</ele>
				<time>2025-06-30T15:53:18Z</time>
			</trkpt>
			<trkpt lat="59.94518917784038" lon="30.342783855321915">
				<ele>4.81023930106312</ele>
				<time>2025-06-30T15:53:22Z</time>
			</trkpt>
			<trkpt lat="59.94517252213525" lon="30.342767192227782">
				<ele>2.705417010933161</ele>
				<time>2025-06-30T15:53:24Z</time>
			</trkpt>
			<trkpt lat="59.9451528171039" lon="30.342741058253456">
				<ele>4.047831056639552</ele>
				<time>2025-06-30T15:53:25Z</time>
			</trkpt>
			<trkpt lat="59.94512116411178" lon="30.342752662445">
				<ele>6.7584938276559114</ele>
				<time>2025-06-30T15:53:27Z</time>
			</trkpt>
			<trkpt lat="59.945120227615675" lon="30.342707942192238">
				<ele>8.442636323161423</ele>
				<time>2025-06-30T15:53:28Z</time>
			</trkpt>
			<trkpt lat="59.945095799075695" lon="30.342694333569646">
				<ele>7.036885941401124</ele>
				<time>2025-06-30T15:53:31Z</time>
			</trkpt>
			<trkpt lat="59.945108434182984" lon="30.342654615812865">
				<ele>8.58641266450286</ele>
				<time>2025-06-30T15:53:32Z</time>
			</trkpt>
			<trkpt lat="59.94508340856596" lon="30.34270002734375">
				<ele>6.875185325741768</ele>
				<time>2025-06-30T15:53:33Z</time>
			</trkpt>
			<trkpt lat="59.94506816608125" lon="30.34272742793938">
				<ele>5.146676737815142</ele>
				<time>2025-06-30T15:53:35Z</time>
			</trkpt>
			<trkpt lat="59.945047443590084" lon="30.3426751718303">
				<ele>8.056503883562982</ele>
				<time>2025-06-30T15:53:37Z</time>
			</trkpt>
			<trkpt lat="59.945012474544264" lon="30.34268847420008">
				<ele>10.525329926982522</ele>
				<time>2025-06-30T15:53:39Z</time>
			</trkpt>
			<trkpt lat="59.94499095425665" lon="30.34270310673816">
				<ele>11.414679198525846</ele>
				<time>2025-06-30T15:53:40Z</time>
			</trkpt>
			<trkpt lat="59.94496238061903" lon="30.342685234788632">
				<ele>11.6541976230219</ele>
				<time>2025-06-30T15:53:42Z</time>
			</trkpt>
			<trkpt lat="59.94494518952526" lon="30.342712189488072">
				<ele>11.384779554791749</ele>
				<time>2025-06-30T15:53:43Z</time>
			</trkpt>
			<trkpt lat="59.94492724762868" lon="30.342743742752766">
				<ele>11.826285796239972</ele>
				<time>2025-06-30T15:53:44Z</time>
			</trkpt>
			<trkpt lat="59.94491290743914" lon="30.3427740383426">
				<ele>12.264317257329822</ele>
				<time>2025-06-30T15:53:45Z</time>
			</trkpt>
			<trkpt lat="59.94488115979171" lon="30.342764568396728">
				<ele>8.55306897778064</ele>
				<time>2025-06-30T15:53:47Z</time>
			</trkpt>
			<trkpt lat="59.9448805395972" lon="30.342709199716175">
				<ele>5.391610510647297</ele>
				<time>2025-06-30T15:53:48Z</time>
			</trkpt>
			<trkpt lat="59.944875369406276" lon="30.342669561873254">
				<ele>3.3739898717030883</ele>
				<time>2025-06-30T15:53:49Z</time>
			</trkpt>
			<trkpt lat="59.944849822544136" lon="30.342676558477272">
				<ele>4.079517783597112</ele>
				<time>2025-06-30T15:53:52Z</time>
			</trkpt>
			<trkpt lat="59.94482757856733" lon="30.34267822052767">
				<ele>5.852577407844365</ele>
				<time>2025-06-30T15:53:54Z</time>
			</trkpt>
			<trkpt lat="59.94480681811437" lon="30.342678755918104">
				<ele>0.36022462509572506</ele>
				<time>2025-06-30T15:53:57Z</time>
			</trkpt>
			<trkpt lat="59.94479374358019" lon="30.34271415172161">
				<ele>-1.196564182639122</ele>
				<time>2025-06-30T15:53:59Z</time>
			</trkpt>
			<trkpt lat="59.94478744996876" lon="30.342758772765954">
				<ele>-2.193187086842954</ele>
				<time>2025-06-30T15:54:03Z</time>
			</trkpt>
			<trkpt lat="59.94477053035036" lon="30.3427943346626">
				<ele>2.7238557701930404</ele>
				<time>2025-06-30T15:54:07Z</time>
			</trkpt>
			<trkpt lat="59.944767074064885" lon="30.342754720129584">
				<ele>1.8189670173451304</ele>
				<time>2025-06-30T15:54:10Z</time>
			</trkpt>
			<trkpt lat="59.94474155669832" lon="30.34277420700747">
				<ele>4.90832191426307</ele>
				<time>2025-06-30T15:54:20Z</time>
			</trkpt>
			<trkpt lat="59.94472430486524" lon="30.342762798879498">
				<ele>5.714716994203627</ele>
				<time>2025-06-30T15:54:22Z</time>
			</trkpt>
			<trkpt lat="59.94470026641152" lon="30.34276354435508">
				<ele>4.309003917500377</ele>
				<time>2025-06-30T15:54:25Z</time>
			</trkpt>
			<trkpt lat="59.94468802102072" lon="30.34279016201478">
				<ele>5.3740742681548</ele>
				<time>2025-06-30T15:54:27Z</time>
			</trkpt>
			<trkpt lat="59.94467074331021" lon="30.34280914075198">
				<ele>6.1349363178014755</ele>
				<time>2025-06-30T15:54:28Z</time>
			</trkpt>
			<trkpt lat="59.94466014741413" lon="30.34285520061935">
				<ele>0.3513160888105631</ele>
				<time>2025-06-30T15:54:30Z</time>
			</trkpt>
			<trkpt lat="59.94463526587683" lon="30.342849652904427">
				<ele>2.031530860811472</ele>
				<time>2025-06-30T15:54:32Z</time>
			</trkpt>
			<trkpt lat="59.944615539062156" lon="30.34285952338233">
				<ele>1.7962530246004462</ele>
				<time>2025-06-30T15:54:34Z</time>
			</trkpt>
			<trkpt lat="59.94459426654181" lon="30.342875592331197">
				<ele>0.5289115980267525</ele>
				<time>2025-06-30T15:54:54Z</time>
			</trkpt>
			<trkpt lat="59.94454882718088" lon="30.342886228286062">
				<ele>3.8609077306464314</ele>
				<time>2025-06-30T15:54:57Z</time>
			</trkpt>
			<trkpt lat="59.94452096301612" lon="30.342874905009126">
				<ele>6.288544666953385</ele>
				<time>2025-06-30T15:54:59Z</time>
			</trkpt>
			<trkpt lat="59.94448446075689" lon="30.34286915310789">
				<ele>13.21341229043901</ele>
				<time>2025-06-30T15:55:00Z</time>
			</trkpt>
			<trkpt lat="59.944458743174074" lon="30.342866011073845">
				<ele>14.2337830029428</ele>
				<time>2025-06-30T15:55:02Z</time>
			</trkpt>
			<trkpt lat="59.94444280693388" lon="30.342840029691118">
				<ele>12.919794516637921</ele>
				<time>2025-06-30T15:55:06Z</time>
			</trkpt>
			<trkpt lat="59.94442043195979" lon="30.34287963613162">
				<ele>7.267234674654901</ele>
				<time>2025-06-30T15:55:11Z</time>
			</trkpt>
			<trkpt lat="59.944391056823456" lon="30.342891050023685">
				<ele>3.5108631253242493</ele>
				<time>2025-06-30T15:55:15Z</time>
			</trkpt>
			<trkpt lat="59.944364961930255" lon="30.34286368041848">
				<ele>3.1414906475692987</ele>
				<time>2025-06-30T15:55:19Z</time>
			</trkpt>
			<trkpt lat="59.94433527440251" lon="30.342857257248326">
				<ele>5.611462036147714</ele>
				<time>2025-06-30T15:55:21Z</time>
			</trkpt>
			<trkpt lat="59.944338811358016" lon="30.342908345610272">
				<ele>-1.7828737953677773</ele>
				<time>2025-06-30T15:55:24Z</time>
			</trkpt>
			<trkpt lat="59.944313315026136" lon="30.34290064760941">
				<ele>2.339886517263949</ele>
				<time>2025-06-30T15:55:25Z</time>
			</trkpt>
			<trkpt lat="59.9442906028853" lon="30.342900062889132">
				<ele>2.884231857024133</ele>
				<time>2025-06-30T15:55:28Z</time>
			</trkpt>
			<trkpt lat="59.94427514709041" lon="30.342933360264066">
				<ele>3.17346700001508</ele>
				<time>2025-06-30T15:55:31Z</time>
			</trkpt>
			<trkpt lat="59.944285691784025" lon="30.342965976172657">
				<ele>6.43245527241379</ele>
				<time>2025-06-30T15:55:38Z</time>
			</trkpt>
			<trkpt lat="59.9443065448942" lon="30.342994292893415">
				<ele>4.851549913175404</ele>
				<time>2025-06-30T15:55:41Z</time>
			</trkpt>
			<trkpt lat="59.94432643192417" lon="30.343019350823354">
				<ele>4.4291975582018495</ele>
				<time>2025-06-30T15:55:42Z</time>
			</trkpt>
			<trkpt lat="59.944344811521695" lon="30.34301203326129">
				<ele>5.182846353389323</ele>
				<time>2025-06-30T15:55:46Z</time>
			</trkpt>
			<trkpt lat="59.94435310800245" lon="30.343056966601786">
				<ele>3.1990375332534313</ele>
				<time>2025-06-30T15:55:48Z</time>
			</trkpt>
			<trkpt lat="59.94436008201696" lon="30.34309540184631">
				<ele>3.2691126950085163</ele>
				<time>2025-06-30T15:55:52Z</time>
			</trkpt>
			<trkpt lat="59.94436532236793" lon="30.343129840006654">
				<ele>2.649805676192045</ele>
				<time>2025-06-30T15:56:03Z</time>
			</trkpt>
			<trkpt lat="59.944350687641546" lon="30.343168847272718">
				<ele>7.93916773609817</ele>
				<time>2025-06-30T15:56:09Z</time>
			</trkpt>
			<trkpt lat="59.94432727320331" lon="30.34317704271847">
				<ele>4.429216965101659</ele>
				<time>2025-06-30T15:56:14Z</time>
			</trkpt>
			<trkpt lat="59.944310471120495" lon="30.34319218424918">
				<ele>3.6117296600714326</ele>
				<time>2025-06-30T15:56:17Z</time>
			</trkpt>
			<trkpt lat="59.9442888628698" lon="30.343158749268497">
				<ele>4.540765411220491</ele>
				<time>2025-06-30T15:56:19Z</time>
			</trkpt>
			<trkpt lat="59.94426920142367" lon="30.343123950622463">
				<ele>2.779789686203003</ele>
				<time>2025-06-30T15:56:26Z</time>
			</trkpt>
			<trkpt lat="59.94428258456253" lon="30.343084521798406">
				<ele>2.2784326430410147</ele>
				<time>2025-06-30T15:56:33Z</time>
			</trkpt>
			<trkpt lat="59.94430233765336" lon="30.343092710761265">
				<ele>1.6828401712700725</ele>
				<time>2025-06-30T15:56:35Z</time>
			</trkpt>
			<trkpt lat="59.94432936882592" lon="30.343107662759852">
				<ele>1.1447010040283203</ele>
				<time>2025-06-30T15:56:39Z</time>
			</trkpt>
			<trkpt lat="59.944355198356014" lon="30.34306670115681">
				<ele>4.058000356890261</ele>
				<time>2025-06-30T15:56:40Z</time>
			</trkpt>
			<trkpt lat="59.94434601603689" lon="30.343104606538603">
				<ele>3.7381861256435513</ele>
				<time>2025-06-30T15:56:47Z</time>
			</trkpt>
			<trkpt lat="59.94430974195959" lon="30.34317119557054">
				<ele>2.712437305599451</ele>
				<time>2025-06-30T15:56:56Z</time>
			</trkpt>
			<trkpt lat="59.944292832516574" lon="30.343198065439136">
				<ele>4.200788477435708</ele>
				<time>2025-06-30T15:56:57Z</time>
			</trkpt>
			<trkpt lat="59.94427518419859" lon="30.343209138422605">
				<ele>4.867589063942432</ele>
				<time>2025-06-30T15:56:59Z</time>
			</trkpt>
			<trkpt lat="59.9442418932112" lon="30.34315982138971">
				<ele>2.607873692177236</ele>
				<time>2025-06-30T15:57:02Z</time>
			</trkpt>
			<trkpt lat="59.944217376555976" lon="30.34317793685362">
				<ele>3.652242474257946</ele>
				<time>2025-06-30T15:57:04Z</time>
			</trkpt>
			<trkpt lat="59.944192124274856" lon="30.343171334276757">
				<ele>3.6836802726611495</ele>
				<time>2025-06-30T15:57:06Z</time>
			</trkpt>
			<trkpt lat="59.944173532429105" lon="30.343189634649463">
				<ele>2.0515245627611876</ele>
				<time>2025-06-30T15:57:11Z</time>
			</trkpt>
			<trkpt lat="59.944133549106986" lon="30.34310737896791">
				<ele>4.2497468162328005</ele>
				<time>2025-06-30T15:57:13Z</time>
			</trkpt>
			<trkpt lat="59.944114422683015" lon="30.343071404910045">
				<ele>4.927804483100772</ele>
				<time>2025-06-30T15:57:14Z</time>
			</trkpt>
			<trkpt lat="59.944117692078656" lon="30.343109070103576">
				<ele>5.041523402556777</ele>
				<time>2025-06-30T15:57:15Z</time>
			</trkpt>
			<trkpt lat="59.944124938055566" lon="30.343191387810293">
				<ele>3.062223406508565</ele>
				<time>2025-06-30T15:57:19Z</time>
			</trkpt>
			<trkpt lat="59.94409737330767" lon="30.343213916382545">
				<ele>2.5553832091391087</ele>
				<time>2025-06-30T15:57:22Z</time>
			</trkpt>
			<trkpt lat="59.94407816152919" lon="30.34321091211181">
				<ele>2.65733531024307</ele>
				<time>2025-06-30T15:57:24Z</time>
			</trkpt>
			<trkpt lat="59.94405950651286" lon="30.34319628947906">
				<ele>2.225505075417459</ele>
				<time>2025-06-30T15:57:27Z</time>
			</trkpt>
			<trkpt lat="59.94403794825483" lon="30.34318490127068">
				<ele>2.7058382211253047</ele>
				<time>2025-06-30T15:57:30Z</time>
			</trkpt>
			<trkpt lat="59.94401516364412" lon="30.34319016745826">
				<ele>2.6374650802463293</ele>
				<time>2025-06-30T15:57:33Z</time>
			</trkpt>
			<trkpt lat="59.94399570353112" lon="30.343187126574108">
				<ele>2.1252672960981727</ele>
				<time>2025-06-30T15:57:35Z</time>
			</trkpt>
			<trkpt lat="59.94397526006669" lon="30.343202212546874">
				<ele>2.415674328804016</ele>
				<time>2025-06-30T15:57:37Z</time>
			</trkpt>
			<trkpt lat="59.943951454123386" lon="30.34320800546397">
				<ele>0.905383019708097</ele>
				<time>2025-06-30T15:57:40Z</time>
			</trkpt>
			<trkpt lat="59.94392797302206" lon="30.34321006435208">
				<ele>0.05761421658098698</ele>
				<time>2025-06-30T15:57:42Z</time>
			</trkpt>
			<trkpt lat="59.9438998777823" lon="30.343216753830124">
				<ele>0.243490400724113</ele>
				<time>2025-06-30T15:57:45Z</time>
			</trkpt>
			<trkpt lat="59.943883088938215" lon="30.34320208800272">
				<ele>0.24582621548324823</ele>
				<time>2025-06-30T15:57:46Z</time>
			</trkpt>
			<trkpt lat="59.9438693817788" lon="30.34322664862641">
				<ele>1.0178798148408532</ele>
				<time>2025-06-30T15:57:48Z</time>
			</trkpt>
			<trkpt lat="59.94383357543936" lon="30.34321752166036">
				<ele>0.35749154072254896</ele>
				<time>2025-06-30T15:57:50Z</time>
			</trkpt>
			<trkpt lat="59.9438142001891" lon="30.343224710421666">
				<ele>0.577446797862649</ele>
				<time>2025-06-30T15:57:52Z</time>
			</trkpt>
			<trkpt lat="59.94378910652927" lon="30.34323961890171">
				<ele>2.0072802724316716</ele>
				<time>2025-06-30T15:57:56Z</time>
			</trkpt>
			<trkpt lat="59.94377057329358" lon="30.343277048953095">
				<ele>3.1666976008564234</ele>
				<time>2025-06-30T15:57:59Z</time>
			</trkpt>
			<trkpt lat="59.94374713362572" lon="30.34330009347844">
				<ele>1.9446055004373193</ele>
				<time>2025-06-30T15:58:02Z</time>
			</trkpt>
			<trkpt lat="59.94372742807483" lon="30.343312182071497">
				<ele>2.234439007937908</ele>
				<time>2025-06-30T15:58:05Z</time>
			</trkpt>
			<trkpt lat="59.94370676574439" lon="30.343319454739788">
				<ele>2.4133892552927136</ele>
				<time>2025-06-30T15:58:07Z</time>
			</trkpt>
			<trkpt lat="59.943677977435634" lon="30.34332655398103">
				<ele>2.382949077524245</ele>
				<time>2025-06-30T15:58:10Z</time>
			</trkpt>
			<trkpt lat="59.94365645335212" lon="30.343318994264923">
				<ele>1.8488222351297736</ele>
				<time>2025-06-30T15:58:12Z</time>
			</trkpt>
			<trkpt lat="59.943630433513945" lon="30.34334234441825">
				<ele>3.47953521553427</ele>
				<time>2025-06-30T15:58:16Z</time>
			</trkpt>
			<trkpt lat="59.94360062705243" lon="30.3433607384023">
				<ele>2.5438165087252855</ele>
				<time>2025-06-30T15:58:19Z</time>
			</trkpt>
			<trkpt lat="59.943570169976915" lon="30.343362554696295">
				<ele>3.3519898746162653</ele>
				<time>2025-06-30T15:58:22Z</time>
			</trkpt>
			<trkpt lat="59.94355046398096" lon="30.343348622468934">
				<ele>2.6083718175068498</ele>
				<time>2025-06-30T15:58:23Z</time>
			</trkpt>
			<trkpt lat="59.94352879433911" lon="30.34332512616109">
				<ele>2.030501442961395</ele>
				<time>2025-06-30T15:58:24Z</time>
			</trkpt>
			<trkpt lat="59.943509207721476" lon="30.34331529480712">
				<ele>2.2986044082790613</ele>
				<time>2025-06-30T15:58:25Z</time>
			</trkpt>
			<trkpt lat="59.94348244770155" lon="30.34331111067879">
				<ele>2.688479925505817</ele>
				<time>2025-06-30T15:58:27Z</time>
			</trkpt>
			<trkpt lat="59.94344208659608" lon="30.343293395422737">
				<ele>4.110233708284795</ele>
				<time>2025-06-30T15:58:29Z</time>
			</trkpt>
			<trkpt lat="59.94341468879268" lon="30.34326992377844">
				<ele>2.8134839460253716</ele>
				<time>2025-06-30T15:58:31Z</time>
			</trkpt>
			<trkpt lat="59.943396693137664" lon="30.343249222435215">
				<ele>3.5577632980421185</ele>
				<time>2025-06-30T15:58:32Z</time>
			</trkpt>
			<trkpt lat="59.94336958657352" lon="30.34323504080295">
				<ele>4.493073635734618</ele>
				<time>2025-06-30T15:58:34Z</time>
			</trkpt>
			<trkpt lat="59.94336768518189" lon="30.3432736102855">
				<ele>3.3352557346224785</ele>
				<time>2025-06-30T15:58:36Z</time>
			</trkpt>
			<trkpt lat="59.94334786431776" lon="30.34327427272527">
				<ele>4.581630431115627</ele>
				<time>2025-06-30T15:58:42Z</time>
			</trkpt>
			<trkpt lat="59.943317619576035" lon="30.34325277139192">
				<ele>5.015133825130761</ele>
				<time>2025-06-30T15:58:44Z</time>
			</trkpt>
			<trkpt lat="59.94329340081921" lon="30.343256625289253">
				<ele>5.535797324962914</ele>
				<time>2025-06-30T15:58:47Z</time>
			</trkpt>
			<trkpt lat="59.94327455445013" lon="30.343260852783004">
				<ele>5.569696409627795</ele>
				<time>2025-06-30T15:58:49Z</time>
			</trkpt>
			<trkpt lat="59.943269468094805" lon="30.34322803966605">
				<ele>3.3081374103203416</ele>
				<time>2025-06-30T15:59:09Z</time>
			</trkpt>
			<trkpt lat="59.94326624658033" lon="30.34329045531802">
				<ele>3.8617167323827744</ele>
				<time>2025-06-30T15:59:10Z</time>
			</trkpt>
			<trkpt lat="59.94323987861296" lon="30.3433002137688">
				<ele>5.471840143203735</ele>
				<time>2025-06-30T15:59:25Z</time>
			</trkpt>
			<trkpt lat="59.943250805769765" lon="30.343258938276307">
				<ele>6.048213033005595</ele>
				<time>2025-06-30T15:59:40Z</time>
			</trkpt>
			<trkpt lat="59.94325565303041" lon="30.343221164684813">
				<ele>5.455231964588165</ele>
				<time>2025-06-30T15:59:46Z</time>
			</trkpt>
			<trkpt lat="59.94326333723402" lon="30.343274224424764">
				<ele>4.734098454937339</ele>
				<time>2025-06-30T15:59:51Z</time>
			</trkpt>
			<trkpt lat="59.94326555551905" lon="30.34321575794315">
				<ele>3.9645291520282626</ele>
				<time>2025-06-30T15:59:56Z</time>
			</trkpt>
			<trkpt lat="59.94327545579781" lon="30.343276160328095">
				<ele>4.350041653029621</ele>
				<time>2025-06-30T16:00:02Z</time>
			</trkpt>
			<trkpt lat="59.943253782263724" lon="30.34319802460387">
				<ele>7.907118729315698</ele>
				<time>2025-06-30T16:00:09Z</time>
			</trkpt>
			<trkpt lat="59.94325612154762" lon="30.343290774662847">
				<ele>8.17852274235338</ele>
				<time>2025-06-30T16:00:18Z</time>
			</trkpt>
			<trkpt lat="59.94324536504825" lon="30.343247139087666">
				<ele>9.409385815262794</ele>
				<time>2025-06-30T16:00:19Z</time>
			</trkpt>
			<trkpt lat="59.943246017411845" lon="30.343193766297535">
				<ele>9.059569776058197</ele>
				<time>2025-06-30T16:00:21Z</time>
			</trkpt>
			<trkpt lat="59.94323438952949" lon="30.343134601809712">
				<ele>10.05182137992233</ele>
				<time>2025-06-30T16:00:27Z</time>
			</trkpt>
			<trkpt lat="59.94323642077" lon="30.34317929010013">
				<ele>12.75832334626466</ele>
				<time>2025-06-30T16:00:33Z</time>
			</trkpt>
			<trkpt lat="59.943241243654995" lon="30.343218102534617">
				<ele>13.176577899605036</ele>
				<time>2025-06-30T16:00:38Z</time>
			</trkpt>
			<trkpt lat="59.94322872375018" lon="30.34319085420325">
				<ele>12.66123253107071</ele>
				<time>2025-06-30T16:00:42Z</time>
			</trkpt>
			<trkpt lat="59.94320825692663" lon="30.34317315616116">
				<ele>11.738329453393817</ele>
				<time>2025-06-30T16:00:48Z</time>
			</trkpt>
			<trkpt lat="59.94319923500032" lon="30.343139166804455">
				<ele>12.600760590285063</ele>
				<time>2025-06-30T16:00:52Z</time>
			</trkpt>
			<trkpt lat="59.94318970583231" lon="30.343095129036797">
				<ele>12.812146343290806</ele>
				<time>2025-06-30T16:00:56Z</time>
			</trkpt>
			<trkpt lat="59.94318086254379" lon="30.34306002694784">
				<ele>14.317960323765874</ele>
				<time>2025-06-30T16:01:00Z</time>
			</trkpt>
			<trkpt lat="59.94318902748054" lon="30.343026234659092">
				<ele>13.618260281160474</ele>
				<time>2025-06-30T16:01:06Z</time>
			</trkpt>
			<trkpt lat="59.943200568232115" lon="30.343056986908675">
				<ele>10.693136009387672</ele>
				<time>2025-06-30T16:01:20Z</time>
			</trkpt>
			<trkpt lat="59.94322342613925" lon="30.343047339080496">
				<ele>10.309071783907712</ele>
				<time>2025-06-30T16:01:29Z</time>
			</trkpt>
			<trkpt lat="59.94323872945013" lon="30.343026391615894">
				<ele>11.746196646243334</ele>
				<time>2025-06-30T16:01:35Z</time>
			</trkpt>
			<trkpt lat="59.943258172066194" lon="30.343076477448275">
				<ele>9.364555299282074</ele>
				<time>2025-06-30T16:01:42Z</time>
			</trkpt>
			<trkpt lat="59.94323237072302" lon="30.343053332990685">
				<ele>9.246103420853615</ele>
				<time>2025-06-30T16:01:46Z</time>
			</trkpt>
			<trkpt lat="59.943246755846886" lon="30.34308587193728">
				<ele>7.6694612093269825</ele>
				<time>2025-06-30T16:01:48Z</time>
			</trkpt>
			<trkpt lat="59.943250520298555" lon="30.34312165225264">
				<ele>7.432112045586109</ele>
				<time>2025-06-30T16:01:55Z</time>
			</trkpt>
			<trkpt lat="59.94327112554177" lon="30.343174514485185">
				<ele>6.898980042897165</ele>
				<time>2025-06-30T16:01:58Z</time>
			</trkpt>
			<trkpt lat="59.943248822056574" lon="30.34317997013873">
				<ele>6.165738147683442</ele>
				<time>2025-06-30T16:02:00Z</time>
			</trkpt>
			<trkpt lat="59.94322678785162" lon="30.343147795617703">
				<ele>6.014311648905277</ele>
				<time>2025-06-30T16:02:07Z</time>
			</trkpt>
			<trkpt lat="59.94319523234142" lon="30.34319426602708">
				<ele>4.814046232029796</ele>
				<time>2025-06-30T16:02:15Z</time>
			</trkpt>
			<trkpt lat="59.943203492963804" lon="30.343227194552032">
				<ele>4.866042535752058</ele>
				<time>2025-06-30T16:02:17Z</time>
			</trkpt>
			<trkpt lat="59.94319349146932" lon="30.3431805947018">
				<ele>4.866042535752058</ele>
				<time>2025-06-30T16:02:23Z</time>
			</trkpt>
			<trkpt lat="59.943185233278776" lon="30.343035093206677">
				<ele>17.363781608641148</ele>
				<time>2025-06-30T16:03:01Z</time>
			</trkpt>
			<trkpt lat="59.94320356449693" lon="30.34304769437083">
				<ele>18.64888753928244</ele>
				<time>2025-06-30T16:03:20Z</time>
			</trkpt>
			<trkpt lat="59.943191340013286" lon="30.342981795727436">
				<ele>21.39852691721171</ele>
				<time>2025-06-30T16:03:54Z</time>
			</trkpt>
			<trkpt lat="59.94317264502356" lon="30.343071855235188">
				<ele>21.76430192682892</ele>
				<time>2025-06-30T16:04:24Z</time>
			</trkpt>
			<trkpt lat="59.94313214775747" lon="30.343013247197067">
				<ele>24.531488237902522</ele>
				<time>2025-06-30T16:04:31Z</time>
			</trkpt>
			<trkpt lat="59.943178634272776" lon="30.343012189040106">
				<ele>23.240369195118546</ele>
				<time>2025-06-30T16:04:41Z</time>
			</trkpt>
			<trkpt lat="59.94322023623847" lon="30.343054806760975">
				<ele>11.62761975824833</ele>
				<time>2025-06-30T16:04:55Z</time>
			</trkpt>
			<trkpt lat="59.94319964651517" lon="30.343064634929142">
				<ele>11.043126326054335</ele>
				<time>2025-06-30T16:04:57Z</time>
			</trkpt>
			<trkpt lat="59.943223484265054" lon="30.343068404406342">
				<ele>11.393095079809427</ele>
				<time>2025-06-30T16:05:04Z</time>
			</trkpt>
			<trkpt lat="59.94319819326279" lon="30.343102890107893">
				<ele>12.954299457371235</ele>
				<time>2025-06-30T16:05:23Z</time>
			</trkpt>
			<trkpt lat="59.9432185853315" lon="30.34313336699825">
				<ele>11.024674978107214</ele>
				<time>2025-06-30T16:05:29Z</time>
			</trkpt>
			<trkpt lat="59.94322923390443" lon="30.343162944122078">
				<ele>9.921589883975685</ele>
				<time>2025-06-30T16:05:31Z</time>
			</trkpt>
			<trkpt lat="59.94324924650109" lon="30.343175279744305">
				<ele>8.39044347871095</ele>
				<time>2025-06-30T16:05:34Z</time>
			</trkpt>
			<trkpt lat="59.94325384282363" lon="30.343236026239815">
				<ele>7.420605536550283</ele>
				<time>2025-06-30T16:05:39Z</time>
			</trkpt>
			<trkpt lat="59.94324339882539" lon="30.343190741228874">
				<ele>7.610128003172576</ele>
				<time>2025-06-30T16:05:57Z</time>
			</trkpt>
			<trkpt lat="59.94326625276395" lon="30.343205906889843">
				<ele>9.029614952392876</ele>
				<time>2025-06-30T16:06:08Z</time>
			</trkpt>
			<trkpt lat="59.94326668860186" lon="30.34326302596081">
				<ele>8.145237163640559</ele>
				<time>2025-06-30T16:06:13Z</time>
			</trkpt>
			<trkpt lat="59.943277430502036" lon="30.343221196901876">
				<ele>7.9873706214129925</ele>
				<time>2025-06-30T16:06:20Z</time>
			</trkpt>
			<trkpt lat="59.94324804610226" lon="30.343139815578635">
				<ele>11.856975044123828</ele>
				<time>2025-06-30T16:06:25Z</time>
			</trkpt>
			<trkpt lat="59.94325071202578" lon="30.343177342623814">
				<ele>11.473790350370109</ele>
				<time>2025-06-30T16:06:42Z</time>
			</trkpt>
			<trkpt lat="59.94323767141737" lon="30.34322496645937">
				<ele>10.742597538977861</ele>
				<time>2025-06-30T16:06:43Z</time>
			</trkpt>
			<trkpt lat="59.94327877932751" lon="30.343202458460016">
				<ele>11.172017461620271</ele>
				<time>2025-06-30T16:06:44Z</time>
			</trkpt>
			<trkpt lat="59.943260707743185" lon="30.34322443886218">
				<ele>8.624762144871056</ele>
				<time>2025-06-30T16:06:48Z</time>
			</trkpt>
			<trkpt lat="59.943151813033225" lon="30.34328040289721">
				<ele>5.294185273349285</ele>
				<time>2025-06-30T16:06:53Z</time>
			</trkpt>
			<trkpt lat="59.9431314437051" lon="30.34326442463681">
				<ele>7.410501156002283</ele>
				<time>2025-06-30T16:06:54Z</time>
			</trkpt>
			<trkpt lat="59.94312216967089" lon="30.343298092716143">
				<ele>3.821019794791937</ele>
				<time>2025-06-30T16:06:56Z</time>
			</trkpt>
			<trkpt lat="59.94308944111314" lon="30.3432474087677">
				<ele>3.9276627022773027</ele>
				<time>2025-06-30T16:06:58Z</time>
			</trkpt>
			<trkpt lat="59.94303332423486" lon="30.343238075815474">
				<ele>6.881748731248081</ele>
				<time>2025-06-30T16:06:59Z</time>
			</trkpt>
			<trkpt lat="59.943005672840386" lon="30.34321139820981">
				<ele>6.071203819476068</ele>
				<time>2025-06-30T16:07:00Z</time>
			</trkpt>
			<trkpt lat="59.942983707185824" lon="30.343210009510443">
				<ele>9.999042773619294</ele>
				<time>2025-06-30T16:07:03Z</time>
			</trkpt>
			<trkpt lat="59.94294613692937" lon="30.343217561379166">
				<ele>8.729860951192677</ele>
				<time>2025-06-30T16:07:06Z</time>
			</trkpt>
			<trkpt lat="59.942962333963884" lon="30.343265250260284">
				<ele>6.177538322284818</ele>
				<time>2025-06-30T16:07:08Z</time>
			</trkpt>
			<trkpt lat="59.942942604018555" lon="30.343256935367585">
				<ele>2.7824177518486977</ele>
				<time>2025-06-30T16:07:11Z</time>
			</trkpt>
			<trkpt lat="59.94292220031457" lon="30.343268143487332">
				<ele>4.458005036227405</ele>
				<time>2025-06-30T16:07:17Z</time>
			</trkpt>
			<trkpt lat="59.94290305545804" lon="30.343292426960446">
				<ele>4.715753890573978</ele>
				<time>2025-06-30T16:07:20Z</time>
			</trkpt>
			<trkpt lat="59.94288731645897" lon="30.343475001159074">
				<ele>7.8180725099518895</ele>
				<time>2025-06-30T16:07:21Z</time>
			</trkpt>
			<trkpt lat="59.9428727296775" lon="30.343576044743422">
				<ele>9.069554956629872</ele>
				<time>2025-06-30T16:07:22Z</time>
			</trkpt>
			<trkpt lat="59.942844989007675" lon="30.343638550138994">
				<ele>7.2167343543842435</ele>
				<time>2025-06-30T16:07:23Z</time>
			</trkpt>
			<trkpt lat="59.942805588246905" lon="30.34357117640924">
				<ele>7.940695228986442</ele>
				<time>2025-06-30T16:07:24Z</time>
			</trkpt>
			<trkpt lat="59.94278406650685" lon="30.34353765863705">
				<ele>7.49676762893796</ele>
				<time>2025-06-30T16:07:25Z</time>
			</trkpt>
			<trkpt lat="59.94276689108413" lon="30.343522641772577">
				<ele>6.609981322661042</ele>
				<time>2025-06-30T16:07:26Z</time>
			</trkpt>
			<trkpt lat="59.94274065422916" lon="30.343508265868564">
				<ele>8.053476540371776</ele>
				<time>2025-06-30T16:07:27Z</time>
			</trkpt>
			<trkpt lat="59.94271651738627" lon="30.343495666499017">
				<ele>9.61451383586973</ele>
				<time>2025-06-30T16:07:28Z</time>
			</trkpt>
			<trkpt lat="59.942724712997304" lon="30.34354452533856">
				<ele>5.084297738969326</ele>
				<time>2025-06-30T16:07:29Z</time>
			</trkpt>
			<trkpt lat="59.942698128844356" lon="30.343528966070725">
				<ele>5.206926940008998</ele>
				<time>2025-06-30T16:07:31Z</time>
			</trkpt>
			<trkpt lat="59.94268030528672" lon="30.34351441382273">
				<ele>6.977300028316677</ele>
				<time>2025-06-30T16:07:32Z</time>
			</trkpt>
			<trkpt lat="59.94265929044902" lon="30.343524215056046">
				<ele>7.57396664749831</ele>
				<time>2025-06-30T16:07:34Z</time>
			</trkpt>
			<trkpt lat="59.94263769899193" lon="30.34353467035214">
				<ele>9.219024246558547</ele>
				<time>2025-06-30T16:07:36Z</time>
			</trkpt>
			<trkpt lat="59.94260643480616" lon="30.343506802686793">
				<ele>10.275873291306198</ele>
				<time>2025-06-30T16:07:39Z</time>
			</trkpt>
			<trkpt lat="59.9426283685419" lon="30.343480188881937">
				<ele>8.91449670214206</ele>
				<time>2025-06-30T16:07:40Z</time>
			</trkpt>
			<trkpt lat="59.942643085556696" lon="30.343456323861542">
				<ele>9.46629142574966</ele>
				<time>2025-06-30T16:07:42Z</time>
			</trkpt>
			<trkpt lat="59.9426502142176" lon="30.34349456587163">
				<ele>9.702490529976785</ele>
				<time>2025-06-30T16:07:44Z</time>
			</trkpt>
			<trkpt lat="59.94266844086071" lon="30.343527193604604">
				<ele>10.045706978067756</ele>
				<time>2025-06-30T16:07:45Z</time>
			</trkpt>
			<trkpt lat="59.942680707701875" lon="30.34355430660721">
				<ele>3.439769600518048</ele>
				<time>2025-06-30T16:07:47Z</time>
			</trkpt>
			<trkpt lat="59.94268855841912" lon="30.343611747067314">
				<ele>2.8446812611073256</ele>
				<time>2025-06-30T16:07:49Z</time>
			</trkpt>
			<trkpt lat="59.94269528044121" lon="30.34367314780314">
				<ele>4.273518646135926</ele>
				<time>2025-06-30T16:07:51Z</time>
			</trkpt>
			<trkpt lat="59.94271211207523" lon="30.343722207201616">
				<ele>2.7014009868726134</ele>
				<time>2025-06-30T16:07:54Z</time>
			</trkpt>
			<trkpt lat="59.94271773904478" lon="30.34376541483094">
				<ele>2.6622688863426447</ele>
				<time>2025-06-30T16:07:56Z</time>
			</trkpt>
			<trkpt lat="59.942721310780286" lon="30.34381452343783">
				<ele>0.15307823102921247</ele>
				<time>2025-06-30T16:07:59Z</time>
			</trkpt>
			<trkpt lat="59.94272654944502" lon="30.343852055511757">
				<ele>1.1952270744368434</ele>
				<time>2025-06-30T16:08:01Z</time>
			</trkpt>
			<trkpt lat="59.942731228142605" lon="30.343909435934858">
				<ele>2.521036457270384</ele>
				<time>2025-06-30T16:08:03Z</time>
			</trkpt>
			<trkpt lat="59.942736638507704" lon="30.34395188175812">
				<ele>3.652597179636359</ele>
				<time>2025-06-30T16:08:05Z</time>
			</trkpt>
			<trkpt lat="59.942734193593566" lon="30.343989274721054">
				<ele>2.306828238070011</ele>
				<time>2025-06-30T16:08:07Z</time>
			</trkpt>
			<trkpt lat="59.94274961773648" lon="30.344029498746664">
				<ele>3.2811276335269213</ele>
				<time>2025-06-30T16:08:09Z</time>
			</trkpt>
			<trkpt lat="59.9427535891378" lon="30.344080326440864">
				<ele>4.045731763355434</ele>
				<time>2025-06-30T16:08:11Z</time>
			</trkpt>
			<trkpt lat="59.942754402618334" lon="30.34412997695585">
				<ele>4.872374841012061</ele>
				<time>2025-06-30T16:08:13Z</time>
			</trkpt>
			<trkpt lat="59.942760635328504" lon="30.344174883098724">
				<ele>4.626208260655403</ele>
				<time>2025-06-30T16:08:15Z</time>
			</trkpt>
			<trkpt lat="59.94275335755533" lon="30.34421036896944">
				<ele>2.651912937872112</ele>
				<time>2025-06-30T16:08:18Z</time>
			</trkpt>
			<trkpt lat="59.94274525793454" lon="30.344286554535966">
				<ele>5.201983904466033</ele>
				<time>2025-06-30T16:08:19Z</time>
			</trkpt>
			<trkpt lat="59.942739481343764" lon="30.344323724030414">
				<ele>3.8958972487598658</ele>
				<time>2025-06-30T16:08:21Z</time>
			</trkpt>
			<trkpt lat="59.94274634867189" lon="30.344394354648117">
				<ele>5.9611810417845845</ele>
				<time>2025-06-30T16:08:23Z</time>
			</trkpt>
			<trkpt lat="59.942755371880835" lon="30.344427172575045">
				<ele>2.6727285981178284</ele>
				<time>2025-06-30T16:08:27Z</time>
			</trkpt>
			<trkpt lat="59.94276001863959" lon="30.344463048295935">
				<ele>4.087520241737366</ele>
				<time>2025-06-30T16:08:28Z</time>
			</trkpt>
			<trkpt lat="59.942765701014736" lon="30.344521555375575">
				<ele>3.837598701938987</ele>
				<time>2025-06-30T16:08:30Z</time>
			</trkpt>
			<trkpt lat="59.942772474383375" lon="30.344573930801825">
				<ele>5.870894781313837</ele>
				<time>2025-06-30T16:08:32Z</time>
			</trkpt>
			<trkpt lat="59.94278301612288" lon="30.34462205265509">
				<ele>7.059635617770255</ele>
				<time>2025-06-30T16:08:34Z</time>
			</trkpt>
			<trkpt lat="59.94278719769435" lon="30.34467728383682">
				<ele>5.41471657063812</ele>
				<time>2025-06-30T16:08:38Z</time>
			</trkpt>
			<trkpt lat="59.94278991966708" lon="30.34471511815576">
				<ele>4.397711887955666</ele>
				<time>2025-06-30T16:08:40Z</time>
			</trkpt>
			<trkpt lat="59.94279500513092" lon="30.34477468302741">
				<ele>5.959643981419504</ele>
				<time>2025-06-30T16:08:42Z</time>
			</trkpt>
			<trkpt lat="59.94280252318692" lon="30.34481013060439">
				<ele>2.232894368469715</ele>
				<time>2025-06-30T16:08:45Z</time>
			</trkpt>
			<trkpt lat="59.94280313828192" lon="30.344849702867087">
				<ele>3.6767178745940328</ele>
				<time>2025-06-30T16:08:47Z</time>
			</trkpt>
			<trkpt lat="59.94281414367962" lon="30.34488504182898">
				<ele>5.860550086945295</ele>
				<time>2025-06-30T16:08:49Z</time>
			</trkpt>
			<trkpt lat="59.94280767038889" lon="30.344922164700915">
				<ele>4.934460774995387</ele>
				<time>2025-06-30T16:08:51Z</time>
			</trkpt>
			<trkpt lat="59.94279113319805" lon="30.344987230149066">
				<ele>5.863314136862755</ele>
				<time>2025-06-30T16:08:53Z</time>
			</trkpt>
			<trkpt lat="59.94278216099724" lon="30.345037432562876">
				<ele>3.9906841730698943</ele>
				<time>2025-06-30T16:08:55Z</time>
			</trkpt>
			<trkpt lat="59.94278486989472" lon="30.34508374510156">
				<ele>3.4468304105103016</ele>
				<time>2025-06-30T16:08:58Z</time>
			</trkpt>
			<trkpt lat="59.94278910541371" lon="30.34513739775698">
				<ele>3.8883417015895247</ele>
				<time>2025-06-30T16:09:00Z</time>
			</trkpt>
			<trkpt lat="59.942805466497916" lon="30.345176281865278">
				<ele>3.796902953647077</ele>
				<time>2025-06-30T16:09:02Z</time>
			</trkpt>
			<trkpt lat="59.9428235805388" lon="30.34519440043228">
				<ele>4.569128378294408</ele>
				<time>2025-06-30T16:09:03Z</time>
			</trkpt>
			<trkpt lat="59.942828925081656" lon="30.345237905493253">
				<ele>3.8649749821051955</ele>
				<time>2025-06-30T16:09:05Z</time>
			</trkpt>
			<trkpt lat="59.942826450700075" lon="30.34528736662903">
				<ele>2.045217159204185</ele>
				<time>2025-06-30T16:09:08Z</time>
			</trkpt>
			<trkpt lat="59.94282594878504" lon="30.345329795282403">
				<ele>1.284026219509542</ele>
				<time>2025-06-30T16:09:10Z</time>
			</trkpt>
			<trkpt lat="59.942832273550366" lon="30.345363782824407">
				<ele>3.219745452515781</ele>
				<time>2025-06-30T16:09:11Z</time>
			</trkpt>
			<trkpt lat="59.942828959279375" lon="30.34540817423929">
				<ele>2.5179914897307754</ele>
				<time>2025-06-30T16:09:13Z</time>
			</trkpt>
			<trkpt lat="59.942850557482465" lon="30.345445317967314">
				<ele>3.9647587267681956</ele>
				<time>2025-06-30T16:09:15Z</time>
			</trkpt>
			<trkpt lat="59.94286889648472" lon="30.345456243694137">
				<ele>0.6783739840611815</ele>
				<time>2025-06-30T16:09:18Z</time>
			</trkpt>
			<trkpt lat="59.94289079022945" lon="30.3454645803797">
				<ele>1.221322350203991</ele>
				<time>2025-06-30T16:09:20Z</time>
			</trkpt>
			<trkpt lat="59.942908813171314" lon="30.345474901603254">
				<ele>2.0612640753388405</ele>
				<time>2025-06-30T16:09:21Z</time>
			</trkpt>
			<trkpt lat="59.94292585362062" lon="30.345490223070836">
				<ele>2.6682416517287493</ele>
				<time>2025-06-30T16:09:22Z</time>
			</trkpt>
			<trkpt lat="59.94294695382636" lon="30.345467576592">
				<ele>2.4063269551843405</ele>
				<time>2025-06-30T16:09:24Z</time>
			</trkpt>
			<trkpt lat="59.942969584404324" lon="30.34546775459929">
				<ele>3.828374424017966</ele>
				<time>2025-06-30T16:09:26Z</time>
			</trkpt>
			<trkpt lat="59.94298492083285" lon="30.34544512831549">
				<ele>0.831593350507319</ele>
				<time>2025-06-30T16:09:28Z</time>
			</trkpt>
			<trkpt lat="59.943006013912566" lon="30.34543643266169">
				<ele>1.4267448438331485</ele>
				<time>2025-06-30T16:09:30Z</time>
			</trkpt>
			<trkpt lat="59.94302872942106" lon="30.345457488716313">
				<ele>2.91572530195117</ele>
				<time>2025-06-30T16:09:32Z</time>
			</trkpt>
			<trkpt lat="59.943052702729176" lon="30.34544315638212">
				<ele>2.5884019639343023</ele>
				<time>2025-06-30T16:09:34Z</time>
			</trkpt>
			<trkpt lat="59.94307686044347" lon="30.34545864294182">
				<ele>3.401796759106219</ele>
				<time>2025-06-30T16:09:36Z</time>
			</trkpt>
			<trkpt lat="59.9430947790637" lon="30.345422317641855">
				<ele>1.964579221792519</ele>
				<time>2025-06-30T16:09:38Z</time>
			</trkpt>
			<trkpt lat="59.94313148514305" lon="30.345436498876385">
				<ele>2.808099185116589</ele>
				<time>2025-06-30T16:09:42Z</time>
			</trkpt>
			<trkpt lat="59.943156262329325" lon="30.34545129643706">
				<ele>1.8825303250923753</ele>
				<time>2025-06-30T16:09:44Z</time>
			</trkpt>
			<trkpt lat="59.94318644504152" lon="30.345457134198792">
				<ele>3.499812331981957</ele>
				<time>2025-06-30T16:09:46Z</time>
			</trkpt>
			<trkpt lat="59.94321607673249" lon="30.345465028541383">
				<ele>4.57739045098424</ele>
				<time>2025-06-30T16:09:48Z</time>
			</trkpt>
			<trkpt lat="59.94323247458588" lon="30.345479624494253">
				<ele>1.1995647074654698</ele>
				<time>2025-06-30T16:09:51Z</time>
			</trkpt>
			<trkpt lat="59.94326441808977" lon="30.345486363418807">
				<ele>3.4496752666309476</ele>
				<time>2025-06-30T16:09:53Z</time>
			</trkpt>
			<trkpt lat="59.94329251497141" lon="30.3454658549616">
				<ele>2.558062359690666</ele>
				<time>2025-06-30T16:09:55Z</time>
			</trkpt>
			<trkpt lat="59.94332778131585" lon="30.345465552493437">
				<ele>4.560936072841287</ele>
				<time>2025-06-30T16:09:57Z</time>
			</trkpt>
			<trkpt lat="59.943344765884596" lon="30.345447208921218">
				<ele>1.8907258920371532</ele>
				<time>2025-06-30T16:09:59Z</time>
			</trkpt>
			<trkpt lat="59.94336456689444" lon="30.345453821350688">
				<ele>1.1691010044887662</ele>
				<time>2025-06-30T16:10:02Z</time>
			</trkpt>
			<trkpt lat="59.94338358752937" lon="30.345460942078567">
				<ele>2.8941339533776045</ele>
				<time>2025-06-30T16:10:03Z</time>
			</trkpt>
			<trkpt lat="59.94340492704919" lon="30.345439288521018">
				<ele>2.385163418017328</ele>
				<time>2025-06-30T16:10:05Z</time>
			</trkpt>
			<trkpt lat="59.9434350438653" lon="30.345451445699357">
				<ele>5.0984089048579335</ele>
				<time>2025-06-30T16:10:07Z</time>
			</trkpt>
			<trkpt lat="59.94344442006216" lon="30.345411853542863">
				<ele>0.4766248306259513</ele>
				<time>2025-06-30T16:10:09Z</time>
			</trkpt>
			<trkpt lat="59.94346918725985" lon="30.345464201804482">
				<ele>0.7180841946974397</ele>
				<time>2025-06-30T16:10:13Z</time>
			</trkpt>
			<trkpt lat="59.9434990418274" lon="30.345461519904795">
				<ele>1.3869714820757508</ele>
				<time>2025-06-30T16:10:15Z</time>
			</trkpt>
			<trkpt lat="59.94351851001974" lon="30.345471415012838">
				<ele>3.0711726555600762</ele>
				<time>2025-06-30T16:10:16Z</time>
			</trkpt>
			<trkpt lat="59.9435470868784" lon="30.345469240978847">
				<ele>-1.3207661341875792</ele>
				<time>2025-06-30T16:10:18Z</time>
			</trkpt>
			<trkpt lat="59.943570726109634" lon="30.345455160647845">
				<ele>0.3380965571850538</ele>
				<time>2025-06-30T16:10:20Z</time>
			</trkpt>
			<trkpt lat="59.943596358407405" lon="30.345460348694466">
				<ele>1.016677682287991</ele>
				<time>2025-06-30T16:10:22Z</time>
			</trkpt>
			<trkpt lat="59.943618320271426" lon="30.34544993064428">
				<ele>1.5403571594506502</ele>
				<time>2025-06-30T16:10:24Z</time>
			</trkpt>
			<trkpt lat="59.94363989796801" lon="30.345439552018394">
				<ele>1.616477326489985</ele>
				<time>2025-06-30T16:10:26Z</time>
			</trkpt>
			<trkpt lat="59.943663233684546" lon="30.345423380396916">
				<ele>3.302901552990079</ele>
				<time>2025-06-30T16:10:28Z</time>
			</trkpt>
			<trkpt lat="59.94368502465811" lon="30.34537167032357">
				<ele>-1.4530588071793318</ele>
				<time>2025-06-30T16:10:30Z</time>
			</trkpt>
			<trkpt lat="59.94371075244167" lon="30.34535552036065">
				<ele>-1.411280669271946</ele>
				<time>2025-06-30T16:10:32Z</time>
			</trkpt>
			<trkpt lat="59.94373228616179" lon="30.34531429232701">
				<ele>-2.0241389498114586</ele>
				<time>2025-06-30T16:10:34Z</time>
			</trkpt>
			<trkpt lat="59.94375164530892" lon="30.345275866729803">
				<ele>-3.5724545400589705</ele>
				<time>2025-06-30T16:10:36Z</time>
			</trkpt>
			<trkpt lat="59.94376739819399" lon="30.34529855732107">
				<ele>-0.5109265306964517</ele>
				<time>2025-06-30T16:10:37Z</time>
			</trkpt>
			<trkpt lat="59.94380237184302" lon="30.345299687292442">
				<ele>1.383323892019689</ele>
				<time>2025-06-30T16:10:39Z</time>
			</trkpt>
			<trkpt lat="59.94381470706199" lon="30.34525513675628">
				<ele>-5.611209768801928</ele>
				<time>2025-06-30T16:10:41Z</time>
			</trkpt>
			<trkpt lat="59.94383432545244" lon="30.345193008811666">
				<ele>-4.0991474678739905</ele>
				<time>2025-06-30T16:10:43Z</time>
			</trkpt>
			<trkpt lat="59.94385571754951" lon="30.34521124413145">
				<ele>-1.1789685441181064</ele>
				<time>2025-06-30T16:10:44Z</time>
			</trkpt>
			<trkpt lat="59.94386709365556" lon="30.345181347530247">
				<ele>-1.8728027129545808</ele>
				<time>2025-06-30T16:10:45Z</time>
			</trkpt>
			<trkpt lat="59.9438806658801" lon="30.345156654037556">
				<ele>-1.559517078101635</ele>
				<time>2025-06-30T16:10:46Z</time>
			</trkpt>
			<trkpt lat="59.943899457916835" lon="30.34514833878098">
				<ele>-0.13722190633416176</ele>
				<time>2025-06-30T16:10:47Z</time>
			</trkpt>
			<trkpt lat="59.943918579333186" lon="30.345133529675373">
				<ele>0.6824647504836321</ele>
				<time>2025-06-30T16:10:48Z</time>
			</trkpt>
			<trkpt lat="59.94393725735683" lon="30.345136450543876">
				<ele>-3.306591896340251</ele>
				<time>2025-06-30T16:10:51Z</time>
			</trkpt>
			<trkpt lat="59.94395418443703" lon="30.34516138668957">
				<ele>-1.9194967476651073</ele>
				<time>2025-06-30T16:10:53Z</time>
			</trkpt>
			<trkpt lat="59.943964570298654" lon="30.345203185139244">
				<ele>-0.3600734556093812</ele>
				<time>2025-06-30T16:10:54Z</time>
			</trkpt>
			<trkpt lat="59.94398966995646" lon="30.345220823486425">
				<ele>-0.3446869533509016</ele>
				<time>2025-06-30T16:10:56Z</time>
			</trkpt>
			<trkpt lat="59.944018209532025" lon="30.345200036641756">
				<ele>1.012336354702711</ele>
				<time>2025-06-30T16:10:58Z</time>
			</trkpt>
			<trkpt lat="59.94404583245902" lon="30.345200539834845">
				<ele>1.7022693902254105</ele>
				<time>2025-06-30T16:11:00Z</time>
			</trkpt>
			<trkpt lat="59.94406820116187" lon="30.345197655230354">
				<ele>0.31542527861893177</ele>
				<time>2025-06-30T16:11:02Z</time>
			</trkpt>
			<trkpt lat="59.94409138582528" lon="30.34517047496356">
				<ele>1.0877700317651033</ele>
				<time>2025-06-30T16:11:04Z</time>
			</trkpt>
			<trkpt lat="59.94410817882507" lon="30.34521603802592">
				<ele>4.461311923339963</ele>
				<time>2025-06-30T16:11:05Z</time>
			</trkpt>
			<trkpt lat="59.9441352189029" lon="30.345265040400463">
				<ele>3.1938975593075156</ele>
				<time>2025-06-30T16:11:07Z</time>
			</trkpt>
			<trkpt lat="59.94416106208102" lon="30.345262087170582">
				<ele>4.47185970004648</ele>
				<time>2025-06-30T16:11:09Z</time>
			</trkpt>
			<trkpt lat="59.944175846372794" lon="30.345187181248868">
				<ele>2.9219044037163258</ele>
				<time>2025-06-30T16:11:11Z</time>
			</trkpt>
			<trkpt lat="59.94420036431015" lon="30.34518177437064">
				<ele>3.7007645778357983</ele>
				<time>2025-06-30T16:11:13Z</time>
			</trkpt>
			<trkpt lat="59.94422857063742" lon="30.34522636019764">
				<ele>6.364348185248673</ele>
				<time>2025-06-30T16:11:15Z</time>
			</trkpt>
			<trkpt lat="59.944244704391494" lon="30.345206405196638">
				<ele>6.247201727703214</ele>
				<time>2025-06-30T16:11:16Z</time>
			</trkpt>
			<trkpt lat="59.94426075126686" lon="30.345226894702982">
				<ele>7.270208012312651</ele>
				<time>2025-06-30T16:11:17Z</time>
			</trkpt>
			<trkpt lat="59.94428961155227" lon="30.345226739861875">
				<ele>9.188742424361408</ele>
				<time>2025-06-30T16:11:19Z</time>
			</trkpt>
			<trkpt lat="59.94431660335843" lon="30.345237984946035">
				<ele>11.076692435890436</ele>
				<time>2025-06-30T16:11:21Z</time>
			</trkpt>
			<trkpt lat="59.94431495722565" lon="30.34527663419177">
				<ele>7.88565663062036</ele>
				<time>2025-06-30T16:11:23Z</time>
			</trkpt>
			<trkpt lat="59.94433018239117" lon="30.34531723618552">
				<ele>8.688285810872912</ele>
				<time>2025-06-30T16:11:25Z</time>
			</trkpt>
			<trkpt lat="59.944349595061865" lon="30.34533684020563">
				<ele>8.694786929525435</ele>
				<time>2025-06-30T16:11:27Z</time>
			</trkpt>
			<trkpt lat="59.944370617993684" lon="30.345327829325132">
				<ele>8.731255057267845</ele>
				<time>2025-06-30T16:11:29Z</time>
			</trkpt>
			<trkpt lat="59.94439554333979" lon="30.34531577380442">
				<ele>8.251233998686075</ele>
				<time>2025-06-30T16:11:31Z</time>
			</trkpt>
			<trkpt lat="59.94442718796135" lon="30.345320072808217">
				<ele>10.167151358909905</ele>
				<time>2025-06-30T16:11:33Z</time>
			</trkpt>
			<trkpt lat="59.94444527750737" lon="30.345324264908545">
				<ele>6.256546976044774</ele>
				<time>2025-06-30T16:11:37Z</time>
			</trkpt>
			<trkpt lat="59.944477342937894" lon="30.345332118420835">
				<ele>8.504751859232783</ele>
				<time>2025-06-30T16:11:39Z</time>
			</trkpt>
			<trkpt lat="59.94449260247994" lon="30.34530771594083">
				<ele>7.057733199559152</ele>
				<time>2025-06-30T16:11:42Z</time>
			</trkpt>
			<trkpt lat="59.944519811802365" lon="30.345316988669516">
				<ele>8.82915269676596</ele>
				<time>2025-06-30T16:11:44Z</time>
			</trkpt>
			<trkpt lat="59.94453701268244" lon="30.345304194738368">
				<ele>5.518763238564134</ele>
				<time>2025-06-30T16:11:46Z</time>
			</trkpt>
			<trkpt lat="59.94456024291629" lon="30.345301744841045">
				<ele>5.892533193342388</ele>
				<time>2025-06-30T16:11:48Z</time>
			</trkpt>
			<trkpt lat="59.94457790392722" lon="30.345309408970817">
				<ele>6.616795158013701</ele>
				<time>2025-06-30T16:11:49Z</time>
			</trkpt>
			<trkpt lat="59.94460700198413" lon="30.345310183178736">
				<ele>6.871012762188911</ele>
				<time>2025-06-30T16:11:51Z</time>
			</trkpt>
			<trkpt lat="59.944627293681506" lon="30.345295385436966">
				<ele>6.29001235216856</ele>
				<time>2025-06-30T16:11:53Z</time>
			</trkpt>
			<trkpt lat="59.944658368937596" lon="30.345298653592522">
				<ele>8.702827672474086</ele>
				<time>2025-06-30T16:11:55Z</time>
			</trkpt>
			<trkpt lat="59.94467746226193" lon="30.34528731567535">
				<ele>8.985394420102239</ele>
				<time>2025-06-30T16:11:56Z</time>
			</trkpt>
			<trkpt lat="59.94469810457686" lon="30.34525583262272">
				<ele>4.273498798720539</ele>
				<time>2025-06-30T16:11:59Z</time>
			</trkpt>
			<trkpt lat="59.94472398312675" lon="30.345259653780477">
				<ele>5.687881394289434</ele>
				<time>2025-06-30T16:12:01Z</time>
			</trkpt>
			<trkpt lat="59.94475147116201" lon="30.345276778351028">
				<ele>6.717680021189153</ele>
				<time>2025-06-30T16:12:03Z</time>
			</trkpt>
			<trkpt lat="59.944775508369005" lon="30.345296584958973">
				<ele>3.9555391743779182</ele>
				<time>2025-06-30T16:12:07Z</time>
			</trkpt>
			<trkpt lat="59.944798675819996" lon="30.345316906842346">
				<ele>2.4875801037997007</ele>
				<time>2025-06-30T16:12:10Z</time>
			</trkpt>
			<trkpt lat="59.94482059402897" lon="30.3453111511123">
				<ele>3.095112768933177</ele>
				<time>2025-06-30T16:12:12Z</time>
			</trkpt>
			<trkpt lat="59.94484533991946" lon="30.345309064452834">
				<ele>4.987897139042616</ele>
				<time>2025-06-30T16:12:14Z</time>
			</trkpt>
			<trkpt lat="59.944883396072825" lon="30.345312961357813">
				<ele>6.240054129622877</ele>
				<time>2025-06-30T16:12:16Z</time>
			</trkpt>
			<trkpt lat="59.94490007371826" lon="30.345299014495684">
				<ele>3.3570272345095873</ele>
				<time>2025-06-30T16:12:19Z</time>
			</trkpt>
			<trkpt lat="59.94493043825676" lon="30.345295219169437">
				<ele>4.985671894624829</ele>
				<time>2025-06-30T16:12:21Z</time>
			</trkpt>
			<trkpt lat="59.94495231672218" lon="30.34528635136062">
				<ele>4.564879912883043</ele>
				<time>2025-06-30T16:12:23Z</time>
			</trkpt>
			<trkpt lat="59.94498452724945" lon="30.34527780816963">
				<ele>6.473805355839431</ele>
				<time>2025-06-30T16:12:25Z</time>
			</trkpt>
			<trkpt lat="59.94499338405611" lon="30.34524004677378">
				<ele>2.9702472472563386</ele>
				<time>2025-06-30T16:12:27Z</time>
			</trkpt>
			<trkpt lat="59.945013014977306" lon="30.345246358912952">
				<ele>3.6574414120987058</ele>
				<time>2025-06-30T16:12:29Z</time>
			</trkpt>
			<trkpt lat="59.94504162074607" lon="30.345249702510518">
				<ele>4.602176560088992</ele>
				<time>2025-06-30T16:12:31Z</time>
			</trkpt>
			<trkpt lat="59.945071753120274" lon="30.34524461754425">
				<ele>5.684888827614486</ele>
				<time>2025-06-30T16:12:33Z</time>
			</trkpt>
			<trkpt lat="59.94509099811929" lon="30.34524866696987">
				<ele>6.274717669934034</ele>
				<time>2025-06-30T16:12:34Z</time>
			</trkpt>
			<trkpt lat="59.94510433874803" lon="30.34521171269142">
				<ele>3.1085014371201396</ele>
				<time>2025-06-30T16:12:36Z</time>
			</trkpt>
			<trkpt lat="59.94512656191348" lon="30.345238203666202">
				<ele>4.7873173309490085</ele>
				<time>2025-06-30T16:12:38Z</time>
			</trkpt>
			<trkpt lat="59.94515690234624" lon="30.345239311901476">
				<ele>5.5586774460971355</ele>
				<time>2025-06-30T16:12:40Z</time>
			</trkpt>
			<trkpt lat="59.94518924589752" lon="30.345235092358827">
				<ele>7.274691343307495</ele>
				<time>2025-06-30T16:12:42Z</time>
			</trkpt>
			<trkpt lat="59.9452073001298" lon="30.345219211624055">
				<ele>7.6273700669407845</ele>
				<time>2025-06-30T16:12:44Z</time>
			</trkpt>
			<trkpt lat="59.94523402528137" lon="30.34520943360668">
				<ele>7.848182003945112</ele>
				<time>2025-06-30T16:12:47Z</time>
			</trkpt>
			<trkpt lat="59.94525906657875" lon="30.345220577201296">
				<ele>8.57397822663188</ele>
				<time>2025-06-30T16:12:49Z</time>
			</trkpt>
			<trkpt lat="59.9452805629736" lon="30.345217656818594">
				<ele>8.7189498571679</ele>
				<time>2025-06-30T16:12:51Z</time>
			</trkpt>
			<trkpt lat="59.945300317102536" lon="30.345232800726144">
				<ele>4.884659853763878</ele>
				<time>2025-06-30T16:12:55Z</time>
			</trkpt>
			<trkpt lat="59.94532604517906" lon="30.345252328834864">
				<ele>6.84494933206588</ele>
				<time>2025-06-30T16:12:57Z</time>
			</trkpt>
			<trkpt lat="59.945345821742194" lon="30.34524777622255">
				<ele>6.271663113497198</ele>
				<time>2025-06-30T16:12:59Z</time>
			</trkpt>
			<trkpt lat="59.94536592615216" lon="30.3452364255182">
				<ele>5.453182052820921</ele>
				<time>2025-06-30T16:13:01Z</time>
			</trkpt>
			<trkpt lat="59.94539031747138" lon="30.345233457060257">
				<ele>3.504422730766237</ele>
				<time>2025-06-30T16:13:04Z</time>
			</trkpt>
			<trkpt lat="59.94540901446459" lon="30.345236002850978">
				<ele>4.627163381315768</ele>
				<time>2025-06-30T16:13:05Z</time>
			</trkpt>
			<trkpt lat="59.94543600670407" lon="30.345217308091904">
				<ele>4.348772278986871</ele>
				<time>2025-06-30T16:13:07Z</time>
			</trkpt>
			<trkpt lat="59.94546719324123" lon="30.345205214879766">
				<ele>7.051228309981525</ele>
				<time>2025-06-30T16:13:09Z</time>
			</trkpt>
			<trkpt lat="59.94548516210129" lon="30.345198601203904">
				<ele>8.025004755705595</ele>
				<time>2025-06-30T16:13:10Z</time>
			</trkpt>
			<trkpt lat="59.94551316880223" lon="30.34517566778089">
				<ele>5.697741690091789</ele>
				<time>2025-06-30T16:13:12Z</time>
			</trkpt>
			<trkpt lat="59.9455302469278" lon="30.345148565858203">
				<ele>4.144736956804991</ele>
				<time>2025-06-30T16:13:13Z</time>
			</trkpt>
			<trkpt lat="59.94556207481006" lon="30.34513053512077">
				<ele>5.827015021815896</ele>
				<time>2025-06-30T16:13:15Z</time>
			</trkpt>
			<trkpt lat="59.945596150277" lon="30.345117987786878">
				<ele>7.139649610966444</ele>
				<time>2025-06-30T16:13:17Z</time>
			</trkpt>
			<trkpt lat="59.945607072546004" lon="30.34516469519602">
				<ele>7.750108755193651</ele>
				<time>2025-06-30T16:13:21Z</time>
			</trkpt>
			<trkpt lat="59.94562588963476" lon="30.345176142972516">
				<ele>8.040239345282316</ele>
				<time>2025-06-30T16:13:23Z</time>
			</trkpt>
			<trkpt lat="59.94565183787511" lon="30.345182772433354">
				<ele>7.621709608472884</ele>
				<time>2025-06-30T16:13:26Z</time>
			</trkpt>
			<trkpt lat="59.9456749396587" lon="30.34518235143983">
				<ele>7.813403348438442</ele>
				<time>2025-06-30T16:13:28Z</time>
			</trkpt>
			<trkpt lat="59.94569393078867" lon="30.34518624222212">
				<ele>7.713440315797925</ele>
				<time>2025-06-30T16:13:30Z</time>
			</trkpt>
			<trkpt lat="59.94572074763006" lon="30.345196171122677">
				<ele>8.28827976807952</ele>
				<time>2025-06-30T16:13:32Z</time>
			</trkpt>
			<trkpt lat="59.94574932062611" lon="30.345194808844163">
				<ele>7.398980647325516</ele>
				<time>2025-06-30T16:13:35Z</time>
			</trkpt>
			<trkpt lat="59.94577765872919" lon="30.345196830978242">
				<ele>8.985901210457087</ele>
				<time>2025-06-30T16:13:37Z</time>
			</trkpt>
			<trkpt lat="59.94580614547232" lon="30.345191099704582">
				<ele>8.21420088596642</ele>
				<time>2025-06-30T16:13:40Z</time>
			</trkpt>
			<trkpt lat="59.945829084680305" lon="30.345191035777308">
				<ele>7.714393169619143</ele>
				<time>2025-06-30T16:13:42Z</time>
			</trkpt>
			<trkpt lat="59.94585853566059" lon="30.3451920858181">
				<ele>9.95330332685262</ele>
				<time>2025-06-30T16:13:44Z</time>
			</trkpt>
			<trkpt lat="59.945877753040996" lon="30.345197135828677">
				<ele>10.75123133789748</ele>
				<time>2025-06-30T16:13:45Z</time>
			</trkpt>
			<trkpt lat="59.945904375069986" lon="30.345184858794564">
				<ele>8.341330417431891</ele>
				<time>2025-06-30T16:13:49Z</time>
			</trkpt>
			<trkpt lat="59.945924242179764" lon="30.345189125540912">
				<ele>6.457809208892286</ele>
				<time>2025-06-30T16:13:52Z</time>
			</trkpt>
			<trkpt lat="59.945945029843344" lon="30.345199276850785">
				<ele>4.600449593737721</ele>
				<time>2025-06-30T16:13:55Z</time>
			</trkpt>
			<trkpt lat="59.94596315932798" lon="30.34521428678628">
				<ele>6.730373147875071</ele>
				<time>2025-06-30T16:13:56Z</time>
			</trkpt>
			<trkpt lat="59.94598549084428" lon="30.345215339910236">
				<ele>6.037552224472165</ele>
				<time>2025-06-30T16:13:59Z</time>
			</trkpt>
			<trkpt lat="59.94600848433868" lon="30.345195958738366">
				<ele>4.818477435968816</ele>
				<time>2025-06-30T16:14:01Z</time>
			</trkpt>
			<trkpt lat="59.94603492780004" lon="30.34522063295818">
				<ele>5.906480816192925</ele>
				<time>2025-06-30T16:14:04Z</time>
			</trkpt>
			<trkpt lat="59.94605984139135" lon="30.34521123676008">
				<ele>5.890491963364184</ele>
				<time>2025-06-30T16:14:06Z</time>
			</trkpt>
			<trkpt lat="59.94607717119404" lon="30.345191343661675">
				<ele>7.0100289937108755</ele>
				<time>2025-06-30T16:14:07Z</time>
			</trkpt>
			<trkpt lat="59.946093024042256" lon="30.345173439924455">
				<ele>7.511483824811876</ele>
				<time>2025-06-30T16:14:08Z</time>
			</trkpt>
			<trkpt lat="59.94611402028703" lon="30.34514726713857">
				<ele>8.028913006186485</ele>
				<time>2025-06-30T16:14:10Z</time>
			</trkpt>
			<trkpt lat="59.94614227882139" lon="30.345143872303172">
				<ele>8.194505195133388</ele>
				<time>2025-06-30T16:14:13Z</time>
			</trkpt>
			<trkpt lat="59.94616420506435" lon="30.34514992766227">
				<ele>4.5680867955088615</ele>
				<time>2025-06-30T16:14:16Z</time>
			</trkpt>
			<trkpt lat="59.94618794960078" lon="30.34514658635912">
				<ele>6.073015966452658</ele>
				<time>2025-06-30T16:14:18Z</time>
			</trkpt>
			<trkpt lat="59.94620798153478" lon="30.34514005195178">
				<ele>6.30862165056169</ele>
				<time>2025-06-30T16:14:20Z</time>
			</trkpt>
			<trkpt lat="59.946228386597596" lon="30.345138575291905">
				<ele>2.874318178743124</ele>
				<time>2025-06-30T16:14:22Z</time>
			</trkpt>
			<trkpt lat="59.94625386049232" lon="30.34512976136691">
				<ele>5.663573103025556</ele>
				<time>2025-06-30T16:14:24Z</time>
			</trkpt>
			<trkpt lat="59.94627817149679" lon="30.3451124915665">
				<ele>4.938720164820552</ele>
				<time>2025-06-30T16:14:26Z</time>
			</trkpt>
			<trkpt lat="59.94630710835562" lon="30.345090665448232">
				<ele>7.777150603942573</ele>
				<time>2025-06-30T16:14:28Z</time>
			</trkpt>
			<trkpt lat="59.946331791503496" lon="30.345093901849577">
				<ele>3.2189783416688442</ele>
				<time>2025-06-30T16:14:31Z</time>
			</trkpt>
			<trkpt lat="59.94635719811948" lon="30.345143800232222">
				<ele>5.197219396010041</ele>
				<time>2025-06-30T16:14:33Z</time>
			</trkpt>
			<trkpt lat="59.94638530474818" lon="30.34516833815011">
				<ele>7.319070032797754</ele>
				<time>2025-06-30T16:14:35Z</time>
			</trkpt>
			<trkpt lat="59.946405487301696" lon="30.34517794055477">
				<ele>5.3930055452510715</ele>
				<time>2025-06-30T16:14:37Z</time>
			</trkpt>
			<trkpt lat="59.94642923457047" lon="30.34517387413012">
				<ele>6.568225811235607</ele>
				<time>2025-06-30T16:14:39Z</time>
			</trkpt>
			<trkpt lat="59.94644883630189" lon="30.345178791798478">
				<ele>6.981356391683221</ele>
				<time>2025-06-30T16:14:41Z</time>
			</trkpt>
			<trkpt lat="59.9464737425555" lon="30.34516809895346">
				<ele>8.892482592724264</ele>
				<time>2025-06-30T16:14:43Z</time>
			</trkpt>
			<trkpt lat="59.94648780450096" lon="30.345082052757235">
				<ele>10.295022785663605</ele>
				<time>2025-06-30T16:14:44Z</time>
			</trkpt>
			<trkpt lat="59.94650591304031" lon="30.34514440125045">
				<ele>8.804125938564539</ele>
				<time>2025-06-30T16:14:46Z</time>
			</trkpt>
			<trkpt lat="59.94653157850419" lon="30.34518596400026">
				<ele>11.714573362842202</ele>
				<time>2025-06-30T16:14:48Z</time>
			</trkpt>
			<trkpt lat="59.94653238416096" lon="30.345241347562784">
				<ele>10.51824296079576</ele>
				<time>2025-06-30T16:14:50Z</time>
			</trkpt>
			<trkpt lat="59.94652084300439" lon="30.34530239652474">
				<ele>9.684551313519478</ele>
				<time>2025-06-30T16:14:52Z</time>
			</trkpt>
			<trkpt lat="59.946501808932204" lon="30.345357860999208">
				<ele>9.515735632739961</ele>
				<time>2025-06-30T16:14:54Z</time>
			</trkpt>
			<trkpt lat="59.946498943959284" lon="30.345401357169123">
				<ele>10.110571197234094</ele>
				<time>2025-06-30T16:14:56Z</time>
			</trkpt>
			<trkpt lat="59.94649187506992" lon="30.345471081710137">
				<ele>11.73064330406487</ele>
				<time>2025-06-30T16:14:58Z</time>
			</trkpt>
			<trkpt lat="59.946494713691465" lon="30.345540960338397">
				<ele>7.221049868501723</ele>
				<time>2025-06-30T16:15:00Z</time>
			</trkpt>
			<trkpt lat="59.946501816762414" lon="30.345593243113726">
				<ele>9.888440771959722</ele>
				<time>2025-06-30T16:15:02Z</time>
			</trkpt>
			<trkpt lat="59.946510958616614" lon="30.345624328807435">
				<ele>9.847499521449208</ele>
				<time>2025-06-30T16:15:03Z</time>
			</trkpt>
			<trkpt lat="59.946508609154805" lon="30.345666333162736">
				<ele>9.591780890710652</ele>
				<time>2025-06-30T16:15:04Z</time>
			</trkpt>
			<trkpt lat="59.94649510034275" lon="30.34571600038136">
				<ele>11.154108276590705</ele>
				<time>2025-06-30T16:15:05Z</time>
			</trkpt>
			<trkpt lat="59.946508947361345" lon="30.34574136997586">
				<ele>8.78445772640407</ele>
				<time>2025-06-30T16:15:06Z</time>
			</trkpt>
			<trkpt lat="59.94652428340282" lon="30.34580211295779">
				<ele>7.16672482714057</ele>
				<time>2025-06-30T16:15:08Z</time>
			</trkpt>
			<trkpt lat="59.946522219004855" lon="30.345842672106492">
				<ele>9.664149004034698</ele>
				<time>2025-06-30T16:15:09Z</time>
			</trkpt>
			<trkpt lat="59.946517495941364" lon="30.34574393606975">
				<ele>9.295547686517239</ele>
				<time>2025-06-30T16:15:10Z</time>
			</trkpt>
			<trkpt lat="59.94650711044307" lon="30.34570444045655">
				<ele>8.962709638290107</ele>
				<time>2025-06-30T16:15:11Z</time>
			</trkpt>
			<trkpt lat="59.94649525341205" lon="30.345751506783643">
				<ele>6.697690162807703</ele>
				<time>2025-06-30T16:15:15Z</time>
			</trkpt>
			<trkpt lat="59.94648859700578" lon="30.345803434524292">
				<ele>5.302787515334785</ele>
				<time>2025-06-30T16:15:18Z</time>
			</trkpt>
			<trkpt lat="59.94648803292207" lon="30.345849384177093">
				<ele>5.651059910655022</ele>
				<time>2025-06-30T16:15:20Z</time>
			</trkpt>
			<trkpt lat="59.94649502982253" lon="30.345906702417757">
				<ele>6.02397246286273</ele>
				<time>2025-06-30T16:15:23Z</time>
			</trkpt>
			<trkpt lat="59.94648509435874" lon="30.345940837092883">
				<ele>4.965713756158948</ele>
				<time>2025-06-30T16:15:25Z</time>
			</trkpt>
			<trkpt lat="59.94648495170776" lon="30.34598510987131">
				<ele>4.296553453430533</ele>
				<time>2025-06-30T16:15:28Z</time>
			</trkpt>
			<trkpt lat="59.9464842366145" lon="30.346026967412403">
				<ele>4.3494982067495584</ele>
				<time>2025-06-30T16:15:30Z</time>
			</trkpt>
			<trkpt lat="59.94648814918654" lon="30.346068843375967">
				<ele>3.7806630143895745</ele>
				<time>2025-06-30T16:15:32Z</time>
			</trkpt>
			<trkpt lat="59.94648486585075" lon="30.346120982481803">
				<ele>3.8762335116043687</ele>
				<time>2025-06-30T16:15:35Z</time>
			</trkpt>
			<trkpt lat="59.94648645570651" lon="30.34616129156848">
				<ele>4.065292342565954</ele>
				<time>2025-06-30T16:15:37Z</time>
			</trkpt>
			<trkpt lat="59.94648348240385" lon="30.34619932184576">
				<ele>3.7237054742872715</ele>
				<time>2025-06-30T16:15:39Z</time>
			</trkpt>
			<trkpt lat="59.946484138865614" lon="30.346239022802518">
				<ele>3.3181973611935973</ele>
				<time>2025-06-30T16:15:42Z</time>
			</trkpt>
			<trkpt lat="59.94648282374366" lon="30.346284772366296">
				<ele>2.579865184612572</ele>
				<time>2025-06-30T16:15:45Z</time>
			</trkpt>
			<trkpt lat="59.946484362268905" lon="30.34632275952012">
				<ele>4.255384389311075</ele>
				<time>2025-06-30T16:15:48Z</time>
			</trkpt>
			<trkpt lat="59.946488504459154" lon="30.346362963331096">
				<ele>2.695847362279892</ele>
				<time>2025-06-30T16:15:51Z</time>
			</trkpt>
			<trkpt lat="59.94647367894982" lon="30.346388741274207">
				<ele>2.8761421516537666</ele>
				<time>2025-06-30T16:15:52Z</time>
			</trkpt>
			<trkpt lat="59.94645922165033" lon="30.346440966123417">
				<ele>3.062336666509509</ele>
				<time>2025-06-30T16:15:54Z</time>
			</trkpt>
			<trkpt lat="59.946456257439074" lon="30.346487442737107">
				<ele>4.284211275167763</ele>
				<time>2025-06-30T16:15:56Z</time>
			</trkpt>
			<trkpt lat="59.94645365355132" lon="30.3465249498313">
				<ele>2.7730814600363374</ele>
				<time>2025-06-30T16:15:58Z</time>
			</trkpt>
			<trkpt lat="59.94644078523002" lon="30.34656155186448">
				<ele>3.1404681177809834</ele>
				<time>2025-06-30T16:15:59Z</time>
			</trkpt>
			<trkpt lat="59.94643188661569" lon="30.346622740347666">
				<ele>3.6377999000251293</ele>
				<time>2025-06-30T16:16:01Z</time>
			</trkpt>
			<trkpt lat="59.9464285804662" lon="30.346671566142206">
				<ele>3.334694618359208</ele>
				<time>2025-06-30T16:16:03Z</time>
			</trkpt>
			<trkpt lat="59.94642486448791" lon="30.346751717731156">
				<ele>2.739901028573513</ele>
				<time>2025-06-30T16:16:06Z</time>
			</trkpt>
			<trkpt lat="59.94643542917386" lon="30.34682874299769">
				<ele>2.651471570134163</ele>
				<time>2025-06-30T16:16:07Z</time>
			</trkpt>
			<trkpt lat="59.94644313115436" lon="30.3468954558332">
				<ele>3.354081449098885</ele>
				<time>2025-06-30T16:16:09Z</time>
			</trkpt>
			<trkpt lat="59.94644289771609" lon="30.34695124606547">
				<ele>2.2514101015403867</ele>
				<time>2025-06-30T16:16:11Z</time>
			</trkpt>
			<trkpt lat="59.946445157897045" lon="30.34699664373917">
				<ele>2.939211362041533</ele>
				<time>2025-06-30T16:16:13Z</time>
			</trkpt>
			<trkpt lat="59.946453301216856" lon="30.347042886901086">
				<ele>1.1298220250755548</ele>
				<time>2025-06-30T16:16:17Z</time>
			</trkpt>
			<trkpt lat="59.94645023007578" lon="30.347078701108845">
				<ele>0.16490449011325836</ele>
				<time>2025-06-30T16:16:19Z</time>
			</trkpt>
			<trkpt lat="59.946451752395426" lon="30.347121185281576">
				<ele>1.5962574938312173</ele>
				<time>2025-06-30T16:16:21Z</time>
			</trkpt>
			<trkpt lat="59.94645794797867" lon="30.34716443359606">
				<ele>0.8541286364197731</ele>
				<time>2025-06-30T16:16:23Z</time>
			</trkpt>
			<trkpt lat="59.94644950023777" lon="30.347200513068117">
				<ele>-1.1330225141718984</ele>
				<time>2025-06-30T16:16:25Z</time>
			</trkpt>
			<trkpt lat="59.94645435004752" lon="30.347237686018865">
				<ele>0.6212518597021699</ele>
				<time>2025-06-30T16:16:27Z</time>
			</trkpt>
			<trkpt lat="59.94646152998703" lon="30.347283185037917">
				<ele>0.06898287776857615</ele>
				<time>2025-06-30T16:16:29Z</time>
			</trkpt>
			<trkpt lat="59.94646869106295" lon="30.347333576273808">
				<ele>1.993658609688282</ele>
				<time>2025-06-30T16:16:31Z</time>
			</trkpt>
			<trkpt lat="59.94646248068398" lon="30.347378974561536">
				<ele>0.3552548326551914</ele>
				<time>2025-06-30T16:16:33Z</time>
			</trkpt>
			<trkpt lat="59.946464030177104" lon="30.347416799986306">
				<ele>-0.2341206893324852</ele>
				<time>2025-06-30T16:16:35Z</time>
			</trkpt>
			<trkpt lat="59.946468510044184" lon="30.34745288766293">
				<ele>0.8774076784029603</ele>
				<time>2025-06-30T16:16:37Z</time>
			</trkpt>
			<trkpt lat="59.94646091704037" lon="30.34750885351356">
				<ele>0.24646054673939943</ele>
				<time>2025-06-30T16:16:40Z</time>
			</trkpt>
			<trkpt lat="59.94646689394069" lon="30.34754486764435">
				<ele>1.3564892373979092</ele>
				<time>2025-06-30T16:16:42Z</time>
			</trkpt>
			<trkpt lat="59.946464252024356" lon="30.3476095282057">
				<ele>0.47149920742958784</ele>
				<time>2025-06-30T16:16:44Z</time>
			</trkpt>
			<trkpt lat="59.94645883860812" lon="30.34764629084019">
				<ele>0.43819480389356613</ele>
				<time>2025-06-30T16:16:45Z</time>
			</trkpt>
			<trkpt lat="59.946453642417616" lon="30.347700696561944">
				<ele>0.8082388499751687</ele>
				<time>2025-06-30T16:16:47Z</time>
			</trkpt>
			<trkpt lat="59.946453541351865" lon="30.34774535646373">
				<ele>0.12703866139054298</ele>
				<time>2025-06-30T16:16:49Z</time>
			</trkpt>
			<trkpt lat="59.946463457547274" lon="30.34779221314986">
				<ele>1.1172233186662197</ele>
				<time>2025-06-30T16:16:51Z</time>
			</trkpt>
			<trkpt lat="59.946455437427346" lon="30.34783586271015">
				<ele>-1.1699195122346282</ele>
				<time>2025-06-30T16:16:53Z</time>
			</trkpt>
			<trkpt lat="59.94645776720317" lon="30.34788750924562">
				<ele>-0.40234388038516045</ele>
				<time>2025-06-30T16:16:56Z</time>
			</trkpt>
			<trkpt lat="59.94646639754746" lon="30.347926547358792">
				<ele>-0.5362780848518014</ele>
				<time>2025-06-30T16:16:58Z</time>
			</trkpt>
			<trkpt lat="59.94646338242682" lon="30.3479671083453">
				<ele>0.6189912920817733</ele>
				<time>2025-06-30T16:17:00Z</time>
			</trkpt>
			<trkpt lat="59.94645630389881" lon="30.348022637265373">
				<ele>-1.4782060012221336</ele>
				<time>2025-06-30T16:17:02Z</time>
			</trkpt>
			<trkpt lat="59.94646010813511" lon="30.348061644459587">
				<ele>-1.4405247326940298</ele>
				<time>2025-06-30T16:17:04Z</time>
			</trkpt>
			<trkpt lat="59.94645757721758" lon="30.34810974074252">
				<ele>-0.6937374211847782</ele>
				<time>2025-06-30T16:17:06Z</time>
			</trkpt>
			<trkpt lat="59.94645104739638" lon="30.348162527152287">
				<ele>0.32248396426439285</ele>
				<time>2025-06-30T16:17:08Z</time>
			</trkpt>
			<trkpt lat="59.94644839703196" lon="30.3482238541643">
				<ele>-0.5382137354463339</ele>
				<time>2025-06-30T16:17:10Z</time>
			</trkpt>
			<trkpt lat="59.946448543348936" lon="30.348273246794076">
				<ele>-1.2474780976772308</ele>
				<time>2025-06-30T16:17:12Z</time>
			</trkpt>
			<trkpt lat="59.94643531076435" lon="30.348318762230615">
				<ele>0.3016073517501354</ele>
				<time>2025-06-30T16:17:15Z</time>
			</trkpt>
			<trkpt lat="59.94642479163648" lon="30.348353857234603">
				<ele>0.7868047887459397</ele>
				<time>2025-06-30T16:17:18Z</time>
			</trkpt>
			<trkpt lat="59.946428481149816" lon="30.34840145796695">
				<ele>-0.5555998077616096</ele>
				<time>2025-06-30T16:17:21Z</time>
			</trkpt>
			<trkpt lat="59.946428582658655" lon="30.34845634952836">
				<ele>0.7585012000054121</ele>
				<time>2025-06-30T16:17:23Z</time>
			</trkpt>
			<trkpt lat="59.946412083412994" lon="30.34849230248352">
				<ele>3.0712184347212315</ele>
				<time>2025-06-30T16:17:25Z</time>
			</trkpt>
			<trkpt lat="59.94639987793192" lon="30.34852979551204">
				<ele>2.8234832445159554</ele>
				<time>2025-06-30T16:17:28Z</time>
			</trkpt>
			<trkpt lat="59.946395826627736" lon="30.34857148368259">
				<ele>1.8794149197638035</ele>
				<time>2025-06-30T16:17:30Z</time>
			</trkpt>
			<trkpt lat="59.94639306687616" lon="30.34860771801255">
				<ele>1.2865252625197172</ele>
				<time>2025-06-30T16:17:31Z</time>
			</trkpt>
			<trkpt lat="59.9463915668043" lon="30.34868560809509">
				<ele>1.7672064444050193</ele>
				<time>2025-06-30T16:17:33Z</time>
			</trkpt>
			<trkpt lat="59.94638808104944" lon="30.348751496092557">
				<ele>2.3572970665991306</ele>
				<time>2025-06-30T16:17:34Z</time>
			</trkpt>
			<trkpt lat="59.946384045737396" lon="30.348812265395864">
				<ele>2.4834733437746763</ele>
				<time>2025-06-30T16:17:35Z</time>
			</trkpt>
			<trkpt lat="59.9463832489521" lon="30.34886961791143">
				<ele>2.4911154760047793</ele>
				<time>2025-06-30T16:17:36Z</time>
			</trkpt>
			<trkpt lat="59.94638423318975" lon="30.348932191434727">
				<ele>2.379683058708906</ele>
				<time>2025-06-30T16:17:38Z</time>
			</trkpt>
			<trkpt lat="59.94638342987429" lon="30.348971956498307">
				<ele>2.4672139259055257</ele>
				<time>2025-06-30T16:17:39Z</time>
			</trkpt>
			<trkpt lat="59.946389444903055" lon="30.34901850495523">
				<ele>3.789142297580838</ele>
				<time>2025-06-30T16:17:41Z</time>
			</trkpt>
			<trkpt lat="59.94641431959973" lon="30.34907178361509">
				<ele>3.6202000863850117</ele>
				<time>2025-06-30T16:17:43Z</time>
			</trkpt>
			<trkpt lat="59.94643302979854" lon="30.349071606149607">
				<ele>3.2551870066672564</ele>
				<time>2025-06-30T16:17:44Z</time>
			</trkpt>
			<trkpt lat="59.94645452464751" lon="30.349089768168838">
				<ele>4.146468396298587</ele>
				<time>2025-06-30T16:17:46Z</time>
			</trkpt>
			<trkpt lat="59.94644837789199" lon="30.349138956165696">
				<ele>3.562682431191206</ele>
				<time>2025-06-30T16:17:48Z</time>
			</trkpt>
			<trkpt lat="59.94644907462812" lon="30.3491892001227">
				<ele>4.5750576527789235</ele>
				<time>2025-06-30T16:17:50Z</time>
			</trkpt>
			<trkpt lat="59.94645444756735" lon="30.349236650133125">
				<ele>4.919490206055343</ele>
				<time>2025-06-30T16:17:52Z</time>
			</trkpt>
			<trkpt lat="59.94644402488159" lon="30.349282135741138">
				<ele>2.7466009771451354</ele>
				<time>2025-06-30T16:17:54Z</time>
			</trkpt>
			<trkpt lat="59.94644680914402" lon="30.34932714176078">
				<ele>3.079023222438991</ele>
				<time>2025-06-30T16:17:56Z</time>
			</trkpt>
			<trkpt lat="59.94645162358951" lon="30.34937448224162">
				<ele>2.1563816433772445</ele>
				<time>2025-06-30T16:17:58Z</time>
			</trkpt>
			<trkpt lat="59.94644312955387" lon="30.349406812556087">
				<ele>2.2918239030987024</ele>
				<time>2025-06-30T16:17:59Z</time>
			</trkpt>
			<trkpt lat="59.94645016030826" lon="30.349454767588462">
				<ele>3.205606324598193</ele>
				<time>2025-06-30T16:18:01Z</time>
			</trkpt>
			<trkpt lat="59.94645011087605" lon="30.34949908645626">
				<ele>1.633752355352044</ele>
				<time>2025-06-30T16:18:03Z</time>
			</trkpt>
			<trkpt lat="59.946448281851225" lon="30.34954916417442">
				<ele>2.6907709185034037</ele>
				<time>2025-06-30T16:18:05Z</time>
			</trkpt>
			<trkpt lat="59.946441447716666" lon="30.34959612404554">
				<ele>3.591272526420653</ele>
				<time>2025-06-30T16:18:07Z</time>
			</trkpt>
			<trkpt lat="59.946433062111666" lon="30.349643992556597">
				<ele>2.2403208017349243</ele>
				<time>2025-06-30T16:18:09Z</time>
			</trkpt>
			<trkpt lat="59.946436267152166" lon="30.34968045936628">
				<ele>2.421747070737183</ele>
				<time>2025-06-30T16:18:11Z</time>
			</trkpt>
			<trkpt lat="59.94643384646111" lon="30.349730637043173">
				<ele>2.2093578903004527</ele>
				<time>2025-06-30T16:18:13Z</time>
			</trkpt>
			<trkpt lat="59.94644840332839" lon="30.349779347803324">
				<ele>2.809291362762451</ele>
				<time>2025-06-30T16:18:15Z</time>
			</trkpt>
			<trkpt lat="59.94644250502402" lon="30.349830772243216">
				<ele>2.531937599182129</ele>
				<time>2025-06-30T16:18:17Z</time>
			</trkpt>
			<trkpt lat="59.9464480010541" lon="30.349878035305338">
				<ele>4.576864416711032</ele>
				<time>2025-06-30T16:18:19Z</time>
			</trkpt>
			<trkpt lat="59.94645074609039" lon="30.349926311344824">
				<ele>3.3505883403122425</ele>
				<time>2025-06-30T16:18:21Z</time>
			</trkpt>
			<trkpt lat="59.94644679221277" lon="30.349989973255003">
				<ele>3.012211778201163</ele>
				<time>2025-06-30T16:18:24Z</time>
			</trkpt>
			<trkpt lat="59.946451482521454" lon="30.350043055914387">
				<ele>2.5616903053596616</ele>
				<time>2025-06-30T16:18:26Z</time>
			</trkpt>
			<trkpt lat="59.94645844258805" lon="30.35008900090362">
				<ele>3.3284342316910625</ele>
				<time>2025-06-30T16:18:28Z</time>
			</trkpt>
			<trkpt lat="59.9464546723138" lon="30.350142797872163">
				<ele>3.252932638861239</ele>
				<time>2025-06-30T16:18:30Z</time>
			</trkpt>
			<trkpt lat="59.946440461080186" lon="30.350220150150864">
				<ele>1.5794842718169093</ele>
				<time>2025-06-30T16:18:32Z</time>
			</trkpt>
			<trkpt lat="59.94644495811617" lon="30.350267480565467">
				<ele>1.935792383737862</ele>
				<time>2025-06-30T16:18:34Z</time>
			</trkpt>
			<trkpt lat="59.94644267622426" lon="30.35031221339316">
				<ele>2.637920808047056</ele>
				<time>2025-06-30T16:18:36Z</time>
			</trkpt>
			<trkpt lat="59.946436204246915" lon="30.35035923914892">
				<ele>3.3516666758805513</ele>
				<time>2025-06-30T16:18:38Z</time>
			</trkpt>
			<trkpt lat="59.9464343704767" lon="30.350413164818526">
				<ele>1.4277742467820644</ele>
				<time>2025-06-30T16:18:40Z</time>
			</trkpt>
			<trkpt lat="59.94642838926976" lon="30.350469080994472">
				<ele>1.8619483076035976</ele>
				<time>2025-06-30T16:18:42Z</time>
			</trkpt>
			<trkpt lat="59.946429900182075" lon="30.350525063015002">
				<ele>1.9352270364761353</ele>
				<time>2025-06-30T16:18:44Z</time>
			</trkpt>
			<trkpt lat="59.94642874386336" lon="30.350565101389094">
				<ele>2.575038257986307</ele>
				<time>2025-06-30T16:18:46Z</time>
			</trkpt>
			<trkpt lat="59.946426009873896" lon="30.35060952365759">
				<ele>1.8920157020911574</ele>
				<time>2025-06-30T16:18:48Z</time>
			</trkpt>
			<trkpt lat="59.946424214786155" lon="30.350669187546018">
				<ele>2.163242621347308</ele>
				<time>2025-06-30T16:18:50Z</time>
			</trkpt>
			<trkpt lat="59.94642803339971" lon="30.350720394294413">
				<ele>1.9302548095583916</ele>
				<time>2025-06-30T16:18:53Z</time>
			</trkpt>
			<trkpt lat="59.94641747137864" lon="30.350771795741046">
				<ele>-1.2018719594925642</ele>
				<time>2025-06-30T16:18:55Z</time>
			</trkpt>
			<trkpt lat="59.94641118591026" lon="30.350817773188634">
				<ele>-1.0532617047429085</ele>
				<time>2025-06-30T16:18:57Z</time>
			</trkpt>
			<trkpt lat="59.946419884997454" lon="30.350866227018646">
				<ele>-0.7975725485011935</ele>
				<time>2025-06-30T16:18:59Z</time>
			</trkpt>
			<trkpt lat="59.94643127403294" lon="30.35090332945035">
				<ele>0.3043142482638359</ele>
				<time>2025-06-30T16:19:01Z</time>
			</trkpt>
			<trkpt lat="59.946428438074356" lon="30.35095539388848">
				<ele>-0.01942482404410839</ele>
				<time>2025-06-30T16:19:03Z</time>
			</trkpt>
			<trkpt lat="59.946420086729354" lon="30.35101239770652">
				<ele>0.15837015584111214</ele>
				<time>2025-06-30T16:19:05Z</time>
			</trkpt>
			<trkpt lat="59.94642516242855" lon="30.35106287901524">
				<ele>1.0988456709310412</ele>
				<time>2025-06-30T16:19:07Z</time>
			</trkpt>
			<trkpt lat="59.94641468123278" lon="30.351118950197883">
				<ele>-0.29997109342366457</ele>
				<time>2025-06-30T16:19:09Z</time>
			</trkpt>
			<trkpt lat="59.94641556104086" lon="30.351160978933507">
				<ele>-0.11154570430517197</ele>
				<time>2025-06-30T16:19:11Z</time>
			</trkpt>
			<trkpt lat="59.946412615089756" lon="30.351215404595184">
				<ele>1.8662264486774802</ele>
				<time>2025-06-30T16:19:13Z</time>
			</trkpt>
			<trkpt lat="59.94641417305763" lon="30.35126231863958">
				<ele>0.6768590938299894</ele>
				<time>2025-06-30T16:19:15Z</time>
			</trkpt>
			<trkpt lat="59.94640539106597" lon="30.351311710456116">
				<ele>0.8844554638490081</ele>
				<time>2025-06-30T16:19:17Z</time>
			</trkpt>
			<trkpt lat="59.94640750064879" lon="30.35136339735231">
				<ele>2.680816113948822</ele>
				<time>2025-06-30T16:19:19Z</time>
			</trkpt>
			<trkpt lat="59.946415395684305" lon="30.35140350279699">
				<ele>2.2791034830734134</ele>
				<time>2025-06-30T16:19:21Z</time>
			</trkpt>
			<trkpt lat="59.946405310769194" lon="30.351456341673863">
				<ele>-0.672738834284246</ele>
				<time>2025-06-30T16:19:23Z</time>
			</trkpt>
			<trkpt lat="59.94641807418534" lon="30.35150902368642">
				<ele>1.41715151630342</ele>
				<time>2025-06-30T16:19:25Z</time>
			</trkpt>
			<trkpt lat="59.94642393867857" lon="30.35155383359261">
				<ele>1.4503513146191835</ele>
				<time>2025-06-30T16:19:27Z</time>
			</trkpt>
			<trkpt lat="59.94642929393927" lon="30.351594181964074">
				<ele>3.064589007757604</ele>
				<time>2025-06-30T16:19:29Z</time>
			</trkpt>
			<trkpt lat="59.946432550208165" lon="30.351637586137844">
				<ele>2.8710329169407487</ele>
				<time>2025-06-30T16:19:31Z</time>
			</trkpt>
			<trkpt lat="59.94642806007971" lon="30.35168750941631">
				<ele>3.102550830692053</ele>
				<time>2025-06-30T16:19:33Z</time>
			</trkpt>
			<trkpt lat="59.94642681831167" lon="30.351739337315394">
				<ele>3.6042816461995244</ele>
				<time>2025-06-30T16:19:35Z</time>
			</trkpt>
			<trkpt lat="59.946437776851646" lon="30.351786078219643">
				<ele>3.263305891305208</ele>
				<time>2025-06-30T16:19:37Z</time>
			</trkpt>
			<trkpt lat="59.94643391501472" lon="30.35183724896201">
				<ele>0.7593810819089413</ele>
				<time>2025-06-30T16:19:39Z</time>
			</trkpt>
			<trkpt lat="59.94643259826566" lon="30.35188159792142">
				<ele>-0.6889134244993329</ele>
				<time>2025-06-30T16:19:41Z</time>
			</trkpt>
			<trkpt lat="59.9464308344563" lon="30.351940578754327">
				<ele>2.682973202317953</ele>
				<time>2025-06-30T16:19:43Z</time>
			</trkpt>
			<trkpt lat="59.94642579983247" lon="30.351982747676278">
				<ele>0.8345041088759899</ele>
				<time>2025-06-30T16:19:45Z</time>
			</trkpt>
			<trkpt lat="59.94642861965617" lon="30.35203031163685">
				<ele>1.1991329481825233</ele>
				<time>2025-06-30T16:19:47Z</time>
			</trkpt>
			<trkpt lat="59.94643653733712" lon="30.352077892735316">
				<ele>3.721766669303179</ele>
				<time>2025-06-30T16:19:49Z</time>
			</trkpt>
			<trkpt lat="59.946438971686206" lon="30.35212356996162">
				<ele>1.2920698085799813</ele>
				<time>2025-06-30T16:19:51Z</time>
			</trkpt>
			<trkpt lat="59.946431388506326" lon="30.35216380271532">
				<ele>3.070048821158707</ele>
				<time>2025-06-30T16:19:53Z</time>
			</trkpt>
			<trkpt lat="59.9464301769305" lon="30.352203897997196">
				<ele>4.159853670746088</ele>
				<time>2025-06-30T16:19:55Z</time>
			</trkpt>
			<trkpt lat="59.94643552791163" lon="30.352255797107624">
				<ele>3.302172134630382</ele>
				<time>2025-06-30T16:19:57Z</time>
			</trkpt>
			<trkpt lat="59.94644198413098" lon="30.352317908000877">
				<ele>4.032363370992243</ele>
				<time>2025-06-30T16:19:59Z</time>
			</trkpt>
			<trkpt lat="59.946456210612695" lon="30.352347352379056">
				<ele>5.064452315680683</ele>
				<time>2025-06-30T16:20:00Z</time>
			</trkpt>
			<trkpt lat="59.94645880361767" lon="30.35238490535937">
				<ele>4.045311340130866</ele>
				<time>2025-06-30T16:20:02Z</time>
			</trkpt>
			<trkpt lat="59.94646458365012" lon="30.352432833123142">
				<ele>4.15969708096236</ele>
				<time>2025-06-30T16:20:04Z</time>
			</trkpt>
			<trkpt lat="59.946451376331204" lon="30.352480093842132">
				<ele>3.2720733201131225</ele>
				<time>2025-06-30T16:20:06Z</time>
			</trkpt>
			<trkpt lat="59.94644968647693" lon="30.35253169265177">
				<ele>5.0465371599420905</ele>
				<time>2025-06-30T16:20:08Z</time>
			</trkpt>
			<trkpt lat="59.94644857589465" lon="30.352580922277884">
				<ele>5.851743182167411</ele>
				<time>2025-06-30T16:20:10Z</time>
			</trkpt>
			<trkpt lat="59.94645853999806" lon="30.352629285211485">
				<ele>6.339245967566967</ele>
				<time>2025-06-30T16:20:12Z</time>
			</trkpt>
			<trkpt lat="59.94645504169773" lon="30.352674125212403">
				<ele>4.595831572078168</ele>
				<time>2025-06-30T16:20:14Z</time>
			</trkpt>
			<trkpt lat="59.946458862817124" lon="30.352725011776798">
				<ele>4.554625299759209</ele>
				<time>2025-06-30T16:20:17Z</time>
			</trkpt>
			<trkpt lat="59.94645742296606" lon="30.352775111330775">
				<ele>5.134473788551986</ele>
				<time>2025-06-30T16:20:19Z</time>
			</trkpt>
			<trkpt lat="59.94645731897962" lon="30.352823545954443">
				<ele>5.557814061641693</ele>
				<time>2025-06-30T16:20:21Z</time>
			</trkpt>
			<trkpt lat="59.94645583002521" lon="30.35285967482939">
				<ele>5.607592273503542</ele>
				<time>2025-06-30T16:20:23Z</time>
			</trkpt>
			<trkpt lat="59.94644878739369" lon="30.352918687678585">
				<ele>4.617992085404694</ele>
				<time>2025-06-30T16:20:25Z</time>
			</trkpt>
			<trkpt lat="59.94644751412735" lon="30.35295875988808">
				<ele>4.12681482359767</ele>
				<time>2025-06-30T16:20:27Z</time>
			</trkpt>
			<trkpt lat="59.946449985547375" lon="30.353009883783145">
				<ele>5.416209620423615</ele>
				<time>2025-06-30T16:20:29Z</time>
			</trkpt>
			<trkpt lat="59.94645316733981" lon="30.353056039775698">
				<ele>5.7590828742831945</ele>
				<time>2025-06-30T16:20:31Z</time>
			</trkpt>
			<trkpt lat="59.94646294313911" lon="30.3530992864601">
				<ele>6.252528187818825</ele>
				<time>2025-06-30T16:20:33Z</time>
			</trkpt>
			<trkpt lat="59.94645479410848" lon="30.353131955322933">
				<ele>5.827427261509001</ele>
				<time>2025-06-30T16:20:35Z</time>
			</trkpt>
			<trkpt lat="59.9464579450681" lon="30.35318596380346">
				<ele>4.852430849336088</ele>
				<time>2025-06-30T16:20:37Z</time>
			</trkpt>
			<trkpt lat="59.94645649255148" lon="30.353244543043647">
				<ele>4.664781051687896</ele>
				<time>2025-06-30T16:20:39Z</time>
			</trkpt>
			<trkpt lat="59.946449521104334" lon="30.35327879360914">
				<ele>6.253036439418793</ele>
				<time>2025-06-30T16:20:41Z</time>
			</trkpt>
			<trkpt lat="59.946437528383306" lon="30.35332663950335">
				<ele>5.554517519660294</ele>
				<time>2025-06-30T16:20:43Z</time>
			</trkpt>
			<trkpt lat="59.94644113947037" lon="30.353391358301096">
				<ele>5.575384018942714</ele>
				<time>2025-06-30T16:20:45Z</time>
			</trkpt>
			<trkpt lat="59.94644101638482" lon="30.353436490444476">
				<ele>6.797782687470317</ele>
				<time>2025-06-30T16:20:47Z</time>
			</trkpt>
			<trkpt lat="59.94644480976333" lon="30.353497131317354">
				<ele>3.8812343552708626</ele>
				<time>2025-06-30T16:20:50Z</time>
			</trkpt>
			<trkpt lat="59.9464261521243" lon="30.35353837700167">
				<ele>3.9779835855588317</ele>
				<time>2025-06-30T16:20:52Z</time>
			</trkpt>
			<trkpt lat="59.94641595788185" lon="30.353597078463373">
				<ele>4.944357932545245</ele>
				<time>2025-06-30T16:20:54Z</time>
			</trkpt>
			<trkpt lat="59.94641567592417" lon="30.35364268265296">
				<ele>4.033173401840031</ele>
				<time>2025-06-30T16:20:56Z</time>
			</trkpt>
			<trkpt lat="59.94641648629337" lon="30.353694525769615">
				<ele>3.767581494525075</ele>
				<time>2025-06-30T16:20:58Z</time>
			</trkpt>
			<trkpt lat="59.946434981314" lon="30.35374405939094">
				<ele>5.843259617686272</ele>
				<time>2025-06-30T16:21:00Z</time>
			</trkpt>
			<trkpt lat="59.946438539874094" lon="30.35379745793273">
				<ele>5.846525521948934</ele>
				<time>2025-06-30T16:21:02Z</time>
			</trkpt>
			<trkpt lat="59.94642867851623" lon="30.353839646528133">
				<ele>3.888623010367155</ele>
				<time>2025-06-30T16:21:04Z</time>
			</trkpt>
			<trkpt lat="59.94643193142125" lon="30.353901997456497">
				<ele>4.644802011549473</ele>
				<time>2025-06-30T16:21:06Z</time>
			</trkpt>
			<trkpt lat="59.94643013448274" lon="30.353943372087706">
				<ele>4.949602495878935</ele>
				<time>2025-06-30T16:21:08Z</time>
			</trkpt>
			<trkpt lat="59.94642515396472" lon="30.353980693541818">
				<ele>5.259957685135305</ele>
				<time>2025-06-30T16:21:10Z</time>
			</trkpt>
			<trkpt lat="59.94641867438725" lon="30.354014926743886">
				<ele>4.843364177271724</ele>
				<time>2025-06-30T16:21:11Z</time>
			</trkpt>
			<trkpt lat="59.94642594793361" lon="30.35406147999244">
				<ele>5.6889926651492715</ele>
				<time>2025-06-30T16:21:13Z</time>
			</trkpt>
			<trkpt lat="59.94642812269392" lon="30.354113988688187">
				<ele>5.6351191541180015</ele>
				<time>2025-06-30T16:21:15Z</time>
			</trkpt>
			<trkpt lat="59.94642295537864" lon="30.354152255331222">
				<ele>4.087006448768079</ele>
				<time>2025-06-30T16:21:17Z</time>
			</trkpt>
			<trkpt lat="59.946415155698745" lon="30.354201059507346">
				<ele>4.113023268990219</ele>
				<time>2025-06-30T16:21:19Z</time>
			</trkpt>
			<trkpt lat="59.94641278331474" lon="30.354256739306237">
				<ele>3.8380591478198767</ele>
				<time>2025-06-30T16:21:21Z</time>
			</trkpt>
			<trkpt lat="59.94641189779002" lon="30.35430402829652">
				<ele>5.171583320945501</ele>
				<time>2025-06-30T16:21:23Z</time>
			</trkpt>
			<trkpt lat="59.946407086523536" lon="30.3543571014241">
				<ele>4.3622955763712525</ele>
				<time>2025-06-30T16:21:25Z</time>
			</trkpt>
			<trkpt lat="59.94641354555736" lon="30.354408717262757">
				<ele>5.236114509403706</ele>
				<time>2025-06-30T16:21:27Z</time>
			</trkpt>
			<trkpt lat="59.94641386304976" lon="30.354466568978523">
				<ele>6.291137884370983</ele>
				<time>2025-06-30T16:21:29Z</time>
			</trkpt>
			<trkpt lat="59.94640332904804" lon="30.35450596917032">
				<ele>3.3171536028385162</ele>
				<time>2025-06-30T16:21:31Z</time>
			</trkpt>
			<trkpt lat="59.946406887489175" lon="30.354553332129267">
				<ele>2.965549971908331</ele>
				<time>2025-06-30T16:21:33Z</time>
			</trkpt>
			<trkpt lat="59.94641949311354" lon="30.35460960736745">
				<ele>4.253606142476201</ele>
				<time>2025-06-30T16:21:35Z</time>
			</trkpt>
			<trkpt lat="59.94642042486276" lon="30.354646599239206">
				<ele>5.009577210992575</ele>
				<time>2025-06-30T16:21:37Z</time>
			</trkpt>
			<trkpt lat="59.946416065428004" lon="30.354704146181334">
				<ele>4.146217574365437</ele>
				<time>2025-06-30T16:21:39Z</time>
			</trkpt>
			<trkpt lat="59.94641184396847" lon="30.35476212821827">
				<ele>4.167537564411759</ele>
				<time>2025-06-30T16:21:41Z</time>
			</trkpt>
			<trkpt lat="59.94640830736706" lon="30.354806759578064">
				<ele>4.008380338549614</ele>
				<time>2025-06-30T16:21:43Z</time>
			</trkpt>
			<trkpt lat="59.946406802860714" lon="30.35486100076565">
				<ele>4.131296296603978</ele>
				<time>2025-06-30T16:21:45Z</time>
			</trkpt>
			<trkpt lat="59.94640228716584" lon="30.354904254230366">
				<ele>3.7641525994986296</ele>
				<time>2025-06-30T16:21:47Z</time>
			</trkpt>
			<trkpt lat="59.94639135065564" lon="30.354950447592014">
				<ele>1.8128704549744725</ele>
				<time>2025-06-30T16:21:49Z</time>
			</trkpt>
			<trkpt lat="59.94638607723577" lon="30.355006374736824">
				<ele>2.2779365330934525</ele>
				<time>2025-06-30T16:21:51Z</time>
			</trkpt>
			<trkpt lat="59.94638736760363" lon="30.355054760375282">
				<ele>2.6558714136481285</ele>
				<time>2025-06-30T16:21:53Z</time>
			</trkpt>
			<trkpt lat="59.946389903946546" lon="30.355099622244747">
				<ele>3.6689597899094224</ele>
				<time>2025-06-30T16:21:55Z</time>
			</trkpt>
			<trkpt lat="59.94638677441019" lon="30.355152571273738">
				<ele>3.1377768460661173</ele>
				<time>2025-06-30T16:21:57Z</time>
			</trkpt>
			<trkpt lat="59.946387150570715" lon="30.355206258452398">
				<ele>3.147835874930024</ele>
				<time>2025-06-30T16:21:59Z</time>
			</trkpt>
			<trkpt lat="59.94639210566241" lon="30.355250025027125">
				<ele>3.776913677342236</ele>
				<time>2025-06-30T16:22:01Z</time>
			</trkpt>
			<trkpt lat="59.9463856145662" lon="30.355310201996428">
				<ele>1.6480743139982224</ele>
				<time>2025-06-30T16:22:03Z</time>
			</trkpt>
			<trkpt lat="59.946376027425856" lon="30.355353149367705">
				<ele>1.5844697710126638</ele>
				<time>2025-06-30T16:22:05Z</time>
			</trkpt>
			<trkpt lat="59.946377930328886" lon="30.35541297919652">
				<ele>3.065248642116785</ele>
				<time>2025-06-30T16:22:07Z</time>
			</trkpt>
			<trkpt lat="59.946372201010426" lon="30.355459262639865">
				<ele>1.5286490423604846</ele>
				<time>2025-06-30T16:22:09Z</time>
			</trkpt>
			<trkpt lat="59.94638222975587" lon="30.35550657477224">
				<ele>2.8448610175400972</ele>
				<time>2025-06-30T16:22:11Z</time>
			</trkpt>
			<trkpt lat="59.946380609712435" lon="30.355550583325495">
				<ele>2.922658341936767</ele>
				<time>2025-06-30T16:22:13Z</time>
			</trkpt>
			<trkpt lat="59.94637935726063" lon="30.35560154402971">
				<ele>3.184313340112567</ele>
				<time>2025-06-30T16:22:15Z</time>
			</trkpt>
			<trkpt lat="59.94637977290884" lon="30.35564855248287">
				<ele>3.8368956185877323</ele>
				<time>2025-06-30T16:22:17Z</time>
			</trkpt>
			<trkpt lat="59.946376765406775" lon="30.3557049976084">
				<ele>2.582578827627003</ele>
				<time>2025-06-30T16:22:19Z</time>
			</trkpt>
			<trkpt lat="59.94637382954336" lon="30.35574683091414">
				<ele>1.8772479686886072</ele>
				<time>2025-06-30T16:22:21Z</time>
			</trkpt>
			<trkpt lat="59.94636634918471" lon="30.355794642448966">
				<ele>2.4214308205991983</ele>
				<time>2025-06-30T16:22:23Z</time>
			</trkpt>
			<trkpt lat="59.94637099012398" lon="30.355834191299916">
				<ele>2.2825617445632815</ele>
				<time>2025-06-30T16:22:25Z</time>
			</trkpt>
			<trkpt lat="59.946367382988434" lon="30.35589528140337">
				<ele>1.7263814732432365</ele>
				<time>2025-06-30T16:22:27Z</time>
			</trkpt>
			<trkpt lat="59.946367283929796" lon="30.355949854717114">
				<ele>1.9422001242637634</ele>
				<time>2025-06-30T16:22:29Z</time>
			</trkpt>
			<trkpt lat="59.946371579110895" lon="30.35599187335395">
				<ele>2.626128289848566</ele>
				<time>2025-06-30T16:22:31Z</time>
			</trkpt>
			<trkpt lat="59.94637331909333" lon="30.356051335530054">
				<ele>1.463444015942514</ele>
				<time>2025-06-30T16:22:33Z</time>
			</trkpt>
			<trkpt lat="59.946378385256686" lon="30.356101715462508">
				<ele>2.228829473257065</ele>
				<time>2025-06-30T16:22:35Z</time>
			</trkpt>
			<trkpt lat="59.94637863463735" lon="30.356164448604233">
				<ele>1.933513822965324</ele>
				<time>2025-06-30T16:22:38Z</time>
			</trkpt>
			<trkpt lat="59.946377028640526" lon="30.35622122992377">
				<ele>2.245696666650474</ele>
				<time>2025-06-30T16:22:40Z</time>
			</trkpt>
			<trkpt lat="59.94637313057115" lon="30.35626317701951">
				<ele>1.0534529108554125</ele>
				<time>2025-06-30T16:22:42Z</time>
			</trkpt>
			<trkpt lat="59.94637742220922" lon="30.356336519123023">
				<ele>1.677808235399425</ele>
				<time>2025-06-30T16:22:44Z</time>
			</trkpt>
			<trkpt lat="59.946385481867026" lon="30.356394824823898">
				<ele>2.3118355497717857</ele>
				<time>2025-06-30T16:22:46Z</time>
			</trkpt>
			<trkpt lat="59.946392479491806" lon="30.35643115004069">
				<ele>4.005126059986651</ele>
				<time>2025-06-30T16:22:48Z</time>
			</trkpt>
			<trkpt lat="59.9464024536693" lon="30.356478507015904">
				<ele>2.8927758196368814</ele>
				<time>2025-06-30T16:22:50Z</time>
			</trkpt>
			<trkpt lat="59.94640930769078" lon="30.356529773059435">
				<ele>3.1773511143401265</ele>
				<time>2025-06-30T16:22:52Z</time>
			</trkpt>
			<trkpt lat="59.94641024074442" lon="30.35657354950032">
				<ele>2.317647324874997</ele>
				<time>2025-06-30T16:22:54Z</time>
			</trkpt>
			<trkpt lat="59.94641207537263" lon="30.356623540504685">
				<ele>4.25073220115155</ele>
				<time>2025-06-30T16:22:56Z</time>
			</trkpt>
			<trkpt lat="59.94640846647892" lon="30.356675333759345">
				<ele>3.4701878866180778</ele>
				<time>2025-06-30T16:22:58Z</time>
			</trkpt>
			<trkpt lat="59.946410112064875" lon="30.35672287892832">
				<ele>3.491045318543911</ele>
				<time>2025-06-30T16:23:00Z</time>
			</trkpt>
			<trkpt lat="59.94639717470615" lon="30.356779193930805">
				<ele>3.786584227345884</ele>
				<time>2025-06-30T16:23:02Z</time>
			</trkpt>
			<trkpt lat="59.946396660947606" lon="30.356843129129768">
				<ele>4.86683779489249</ele>
				<time>2025-06-30T16:23:04Z</time>
			</trkpt>
			<trkpt lat="59.94639491794322" lon="30.356889445005002">
				<ele>3.7185900965705514</ele>
				<time>2025-06-30T16:23:06Z</time>
			</trkpt>
			<trkpt lat="59.946392317729675" lon="30.356945294317608">
				<ele>2.9797378182411194</ele>
				<time>2025-06-30T16:23:08Z</time>
			</trkpt>
			<trkpt lat="59.946398512106065" lon="30.356998810026003">
				<ele>3.1628591818735003</ele>
				<time>2025-06-30T16:23:10Z</time>
			</trkpt>
			<trkpt lat="59.94639270673806" lon="30.35704756077872">
				<ele>3.763580027036369</ele>
				<time>2025-06-30T16:23:12Z</time>
			</trkpt>
			<trkpt lat="59.94639714208052" lon="30.35709018833545">
				<ele>3.100426685065031</ele>
				<time>2025-06-30T16:23:14Z</time>
			</trkpt>
			<trkpt lat="59.94639374090892" lon="30.35713587790935">
				<ele>4.092272073030472</ele>
				<time>2025-06-30T16:23:16Z</time>
			</trkpt>
			<trkpt lat="59.94638351942886" lon="30.357174242915256">
				<ele>3.7849912671372294</ele>
				<time>2025-06-30T16:23:17Z</time>
			</trkpt>
			<trkpt lat="59.946391585379374" lon="30.35722731971665">
				<ele>3.8871368719264865</ele>
				<time>2025-06-30T16:23:19Z</time>
			</trkpt>
			<trkpt lat="59.94639231498742" lon="30.35728194517379">
				<ele>4.4029559921473265</ele>
				<time>2025-06-30T16:23:21Z</time>
			</trkpt>
			<trkpt lat="59.946397038771494" lon="30.35732645263814">
				<ele>4.825264939107001</ele>
				<time>2025-06-30T16:23:23Z</time>
			</trkpt>
			<trkpt lat="59.94639955910432" lon="30.35738778770917">
				<ele>3.0822525043040514</ele>
				<time>2025-06-30T16:23:25Z</time>
			</trkpt>
			<trkpt lat="59.94637645207686" lon="30.357416717698353">
				<ele>1.827097280882299</ele>
				<time>2025-06-30T16:23:27Z</time>
			</trkpt>
			<trkpt lat="59.94637876268764" lon="30.35746180356955">
				<ele>4.010116161778569</ele>
				<time>2025-06-30T16:23:29Z</time>
			</trkpt>
			<trkpt lat="59.946381524636315" lon="30.35749764637159">
				<ele>3.831646913662553</ele>
				<time>2025-06-30T16:23:30Z</time>
			</trkpt>
			<trkpt lat="59.94637927269593" lon="30.357544656242737">
				<ele>4.235974871553481</ele>
				<time>2025-06-30T16:23:32Z</time>
			</trkpt>
			<trkpt lat="59.94637451833338" lon="30.3575907231654">
				<ele>3.5857806699350476</ele>
				<time>2025-06-30T16:23:34Z</time>
			</trkpt>
			<trkpt lat="59.94637788106573" lon="30.357642434233927">
				<ele>3.723943772725761</ele>
				<time>2025-06-30T16:23:36Z</time>
			</trkpt>
			<trkpt lat="59.94638424162189" lon="30.357702932621407">
				<ele>4.818194022402167</ele>
				<time>2025-06-30T16:23:38Z</time>
			</trkpt>
			<trkpt lat="59.9463837508456" lon="30.357744450177478">
				<ele>5.992205275222659</ele>
				<time>2025-06-30T16:23:40Z</time>
			</trkpt>
			<trkpt lat="59.94638239722489" lon="30.357781388179">
				<ele>5.194008345715702</ele>
				<time>2025-06-30T16:23:41Z</time>
			</trkpt>
			<trkpt lat="59.94637388448881" lon="30.357824293750582">
				<ele>3.6573080671951175</ele>
				<time>2025-06-30T16:23:43Z</time>
			</trkpt>
			<trkpt lat="59.946374859101724" lon="30.35788173328284">
				<ele>3.1738802017644048</ele>
				<time>2025-06-30T16:23:45Z</time>
			</trkpt>
			<trkpt lat="59.94636959711957" lon="30.35792871934903">
				<ele>4.013068452477455</ele>
				<time>2025-06-30T16:23:47Z</time>
			</trkpt>
			<trkpt lat="59.94636345358961" lon="30.357980328385736">
				<ele>4.014898979105055</ele>
				<time>2025-06-30T16:23:49Z</time>
			</trkpt>
			<trkpt lat="59.94635436634443" lon="30.358030969108444">
				<ele>3.360971719957888</ele>
				<time>2025-06-30T16:23:51Z</time>
			</trkpt>
			<trkpt lat="59.94636002856462" lon="30.35808220388517">
				<ele>5.109545993618667</ele>
				<time>2025-06-30T16:23:53Z</time>
			</trkpt>
			<trkpt lat="59.94634862404069" lon="30.358136731508388">
				<ele>3.872178648598492</ele>
				<time>2025-06-30T16:23:55Z</time>
			</trkpt>
			<trkpt lat="59.9463459611549" lon="30.358187028160085">
				<ele>4.020531301386654</ele>
				<time>2025-06-30T16:23:57Z</time>
			</trkpt>
			<trkpt lat="59.946348350956335" lon="30.358242608949435">
				<ele>4.277971526607871</ele>
				<time>2025-06-30T16:23:59Z</time>
			</trkpt>
			<trkpt lat="59.94634726950161" lon="30.358291861695097">
				<ele>4.4245180347934365</ele>
				<time>2025-06-30T16:24:01Z</time>
			</trkpt>
			<trkpt lat="59.94634414263867" lon="30.35834218362921">
				<ele>4.131480162963271</ele>
				<time>2025-06-30T16:24:03Z</time>
			</trkpt>
			<trkpt lat="59.946341846864165" lon="30.358382171950456">
				<ele>1.936376778408885</ele>
				<time>2025-06-30T16:24:05Z</time>
			</trkpt>
			<trkpt lat="59.94633770289467" lon="30.358436031761425">
				<ele>2.0180706763640046</ele>
				<time>2025-06-30T16:24:07Z</time>
			</trkpt>
			<trkpt lat="59.94633822835284" lon="30.358497562288495">
				<ele>2.061154498718679</ele>
				<time>2025-06-30T16:24:09Z</time>
			</trkpt>
			<trkpt lat="59.94634181689885" lon="30.358545698575767">
				<ele>1.991955440491438</ele>
				<time>2025-06-30T16:24:11Z</time>
			</trkpt>
			<trkpt lat="59.946346461193635" lon="30.358602947591148">
				<ele>2.8660730104893446</ele>
				<time>2025-06-30T16:24:13Z</time>
			</trkpt>
			<trkpt lat="59.94635007033702" lon="30.358647578348172">
				<ele>1.6183455605059862</ele>
				<time>2025-06-30T16:24:15Z</time>
			</trkpt>
			<trkpt lat="59.94635073535289" lon="30.358697836454954">
				<ele>2.4861957086250186</ele>
				<time>2025-06-30T16:24:17Z</time>
			</trkpt>
			<trkpt lat="59.9463421280888" lon="30.35875195166342">
				<ele>2.101398991420865</ele>
				<time>2025-06-30T16:24:19Z</time>
			</trkpt>
			<trkpt lat="59.946343348261834" lon="30.35880448310973">
				<ele>2.187776488251984</ele>
				<time>2025-06-30T16:24:21Z</time>
			</trkpt>
			<trkpt lat="59.94633753022813" lon="30.35886524090432">
				<ele>3.7763199377804995</ele>
				<time>2025-06-30T16:24:23Z</time>
			</trkpt>
			<trkpt lat="59.946331107104655" lon="30.358919749307567">
				<ele>3.852986505255103</ele>
				<time>2025-06-30T16:24:25Z</time>
			</trkpt>
			<trkpt lat="59.946329781813226" lon="30.358973415556413">
				<ele>3.0488391891121864</ele>
				<time>2025-06-30T16:24:27Z</time>
			</trkpt>
			<trkpt lat="59.94633361487399" lon="30.359028956517477">
				<ele>2.2095109252259135</ele>
				<time>2025-06-30T16:24:30Z</time>
			</trkpt>
			<trkpt lat="59.94633717991987" lon="30.35908990452917">
				<ele>3.2010116493329406</ele>
				<time>2025-06-30T16:24:32Z</time>
			</trkpt>
			<trkpt lat="59.946329635126794" lon="30.35912569805046">
				<ele>2.548813736066222</ele>
				<time>2025-06-30T16:24:33Z</time>
			</trkpt>
			<trkpt lat="59.94632761550591" lon="30.359170071780497">
				<ele>3.0473307874053717</ele>
				<time>2025-06-30T16:24:35Z</time>
			</trkpt>
			<trkpt lat="59.94633073368706" lon="30.35920760911159">
				<ele>4.725862251594663</ele>
				<time>2025-06-30T16:24:36Z</time>
			</trkpt>
			<trkpt lat="59.946336565701145" lon="30.359262260191098">
				<ele>5.099247536621988</ele>
				<time>2025-06-30T16:24:38Z</time>
			</trkpt>
			<trkpt lat="59.94633556610526" lon="30.35931277404927">
				<ele>3.3747156197205186</ele>
				<time>2025-06-30T16:24:40Z</time>
			</trkpt>
			<trkpt lat="59.94634888968077" lon="30.35935018899087">
				<ele>4.530895048752427</ele>
				<time>2025-06-30T16:24:42Z</time>
			</trkpt>
			<trkpt lat="59.94636391130327" lon="30.35938661390622">
				<ele>10.248965539038181</ele>
				<time>2025-06-30T16:24:46Z</time>
			</trkpt>
			<trkpt lat="59.94634239474928" lon="30.359383163174176">
				<ele>9.312295290641487</ele>
				<time>2025-06-30T16:24:48Z</time>
			</trkpt>
			<trkpt lat="59.946318510129224" lon="30.35935079047903">
				<ele>6.723943519406021</ele>
				<time>2025-06-30T16:24:50Z</time>
			</trkpt>
			<trkpt lat="59.94629111217641" lon="30.359326581708785">
				<ele>7.574632466770709</ele>
				<time>2025-06-30T16:24:52Z</time>
			</trkpt>
			<trkpt lat="59.94624937203953" lon="30.35930248491621">
				<ele>7.553133773617446</ele>
				<time>2025-06-30T16:24:54Z</time>
			</trkpt>
			<trkpt lat="59.94622926008057" lon="30.35934238577403">
				<ele>6.892563737928867</ele>
				<time>2025-06-30T16:24:56Z</time>
			</trkpt>
			<trkpt lat="59.946203312332145" lon="30.359342368438618">
				<ele>7.3026313772425056</ele>
				<time>2025-06-30T16:24:58Z</time>
			</trkpt>
			<trkpt lat="59.94616934798117" lon="30.359324491065646">
				<ele>8.552776047959924</ele>
				<time>2025-06-30T16:24:59Z</time>
			</trkpt>
			<trkpt lat="59.94614496114788" lon="30.35929032536629">
				<ele>9.495720008388162</ele>
				<time>2025-06-30T16:25:00Z</time>
			</trkpt>
			<trkpt lat="59.946116698464145" lon="30.359298884244897">
				<ele>7.111033498309553</ele>
				<time>2025-06-30T16:25:03Z</time>
			</trkpt>
			<trkpt lat="59.94609437024687" lon="30.359317638542155">
				<ele>8.299968331120908</ele>
				<time>2025-06-30T16:25:04Z</time>
			</trkpt>
			<trkpt lat="59.946072097315344" lon="30.35931839161848">
				<ele>9.974800943396986</ele>
				<time>2025-06-30T16:25:06Z</time>
			</trkpt>
			<trkpt lat="59.94605297478112" lon="30.359322410429087">
				<ele>10.280346289277077</ele>
				<time>2025-06-30T16:25:07Z</time>
			</trkpt>
		</trkseg>
	</trk>
</gpx>
